timestamp,date,controller,actual_load,forecast_load,charge,discharge,soc,soc_start,soc_end,realized_grid_load,optimized_forecast_grid_load,battery_size,solver_status
2017-12-02 00:00:00,2017-12-02,LightGBM,418.0000000000,410.9978348470,9.0752601127,0.0000000000,374.9982974536,366.3887497592,374.9982974536,427.0752601127,420.0730949597,Medium,0: optimal
2017-12-02 01:00:00,2017-12-02,LightGBM,414.0000000000,410.2109013232,9.8621936366,0.0000000000,384.3543958388,374.9982974536,384.3543958388,423.8621936366,420.0730949597,Medium,0: optimal
2017-12-02 02:00:00,2017-12-02,LightGBM,412.0000000000,411.5828079102,8.4902870495,0.0000000000,392.4089893583,384.3543958388,392.4089893583,420.4902870495,420.0730949597,Medium,0: optimal
2017-12-02 03:00:00,2017-12-02,LightGBM,411.0000000000,405.9802411158,14.0928538439,0.0000000000,405.7786444219,392.4089893583,405.7786444219,425.0928538439,420.0730949597,Medium,0: optimal
2017-12-02 04:00:00,2017-12-02,LightGBM,411.0000000000,405.8497185993,14.2233763604,0.0000000000,419.2721240169,405.7786444219,419.2721240169,425.2233763604,420.0730949597,Medium,0: optimal
2017-12-02 05:00:00,2017-12-02,LightGBM,409.0000000000,406.1324660205,13.9406289393,0.0000000000,432.4973658559,419.2721240169,432.4973658559,422.9406289393,420.0730949597,Medium,0: optimal
2017-12-02 06:00:00,2017-12-02,LightGBM,412.0000000000,405.1785999489,14.8944950109,0.0000000000,446.6275245056,432.4973658559,446.6275245056,426.8944950109,420.0730949597,Medium,0: optimal
2017-12-02 07:00:00,2017-12-02,LightGBM,410.0000000000,404.8366575171,15.2364374426,0.0000000000,461.0820782292,446.6275245056,461.0820782292,425.2364374426,420.0730949597,Medium,0: optimal
2017-12-02 08:00:00,2017-12-02,LightGBM,409.0000000000,407.8932123202,12.1798826395,0.0000000000,472.6369294616,461.0820782292,472.6369294616,421.1798826395,420.0730949597,Medium,0: optimal
2017-12-02 09:00:00,2017-12-02,LightGBM,408.0000000000,415.0026789027,5.0704160570,0.0000000000,477.4471484890,472.6369294616,477.4471484890,413.0704160570,420.0730949597,Medium,0: optimal
2017-12-02 10:00:00,2017-12-02,LightGBM,417.0000000000,422.0200760122,0.0000000000,1.9469810525,475.3948502600,477.4471484890,475.3948502600,415.0530189475,420.0730949597,Medium,0: optimal
2017-12-02 11:00:00,2017-12-02,LightGBM,421.0000000000,427.4959306401,0.0000000000,7.4228356804,467.5704944443,475.3948502600,467.5704944443,413.5771643196,420.0730949597,Medium,0: optimal
2017-12-02 12:00:00,2017-12-02,LightGBM,418.0000000000,429.4332728164,0.0000000000,9.3601778567,457.7040006671,467.5704944443,457.7040006671,408.6398221433,420.0730949597,Medium,0: optimal
2017-12-02 13:00:00,2017-12-02,LightGBM,420.0000000000,432.0973892505,0.0000000000,12.0242942908,445.0292815954,457.7040006671,445.0292815954,407.9757057092,420.0730949597,Medium,0: optimal
2017-12-02 14:00:00,2017-12-02,LightGBM,425.0000000000,433.2124638268,0.0000000000,13.1393688671,431.1791707164,445.0292815954,431.1791707164,411.8606311329,420.0730949597,Medium,0: optimal
2017-12-02 15:00:00,2017-12-02,LightGBM,424.0000000000,435.8363249562,0.0000000000,15.7632299965,414.5632673597,431.1791707164,414.5632673597,408.2367700035,420.0730949597,Medium,0: optimal
2017-12-02 16:00:00,2017-12-02,LightGBM,426.0000000000,435.8779185353,0.0000000000,15.8048235755,397.9035205211,414.5632673597,397.9035205211,410.1951764245,420.0730949597,Medium,0: optimal
2017-12-02 17:00:00,2017-12-02,LightGBM,423.0000000000,435.3036692425,0.0000000000,15.2305742827,381.8490855859,397.9035205211,381.8490855859,407.7694257173,420.0730949597,Medium,0: optimal
2017-12-02 18:00:00,2017-12-02,LightGBM,423.0000000000,431.2986410214,0.0000000000,11.2255460617,370.0163210745,381.8490855859,370.0163210745,411.7744539383,420.0730949597,Medium,0: optimal
2017-12-02 19:00:00,2017-12-02,LightGBM,419.0000000000,427.3728609713,0.0000000000,7.2997660115,362.3216920803,370.0163210745,362.3216920803,411.7002339885,420.0730949597,Medium,0: optimal
2017-12-02 20:00:00,2017-12-02,LightGBM,416.0000000000,425.3042242159,0.0000000000,5.2311292561,356.8075976856,362.3216920803,356.8075976856,410.7688707439,420.0730949597,Medium,0: optimal
2017-12-02 21:00:00,2017-12-02,LightGBM,416.0000000000,419.0199789170,1.0531160427,0.0000000000,357.8066712862,356.8075976856,357.8066712862,417.0531160427,420.0730949597,Medium,0: optimal
2017-12-02 22:00:00,2017-12-02,LightGBM,409.0000000000,417.9533383870,2.1197565728,0.0000000000,359.8176489427,357.8066712862,359.8176489427,411.1197565728,420.0730949597,Medium,0: optimal
2017-12-02 23:00:00,2017-12-02,LightGBM,407.0000000000,413.1465465215,6.9265484382,0.0000000000,366.3887497592,359.8176489427,366.3887497592,413.9265484382,420.0730949597,Medium,0: optimal
2017-12-03 00:00:00,2017-12-03,LightGBM,407.0000000000,412.5417680515,0.9522006944,0.0000000000,367.2920866544,366.3887497592,367.2920866544,407.9522006944,413.4939687459,Medium,0: optimal
2017-12-03 01:00:00,2017-12-03,LightGBM,408.0000000000,408.6047060864,4.8892626596,0.0000000000,371.9304484793,367.2920866544,371.9304484793,412.8892626596,413.4939687459,Medium,0: optimal
2017-12-03 02:00:00,2017-12-03,LightGBM,411.0000000000,408.3996007045,5.0943680414,0.0000000000,376.7633903543,371.9304484793,376.7633903543,416.0943680414,413.4939687459,Medium,0: optimal
2017-12-03 03:00:00,2017-12-03,LightGBM,410.0000000000,405.0418331801,8.4521355658,0.0000000000,384.7817901984,376.7633903543,384.7817901984,418.4521355658,413.4939687459,Medium,0: optimal
2017-12-03 04:00:00,2017-12-03,LightGBM,413.0000000000,404.4511197609,9.0428489850,0.0000000000,393.3605899973,384.7817901984,393.3605899973,422.0428489850,413.4939687459,Medium,0: optimal
2017-12-03 05:00:00,2017-12-03,LightGBM,410.0000000000,405.0895895106,8.4043792353,0.0000000000,401.3336842083,393.3605899973,401.3336842083,418.4043792353,413.4939687459,Medium,0: optimal
2017-12-03 06:00:00,2017-12-03,LightGBM,411.0000000000,405.2631967021,8.2307720439,0.0000000000,409.1420801764,401.3336842083,409.1420801764,419.2307720439,413.4939687459,Medium,0: optimal
2017-12-03 07:00:00,2017-12-03,LightGBM,410.0000000000,403.7094702763,9.7844984697,0.0000000000,418.4244704544,409.1420801764,418.4244704544,419.7844984697,413.4939687459,Medium,0: optimal
2017-12-03 08:00:00,2017-12-03,LightGBM,409.0000000000,404.0964945458,9.3974742002,0.0000000000,427.3396972719,418.4244704544,427.3396972719,418.3974742002,413.4939687459,Medium,0: optimal
2017-12-03 09:00:00,2017-12-03,LightGBM,411.0000000000,405.3965818277,8.0973869182,0.0000000000,435.0215529991,427.3396972719,435.0215529991,419.0973869182,413.4939687459,Medium,0: optimal
2017-12-03 10:00:00,2017-12-03,LightGBM,413.0000000000,408.8994402576,4.5945284883,0.0000000000,439.3803054383,435.0215529991,439.3803054383,417.5945284883,413.4939687459,Medium,0: optimal
2017-12-03 11:00:00,2017-12-03,LightGBM,414.0000000000,415.4381093756,0.0000000000,1.9441406297,437.3310012779,439.3803054383,437.3310012779,412.0558593703,413.4939687459,Medium,0: optimal
2017-12-03 12:00:00,2017-12-03,LightGBM,419.0000000000,416.4006565455,0.0000000000,2.9066877996,434.2670833133,437.3310012779,434.2670833133,416.0933122004,413.4939687459,Medium,0: optimal
2017-12-03 13:00:00,2017-12-03,LightGBM,420.0000000000,416.8142891434,0.0000000000,3.3203203975,430.7671583074,434.2670833133,430.7671583074,416.6796796025,413.4939687459,Medium,0: optimal
2017-12-03 14:00:00,2017-12-03,LightGBM,424.0000000000,423.7257477219,0.0000000000,10.2317789760,419.9819162809,430.7671583074,419.9819162809,413.7682210240,413.4939687459,Medium,0: optimal
2017-12-03 15:00:00,2017-12-03,LightGBM,432.0000000000,424.4672646241,0.0000000000,10.9732958782,408.4150468095,419.9819162809,408.4150468095,421.0267041218,413.4939687459,Medium,0: optimal
2017-12-03 16:00:00,2017-12-03,LightGBM,431.0000000000,426.8293744882,0.0000000000,13.3354057423,394.3582949201,408.4150468095,394.3582949201,417.6645942577,413.4939687459,Medium,0: optimal
2017-12-03 17:00:00,2017-12-03,LightGBM,430.0000000000,426.2903477530,0.0000000000,12.7963790071,380.8697270985,394.3582949201,380.8697270985,417.2036209929,413.4939687459,Medium,0: optimal
2017-12-03 18:00:00,2017-12-03,LightGBM,427.0000000000,423.6628634820,0.0000000000,10.1688947361,370.1507708809,380.8697270985,370.1507708809,416.8311052639,413.4939687459,Medium,0: optimal
2017-12-03 19:00:00,2017-12-03,LightGBM,429.0000000000,419.8266913074,0.0000000000,6.3327225615,363.4754951862,370.1507708809,363.4754951862,422.6672774385,413.4939687459,Medium,0: optimal
2017-12-03 20:00:00,2017-12-03,LightGBM,424.0000000000,418.0327050394,0.0000000000,4.5387362934,358.6912470575,363.4754951862,358.6912470575,419.4612637066,413.4939687459,Medium,0: optimal
2017-12-03 21:00:00,2017-12-03,LightGBM,418.0000000000,412.8081595940,0.6858091519,0.0000000000,359.3418627455,358.6912470575,359.3418627455,418.6858091519,413.4939687459,Medium,0: optimal
2017-12-03 22:00:00,2017-12-03,LightGBM,420.0000000000,410.6469589170,2.8470098289,0.0000000000,362.0427734196,359.3418627455,362.0427734196,422.8470098289,413.4939687459,Medium,0: optimal
2017-12-03 23:00:00,2017-12-03,LightGBM,418.0000000000,408.9129074491,4.5810612968,0.0000000000,366.3887497592,362.0427734196,366.3887497592,422.5810612968,413.4939687459,Medium,0: optimal
2017-12-04 00:00:00,2017-12-04,LightGBM,413.0000000000,406.1371718901,26.5769531084,0.0000000000,391.6018612862,366.3887497592,391.6018612862,439.5769531084,432.7141249985,Medium,0: optimal
2017-12-04 01:00:00,2017-12-04,LightGBM,412.0000000000,406.2641119573,26.4500130412,0.0000000000,416.6945468916,391.6018612862,416.6945468916,438.4500130412,432.7141249985,Medium,0: optimal
2017-12-04 02:00:00,2017-12-04,LightGBM,412.0000000000,407.2838911737,25.4302338248,0.0000000000,440.8197849866,416.6945468916,440.8197849866,437.4302338248,432.7141249985,Medium,0: optimal
2017-12-04 03:00:00,2017-12-04,LightGBM,404.0000000000,405.5968544493,27.1172705492,0.0000000000,466.5454866453,440.8197849866,466.5454866453,431.1172705492,432.7141249985,Medium,0: optimal
2017-12-04 04:00:00,2017-12-04,LightGBM,396.0000000000,406.1754134454,26.5387115531,0.0000000000,491.7223190475,466.5454866453,491.7223190475,422.5387115531,432.7141249985,Medium,0: optimal
2017-12-04 05:00:00,2017-12-04,LightGBM,394.0000000000,405.7702996868,26.9438253116,0.0000000000,517.2834761063,491.7223190475,517.2834761063,420.9438253116,432.7141249985,Medium,0: optimal
2017-12-04 06:00:00,2017-12-04,LightGBM,398.0000000000,406.3693868341,26.3447381644,0.0000000000,542.2762891943,517.2834761063,542.2762891943,424.3447381644,432.7141249985,Medium,0: optimal
2017-12-04 07:00:00,2017-12-04,LightGBM,403.0000000000,407.0174794275,25.6966455710,0.0000000000,566.6542676634,542.2762891943,566.6542676634,428.6966455710,432.7141249985,Medium,0: optimal
2017-12-04 08:00:00,2017-12-04,LightGBM,407.0000000000,411.4990222325,21.2151027660,0.0000000000,586.7806813240,566.6542676634,586.7806813240,428.2151027660,432.7141249985,Medium,0: optimal
2017-12-04 09:00:00,2017-12-04,LightGBM,415.0000000000,424.4986505879,8.2154744106,0.0000000000,594.5745646829,586.7806813240,594.5745646829,423.2154744106,432.7141249985,Medium,0: optimal
2017-12-04 10:00:00,2017-12-04,LightGBM,435.0000000000,445.2456575815,0.0000000000,12.5315325830,581.3651695045,594.5745646829,581.3651695045,422.4684674170,432.7141249985,Medium,0: optimal
2017-12-04 11:00:00,2017-12-04,LightGBM,447.0000000000,455.9783368092,0.0000000000,23.2642118107,556.8425370744,581.3651695045,556.8425370744,423.7357881893,432.7141249985,Medium,0: optimal
2017-12-04 12:00:00,2017-12-04,LightGBM,457.0000000000,458.7255557005,0.0000000000,26.0114307020,529.4240816685,556.8425370744,529.4240816685,430.9885692980,432.7141249985,Medium,0: optimal
2017-12-04 13:00:00,2017-12-04,LightGBM,462.0000000000,456.3111800445,0.0000000000,23.5970550460,504.5506016625,529.4240816685,504.5506016625,438.4029449540,432.7141249985,Medium,0: optimal
2017-12-04 14:00:00,2017-12-04,LightGBM,463.0000000000,461.6138819959,0.0000000000,28.8997569974,474.0875830168,504.5506016625,474.0875830168,434.1002430026,432.7141249985,Medium,0: optimal
2017-12-04 15:00:00,2017-12-04,LightGBM,463.0000000000,468.2004958020,0.0000000000,35.4863708035,436.6816638060,474.0875830168,436.6816638060,427.5136291965,432.7141249985,Medium,0: optimal
2017-12-04 16:00:00,2017-12-04,LightGBM,462.0000000000,466.6498172281,0.0000000000,33.9356922296,400.9103033326,436.6816638060,400.9103033326,428.0643077704,432.7141249985,Medium,0: optimal
2017-12-04 17:00:00,2017-12-04,LightGBM,465.0000000000,462.3552444700,0.0000000000,29.6411194715,369.6658200235,400.9103033326,369.6658200235,435.3588805285,432.7141249985,Medium,0: optimal
2017-12-04 18:00:00,2017-12-04,LightGBM,460.0000000000,448.6330308534,0.0000000000,15.9189058549,352.8858199037,369.6658200235,352.8858199037,444.0810941451,432.7141249985,Medium,0: optimal
2017-12-04 19:00:00,2017-12-04,LightGBM,450.0000000000,441.0056363848,0.0000000000,8.2915113863,344.1457994951,352.8858199037,344.1457994951,441.7084886137,432.7141249985,Medium,0: optimal
2017-12-04 20:00:00,2017-12-04,LightGBM,442.0000000000,434.3265847261,0.0000000000,1.6124597277,342.4461177035,344.1457994951,342.4461177035,440.3875402723,432.7141249985,Medium,0: optimal
2017-12-04 21:00:00,2017-12-04,LightGBM,437.0000000000,431.4865351334,1.2275898650,0.0000000000,343.6107117053,342.4461177035,343.6107117053,438.2275898650,432.7141249985,Medium,0: optimal
2017-12-04 22:00:00,2017-12-04,LightGBM,435.0000000000,422.3669434271,10.3471815714,0.0000000000,353.4269100440,343.6107117053,353.4269100440,445.3471815714,432.7141249985,Medium,0: optimal
2017-12-04 23:00:00,2017-12-04,LightGBM,432.0000000000,419.0511462765,13.6629787220,0.0000000000,366.3887497592,353.4269100440,366.3887497592,445.6629787220,432.7141249985,Medium,0: optimal
2017-12-05 00:00:00,2017-12-05,LightGBM,428.0000000000,418.4975028514,21.0262730735,0.0000000000,386.3360238443,366.3887497592,386.3360238443,449.0262730735,439.5237759250,Medium,0: optimal
2017-12-05 01:00:00,2017-12-05,LightGBM,427.0000000000,415.5697657045,23.9540102204,0.0000000000,409.0607932618,386.3360238443,409.0607932618,450.9540102204,439.5237759250,Medium,0: optimal
2017-12-05 02:00:00,2017-12-05,LightGBM,421.0000000000,415.4410731257,24.0827027993,0.0000000000,431.9076511794,409.0607932618,431.9076511794,445.0827027993,439.5237759250,Medium,0: optimal
2017-12-05 03:00:00,2017-12-05,LightGBM,418.0000000000,412.5255476182,26.9982283068,0.0000000000,457.5204194510,431.9076511794,457.5204194510,444.9982283068,439.5237759250,Medium,0: optimal
2017-12-05 04:00:00,2017-12-05,LightGBM,412.0000000000,414.9806960324,24.5430798926,0.0000000000,480.8040294278,457.5204194510,480.8040294278,436.5430798926,439.5237759250,Medium,0: optimal
2017-12-05 05:00:00,2017-12-05,LightGBM,415.0000000000,412.6071462887,26.9166296363,0.0000000000,506.3393864035,480.8040294278,506.3393864035,441.9166296363,439.5237759250,Medium,0: optimal
2017-12-05 06:00:00,2017-12-05,LightGBM,409.0000000000,416.0757744844,23.4480014405,0.0000000000,528.5841137428,506.3393864035,528.5841137428,432.4480014405,439.5237759250,Medium,0: optimal
2017-12-05 07:00:00,2017-12-05,LightGBM,415.0000000000,418.5713165536,20.9524593713,0.0000000000,548.4613620015,528.5841137428,548.4613620015,435.9524593713,439.5237759250,Medium,0: optimal
2017-12-05 08:00:00,2017-12-05,LightGBM,415.0000000000,424.3693018460,15.1544740790,0.0000000000,562.8381584509,548.4613620015,562.8381584509,430.1544740790,439.5237759250,Medium,0: optimal
2017-12-05 09:00:00,2017-12-05,LightGBM,437.0000000000,430.8973480397,8.6264278853,0.0000000000,571.0219065075,562.8381584509,571.0219065075,445.6264278853,439.5237759250,Medium,0: optimal
2017-12-05 10:00:00,2017-12-05,LightGBM,444.0000000000,451.6411144985,0.0000000000,12.1173385736,558.2491101502,571.0219065075,558.2491101502,431.8826614264,439.5237759250,Medium,0: optimal
2017-12-05 11:00:00,2017-12-05,LightGBM,459.0000000000,462.5567307941,0.0000000000,23.0329548691,533.9702439401,558.2491101502,533.9702439401,435.9670451309,439.5237759250,Medium,0: optimal
2017-12-05 12:00:00,2017-12-05,LightGBM,465.0000000000,465.8347556975,0.0000000000,26.3109797725,506.2360360895,533.9702439401,506.2360360895,438.6890202275,439.5237759250,Medium,0: optimal
2017-12-05 13:00:00,2017-12-05,LightGBM,469.0000000000,465.5562972511,0.0000000000,26.0325213262,478.7953492136,506.2360360895,478.7953492136,442.9674786738,439.5237759250,Medium,0: optimal
2017-12-05 14:00:00,2017-12-05,LightGBM,467.0000000000,467.8250080451,0.0000000000,28.3012321201,448.9632311841,478.7953492136,448.9632311841,438.6987678799,439.5237759250,Medium,0: optimal
2017-12-05 15:00:00,2017-12-05,LightGBM,468.0000000000,467.1842203337,0.0000000000,27.6604444088,419.8065627093,448.9632311841,419.8065627093,440.3395555912,439.5237759250,Medium,0: optimal
2017-12-05 16:00:00,2017-12-05,LightGBM,470.0000000000,463.7337582619,0.0000000000,24.2099823369,394.2870006103,419.8065627093,394.2870006103,445.7900176631,439.5237759250,Medium,0: optimal
2017-12-05 17:00:00,2017-12-05,LightGBM,471.0000000000,464.3073588318,0.0000000000,24.7835829068,368.1628104219,394.2870006103,368.1628104219,446.2164170932,439.5237759250,Medium,0: optimal
2017-12-05 18:00:00,2017-12-05,LightGBM,466.0000000000,456.4981124838,0.0000000000,16.9743365589,350.2702886565,368.1628104219,350.2702886565,449.0256634411,439.5237759250,Medium,0: optimal
2017-12-05 19:00:00,2017-12-05,LightGBM,451.0000000000,448.9023281985,0.0000000000,9.3785522735,340.3844265434,350.2702886565,340.3844265434,441.6214477265,439.5237759250,Medium,0: optimal
2017-12-05 20:00:00,2017-12-05,LightGBM,445.0000000000,438.2762717705,1.2475041545,0.0000000000,341.5679128990,340.3844265434,341.5679128990,446.2475041545,439.5237759250,Medium,0: optimal
2017-12-05 21:00:00,2017-12-05,LightGBM,435.0000000000,431.5351539972,7.9886219278,0.0000000000,349.1465850963,341.5679128990,349.1465850963,442.9886219278,439.5237759250,Medium,0: optimal
2017-12-05 22:00:00,2017-12-05,LightGBM,427.0000000000,430.5763286947,8.9474472303,0.0000000000,357.6348788439,349.1465850963,357.6348788439,435.9474472303,439.5237759250,Medium,0: optimal
2017-12-05 23:00:00,2017-12-05,LightGBM,424.0000000000,430.2963857798,9.2273901452,0.0000000000,366.3887497592,357.6348788439,366.3887497592,433.2273901452,439.5237759250,Medium,0: optimal
2017-12-06 00:00:00,2017-12-06,LightGBM,421.0000000000,427.6568034453,14.3908013386,0.0000000000,380.0410626347,366.3887497592,380.0410626347,435.3908013386,442.0476047839,Medium,0: optimal
2017-12-06 01:00:00,2017-12-06,LightGBM,422.0000000000,426.4119575329,15.6356472511,0.0000000000,394.8743400360,380.0410626347,394.8743400360,437.6356472511,442.0476047839,Medium,0: optimal
2017-12-06 02:00:00,2017-12-06,LightGBM,417.0000000000,421.4594574894,20.5881472946,0.0000000000,414.4059715122,394.8743400360,414.4059715122,437.5881472946,442.0476047839,Medium,0: optimal
2017-12-06 03:00:00,2017-12-06,LightGBM,415.0000000000,417.1099003420,24.9377044419,0.0000000000,438.0639552080,414.4059715122,438.0639552080,439.9377044419,442.0476047839,Medium,0: optimal
2017-12-06 04:00:00,2017-12-06,LightGBM,416.0000000000,412.8081657413,29.2394390427,0.0000000000,465.8029226721,438.0639552080,465.8029226721,445.2394390427,442.0476047839,Medium,0: optimal
2017-12-06 05:00:00,2017-12-06,LightGBM,416.0000000000,410.7134703445,31.3341344395,0.0000000000,495.5290926737,465.8029226721,495.5290926737,447.3341344395,442.0476047839,Medium,0: optimal
2017-12-06 06:00:00,2017-12-06,LightGBM,415.0000000000,409.7932248341,32.2543799498,0.0000000000,526.1282842210,495.5290926737,526.1282842210,447.2543799498,442.0476047839,Medium,0: optimal
2017-12-06 07:00:00,2017-12-06,LightGBM,418.0000000000,416.1776041782,25.8700006057,0.0000000000,550.6707217163,526.1282842210,550.6707217163,443.8700006057,442.0476047839,Medium,0: optimal
2017-12-06 08:00:00,2017-12-06,LightGBM,428.0000000000,418.7871662624,23.2604385215,0.0000000000,572.7375112470,550.6707217163,572.7375112470,451.2604385215,442.0476047839,Medium,0: optimal
2017-12-06 09:00:00,2017-12-06,LightGBM,430.0000000000,438.0740227333,3.9735820506,0.0000000000,576.5071821718,572.7375112470,576.5071821718,433.9735820506,442.0476047839,Medium,0: optimal
2017-12-06 10:00:00,2017-12-06,LightGBM,450.0000000000,451.5168951306,0.0000000000,9.4692903467,566.5256737315,576.5071821718,566.5256737315,440.5307096533,442.0476047839,Medium,0: optimal
2017-12-06 11:00:00,2017-12-06,LightGBM,463.0000000000,461.9874191648,0.0000000000,19.9398143809,545.5072638767,566.5256737315,545.5072638767,443.0601856191,442.0476047839,Medium,0: optimal
2017-12-06 12:00:00,2017-12-06,LightGBM,468.0000000000,466.6915346270,0.0000000000,24.6439298431,519.5302809428,545.5072638767,519.5302809428,443.3560701569,442.0476047839,Medium,0: optimal
2017-12-06 13:00:00,2017-12-06,LightGBM,467.0000000000,469.7620396468,0.0000000000,27.7144348629,490.3167015325,519.5302809428,490.3167015325,439.2855651371,442.0476047839,Medium,0: optimal
2017-12-06 14:00:00,2017-12-06,LightGBM,472.0000000000,468.6244293441,0.0000000000,26.5768245601,462.3022686709,490.3167015325,462.3022686709,445.4231754399,442.0476047839,Medium,0: optimal
2017-12-06 15:00:00,2017-12-06,LightGBM,475.0000000000,471.8728369885,0.0000000000,29.8252322045,430.8637135010,462.3022686709,430.8637135010,445.1747677955,442.0476047839,Medium,0: optimal
2017-12-06 16:00:00,2017-12-06,LightGBM,471.0000000000,469.9331361403,0.0000000000,27.8855313563,401.4697825510,430.8637135010,401.4697825510,443.1144686437,442.0476047839,Medium,0: optimal
2017-12-06 17:00:00,2017-12-06,LightGBM,468.0000000000,469.3476278229,0.0000000000,27.3000230389,372.6930315583,401.4697825510,372.6930315583,440.6999769611,442.0476047839,Medium,0: optimal
2017-12-06 18:00:00,2017-12-06,LightGBM,457.0000000000,465.2781205134,0.0000000000,23.2305157295,348.2059179164,372.6930315583,348.2059179164,433.7694842705,442.0476047839,Medium,0: optimal
2017-12-06 19:00:00,2017-12-06,LightGBM,449.0000000000,452.7141608693,0.0000000000,10.6665560853,336.9623805766,348.2059179164,336.9623805766,438.3334439147,442.0476047839,Medium,0: optimal
2017-12-06 20:00:00,2017-12-06,LightGBM,438.0000000000,441.9283171099,0.1192876740,0.0000000000,337.0755468006,336.9623805766,337.0755468006,438.1192876740,442.0476047839,Medium,0: optimal
2017-12-06 21:00:00,2017-12-06,LightGBM,427.0000000000,435.2435537131,6.8040510708,0.0000000000,343.5304364106,337.0755468006,343.5304364106,433.8040510708,442.0476047839,Medium,0: optimal
2017-12-06 22:00:00,2017-12-06,LightGBM,421.0000000000,432.5651575026,9.4824472814,0.0000000000,352.5262757710,343.5304364106,352.5262757710,430.4824472814,442.0476047839,Medium,0: optimal
2017-12-06 23:00:00,2017-12-06,LightGBM,420.0000000000,427.4352741815,14.6123306025,0.0000000000,366.3887497592,352.5262757710,366.3887497592,434.6123306025,442.0476047839,Medium,0: optimal
2017-12-07 00:00:00,2017-12-07,LightGBM,415.0000000000,424.0430249483,18.2663290947,0.0000000000,383.7177110880,366.3887497592,383.7177110880,433.2663290947,442.3093540429,Medium,0: optimal
2017-12-07 01:00:00,2017-12-07,LightGBM,414.0000000000,422.5693528193,19.7400012237,0.0000000000,402.4447205524,383.7177110880,402.4447205524,433.7400012237,442.3093540429,Medium,0: optimal
2017-12-07 02:00:00,2017-12-07,LightGBM,410.0000000000,417.0434045516,25.2659494913,0.0000000000,426.4141048442,402.4447205524,426.4141048442,435.2659494913,442.3093540429,Medium,0: optimal
2017-12-07 03:00:00,2017-12-07,LightGBM,409.0000000000,414.2515031574,28.0578508855,0.0000000000,453.0321193585,426.4141048442,453.0321193585,437.0578508855,442.3093540429,Medium,0: optimal
2017-12-07 04:00:00,2017-12-07,LightGBM,410.0000000000,413.0757261096,29.2336279333,0.0000000000,480.7655739202,453.0321193585,480.7655739202,439.2336279333,442.3093540429,Medium,0: optimal
2017-12-07 05:00:00,2017-12-07,LightGBM,409.0000000000,413.1809866265,29.1283674164,0.0000000000,508.3991695876,480.7655739202,508.3991695876,438.1283674164,442.3093540429,Medium,0: optimal
2017-12-07 06:00:00,2017-12-07,LightGBM,406.0000000000,413.1490253464,29.1603286965,0.0000000000,536.0630863877,508.3991695876,536.0630863877,435.1603286965,442.3093540429,Medium,0: optimal
2017-12-07 07:00:00,2017-12-07,LightGBM,411.0000000000,417.9618045481,24.3475494948,0.0000000000,559.1611999419,536.0630863877,559.1611999419,435.3475494948,442.3093540429,Medium,0: optimal
2017-12-07 08:00:00,2017-12-07,LightGBM,423.0000000000,430.2665531672,12.0428008757,0.0000000000,570.5860039944,559.1611999419,570.5860039944,435.0428008757,442.3093540429,Medium,0: optimal
2017-12-07 09:00:00,2017-12-07,LightGBM,436.0000000000,438.8282776811,3.4810763618,0.0000000000,573.8884429981,570.5860039944,573.8884429981,439.4810763618,442.3093540429,Medium,0: optimal
2017-12-07 10:00:00,2017-12-07,LightGBM,453.0000000000,453.9398471657,0.0000000000,11.6304931228,561.6288268051,573.8884429981,561.6288268051,441.3695068772,442.3093540429,Medium,0: optimal
2017-12-07 11:00:00,2017-12-07,LightGBM,462.0000000000,462.5596835547,0.0000000000,20.2503295118,540.2831052631,561.6288268051,540.2831052631,441.7496704882,442.3093540429,Medium,0: optimal
2017-12-07 12:00:00,2017-12-07,LightGBM,470.0000000000,469.9508279944,0.0000000000,27.6414739515,511.1464334061,540.2831052631,511.1464334061,442.3585260485,442.3093540429,Medium,0: optimal
2017-12-07 13:00:00,2017-12-07,LightGBM,471.0000000000,470.4242320669,0.0000000000,28.1148780240,481.5107498415,511.1464334061,481.5107498415,442.8851219760,442.3093540429,Medium,0: optimal
2017-12-07 14:00:00,2017-12-07,LightGBM,476.0000000000,472.6891357814,0.0000000000,30.3797817385,449.4876481373,481.5107498415,449.4876481373,445.6202182615,442.3093540429,Medium,0: optimal
2017-12-07 15:00:00,2017-12-07,LightGBM,483.0000000000,477.3461097348,0.0000000000,35.0367556919,412.5556648676,449.4876481373,412.5556648676,447.9632443081,442.3093540429,Medium,0: optimal
2017-12-07 16:00:00,2017-12-07,LightGBM,480.0000000000,474.4543624304,0.0000000000,32.1450083875,378.6718508977,412.5556648676,378.6718508977,447.8549916125,442.3093540429,Medium,0: optimal
2017-12-07 17:00:00,2017-12-07,LightGBM,474.0000000000,470.6558082756,0.0000000000,28.3464542327,348.7920645761,378.6718508977,348.7920645761,445.6535457673,442.3093540429,Medium,0: optimal
2017-12-07 18:00:00,2017-12-07,LightGBM,464.0000000000,457.9551472718,0.0000000000,15.6457932288,332.2999504417,348.7920645761,332.2999504417,448.3542067712,442.3093540429,Medium,0: optimal
2017-12-07 19:00:00,2017-12-07,LightGBM,450.0000000000,448.7703148429,0.0000000000,6.4609608000,325.4894997747,332.2999504417,325.4894997747,443.5390392000,442.3093540429,Medium,0: optimal
2017-12-07 20:00:00,2017-12-07,LightGBM,437.0000000000,440.0258730418,2.2834810011,0.0000000000,327.6558000619,325.4894997747,327.6558000619,439.2834810011,442.3093540429,Medium,0: optimal
2017-12-07 21:00:00,2017-12-07,LightGBM,433.0000000000,435.1152215856,7.1941324573,0.0000000000,334.4807533681,327.6558000619,334.4807533681,440.1941324573,442.3093540429,Medium,0: optimal
2017-12-07 22:00:00,2017-12-07,LightGBM,425.0000000000,427.9823687244,14.3269853185,0.0000000000,348.0725250512,334.4807533681,348.0725250512,439.3269853185,442.3093540429,Medium,0: optimal
2017-12-07 23:00:00,2017-12-07,LightGBM,423.0000000000,423.0023579720,19.3069960709,0.0000000000,366.3887497592,348.0725250512,366.3887497592,442.3069960709,442.3093540429,Medium,0: optimal
2017-12-08 00:00:00,2017-12-08,LightGBM,420.0000000000,414.6663240285,22.3187834495,0.0000000000,387.5622068506,366.3887497592,387.5622068506,442.3187834495,436.9851074780,Medium,0: optimal
2017-12-08 01:00:00,2017-12-08,LightGBM,418.0000000000,411.1320592368,25.8530482413,0.0000000000,412.0885619208,387.5622068506,412.0885619208,443.8530482413,436.9851074780,Medium,0: optimal
2017-12-08 02:00:00,2017-12-08,LightGBM,414.0000000000,409.7481784993,27.2369289787,0.0000000000,437.9277815331,412.0885619208,437.9277815331,441.2369289787,436.9851074780,Medium,0: optimal
2017-12-08 03:00:00,2017-12-08,LightGBM,412.0000000000,408.1946323300,28.7904751481,0.0000000000,465.2408244490,437.9277815331,465.2408244490,440.7904751481,436.9851074780,Medium,0: optimal
2017-12-08 04:00:00,2017-12-08,LightGBM,410.0000000000,409.5803047476,27.4048027304,0.0000000000,491.2393030857,465.2408244490,491.2393030857,437.4048027304,436.9851074780,Medium,0: optimal
2017-12-08 05:00:00,2017-12-08,LightGBM,413.0000000000,409.9277072097,27.0574002683,0.0000000000,516.9082068089,491.2393030857,516.9082068089,440.0574002683,436.9851074780,Medium,0: optimal
2017-12-08 06:00:00,2017-12-08,LightGBM,413.0000000000,408.8348934780,28.1502140000,0.0000000000,543.6138446673,516.9082068089,543.6138446673,441.1502140000,436.9851074780,Medium,0: optimal
2017-12-08 07:00:00,2017-12-08,LightGBM,419.0000000000,410.7110976969,26.2740097811,0.0000000000,568.5395589195,543.6138446673,568.5395589195,445.2740097811,436.9851074780,Medium,0: optimal
2017-12-08 08:00:00,2017-12-08,LightGBM,421.0000000000,416.8492386580,20.1358688200,0.0000000000,587.6421213607,568.5395589195,587.6421213607,441.1358688200,436.9851074780,Medium,0: optimal
2017-12-08 09:00:00,2017-12-08,LightGBM,443.0000000000,429.8203353873,7.1647720908,0.0000000000,594.4392209776,587.6421213607,594.4392209776,450.1647720908,436.9851074780,Medium,0: optimal
2017-12-08 10:00:00,2017-12-08,LightGBM,454.0000000000,445.5396639039,0.0000000000,8.5545564258,585.4219267516,594.4392209776,585.4219267516,445.4454435742,436.9851074780,Medium,0: optimal
2017-12-08 11:00:00,2017-12-08,LightGBM,470.0000000000,461.5482419645,0.0000000000,24.5631344864,559.5301096015,585.4219267516,559.5301096015,445.4368655136,436.9851074780,Medium,0: optimal
2017-12-08 12:00:00,2017-12-08,LightGBM,469.0000000000,467.1748385792,0.0000000000,30.1897311011,527.7073388589,559.5301096015,527.7073388589,438.8102688989,436.9851074780,Medium,0: optimal
2017-12-08 13:00:00,2017-12-08,LightGBM,473.0000000000,468.5459023362,0.0000000000,31.5607948581,494.4393400199,527.7073388589,494.4393400199,441.4392051419,436.9851074780,Medium,0: optimal
2017-12-08 14:00:00,2017-12-08,LightGBM,477.0000000000,471.6539426140,0.0000000000,34.6688351360,457.8951790684,494.4393400199,457.8951790684,442.3311648640,436.9851074780,Medium,0: optimal
2017-12-08 15:00:00,2017-12-08,LightGBM,479.0000000000,474.3908654011,0.0000000000,37.4057579231,418.4660481878,457.8951790684,418.4660481878,441.5942420769,436.9851074780,Medium,0: optimal
2017-12-08 16:00:00,2017-12-08,LightGBM,483.0000000000,473.4128790028,0.0000000000,36.4277715248,380.0678054869,418.4660481878,380.0678054869,446.5722284752,436.9851074780,Medium,0: optimal
2017-12-08 17:00:00,2017-12-08,LightGBM,474.0000000000,468.3626230586,0.0000000000,31.3775155805,346.9929999696,380.0678054869,346.9929999696,442.6224844195,436.9851074780,Medium,0: optimal
2017-12-08 18:00:00,2017-12-08,LightGBM,458.0000000000,458.2694048159,0.0000000000,21.2842973379,324.5573806417,346.9929999696,324.5573806417,436.7157026621,436.9851074780,Medium,0: optimal
2017-12-08 19:00:00,2017-12-08,LightGBM,444.0000000000,445.4991418970,0.0000000000,8.5140344190,315.5828003613,324.5573806417,315.5828003613,435.4859655810,436.9851074780,Medium,0: optimal
2017-12-08 20:00:00,2017-12-08,LightGBM,431.0000000000,432.3470262112,4.6380812669,0.0000000000,319.9828705942,315.5828003613,319.9828705942,435.6380812669,436.9851074780,Medium,0: optimal
2017-12-08 21:00:00,2017-12-08,LightGBM,428.0000000000,426.6856966405,10.2994108375,0.0000000000,329.7537496355,319.9828705942,329.7537496355,438.2994108375,436.9851074780,Medium,0: optimal
2017-12-08 22:00:00,2017-12-08,LightGBM,424.0000000000,419.5430387846,17.4420686934,0.0000000000,346.3007488884,329.7537496355,346.3007488884,441.4420686934,436.9851074780,Medium,0: optimal
2017-12-08 23:00:00,2017-12-08,LightGBM,418.0000000000,415.8104953477,21.1746121304,0.0000000000,366.3887497592,346.3007488884,366.3887497592,439.1746121304,436.9851074780,Medium,0: optimal
2017-12-09 00:00:00,2017-12-09,LightGBM,414.0000000000,413.8195947525,5.0456662211,0.0000000000,371.1754890307,366.3887497592,371.1754890307,419.0456662211,418.8652609737,Medium,0: optimal
2017-12-09 01:00:00,2017-12-09,LightGBM,409.0000000000,412.2971744542,6.5680865195,0.0000000000,377.4065230119,371.1754890307,377.4065230119,415.5680865195,418.8652609737,Medium,0: optimal
2017-12-09 02:00:00,2017-12-09,LightGBM,409.0000000000,410.0556226932,8.8096382805,0.0000000000,385.7640797105,377.4065230119,385.7640797105,417.8096382805,418.8652609737,Medium,0: optimal
2017-12-09 03:00:00,2017-12-09,LightGBM,410.0000000000,406.5161135493,12.3491474243,0.0000000000,397.4795096171,385.7640797105,397.4795096171,422.3491474243,418.8652609737,Medium,0: optimal
2017-12-09 04:00:00,2017-12-09,LightGBM,410.0000000000,406.2408694054,12.6243915683,0.0000000000,409.4560590460,397.4795096171,409.4560590460,422.6243915683,418.8652609737,Medium,0: optimal
2017-12-09 05:00:00,2017-12-09,LightGBM,409.0000000000,406.2025223764,12.6627385973,0.0000000000,421.4689876608,409.4560590460,421.4689876608,421.6627385973,418.8652609737,Medium,0: optimal
2017-12-09 06:00:00,2017-12-09,LightGBM,408.0000000000,405.7713263150,13.0939346587,0.0000000000,433.8909847773,421.4689876608,433.8909847773,421.0939346587,418.8652609737,Medium,0: optimal
2017-12-09 07:00:00,2017-12-09,LightGBM,407.0000000000,406.5571947094,12.3080662642,0.0000000000,445.5674416735,433.8909847773,445.5674416735,419.3080662642,418.8652609737,Medium,0: optimal
2017-12-09 08:00:00,2017-12-09,LightGBM,406.0000000000,409.6759516990,9.1893092746,0.0000000000,454.2851859029,445.5674416735,454.2851859029,415.1893092746,418.8652609737,Medium,0: optimal
2017-12-09 09:00:00,2017-12-09,LightGBM,410.0000000000,414.6442968005,4.2209641731,0.0000000000,458.2895441156,454.2851859029,458.2895441156,414.2209641731,418.8652609737,Medium,0: optimal
2017-12-09 10:00:00,2017-12-09,LightGBM,413.0000000000,421.7500388260,0.0000000000,2.8847778523,455.2487212633,458.2895441156,455.2487212633,410.1152221477,418.8652609737,Medium,0: optimal
2017-12-09 11:00:00,2017-12-09,LightGBM,415.0000000000,424.7226751263,0.0000000000,5.8574141526,449.0744646230,455.2487212633,449.0744646230,409.1425858474,418.8652609737,Medium,0: optimal
2017-12-09 12:00:00,2017-12-09,LightGBM,421.0000000000,427.0840276175,0.0000000000,8.2187666438,440.4111239057,449.0744646230,440.4111239057,412.7812333562,418.8652609737,Medium,0: optimal
2017-12-09 13:00:00,2017-12-09,LightGBM,419.0000000000,428.5703624470,0.0000000000,9.7051014734,430.1810487127,440.4111239057,430.1810487127,409.2948985266,418.8652609737,Medium,0: optimal
2017-12-09 14:00:00,2017-12-09,LightGBM,425.0000000000,431.1396945546,0.0000000000,12.2744335810,417.2426596779,430.1810487127,417.2426596779,412.7255664190,418.8652609737,Medium,0: optimal
2017-12-09 15:00:00,2017-12-09,LightGBM,431.0000000000,431.1220042803,0.0000000000,12.2567433066,404.3229178296,417.2426596779,404.3229178296,418.7432566934,418.8652609737,Medium,0: optimal
2017-12-09 16:00:00,2017-12-09,LightGBM,432.0000000000,431.0032217947,0.0000000000,12.1379608210,391.5283837148,404.3229178296,391.5283837148,419.8620391790,418.8652609737,Medium,0: optimal
2017-12-09 17:00:00,2017-12-09,LightGBM,430.0000000000,430.9618310099,0.0000000000,12.0965700362,378.7774793181,391.5283837148,378.7774793181,417.9034299638,418.8652609737,Medium,0: optimal
2017-12-09 18:00:00,2017-12-09,LightGBM,423.0000000000,428.6471037553,0.0000000000,9.7818427817,368.4665116835,378.7774793181,368.4665116835,413.2181572183,418.8652609737,Medium,0: optimal
2017-12-09 19:00:00,2017-12-09,LightGBM,419.0000000000,427.6688743393,0.0000000000,8.8036133656,359.1866883919,368.4665116835,359.1866883919,410.1963866344,418.8652609737,Medium,0: optimal
2017-12-09 20:00:00,2017-12-09,LightGBM,416.0000000000,422.2486241063,0.0000000000,3.3833631326,355.6203105084,359.1866883919,355.6203105084,412.6166368674,418.8652609737,Medium,0: optimal
2017-12-09 21:00:00,2017-12-09,LightGBM,416.0000000000,417.6901643462,1.1750966275,0.0000000000,356.7351050525,355.6203105084,356.7351050525,417.1750966275,418.8652609737,Medium,0: optimal
2017-12-09 22:00:00,2017-12-09,LightGBM,413.0000000000,415.3723226931,3.4929382805,0.0000000000,360.0487972604,356.7351050525,360.0487972604,416.4929382805,418.8652609737,Medium,0: optimal
2017-12-09 23:00:00,2017-12-09,LightGBM,417.0000000000,412.1823642558,6.6828967178,0.0000000000,366.3887497592,360.0487972604,366.3887497592,423.6828967178,418.8652609737,Medium,0: optimal
2017-12-10 00:00:00,2017-12-10,LightGBM,413.0000000000,410.4153680389,2.4873103054,0.0000000000,368.7484195030,366.3887497592,368.7484195030,415.4873103054,412.9026783443,Medium,0: optimal
2017-12-10 01:00:00,2017-12-10,LightGBM,409.0000000000,407.3565227612,5.5461555830,0.0000000000,374.0099646730,368.7484195030,374.0099646730,414.5461555830,412.9026783443,Medium,0: optimal
2017-12-10 02:00:00,2017-12-10,LightGBM,407.0000000000,408.0933551253,4.8093232189,0.0000000000,378.5724892857,374.0099646730,378.5724892857,411.8093232189,412.9026783443,Medium,0: optimal
2017-12-10 03:00:00,2017-12-10,LightGBM,408.0000000000,405.5864159622,7.3162623821,0.0000000000,385.5133052117,378.5724892857,385.5133052117,415.3162623821,412.9026783443,Medium,0: optimal
2017-12-10 04:00:00,2017-12-10,LightGBM,408.0000000000,405.6071026235,7.2955757208,0.0000000000,392.4344960477,385.5133052117,392.4344960477,415.2955757208,412.9026783443,Medium,0: optimal
2017-12-10 05:00:00,2017-12-10,LightGBM,406.0000000000,405.9061801972,6.9964981471,0.0000000000,399.0719569847,392.4344960477,399.0719569847,412.9964981471,412.9026783443,Medium,0: optimal
2017-12-10 06:00:00,2017-12-10,LightGBM,404.0000000000,405.1410733094,7.7616050349,0.0000000000,406.4352620473,399.0719569847,406.4352620473,411.7616050349,412.9026783443,Medium,0: optimal
2017-12-10 07:00:00,2017-12-10,LightGBM,404.0000000000,404.2856284897,8.6170498546,0.0000000000,414.6101133228,406.4352620473,414.6101133228,412.6170498546,412.9026783443,Medium,0: optimal
2017-12-10 08:00:00,2017-12-10,LightGBM,406.0000000000,404.0331523830,8.8695259613,0.0000000000,423.0244844640,414.6101133228,423.0244844640,414.8695259613,412.9026783443,Medium,0: optimal
2017-12-10 09:00:00,2017-12-10,LightGBM,408.0000000000,407.6331224880,5.2695558563,0.0000000000,428.0236240930,423.0244844640,428.0236240930,413.2695558563,412.9026783443,Medium,0: optimal
2017-12-10 10:00:00,2017-12-10,LightGBM,410.0000000000,407.5876039183,5.3150744260,0.0000000000,433.0659464288,428.0236240930,433.0659464288,415.3150744260,412.9026783443,Medium,0: optimal
2017-12-10 11:00:00,2017-12-10,LightGBM,416.0000000000,409.8162965471,3.0863817971,0.0000000000,435.9939452912,433.0659464288,435.9939452912,419.0863817971,412.9026783443,Medium,0: optimal
2017-12-10 12:00:00,2017-12-10,LightGBM,419.0000000000,415.1289516592,0.0000000000,2.2262733149,433.6472471681,435.9939452912,433.6472471681,416.7737266851,412.9026783443,Medium,0: optimal
2017-12-10 13:00:00,2017-12-10,LightGBM,418.0000000000,415.8291280648,0.0000000000,2.9264497205,430.5624983099,433.6472471681,430.5624983099,415.0735502795,412.9026783443,Medium,0: optimal
2017-12-10 14:00:00,2017-12-10,LightGBM,421.0000000000,420.8625889654,0.0000000000,7.9599106211,422.1720157985,430.5624983099,422.1720157985,413.0400893789,412.9026783443,Medium,0: optimal
2017-12-10 15:00:00,2017-12-10,LightGBM,425.0000000000,424.9114529843,0.0000000000,12.0087746401,409.5136558751,422.1720157985,409.5136558751,412.9912253599,412.9026783443,Medium,0: optimal
2017-12-10 16:00:00,2017-12-10,LightGBM,429.0000000000,423.2255802483,0.0000000000,10.3229019041,398.6323618487,409.5136558751,398.6323618487,418.6770980959,412.9026783443,Medium,0: optimal
2017-12-10 17:00:00,2017-12-10,LightGBM,426.0000000000,429.2819481140,0.0000000000,16.3792697697,381.3670955545,398.6323618487,381.3670955545,409.6207302303,412.9026783443,Medium,0: optimal
2017-12-10 18:00:00,2017-12-10,LightGBM,426.0000000000,423.4081695632,0.0000000000,10.5054912189,370.2933354909,381.3670955545,370.2933354909,415.4945087811,412.9026783443,Medium,0: optimal
2017-12-10 19:00:00,2017-12-10,LightGBM,427.0000000000,419.2437863486,0.0000000000,6.3411080043,363.6092207633,370.2933354909,363.6092207633,420.6588919957,412.9026783443,Medium,0: optimal
2017-12-10 20:00:00,2017-12-10,LightGBM,423.0000000000,415.7095745109,0.0000000000,2.8068961666,360.6504924159,363.6092207633,360.6504924159,420.1931038334,412.9026783443,Medium,0: optimal
2017-12-10 21:00:00,2017-12-10,LightGBM,422.0000000000,414.3236000930,0.0000000000,1.4209217488,359.1527093816,360.6504924159,359.1527093816,420.5790782512,412.9026783443,Medium,0: optimal
2017-12-10 22:00:00,2017-12-10,LightGBM,421.0000000000,409.7094651292,3.1932132151,0.0000000000,362.1820574259,359.1527093816,362.1820574259,424.1932132151,412.9026783443,Medium,0: optimal
2017-12-10 23:00:00,2017-12-10,LightGBM,415.0000000000,408.4684352813,4.4342430630,0.0000000000,366.3887497592,362.1820574259,366.3887497592,419.4342430630,412.9026783443,Medium,0: optimal
2017-12-11 00:00:00,2017-12-11,LightGBM,413.0000000000,409.1383972979,26.4189496767,0.0000000000,391.4519660695,366.3887497592,391.4519660695,439.4189496767,435.5573469746,Medium,0: optimal
2017-12-11 01:00:00,2017-12-11,LightGBM,414.0000000000,405.8682518068,29.6890951678,0.0000000000,419.6175147895,391.4519660695,419.6175147895,443.6890951678,435.5573469746,Medium,0: optimal
2017-12-11 02:00:00,2017-12-11,LightGBM,409.0000000000,405.8942247829,29.6631221917,0.0000000000,447.7584233808,419.6175147895,447.7584233808,438.6631221917,435.5573469746,Medium,0: optimal
2017-12-11 03:00:00,2017-12-11,LightGBM,410.0000000000,405.1830064235,30.3743405511,0.0000000000,476.5740529509,447.7584233808,476.5740529509,440.3743405511,435.5573469746,Medium,0: optimal
2017-12-11 04:00:00,2017-12-11,LightGBM,404.0000000000,404.7507492395,30.8065977352,0.0000000000,505.7997576921,476.5740529509,505.7997576921,434.8065977352,435.5573469746,Medium,0: optimal
2017-12-11 05:00:00,2017-12-11,LightGBM,405.0000000000,404.9959658909,30.5613810837,0.0000000000,534.7928294916,505.7997576921,534.7928294916,435.5613810837,435.5573469746,Medium,0: optimal
2017-12-11 06:00:00,2017-12-11,LightGBM,407.0000000000,407.2816855096,28.2756614650,0.0000000000,561.6174772648,534.7928294916,561.6174772648,435.2756614650,435.5573469746,Medium,0: optimal
2017-12-11 07:00:00,2017-12-11,LightGBM,409.0000000000,411.7040523350,23.8532946396,0.0000000000,584.2466994929,561.6174772648,584.2466994929,432.8532946396,435.5573469746,Medium,0: optimal
2017-12-11 08:00:00,2017-12-11,LightGBM,416.0000000000,415.9511091224,19.6062378522,0.0000000000,602.8468098809,584.2466994929,602.8468098809,435.6062378522,435.5573469746,Medium,0: optimal
2017-12-11 09:00:00,2017-12-11,LightGBM,427.0000000000,427.6300789214,7.9272680533,0.0000000000,610.3672766822,602.8468098809,610.3672766822,434.9272680533,435.5573469746,Medium,0: optimal
2017-12-11 10:00:00,2017-12-11,LightGBM,441.0000000000,449.0754936819,0.0000000000,13.5181467072,596.1178989025,610.3672766822,596.1178989025,427.4818532928,435.5573469746,Medium,0: optimal
2017-12-11 11:00:00,2017-12-11,LightGBM,462.0000000000,461.9558344841,0.0000000000,26.3984875094,568.2914497981,596.1178989025,568.2914497981,435.6015124906,435.5573469746,Medium,0: optimal
2017-12-11 12:00:00,2017-12-11,LightGBM,468.0000000000,462.8177971376,0.0000000000,27.2604501629,539.5564122793,568.2914497981,539.5564122793,440.7395498371,435.5573469746,Medium,0: optimal
2017-12-11 13:00:00,2017-12-11,LightGBM,469.0000000000,463.8150773723,0.0000000000,28.2577303977,509.7701490914,539.5564122793,509.7701490914,440.7422696023,435.5573469746,Medium,0: optimal
2017-12-11 14:00:00,2017-12-11,LightGBM,469.0000000000,465.7220382810,0.0000000000,30.1646913063,477.9737726101,509.7701490914,477.9737726101,438.8353086937,435.5573469746,Medium,0: optimal
2017-12-11 15:00:00,2017-12-11,LightGBM,468.0000000000,469.4422841316,0.0000000000,33.8849371570,442.2559126808,477.9737726101,442.2559126808,434.1150628430,435.5573469746,Medium,0: optimal
2017-12-11 16:00:00,2017-12-11,LightGBM,467.0000000000,469.5641443426,0.0000000000,34.0067973680,406.4096008106,442.2559126808,406.4096008106,432.9932026320,435.5573469746,Medium,0: optimal
2017-12-11 17:00:00,2017-12-11,LightGBM,467.0000000000,467.0811680461,0.0000000000,31.5238210714,373.1805757648,406.4096008106,373.1805757648,435.4761789286,435.5573469746,Medium,0: optimal
2017-12-11 18:00:00,2017-12-11,LightGBM,456.0000000000,455.5394813108,0.0000000000,19.9821343361,352.1175567603,373.1805757648,352.1175567603,436.0178656639,435.5573469746,Medium,0: optimal
2017-12-11 19:00:00,2017-12-11,LightGBM,451.0000000000,444.5080823410,0.0000000000,8.9507353664,342.6826532632,352.1175567603,342.6826532632,442.0492646336,435.5573469746,Medium,0: optimal
2017-12-11 20:00:00,2017-12-11,LightGBM,440.0000000000,433.3369071896,2.2204397851,0.0000000000,344.7891474016,342.6826532632,344.7891474016,442.2204397851,435.5573469746,Medium,0: optimal
2017-12-11 21:00:00,2017-12-11,LightGBM,428.0000000000,431.3300636567,4.2272833180,0.0000000000,348.7995004815,344.7891474016,348.7995004815,432.2272833180,435.5573469746,Medium,0: optimal
2017-12-11 22:00:00,2017-12-11,LightGBM,429.0000000000,429.0417496639,6.5155973107,0.0000000000,354.9807388270,348.7995004815,354.9807388270,435.5155973107,435.5573469746,Medium,0: optimal
2017-12-11 23:00:00,2017-12-11,LightGBM,419.0000000000,423.5322476020,12.0250993726,0.0000000000,366.3887497592,354.9807388270,366.3887497592,431.0250993726,435.5573469746,Medium,0: optimal
2017-12-12 00:00:00,2017-12-12,LightGBM,417.0000000000,420.2911503137,19.1832511070,0.0000000000,384.5875796867,366.3887497592,384.5875796867,436.1832511070,439.4744014207,Medium,0: optimal
2017-12-12 01:00:00,2017-12-12,LightGBM,415.0000000000,416.9737293760,22.5006720448,0.0000000000,405.9335914505,384.5875796867,405.9335914505,437.5006720448,439.4744014207,Medium,0: optimal
2017-12-12 02:00:00,2017-12-12,LightGBM,412.0000000000,412.8624232921,26.6119781286,0.0000000000,431.1799306292,405.9335914505,431.1799306292,438.6119781286,439.4744014207,Medium,0: optimal
2017-12-12 03:00:00,2017-12-12,LightGBM,410.0000000000,411.5488060525,27.9255953682,0.0000000000,457.6724765432,431.1799306292,457.6724765432,437.9255953682,439.4744014207,Medium,0: optimal
2017-12-12 04:00:00,2017-12-12,LightGBM,408.0000000000,411.3844291667,28.0899722540,0.0000000000,484.3209640633,457.6724765432,484.3209640633,436.0899722540,439.4744014207,Medium,0: optimal
2017-12-12 05:00:00,2017-12-12,LightGBM,406.0000000000,410.7452037680,28.7291976527,0.0000000000,511.5758740427,484.3209640633,511.5758740427,434.7291976527,439.4744014207,Medium,0: optimal
2017-12-12 06:00:00,2017-12-12,LightGBM,406.0000000000,410.7140271325,28.7603742882,0.0000000000,538.8603607757,511.5758740427,538.8603607757,434.7603742882,439.4744014207,Medium,0: optimal
2017-12-12 07:00:00,2017-12-12,LightGBM,408.0000000000,417.0132667127,22.4611347080,0.0000000000,560.1688641284,538.8603607757,560.1688641284,430.4611347080,439.4744014207,Medium,0: optimal
2017-12-12 08:00:00,2017-12-12,LightGBM,421.0000000000,422.4051587545,17.0692426663,0.0000000000,576.3621695563,560.1688641284,576.3621695563,438.0692426663,439.4744014207,Medium,0: optimal
2017-12-12 09:00:00,2017-12-12,LightGBM,433.0000000000,436.6300639044,2.8443375164,0.0000000000,579.0605450521,576.3621695563,579.0605450521,435.8443375164,439.4744014207,Medium,0: optimal
2017-12-12 10:00:00,2017-12-12,LightGBM,446.0000000000,449.0825437019,0.0000000000,9.6081422812,568.9326738216,579.0605450521,568.9326738216,436.3918577188,439.4744014207,Medium,0: optimal
2017-12-12 11:00:00,2017-12-12,LightGBM,459.0000000000,466.4399888363,0.0000000000,26.9655874156,540.5084489290,568.9326738216,540.5084489290,432.0344125844,439.4744014207,Medium,0: optimal
2017-12-12 12:00:00,2017-12-12,LightGBM,464.0000000000,471.2972291201,0.0000000000,31.8228276994,506.9642432233,540.5084489290,506.9642432233,432.1771723006,439.4744014207,Medium,0: optimal
2017-12-12 13:00:00,2017-12-12,LightGBM,468.0000000000,469.2177261459,0.0000000000,29.7433247251,475.6120261175,506.9642432233,475.6120261175,438.2566752749,439.4744014207,Medium,0: optimal
2017-12-12 14:00:00,2017-12-12,LightGBM,465.0000000000,470.1067750160,0.0000000000,30.6323735953,443.3226692181,475.6120261175,443.3226692181,434.3676264047,439.4744014207,Medium,0: optimal
2017-12-12 15:00:00,2017-12-12,LightGBM,463.0000000000,467.7173185593,0.0000000000,28.2429171385,413.5520205764,443.3226692181,413.5520205764,434.7570828615,439.4744014207,Medium,0: optimal
2017-12-12 16:00:00,2017-12-12,LightGBM,461.0000000000,466.8117140243,0.0000000000,27.3373126036,384.7359629312,413.5520205764,384.7359629312,433.6626873964,439.4744014207,Medium,0: optimal
2017-12-12 17:00:00,2017-12-12,LightGBM,459.0000000000,465.0691936033,0.0000000000,25.5947921826,357.7566830860,384.7359629312,357.7566830860,433.4052078174,439.4744014207,Medium,0: optimal
2017-12-12 18:00:00,2017-12-12,LightGBM,456.0000000000,455.2383859378,0.0000000000,15.7639845171,341.1399843948,357.7566830860,341.1399843948,440.2360154829,439.4744014207,Medium,0: optimal
2017-12-12 19:00:00,2017-12-12,LightGBM,446.0000000000,447.4417317575,0.0000000000,7.9673303368,332.7416808164,341.1399843948,332.7416808164,438.0326696632,439.4744014207,Medium,0: optimal
2017-12-12 20:00:00,2017-12-12,LightGBM,436.0000000000,437.6598954308,1.8145059899,0.0000000000,334.4630723432,332.7416808164,334.4630723432,437.8145059899,439.4744014207,Medium,0: optimal
2017-12-12 21:00:00,2017-12-12,LightGBM,432.0000000000,431.4226007384,8.0518006823,0.0000000000,342.1016811697,334.4630723432,342.1016811697,440.0518006823,439.4744014207,Medium,0: optimal
2017-12-12 22:00:00,2017-12-12,LightGBM,429.0000000000,430.9062919855,8.5681094352,0.0000000000,350.2301034868,342.1016811697,350.2301034868,437.5681094352,439.4744014207,Medium,0: optimal
2017-12-12 23:00:00,2017-12-12,LightGBM,420.0000000000,422.4416927122,17.0327087086,0.0000000000,366.3887497592,350.2301034868,366.3887497592,437.0327087086,439.4744014207,Medium,0: optimal
2017-12-13 00:00:00,2017-12-13,LightGBM,419.0000000000,418.1954270052,18.5564888732,0.0000000000,383.9929808236,366.3887497592,383.9929808236,437.5564888732,436.7519158784,Medium,0: optimal
2017-12-13 01:00:00,2017-12-13,LightGBM,409.0000000000,416.3077630701,20.4441528083,0.0000000000,403.3880071356,383.9929808236,403.3880071356,429.4441528083,436.7519158784,Medium,0: optimal
2017-12-13 02:00:00,2017-12-13,LightGBM,410.0000000000,412.3962044661,24.3557114123,0.0000000000,426.4938637646,403.3880071356,426.4938637646,434.3557114123,436.7519158784,Medium,0: optimal
2017-12-13 03:00:00,2017-12-13,LightGBM,409.0000000000,411.3470133789,25.4049024996,0.0000000000,450.5950704545,426.4938637646,450.5950704545,434.4049024996,436.7519158784,Medium,0: optimal
2017-12-13 04:00:00,2017-12-13,LightGBM,407.0000000000,408.7668904559,27.9850254225,0.0000000000,477.1439966683,450.5950704545,477.1439966683,434.9850254225,436.7519158784,Medium,0: optimal
2017-12-13 05:00:00,2017-12-13,LightGBM,407.0000000000,409.0244746315,27.7274412469,0.0000000000,503.4485570769,477.1439966683,503.4485570769,434.7274412469,436.7519158784,Medium,0: optimal
2017-12-13 06:00:00,2017-12-13,LightGBM,406.0000000000,408.5690476155,28.1828682629,0.0000000000,530.1851734891,503.4485570769,530.1851734891,434.1828682629,436.7519158784,Medium,0: optimal
2017-12-13 07:00:00,2017-12-13,LightGBM,410.0000000000,410.9979196303,25.7539962481,0.0000000000,554.6175595878,530.1851734891,554.6175595878,435.7539962481,436.7519158784,Medium,0: optimal
2017-12-13 08:00:00,2017-12-13,LightGBM,417.0000000000,421.4536292843,15.2982865941,0.0000000000,569.1307885684,554.6175595878,569.1307885684,432.2982865941,436.7519158784,Medium,0: optimal
2017-12-13 09:00:00,2017-12-13,LightGBM,424.0000000000,435.9956970835,0.7562187949,0.0000000000,569.8482007088,569.1307885684,569.8482007088,424.7562187949,436.7519158784,Medium,0: optimal
2017-12-13 10:00:00,2017-12-13,LightGBM,441.0000000000,442.6442665162,0.0000000000,5.8923506378,563.6371177796,569.8482007088,563.6371177796,435.1076493622,436.7519158784,Medium,0: optimal
2017-12-13 11:00:00,2017-12-13,LightGBM,459.0000000000,456.8792942747,0.0000000000,20.1273783963,542.4209980928,563.6371177796,542.4209980928,438.8726216037,436.7519158784,Medium,0: optimal
2017-12-13 12:00:00,2017-12-13,LightGBM,469.0000000000,463.1248505054,0.0000000000,26.3729346270,514.6214840915,542.4209980928,514.6214840915,442.6270653730,436.7519158784,Medium,0: optimal
2017-12-13 13:00:00,2017-12-13,LightGBM,473.0000000000,467.5323210350,0.0000000000,30.7804051566,482.1760882256,514.6214840915,482.1760882256,442.2195948434,436.7519158784,Medium,0: optimal
2017-12-13 14:00:00,2017-12-13,LightGBM,470.0000000000,464.5519176235,0.0000000000,27.8000017451,452.8723134019,482.1760882256,452.8723134019,442.1999982549,436.7519158784,Medium,0: optimal
2017-12-13 15:00:00,2017-12-13,LightGBM,477.0000000000,463.0856141533,0.0000000000,26.3336982749,425.1141581471,452.8723134019,425.1141581471,450.6663017251,436.7519158784,Medium,0: optimal
2017-12-13 16:00:00,2017-12-13,LightGBM,468.0000000000,461.7951496555,0.0000000000,25.0432337771,398.7162719099,425.1141581471,398.7162719099,442.9567662229,436.7519158784,Medium,0: optimal
2017-12-13 17:00:00,2017-12-13,LightGBM,467.0000000000,459.7917287262,0.0000000000,23.0398128478,374.4301767556,398.7162719099,374.4301767556,443.9601871522,436.7519158784,Medium,0: optimal
2017-12-13 18:00:00,2017-12-13,LightGBM,463.0000000000,455.9115204919,0.0000000000,19.1596046135,354.2341802066,374.4301767556,354.2341802066,443.8403953865,436.7519158784,Medium,0: optimal
2017-12-13 19:00:00,2017-12-13,LightGBM,447.0000000000,445.2934277267,0.0000000000,8.5415118483,345.2306361727,354.2341802066,345.2306361727,438.4584881517,436.7519158784,Medium,0: optimal
2017-12-13 20:00:00,2017-12-13,LightGBM,432.0000000000,436.9657000840,0.0000000000,0.2137842056,345.0052878335,345.2306361727,345.0052878335,431.7862157944,436.7519158784,Medium,0: optimal
2017-12-13 21:00:00,2017-12-13,LightGBM,427.0000000000,434.5300679132,2.2218479653,0.0000000000,347.1131178890,345.0052878335,347.1131178890,429.2218479653,436.7519158784,Medium,0: optimal
2017-12-13 22:00:00,2017-12-13,LightGBM,428.0000000000,431.5364866661,5.2154292123,0.0000000000,352.0609084748,347.1131178890,352.0609084748,433.2154292123,436.7519158784,Medium,0: optimal
2017-12-13 23:00:00,2017-12-13,LightGBM,422.0000000000,421.6490450744,15.1028708040,0.0000000000,366.3887497592,352.0609084748,366.3887497592,437.1028708040,436.7519158784,Medium,0: optimal
2017-12-14 00:00:00,2017-12-14,LightGBM,416.0000000000,418.7303003715,18.8050339599,0.0000000000,384.2287713962,366.3887497592,384.2287713962,434.8050339599,437.5353343313,Medium,0: optimal
2017-12-14 01:00:00,2017-12-14,LightGBM,411.0000000000,414.6851656151,22.8501687162,0.0000000000,405.9063448149,384.2287713962,405.9063448149,433.8501687162,437.5353343313,Medium,0: optimal
2017-12-14 02:00:00,2017-12-14,LightGBM,410.0000000000,410.7186058354,26.8167284959,0.0000000000,431.3469272472,405.9063448149,431.3469272472,436.8167284959,437.5353343313,Medium,0: optimal
2017-12-14 03:00:00,2017-12-14,LightGBM,407.0000000000,410.2105573772,27.3247769542,0.0000000000,457.2694867666,431.3469272472,457.2694867666,434.3247769542,437.5353343313,Medium,0: optimal
2017-12-14 04:00:00,2017-12-14,LightGBM,405.0000000000,408.8365591326,28.6987751987,0.0000000000,484.4955354721,457.2694867666,484.4955354721,433.6987751987,437.5353343313,Medium,0: optimal
2017-12-14 05:00:00,2017-12-14,LightGBM,405.0000000000,408.7018113499,28.8335229815,0.0000000000,511.8494171485,484.4955354721,511.8494171485,433.8335229815,437.5353343313,Medium,0: optimal
2017-12-14 06:00:00,2017-12-14,LightGBM,407.0000000000,408.6694169794,28.8659173519,0.0000000000,539.2340308232,511.8494171485,539.2340308232,435.8659173519,437.5353343313,Medium,0: optimal
2017-12-14 07:00:00,2017-12-14,LightGBM,410.0000000000,412.0347753484,25.5005589829,0.0000000000,563.4259852212,539.2340308232,563.4259852212,435.5005589829,437.5353343313,Medium,0: optimal
2017-12-14 08:00:00,2017-12-14,LightGBM,414.0000000000,416.4830669637,21.0522673676,0.0000000000,583.3979196590,563.4259852212,583.3979196590,435.0522673676,437.5353343313,Medium,0: optimal
2017-12-14 09:00:00,2017-12-14,LightGBM,425.0000000000,429.6887776440,7.8465566873,0.0000000000,590.8418169354,583.3979196590,590.8418169354,432.8465566873,437.5353343313,Medium,0: optimal
2017-12-14 10:00:00,2017-12-14,LightGBM,444.0000000000,444.0451639257,0.0000000000,6.5098295944,583.9798540361,590.8418169354,583.9798540361,437.4901704056,437.5353343313,Medium,0: optimal
2017-12-14 11:00:00,2017-12-14,LightGBM,462.0000000000,457.4096917937,0.0000000000,19.8743574624,563.0304418316,583.9798540361,563.0304418316,442.1256425376,437.5353343313,Medium,0: optimal
2017-12-14 12:00:00,2017-12-14,LightGBM,466.0000000000,467.0594062810,0.0000000000,29.5240719497,531.9093374436,563.0304418316,531.9093374436,436.4759280503,437.5353343313,Medium,0: optimal
2017-12-14 13:00:00,2017-12-14,LightGBM,468.0000000000,468.6071088340,0.0000000000,31.0717745027,499.1568113198,531.9093374436,499.1568113198,436.9282254973,437.5353343313,Medium,0: optimal
2017-12-14 14:00:00,2017-12-14,LightGBM,471.0000000000,468.6178355065,0.0000000000,31.0825011752,466.3929782903,499.1568113198,466.3929782903,439.9174988248,437.5353343313,Medium,0: optimal
2017-12-14 15:00:00,2017-12-14,LightGBM,468.0000000000,472.6427723141,0.0000000000,35.1074379828,429.3864893440,466.3929782903,429.3864893440,432.8925620172,437.5353343313,Medium,0: optimal
2017-12-14 16:00:00,2017-12-14,LightGBM,465.0000000000,468.9834061404,0.0000000000,31.4480718091,396.2373110316,429.3864893440,396.2373110316,433.5519281909,437.5353343313,Medium,0: optimal
2017-12-14 17:00:00,2017-12-14,LightGBM,463.0000000000,464.4082178233,0.0000000000,26.8728834920,367.9108046546,396.2373110316,367.9108046546,436.1271165080,437.5353343313,Medium,0: optimal
2017-12-14 18:00:00,2017-12-14,LightGBM,457.0000000000,458.4618221388,0.0000000000,20.9264878075,345.8523496881,367.9108046546,345.8523496881,436.0735121925,437.5353343313,Medium,0: optimal
2017-12-14 19:00:00,2017-12-14,LightGBM,448.0000000000,445.4058009512,0.0000000000,7.8704666199,337.5561494323,345.8523496881,337.5561494323,440.1295333801,437.5353343313,Medium,0: optimal
2017-12-14 20:00:00,2017-12-14,LightGBM,443.0000000000,438.2031510500,0.0000000000,0.6678167187,336.8522088022,337.5561494323,336.8522088022,442.3321832813,437.5353343313,Medium,0: optimal
2017-12-14 21:00:00,2017-12-14,LightGBM,439.0000000000,430.2707873877,7.2645469436,0.0000000000,343.7439631554,336.8522088022,343.7439631554,446.2645469436,437.5353343313,Medium,0: optimal
2017-12-14 22:00:00,2017-12-14,LightGBM,430.0000000000,429.4002306815,8.1351036498,0.0000000000,351.4616001159,343.7439631554,351.4616001159,438.1351036498,437.5353343313,Medium,0: optimal
2017-12-14 23:00:00,2017-12-14,LightGBM,423.0000000000,421.8007370490,15.7345972823,0.0000000000,366.3887497592,351.4616001159,366.3887497592,438.7345972823,437.5353343313,Medium,0: optimal
2017-12-15 00:00:00,2017-12-15,LightGBM,417.0000000000,415.4498351530,18.1593781964,0.0000000000,383.6162485571,366.3887497592,383.6162485571,435.1593781964,433.6092133495,Medium,0: optimal
2017-12-15 01:00:00,2017-12-15,LightGBM,413.0000000000,410.2228925300,23.3863208195,0.0000000000,405.8024605214,383.6162485571,405.8024605214,436.3863208195,433.6092133495,Medium,0: optimal
2017-12-15 02:00:00,2017-12-15,LightGBM,411.0000000000,409.1445398606,24.4646734888,0.0000000000,429.0116876526,405.8024605214,429.0116876526,435.4646734888,433.6092133495,Medium,0: optimal
2017-12-15 03:00:00,2017-12-15,LightGBM,409.0000000000,407.1890444521,26.4201688973,0.0000000000,454.0760606171,429.0116876526,454.0760606171,435.4201688973,433.6092133495,Medium,0: optimal
2017-12-15 04:00:00,2017-12-15,LightGBM,406.0000000000,406.8365450153,26.7726683341,0.0000000000,479.4748439100,454.0760606171,479.4748439100,432.7726683341,433.6092133495,Medium,0: optimal
2017-12-15 05:00:00,2017-12-15,LightGBM,408.0000000000,407.1756072320,26.4336061174,0.0000000000,504.5519645408,479.4748439100,504.5519645408,434.4336061174,433.6092133495,Medium,0: optimal
2017-12-15 06:00:00,2017-12-15,LightGBM,409.0000000000,407.9523538050,25.6568595445,0.0000000000,528.8921986711,504.5519645408,528.8921986711,434.6568595445,433.6092133495,Medium,0: optimal
2017-12-15 07:00:00,2017-12-15,LightGBM,414.0000000000,410.5820009120,23.0272124375,0.0000000000,550.7377305112,528.8921986711,550.7377305112,437.0272124375,433.6092133495,Medium,0: optimal
2017-12-15 08:00:00,2017-12-15,LightGBM,415.0000000000,413.2522226467,20.3569907027,0.0000000000,570.0500675894,550.7377305112,570.0500675894,435.3569907027,433.6092133495,Medium,0: optimal
2017-12-15 09:00:00,2017-12-15,LightGBM,432.0000000000,424.5941721072,9.0150412423,0.0000000000,578.6024866472,570.0500675894,578.6024866472,441.0150412423,433.6092133495,Medium,0: optimal
2017-12-15 10:00:00,2017-12-15,LightGBM,450.0000000000,437.1579686676,0.0000000000,3.5487553182,574.8617700925,578.6024866472,574.8617700925,446.4512446818,433.6092133495,Medium,0: optimal
2017-12-15 11:00:00,2017-12-15,LightGBM,463.0000000000,455.1140046841,0.0000000000,21.5047913347,552.1937296844,574.8617700925,552.1937296844,441.4952086653,433.6092133495,Medium,0: optimal
2017-12-15 12:00:00,2017-12-15,LightGBM,465.0000000000,463.0986180987,0.0000000000,29.4894047493,521.1091677343,552.1937296844,521.1091677343,435.5105952507,433.6092133495,Medium,0: optimal
2017-12-15 13:00:00,2017-12-15,LightGBM,473.0000000000,463.4957957877,0.0000000000,29.8865824383,489.6059437399,521.1091677343,489.6059437399,443.1134175617,433.6092133495,Medium,0: optimal
2017-12-15 14:00:00,2017-12-15,LightGBM,476.0000000000,466.7393757367,0.0000000000,33.1301623872,454.6836862749,489.6059437399,454.6836862749,442.8698376128,433.6092133495,Medium,0: optimal
2017-12-15 15:00:00,2017-12-15,LightGBM,471.0000000000,464.2746966124,0.0000000000,30.6654832630,422.3594287214,454.6836862749,422.3594287214,440.3345167370,433.6092133495,Medium,0: optimal
2017-12-15 16:00:00,2017-12-15,LightGBM,463.0000000000,462.9679972500,0.0000000000,29.3587839005,391.4125532352,422.3594287214,391.4125532352,433.6412160995,433.6092133495,Medium,0: optimal
2017-12-15 17:00:00,2017-12-15,LightGBM,457.0000000000,460.5975777922,0.0000000000,26.9883644428,362.9643192479,391.4125532352,362.9643192479,430.0116355572,433.6092133495,Medium,0: optimal
2017-12-15 18:00:00,2017-12-15,LightGBM,447.0000000000,453.8348829427,0.0000000000,20.2256695933,341.6445915424,362.9643192479,341.6445915424,426.7743304067,433.6092133495,Medium,0: optimal
2017-12-15 19:00:00,2017-12-15,LightGBM,441.0000000000,441.3035534110,0.0000000000,7.6943400616,333.5340449802,341.6445915424,333.5340449802,433.3056599384,433.6092133495,Medium,0: optimal
2017-12-15 20:00:00,2017-12-15,LightGBM,434.0000000000,431.2723980650,2.3368152844,0.0000000000,335.7509426112,333.5340449802,335.7509426112,436.3368152844,433.6092133495,Medium,0: optimal
2017-12-15 21:00:00,2017-12-15,LightGBM,428.0000000000,427.6572535337,5.9519598158,0.0000000000,341.3974674791,335.7509426112,341.3974674791,433.9519598158,433.6092133495,Medium,0: optimal
2017-12-15 22:00:00,2017-12-15,LightGBM,422.0000000000,425.2775190356,8.3316943138,0.0000000000,349.3016067191,341.3974674791,349.3016067191,430.3316943138,433.6092133495,Medium,0: optimal
2017-12-15 23:00:00,2017-12-15,LightGBM,417.0000000000,415.5977831121,18.0114302373,0.0000000000,366.3887497592,349.3016067191,366.3887497592,435.0114302373,433.6092133495,Medium,0: optimal
2017-12-16 00:00:00,2017-12-16,LightGBM,408.0000000000,412.3337698773,4.9306709651,0.0000000000,371.0663949520,366.3887497592,371.0663949520,412.9306709651,417.2644408424,Medium,0: optimal
2017-12-16 01:00:00,2017-12-16,LightGBM,408.0000000000,409.7010854731,7.5633553693,0.0000000000,378.2416238681,371.0663949520,378.2416238681,415.5633553693,417.2644408424,Medium,0: optimal
2017-12-16 02:00:00,2017-12-16,LightGBM,405.0000000000,407.6092383775,9.6552024649,0.0000000000,387.4013531858,378.2416238681,387.4013531858,414.6552024649,417.2644408424,Medium,0: optimal
2017-12-16 03:00:00,2017-12-16,LightGBM,406.0000000000,406.2406293484,11.0238114940,0.0000000000,397.8594590311,387.4013531858,397.8594590311,417.0238114940,417.2644408424,Medium,0: optimal
2017-12-16 04:00:00,2017-12-16,LightGBM,405.0000000000,405.2584753016,12.0059655408,0.0000000000,409.2493180166,397.8594590311,409.2493180166,417.0059655408,417.2644408424,Medium,0: optimal
2017-12-16 05:00:00,2017-12-16,LightGBM,400.0000000000,405.1124479655,12.1519928769,0.0000000000,420.7777106970,409.2493180166,420.7777106970,412.1519928769,417.2644408424,Medium,0: optimal
2017-12-16 06:00:00,2017-12-16,LightGBM,405.0000000000,405.1739929809,12.0904478615,0.0000000000,432.2477166492,420.7777106970,432.2477166492,417.0904478615,417.2644408424,Medium,0: optimal
2017-12-16 07:00:00,2017-12-16,LightGBM,402.0000000000,403.6773712109,13.5870696315,0.0000000000,445.1375426780,432.2477166492,445.1375426780,415.5870696315,417.2644408424,Medium,0: optimal
2017-12-16 08:00:00,2017-12-16,LightGBM,406.0000000000,404.5003921290,12.7640487134,0.0000000000,457.2465825079,445.1375426780,457.2465825079,418.7640487134,417.2644408424,Medium,0: optimal
2017-12-16 09:00:00,2017-12-16,LightGBM,404.0000000000,411.9982071043,5.2662337381,0.0000000000,462.2425704989,457.2465825079,462.2425704989,409.2662337381,417.2644408424,Medium,0: optimal
2017-12-16 10:00:00,2017-12-16,LightGBM,411.0000000000,418.7840942345,0.0000000000,1.5196533921,460.6407151746,462.2425704989,460.6407151746,409.4803466079,417.2644408424,Medium,0: optimal
2017-12-16 11:00:00,2017-12-16,LightGBM,418.0000000000,424.3934745307,0.0000000000,7.1290336882,453.1260538509,460.6407151746,453.1260538509,410.8709663118,417.2644408424,Medium,0: optimal
2017-12-16 12:00:00,2017-12-16,LightGBM,417.0000000000,425.5687833140,0.0000000000,8.3043424716,444.3725082909,453.1260538509,444.3725082909,408.6956575284,417.2644408424,Medium,0: optimal
2017-12-16 13:00:00,2017-12-16,LightGBM,414.0000000000,428.3019671327,0.0000000000,11.0375262903,432.7379340205,444.3725082909,432.7379340205,402.9624737097,417.2644408424,Medium,0: optimal
2017-12-16 14:00:00,2017-12-16,LightGBM,418.0000000000,430.8504576170,0.0000000000,13.5860167746,418.4170149081,432.7379340205,418.4170149081,404.4139832254,417.2644408424,Medium,0: optimal
2017-12-16 15:00:00,2017-12-16,LightGBM,423.0000000000,431.5928703493,0.0000000000,14.3284295069,403.3135240632,418.4170149081,403.3135240632,408.6715704931,417.2644408424,Medium,0: optimal
2017-12-16 16:00:00,2017-12-16,LightGBM,422.0000000000,431.0770533588,0.0000000000,13.8126125164,388.7537520669,403.3135240632,388.7537520669,408.1873874836,417.2644408424,Medium,0: optimal
2017-12-16 17:00:00,2017-12-16,LightGBM,425.0000000000,428.1757662856,0.0000000000,10.9113254432,377.2522051696,388.7537520669,377.2522051696,414.0886745568,417.2644408424,Medium,0: optimal
2017-12-16 18:00:00,2017-12-16,LightGBM,421.0000000000,425.8587631295,0.0000000000,8.5943222871,368.1929940453,377.2522051696,368.1929940453,412.4056777129,417.2644408424,Medium,0: optimal
2017-12-16 19:00:00,2017-12-16,LightGBM,416.0000000000,422.9348449445,0.0000000000,5.6704041021,362.2158633066,368.1929940453,362.2158633066,410.3295958979,417.2644408424,Medium,0: optimal
2017-12-16 20:00:00,2017-12-16,LightGBM,416.0000000000,421.2423556218,0.0000000000,3.9779147793,358.0227729597,362.2158633066,358.0227729597,412.0220852207,417.2644408424,Medium,0: optimal
2017-12-16 21:00:00,2017-12-16,LightGBM,411.0000000000,417.0476136124,0.2168272300,0.0000000000,358.2284733313,358.0227729597,358.2284733313,411.2168272300,417.2644408424,Medium,0: optimal
2017-12-16 22:00:00,2017-12-16,LightGBM,411.0000000000,414.6658385288,2.5986023136,0.0000000000,360.6937239445,358.2284733313,360.6937239445,413.5986023136,417.2644408424,Medium,0: optimal
2017-12-16 23:00:00,2017-12-16,LightGBM,412.0000000000,411.2613565398,6.0030843026,0.0000000000,366.3887497592,360.6937239445,366.3887497592,418.0030843026,417.2644408424,Medium,0: optimal
2017-12-17 00:00:00,2017-12-17,LightGBM,408.0000000000,408.8679530373,1.2067630319,0.0000000000,367.5335856922,366.3887497592,367.5335856922,409.2067630319,410.0747160691,Medium,0: optimal
2017-12-17 01:00:00,2017-12-17,LightGBM,406.0000000000,406.0628337673,4.0118823019,0.0000000000,371.3395914257,367.5335856922,371.3395914257,410.0118823019,410.0747160691,Medium,0: optimal
2017-12-17 02:00:00,2017-12-17,LightGBM,403.0000000000,406.3514725574,3.7232435118,0.0000000000,374.8717703599,371.3395914257,374.8717703599,406.7232435118,410.0747160691,Medium,0: optimal
2017-12-17 03:00:00,2017-12-17,LightGBM,404.0000000000,405.3442917472,4.7304243219,0.0000000000,379.3594449069,374.8717703599,379.3594449069,408.7304243219,410.0747160691,Medium,0: optimal
2017-12-17 04:00:00,2017-12-17,LightGBM,403.0000000000,404.7450940047,5.3296220645,0.0000000000,384.4155683443,379.3594449069,384.4155683443,408.3296220645,410.0747160691,Medium,0: optimal
2017-12-17 05:00:00,2017-12-17,LightGBM,403.0000000000,411.9707515269,0.0000000000,1.8960354578,382.4169714873,384.4155683443,382.4169714873,401.1039645422,410.0747160691,Medium,0: optimal
2017-12-17 06:00:00,2017-12-17,LightGBM,406.0000000000,404.5289234632,5.5457926059,0.0000000000,387.6781723070,382.4169714873,387.6781723070,411.5457926059,410.0747160691,Medium,0: optimal
2017-12-17 07:00:00,2017-12-17,LightGBM,405.0000000000,406.5075083854,3.5672076838,0.0000000000,391.0623226573,387.6781723070,391.0623226573,408.5672076838,410.0747160691,Medium,0: optimal
2017-12-17 08:00:00,2017-12-17,LightGBM,403.0000000000,403.3723109909,6.7024050783,0.0000000000,397.4207824118,391.0623226573,397.4207824118,409.7024050783,410.0747160691,Medium,0: optimal
2017-12-17 09:00:00,2017-12-17,LightGBM,405.0000000000,404.2303945457,5.8443215234,0.0000000000,402.9651926295,397.4207824118,402.9651926295,410.8443215234,410.0747160691,Medium,0: optimal
2017-12-17 10:00:00,2017-12-17,LightGBM,406.0000000000,405.2906358824,4.7840801868,0.0000000000,407.5037695992,402.9651926295,407.5037695992,410.7840801868,410.0747160691,Medium,0: optimal
2017-12-17 11:00:00,2017-12-17,LightGBM,413.0000000000,407.1628163228,2.9118997463,0.0000000000,410.2662402542,407.5037695992,410.2662402542,415.9118997463,410.0747160691,Medium,0: optimal
2017-12-17 12:00:00,2017-12-17,LightGBM,415.0000000000,409.9583134295,0.1164026396,0.0000000000,410.3766694942,410.2662402542,410.3766694942,415.1164026396,410.0747160691,Medium,0: optimal
2017-12-17 13:00:00,2017-12-17,LightGBM,418.0000000000,411.0036904233,0.0000000000,0.9289743541,409.3974445452,410.3766694942,409.3974445452,417.0710256459,410.0747160691,Medium,0: optimal
2017-12-17 14:00:00,2017-12-17,LightGBM,418.0000000000,412.6294758588,0.0000000000,2.5547597897,406.7044912752,409.3974445452,406.7044912752,415.4452402103,410.0747160691,Medium,0: optimal
2017-12-17 15:00:00,2017-12-17,LightGBM,421.0000000000,416.5303140108,0.0000000000,6.4555979416,399.8996935573,406.7044912752,399.8996935573,414.5444020584,410.0747160691,Medium,0: optimal
2017-12-17 16:00:00,2017-12-17,LightGBM,420.0000000000,419.1145499300,0.0000000000,9.0398338609,390.3708720007,399.8996935573,390.3708720007,410.9601661391,410.0747160691,Medium,0: optimal
2017-12-17 17:00:00,2017-12-17,LightGBM,423.0000000000,423.5437400391,0.0000000000,13.4690239700,376.1732741325,390.3708720007,376.1732741325,409.5309760300,410.0747160691,Medium,0: optimal
2017-12-17 18:00:00,2017-12-17,LightGBM,422.0000000000,419.6176821615,0.0000000000,9.5429660923,366.1141046374,376.1732741325,366.1141046374,412.4570339077,410.0747160691,Medium,0: optimal
2017-12-17 19:00:00,2017-12-17,LightGBM,417.0000000000,413.8714104048,0.0000000000,3.7966943357,362.1120374106,366.1141046374,362.1120374106,413.2033056643,410.0747160691,Medium,0: optimal
2017-12-17 20:00:00,2017-12-17,LightGBM,413.0000000000,411.3030542893,0.0000000000,1.2283382202,360.8172552397,362.1120374106,360.8172552397,411.7716617798,410.0747160691,Medium,0: optimal
2017-12-17 21:00:00,2017-12-17,LightGBM,414.0000000000,410.5887878560,0.0000000000,0.5140717869,360.2753759973,360.8172552397,360.2753759973,413.4859282131,410.0747160691,Medium,0: optimal
2017-12-17 22:00:00,2017-12-17,LightGBM,411.0000000000,407.9009316611,2.1737844080,0.0000000000,362.3376089587,360.2753759973,362.3376089587,413.1737844080,410.0747160691,Medium,0: optimal
2017-12-17 23:00:00,2017-12-17,LightGBM,408.0000000000,405.8044387186,4.2702773505,0.0000000000,366.3887497592,362.3376089587,366.3887497592,412.2702773505,410.0747160691,Medium,0: optimal
2017-12-18 00:00:00,2017-12-18,LightGBM,405.0000000000,404.6470818010,28.4296096528,0.0000000000,393.3594456069,366.3887497592,393.3594456069,433.4296096528,433.0766914538,Medium,0: optimal
2017-12-18 01:00:00,2017-12-18,LightGBM,403.0000000000,404.8958714589,28.1808199949,0.0000000000,420.0941188615,393.3594456069,420.0941188615,431.1808199949,433.0766914538,Medium,0: optimal
2017-12-18 02:00:00,2017-12-18,LightGBM,404.0000000000,409.4236076889,23.6530837649,0.0000000000,442.5334043766,420.0941188615,442.5334043766,427.6530837649,433.0766914538,Medium,0: optimal
2017-12-18 03:00:00,2017-12-18,LightGBM,401.0000000000,406.1226068726,26.9540845812,0.0000000000,468.1042942331,442.5334043766,468.1042942331,427.9540845812,433.0766914538,Medium,0: optimal
2017-12-18 04:00:00,2017-12-18,LightGBM,399.0000000000,410.2540697889,22.8226216650,0.0000000000,489.7557342243,468.1042942331,489.7557342243,421.8226216650,433.0766914538,Medium,0: optimal
2017-12-18 05:00:00,2017-12-18,LightGBM,400.0000000000,409.0017145111,24.0749769427,0.0000000000,512.5952627508,489.7557342243,512.5952627508,424.0749769427,433.0766914538,Medium,0: optimal
2017-12-18 06:00:00,2017-12-18,LightGBM,401.0000000000,406.7816147679,26.2950766859,0.0000000000,537.5409628237,512.5952627508,537.5409628237,427.2950766859,433.0766914538,Medium,0: optimal
2017-12-18 07:00:00,2017-12-18,LightGBM,404.0000000000,409.5173084941,23.5593829597,0.0000000000,559.8913559499,537.5409628237,559.8913559499,427.5593829597,433.0766914538,Medium,0: optimal
2017-12-18 08:00:00,2017-12-18,LightGBM,414.0000000000,414.9274428300,18.1492486238,0.0000000000,577.1092449914,559.8913559499,577.1092449914,432.1492486238,433.0766914538,Medium,0: optimal
2017-12-18 09:00:00,2017-12-18,LightGBM,427.0000000000,425.2279589897,7.8487324641,0.0000000000,584.5552063910,577.1092449914,584.5552063910,434.8487324641,433.0766914538,Medium,0: optimal
2017-12-18 10:00:00,2017-12-18,LightGBM,441.0000000000,445.8846599322,0.0000000000,12.8079684784,571.0544221939,584.5552063910,571.0544221939,428.1920315216,433.0766914538,Medium,0: optimal
2017-12-18 11:00:00,2017-12-18,LightGBM,455.0000000000,457.9644760028,0.0000000000,24.8877845490,544.8203938305,571.0544221939,544.8203938305,430.1122154510,433.0766914538,Medium,0: optimal
2017-12-18 12:00:00,2017-12-18,LightGBM,461.0000000000,460.6727676645,0.0000000000,27.5960762107,515.7315753940,544.8203938305,515.7315753940,433.4039237893,433.0766914538,Medium,0: optimal
2017-12-18 13:00:00,2017-12-18,LightGBM,461.0000000000,462.6385755618,0.0000000000,29.5618841079,484.5706134916,515.7315753940,484.5706134916,431.4381158921,433.0766914538,Medium,0: optimal
2017-12-18 14:00:00,2017-12-18,LightGBM,462.0000000000,464.3498389452,0.0000000000,31.2731474914,451.6058215999,484.5706134916,451.6058215999,430.7268525086,433.0766914538,Medium,0: optimal
2017-12-18 15:00:00,2017-12-18,LightGBM,461.0000000000,465.1377920872,0.0000000000,32.0611006334,417.8104541688,451.6058215999,417.8104541688,428.9388993666,433.0766914538,Medium,0: optimal
2017-12-18 16:00:00,2017-12-18,LightGBM,457.0000000000,457.7976474737,0.0000000000,24.7209560198,391.7522785156,417.8104541688,391.7522785156,432.2790439802,433.0766914538,Medium,0: optimal
2017-12-18 17:00:00,2017-12-18,LightGBM,456.0000000000,452.3520727630,0.0000000000,19.2753813092,371.4342426139,391.7522785156,371.4342426139,436.7246186908,433.0766914538,Medium,0: optimal
2017-12-18 18:00:00,2017-12-18,LightGBM,452.0000000000,447.7270117243,0.0000000000,14.6503202705,355.9914491120,371.4342426139,355.9914491120,437.3496797295,433.0766914538,Medium,0: optimal
2017-12-18 19:00:00,2017-12-18,LightGBM,441.0000000000,437.2378605646,0.0000000000,4.1611691108,351.6051917389,355.9914491120,351.6051917389,436.8388308892,433.0766914538,Medium,0: optimal
2017-12-18 20:00:00,2017-12-18,LightGBM,434.0000000000,437.4326350360,0.0000000000,4.3559435822,347.0136240458,351.6051917389,347.0136240458,429.6440564178,433.0766914538,Medium,0: optimal
2017-12-18 21:00:00,2017-12-18,LightGBM,431.0000000000,433.8921586946,0.0000000000,0.8154672408,346.1540460998,347.0136240458,346.1540460998,430.1845327592,433.0766914538,Medium,0: optimal
2017-12-18 22:00:00,2017-12-18,LightGBM,425.0000000000,424.6286795972,8.4480118566,0.0000000000,354.1685338499,346.1540460998,354.1685338499,433.4480118566,433.0766914538,Medium,0: optimal
2017-12-18 23:00:00,2017-12-18,LightGBM,424.0000000000,420.1954528630,12.8812385908,0.0000000000,366.3887497592,354.1685338499,366.3887497592,436.8812385908,433.0766914538,Medium,0: optimal
2017-12-19 00:00:00,2017-12-19,LightGBM,415.0000000000,413.5552137169,21.3443801980,0.0000000000,386.6378067603,366.3887497592,386.6378067603,436.3443801980,434.8995939149,Medium,0: optimal
2017-12-19 01:00:00,2017-12-19,LightGBM,417.0000000000,415.5935423190,19.3060515959,0.0000000000,404.9531354607,386.6378067603,404.9531354607,436.3060515959,434.8995939149,Medium,0: optimal
2017-12-19 02:00:00,2017-12-19,LightGBM,417.0000000000,410.7963736311,24.1032202839,0.0000000000,427.8194579732,404.9531354607,427.8194579732,441.1032202839,434.8995939149,Medium,0: optimal
2017-12-19 03:00:00,2017-12-19,LightGBM,417.0000000000,416.5006383416,18.3989555734,0.0000000000,445.2742398272,427.8194579732,445.2742398272,435.3989555734,434.8995939149,Medium,0: optimal
2017-12-19 04:00:00,2017-12-19,LightGBM,417.0000000000,417.8095396589,17.0900542561,0.0000000000,461.4872888627,445.2742398272,461.4872888627,434.0900542561,434.8995939149,Medium,0: optimal
2017-12-19 05:00:00,2017-12-19,LightGBM,415.0000000000,418.0805295478,16.8190643671,0.0000000000,477.4432543166,461.4872888627,477.4432543166,431.8190643671,434.8995939149,Medium,0: optimal
2017-12-19 06:00:00,2017-12-19,LightGBM,418.0000000000,415.8690010188,19.0305928962,0.0000000000,495.4972599492,477.4432543166,495.4972599492,437.0305928962,434.8995939149,Medium,0: optimal
2017-12-19 07:00:00,2017-12-19,LightGBM,421.0000000000,412.6987870076,22.2008069073,0.0000000000,516.5587946655,495.4972599492,516.5587946655,443.2008069073,434.8995939149,Medium,0: optimal
2017-12-19 08:00:00,2017-12-19,LightGBM,427.0000000000,418.0663438151,16.8332500999,0.0000000000,532.5282178871,516.5587946655,532.5282178871,443.8332500999,434.8995939149,Medium,0: optimal
2017-12-19 09:00:00,2017-12-19,LightGBM,437.0000000000,430.5159785962,4.3836153188,0.0000000000,536.6868805251,532.5282178871,536.6868805251,441.3836153188,434.8995939149,Medium,0: optimal
2017-12-19 10:00:00,2017-12-19,LightGBM,447.0000000000,443.3420224724,0.0000000000,8.4424285575,527.7877794501,536.6868805251,527.7877794501,438.5575714425,434.8995939149,Medium,0: optimal
2017-12-19 11:00:00,2017-12-19,LightGBM,460.0000000000,459.5673294201,0.0000000000,24.6677355052,501.7857031452,527.7877794501,501.7857031452,435.3322644948,434.8995939149,Medium,0: optimal
2017-12-19 12:00:00,2017-12-19,LightGBM,463.0000000000,461.1527628607,0.0000000000,26.2531689457,474.1124332566,501.7857031452,474.1124332566,436.7468310543,434.8995939149,Medium,0: optimal
2017-12-19 13:00:00,2017-12-19,LightGBM,460.0000000000,459.5573389910,0.0000000000,24.6577450760,448.1208877885,474.1124332566,448.1208877885,435.3422549240,434.8995939149,Medium,0: optimal
2017-12-19 14:00:00,2017-12-19,LightGBM,466.0000000000,459.6867452231,0.0000000000,24.7871513082,421.9929361748,448.1208877885,421.9929361748,441.2128486918,434.8995939149,Medium,0: optimal
2017-12-19 15:00:00,2017-12-19,LightGBM,466.0000000000,456.6944596966,0.0000000000,21.7948657816,399.0191304523,421.9929361748,399.0191304523,444.2051342184,434.8995939149,Medium,0: optimal
2017-12-19 16:00:00,2017-12-19,LightGBM,467.0000000000,454.6939855832,0.0000000000,19.7943916682,378.1540095960,399.0191304523,378.1540095960,447.2056083318,434.8995939149,Medium,0: optimal
2017-12-19 17:00:00,2017-12-19,LightGBM,467.0000000000,452.4122899990,0.0000000000,17.5126960840,359.6940070640,378.1540095960,359.6940070640,449.4873039160,434.8995939149,Medium,0: optimal
2017-12-19 18:00:00,2017-12-19,LightGBM,461.0000000000,449.0833765382,0.0000000000,14.1837826233,344.7429874219,359.6940070640,344.7429874219,446.8162173767,434.8995939149,Medium,0: optimal
2017-12-19 19:00:00,2017-12-19,LightGBM,448.0000000000,438.3196752176,0.0000000000,3.4200813027,341.1379051888,344.7429874219,341.1379051888,444.5799186973,434.8995939149,Medium,0: optimal
2017-12-19 20:00:00,2017-12-19,LightGBM,440.0000000000,432.2861973898,2.6133965252,0.0000000000,343.6171908234,341.1379051888,343.6171908234,442.6133965252,434.8995939149,Medium,0: optimal
2017-12-19 21:00:00,2017-12-19,LightGBM,434.0000000000,430.3364234302,4.5631704848,0.0000000000,347.9461944485,343.6171908234,347.9461944485,438.5631704848,434.8995939149,Medium,0: optimal
2017-12-19 22:00:00,2017-12-19,LightGBM,429.0000000000,426.2708386361,8.6287552789,0.0000000000,356.1321504645,347.9461944485,356.1321504645,437.6287552789,434.8995939149,Medium,0: optimal
2017-12-19 23:00:00,2017-12-19,LightGBM,428.0000000000,424.0881889753,10.8114049396,0.0000000000,366.3887497592,356.1321504645,366.3887497592,438.8114049396,434.8995939149,Medium,0: optimal
2017-12-20 00:00:00,2017-12-20,LightGBM,425.0000000000,417.0981399786,20.4961726730,0.0000000000,385.8331264480,366.3887497592,385.8331264480,445.4961726730,437.5943126516,Medium,0: optimal
2017-12-20 01:00:00,2017-12-20,LightGBM,422.0000000000,412.4789976304,25.1153150212,0.0000000000,409.6596063339,385.8331264480,409.6596063339,447.1153150212,437.5943126516,Medium,0: optimal
2017-12-20 02:00:00,2017-12-20,LightGBM,419.0000000000,413.2874515542,24.3068610974,0.0000000000,432.7191194850,409.6596063339,432.7191194850,443.3068610974,437.5943126516,Medium,0: optimal
2017-12-20 03:00:00,2017-12-20,LightGBM,418.0000000000,412.2583872006,25.3359254510,0.0000000000,456.7548888010,432.7191194850,456.7548888010,443.3359254510,437.5943126516,Medium,0: optimal
2017-12-20 04:00:00,2017-12-20,LightGBM,416.0000000000,411.8231219652,25.7711906864,0.0000000000,481.2035869760,456.7548888010,481.2035869760,441.7711906864,437.5943126516,Medium,0: optimal
2017-12-20 05:00:00,2017-12-20,LightGBM,417.0000000000,411.8460190220,25.7482936296,0.0000000000,505.6305630957,481.2035869760,505.6305630957,442.7482936296,437.5943126516,Medium,0: optimal
2017-12-20 06:00:00,2017-12-20,LightGBM,417.0000000000,413.3590898176,24.2352228340,0.0000000000,528.6221142228,505.6305630957,528.6221142228,441.2352228340,437.5943126516,Medium,0: optimal
2017-12-20 07:00:00,2017-12-20,LightGBM,422.0000000000,419.5992283115,17.9950843401,0.0000000000,545.6937501833,528.6221142228,545.6937501833,439.9950843401,437.5943126516,Medium,0: optimal
2017-12-20 08:00:00,2017-12-20,LightGBM,422.0000000000,429.1541778330,8.4401348186,0.0000000000,553.7007651190,545.6937501833,553.7007651190,430.4401348186,437.5943126516,Medium,0: optimal
2017-12-20 09:00:00,2017-12-20,LightGBM,433.0000000000,435.6985100073,1.8958026443,0.0000000000,555.4992814241,553.7007651190,555.4992814241,434.8958026443,437.5943126516,Medium,0: optimal
2017-12-20 10:00:00,2017-12-20,LightGBM,449.0000000000,446.5096698090,0.0000000000,8.9153571574,546.1016698336,555.4992814241,546.1016698336,440.0846428426,437.5943126516,Medium,0: optimal
2017-12-20 11:00:00,2017-12-20,LightGBM,456.0000000000,456.0701559671,0.0000000000,18.4758433155,526.6264209771,546.1016698336,526.6264209771,437.5241566845,437.5943126516,Medium,0: optimal
2017-12-20 12:00:00,2017-12-20,LightGBM,461.0000000000,458.9287400093,0.0000000000,21.3344273577,504.1379599685,526.6264209771,504.1379599685,439.6655726423,437.5943126516,Medium,0: optimal
2017-12-20 13:00:00,2017-12-20,LightGBM,457.0000000000,457.7201109476,0.0000000000,20.1257982960,482.9235058537,504.1379599685,482.9235058537,436.8742017040,437.5943126516,Medium,0: optimal
2017-12-20 14:00:00,2017-12-20,LightGBM,456.0000000000,463.0455671371,0.0000000000,25.4512544856,456.0955280260,482.9235058537,456.0955280260,430.5487455144,437.5943126516,Medium,0: optimal
2017-12-20 15:00:00,2017-12-20,LightGBM,455.0000000000,463.7315887207,0.0000000000,26.1372760692,428.5444199556,456.0955280260,428.5444199556,428.8627239308,437.5943126516,Medium,0: optimal
2017-12-20 16:00:00,2017-12-20,LightGBM,456.0000000000,464.0908338358,0.0000000000,26.4965211842,400.6146342847,428.5444199556,400.6146342847,429.5034788158,437.5943126516,Medium,0: optimal
2017-12-20 17:00:00,2017-12-20,LightGBM,454.0000000000,463.7167701319,0.0000000000,26.1224574803,373.0791463784,400.6146342847,373.0791463784,427.8775425197,437.5943126516,Medium,0: optimal
2017-12-20 18:00:00,2017-12-20,LightGBM,451.0000000000,456.7416058691,0.0000000000,19.1472932175,352.8961271803,373.0791463784,352.8961271803,431.8527067825,437.5943126516,Medium,0: optimal
2017-12-20 19:00:00,2017-12-20,LightGBM,439.0000000000,444.8271534577,0.0000000000,7.2328408061,345.2720435467,352.8961271803,345.2720435467,431.7671591939,437.5943126516,Medium,0: optimal
2017-12-20 20:00:00,2017-12-20,LightGBM,433.0000000000,437.4752191860,0.1190934656,0.0000000000,345.3850255284,345.2720435467,345.3850255284,433.1190934656,437.5943126516,Medium,0: optimal
2017-12-20 21:00:00,2017-12-20,LightGBM,424.0000000000,433.5470955563,4.0472170953,0.0000000000,349.2245527903,345.3850255284,349.2245527903,428.0472170953,437.5943126516,Medium,0: optimal
2017-12-20 22:00:00,2017-12-20,LightGBM,418.0000000000,429.3616986521,8.2326139995,0.0000000000,357.0346961909,349.2245527903,357.0346961909,426.2326139995,437.5943126516,Medium,0: optimal
2017-12-20 23:00:00,2017-12-20,LightGBM,419.0000000000,427.7342744412,9.8600382104,0.0000000000,366.3887497592,357.0346961909,366.3887497592,428.8600382104,437.5943126516,Medium,0: optimal
2017-12-21 00:00:00,2017-12-21,LightGBM,415.0000000000,426.4998035109,9.6959032318,0.0000000000,375.5870912147,366.3887497592,375.5870912147,424.6959032318,436.1957067426,Medium,0: optimal
2017-12-21 01:00:00,2017-12-21,LightGBM,416.0000000000,422.9995761830,13.1961305596,0.0000000000,388.1060398755,375.5870912147,388.1060398755,429.1961305596,436.1957067426,Medium,0: optimal
2017-12-21 02:00:00,2017-12-21,LightGBM,413.0000000000,418.5165962945,17.6791104481,0.0000000000,404.8779166820,388.1060398755,404.8779166820,430.6791104481,436.1957067426,Medium,0: optimal
2017-12-21 03:00:00,2017-12-21,LightGBM,409.0000000000,416.5416392477,19.6540674949,0.0000000000,423.5234022532,404.8779166820,423.5234022532,428.6540674949,436.1957067426,Medium,0: optimal
2017-12-21 04:00:00,2017-12-21,LightGBM,407.0000000000,414.7094147029,21.4862920397,0.0000000000,443.9070886483,423.5234022532,443.9070886483,428.4862920397,436.1957067426,Medium,0: optimal
2017-12-21 05:00:00,2017-12-21,LightGBM,408.0000000000,412.1811301918,24.0145765508,0.0000000000,466.6893163318,443.9070886483,466.6893163318,432.0145765508,436.1957067426,Medium,0: optimal
2017-12-21 06:00:00,2017-12-21,LightGBM,408.0000000000,413.9499047792,22.2458019634,0.0000000000,487.7935371063,466.6893163318,487.7935371063,430.2458019634,436.1957067426,Medium,0: optimal
2017-12-21 07:00:00,2017-12-21,LightGBM,412.0000000000,419.3363933116,16.8593134310,0.0000000000,503.7876861749,487.7935371063,503.7876861749,428.8593134310,436.1957067426,Medium,0: optimal
2017-12-21 08:00:00,2017-12-21,LightGBM,416.0000000000,423.9544987918,12.2412079508,0.0000000000,515.4007157058,503.7876861749,515.4007157058,428.2412079508,436.1957067426,Medium,0: optimal
2017-12-21 09:00:00,2017-12-21,LightGBM,424.0000000000,434.2543944352,1.9413123074,0.0000000000,517.2424062682,515.4007157058,517.2424062682,425.9413123074,436.1957067426,Medium,0: optimal
2017-12-21 10:00:00,2017-12-21,LightGBM,438.0000000000,445.6103844179,0.0000000000,9.4146776753,507.3184646380,517.2424062682,507.3184646380,428.5853223247,436.1957067426,Medium,0: optimal
2017-12-21 11:00:00,2017-12-21,LightGBM,452.0000000000,455.6615586587,0.0000000000,19.4658519161,486.7996550879,507.3184646380,486.7996550879,432.5341480839,436.1957067426,Medium,0: optimal
2017-12-21 12:00:00,2017-12-21,LightGBM,460.0000000000,458.7321522459,0.0000000000,22.5364455033,463.0441557030,486.7996550879,463.0441557030,437.4635544967,436.1957067426,Medium,0: optimal
2017-12-21 13:00:00,2017-12-21,LightGBM,460.0000000000,457.0582252826,0.0000000000,20.8625185400,441.0531302650,463.0441557030,441.0531302650,439.1374814600,436.1957067426,Medium,0: optimal
2017-12-21 14:00:00,2017-12-21,LightGBM,456.0000000000,457.5013184915,0.0000000000,21.3056117488,418.5950435752,441.0531302650,418.5950435752,434.6943882512,436.1957067426,Medium,0: optimal
2017-12-21 15:00:00,2017-12-21,LightGBM,458.0000000000,455.6679538371,0.0000000000,19.4722470945,398.0694929151,418.5950435752,398.0694929151,438.5277529055,436.1957067426,Medium,0: optimal
2017-12-21 16:00:00,2017-12-21,LightGBM,455.0000000000,457.0716801707,0.0000000000,20.8759734281,376.0642847798,398.0694929151,376.0642847798,434.1240265719,436.1957067426,Medium,0: optimal
2017-12-21 17:00:00,2017-12-21,LightGBM,454.0000000000,452.8766896405,0.0000000000,16.6809828979,358.4809849240,376.0642847798,358.4809849240,437.3190171021,436.1957067426,Medium,0: optimal
2017-12-21 18:00:00,2017-12-21,LightGBM,445.0000000000,451.0789741136,0.0000000000,14.8832673709,342.7926436182,358.4809849240,342.7926436182,430.1167326291,436.1957067426,Medium,0: optimal
2017-12-21 19:00:00,2017-12-21,LightGBM,436.0000000000,441.9098724753,0.0000000000,5.7141657327,336.7693840705,342.7926436182,336.7693840705,430.2858342673,436.1957067426,Medium,0: optimal
2017-12-21 20:00:00,2017-12-21,LightGBM,434.0000000000,439.0127876825,0.0000000000,2.8170809399,333.7999200295,336.7693840705,333.7999200295,431.1829190601,436.1957067426,Medium,0: optimal
2017-12-21 21:00:00,2017-12-21,LightGBM,419.0000000000,430.8838210520,5.3118856907,0.0000000000,338.8392172653,333.7999200295,338.8392172653,424.3118856907,436.1957067426,Medium,0: optimal
2017-12-21 22:00:00,2017-12-21,LightGBM,416.0000000000,423.9398254169,12.2558813258,0.0000000000,350.4661671820,338.8392172653,350.4661671820,428.2558813258,436.1957067426,Medium,0: optimal
2017-12-21 23:00:00,2017-12-21,LightGBM,411.0000000000,419.4118310172,16.7838757254,0.0000000000,366.3887497592,350.4661671820,366.3887497592,427.7838757254,436.1957067426,Medium,0: optimal
2017-12-22 00:00:00,2017-12-22,LightGBM,409.0000000000,413.9340103072,13.5979392415,0.0000000000,379.2888876055,366.3887497592,379.2888876055,422.5979392415,427.5319495486,Medium,0: optimal
2017-12-22 01:00:00,2017-12-22,LightGBM,405.0000000000,411.3743094706,16.1576400781,0.0000000000,394.6173708835,379.2888876055,394.6173708835,421.1576400781,427.5319495486,Medium,0: optimal
2017-12-22 02:00:00,2017-12-22,LightGBM,403.0000000000,409.5818647990,17.9500847497,0.0000000000,411.6463164841,394.6173708835,411.6463164841,420.9500847497,427.5319495486,Medium,0: optimal
2017-12-22 03:00:00,2017-12-22,LightGBM,403.0000000000,408.5433052848,18.9886442638,0.0000000000,429.6605261498,411.6463164841,429.6605261498,421.9886442638,427.5319495486,Medium,0: optimal
2017-12-22 04:00:00,2017-12-22,LightGBM,405.0000000000,407.9669893474,19.5649602012,0.0000000000,448.2214771198,429.6605261498,448.2214771198,424.5649602012,427.5319495486,Medium,0: optimal
2017-12-22 05:00:00,2017-12-22,LightGBM,402.0000000000,407.9699200025,19.5620295461,0.0000000000,466.7796478262,448.2214771198,466.7796478262,421.5620295461,427.5319495486,Medium,0: optimal
2017-12-22 06:00:00,2017-12-22,LightGBM,405.0000000000,407.1955213753,20.3364281734,0.0000000000,486.0724775762,466.7796478262,486.0724775762,425.3364281734,427.5319495486,Medium,0: optimal
2017-12-22 07:00:00,2017-12-22,LightGBM,405.0000000000,409.6490182564,17.8829312922,0.0000000000,503.0377158133,486.0724775762,503.0377158133,422.8829312922,427.5319495486,Medium,0: optimal
2017-12-22 08:00:00,2017-12-22,LightGBM,427.0000000000,413.5483331892,13.9836163594,0.0000000000,516.3037390999,503.0377158133,516.3037390999,440.9836163594,427.5319495486,Medium,0: optimal
2017-12-22 09:00:00,2017-12-22,LightGBM,409.0000000000,420.6599040777,6.8720454710,0.0000000000,522.8231338616,516.3037390999,522.8231338616,415.8720454710,427.5319495486,Medium,0: optimal
2017-12-22 10:00:00,2017-12-22,LightGBM,436.0000000000,429.5119650683,0.0000000000,1.9800155196,520.7360142468,522.8231338616,520.7360142468,434.0199844804,427.5319495486,Medium,0: optimal
2017-12-22 11:00:00,2017-12-22,LightGBM,444.0000000000,445.8154012182,0.0000000000,18.2834516696,501.4635639917,520.7360142468,501.4635639917,425.7165483304,427.5319495486,Medium,0: optimal
2017-12-22 12:00:00,2017-12-22,LightGBM,440.0000000000,454.4420375511,0.0000000000,26.9100880025,473.0978406172,501.4635639917,473.0978406172,413.0899119975,427.5319495486,Medium,0: optimal
2017-12-22 13:00:00,2017-12-22,LightGBM,425.0000000000,454.7235600986,0.0000000000,27.1916105499,444.4353664219,473.0978406172,444.4353664219,397.8083894501,427.5319495486,Medium,0: optimal
2017-12-22 14:00:00,2017-12-22,LightGBM,431.0000000000,453.9842632612,0.0000000000,26.4523137126,416.5521795175,444.4353664219,416.5521795175,404.5476862874,427.5319495486,Medium,0: optimal
2017-12-22 15:00:00,2017-12-22,LightGBM,426.0000000000,453.4265535038,0.0000000000,25.8946039552,389.2568703154,416.5521795175,389.2568703154,400.1053960448,427.5319495486,Medium,0: optimal
2017-12-22 16:00:00,2017-12-22,LightGBM,423.0000000000,449.1643371555,0.0000000000,21.6323876069,366.4543316270,389.2568703154,366.4543316270,401.3676123931,427.5319495486,Medium,0: optimal
2017-12-22 17:00:00,2017-12-22,LightGBM,420.0000000000,446.9411589607,0.0000000000,19.4092094121,345.9952285185,366.4543316270,345.9952285185,400.5907905879,427.5319495486,Medium,0: optimal
2017-12-22 18:00:00,2017-12-22,LightGBM,410.0000000000,438.2947180912,0.0000000000,10.7627685425,334.6502743440,345.9952285185,334.6502743440,399.2372314575,427.5319495486,Medium,0: optimal
2017-12-22 19:00:00,2017-12-22,LightGBM,399.0000000000,430.6344861639,0.0000000000,3.1025366153,331.3799136012,334.6502743440,331.3799136012,395.8974633847,427.5319495486,Medium,0: optimal
2017-12-22 20:00:00,2017-12-22,LightGBM,395.0000000000,428.9733941386,0.0000000000,1.4414445899,329.8604975928,331.3799136012,329.8604975928,393.5585554101,427.5319495486,Medium,0: optimal
2017-12-22 21:00:00,2017-12-22,LightGBM,393.0000000000,418.7480499857,8.7838995629,0.0000000000,338.1936363999,329.8604975928,338.1936363999,401.7838995629,427.5319495486,Medium,0: optimal
2017-12-22 22:00:00,2017-12-22,LightGBM,389.0000000000,414.9211759968,12.6107735519,0.0000000000,350.1572666441,338.1936363999,350.1572666441,401.6107735519,427.5319495486,Medium,0: optimal
2017-12-22 23:00:00,2017-12-22,LightGBM,389.0000000000,410.4224640666,17.1094854821,0.0000000000,366.3887497592,350.1572666441,366.3887497592,406.1094854821,427.5319495486,Medium,0: optimal
2017-12-23 00:00:00,2017-12-23,LightGBM,389.0000000000,407.3468546225,5.2764378455,0.0000000000,371.3944182164,366.3887497592,371.3944182164,394.2764378455,412.6232924680,Medium,0: optimal
2017-12-23 01:00:00,2017-12-23,LightGBM,387.0000000000,404.4801696368,8.1431228311,0.0000000000,379.1196628403,371.3944182164,379.1196628403,395.1431228311,412.6232924680,Medium,0: optimal
2017-12-23 02:00:00,2017-12-23,LightGBM,385.0000000000,408.4090963473,4.2141961207,0.0000000000,383.1176003147,379.1196628403,383.1176003147,389.2141961207,412.6232924680,Medium,0: optimal
2017-12-23 03:00:00,2017-12-23,LightGBM,386.0000000000,406.0819550340,6.5413374340,0.0000000000,389.3232578852,383.1176003147,389.3232578852,392.5413374340,412.6232924680,Medium,0: optimal
2017-12-23 04:00:00,2017-12-23,LightGBM,385.0000000000,403.6442928915,8.9789995765,0.0000000000,397.8414848167,389.3232578852,397.8414848167,393.9789995765,412.6232924680,Medium,0: optimal
2017-12-23 05:00:00,2017-12-23,LightGBM,384.0000000000,407.7312006400,4.8920918280,0.0000000000,402.4825306264,397.8414848167,402.4825306264,388.8920918280,412.6232924680,Medium,0: optimal
2017-12-23 06:00:00,2017-12-23,LightGBM,385.0000000000,403.2640917893,9.3592006787,0.0000000000,411.3614479934,402.4825306264,411.3614479934,394.3592006787,412.6232924680,Medium,0: optimal
2017-12-23 07:00:00,2017-12-23,LightGBM,387.0000000000,401.5694122749,11.0538801931,0.0000000000,421.8480795112,411.3614479934,421.8480795112,398.0538801931,412.6232924680,Medium,0: optimal
2017-12-23 08:00:00,2017-12-23,LightGBM,382.0000000000,405.1657205265,7.4575719415,0.0000000000,428.9229534561,421.8480795112,428.9229534561,389.4575719415,412.6232924680,Medium,0: optimal
2017-12-23 09:00:00,2017-12-23,LightGBM,389.0000000000,405.6475350168,6.9757574512,0.0000000000,435.5407380413,428.9229534561,435.5407380413,395.9757574512,412.6232924680,Medium,0: optimal
2017-12-23 10:00:00,2017-12-23,LightGBM,385.0000000000,407.7533558918,4.8699365762,0.0000000000,440.1607655337,435.5407380413,440.1607655337,389.8699365762,412.6232924680,Medium,0: optimal
2017-12-23 11:00:00,2017-12-23,LightGBM,388.0000000000,411.0555492006,1.5677432674,0.0000000000,441.6480573871,440.1607655337,441.6480573871,389.5677432674,412.6232924680,Medium,0: optimal
2017-12-23 12:00:00,2017-12-23,LightGBM,394.0000000000,414.4707468024,0.0000000000,1.8474543345,439.7006695304,441.6480573871,439.7006695304,392.1525456655,412.6232924680,Medium,0: optimal
2017-12-23 13:00:00,2017-12-23,LightGBM,396.0000000000,414.9283731095,0.0000000000,2.3050806415,437.2709011912,439.7006695304,437.2709011912,393.6949193585,412.6232924680,Medium,0: optimal
2017-12-23 14:00:00,2017-12-23,LightGBM,395.0000000000,419.6883107689,0.0000000000,7.0650183009,429.8237180107,437.2709011912,429.8237180107,387.9349816991,412.6232924680,Medium,0: optimal
2017-12-23 15:00:00,2017-12-23,LightGBM,399.0000000000,423.2504139389,0.0000000000,10.6271214710,418.6217484042,429.8237180107,418.6217484042,388.3728785290,412.6232924680,Medium,0: optimal
2017-12-23 16:00:00,2017-12-23,LightGBM,399.0000000000,422.5195193367,0.0000000000,9.8962268687,408.1902093552,418.6217484042,408.1902093552,389.1037731313,412.6232924680,Medium,0: optimal
2017-12-23 17:00:00,2017-12-23,LightGBM,400.0000000000,419.4416420620,0.0000000000,6.8183495940,401.0030378218,408.1902093552,401.0030378218,393.1816504060,412.6232924680,Medium,0: optimal
2017-12-23 18:00:00,2017-12-23,LightGBM,399.0000000000,417.1724801154,0.0000000000,4.5491876474,396.2077729986,401.0030378218,396.2077729986,394.4508123526,412.6232924680,Medium,0: optimal
2017-12-23 19:00:00,2017-12-23,LightGBM,398.0000000000,420.5264176260,0.0000000000,7.9031251580,387.8771476211,396.2077729986,387.8771476211,390.0968748420,412.6232924680,Medium,0: optimal
2017-12-23 20:00:00,2017-12-23,LightGBM,396.0000000000,420.5793666419,0.0000000000,7.9560741739,379.4907090802,387.8771476211,379.4907090802,388.0439258261,412.6232924680,Medium,0: optimal
2017-12-23 21:00:00,2017-12-23,LightGBM,389.0000000000,415.7290031317,0.0000000000,3.1057106637,376.2170025966,379.4907090802,376.2170025966,385.8942893363,412.6232924680,Medium,0: optimal
2017-12-23 22:00:00,2017-12-23,LightGBM,392.0000000000,415.9781990393,0.0000000000,3.3549065713,372.6806205625,376.2170025966,372.6806205625,388.6450934287,412.6232924680,Medium,0: optimal
2017-12-23 23:00:00,2017-12-23,LightGBM,392.0000000000,418.5922852125,0.0000000000,5.9689927446,366.3887497592,372.6806205625,366.3887497592,386.0310072554,412.6232924680,Medium,0: optimal
2017-12-24 00:00:00,2017-12-24,LightGBM,391.0000000000,415.8719429501,2.0292271529,0.0000000000,368.3138436671,366.3887497592,368.3138436671,393.0292271529,417.9011701029,Medium,0: optimal
2017-12-24 01:00:00,2017-12-24,LightGBM,390.0000000000,413.9639961228,3.9371739802,0.0000000000,372.0489748636,368.3138436671,372.0489748636,393.9371739802,417.9011701029,Medium,0: optimal
2017-12-24 02:00:00,2017-12-24,LightGBM,388.0000000000,413.5385419871,4.3626281158,0.0000000000,376.1877272927,372.0489748636,376.1877272927,392.3626281158,417.9011701029,Medium,0: optimal
2017-12-24 03:00:00,2017-12-24,LightGBM,390.0000000000,412.8010550636,5.1001150393,0.0000000000,381.0261212486,376.1877272927,381.0261212486,395.1001150393,417.9011701029,Medium,0: optimal
2017-12-24 04:00:00,2017-12-24,LightGBM,387.0000000000,411.4148860366,6.4862840663,0.0000000000,387.1795506088,381.0261212486,387.1795506088,393.4862840663,417.9011701029,Medium,0: optimal
2017-12-24 05:00:00,2017-12-24,LightGBM,386.0000000000,412.9863876159,4.9147824871,0.0000000000,391.8421226678,387.1795506088,391.8421226678,390.9147824871,417.9011701029,Medium,0: optimal
2017-12-24 06:00:00,2017-12-24,LightGBM,387.0000000000,412.1870914569,5.7140786460,0.0000000000,397.2629736430,391.8421226678,397.2629736430,392.7140786460,417.9011701029,Medium,0: optimal
2017-12-24 07:00:00,2017-12-24,LightGBM,385.0000000000,413.9340699790,3.9671001240,0.0000000000,401.0264952723,397.2629736430,401.0264952723,388.9671001240,417.9011701029,Medium,0: optimal
2017-12-24 08:00:00,2017-12-24,LightGBM,388.0000000000,414.8626889142,3.0384811888,0.0000000000,403.9090516276,401.0264952723,403.9090516276,391.0384811888,417.9011701029,Medium,0: optimal
2017-12-24 09:00:00,2017-12-24,LightGBM,389.0000000000,416.5429851343,1.3581849687,0.0000000000,405.1975390230,403.9090516276,405.1975390230,390.3581849687,417.9011701029,Medium,0: optimal
2017-12-24 10:00:00,2017-12-24,LightGBM,387.0000000000,422.9119265384,0.0000000000,5.0107564354,399.9157379776,405.1975390230,399.9157379776,381.9892435646,417.9011701029,Medium,0: optimal
2017-12-24 11:00:00,2017-12-24,LightGBM,387.0000000000,417.7005207638,0.2006493392,0.0000000000,400.1060906545,399.9157379776,400.1060906545,387.2006493392,417.9011701029,Medium,0: optimal
2017-12-24 12:00:00,2017-12-24,LightGBM,389.0000000000,418.3740053673,0.0000000000,0.4728352643,399.6076785233,400.1060906545,399.6076785233,388.5271647357,417.9011701029,Medium,0: optimal
2017-12-24 13:00:00,2017-12-24,LightGBM,391.0000000000,417.6365036999,0.2646664031,0.0000000000,399.8587631195,399.6076785233,399.8587631195,391.2646664031,417.9011701029,Medium,0: optimal
2017-12-24 14:00:00,2017-12-24,LightGBM,394.0000000000,419.3634015305,0.0000000000,1.4622314276,398.3174358604,399.8587631195,398.3174358604,392.5377685724,417.9011701029,Medium,0: optimal
2017-12-24 15:00:00,2017-12-24,LightGBM,392.0000000000,420.5937732517,0.0000000000,2.6926031488,395.4791829320,398.3174358604,395.4791829320,389.3073968512,417.9011701029,Medium,0: optimal
2017-12-24 16:00:00,2017-12-24,LightGBM,393.0000000000,420.8241534861,0.0000000000,2.9229833832,392.3980879141,395.4791829320,392.3980879141,390.0770166168,417.9011701029,Medium,0: optimal
2017-12-24 17:00:00,2017-12-24,LightGBM,394.0000000000,422.0091762846,0.0000000000,4.1080061817,388.0678691887,392.3980879141,388.0678691887,389.8919938183,417.9011701029,Medium,0: optimal
2017-12-24 18:00:00,2017-12-24,LightGBM,391.0000000000,423.2474657579,0.0000000000,5.3462956550,382.4323787505,388.0678691887,382.4323787505,385.6537043450,417.9011701029,Medium,0: optimal
2017-12-24 19:00:00,2017-12-24,LightGBM,390.0000000000,423.6796951689,0.0000000000,5.7785250659,376.3412785090,382.4323787505,376.3412785090,384.2214749341,417.9011701029,Medium,0: optimal
2017-12-24 20:00:00,2017-12-24,LightGBM,394.0000000000,423.2116285495,0.0000000000,5.3104584466,370.7435638054,376.3412785090,370.7435638054,388.6895415534,417.9011701029,Medium,0: optimal
2017-12-24 21:00:00,2017-12-24,LightGBM,395.0000000000,420.7599218330,0.0000000000,2.8587517300,367.7301748948,370.7435638054,367.7301748948,392.1412482700,417.9011701029,Medium,0: optimal
2017-12-24 22:00:00,2017-12-24,LightGBM,388.0000000000,420.2317460703,0.0000000000,2.3305759673,365.2735321225,367.7301748948,365.2735321225,385.6694240327,417.9011701029,Medium,0: optimal
2017-12-24 23:00:00,2017-12-24,LightGBM,387.0000000000,416.7256274967,1.1755426062,0.0000000000,366.3887497592,365.2735321225,366.3887497592,388.1755426062,417.9011701029,Medium,0: optimal
2017-12-25 00:00:00,2017-12-25,LightGBM,387.0000000000,416.5290289817,20.5149689187,0.0000000000,385.8509581324,366.3887497592,385.8509581324,407.5149689187,437.0439979004,Medium,0: optimal
2017-12-25 01:00:00,2017-12-25,LightGBM,385.0000000000,415.8329622824,21.2110356180,0.0000000000,405.9735133576,385.8509581324,405.9735133576,406.2110356180,437.0439979004,Medium,0: optimal
2017-12-25 02:00:00,2017-12-25,LightGBM,386.0000000000,418.3030936648,18.7409042356,0.0000000000,423.7526961963,405.9735133576,423.7526961963,404.7409042356,437.0439979004,Medium,0: optimal
2017-12-25 03:00:00,2017-12-25,LightGBM,387.0000000000,417.0158788291,20.0281190714,0.0000000000,442.7530382506,423.7526961963,442.7530382506,407.0281190714,437.0439979004,Medium,0: optimal
2017-12-25 04:00:00,2017-12-25,LightGBM,387.0000000000,417.5421497968,19.5018481036,0.0000000000,461.2541158277,442.7530382506,461.2541158277,406.5018481036,437.0439979004,Medium,0: optimal
2017-12-25 05:00:00,2017-12-25,LightGBM,385.0000000000,418.6989539462,18.3450439543,0.0000000000,478.6577526291,461.2541158277,478.6577526291,403.3450439543,437.0439979004,Medium,0: optimal
2017-12-25 06:00:00,2017-12-25,LightGBM,385.0000000000,418.9616405595,18.0823573410,0.0000000000,495.8121830278,478.6577526291,495.8121830278,403.0823573410,437.0439979004,Medium,0: optimal
2017-12-25 07:00:00,2017-12-25,LightGBM,382.0000000000,418.2386762257,18.8053216748,0.0000000000,513.6524776152,495.8121830278,513.6524776152,400.8053216748,437.0439979004,Medium,0: optimal
2017-12-25 08:00:00,2017-12-25,LightGBM,384.0000000000,426.7266870780,10.3173108224,0.0000000000,523.4403380732,513.6524776152,523.4403380732,394.3173108224,437.0439979004,Medium,0: optimal
2017-12-25 09:00:00,2017-12-25,LightGBM,384.0000000000,430.6164672971,6.4275306034,0.0000000000,529.5380290043,523.4403380732,529.5380290043,390.4275306034,437.0439979004,Medium,0: optimal
2017-12-25 10:00:00,2017-12-25,LightGBM,385.0000000000,449.0357022447,0.0000000000,11.9917043443,516.8976627525,529.5380290043,516.8976627525,373.0082956557,437.0439979004,Medium,0: optimal
2017-12-25 11:00:00,2017-12-25,LightGBM,385.0000000000,458.8692556145,0.0000000000,21.8252577141,493.8918211203,516.8976627525,493.8918211203,363.1747422859,437.0439979004,Medium,0: optimal
2017-12-25 12:00:00,2017-12-25,LightGBM,388.0000000000,463.1742900285,0.0000000000,26.1302921281,466.3480747702,493.8918211203,466.3480747702,361.8697078719,437.0439979004,Medium,0: optimal
2017-12-25 13:00:00,2017-12-25,LightGBM,390.0000000000,458.7686565956,0.0000000000,21.7246586951,443.4482738147,466.3480747702,443.4482738147,368.2753413049,437.0439979004,Medium,0: optimal
2017-12-25 14:00:00,2017-12-25,LightGBM,389.0000000000,459.4834697921,0.0000000000,22.4394718916,419.7949935918,443.4482738147,419.7949935918,366.5605281084,437.0439979004,Medium,0: optimal
2017-12-25 15:00:00,2017-12-25,LightGBM,387.0000000000,457.0286480831,0.0000000000,19.9846501826,398.7293226522,419.7949935918,398.7293226522,367.0153498174,437.0439979004,Medium,0: optimal
2017-12-25 16:00:00,2017-12-25,LightGBM,390.0000000000,456.2400385140,0.0000000000,19.1960406135,378.4949191869,398.7293226522,378.4949191869,370.8039593865,437.0439979004,Medium,0: optimal
2017-12-25 17:00:00,2017-12-25,LightGBM,390.0000000000,453.5279583011,0.0000000000,16.4839604007,361.1192992782,378.4949191869,361.1192992782,373.5160395993,437.0439979004,Medium,0: optimal
2017-12-25 18:00:00,2017-12-25,LightGBM,387.0000000000,449.5928184909,0.0000000000,12.5488205904,347.8916809400,361.1192992782,347.8916809400,374.4511794096,437.0439979004,Medium,0: optimal
2017-12-25 19:00:00,2017-12-25,LightGBM,386.0000000000,439.2362303318,0.0000000000,2.1922324313,345.5808650589,347.8916809400,345.5808650589,383.8077675687,437.0439979004,Medium,0: optimal
2017-12-25 20:00:00,2017-12-25,LightGBM,383.0000000000,441.9163044818,0.0000000000,4.8723065814,340.4450029736,345.5808650589,340.4450029736,378.1276934186,437.0439979004,Medium,0: optimal
2017-12-25 21:00:00,2017-12-25,LightGBM,383.0000000000,432.4420906699,4.6019072305,0.0000000000,344.8107555024,340.4450029736,344.8107555024,387.6019072305,437.0439979004,Medium,0: optimal
2017-12-25 22:00:00,2017-12-25,LightGBM,382.0000000000,426.3076272086,10.7363706918,0.0000000000,354.9961710594,344.8107555024,354.9961710594,392.7363706918,437.0439979004,Medium,0: optimal
2017-12-25 23:00:00,2017-12-25,LightGBM,382.0000000000,425.0351655291,12.0088323714,0.0000000000,366.3887497592,354.9961710594,366.3887497592,394.0088323714,437.0439979004,Medium,0: optimal
2017-12-26 00:00:00,2017-12-26,LightGBM,379.0000000000,422.2428096387,11.0422216645,0.0000000000,376.8643210257,366.3887497592,376.8643210257,390.0422216645,433.2850313032,Medium,0: optimal
2017-12-26 01:00:00,2017-12-26,LightGBM,382.0000000000,420.1241047204,13.1609265828,0.0000000000,389.3498722616,376.8643210257,389.3498722616,395.1609265828,433.2850313032,Medium,0: optimal
2017-12-26 02:00:00,2017-12-26,LightGBM,382.0000000000,418.7489257904,14.5361055128,0.0000000000,403.1400327803,389.3498722616,403.1400327803,396.5361055128,433.2850313032,Medium,0: optimal
2017-12-26 03:00:00,2017-12-26,LightGBM,383.0000000000,418.0840559686,15.2009753346,0.0000000000,417.5609441944,403.1400327803,417.5609441944,398.2009753346,433.2850313032,Medium,0: optimal
2017-12-26 04:00:00,2017-12-26,LightGBM,381.0000000000,418.8799109034,14.4051203998,0.0000000000,431.2268413241,417.5609441944,431.2268413241,395.4051203998,433.2850313032,Medium,0: optimal
2017-12-26 05:00:00,2017-12-26,LightGBM,383.0000000000,419.0871751622,14.1978561410,0.0000000000,444.6961103132,431.2268413241,444.6961103132,397.1978561410,433.2850313032,Medium,0: optimal
2017-12-26 06:00:00,2017-12-26,LightGBM,382.0000000000,418.9122027117,14.3728285916,0.0000000000,458.3313727438,444.6961103132,458.3313727438,396.3728285916,433.2850313032,Medium,0: optimal
2017-12-26 07:00:00,2017-12-26,LightGBM,381.0000000000,423.2344548763,10.0505764269,0.0000000000,467.8661867357,458.3313727438,467.8661867357,391.0505764269,433.2850313032,Medium,0: optimal
2017-12-26 08:00:00,2017-12-26,LightGBM,381.0000000000,439.6865341201,0.0000000000,6.4015028169,461.1184102859,467.8661867357,461.1184102859,374.5984971831,433.2850313032,Medium,0: optimal
2017-12-26 09:00:00,2017-12-26,LightGBM,381.0000000000,433.4698872322,0.0000000000,0.1848559290,460.9235550277,461.1184102859,460.9235550277,380.8151440710,433.2850313032,Medium,0: optimal
2017-12-26 10:00:00,2017-12-26,LightGBM,385.0000000000,444.4005756244,0.0000000000,11.1155443212,449.2067425318,460.9235550277,449.2067425318,373.8844556788,433.2850313032,Medium,0: optimal
2017-12-26 11:00:00,2017-12-26,LightGBM,392.0000000000,455.8073750516,0.0000000000,22.5223437483,425.4661077018,449.2067425318,425.4661077018,369.4776562517,433.2850313032,Medium,0: optimal
2017-12-26 12:00:00,2017-12-26,LightGBM,393.0000000000,455.7931068634,0.0000000000,22.5080755602,401.7405128627,425.4661077018,401.7405128627,370.4919244398,433.2850313032,Medium,0: optimal
2017-12-26 13:00:00,2017-12-26,LightGBM,394.0000000000,443.8473840897,0.0000000000,10.5623527865,390.6068154442,401.7405128627,390.6068154442,383.4376472135,433.2850313032,Medium,0: optimal
2017-12-26 14:00:00,2017-12-26,LightGBM,396.0000000000,445.5485923806,0.0000000000,12.2635610774,377.6798870344,390.6068154442,377.6798870344,383.7364389226,433.2850313032,Medium,0: optimal
2017-12-26 15:00:00,2017-12-26,LightGBM,397.0000000000,444.1546481860,0.0000000000,10.8696168828,366.2223048201,377.6798870344,366.2223048201,386.1303831172,433.2850313032,Medium,0: optimal
2017-12-26 16:00:00,2017-12-26,LightGBM,399.0000000000,441.0724452691,0.0000000000,7.7874139659,358.0136497485,366.2223048201,358.0136497485,391.2125860341,433.2850313032,Medium,0: optimal
2017-12-26 17:00:00,2017-12-26,LightGBM,400.0000000000,438.4275039895,0.0000000000,5.1424726863,352.5930075838,358.0136497485,352.5930075838,394.8575273137,433.2850313032,Medium,0: optimal
2017-12-26 18:00:00,2017-12-26,LightGBM,396.0000000000,427.7087385740,5.5762927292,0.0000000000,357.8831433610,352.5930075838,357.8831433610,401.5762927292,433.2850313032,Medium,0: optimal
2017-12-26 19:00:00,2017-12-26,LightGBM,396.0000000000,427.2918533831,5.9931779201,0.0000000000,363.5687711561,357.8831433610,363.5687711561,401.9931779201,433.2850313032,Medium,0: optimal
2017-12-26 20:00:00,2017-12-26,LightGBM,392.0000000000,429.2185381909,4.0664931124,0.0000000000,367.4265852534,363.5687711561,367.4265852534,396.0664931124,433.2850313032,Medium,0: optimal
2017-12-26 21:00:00,2017-12-26,LightGBM,386.0000000000,430.3335865313,2.9514447719,0.0000000000,370.2265716136,367.4265852534,370.2265716136,388.9514447719,433.2850313032,Medium,0: optimal
2017-12-26 22:00:00,2017-12-26,LightGBM,385.0000000000,435.8418203465,0.0000000000,2.5567890432,367.5314793226,370.2265716136,367.5314793226,382.4432109568,433.2850313032,Medium,0: optimal
2017-12-26 23:00:00,2017-12-26,LightGBM,384.0000000000,434.3691197542,0.0000000000,1.0840884510,366.3887497592,367.5314793226,366.3887497592,382.9159115490,433.2850313032,Medium,0: optimal
2017-12-27 00:00:00,2017-12-27,LightGBM,385.0000000000,438.8483569770,0.0000000000,5.4451660577,360.6490407659,366.3887497592,360.6490407659,379.5548339423,433.4031909193,Medium,0: optimal
2017-12-27 01:00:00,2017-12-27,LightGBM,386.0000000000,430.5648712376,2.8383196817,0.0000000000,363.3417072424,360.6490407659,363.3417072424,388.8383196817,433.4031909193,Medium,0: optimal
2017-12-27 02:00:00,2017-12-27,LightGBM,385.0000000000,430.9198377486,2.4833531707,0.0000000000,365.6976229186,363.3417072424,365.6976229186,387.4833531707,433.4031909193,Medium,0: optimal
2017-12-27 03:00:00,2017-12-27,LightGBM,386.0000000000,428.6391723658,4.7640185536,0.0000000000,370.2171677520,365.6976229186,370.2171677520,390.7640185536,433.4031909193,Medium,0: optimal
2017-12-27 04:00:00,2017-12-27,LightGBM,384.0000000000,430.0627510595,3.3404398598,0.0000000000,373.3861872551,370.2171677520,373.3861872551,387.3404398598,433.4031909193,Medium,0: optimal
2017-12-27 05:00:00,2017-12-27,LightGBM,385.0000000000,433.4545153986,0.0000000000,0.0513244793,373.3320865037,373.3861872551,373.3320865037,384.9486755207,433.4031909193,Medium,0: optimal
2017-12-27 06:00:00,2017-12-27,LightGBM,383.0000000000,431.8949600945,1.5082308248,0.0000000000,374.7629198968,373.3320865037,374.7629198968,384.5082308248,433.4031909193,Medium,0: optimal
2017-12-27 07:00:00,2017-12-27,LightGBM,386.0000000000,432.3539815010,1.0492094183,0.0000000000,375.7582873481,374.7629198968,375.7582873481,387.0492094183,433.4031909193,Medium,0: optimal
2017-12-27 08:00:00,2017-12-27,LightGBM,385.0000000000,440.9673690630,0.0000000000,7.5641781437,367.7849434944,375.7582873481,367.7849434944,377.4358218563,433.4031909193,Medium,0: optimal
2017-12-27 09:00:00,2017-12-27,LightGBM,389.0000000000,437.2073322307,0.0000000000,3.8041413114,363.7750264660,367.7849434944,363.7750264660,385.1958586886,433.4031909193,Medium,0: optimal
2017-12-27 10:00:00,2017-12-27,LightGBM,401.0000000000,437.8871598081,0.0000000000,4.4839688888,359.0485082507,363.7750264660,359.0485082507,396.5160311112,433.4031909193,Medium,0: optimal
2017-12-27 11:00:00,2017-12-27,LightGBM,407.0000000000,437.2714086037,0.0000000000,3.8682176844,354.9710487946,359.0485082507,354.9710487946,403.1317823156,433.4031909193,Medium,0: optimal
2017-12-27 12:00:00,2017-12-27,LightGBM,413.0000000000,432.9907524441,0.4124384752,0.0000000000,355.3623222876,354.9710487946,355.3623222876,413.4124384752,433.4031909193,Medium,0: optimal
2017-12-27 13:00:00,2017-12-27,LightGBM,413.0000000000,431.9972162871,1.4059746322,0.0000000000,356.6961469386,355.3623222876,356.6961469386,414.4059746322,433.4031909193,Medium,0: optimal
2017-12-27 14:00:00,2017-12-27,LightGBM,424.0000000000,433.5093714536,0.0000000000,0.1061805343,356.5842228281,356.6961469386,356.5842228281,423.8938194657,433.4031909193,Medium,0: optimal
2017-12-27 15:00:00,2017-12-27,LightGBM,426.0000000000,432.9580021427,0.4451887767,0.0000000000,357.0065659850,356.5842228281,357.0065659850,426.4451887767,433.4031909193,Medium,0: optimal
2017-12-27 16:00:00,2017-12-27,LightGBM,424.0000000000,435.3932797033,0.0000000000,1.9900887840,354.9088282172,357.0065659850,354.9088282172,422.0099112160,433.4031909193,Medium,0: optimal
2017-12-27 17:00:00,2017-12-27,LightGBM,426.0000000000,433.8726811613,0.0000000000,0.4694902420,354.4139420492,354.9088282172,354.4139420492,425.5305097580,433.4031909193,Medium,0: optimal
2017-12-27 18:00:00,2017-12-27,LightGBM,419.0000000000,433.8136387676,0.0000000000,0.4104478483,353.9812920288,354.4139420492,353.9812920288,418.5895521517,433.4031909193,Medium,0: optimal
2017-12-27 19:00:00,2017-12-27,LightGBM,414.0000000000,431.3993759134,2.0038150059,0.0000000000,355.8822778573,353.9812920288,355.8822778573,416.0038150059,433.4031909193,Medium,0: optimal
2017-12-27 20:00:00,2017-12-27,LightGBM,412.0000000000,431.5527363617,1.8504545576,0.0000000000,357.6377731899,355.8822778573,357.6377731899,413.8504545576,433.4031909193,Medium,0: optimal
2017-12-27 21:00:00,2017-12-27,LightGBM,410.0000000000,430.1084156022,3.2947753171,0.0000000000,360.7634715041,357.6377731899,360.7634715041,413.2947753171,433.4031909193,Medium,0: optimal
2017-12-27 22:00:00,2017-12-27,LightGBM,404.0000000000,430.9334360791,2.4697548402,0.0000000000,363.1064866713,360.7634715041,363.1064866713,406.4697548402,433.4031909193,Medium,0: optimal
2017-12-27 23:00:00,2017-12-27,LightGBM,403.0000000000,429.9433818401,3.4598090792,0.0000000000,366.3887497592,363.1064866713,366.3887497592,406.4598090792,433.4031909193,Medium,0: optimal
2017-12-28 00:00:00,2017-12-28,LightGBM,402.0000000000,426.5010006486,1.4480776607,0.0000000000,367.7625168502,366.3887497592,367.7625168502,403.4480776607,427.9490783094,Medium,0: optimal
2017-12-28 01:00:00,2017-12-28,LightGBM,402.0000000000,425.8597415293,2.0893367800,0.0000000000,369.7446357574,367.7625168502,369.7446357574,404.0893367800,427.9490783094,Medium,0: optimal
2017-12-28 02:00:00,2017-12-28,LightGBM,401.0000000000,423.6033560853,4.3457222240,0.0000000000,373.8673498494,369.7446357574,373.8673498494,405.3457222240,427.9490783094,Medium,0: optimal
2017-12-28 03:00:00,2017-12-28,LightGBM,400.0000000000,423.5504904941,4.3985878152,0.0000000000,378.0402166447,373.8673498494,378.0402166447,404.3985878152,427.9490783094,Medium,0: optimal
2017-12-28 04:00:00,2017-12-28,LightGBM,400.0000000000,424.2395085883,3.7095697211,0.0000000000,381.5594234820,378.0402166447,381.5594234820,403.7095697211,427.9490783094,Medium,0: optimal
2017-12-28 05:00:00,2017-12-28,LightGBM,400.0000000000,423.6160934162,4.3329848931,0.0000000000,385.6700538808,381.5594234820,385.6700538808,404.3329848931,427.9490783094,Medium,0: optimal
2017-12-28 06:00:00,2017-12-28,LightGBM,397.0000000000,427.1413063233,0.8077719860,0.0000000000,386.4363736726,385.6700538808,386.4363736726,397.8077719860,427.9490783094,Medium,0: optimal
2017-12-28 07:00:00,2017-12-28,LightGBM,399.0000000000,428.7348774282,0.0000000000,0.7857991189,385.6080686729,386.4363736726,385.6080686729,398.2142008811,427.9490783094,Medium,0: optimal
2017-12-28 08:00:00,2017-12-28,LightGBM,414.0000000000,433.4316244750,0.0000000000,5.4825461656,379.8289575861,385.6080686729,379.8289575861,408.5174538344,427.9490783094,Medium,0: optimal
2017-12-28 09:00:00,2017-12-28,LightGBM,400.0000000000,429.0191291433,0.0000000000,1.0700508340,378.7010249703,379.8289575861,378.7010249703,398.9299491660,427.9490783094,Medium,0: optimal
2017-12-28 10:00:00,2017-12-28,LightGBM,414.0000000000,431.5436329491,0.0000000000,3.5945546398,374.9120316918,378.7010249703,374.9120316918,410.4054453602,427.9490783094,Medium,0: optimal
2017-12-28 11:00:00,2017-12-28,LightGBM,420.0000000000,425.4108701453,2.5382081640,0.0000000000,377.3199873840,374.9120316918,377.3199873840,422.5382081640,427.9490783094,Medium,0: optimal
2017-12-28 12:00:00,2017-12-28,LightGBM,422.0000000000,427.9938604828,0.0000000000,0.0447821734,377.2727828285,377.3199873840,377.2727828285,421.9552178266,427.9490783094,Medium,0: optimal
2017-12-28 13:00:00,2017-12-28,LightGBM,427.0000000000,426.0747760353,1.8743022740,0.0000000000,379.0509020913,377.2727828285,379.0509020913,428.8743022740,427.9490783094,Medium,0: optimal
2017-12-28 14:00:00,2017-12-28,LightGBM,426.0000000000,434.3384052496,0.0000000000,6.3893269402,372.3159601425,379.0509020913,372.3159601425,419.6106730598,427.9490783094,Medium,0: optimal
2017-12-28 15:00:00,2017-12-28,LightGBM,427.0000000000,440.4473191289,0.0000000000,12.4982408196,359.1416575641,372.3159601425,359.1416575641,414.5017591804,427.9490783094,Medium,0: optimal
2017-12-28 16:00:00,2017-12-28,LightGBM,426.0000000000,438.9866440772,0.0000000000,11.0375657678,347.5070416807,359.1416575641,347.5070416807,414.9624342322,427.9490783094,Medium,0: optimal
2017-12-28 17:00:00,2017-12-28,LightGBM,427.0000000000,437.3796622920,0.0000000000,9.4305839826,337.5663333304,347.5070416807,337.5663333304,417.5694160174,427.9490783094,Medium,0: optimal
2017-12-28 18:00:00,2017-12-28,LightGBM,424.0000000000,428.6855601563,0.0000000000,0.7364818469,336.7900132999,337.5663333304,336.7900132999,423.2635181531,427.9490783094,Medium,0: optimal
2017-12-28 19:00:00,2017-12-28,LightGBM,419.0000000000,422.7356555569,5.2134227525,0.0000000000,341.7359003908,336.7900132999,341.7359003908,424.2134227525,427.9490783094,Medium,0: optimal
2017-12-28 20:00:00,2017-12-28,LightGBM,414.0000000000,420.8962322202,7.0528460892,0.0000000000,348.4268176794,341.7359003908,348.4268176794,421.0528460892,427.9490783094,Medium,0: optimal
2017-12-28 21:00:00,2017-12-28,LightGBM,407.0000000000,421.1527726095,6.7963056999,0.0000000000,354.8743593853,348.4268176794,354.8743593853,413.7963056999,427.9490783094,Medium,0: optimal
2017-12-28 22:00:00,2017-12-28,LightGBM,403.0000000000,421.1182647126,6.8308135968,0.0000000000,361.3546381567,354.8743593853,361.3546381567,409.8308135968,427.9490783094,Medium,0: optimal
2017-12-28 23:00:00,2017-12-28,LightGBM,404.0000000000,422.6426587562,5.3064195532,0.0000000000,366.3887497592,361.3546381567,366.3887497592,409.3064195532,427.9490783094,Medium,0: optimal
2017-12-29 00:00:00,2017-12-29,LightGBM,403.0000000000,415.2304681372,6.3640537384,0.0000000000,372.4262212487,366.3887497592,372.4262212487,409.3640537384,421.5945218757,Medium,0: optimal
2017-12-29 01:00:00,2017-12-29,LightGBM,399.0000000000,415.1614135637,6.4331083119,0.0000000000,378.5292036588,372.4262212487,378.5292036588,405.4331083119,421.5945218757,Medium,0: optimal
2017-12-29 02:00:00,2017-12-29,LightGBM,396.0000000000,414.0290332888,7.5654885869,0.0000000000,385.7064563228,378.5292036588,385.7064563228,403.5654885869,421.5945218757,Medium,0: optimal
2017-12-29 03:00:00,2017-12-29,LightGBM,396.0000000000,416.2238517751,5.3706701005,0.0000000000,390.8015213465,385.7064563228,390.8015213465,401.3706701005,421.5945218757,Medium,0: optimal
2017-12-29 04:00:00,2017-12-29,LightGBM,397.0000000000,417.8641387844,3.7303830912,0.0000000000,394.3404734805,390.8015213465,394.3404734805,400.7303830912,421.5945218757,Medium,0: optimal
2017-12-29 05:00:00,2017-12-29,LightGBM,400.0000000000,420.4868940046,1.1076278710,0.0000000000,395.3912615422,394.3404734805,395.3912615422,401.1076278710,421.5945218757,Medium,0: optimal
2017-12-29 06:00:00,2017-12-29,LightGBM,395.0000000000,419.2288815799,2.3656402957,0.0000000000,397.6355049799,395.3912615422,397.6355049799,397.3656402957,421.5945218757,Medium,0: optimal
2017-12-29 07:00:00,2017-12-29,LightGBM,397.0000000000,425.2296612136,0.0000000000,3.6351393379,393.8037316733,397.6355049799,393.8037316733,393.3648606621,421.5945218757,Medium,0: optimal
2017-12-29 08:00:00,2017-12-29,LightGBM,403.0000000000,420.9635772710,0.6309446047,0.0000000000,394.4022982817,393.8037316733,394.4022982817,403.6309446047,421.5945218757,Medium,0: optimal
2017-12-29 09:00:00,2017-12-29,LightGBM,401.0000000000,427.3917861145,0.0000000000,5.7972642388,388.2914452176,394.4022982817,388.2914452176,395.2027357612,421.5945218757,Medium,0: optimal
2017-12-29 10:00:00,2017-12-29,LightGBM,411.0000000000,419.8555986687,1.7389232069,0.0000000000,389.9411326206,388.2914452176,389.9411326206,412.7389232069,421.5945218757,Medium,0: optimal
2017-12-29 11:00:00,2017-12-29,LightGBM,418.0000000000,421.7292275801,0.0000000000,0.1347057044,389.7991403406,389.9411326206,389.7991403406,417.8652942956,421.5945218757,Medium,0: optimal
2017-12-29 12:00:00,2017-12-29,LightGBM,426.0000000000,423.9776820963,0.0000000000,2.3831602207,387.2870688985,389.7991403406,387.2870688985,423.6168397793,421.5945218757,Medium,0: optimal
2017-12-29 13:00:00,2017-12-29,LightGBM,430.0000000000,429.6120387439,0.0000000000,8.0175168683,378.8358640710,387.2870688985,378.8358640710,421.9824831317,421.5945218757,Medium,0: optimal
2017-12-29 14:00:00,2017-12-29,LightGBM,427.0000000000,428.8647906187,0.0000000000,7.2702687431,371.1723279277,378.8358640710,371.1723279277,419.7297312569,421.5945218757,Medium,0: optimal
2017-12-29 15:00:00,2017-12-29,LightGBM,426.0000000000,430.5665067281,0.0000000000,8.9719848524,361.7150255057,371.1723279277,361.7150255057,417.0280151476,421.5945218757,Medium,0: optimal
2017-12-29 16:00:00,2017-12-29,LightGBM,424.0000000000,426.1024360267,0.0000000000,4.5079141510,356.9632667678,361.7150255057,356.9632667678,419.4920858490,421.5945218757,Medium,0: optimal
2017-12-29 17:00:00,2017-12-29,LightGBM,429.0000000000,428.1782755695,0.0000000000,6.5837536939,350.0233810257,356.9632667678,350.0233810257,422.4162463061,421.5945218757,Medium,0: optimal
2017-12-29 18:00:00,2017-12-29,LightGBM,420.0000000000,422.4403122660,0.0000000000,0.8457903904,349.1318396735,350.0233810257,349.1318396735,419.1542096096,421.5945218757,Medium,0: optimal
2017-12-29 19:00:00,2017-12-29,LightGBM,412.0000000000,419.5274301023,2.0670917734,0.0000000000,351.0928551145,349.1318396735,351.0928551145,414.0670917734,421.5945218757,Medium,0: optimal
2017-12-29 20:00:00,2017-12-29,LightGBM,408.0000000000,421.4059610868,0.1885607889,0.0000000000,351.2717395855,351.0928551145,351.2717395855,408.1885607889,421.5945218757,Medium,0: optimal
2017-12-29 21:00:00,2017-12-29,LightGBM,407.0000000000,417.2406877925,4.3538340832,0.0000000000,355.4021492627,351.2717395855,355.4021492627,411.3538340832,421.5945218757,Medium,0: optimal
2017-12-29 22:00:00,2017-12-29,LightGBM,401.0000000000,418.1597667096,3.4347551661,0.0000000000,358.6606441216,355.4021492627,358.6606441216,404.4347551661,421.5945218757,Medium,0: optimal
2017-12-29 23:00:00,2017-12-29,LightGBM,405.0000000000,413.4483832713,8.1461386044,0.0000000000,366.3887497592,358.6606441216,366.3887497592,413.1461386044,421.5945218757,Medium,0: optimal
2017-12-30 00:00:00,2017-12-30,LightGBM,403.0000000000,414.4928140044,0.0000000000,1.7139518012,364.5820859287,366.3887497592,364.5820859287,401.2860481988,412.7788622032,Medium,0: optimal
2017-12-30 01:00:00,2017-12-30,LightGBM,405.0000000000,415.2080978355,0.0000000000,2.4292356323,362.0214467383,364.5820859287,362.0214467383,402.5707643677,412.7788622032,Medium,0: optimal
2017-12-30 02:00:00,2017-12-30,LightGBM,403.0000000000,415.4924112765,0.0000000000,2.7135490733,359.1611148668,362.0214467383,359.1611148668,400.2864509267,412.7788622032,Medium,0: optimal
2017-12-30 03:00:00,2017-12-30,LightGBM,404.0000000000,415.2439284675,0.0000000000,2.4650662643,356.5627068740,359.1611148668,356.5627068740,401.5349337357,412.7788622032,Medium,0: optimal
2017-12-30 04:00:00,2017-12-30,LightGBM,403.0000000000,415.9080500762,0.0000000000,3.1291878730,353.2642532389,356.5627068740,353.2642532389,399.8708121270,412.7788622032,Medium,0: optimal
2017-12-30 05:00:00,2017-12-30,LightGBM,403.0000000000,418.0280146756,0.0000000000,5.2491524724,347.7311607062,353.2642532389,347.7311607062,397.7508475276,412.7788622032,Medium,0: optimal
2017-12-30 06:00:00,2017-12-30,LightGBM,400.0000000000,414.1652809098,0.0000000000,1.3864187066,346.2697470717,347.7311607062,346.2697470717,398.6135812934,412.7788622032,Medium,0: optimal
2017-12-30 07:00:00,2017-12-30,LightGBM,402.0000000000,413.3851376819,0.0000000000,0.6062754787,345.6306766043,346.2697470717,345.6306766043,401.3937245213,412.7788622032,Medium,0: optimal
2017-12-30 08:00:00,2017-12-30,LightGBM,402.0000000000,413.8847895914,0.0000000000,1.1059273882,344.4649267798,345.6306766043,344.4649267798,400.8940726118,412.7788622032,Medium,0: optimal
2017-12-30 09:00:00,2017-12-30,LightGBM,403.0000000000,411.3050275031,1.4738347001,0.0000000000,345.8631291439,344.4649267798,345.8631291439,404.4738347001,412.7788622032,Medium,0: optimal
2017-12-30 10:00:00,2017-12-30,LightGBM,399.0000000000,407.9508048721,4.8280573311,0.0000000000,350.4434264959,345.8631291439,350.4434264959,403.8280573311,412.7788622032,Medium,0: optimal
2017-12-30 11:00:00,2017-12-30,LightGBM,403.0000000000,407.5649141290,5.2139480742,0.0000000000,355.3898119508,350.4434264959,355.3898119508,408.2139480742,412.7788622032,Medium,0: optimal
2017-12-30 12:00:00,2017-12-30,LightGBM,408.0000000000,411.4784167249,1.3004454783,0.0000000000,356.6235228561,355.3898119508,356.6235228561,409.3004454783,412.7788622032,Medium,0: optimal
2017-12-30 13:00:00,2017-12-30,LightGBM,409.0000000000,413.3948227302,0.0000000000,0.6159605270,355.9742434513,356.6235228561,355.9742434513,408.3840394730,412.7788622032,Medium,0: optimal
2017-12-30 14:00:00,2017-12-30,LightGBM,411.0000000000,414.3392800032,0.0000000000,1.5604178000,354.3294186682,355.9742434513,354.3294186682,409.4395822000,412.7788622032,Medium,0: optimal
2017-12-30 15:00:00,2017-12-30,LightGBM,411.0000000000,414.5434040016,0.0000000000,1.7645417984,352.4694282984,354.3294186682,352.4694282984,409.2354582016,412.7788622032,Medium,0: optimal
2017-12-30 16:00:00,2017-12-30,LightGBM,408.0000000000,413.0016429237,0.0000000000,0.2227807205,352.2345967998,352.4694282984,352.2345967998,407.7772192795,412.7788622032,Medium,0: optimal
2017-12-30 17:00:00,2017-12-30,LightGBM,410.0000000000,415.5958415487,0.0000000000,2.8169793455,349.2652398487,352.2345967998,349.2652398487,407.1830206545,412.7788622032,Medium,0: optimal
2017-12-30 18:00:00,2017-12-30,LightGBM,410.0000000000,411.4713486842,1.3075135190,0.0000000000,350.5056560861,349.2652398487,350.5056560861,411.3075135190,412.7788622032,Medium,0: optimal
2017-12-30 19:00:00,2017-12-30,LightGBM,408.0000000000,409.6348777161,3.1439844871,0.0000000000,353.4883016583,350.5056560861,353.4883016583,411.1439844871,412.7788622032,Medium,0: optimal
2017-12-30 20:00:00,2017-12-30,LightGBM,407.0000000000,407.6159009931,5.1629612101,0.0000000000,358.3863167268,353.4883016583,358.3863167268,412.1629612101,412.7788622032,Medium,0: optimal
2017-12-30 21:00:00,2017-12-30,LightGBM,407.0000000000,407.0626341706,5.7162280326,0.0000000000,363.8092067892,358.3863167268,363.8092067892,412.7162280326,412.7788622032,Medium,0: optimal
2017-12-30 22:00:00,2017-12-30,LightGBM,404.0000000000,412.8977662690,0.0000000000,0.1189040658,363.6838708989,363.8092067892,363.6838708989,403.8810959342,412.7788622032,Medium,0: optimal
2017-12-30 23:00:00,2017-12-30,LightGBM,404.0000000000,409.9276695387,2.8511926645,0.0000000000,366.3887497592,363.6838708989,366.3887497592,406.8511926645,412.7788622032,Medium,0: optimal
2017-12-31 00:00:00,2017-12-31,LightGBM,402.0000000000,411.8135179168,0.0000000000,3.1706393563,363.0466024242,366.3887497592,363.0466024242,398.8293606437,408.6428785605,Medium,0: optimal
2017-12-31 01:00:00,2017-12-31,LightGBM,401.0000000000,405.1665714461,3.4763071144,0.0000000000,366.3445169226,363.0466024242,366.3445169226,404.4763071144,408.6428785605,Medium,0: optimal
2017-12-31 02:00:00,2017-12-31,LightGBM,398.0000000000,411.3223247503,0.0000000000,2.6794461898,363.5201326467,366.3445169226,363.5201326467,395.3205538102,408.6428785605,Medium,0: optimal
2017-12-31 03:00:00,2017-12-31,LightGBM,402.0000000000,404.4369606745,4.2059178860,0.0000000000,367.5102166981,363.5201326467,367.5102166981,406.2059178860,408.6428785605,Medium,0: optimal
2017-12-31 04:00:00,2017-12-31,LightGBM,400.0000000000,412.6373805041,0.0000000000,3.9945019437,363.2996419448,367.5102166981,363.2996419448,396.0054980563,408.6428785605,Medium,0: optimal
2017-12-31 05:00:00,2017-12-31,LightGBM,401.0000000000,408.5042508062,0.1386277543,0.0000000000,363.4311557799,363.2996419448,363.4311557799,401.1386277543,408.6428785605,Medium,0: optimal
2017-12-31 06:00:00,2017-12-31,LightGBM,399.0000000000,415.4398618302,0.0000000000,6.7969832697,356.2665063298,363.4311557799,356.2665063298,392.2030167303,408.6428785605,Medium,0: optimal
2017-12-31 07:00:00,2017-12-31,LightGBM,400.0000000000,406.1926267658,2.4502517947,0.0000000000,358.5910192834,356.2665063298,358.5910192834,402.4502517947,408.6428785605,Medium,0: optimal
2017-12-31 08:00:00,2017-12-31,LightGBM,402.0000000000,407.6575973693,0.9852811912,0.0000000000,359.5257390934,358.5910192834,359.5257390934,402.9852811912,408.6428785605,Medium,0: optimal
2017-12-31 09:00:00,2017-12-31,LightGBM,400.0000000000,407.1978543970,1.4450241635,0.0000000000,360.8966093826,359.5257390934,360.8966093826,401.4450241635,408.6428785605,Medium,0: optimal
2017-12-31 10:00:00,2017-12-31,LightGBM,398.0000000000,410.2152545913,0.0000000000,1.5723760308,359.2391795174,360.8966093826,359.2391795174,396.4276239692,408.6428785605,Medium,0: optimal
2017-12-31 11:00:00,2017-12-31,LightGBM,399.0000000000,408.3772269769,0.2656515836,0.0000000000,359.4911987378,359.2391795174,359.4911987378,399.2656515836,408.6428785605,Medium,0: optimal
2017-12-31 12:00:00,2017-12-31,LightGBM,399.0000000000,404.9013394163,3.7415391442,0.0000000000,363.0407344329,359.4911987378,363.0407344329,402.7415391442,408.6428785605,Medium,0: optimal
2017-12-31 13:00:00,2017-12-31,LightGBM,401.0000000000,407.8712985276,0.7715800329,0.0000000000,363.7727195232,363.0407344329,363.7727195232,401.7715800329,408.6428785605,Medium,0: optimal
2017-12-31 14:00:00,2017-12-31,LightGBM,403.0000000000,407.5281074728,1.1147710876,0.0000000000,364.8302842352,363.7727195232,364.8302842352,404.1147710876,408.6428785605,Medium,0: optimal
2017-12-31 15:00:00,2017-12-31,LightGBM,401.0000000000,408.1864507193,0.4564278412,0.0000000000,365.2632897050,364.8302842352,365.2632897050,401.4564278412,408.6428785605,Medium,0: optimal
2017-12-31 16:00:00,2017-12-31,LightGBM,402.0000000000,407.0346463533,1.6082322072,0.0000000000,366.7889927393,365.2632897050,366.7889927393,403.6082322072,408.6428785605,Medium,0: optimal
2017-12-31 17:00:00,2017-12-31,LightGBM,404.0000000000,407.2916689673,1.3512095932,0.0000000000,368.0708627125,366.7889927393,368.0708627125,405.3512095932,408.6428785605,Medium,0: optimal
2017-12-31 18:00:00,2017-12-31,LightGBM,399.0000000000,407.9941734947,0.6487050658,0.0000000000,368.6862783738,368.0708627125,368.6862783738,399.6487050658,408.6428785605,Medium,0: optimal
2017-12-31 19:00:00,2017-12-31,LightGBM,400.0000000000,408.8465314544,0.0000000000,0.2036528939,368.4716093748,368.6862783738,368.4716093748,399.7963471061,408.6428785605,Medium,0: optimal
2017-12-31 20:00:00,2017-12-31,LightGBM,400.0000000000,408.8783419576,0.0000000000,0.2354633971,368.2234091613,368.4716093748,368.2234091613,399.7645366029,408.6428785605,Medium,0: optimal
2017-12-31 21:00:00,2017-12-31,LightGBM,398.0000000000,408.2735065168,0.3693720437,0.0000000000,368.5738262500,368.2234091613,368.5738262500,398.3693720437,408.6428785605,Medium,0: optimal
2017-12-31 22:00:00,2017-12-31,LightGBM,397.0000000000,409.8533040732,0.0000000000,1.2104255127,367.2979257306,368.5738262500,367.2979257306,395.7895744873,408.6428785605,Medium,0: optimal
2017-12-31 23:00:00,2017-12-31,LightGBM,397.0000000000,409.5053986195,0.0000000000,0.8625200590,366.3887497592,367.2979257306,366.3887497592,396.1374799410,408.6428785605,Medium,0: optimal
