claim_id,claim_category,candidate_claim,evidence_status,evidence_tier,phase,source_path,source_field,building_scope,split,model,metric,value,unit,derivation,source_hash,conflict_status,presentation_safe,caveat
CLM-0001,Problem / dataset,Processed hourly row count,EXACT_RECOVERED,A,data,data/processed/campus_hourly_manifest.json,output_rows,,,,Processed hourly row count,17544,hourly rows,,061e47e63d06bad5d638be64040cfd60c8892506e06682f159018894dd9df0c7,NONE,YES,
CLM-0002,Problem / dataset,Buildings represented in frozen Phase 3 selection table,DETERMINISTIC_DERIVED,A,3,outputs/phase3/building_selection.csv,count(data rows),,,,Buildings represented in frozen Phase 3 selection table,1578,buildings,"{""formula"": ""count(data rows)"", ""operands"": [{""path"": ""outputs/phase3/building_selection.csv"", ""rows"": 1578}]}",36a089b8b8ff50193be54c525c5ec0dacb56006fbe4bea876e94b377a0dd629e,NONE,YES,"Supports 1,578 only as the building universe represented by this frozen selection table; do not broaden to an external dataset release without qualification."
CLM-0003,Problem / dataset,Office-building candidates,EXACT_RECOVERED,A,7,outputs/phase7/selected_buildings.json,office_candidates,,,,Office-building candidates,296,buildings,,0a39c5e38c0568d30010d5b0c2a71d82933fe5e27b5df37408c9de2f81f7b885,NONE,YES,
CLM-0004,Problem / dataset,Office buildings passing frozen quality rules,EXACT_RECOVERED,A,7,outputs/phase7/selected_buildings.json,quality_pass_count,,,,Office buildings passing frozen quality rules,82,buildings,,0a39c5e38c0568d30010d5b0c2a71d82933fe5e27b5df37408c9de2f81f7b885,NONE,YES,
CLM-0005,Problem / dataset,Anchor building non-null observations,EXACT_RECOVERED,A,3,outputs/phase3/run_report.json,selection.non_null_count,Hog_office_Rolando,,,Anchor building non-null observations,17543,hourly observations,,f3dfd5afe5e7475231714bfede9e249a294ddc8b0c3b62fb246c0ade58678927,NONE,YES,
CLM-0006,Problem / dataset,Anchor building missing observations,EXACT_RECOVERED,A,3,outputs/phase3/run_report.json,selection.missing_count,Hog_office_Rolando,,,Anchor building missing observations,1,hourly observations,,f3dfd5afe5e7475231714bfede9e249a294ddc8b0c3b62fb246c0ade58678927,NONE,YES,
CLM-0007,Problem / dataset,Anchor building missing rate,EXACT_RECOVERED,A,3,outputs/phase3/run_report.json,selection.missing_rate,Hog_office_Rolando,,,Anchor building missing rate,5.699954400364797e-05,fraction,,f3dfd5afe5e7475231714bfede9e249a294ddc8b0c3b62fb246c0ade58678927,NONE,YES,
CLM-0008,Multi-building generalization,Final multi-building evaluation scope,DETERMINISTIC_DERIVED,A,7,outputs/phase7/selected_buildings.json,count(selected_buildings),,,,Final multi-building evaluation scope,8,buildings,"{""formula"": ""count(selected_buildings)"", ""operands"": [{""path"": ""outputs/phase7/selected_buildings.json"", ""field"": ""selected_buildings""}]}",0a39c5e38c0568d30010d5b0c2a71d82933fe5e27b5df37408c9de2f81f7b885,NONE,YES,
CLM-0009,Problem / dataset,Dataset is Building Data Genome Project 2,EXACT_RECOVERED,A,data,data/processed/campus_hourly_manifest.json,dataset,,,,,,,,061e47e63d06bad5d638be64040cfd60c8892506e06682f159018894dd9df0c7,NONE,YES,
CLM-0010,Problem / dataset,Processed series uses hourly granularity,EXACT_RECOVERED,A,data,data/processed/campus_hourly_manifest.json,load_unit + output_rows,,,,,,kWh per hourly interval,,061e47e63d06bad5d638be64040cfd60c8892506e06682f159018894dd9df0c7,NONE,YES,Phase 9.1 interprets dispatch values as interval-average kW because delta-t is exactly one hour.
CLM-0011,Problem / dataset,Anchor building is Hog_office_Rolando,EXACT_RECOVERED,A,3,outputs/phase3/run_report.json,building,,,,,,,,f3dfd5afe5e7475231714bfede9e249a294ddc8b0c3b62fb246c0ade58678927,NONE,YES,
CLM-0012,Multi-building generalization,Eight fixed office buildings were selected by anchor plus deterministic farthest-point sampling on robust-scaled Train-only morphology,EXACT_RECOVERED,A,7,outputs/phase7/selected_buildings.json,selection_method + selected_buildings,8 fixed office buildings,,,,,,,0a39c5e38c0568d30010d5b0c2a71d82933fe5e27b5df37408c9de2f81f7b885,NONE,YES,
CLM-0013,Multi-building generalization,Selected building: Hog_office_Rolando,EXACT_RECOVERED,A,7,outputs/phase7/selected_buildings.json,selected_buildings[0],Hog_office_Rolando,,,,,,,0a39c5e38c0568d30010d5b0c2a71d82933fe5e27b5df37408c9de2f81f7b885,NONE,YES,Phase 3–6 canonical anchor; passed the same frozen quality rules
CLM-0014,Multi-building generalization,Selected building: Hog_office_Lavon,EXACT_RECOVERED,A,7,outputs/phase7/selected_buildings.json,selected_buildings[1],Hog_office_Lavon,,,,,,,0a39c5e38c0568d30010d5b0c2a71d82933fe5e27b5df37408c9de2f81f7b885,NONE,YES,"deterministic morphology coverage: high peak_to_average_ratio, high daily_profile_variability_normalized, high normalized_peak_valley_range"
CLM-0015,Multi-building generalization,Selected building: Hog_office_Joey,EXACT_RECOVERED,A,7,outputs/phase7/selected_buildings.json,selected_buildings[2],Hog_office_Joey,,,,,,,0a39c5e38c0568d30010d5b0c2a71d82933fe5e27b5df37408c9de2f81f7b885,NONE,YES,"deterministic morphology coverage: high robust_outlier_fraction, low lag168_autocorrelation, high log_mean_load"
CLM-0016,Multi-building generalization,Selected building: Lamb_office_Caitlin,EXACT_RECOVERED,A,7,outputs/phase7/selected_buildings.json,selected_buildings[3],Lamb_office_Caitlin,,,,,,,0a39c5e38c0568d30010d5b0c2a71d82933fe5e27b5df37408c9de2f81f7b885,NONE,YES,"deterministic morphology coverage: high daily_profile_variability_normalized, high robust_outlier_fraction, high coefficient_of_variation"
CLM-0017,Multi-building generalization,Selected building: Robin_office_Addie,EXACT_RECOVERED,A,7,outputs/phase7/selected_buildings.json,selected_buildings[4],Robin_office_Addie,,,,,,,0a39c5e38c0568d30010d5b0c2a71d82933fe5e27b5df37408c9de2f81f7b885,NONE,YES,"deterministic morphology coverage: low lag168_autocorrelation, low lag24_autocorrelation, low log_mean_load"
CLM-0018,Multi-building generalization,Selected building: Lamb_office_Gerardo,EXACT_RECOVERED,A,7,outputs/phase7/selected_buildings.json,selected_buildings[5],Lamb_office_Gerardo,,,,,,,0a39c5e38c0568d30010d5b0c2a71d82933fe5e27b5df37408c9de2f81f7b885,NONE,YES,"deterministic morphology coverage: high daily_profile_variability_normalized, high peak_to_average_ratio, high normalized_peak_valley_range"
CLM-0019,Multi-building generalization,Selected building: Hog_office_Alexis,EXACT_RECOVERED,A,7,outputs/phase7/selected_buildings.json,selected_buildings[6],Hog_office_Alexis,,,,,,,0a39c5e38c0568d30010d5b0c2a71d82933fe5e27b5df37408c9de2f81f7b885,NONE,YES,"deterministic morphology coverage: high weekday_weekend_difference_normalized, high daily_profile_variability_normalized, high peak_to_average_ratio"
CLM-0020,Multi-building generalization,Selected building: Hog_office_Byron,EXACT_RECOVERED,A,7,outputs/phase7/selected_buildings.json,selected_buildings[7],Hog_office_Byron,,,,,,,0a39c5e38c0568d30010d5b0c2a71d82933fe5e27b5df37408c9de2f81f7b885,NONE,YES,"deterministic morphology coverage: high log_mean_load, low daily_profile_variability_normalized, low coefficient_of_variation"
CLM-0021,Forecast task,Forecast horizon,EXACT_RECOVERED,A,4.5,outputs/phase4_5/final_config.json,forecast_horizon_hours,,,,Forecast horizon,24,hours,,414bce43e889b78940ebf0f17588d66eff624b4348e144ce424816801786fffa,NONE,YES,
CLM-0022,Forecast task,Train feature-window samples,EXACT_RECOVERED,A,4.5,outputs/phase4_5/final_config.json,feature_time_boundaries.train.samples,,train,,Train feature-window samples,15573,samples,,414bce43e889b78940ebf0f17588d66eff624b4348e144ce424816801786fffa,NONE,YES,Feature timestamps 2016-01-15 00:00:00 through 2017-10-31 23:00:00; target timestamp is feature timestamp + 24h.
CLM-0023,Forecast task,Validation feature-window samples,EXACT_RECOVERED,A,4.5,outputs/phase4_5/final_config.json,feature_time_boundaries.validation.samples,,validation,,Validation feature-window samples,720,samples,,414bce43e889b78940ebf0f17588d66eff624b4348e144ce424816801786fffa,NONE,YES,Feature timestamps 2017-11-01 00:00:00 through 2017-11-30 23:00:00; target timestamp is feature timestamp + 24h.
CLM-0024,Forecast task,Test feature-window samples,EXACT_RECOVERED,A,4.5,outputs/phase4_5/final_config.json,feature_time_boundaries.test.samples,,test,,Test feature-window samples,720,samples,,414bce43e889b78940ebf0f17588d66eff624b4348e144ce424816801786fffa,NONE,YES,Feature timestamps 2017-12-01 00:00:00 through 2017-12-30 23:00:00; target timestamp is feature timestamp + 24h.
CLM-0025,Forecast task,Frozen LightGBM feature count,DETERMINISTIC_DERIVED,A,4.5,outputs/phase4_5/final_config.json,count(feature_list),,,LightGBM,Frozen LightGBM feature count,31,features,"{""formula"": ""count(feature_list)"", ""operands"": [{""path"": ""outputs/phase4_5/final_config.json"", ""field"": ""feature_list""}]}",414bce43e889b78940ebf0f17588d66eff624b4348e144ce424816801786fffa,NONE,YES,
CLM-0026,Forecast task,Target timestamp equals feature timestamp plus 24 hours,EXACT_RECOVERED,A,4.5,outputs/phase4_5/final_config.json,target + forecast_horizon_hours,,,,,,,,414bce43e889b78940ebf0f17588d66eff624b4348e144ce424816801786fffa,NONE,YES,
CLM-0027,Baselines,Day baseline uses actual(t-24h); Week uses actual(t-168h); DayWeek is their 0.5/0.5 average,EXACT_RECOVERED,A,9,outputs/phase9/final_algorithm.json,model_components[0].formula,,,Day / Week / DayWeek,,,,,9ada55af2ce3b217df78c3f0697a551d6d3d87ace892356163d5a13dd6025125,NONE,YES,
CLM-0028,Forecast task,"Frozen feature set includes causal current-load, calendar, lag, and shifted rolling features",EXACT_RECOVERED,A,9,outputs/phase9/run_config.json,feature_list,,,LightGBM,,,,,13efb8319264541d8347281ce2f44282dc2eb27f4414851de640344263e3d508,NONE,YES,
CLM-0029,Robustness,Phase 5.7 Test No Battery original_peak,EXACT_RECOVERED,A,5.7,outputs/phase5_7/test_overall_metrics.csv,row(method=No Battery).original_peak,Hog_office_Rolando,test,No Battery,Phase 5.7 Test No Battery original_peak,483.0,kW,,e860208d60f07d8e145db2698ff68dc35f4635958e7e1137f27f4280c2787ca0,NONE,YES,
CLM-0030,Robustness,Phase 5.7 Test No Battery post_dispatch_peak,EXACT_RECOVERED,A,5.7,outputs/phase5_7/test_overall_metrics.csv,row(method=No Battery).post_dispatch_peak,Hog_office_Rolando,test,No Battery,Phase 5.7 Test No Battery post_dispatch_peak,483.0,kW,,e860208d60f07d8e145db2698ff68dc35f4635958e7e1137f27f4280c2787ca0,NONE,YES,
CLM-0031,Robustness,Phase 5.7 Test No Battery absolute_peak_reduction,EXACT_RECOVERED,A,5.7,outputs/phase5_7/test_overall_metrics.csv,row(method=No Battery).absolute_peak_reduction,Hog_office_Rolando,test,No Battery,Phase 5.7 Test No Battery absolute_peak_reduction,0.0,kW,,e860208d60f07d8e145db2698ff68dc35f4635958e7e1137f27f4280c2787ca0,NONE,YES,
CLM-0032,Robustness,Phase 5.7 Test No Battery peak_reduction_percentage,EXACT_RECOVERED,A,5.7,outputs/phase5_7/test_overall_metrics.csv,row(method=No Battery).peak_reduction_percentage,Hog_office_Rolando,test,No Battery,Phase 5.7 Test No Battery peak_reduction_percentage,0.0,%,,e860208d60f07d8e145db2698ff68dc35f4635958e7e1137f27f4280c2787ca0,NONE,YES,
CLM-0033,Robustness,Phase 5.7 Test No Battery mean_daily_peak,EXACT_RECOVERED,A,5.7,outputs/phase5_7/test_overall_metrics.csv,row(method=No Battery).mean_daily_peak,Hog_office_Rolando,test,No Battery,Phase 5.7 Test No Battery mean_daily_peak,442.7333333333,kW,,e860208d60f07d8e145db2698ff68dc35f4635958e7e1137f27f4280c2787ca0,NONE,YES,
CLM-0034,Robustness,Phase 5.7 Test No Battery mean_regret,EXACT_RECOVERED,A,5.7,outputs/phase5_7/test_overall_metrics.csv,row(method=No Battery).mean_regret,Hog_office_Rolando,test,No Battery,Phase 5.7 Test No Battery mean_regret,22.5615494562,kW,,e860208d60f07d8e145db2698ff68dc35f4635958e7e1137f27f4280c2787ca0,NONE,YES,
CLM-0035,Robustness,Phase 5.7 Test No Battery p90_regret,EXACT_RECOVERED,A,5.7,outputs/phase5_7/test_overall_metrics.csv,row(method=No Battery).p90_regret,Hog_office_Rolando,test,No Battery,Phase 5.7 Test No Battery p90_regret,39.8353982301,kW,,e860208d60f07d8e145db2698ff68dc35f4635958e7e1137f27f4280c2787ca0,NONE,YES,
CLM-0036,Robustness,Phase 5.7 Test No Battery max_regret,EXACT_RECOVERED,A,5.7,outputs/phase5_7/test_overall_metrics.csv,row(method=No Battery).max_regret,Hog_office_Rolando,test,No Battery,Phase 5.7 Test No Battery max_regret,42.3849557522,kW,,e860208d60f07d8e145db2698ff68dc35f4635958e7e1137f27f4280c2787ca0,NONE,YES,
CLM-0037,Robustness,Phase 5.7 Test No Battery battery_throughput,EXACT_RECOVERED,A,5.7,outputs/phase5_7/test_overall_metrics.csv,row(method=No Battery).battery_throughput,Hog_office_Rolando,test,No Battery,Phase 5.7 Test No Battery battery_throughput,0.0,kWh,,e860208d60f07d8e145db2698ff68dc35f4635958e7e1137f27f4280c2787ca0,NONE,YES,
CLM-0038,Robustness,Phase 5.7 Test Persistence deterministic original_peak,EXACT_RECOVERED,A,5.7,outputs/phase5_7/test_overall_metrics.csv,row(method=Persistence deterministic).original_peak,Hog_office_Rolando,test,Persistence deterministic,Phase 5.7 Test Persistence deterministic original_peak,483.0,kW,,e860208d60f07d8e145db2698ff68dc35f4635958e7e1137f27f4280c2787ca0,NONE,YES,
CLM-0039,Robustness,Phase 5.7 Test Persistence deterministic post_dispatch_peak,EXACT_RECOVERED,A,5.7,outputs/phase5_7/test_overall_metrics.csv,row(method=Persistence deterministic).post_dispatch_peak,Hog_office_Rolando,test,Persistence deterministic,Phase 5.7 Test Persistence deterministic post_dispatch_peak,466.8421052632,kW,,e860208d60f07d8e145db2698ff68dc35f4635958e7e1137f27f4280c2787ca0,NONE,YES,
CLM-0040,Robustness,Phase 5.7 Test Persistence deterministic absolute_peak_reduction,EXACT_RECOVERED,A,5.7,outputs/phase5_7/test_overall_metrics.csv,row(method=Persistence deterministic).absolute_peak_reduction,Hog_office_Rolando,test,Persistence deterministic,Phase 5.7 Test Persistence deterministic absolute_peak_reduction,16.1578947368,kW,,e860208d60f07d8e145db2698ff68dc35f4635958e7e1137f27f4280c2787ca0,NONE,YES,
CLM-0041,Robustness,Phase 5.7 Test Persistence deterministic peak_reduction_percentage,EXACT_RECOVERED,A,5.7,outputs/phase5_7/test_overall_metrics.csv,row(method=Persistence deterministic).peak_reduction_percentage,Hog_office_Rolando,test,Persistence deterministic,Phase 5.7 Test Persistence deterministic peak_reduction_percentage,3.3453198213,%,,e860208d60f07d8e145db2698ff68dc35f4635958e7e1137f27f4280c2787ca0,NONE,YES,
CLM-0042,Robustness,Phase 5.7 Test Persistence deterministic mean_daily_peak,EXACT_RECOVERED,A,5.7,outputs/phase5_7/test_overall_metrics.csv,row(method=Persistence deterministic).mean_daily_peak,Hog_office_Rolando,test,Persistence deterministic,Phase 5.7 Test Persistence deterministic mean_daily_peak,434.6031783647,kW,,e860208d60f07d8e145db2698ff68dc35f4635958e7e1137f27f4280c2787ca0,NONE,YES,
CLM-0043,Robustness,Phase 5.7 Test Persistence deterministic mean_regret,EXACT_RECOVERED,A,5.7,outputs/phase5_7/test_overall_metrics.csv,row(method=Persistence deterministic).mean_regret,Hog_office_Rolando,test,Persistence deterministic,Phase 5.7 Test Persistence deterministic mean_regret,14.4313944875,kW,,e860208d60f07d8e145db2698ff68dc35f4635958e7e1137f27f4280c2787ca0,NONE,YES,
CLM-0044,Robustness,Phase 5.7 Test Persistence deterministic p90_regret,EXACT_RECOVERED,A,5.7,outputs/phase5_7/test_overall_metrics.csv,row(method=Persistence deterministic).p90_regret,Hog_office_Rolando,test,Persistence deterministic,Phase 5.7 Test Persistence deterministic p90_regret,27.0610241566,kW,,e860208d60f07d8e145db2698ff68dc35f4635958e7e1137f27f4280c2787ca0,NONE,YES,
CLM-0045,Robustness,Phase 5.7 Test Persistence deterministic max_regret,EXACT_RECOVERED,A,5.7,outputs/phase5_7/test_overall_metrics.csv,row(method=Persistence deterministic).max_regret,Hog_office_Rolando,test,Persistence deterministic,Phase 5.7 Test Persistence deterministic max_regret,34.127753304,kW,,e860208d60f07d8e145db2698ff68dc35f4635958e7e1137f27f4280c2787ca0,NONE,YES,
CLM-0046,Robustness,Phase 5.7 Test Persistence deterministic battery_throughput,EXACT_RECOVERED,A,5.7,outputs/phase5_7/test_overall_metrics.csv,row(method=Persistence deterministic).battery_throughput,Hog_office_Rolando,test,Persistence deterministic,Phase 5.7 Test Persistence deterministic battery_throughput,10075.4800288113,kWh,,e860208d60f07d8e145db2698ff68dc35f4635958e7e1137f27f4280c2787ca0,NONE,YES,
CLM-0047,Robustness,Phase 5.7 Test LightGBM deterministic original_peak,EXACT_RECOVERED,A,5.7,outputs/phase5_7/test_overall_metrics.csv,row(method=LightGBM deterministic).original_peak,Hog_office_Rolando,test,LightGBM deterministic,Phase 5.7 Test LightGBM deterministic original_peak,483.0,kW,,e860208d60f07d8e145db2698ff68dc35f4635958e7e1137f27f4280c2787ca0,NONE,YES,
CLM-0048,Robustness,Phase 5.7 Test LightGBM deterministic post_dispatch_peak,EXACT_RECOVERED,A,5.7,outputs/phase5_7/test_overall_metrics.csv,row(method=LightGBM deterministic).post_dispatch_peak,Hog_office_Rolando,test,LightGBM deterministic,Phase 5.7 Test LightGBM deterministic post_dispatch_peak,453.8018392081,kW,,e860208d60f07d8e145db2698ff68dc35f4635958e7e1137f27f4280c2787ca0,NONE,YES,
CLM-0049,Robustness,Phase 5.7 Test LightGBM deterministic absolute_peak_reduction,EXACT_RECOVERED,A,5.7,outputs/phase5_7/test_overall_metrics.csv,row(method=LightGBM deterministic).absolute_peak_reduction,Hog_office_Rolando,test,LightGBM deterministic,Phase 5.7 Test LightGBM deterministic absolute_peak_reduction,29.1981607919,kW,,e860208d60f07d8e145db2698ff68dc35f4635958e7e1137f27f4280c2787ca0,NONE,YES,
CLM-0050,Robustness,Phase 5.7 Test LightGBM deterministic peak_reduction_percentage,EXACT_RECOVERED,A,5.7,outputs/phase5_7/test_overall_metrics.csv,row(method=LightGBM deterministic).peak_reduction_percentage,Hog_office_Rolando,test,LightGBM deterministic,Phase 5.7 Test LightGBM deterministic peak_reduction_percentage,6.0451678658,%,,e860208d60f07d8e145db2698ff68dc35f4635958e7e1137f27f4280c2787ca0,NONE,YES,
CLM-0051,Robustness,Phase 5.7 Test LightGBM deterministic mean_daily_peak,EXACT_RECOVERED,A,5.7,outputs/phase5_7/test_overall_metrics.csv,row(method=LightGBM deterministic).mean_daily_peak,Hog_office_Rolando,test,LightGBM deterministic,Phase 5.7 Test LightGBM deterministic mean_daily_peak,431.2991558057,kW,,e860208d60f07d8e145db2698ff68dc35f4635958e7e1137f27f4280c2787ca0,NONE,YES,
CLM-0052,Robustness,Phase 5.7 Test LightGBM deterministic mean_regret,EXACT_RECOVERED,A,5.7,outputs/phase5_7/test_overall_metrics.csv,row(method=LightGBM deterministic).mean_regret,Hog_office_Rolando,test,LightGBM deterministic,Phase 5.7 Test LightGBM deterministic mean_regret,11.1273719285,kW,,e860208d60f07d8e145db2698ff68dc35f4635958e7e1137f27f4280c2787ca0,NONE,YES,
CLM-0053,Robustness,Phase 5.7 Test LightGBM deterministic p90_regret,EXACT_RECOVERED,A,5.7,outputs/phase5_7/test_overall_metrics.csv,row(method=LightGBM deterministic).p90_regret,Hog_office_Rolando,test,LightGBM deterministic,Phase 5.7 Test LightGBM deterministic p90_regret,17.0718240546,kW,,e860208d60f07d8e145db2698ff68dc35f4635958e7e1137f27f4280c2787ca0,NONE,YES,
CLM-0054,Robustness,Phase 5.7 Test LightGBM deterministic max_regret,EXACT_RECOVERED,A,5.7,outputs/phase5_7/test_overall_metrics.csv,row(method=LightGBM deterministic).max_regret,Hog_office_Rolando,test,LightGBM deterministic,Phase 5.7 Test LightGBM deterministic max_regret,28.5901189617,kW,,e860208d60f07d8e145db2698ff68dc35f4635958e7e1137f27f4280c2787ca0,NONE,YES,
CLM-0055,Robustness,Phase 5.7 Test LightGBM deterministic battery_throughput,EXACT_RECOVERED,A,5.7,outputs/phase5_7/test_overall_metrics.csv,row(method=LightGBM deterministic).battery_throughput,Hog_office_Rolando,test,LightGBM deterministic,Phase 5.7 Test LightGBM deterministic battery_throughput,8762.3809831365,kWh,,e860208d60f07d8e145db2698ff68dc35f4635958e7e1137f27f4280c2787ca0,NONE,YES,
CLM-0056,Robustness,Phase 5.7 Test LightGBM robust original_peak,EXACT_RECOVERED,A,5.7,outputs/phase5_7/test_overall_metrics.csv,row(method=LightGBM robust).original_peak,Hog_office_Rolando,test,LightGBM robust,Phase 5.7 Test LightGBM robust original_peak,483.0,kW,,e860208d60f07d8e145db2698ff68dc35f4635958e7e1137f27f4280c2787ca0,NONE,YES,NEGATIVE_RESULT_BUT_SCIENTIFICALLY_USEFUL
CLM-0057,Robustness,Phase 5.7 Test LightGBM robust post_dispatch_peak,EXACT_RECOVERED,A,5.7,outputs/phase5_7/test_overall_metrics.csv,row(method=LightGBM robust).post_dispatch_peak,Hog_office_Rolando,test,LightGBM robust,Phase 5.7 Test LightGBM robust post_dispatch_peak,465.9343938489,kW,,e860208d60f07d8e145db2698ff68dc35f4635958e7e1137f27f4280c2787ca0,NONE,YES,NEGATIVE_RESULT_BUT_SCIENTIFICALLY_USEFUL
CLM-0058,Robustness,Phase 5.7 Test LightGBM robust absolute_peak_reduction,EXACT_RECOVERED,A,5.7,outputs/phase5_7/test_overall_metrics.csv,row(method=LightGBM robust).absolute_peak_reduction,Hog_office_Rolando,test,LightGBM robust,Phase 5.7 Test LightGBM robust absolute_peak_reduction,17.0656061511,kW,,e860208d60f07d8e145db2698ff68dc35f4635958e7e1137f27f4280c2787ca0,NONE,YES,NEGATIVE_RESULT_BUT_SCIENTIFICALLY_USEFUL
CLM-0059,Robustness,Phase 5.7 Test LightGBM robust peak_reduction_percentage,EXACT_RECOVERED,A,5.7,outputs/phase5_7/test_overall_metrics.csv,row(method=LightGBM robust).peak_reduction_percentage,Hog_office_Rolando,test,LightGBM robust,Phase 5.7 Test LightGBM robust peak_reduction_percentage,3.5332517911,%,,e860208d60f07d8e145db2698ff68dc35f4635958e7e1137f27f4280c2787ca0,NONE,YES,NEGATIVE_RESULT_BUT_SCIENTIFICALLY_USEFUL
CLM-0060,Robustness,Phase 5.7 Test LightGBM robust mean_daily_peak,EXACT_RECOVERED,A,5.7,outputs/phase5_7/test_overall_metrics.csv,row(method=LightGBM robust).mean_daily_peak,Hog_office_Rolando,test,LightGBM robust,Phase 5.7 Test LightGBM robust mean_daily_peak,440.6353025476,kW,,e860208d60f07d8e145db2698ff68dc35f4635958e7e1137f27f4280c2787ca0,NONE,YES,NEGATIVE_RESULT_BUT_SCIENTIFICALLY_USEFUL
CLM-0061,Robustness,Phase 5.7 Test LightGBM robust mean_regret,EXACT_RECOVERED,A,5.7,outputs/phase5_7/test_overall_metrics.csv,row(method=LightGBM robust).mean_regret,Hog_office_Rolando,test,LightGBM robust,Phase 5.7 Test LightGBM robust mean_regret,20.4635186705,kW,,e860208d60f07d8e145db2698ff68dc35f4635958e7e1137f27f4280c2787ca0,NONE,YES,NEGATIVE_RESULT_BUT_SCIENTIFICALLY_USEFUL
CLM-0062,Robustness,Phase 5.7 Test LightGBM robust p90_regret,EXACT_RECOVERED,A,5.7,outputs/phase5_7/test_overall_metrics.csv,row(method=LightGBM robust).p90_regret,Hog_office_Rolando,test,LightGBM robust,Phase 5.7 Test LightGBM robust p90_regret,25.6433779127,kW,,e860208d60f07d8e145db2698ff68dc35f4635958e7e1137f27f4280c2787ca0,NONE,YES,NEGATIVE_RESULT_BUT_SCIENTIFICALLY_USEFUL
CLM-0063,Robustness,Phase 5.7 Test LightGBM robust max_regret,EXACT_RECOVERED,A,5.7,outputs/phase5_7/test_overall_metrics.csv,row(method=LightGBM robust).max_regret,Hog_office_Rolando,test,LightGBM robust,Phase 5.7 Test LightGBM robust max_regret,41.9091008673,kW,,e860208d60f07d8e145db2698ff68dc35f4635958e7e1137f27f4280c2787ca0,NONE,YES,NEGATIVE_RESULT_BUT_SCIENTIFICALLY_USEFUL
CLM-0064,Robustness,Phase 5.7 Test LightGBM robust battery_throughput,EXACT_RECOVERED,A,5.7,outputs/phase5_7/test_overall_metrics.csv,row(method=LightGBM robust).battery_throughput,Hog_office_Rolando,test,LightGBM robust,Phase 5.7 Test LightGBM robust battery_throughput,16728.7357988852,kWh,,e860208d60f07d8e145db2698ff68dc35f4635958e7e1137f27f4280c2787ca0,NONE,YES,NEGATIVE_RESULT_BUT_SCIENTIFICALLY_USEFUL
CLM-0065,Robustness,Phase 5.7 Test Oracle original_peak,EXACT_RECOVERED,A,5.7,outputs/phase5_7/test_overall_metrics.csv,row(method=Oracle).original_peak,Hog_office_Rolando,test,Oracle,Phase 5.7 Test Oracle original_peak,483.0,kW,,e860208d60f07d8e145db2698ff68dc35f4635958e7e1137f27f4280c2787ca0,NONE,YES,
CLM-0066,Robustness,Phase 5.7 Test Oracle post_dispatch_peak,EXACT_RECOVERED,A,5.7,outputs/phase5_7/test_overall_metrics.csv,row(method=Oracle).post_dispatch_peak,Hog_office_Rolando,test,Oracle,Phase 5.7 Test Oracle post_dispatch_peak,441.449339207,kW,,e860208d60f07d8e145db2698ff68dc35f4635958e7e1137f27f4280c2787ca0,NONE,YES,
CLM-0067,Robustness,Phase 5.7 Test Oracle absolute_peak_reduction,EXACT_RECOVERED,A,5.7,outputs/phase5_7/test_overall_metrics.csv,row(method=Oracle).absolute_peak_reduction,Hog_office_Rolando,test,Oracle,Phase 5.7 Test Oracle absolute_peak_reduction,41.550660793,kW,,e860208d60f07d8e145db2698ff68dc35f4635958e7e1137f27f4280c2787ca0,NONE,YES,
CLM-0068,Robustness,Phase 5.7 Test Oracle peak_reduction_percentage,EXACT_RECOVERED,A,5.7,outputs/phase5_7/test_overall_metrics.csv,row(method=Oracle).peak_reduction_percentage,Hog_office_Rolando,test,Oracle,Phase 5.7 Test Oracle peak_reduction_percentage,8.6026212822,%,,e860208d60f07d8e145db2698ff68dc35f4635958e7e1137f27f4280c2787ca0,NONE,YES,
CLM-0069,Robustness,Phase 5.7 Test Oracle mean_daily_peak,EXACT_RECOVERED,A,5.7,outputs/phase5_7/test_overall_metrics.csv,row(method=Oracle).mean_daily_peak,Hog_office_Rolando,test,Oracle,Phase 5.7 Test Oracle mean_daily_peak,420.1717838771,kW,,e860208d60f07d8e145db2698ff68dc35f4635958e7e1137f27f4280c2787ca0,NONE,YES,
CLM-0070,Robustness,Phase 5.7 Test Oracle mean_regret,EXACT_RECOVERED,A,5.7,outputs/phase5_7/test_overall_metrics.csv,row(method=Oracle).mean_regret,Hog_office_Rolando,test,Oracle,Phase 5.7 Test Oracle mean_regret,0.0,kW,,e860208d60f07d8e145db2698ff68dc35f4635958e7e1137f27f4280c2787ca0,NONE,YES,
CLM-0071,Robustness,Phase 5.7 Test Oracle p90_regret,EXACT_RECOVERED,A,5.7,outputs/phase5_7/test_overall_metrics.csv,row(method=Oracle).p90_regret,Hog_office_Rolando,test,Oracle,Phase 5.7 Test Oracle p90_regret,0.0,kW,,e860208d60f07d8e145db2698ff68dc35f4635958e7e1137f27f4280c2787ca0,NONE,YES,
CLM-0072,Robustness,Phase 5.7 Test Oracle max_regret,EXACT_RECOVERED,A,5.7,outputs/phase5_7/test_overall_metrics.csv,row(method=Oracle).max_regret,Hog_office_Rolando,test,Oracle,Phase 5.7 Test Oracle max_regret,0.0,kW,,e860208d60f07d8e145db2698ff68dc35f4635958e7e1137f27f4280c2787ca0,NONE,YES,
CLM-0073,Robustness,Phase 5.7 Test Oracle battery_throughput,EXACT_RECOVERED,A,5.7,outputs/phase5_7/test_overall_metrics.csv,row(method=Oracle).battery_throughput,Hog_office_Rolando,test,Oracle,Phase 5.7 Test Oracle battery_throughput,9570.0034392047,kWh,,e860208d60f07d8e145db2698ff68dc35f4635958e7e1137f27f4280c2787ca0,NONE,YES,
CLM-0074,Error propagation,LightGBM daily forecast-MAE / decision-regret Pearson correlation,EXACT_RECOVERED,A,5.5,outputs/phase5_5/summary.json,error_to_decision_relationship.LightGBM.forecast_mae.pearson_correlation,Hog_office_Rolando,test,LightGBM,LightGBM daily forecast-MAE / decision-regret Pearson correlation,0.5440416501723824,correlation,,7fa09434596d237234a7d9141ed2027eaa81b4a8ae7286ec62c93260b300b731,NONE,YES,
CLM-0075,Error propagation,Persistence daily forecast-MAE / decision-regret Pearson correlation,EXACT_RECOVERED,A,5.5,outputs/phase5_5/summary.json,error_to_decision_relationship.Persistence.forecast_mae.pearson_correlation,Hog_office_Rolando,test,Persistence,Persistence daily forecast-MAE / decision-regret Pearson correlation,0.9253790514599949,correlation,,7fa09434596d237234a7d9141ed2027eaa81b4a8ae7286ec62c93260b300b731,NONE,YES,
CLM-0076,Error propagation,Lightgbm Forecast Mae Win Days,EXACT_RECOVERED,A,5.5,outputs/phase5_5/summary.json,forecast_to_decision_consistency.lightgbm_forecast_mae_win_days,Hog_office_Rolando,test,,Lightgbm Forecast Mae Win Days,16,days,,7fa09434596d237234a7d9141ed2027eaa81b4a8ae7286ec62c93260b300b731,NONE,YES,
CLM-0077,Error propagation,Lightgbm Decision Regret Win Days,EXACT_RECOVERED,A,5.5,outputs/phase5_5/summary.json,forecast_to_decision_consistency.lightgbm_decision_regret_win_days,Hog_office_Rolando,test,,Lightgbm Decision Regret Win Days,19,days,,7fa09434596d237234a7d9141ed2027eaa81b4a8ae7286ec62c93260b300b731,NONE,YES,
CLM-0078,Error propagation,Days with forecast better / decision better,EXACT_RECOVERED,A,5.5,outputs/phase5_5/summary.json,forecast_to_decision_consistency.forecast better / decision better,Hog_office_Rolando,test,,Days with forecast better / decision better,14,days,,7fa09434596d237234a7d9141ed2027eaa81b4a8ae7286ec62c93260b300b731,NONE,YES,
CLM-0079,Error propagation,Days with forecast better / decision worse,EXACT_RECOVERED,A,5.5,outputs/phase5_5/summary.json,forecast_to_decision_consistency.forecast better / decision worse,Hog_office_Rolando,test,,Days with forecast better / decision worse,2,days,,7fa09434596d237234a7d9141ed2027eaa81b4a8ae7286ec62c93260b300b731,NONE,YES,
CLM-0080,Error propagation,Days with forecast worse / decision better,EXACT_RECOVERED,A,5.5,outputs/phase5_5/summary.json,forecast_to_decision_consistency.forecast worse / decision better,Hog_office_Rolando,test,,Days with forecast worse / decision better,5,days,,7fa09434596d237234a7d9141ed2027eaa81b4a8ae7286ec62c93260b300b731,NONE,YES,
CLM-0081,Error propagation,Days with forecast worse / decision worse,EXACT_RECOVERED,A,5.5,outputs/phase5_5/summary.json,forecast_to_decision_consistency.forecast worse / decision worse,Hog_office_Rolando,test,,Days with forecast worse / decision worse,9,days,,7fa09434596d237234a7d9141ed2027eaa81b4a8ae7286ec62c93260b300b731,NONE,YES,
CLM-0082,Robustness,Validation-selected robust lambda,EXACT_RECOVERED,A,5.7,outputs/phase5_7/selected_robust_config.json,lambda,Hog_office_Rolando,validation,LightGBM robust,Validation-selected robust lambda,0.5,dimensionless,,2296f73e71e357058a9bb1381b915548dbbccff30446863e9ef72de43b82d935,NONE,YES,Selected without Test access; Test result is materially worse than deterministic LightGBM.
CLM-0083,Robustness,Robust optimizer scenario count,EXACT_RECOVERED,A,5.7,outputs/phase5_7/selected_robust_config.json,scenario_count,Hog_office_Rolando,validation,LightGBM robust,Robust optimizer scenario count,100,scenarios,,2296f73e71e357058a9bb1381b915548dbbccff30446863e9ef72de43b82d935,NONE,YES,
CLM-0084,Forecast comparison,7 DayWeek Hog_office_Rolando MAE,EXACT_RECOVERED,A,7,outputs/phase7/model_test_forecast_metrics.csv,row[0].MAE,Hog_office_Rolando,,DayWeek,7 DayWeek Hog_office_Rolando MAE,8.86875,kW,,38692038ae03c56000c2f05f6ac2138f39c58f26eb588f9b8cfff14dcd20d855,NONE,YES,
CLM-0085,Forecast comparison,7 DayWeek Hog_office_Rolando RMSE,EXACT_RECOVERED,A,7,outputs/phase7/model_test_forecast_metrics.csv,row[0].RMSE,Hog_office_Rolando,,DayWeek,7 DayWeek Hog_office_Rolando RMSE,12.52881401232996,kW,,38692038ae03c56000c2f05f6ac2138f39c58f26eb588f9b8cfff14dcd20d855,NONE,YES,
CLM-0086,Forecast comparison,7 DayWeek Hog_office_Rolando MAPE,EXACT_RECOVERED,A,7,outputs/phase7/model_test_forecast_metrics.csv,row[0].MAPE,Hog_office_Rolando,,DayWeek,7 DayWeek Hog_office_Rolando MAPE,2.152466550679129,%,,38692038ae03c56000c2f05f6ac2138f39c58f26eb588f9b8cfff14dcd20d855,NONE,YES,
CLM-0087,Forecast comparison,7 DayWeek Hog_office_Rolando bias,EXACT_RECOVERED,A,7,outputs/phase7/model_test_forecast_metrics.csv,row[0].bias,Hog_office_Rolando,,DayWeek,7 DayWeek Hog_office_Rolando bias,4.689583333333333,dimensionless,,38692038ae03c56000c2f05f6ac2138f39c58f26eb588f9b8cfff14dcd20d855,NONE,YES,
CLM-0088,Forecast comparison,7 DayWeek Hog_office_Rolando actual_p75,EXACT_RECOVERED,A,7,outputs/phase7/model_test_forecast_metrics.csv,row[0].actual_p75,Hog_office_Rolando,,DayWeek,7 DayWeek Hog_office_Rolando actual_p75,430.0,dimensionless,,38692038ae03c56000c2f05f6ac2138f39c58f26eb588f9b8cfff14dcd20d855,NONE,YES,
CLM-0089,Forecast comparison,7 DayWeek Hog_office_Rolando peak_quartile_MAE,EXACT_RECOVERED,A,7,outputs/phase7/model_test_forecast_metrics.csv,row[0].peak_quartile_MAE,Hog_office_Rolando,,DayWeek,7 DayWeek Hog_office_Rolando peak_quartile_MAE,7.286885245901639,kW,,38692038ae03c56000c2f05f6ac2138f39c58f26eb588f9b8cfff14dcd20d855,NONE,YES,
CLM-0090,Forecast comparison,7 DayWeek Hog_office_Rolando peak_quartile_bias,EXACT_RECOVERED,A,7,outputs/phase7/model_test_forecast_metrics.csv,row[0].peak_quartile_bias,Hog_office_Rolando,,DayWeek,7 DayWeek Hog_office_Rolando peak_quartile_bias,-1.4562841530054644,kW,,38692038ae03c56000c2f05f6ac2138f39c58f26eb588f9b8cfff14dcd20d855,NONE,YES,
CLM-0091,Forecast comparison,7 DayWeek Hog_office_Rolando daily_peak_hour_MAE,EXACT_RECOVERED,A,7,outputs/phase7/model_test_forecast_metrics.csv,row[0].daily_peak_hour_MAE,Hog_office_Rolando,,DayWeek,7 DayWeek Hog_office_Rolando daily_peak_hour_MAE,1.5333333333333334,kW,,38692038ae03c56000c2f05f6ac2138f39c58f26eb588f9b8cfff14dcd20d855,NONE,YES,
CLM-0092,Forecast comparison,7 DayWeek Hog_office_Rolando daily_peak_hour_exact_rate,EXACT_RECOVERED,A,7,outputs/phase7/model_test_forecast_metrics.csv,row[0].daily_peak_hour_exact_rate,Hog_office_Rolando,,DayWeek,7 DayWeek Hog_office_Rolando daily_peak_hour_exact_rate,0.3,kW,,38692038ae03c56000c2f05f6ac2138f39c58f26eb588f9b8cfff14dcd20d855,NONE,YES,
CLM-0093,Forecast comparison,7 DayWeek Hog_office_Rolando daily_top3_overlap,EXACT_RECOVERED,A,7,outputs/phase7/model_test_forecast_metrics.csv,row[0].daily_top3_overlap,Hog_office_Rolando,,DayWeek,7 DayWeek Hog_office_Rolando daily_top3_overlap,0.5777777777777778,dimensionless,,38692038ae03c56000c2f05f6ac2138f39c58f26eb588f9b8cfff14dcd20d855,NONE,YES,
CLM-0094,Forecast comparison,7 DayWeek Hog_office_Rolando normalized_MAE,EXACT_RECOVERED,A,7,outputs/phase7/model_test_forecast_metrics.csv,row[0].normalized_MAE,Hog_office_Rolando,,DayWeek,7 DayWeek Hog_office_Rolando normalized_MAE,0.02904701633714071,dimensionless,,38692038ae03c56000c2f05f6ac2138f39c58f26eb588f9b8cfff14dcd20d855,NONE,YES,
CLM-0095,Forecast comparison,7 DayWeek Hog_office_Rolando normalized_RMSE,EXACT_RECOVERED,A,7,outputs/phase7/model_test_forecast_metrics.csv,row[0].normalized_RMSE,Hog_office_Rolando,,DayWeek,7 DayWeek Hog_office_Rolando normalized_RMSE,0.04103449362098895,dimensionless,,38692038ae03c56000c2f05f6ac2138f39c58f26eb588f9b8cfff14dcd20d855,NONE,YES,
CLM-0096,Forecast comparison,7 LightGBM Hog_office_Rolando MAE,EXACT_RECOVERED,A,7,outputs/phase7/model_test_forecast_metrics.csv,row[1].MAE,Hog_office_Rolando,,LightGBM,7 LightGBM Hog_office_Rolando MAE,11.586274191057303,kW,,38692038ae03c56000c2f05f6ac2138f39c58f26eb588f9b8cfff14dcd20d855,NONE,YES,
CLM-0097,Forecast comparison,7 LightGBM Hog_office_Rolando RMSE,EXACT_RECOVERED,A,7,outputs/phase7/model_test_forecast_metrics.csv,row[1].RMSE,Hog_office_Rolando,,LightGBM,7 LightGBM Hog_office_Rolando RMSE,17.33749674157886,kW,,38692038ae03c56000c2f05f6ac2138f39c58f26eb588f9b8cfff14dcd20d855,NONE,YES,
CLM-0098,Forecast comparison,7 LightGBM Hog_office_Rolando MAPE,EXACT_RECOVERED,A,7,outputs/phase7/model_test_forecast_metrics.csv,row[1].MAPE,Hog_office_Rolando,,LightGBM,7 LightGBM Hog_office_Rolando MAPE,2.869997650567488,%,,38692038ae03c56000c2f05f6ac2138f39c58f26eb588f9b8cfff14dcd20d855,NONE,YES,
CLM-0099,Forecast comparison,7 LightGBM Hog_office_Rolando bias,EXACT_RECOVERED,A,7,outputs/phase7/model_test_forecast_metrics.csv,row[1].bias,Hog_office_Rolando,,LightGBM,7 LightGBM Hog_office_Rolando bias,8.689172620737535,dimensionless,,38692038ae03c56000c2f05f6ac2138f39c58f26eb588f9b8cfff14dcd20d855,NONE,YES,
CLM-0100,Forecast comparison,7 LightGBM Hog_office_Rolando actual_p75,EXACT_RECOVERED,A,7,outputs/phase7/model_test_forecast_metrics.csv,row[1].actual_p75,Hog_office_Rolando,,LightGBM,7 LightGBM Hog_office_Rolando actual_p75,430.0,dimensionless,,38692038ae03c56000c2f05f6ac2138f39c58f26eb588f9b8cfff14dcd20d855,NONE,YES,
CLM-0101,Forecast comparison,7 LightGBM Hog_office_Rolando peak_quartile_MAE,EXACT_RECOVERED,A,7,outputs/phase7/model_test_forecast_metrics.csv,row[1].peak_quartile_MAE,Hog_office_Rolando,,LightGBM,7 LightGBM Hog_office_Rolando peak_quartile_MAE,5.833103431919106,kW,,38692038ae03c56000c2f05f6ac2138f39c58f26eb588f9b8cfff14dcd20d855,NONE,YES,
CLM-0102,Forecast comparison,7 LightGBM Hog_office_Rolando peak_quartile_bias,EXACT_RECOVERED,A,7,outputs/phase7/model_test_forecast_metrics.csv,row[1].peak_quartile_bias,Hog_office_Rolando,,LightGBM,7 LightGBM Hog_office_Rolando peak_quartile_bias,-1.9891210013458753,kW,,38692038ae03c56000c2f05f6ac2138f39c58f26eb588f9b8cfff14dcd20d855,NONE,YES,
CLM-0103,Forecast comparison,7 LightGBM Hog_office_Rolando daily_peak_hour_MAE,EXACT_RECOVERED,A,7,outputs/phase7/model_test_forecast_metrics.csv,row[1].daily_peak_hour_MAE,Hog_office_Rolando,,LightGBM,7 LightGBM Hog_office_Rolando daily_peak_hour_MAE,3.6,kW,,38692038ae03c56000c2f05f6ac2138f39c58f26eb588f9b8cfff14dcd20d855,NONE,YES,
CLM-0104,Forecast comparison,7 LightGBM Hog_office_Rolando daily_peak_hour_exact_rate,EXACT_RECOVERED,A,7,outputs/phase7/model_test_forecast_metrics.csv,row[1].daily_peak_hour_exact_rate,Hog_office_Rolando,,LightGBM,7 LightGBM Hog_office_Rolando daily_peak_hour_exact_rate,0.23333333333333334,kW,,38692038ae03c56000c2f05f6ac2138f39c58f26eb588f9b8cfff14dcd20d855,NONE,YES,
CLM-0105,Forecast comparison,7 LightGBM Hog_office_Rolando daily_top3_overlap,EXACT_RECOVERED,A,7,outputs/phase7/model_test_forecast_metrics.csv,row[1].daily_top3_overlap,Hog_office_Rolando,,LightGBM,7 LightGBM Hog_office_Rolando daily_top3_overlap,0.522222222222222,dimensionless,,38692038ae03c56000c2f05f6ac2138f39c58f26eb588f9b8cfff14dcd20d855,NONE,YES,
CLM-0106,Forecast comparison,7 LightGBM Hog_office_Rolando normalized_MAE,EXACT_RECOVERED,A,7,outputs/phase7/model_test_forecast_metrics.csv,row[1].normalized_MAE,Hog_office_Rolando,,LightGBM,7 LightGBM Hog_office_Rolando normalized_MAE,0.03794747802274652,dimensionless,,38692038ae03c56000c2f05f6ac2138f39c58f26eb588f9b8cfff14dcd20d855,NONE,YES,
CLM-0107,Forecast comparison,7 LightGBM Hog_office_Rolando normalized_RMSE,EXACT_RECOVERED,A,7,outputs/phase7/model_test_forecast_metrics.csv,row[1].normalized_RMSE,Hog_office_Rolando,,LightGBM,7 LightGBM Hog_office_Rolando normalized_RMSE,0.05678393810827512,dimensionless,,38692038ae03c56000c2f05f6ac2138f39c58f26eb588f9b8cfff14dcd20d855,NONE,YES,
CLM-0108,Forecast comparison,7 XGBoost Hog_office_Rolando MAE,EXACT_RECOVERED,A,7,outputs/phase7/model_test_forecast_metrics.csv,row[2].MAE,Hog_office_Rolando,,XGBoost,7 XGBoost Hog_office_Rolando MAE,8.281393475002712,kW,,38692038ae03c56000c2f05f6ac2138f39c58f26eb588f9b8cfff14dcd20d855,NONE,YES,
CLM-0109,Forecast comparison,7 XGBoost Hog_office_Rolando RMSE,EXACT_RECOVERED,A,7,outputs/phase7/model_test_forecast_metrics.csv,row[2].RMSE,Hog_office_Rolando,,XGBoost,7 XGBoost Hog_office_Rolando RMSE,12.012604906833504,kW,,38692038ae03c56000c2f05f6ac2138f39c58f26eb588f9b8cfff14dcd20d855,NONE,YES,
CLM-0110,Forecast comparison,7 XGBoost Hog_office_Rolando MAPE,EXACT_RECOVERED,A,7,outputs/phase7/model_test_forecast_metrics.csv,row[2].MAPE,Hog_office_Rolando,,XGBoost,7 XGBoost Hog_office_Rolando MAPE,2.030180370458914,%,,38692038ae03c56000c2f05f6ac2138f39c58f26eb588f9b8cfff14dcd20d855,NONE,YES,
CLM-0111,Forecast comparison,7 XGBoost Hog_office_Rolando bias,EXACT_RECOVERED,A,7,outputs/phase7/model_test_forecast_metrics.csv,row[2].bias,Hog_office_Rolando,,XGBoost,7 XGBoost Hog_office_Rolando bias,4.942497634887696,dimensionless,,38692038ae03c56000c2f05f6ac2138f39c58f26eb588f9b8cfff14dcd20d855,NONE,YES,
CLM-0112,Forecast comparison,7 XGBoost Hog_office_Rolando actual_p75,EXACT_RECOVERED,A,7,outputs/phase7/model_test_forecast_metrics.csv,row[2].actual_p75,Hog_office_Rolando,,XGBoost,7 XGBoost Hog_office_Rolando actual_p75,430.0,dimensionless,,38692038ae03c56000c2f05f6ac2138f39c58f26eb588f9b8cfff14dcd20d855,NONE,YES,
CLM-0113,Forecast comparison,7 XGBoost Hog_office_Rolando peak_quartile_MAE,EXACT_RECOVERED,A,7,outputs/phase7/model_test_forecast_metrics.csv,row[2].peak_quartile_MAE,Hog_office_Rolando,,XGBoost,7 XGBoost Hog_office_Rolando peak_quartile_MAE,5.59094655188055,kW,,38692038ae03c56000c2f05f6ac2138f39c58f26eb588f9b8cfff14dcd20d855,NONE,YES,
CLM-0114,Forecast comparison,7 XGBoost Hog_office_Rolando peak_quartile_bias,EXACT_RECOVERED,A,7,outputs/phase7/model_test_forecast_metrics.csv,row[2].peak_quartile_bias,Hog_office_Rolando,,XGBoost,7 XGBoost Hog_office_Rolando peak_quartile_bias,-2.0662900163827698,kW,,38692038ae03c56000c2f05f6ac2138f39c58f26eb588f9b8cfff14dcd20d855,NONE,YES,
CLM-0115,Forecast comparison,7 XGBoost Hog_office_Rolando daily_peak_hour_MAE,EXACT_RECOVERED,A,7,outputs/phase7/model_test_forecast_metrics.csv,row[2].daily_peak_hour_MAE,Hog_office_Rolando,,XGBoost,7 XGBoost Hog_office_Rolando daily_peak_hour_MAE,2.7333333333333334,kW,,38692038ae03c56000c2f05f6ac2138f39c58f26eb588f9b8cfff14dcd20d855,NONE,YES,
CLM-0116,Forecast comparison,7 XGBoost Hog_office_Rolando daily_peak_hour_exact_rate,EXACT_RECOVERED,A,7,outputs/phase7/model_test_forecast_metrics.csv,row[2].daily_peak_hour_exact_rate,Hog_office_Rolando,,XGBoost,7 XGBoost Hog_office_Rolando daily_peak_hour_exact_rate,0.2,kW,,38692038ae03c56000c2f05f6ac2138f39c58f26eb588f9b8cfff14dcd20d855,NONE,YES,
CLM-0117,Forecast comparison,7 XGBoost Hog_office_Rolando daily_top3_overlap,EXACT_RECOVERED,A,7,outputs/phase7/model_test_forecast_metrics.csv,row[2].daily_top3_overlap,Hog_office_Rolando,,XGBoost,7 XGBoost Hog_office_Rolando daily_top3_overlap,0.49999999999999994,dimensionless,,38692038ae03c56000c2f05f6ac2138f39c58f26eb588f9b8cfff14dcd20d855,NONE,YES,
CLM-0118,Forecast comparison,7 XGBoost Hog_office_Rolando normalized_MAE,EXACT_RECOVERED,A,7,outputs/phase7/model_test_forecast_metrics.csv,row[2].normalized_MAE,Hog_office_Rolando,,XGBoost,7 XGBoost Hog_office_Rolando normalized_MAE,0.027123300528563127,dimensionless,,38692038ae03c56000c2f05f6ac2138f39c58f26eb588f9b8cfff14dcd20d855,NONE,YES,
CLM-0119,Forecast comparison,7 XGBoost Hog_office_Rolando normalized_RMSE,EXACT_RECOVERED,A,7,outputs/phase7/model_test_forecast_metrics.csv,row[2].normalized_RMSE,Hog_office_Rolando,,XGBoost,7 XGBoost Hog_office_Rolando normalized_RMSE,0.0393438005333795,dimensionless,,38692038ae03c56000c2f05f6ac2138f39c58f26eb588f9b8cfff14dcd20d855,NONE,YES,
CLM-0120,Forecast comparison,7 CatBoost Hog_office_Rolando MAE,EXACT_RECOVERED,A,7,outputs/phase7/model_test_forecast_metrics.csv,row[3].MAE,Hog_office_Rolando,,CatBoost,7 CatBoost Hog_office_Rolando MAE,9.412322444040733,kW,,38692038ae03c56000c2f05f6ac2138f39c58f26eb588f9b8cfff14dcd20d855,NONE,YES,
CLM-0121,Forecast comparison,7 CatBoost Hog_office_Rolando RMSE,EXACT_RECOVERED,A,7,outputs/phase7/model_test_forecast_metrics.csv,row[3].RMSE,Hog_office_Rolando,,CatBoost,7 CatBoost Hog_office_Rolando RMSE,13.054341294624018,kW,,38692038ae03c56000c2f05f6ac2138f39c58f26eb588f9b8cfff14dcd20d855,NONE,YES,
CLM-0122,Forecast comparison,7 CatBoost Hog_office_Rolando MAPE,EXACT_RECOVERED,A,7,outputs/phase7/model_test_forecast_metrics.csv,row[3].MAPE,Hog_office_Rolando,,CatBoost,7 CatBoost Hog_office_Rolando MAPE,2.3063980776285145,%,,38692038ae03c56000c2f05f6ac2138f39c58f26eb588f9b8cfff14dcd20d855,NONE,YES,
CLM-0123,Forecast comparison,7 CatBoost Hog_office_Rolando bias,EXACT_RECOVERED,A,7,outputs/phase7/model_test_forecast_metrics.csv,row[3].bias,Hog_office_Rolando,,CatBoost,7 CatBoost Hog_office_Rolando bias,6.046856204390887,dimensionless,,38692038ae03c56000c2f05f6ac2138f39c58f26eb588f9b8cfff14dcd20d855,NONE,YES,
CLM-0124,Forecast comparison,7 CatBoost Hog_office_Rolando actual_p75,EXACT_RECOVERED,A,7,outputs/phase7/model_test_forecast_metrics.csv,row[3].actual_p75,Hog_office_Rolando,,CatBoost,7 CatBoost Hog_office_Rolando actual_p75,430.0,dimensionless,,38692038ae03c56000c2f05f6ac2138f39c58f26eb588f9b8cfff14dcd20d855,NONE,YES,
CLM-0125,Forecast comparison,7 CatBoost Hog_office_Rolando peak_quartile_MAE,EXACT_RECOVERED,A,7,outputs/phase7/model_test_forecast_metrics.csv,row[3].peak_quartile_MAE,Hog_office_Rolando,,CatBoost,7 CatBoost Hog_office_Rolando peak_quartile_MAE,6.25151521336424,kW,,38692038ae03c56000c2f05f6ac2138f39c58f26eb588f9b8cfff14dcd20d855,NONE,YES,
CLM-0126,Forecast comparison,7 CatBoost Hog_office_Rolando peak_quartile_bias,EXACT_RECOVERED,A,7,outputs/phase7/model_test_forecast_metrics.csv,row[3].peak_quartile_bias,Hog_office_Rolando,,CatBoost,7 CatBoost Hog_office_Rolando peak_quartile_bias,-3.670928923713143,kW,,38692038ae03c56000c2f05f6ac2138f39c58f26eb588f9b8cfff14dcd20d855,NONE,YES,
CLM-0127,Forecast comparison,7 CatBoost Hog_office_Rolando daily_peak_hour_MAE,EXACT_RECOVERED,A,7,outputs/phase7/model_test_forecast_metrics.csv,row[3].daily_peak_hour_MAE,Hog_office_Rolando,,CatBoost,7 CatBoost Hog_office_Rolando daily_peak_hour_MAE,1.7666666666666666,kW,,38692038ae03c56000c2f05f6ac2138f39c58f26eb588f9b8cfff14dcd20d855,NONE,YES,
CLM-0128,Forecast comparison,7 CatBoost Hog_office_Rolando daily_peak_hour_exact_rate,EXACT_RECOVERED,A,7,outputs/phase7/model_test_forecast_metrics.csv,row[3].daily_peak_hour_exact_rate,Hog_office_Rolando,,CatBoost,7 CatBoost Hog_office_Rolando daily_peak_hour_exact_rate,0.26666666666666666,kW,,38692038ae03c56000c2f05f6ac2138f39c58f26eb588f9b8cfff14dcd20d855,NONE,YES,
CLM-0129,Forecast comparison,7 CatBoost Hog_office_Rolando daily_top3_overlap,EXACT_RECOVERED,A,7,outputs/phase7/model_test_forecast_metrics.csv,row[3].daily_top3_overlap,Hog_office_Rolando,,CatBoost,7 CatBoost Hog_office_Rolando daily_top3_overlap,0.5555555555555555,dimensionless,,38692038ae03c56000c2f05f6ac2138f39c58f26eb588f9b8cfff14dcd20d855,NONE,YES,
CLM-0130,Forecast comparison,7 CatBoost Hog_office_Rolando normalized_MAE,EXACT_RECOVERED,A,7,outputs/phase7/model_test_forecast_metrics.csv,row[3].normalized_MAE,Hog_office_Rolando,,CatBoost,7 CatBoost Hog_office_Rolando normalized_MAE,0.030827330097532045,dimensionless,,38692038ae03c56000c2f05f6ac2138f39c58f26eb588f9b8cfff14dcd20d855,NONE,YES,
CLM-0131,Forecast comparison,7 CatBoost Hog_office_Rolando normalized_RMSE,EXACT_RECOVERED,A,7,outputs/phase7/model_test_forecast_metrics.csv,row[3].normalized_RMSE,Hog_office_Rolando,,CatBoost,7 CatBoost Hog_office_Rolando normalized_RMSE,0.04275570569195822,dimensionless,,38692038ae03c56000c2f05f6ac2138f39c58f26eb588f9b8cfff14dcd20d855,NONE,YES,
CLM-0132,Forecast comparison,7 DayWeek Hog_office_Lavon MAE,EXACT_RECOVERED,A,7,outputs/phase7/model_test_forecast_metrics.csv,row[4].MAE,Hog_office_Lavon,,DayWeek,7 DayWeek Hog_office_Lavon MAE,2.3185902777777776,kW,,38692038ae03c56000c2f05f6ac2138f39c58f26eb588f9b8cfff14dcd20d855,NONE,YES,
CLM-0133,Forecast comparison,7 DayWeek Hog_office_Lavon RMSE,EXACT_RECOVERED,A,7,outputs/phase7/model_test_forecast_metrics.csv,row[4].RMSE,Hog_office_Lavon,,DayWeek,7 DayWeek Hog_office_Lavon RMSE,3.0135117034459245,kW,,38692038ae03c56000c2f05f6ac2138f39c58f26eb588f9b8cfff14dcd20d855,NONE,YES,
CLM-0134,Forecast comparison,7 DayWeek Hog_office_Lavon MAPE,EXACT_RECOVERED,A,7,outputs/phase7/model_test_forecast_metrics.csv,row[4].MAPE,Hog_office_Lavon,,DayWeek,7 DayWeek Hog_office_Lavon MAPE,22.782562131427998,%,,38692038ae03c56000c2f05f6ac2138f39c58f26eb588f9b8cfff14dcd20d855,NONE,YES,
CLM-0135,Forecast comparison,7 DayWeek Hog_office_Lavon bias,EXACT_RECOVERED,A,7,outputs/phase7/model_test_forecast_metrics.csv,row[4].bias,Hog_office_Lavon,,DayWeek,7 DayWeek Hog_office_Lavon bias,-0.05758750000000011,dimensionless,,38692038ae03c56000c2f05f6ac2138f39c58f26eb588f9b8cfff14dcd20d855,NONE,YES,
CLM-0136,Forecast comparison,7 DayWeek Hog_office_Lavon actual_p75,EXACT_RECOVERED,A,7,outputs/phase7/model_test_forecast_metrics.csv,row[4].actual_p75,Hog_office_Lavon,,DayWeek,7 DayWeek Hog_office_Lavon actual_p75,14.5745,dimensionless,,38692038ae03c56000c2f05f6ac2138f39c58f26eb588f9b8cfff14dcd20d855,NONE,YES,
CLM-0137,Forecast comparison,7 DayWeek Hog_office_Lavon peak_quartile_MAE,EXACT_RECOVERED,A,7,outputs/phase7/model_test_forecast_metrics.csv,row[4].peak_quartile_MAE,Hog_office_Lavon,,DayWeek,7 DayWeek Hog_office_Lavon peak_quartile_MAE,2.2565444444444442,kW,,38692038ae03c56000c2f05f6ac2138f39c58f26eb588f9b8cfff14dcd20d855,NONE,YES,
CLM-0138,Forecast comparison,7 DayWeek Hog_office_Lavon peak_quartile_bias,EXACT_RECOVERED,A,7,outputs/phase7/model_test_forecast_metrics.csv,row[4].peak_quartile_bias,Hog_office_Lavon,,DayWeek,7 DayWeek Hog_office_Lavon peak_quartile_bias,-2.087411111111111,kW,,38692038ae03c56000c2f05f6ac2138f39c58f26eb588f9b8cfff14dcd20d855,NONE,YES,
CLM-0139,Forecast comparison,7 DayWeek Hog_office_Lavon daily_peak_hour_MAE,EXACT_RECOVERED,A,7,outputs/phase7/model_test_forecast_metrics.csv,row[4].daily_peak_hour_MAE,Hog_office_Lavon,,DayWeek,7 DayWeek Hog_office_Lavon daily_peak_hour_MAE,8.833333333333334,kW,,38692038ae03c56000c2f05f6ac2138f39c58f26eb588f9b8cfff14dcd20d855,NONE,YES,
CLM-0140,Forecast comparison,7 DayWeek Hog_office_Lavon daily_peak_hour_exact_rate,EXACT_RECOVERED,A,7,outputs/phase7/model_test_forecast_metrics.csv,row[4].daily_peak_hour_exact_rate,Hog_office_Lavon,,DayWeek,7 DayWeek Hog_office_Lavon daily_peak_hour_exact_rate,0.06666666666666667,kW,,38692038ae03c56000c2f05f6ac2138f39c58f26eb588f9b8cfff14dcd20d855,NONE,YES,
CLM-0141,Forecast comparison,7 DayWeek Hog_office_Lavon daily_top3_overlap,EXACT_RECOVERED,A,7,outputs/phase7/model_test_forecast_metrics.csv,row[4].daily_top3_overlap,Hog_office_Lavon,,DayWeek,7 DayWeek Hog_office_Lavon daily_top3_overlap,0.32222222222222213,dimensionless,,38692038ae03c56000c2f05f6ac2138f39c58f26eb588f9b8cfff14dcd20d855,NONE,YES,
CLM-0142,Forecast comparison,7 DayWeek Hog_office_Lavon normalized_MAE,EXACT_RECOVERED,A,7,outputs/phase7/model_test_forecast_metrics.csv,row[4].normalized_MAE,Hog_office_Lavon,,DayWeek,7 DayWeek Hog_office_Lavon normalized_MAE,0.007793500443586122,dimensionless,,38692038ae03c56000c2f05f6ac2138f39c58f26eb588f9b8cfff14dcd20d855,NONE,YES,
CLM-0143,Forecast comparison,7 DayWeek Hog_office_Lavon normalized_RMSE,EXACT_RECOVERED,A,7,outputs/phase7/model_test_forecast_metrics.csv,row[4].normalized_RMSE,Hog_office_Lavon,,DayWeek,7 DayWeek Hog_office_Lavon normalized_RMSE,0.01012934670806411,dimensionless,,38692038ae03c56000c2f05f6ac2138f39c58f26eb588f9b8cfff14dcd20d855,NONE,YES,
CLM-0144,Forecast comparison,7 LightGBM Hog_office_Lavon MAE,EXACT_RECOVERED,A,7,outputs/phase7/model_test_forecast_metrics.csv,row[5].MAE,Hog_office_Lavon,,LightGBM,7 LightGBM Hog_office_Lavon MAE,12.676097910965105,kW,,38692038ae03c56000c2f05f6ac2138f39c58f26eb588f9b8cfff14dcd20d855,NONE,YES,
CLM-0145,Forecast comparison,7 LightGBM Hog_office_Lavon RMSE,EXACT_RECOVERED,A,7,outputs/phase7/model_test_forecast_metrics.csv,row[5].RMSE,Hog_office_Lavon,,LightGBM,7 LightGBM Hog_office_Lavon RMSE,15.215975741440655,kW,,38692038ae03c56000c2f05f6ac2138f39c58f26eb588f9b8cfff14dcd20d855,NONE,YES,
CLM-0146,Forecast comparison,7 LightGBM Hog_office_Lavon MAPE,EXACT_RECOVERED,A,7,outputs/phase7/model_test_forecast_metrics.csv,row[5].MAPE,Hog_office_Lavon,,LightGBM,7 LightGBM Hog_office_Lavon MAPE,141.48635068601132,%,,38692038ae03c56000c2f05f6ac2138f39c58f26eb588f9b8cfff14dcd20d855,NONE,YES,
CLM-0147,Forecast comparison,7 LightGBM Hog_office_Lavon bias,EXACT_RECOVERED,A,7,outputs/phase7/model_test_forecast_metrics.csv,row[5].bias,Hog_office_Lavon,,LightGBM,7 LightGBM Hog_office_Lavon bias,12.673893890589516,dimensionless,,38692038ae03c56000c2f05f6ac2138f39c58f26eb588f9b8cfff14dcd20d855,NONE,YES,
CLM-0148,Forecast comparison,7 LightGBM Hog_office_Lavon actual_p75,EXACT_RECOVERED,A,7,outputs/phase7/model_test_forecast_metrics.csv,row[5].actual_p75,Hog_office_Lavon,,LightGBM,7 LightGBM Hog_office_Lavon actual_p75,14.5745,dimensionless,,38692038ae03c56000c2f05f6ac2138f39c58f26eb588f9b8cfff14dcd20d855,NONE,YES,
CLM-0149,Forecast comparison,7 LightGBM Hog_office_Lavon peak_quartile_MAE,EXACT_RECOVERED,A,7,outputs/phase7/model_test_forecast_metrics.csv,row[5].peak_quartile_MAE,Hog_office_Lavon,,LightGBM,7 LightGBM Hog_office_Lavon peak_quartile_MAE,6.066380444618671,kW,,38692038ae03c56000c2f05f6ac2138f39c58f26eb588f9b8cfff14dcd20d855,NONE,YES,
CLM-0150,Forecast comparison,7 LightGBM Hog_office_Lavon peak_quartile_bias,EXACT_RECOVERED,A,7,outputs/phase7/model_test_forecast_metrics.csv,row[5].peak_quartile_bias,Hog_office_Lavon,,LightGBM,7 LightGBM Hog_office_Lavon peak_quartile_bias,6.057564363116315,kW,,38692038ae03c56000c2f05f6ac2138f39c58f26eb588f9b8cfff14dcd20d855,NONE,YES,
CLM-0151,Forecast comparison,7 LightGBM Hog_office_Lavon daily_peak_hour_MAE,EXACT_RECOVERED,A,7,outputs/phase7/model_test_forecast_metrics.csv,row[5].daily_peak_hour_MAE,Hog_office_Lavon,,LightGBM,7 LightGBM Hog_office_Lavon daily_peak_hour_MAE,8.4,kW,,38692038ae03c56000c2f05f6ac2138f39c58f26eb588f9b8cfff14dcd20d855,NONE,YES,
CLM-0152,Forecast comparison,7 LightGBM Hog_office_Lavon daily_peak_hour_exact_rate,EXACT_RECOVERED,A,7,outputs/phase7/model_test_forecast_metrics.csv,row[5].daily_peak_hour_exact_rate,Hog_office_Lavon,,LightGBM,7 LightGBM Hog_office_Lavon daily_peak_hour_exact_rate,0.03333333333333333,kW,,38692038ae03c56000c2f05f6ac2138f39c58f26eb588f9b8cfff14dcd20d855,NONE,YES,
CLM-0153,Forecast comparison,7 LightGBM Hog_office_Lavon daily_top3_overlap,EXACT_RECOVERED,A,7,outputs/phase7/model_test_forecast_metrics.csv,row[5].daily_top3_overlap,Hog_office_Lavon,,LightGBM,7 LightGBM Hog_office_Lavon daily_top3_overlap,0.08888888888888889,dimensionless,,38692038ae03c56000c2f05f6ac2138f39c58f26eb588f9b8cfff14dcd20d855,NONE,YES,
CLM-0154,Forecast comparison,7 LightGBM Hog_office_Lavon normalized_MAE,EXACT_RECOVERED,A,7,outputs/phase7/model_test_forecast_metrics.csv,row[5].normalized_MAE,Hog_office_Lavon,,LightGBM,7 LightGBM Hog_office_Lavon normalized_MAE,0.04260829334052619,dimensionless,,38692038ae03c56000c2f05f6ac2138f39c58f26eb588f9b8cfff14dcd20d855,NONE,YES,
CLM-0155,Forecast comparison,7 LightGBM Hog_office_Lavon normalized_RMSE,EXACT_RECOVERED,A,7,outputs/phase7/model_test_forecast_metrics.csv,row[5].normalized_RMSE,Hog_office_Lavon,,LightGBM,7 LightGBM Hog_office_Lavon normalized_RMSE,0.051145609824677744,dimensionless,,38692038ae03c56000c2f05f6ac2138f39c58f26eb588f9b8cfff14dcd20d855,NONE,YES,
CLM-0156,Forecast comparison,7 XGBoost Hog_office_Lavon MAE,EXACT_RECOVERED,A,7,outputs/phase7/model_test_forecast_metrics.csv,row[6].MAE,Hog_office_Lavon,,XGBoost,7 XGBoost Hog_office_Lavon MAE,12.919779512776268,kW,,38692038ae03c56000c2f05f6ac2138f39c58f26eb588f9b8cfff14dcd20d855,NONE,YES,
CLM-0157,Forecast comparison,7 XGBoost Hog_office_Lavon RMSE,EXACT_RECOVERED,A,7,outputs/phase7/model_test_forecast_metrics.csv,row[6].RMSE,Hog_office_Lavon,,XGBoost,7 XGBoost Hog_office_Lavon RMSE,16.57188355775454,kW,,38692038ae03c56000c2f05f6ac2138f39c58f26eb588f9b8cfff14dcd20d855,NONE,YES,
CLM-0158,Forecast comparison,7 XGBoost Hog_office_Lavon MAPE,EXACT_RECOVERED,A,7,outputs/phase7/model_test_forecast_metrics.csv,row[6].MAPE,Hog_office_Lavon,,XGBoost,7 XGBoost Hog_office_Lavon MAPE,148.10337915892708,%,,38692038ae03c56000c2f05f6ac2138f39c58f26eb588f9b8cfff14dcd20d855,NONE,YES,
CLM-0159,Forecast comparison,7 XGBoost Hog_office_Lavon bias,EXACT_RECOVERED,A,7,outputs/phase7/model_test_forecast_metrics.csv,row[6].bias,Hog_office_Lavon,,XGBoost,7 XGBoost Hog_office_Lavon bias,12.863130415757496,dimensionless,,38692038ae03c56000c2f05f6ac2138f39c58f26eb588f9b8cfff14dcd20d855,NONE,YES,
CLM-0160,Forecast comparison,7 XGBoost Hog_office_Lavon actual_p75,EXACT_RECOVERED,A,7,outputs/phase7/model_test_forecast_metrics.csv,row[6].actual_p75,Hog_office_Lavon,,XGBoost,7 XGBoost Hog_office_Lavon actual_p75,14.5745,dimensionless,,38692038ae03c56000c2f05f6ac2138f39c58f26eb588f9b8cfff14dcd20d855,NONE,YES,
CLM-0161,Forecast comparison,7 XGBoost Hog_office_Lavon peak_quartile_MAE,EXACT_RECOVERED,A,7,outputs/phase7/model_test_forecast_metrics.csv,row[6].peak_quartile_MAE,Hog_office_Lavon,,XGBoost,7 XGBoost Hog_office_Lavon peak_quartile_MAE,6.215417288716633,kW,,38692038ae03c56000c2f05f6ac2138f39c58f26eb588f9b8cfff14dcd20d855,NONE,YES,
CLM-0162,Forecast comparison,7 XGBoost Hog_office_Lavon peak_quartile_bias,EXACT_RECOVERED,A,7,outputs/phase7/model_test_forecast_metrics.csv,row[6].peak_quartile_bias,Hog_office_Lavon,,XGBoost,7 XGBoost Hog_office_Lavon peak_quartile_bias,5.988820900641548,kW,,38692038ae03c56000c2f05f6ac2138f39c58f26eb588f9b8cfff14dcd20d855,NONE,YES,
CLM-0163,Forecast comparison,7 XGBoost Hog_office_Lavon daily_peak_hour_MAE,EXACT_RECOVERED,A,7,outputs/phase7/model_test_forecast_metrics.csv,row[6].daily_peak_hour_MAE,Hog_office_Lavon,,XGBoost,7 XGBoost Hog_office_Lavon daily_peak_hour_MAE,7.566666666666666,kW,,38692038ae03c56000c2f05f6ac2138f39c58f26eb588f9b8cfff14dcd20d855,NONE,YES,
CLM-0164,Forecast comparison,7 XGBoost Hog_office_Lavon daily_peak_hour_exact_rate,EXACT_RECOVERED,A,7,outputs/phase7/model_test_forecast_metrics.csv,row[6].daily_peak_hour_exact_rate,Hog_office_Lavon,,XGBoost,7 XGBoost Hog_office_Lavon daily_peak_hour_exact_rate,0.03333333333333333,kW,,38692038ae03c56000c2f05f6ac2138f39c58f26eb588f9b8cfff14dcd20d855,NONE,YES,
CLM-0165,Forecast comparison,7 XGBoost Hog_office_Lavon daily_top3_overlap,EXACT_RECOVERED,A,7,outputs/phase7/model_test_forecast_metrics.csv,row[6].daily_top3_overlap,Hog_office_Lavon,,XGBoost,7 XGBoost Hog_office_Lavon daily_top3_overlap,0.10000000000000002,dimensionless,,38692038ae03c56000c2f05f6ac2138f39c58f26eb588f9b8cfff14dcd20d855,NONE,YES,
CLM-0166,Forecast comparison,7 XGBoost Hog_office_Lavon normalized_MAE,EXACT_RECOVERED,A,7,outputs/phase7/model_test_forecast_metrics.csv,row[6].normalized_MAE,Hog_office_Lavon,,XGBoost,7 XGBoost Hog_office_Lavon normalized_MAE,0.04342738271996984,dimensionless,,38692038ae03c56000c2f05f6ac2138f39c58f26eb588f9b8cfff14dcd20d855,NONE,YES,
CLM-0167,Forecast comparison,7 XGBoost Hog_office_Lavon normalized_RMSE,EXACT_RECOVERED,A,7,outputs/phase7/model_test_forecast_metrics.csv,row[6].normalized_RMSE,Hog_office_Lavon,,XGBoost,7 XGBoost Hog_office_Lavon normalized_RMSE,0.055703236184619274,dimensionless,,38692038ae03c56000c2f05f6ac2138f39c58f26eb588f9b8cfff14dcd20d855,NONE,YES,
CLM-0168,Forecast comparison,7 CatBoost Hog_office_Lavon MAE,EXACT_RECOVERED,A,7,outputs/phase7/model_test_forecast_metrics.csv,row[7].MAE,Hog_office_Lavon,,CatBoost,7 CatBoost Hog_office_Lavon MAE,14.272431599852398,kW,,38692038ae03c56000c2f05f6ac2138f39c58f26eb588f9b8cfff14dcd20d855,NONE,YES,
CLM-0169,Forecast comparison,7 CatBoost Hog_office_Lavon RMSE,EXACT_RECOVERED,A,7,outputs/phase7/model_test_forecast_metrics.csv,row[7].RMSE,Hog_office_Lavon,,CatBoost,7 CatBoost Hog_office_Lavon RMSE,24.263510553805826,kW,,38692038ae03c56000c2f05f6ac2138f39c58f26eb588f9b8cfff14dcd20d855,NONE,YES,
CLM-0170,Forecast comparison,7 CatBoost Hog_office_Lavon MAPE,EXACT_RECOVERED,A,7,outputs/phase7/model_test_forecast_metrics.csv,row[7].MAPE,Hog_office_Lavon,,CatBoost,7 CatBoost Hog_office_Lavon MAPE,142.93674733402383,%,,38692038ae03c56000c2f05f6ac2138f39c58f26eb588f9b8cfff14dcd20d855,NONE,YES,
CLM-0171,Forecast comparison,7 CatBoost Hog_office_Lavon bias,EXACT_RECOVERED,A,7,outputs/phase7/model_test_forecast_metrics.csv,row[7].bias,Hog_office_Lavon,,CatBoost,7 CatBoost Hog_office_Lavon bias,9.720415186609904,dimensionless,,38692038ae03c56000c2f05f6ac2138f39c58f26eb588f9b8cfff14dcd20d855,NONE,YES,
CLM-0172,Forecast comparison,7 CatBoost Hog_office_Lavon actual_p75,EXACT_RECOVERED,A,7,outputs/phase7/model_test_forecast_metrics.csv,row[7].actual_p75,Hog_office_Lavon,,CatBoost,7 CatBoost Hog_office_Lavon actual_p75,14.5745,dimensionless,,38692038ae03c56000c2f05f6ac2138f39c58f26eb588f9b8cfff14dcd20d855,NONE,YES,
CLM-0173,Forecast comparison,7 CatBoost Hog_office_Lavon peak_quartile_MAE,EXACT_RECOVERED,A,7,outputs/phase7/model_test_forecast_metrics.csv,row[7].peak_quartile_MAE,Hog_office_Lavon,,CatBoost,7 CatBoost Hog_office_Lavon peak_quartile_MAE,12.827712618106329,kW,,38692038ae03c56000c2f05f6ac2138f39c58f26eb588f9b8cfff14dcd20d855,NONE,YES,
CLM-0174,Forecast comparison,7 CatBoost Hog_office_Lavon peak_quartile_bias,EXACT_RECOVERED,A,7,outputs/phase7/model_test_forecast_metrics.csv,row[7].peak_quartile_bias,Hog_office_Lavon,,CatBoost,7 CatBoost Hog_office_Lavon peak_quartile_bias,3.923864410947942,kW,,38692038ae03c56000c2f05f6ac2138f39c58f26eb588f9b8cfff14dcd20d855,NONE,YES,
CLM-0175,Forecast comparison,7 CatBoost Hog_office_Lavon daily_peak_hour_MAE,EXACT_RECOVERED,A,7,outputs/phase7/model_test_forecast_metrics.csv,row[7].daily_peak_hour_MAE,Hog_office_Lavon,,CatBoost,7 CatBoost Hog_office_Lavon daily_peak_hour_MAE,7.466666666666667,kW,,38692038ae03c56000c2f05f6ac2138f39c58f26eb588f9b8cfff14dcd20d855,NONE,YES,
CLM-0176,Forecast comparison,7 CatBoost Hog_office_Lavon daily_peak_hour_exact_rate,EXACT_RECOVERED,A,7,outputs/phase7/model_test_forecast_metrics.csv,row[7].daily_peak_hour_exact_rate,Hog_office_Lavon,,CatBoost,7 CatBoost Hog_office_Lavon daily_peak_hour_exact_rate,0.03333333333333333,kW,,38692038ae03c56000c2f05f6ac2138f39c58f26eb588f9b8cfff14dcd20d855,NONE,YES,
CLM-0177,Forecast comparison,7 CatBoost Hog_office_Lavon daily_top3_overlap,EXACT_RECOVERED,A,7,outputs/phase7/model_test_forecast_metrics.csv,row[7].daily_top3_overlap,Hog_office_Lavon,,CatBoost,7 CatBoost Hog_office_Lavon daily_top3_overlap,0.02222222222222222,dimensionless,,38692038ae03c56000c2f05f6ac2138f39c58f26eb588f9b8cfff14dcd20d855,NONE,YES,
CLM-0178,Forecast comparison,7 CatBoost Hog_office_Lavon normalized_MAE,EXACT_RECOVERED,A,7,outputs/phase7/model_test_forecast_metrics.csv,row[7].normalized_MAE,Hog_office_Lavon,,CatBoost,7 CatBoost Hog_office_Lavon normalized_MAE,0.047974065565008446,dimensionless,,38692038ae03c56000c2f05f6ac2138f39c58f26eb588f9b8cfff14dcd20d855,NONE,YES,
CLM-0179,Forecast comparison,7 CatBoost Hog_office_Lavon normalized_RMSE,EXACT_RECOVERED,A,7,outputs/phase7/model_test_forecast_metrics.csv,row[7].normalized_RMSE,Hog_office_Lavon,,CatBoost,7 CatBoost Hog_office_Lavon normalized_RMSE,0.08155717811655815,dimensionless,,38692038ae03c56000c2f05f6ac2138f39c58f26eb588f9b8cfff14dcd20d855,NONE,YES,
CLM-0180,Forecast comparison,7 DayWeek Hog_office_Joey MAE,EXACT_RECOVERED,A,7,outputs/phase7/model_test_forecast_metrics.csv,row[8].MAE,Hog_office_Joey,,DayWeek,7 DayWeek Hog_office_Joey MAE,72.77661736111111,kW,,38692038ae03c56000c2f05f6ac2138f39c58f26eb588f9b8cfff14dcd20d855,NONE,YES,
CLM-0181,Forecast comparison,7 DayWeek Hog_office_Joey RMSE,EXACT_RECOVERED,A,7,outputs/phase7/model_test_forecast_metrics.csv,row[8].RMSE,Hog_office_Joey,,DayWeek,7 DayWeek Hog_office_Joey RMSE,108.21683020965521,kW,,38692038ae03c56000c2f05f6ac2138f39c58f26eb588f9b8cfff14dcd20d855,NONE,YES,
CLM-0182,Forecast comparison,7 DayWeek Hog_office_Joey MAPE,EXACT_RECOVERED,A,7,outputs/phase7/model_test_forecast_metrics.csv,row[8].MAPE,Hog_office_Joey,,DayWeek,7 DayWeek Hog_office_Joey MAPE,5.774828449035961,%,,38692038ae03c56000c2f05f6ac2138f39c58f26eb588f9b8cfff14dcd20d855,NONE,YES,
CLM-0183,Forecast comparison,7 DayWeek Hog_office_Joey bias,EXACT_RECOVERED,A,7,outputs/phase7/model_test_forecast_metrics.csv,row[8].bias,Hog_office_Joey,,DayWeek,7 DayWeek Hog_office_Joey bias,-38.38382708333333,dimensionless,,38692038ae03c56000c2f05f6ac2138f39c58f26eb588f9b8cfff14dcd20d855,NONE,YES,
CLM-0184,Forecast comparison,7 DayWeek Hog_office_Joey actual_p75,EXACT_RECOVERED,A,7,outputs/phase7/model_test_forecast_metrics.csv,row[8].actual_p75,Hog_office_Joey,,DayWeek,7 DayWeek Hog_office_Joey actual_p75,1340.6132499999999,dimensionless,,38692038ae03c56000c2f05f6ac2138f39c58f26eb588f9b8cfff14dcd20d855,NONE,YES,
CLM-0185,Forecast comparison,7 DayWeek Hog_office_Joey peak_quartile_MAE,EXACT_RECOVERED,A,7,outputs/phase7/model_test_forecast_metrics.csv,row[8].peak_quartile_MAE,Hog_office_Joey,,DayWeek,7 DayWeek Hog_office_Joey peak_quartile_MAE,108.32789999999999,kW,,38692038ae03c56000c2f05f6ac2138f39c58f26eb588f9b8cfff14dcd20d855,NONE,YES,
CLM-0186,Forecast comparison,7 DayWeek Hog_office_Joey peak_quartile_bias,EXACT_RECOVERED,A,7,outputs/phase7/model_test_forecast_metrics.csv,row[8].peak_quartile_bias,Hog_office_Joey,,DayWeek,7 DayWeek Hog_office_Joey peak_quartile_bias,-91.3814111111111,kW,,38692038ae03c56000c2f05f6ac2138f39c58f26eb588f9b8cfff14dcd20d855,NONE,YES,
CLM-0187,Forecast comparison,7 DayWeek Hog_office_Joey daily_peak_hour_MAE,EXACT_RECOVERED,A,7,outputs/phase7/model_test_forecast_metrics.csv,row[8].daily_peak_hour_MAE,Hog_office_Joey,,DayWeek,7 DayWeek Hog_office_Joey daily_peak_hour_MAE,1.9666666666666666,kW,,38692038ae03c56000c2f05f6ac2138f39c58f26eb588f9b8cfff14dcd20d855,NONE,YES,
CLM-0188,Forecast comparison,7 DayWeek Hog_office_Joey daily_peak_hour_exact_rate,EXACT_RECOVERED,A,7,outputs/phase7/model_test_forecast_metrics.csv,row[8].daily_peak_hour_exact_rate,Hog_office_Joey,,DayWeek,7 DayWeek Hog_office_Joey daily_peak_hour_exact_rate,0.2,kW,,38692038ae03c56000c2f05f6ac2138f39c58f26eb588f9b8cfff14dcd20d855,NONE,YES,
CLM-0189,Forecast comparison,7 DayWeek Hog_office_Joey daily_top3_overlap,EXACT_RECOVERED,A,7,outputs/phase7/model_test_forecast_metrics.csv,row[8].daily_top3_overlap,Hog_office_Joey,,DayWeek,7 DayWeek Hog_office_Joey daily_top3_overlap,0.4,dimensionless,,38692038ae03c56000c2f05f6ac2138f39c58f26eb588f9b8cfff14dcd20d855,NONE,YES,
CLM-0190,Forecast comparison,7 DayWeek Hog_office_Joey normalized_MAE,EXACT_RECOVERED,A,7,outputs/phase7/model_test_forecast_metrics.csv,row[8].normalized_MAE,Hog_office_Joey,,DayWeek,7 DayWeek Hog_office_Joey normalized_MAE,0.06111908622066505,dimensionless,,38692038ae03c56000c2f05f6ac2138f39c58f26eb588f9b8cfff14dcd20d855,NONE,YES,
CLM-0191,Forecast comparison,7 DayWeek Hog_office_Joey normalized_RMSE,EXACT_RECOVERED,A,7,outputs/phase7/model_test_forecast_metrics.csv,row[8].normalized_RMSE,Hog_office_Joey,,DayWeek,7 DayWeek Hog_office_Joey normalized_RMSE,0.09088240173752983,dimensionless,,38692038ae03c56000c2f05f6ac2138f39c58f26eb588f9b8cfff14dcd20d855,NONE,YES,
CLM-0192,Forecast comparison,7 LightGBM Hog_office_Joey MAE,EXACT_RECOVERED,A,7,outputs/phase7/model_test_forecast_metrics.csv,row[9].MAE,Hog_office_Joey,,LightGBM,7 LightGBM Hog_office_Joey MAE,74.94532408711476,kW,,38692038ae03c56000c2f05f6ac2138f39c58f26eb588f9b8cfff14dcd20d855,NONE,YES,
CLM-0193,Forecast comparison,7 LightGBM Hog_office_Joey RMSE,EXACT_RECOVERED,A,7,outputs/phase7/model_test_forecast_metrics.csv,row[9].RMSE,Hog_office_Joey,,LightGBM,7 LightGBM Hog_office_Joey RMSE,104.67524724552331,kW,,38692038ae03c56000c2f05f6ac2138f39c58f26eb588f9b8cfff14dcd20d855,NONE,YES,
CLM-0194,Forecast comparison,7 LightGBM Hog_office_Joey MAPE,EXACT_RECOVERED,A,7,outputs/phase7/model_test_forecast_metrics.csv,row[9].MAPE,Hog_office_Joey,,LightGBM,7 LightGBM Hog_office_Joey MAPE,6.067542211476224,%,,38692038ae03c56000c2f05f6ac2138f39c58f26eb588f9b8cfff14dcd20d855,NONE,YES,
CLM-0195,Forecast comparison,7 LightGBM Hog_office_Joey bias,EXACT_RECOVERED,A,7,outputs/phase7/model_test_forecast_metrics.csv,row[9].bias,Hog_office_Joey,,LightGBM,7 LightGBM Hog_office_Joey bias,-53.033883158628406,dimensionless,,38692038ae03c56000c2f05f6ac2138f39c58f26eb588f9b8cfff14dcd20d855,NONE,YES,
CLM-0196,Forecast comparison,7 LightGBM Hog_office_Joey actual_p75,EXACT_RECOVERED,A,7,outputs/phase7/model_test_forecast_metrics.csv,row[9].actual_p75,Hog_office_Joey,,LightGBM,7 LightGBM Hog_office_Joey actual_p75,1340.6132499999999,dimensionless,,38692038ae03c56000c2f05f6ac2138f39c58f26eb588f9b8cfff14dcd20d855,NONE,YES,
CLM-0197,Forecast comparison,7 LightGBM Hog_office_Joey peak_quartile_MAE,EXACT_RECOVERED,A,7,outputs/phase7/model_test_forecast_metrics.csv,row[9].peak_quartile_MAE,Hog_office_Joey,,LightGBM,7 LightGBM Hog_office_Joey peak_quartile_MAE,105.28345614609817,kW,,38692038ae03c56000c2f05f6ac2138f39c58f26eb588f9b8cfff14dcd20d855,NONE,YES,
CLM-0198,Forecast comparison,7 LightGBM Hog_office_Joey peak_quartile_bias,EXACT_RECOVERED,A,7,outputs/phase7/model_test_forecast_metrics.csv,row[9].peak_quartile_bias,Hog_office_Joey,,LightGBM,7 LightGBM Hog_office_Joey peak_quartile_bias,-101.7331318042755,kW,,38692038ae03c56000c2f05f6ac2138f39c58f26eb588f9b8cfff14dcd20d855,NONE,YES,
CLM-0199,Forecast comparison,7 LightGBM Hog_office_Joey daily_peak_hour_MAE,EXACT_RECOVERED,A,7,outputs/phase7/model_test_forecast_metrics.csv,row[9].daily_peak_hour_MAE,Hog_office_Joey,,LightGBM,7 LightGBM Hog_office_Joey daily_peak_hour_MAE,2.1,kW,,38692038ae03c56000c2f05f6ac2138f39c58f26eb588f9b8cfff14dcd20d855,NONE,YES,
CLM-0200,Forecast comparison,7 LightGBM Hog_office_Joey daily_peak_hour_exact_rate,EXACT_RECOVERED,A,7,outputs/phase7/model_test_forecast_metrics.csv,row[9].daily_peak_hour_exact_rate,Hog_office_Joey,,LightGBM,7 LightGBM Hog_office_Joey daily_peak_hour_exact_rate,0.23333333333333334,kW,,38692038ae03c56000c2f05f6ac2138f39c58f26eb588f9b8cfff14dcd20d855,NONE,YES,
CLM-0201,Forecast comparison,7 LightGBM Hog_office_Joey daily_top3_overlap,EXACT_RECOVERED,A,7,outputs/phase7/model_test_forecast_metrics.csv,row[9].daily_top3_overlap,Hog_office_Joey,,LightGBM,7 LightGBM Hog_office_Joey daily_top3_overlap,0.4666666666666667,dimensionless,,38692038ae03c56000c2f05f6ac2138f39c58f26eb588f9b8cfff14dcd20d855,NONE,YES,
CLM-0202,Forecast comparison,7 LightGBM Hog_office_Joey normalized_MAE,EXACT_RECOVERED,A,7,outputs/phase7/model_test_forecast_metrics.csv,row[9].normalized_MAE,Hog_office_Joey,,LightGBM,7 LightGBM Hog_office_Joey normalized_MAE,0.06294040436075193,dimensionless,,38692038ae03c56000c2f05f6ac2138f39c58f26eb588f9b8cfff14dcd20d855,NONE,YES,
CLM-0203,Forecast comparison,7 LightGBM Hog_office_Joey normalized_RMSE,EXACT_RECOVERED,A,7,outputs/phase7/model_test_forecast_metrics.csv,row[9].normalized_RMSE,Hog_office_Joey,,LightGBM,7 LightGBM Hog_office_Joey normalized_RMSE,0.08790811793057066,dimensionless,,38692038ae03c56000c2f05f6ac2138f39c58f26eb588f9b8cfff14dcd20d855,NONE,YES,
CLM-0204,Forecast comparison,7 XGBoost Hog_office_Joey MAE,EXACT_RECOVERED,A,7,outputs/phase7/model_test_forecast_metrics.csv,row[10].MAE,Hog_office_Joey,,XGBoost,7 XGBoost Hog_office_Joey MAE,76.38194465806748,kW,,38692038ae03c56000c2f05f6ac2138f39c58f26eb588f9b8cfff14dcd20d855,NONE,YES,
CLM-0205,Forecast comparison,7 XGBoost Hog_office_Joey RMSE,EXACT_RECOVERED,A,7,outputs/phase7/model_test_forecast_metrics.csv,row[10].RMSE,Hog_office_Joey,,XGBoost,7 XGBoost Hog_office_Joey RMSE,105.29606219714807,kW,,38692038ae03c56000c2f05f6ac2138f39c58f26eb588f9b8cfff14dcd20d855,NONE,YES,
CLM-0206,Forecast comparison,7 XGBoost Hog_office_Joey MAPE,EXACT_RECOVERED,A,7,outputs/phase7/model_test_forecast_metrics.csv,row[10].MAPE,Hog_office_Joey,,XGBoost,7 XGBoost Hog_office_Joey MAPE,6.199908998145062,%,,38692038ae03c56000c2f05f6ac2138f39c58f26eb588f9b8cfff14dcd20d855,NONE,YES,
CLM-0207,Forecast comparison,7 XGBoost Hog_office_Joey bias,EXACT_RECOVERED,A,7,outputs/phase7/model_test_forecast_metrics.csv,row[10].bias,Hog_office_Joey,,XGBoost,7 XGBoost Hog_office_Joey bias,-54.00057185262044,dimensionless,,38692038ae03c56000c2f05f6ac2138f39c58f26eb588f9b8cfff14dcd20d855,NONE,YES,
CLM-0208,Forecast comparison,7 XGBoost Hog_office_Joey actual_p75,EXACT_RECOVERED,A,7,outputs/phase7/model_test_forecast_metrics.csv,row[10].actual_p75,Hog_office_Joey,,XGBoost,7 XGBoost Hog_office_Joey actual_p75,1340.6132499999999,dimensionless,,38692038ae03c56000c2f05f6ac2138f39c58f26eb588f9b8cfff14dcd20d855,NONE,YES,
CLM-0209,Forecast comparison,7 XGBoost Hog_office_Joey peak_quartile_MAE,EXACT_RECOVERED,A,7,outputs/phase7/model_test_forecast_metrics.csv,row[10].peak_quartile_MAE,Hog_office_Joey,,XGBoost,7 XGBoost Hog_office_Joey peak_quartile_MAE,106.37571187065971,kW,,38692038ae03c56000c2f05f6ac2138f39c58f26eb588f9b8cfff14dcd20d855,NONE,YES,
CLM-0210,Forecast comparison,7 XGBoost Hog_office_Joey peak_quartile_bias,EXACT_RECOVERED,A,7,outputs/phase7/model_test_forecast_metrics.csv,row[10].peak_quartile_bias,Hog_office_Joey,,XGBoost,7 XGBoost Hog_office_Joey peak_quartile_bias,-104.18792702907987,kW,,38692038ae03c56000c2f05f6ac2138f39c58f26eb588f9b8cfff14dcd20d855,NONE,YES,
CLM-0211,Forecast comparison,7 XGBoost Hog_office_Joey daily_peak_hour_MAE,EXACT_RECOVERED,A,7,outputs/phase7/model_test_forecast_metrics.csv,row[10].daily_peak_hour_MAE,Hog_office_Joey,,XGBoost,7 XGBoost Hog_office_Joey daily_peak_hour_MAE,2.3333333333333335,kW,,38692038ae03c56000c2f05f6ac2138f39c58f26eb588f9b8cfff14dcd20d855,NONE,YES,
CLM-0212,Forecast comparison,7 XGBoost Hog_office_Joey daily_peak_hour_exact_rate,EXACT_RECOVERED,A,7,outputs/phase7/model_test_forecast_metrics.csv,row[10].daily_peak_hour_exact_rate,Hog_office_Joey,,XGBoost,7 XGBoost Hog_office_Joey daily_peak_hour_exact_rate,0.26666666666666666,kW,,38692038ae03c56000c2f05f6ac2138f39c58f26eb588f9b8cfff14dcd20d855,NONE,YES,
CLM-0213,Forecast comparison,7 XGBoost Hog_office_Joey daily_top3_overlap,EXACT_RECOVERED,A,7,outputs/phase7/model_test_forecast_metrics.csv,row[10].daily_top3_overlap,Hog_office_Joey,,XGBoost,7 XGBoost Hog_office_Joey daily_top3_overlap,0.3777777777777778,dimensionless,,38692038ae03c56000c2f05f6ac2138f39c58f26eb588f9b8cfff14dcd20d855,NONE,YES,
CLM-0214,Forecast comparison,7 XGBoost Hog_office_Joey normalized_MAE,EXACT_RECOVERED,A,7,outputs/phase7/model_test_forecast_metrics.csv,row[10].normalized_MAE,Hog_office_Joey,,XGBoost,7 XGBoost Hog_office_Joey normalized_MAE,0.06414690364206313,dimensionless,,38692038ae03c56000c2f05f6ac2138f39c58f26eb588f9b8cfff14dcd20d855,NONE,YES,
CLM-0215,Forecast comparison,7 XGBoost Hog_office_Joey normalized_RMSE,EXACT_RECOVERED,A,7,outputs/phase7/model_test_forecast_metrics.csv,row[10].normalized_RMSE,Hog_office_Joey,,XGBoost,7 XGBoost Hog_office_Joey normalized_RMSE,0.08842948927113681,dimensionless,,38692038ae03c56000c2f05f6ac2138f39c58f26eb588f9b8cfff14dcd20d855,NONE,YES,
CLM-0216,Forecast comparison,7 CatBoost Hog_office_Joey MAE,EXACT_RECOVERED,A,7,outputs/phase7/model_test_forecast_metrics.csv,row[11].MAE,Hog_office_Joey,,CatBoost,7 CatBoost Hog_office_Joey MAE,76.93816619475677,kW,,38692038ae03c56000c2f05f6ac2138f39c58f26eb588f9b8cfff14dcd20d855,NONE,YES,
CLM-0217,Forecast comparison,7 CatBoost Hog_office_Joey RMSE,EXACT_RECOVERED,A,7,outputs/phase7/model_test_forecast_metrics.csv,row[11].RMSE,Hog_office_Joey,,CatBoost,7 CatBoost Hog_office_Joey RMSE,106.93232519265298,kW,,38692038ae03c56000c2f05f6ac2138f39c58f26eb588f9b8cfff14dcd20d855,NONE,YES,
CLM-0218,Forecast comparison,7 CatBoost Hog_office_Joey MAPE,EXACT_RECOVERED,A,7,outputs/phase7/model_test_forecast_metrics.csv,row[11].MAPE,Hog_office_Joey,,CatBoost,7 CatBoost Hog_office_Joey MAPE,6.283935005767302,%,,38692038ae03c56000c2f05f6ac2138f39c58f26eb588f9b8cfff14dcd20d855,NONE,YES,
CLM-0219,Forecast comparison,7 CatBoost Hog_office_Joey bias,EXACT_RECOVERED,A,7,outputs/phase7/model_test_forecast_metrics.csv,row[11].bias,Hog_office_Joey,,CatBoost,7 CatBoost Hog_office_Joey bias,-52.009471268710705,dimensionless,,38692038ae03c56000c2f05f6ac2138f39c58f26eb588f9b8cfff14dcd20d855,NONE,YES,
CLM-0220,Forecast comparison,7 CatBoost Hog_office_Joey actual_p75,EXACT_RECOVERED,A,7,outputs/phase7/model_test_forecast_metrics.csv,row[11].actual_p75,Hog_office_Joey,,CatBoost,7 CatBoost Hog_office_Joey actual_p75,1340.6132499999999,dimensionless,,38692038ae03c56000c2f05f6ac2138f39c58f26eb588f9b8cfff14dcd20d855,NONE,YES,
CLM-0221,Forecast comparison,7 CatBoost Hog_office_Joey peak_quartile_MAE,EXACT_RECOVERED,A,7,outputs/phase7/model_test_forecast_metrics.csv,row[11].peak_quartile_MAE,Hog_office_Joey,,CatBoost,7 CatBoost Hog_office_Joey peak_quartile_MAE,103.23447855911027,kW,,38692038ae03c56000c2f05f6ac2138f39c58f26eb588f9b8cfff14dcd20d855,NONE,YES,
CLM-0222,Forecast comparison,7 CatBoost Hog_office_Joey peak_quartile_bias,EXACT_RECOVERED,A,7,outputs/phase7/model_test_forecast_metrics.csv,row[11].peak_quartile_bias,Hog_office_Joey,,CatBoost,7 CatBoost Hog_office_Joey peak_quartile_bias,-100.1043623311595,kW,,38692038ae03c56000c2f05f6ac2138f39c58f26eb588f9b8cfff14dcd20d855,NONE,YES,
CLM-0223,Forecast comparison,7 CatBoost Hog_office_Joey daily_peak_hour_MAE,EXACT_RECOVERED,A,7,outputs/phase7/model_test_forecast_metrics.csv,row[11].daily_peak_hour_MAE,Hog_office_Joey,,CatBoost,7 CatBoost Hog_office_Joey daily_peak_hour_MAE,2.7,kW,,38692038ae03c56000c2f05f6ac2138f39c58f26eb588f9b8cfff14dcd20d855,NONE,YES,
CLM-0224,Forecast comparison,7 CatBoost Hog_office_Joey daily_peak_hour_exact_rate,EXACT_RECOVERED,A,7,outputs/phase7/model_test_forecast_metrics.csv,row[11].daily_peak_hour_exact_rate,Hog_office_Joey,,CatBoost,7 CatBoost Hog_office_Joey daily_peak_hour_exact_rate,0.23333333333333334,kW,,38692038ae03c56000c2f05f6ac2138f39c58f26eb588f9b8cfff14dcd20d855,NONE,YES,
CLM-0225,Forecast comparison,7 CatBoost Hog_office_Joey daily_top3_overlap,EXACT_RECOVERED,A,7,outputs/phase7/model_test_forecast_metrics.csv,row[11].daily_top3_overlap,Hog_office_Joey,,CatBoost,7 CatBoost Hog_office_Joey daily_top3_overlap,0.38888888888888895,dimensionless,,38692038ae03c56000c2f05f6ac2138f39c58f26eb588f9b8cfff14dcd20d855,NONE,YES,
CLM-0226,Forecast comparison,7 CatBoost Hog_office_Joey normalized_MAE,EXACT_RECOVERED,A,7,outputs/phase7/model_test_forecast_metrics.csv,row[11].normalized_MAE,Hog_office_Joey,,CatBoost,7 CatBoost Hog_office_Joey normalized_MAE,0.06461402829406529,dimensionless,,38692038ae03c56000c2f05f6ac2138f39c58f26eb588f9b8cfff14dcd20d855,NONE,YES,
CLM-0227,Forecast comparison,7 CatBoost Hog_office_Joey normalized_RMSE,EXACT_RECOVERED,A,7,outputs/phase7/model_test_forecast_metrics.csv,row[11].normalized_RMSE,Hog_office_Joey,,CatBoost,7 CatBoost Hog_office_Joey normalized_RMSE,0.08980365178003336,dimensionless,,38692038ae03c56000c2f05f6ac2138f39c58f26eb588f9b8cfff14dcd20d855,NONE,YES,
CLM-0228,Forecast comparison,7 DayWeek Lamb_office_Caitlin MAE,EXACT_RECOVERED,A,7,outputs/phase7/model_test_forecast_metrics.csv,row[12].MAE,Lamb_office_Caitlin,,DayWeek,7 DayWeek Lamb_office_Caitlin MAE,11.970277777777776,kW,,38692038ae03c56000c2f05f6ac2138f39c58f26eb588f9b8cfff14dcd20d855,NONE,YES,
CLM-0229,Forecast comparison,7 DayWeek Lamb_office_Caitlin RMSE,EXACT_RECOVERED,A,7,outputs/phase7/model_test_forecast_metrics.csv,row[12].RMSE,Lamb_office_Caitlin,,DayWeek,7 DayWeek Lamb_office_Caitlin RMSE,18.84295495374568,kW,,38692038ae03c56000c2f05f6ac2138f39c58f26eb588f9b8cfff14dcd20d855,NONE,YES,
CLM-0230,Forecast comparison,7 DayWeek Lamb_office_Caitlin MAPE,EXACT_RECOVERED,A,7,outputs/phase7/model_test_forecast_metrics.csv,row[12].MAPE,Lamb_office_Caitlin,,DayWeek,7 DayWeek Lamb_office_Caitlin MAPE,49.59651442271897,%,,38692038ae03c56000c2f05f6ac2138f39c58f26eb588f9b8cfff14dcd20d855,NONE,YES,
CLM-0231,Forecast comparison,7 DayWeek Lamb_office_Caitlin bias,EXACT_RECOVERED,A,7,outputs/phase7/model_test_forecast_metrics.csv,row[12].bias,Lamb_office_Caitlin,,DayWeek,7 DayWeek Lamb_office_Caitlin bias,3.6529166666666666,dimensionless,,38692038ae03c56000c2f05f6ac2138f39c58f26eb588f9b8cfff14dcd20d855,NONE,YES,
CLM-0232,Forecast comparison,7 DayWeek Lamb_office_Caitlin actual_p75,EXACT_RECOVERED,A,7,outputs/phase7/model_test_forecast_metrics.csv,row[12].actual_p75,Lamb_office_Caitlin,,DayWeek,7 DayWeek Lamb_office_Caitlin actual_p75,98.0625,dimensionless,,38692038ae03c56000c2f05f6ac2138f39c58f26eb588f9b8cfff14dcd20d855,NONE,YES,
CLM-0233,Forecast comparison,7 DayWeek Lamb_office_Caitlin peak_quartile_MAE,EXACT_RECOVERED,A,7,outputs/phase7/model_test_forecast_metrics.csv,row[12].peak_quartile_MAE,Lamb_office_Caitlin,,DayWeek,7 DayWeek Lamb_office_Caitlin peak_quartile_MAE,16.12333333333334,kW,,38692038ae03c56000c2f05f6ac2138f39c58f26eb588f9b8cfff14dcd20d855,NONE,YES,
CLM-0234,Forecast comparison,7 DayWeek Lamb_office_Caitlin peak_quartile_bias,EXACT_RECOVERED,A,7,outputs/phase7/model_test_forecast_metrics.csv,row[12].peak_quartile_bias,Lamb_office_Caitlin,,DayWeek,7 DayWeek Lamb_office_Caitlin peak_quartile_bias,-7.940555555555557,kW,,38692038ae03c56000c2f05f6ac2138f39c58f26eb588f9b8cfff14dcd20d855,NONE,YES,
CLM-0235,Forecast comparison,7 DayWeek Lamb_office_Caitlin daily_peak_hour_MAE,EXACT_RECOVERED,A,7,outputs/phase7/model_test_forecast_metrics.csv,row[12].daily_peak_hour_MAE,Lamb_office_Caitlin,,DayWeek,7 DayWeek Lamb_office_Caitlin daily_peak_hour_MAE,2.1,kW,,38692038ae03c56000c2f05f6ac2138f39c58f26eb588f9b8cfff14dcd20d855,NONE,YES,
CLM-0236,Forecast comparison,7 DayWeek Lamb_office_Caitlin daily_peak_hour_exact_rate,EXACT_RECOVERED,A,7,outputs/phase7/model_test_forecast_metrics.csv,row[12].daily_peak_hour_exact_rate,Lamb_office_Caitlin,,DayWeek,7 DayWeek Lamb_office_Caitlin daily_peak_hour_exact_rate,0.3333333333333333,kW,,38692038ae03c56000c2f05f6ac2138f39c58f26eb588f9b8cfff14dcd20d855,NONE,YES,
CLM-0237,Forecast comparison,7 DayWeek Lamb_office_Caitlin daily_top3_overlap,EXACT_RECOVERED,A,7,outputs/phase7/model_test_forecast_metrics.csv,row[12].daily_top3_overlap,Lamb_office_Caitlin,,DayWeek,7 DayWeek Lamb_office_Caitlin daily_top3_overlap,0.611111111111111,dimensionless,,38692038ae03c56000c2f05f6ac2138f39c58f26eb588f9b8cfff14dcd20d855,NONE,YES,
CLM-0238,Forecast comparison,7 DayWeek Lamb_office_Caitlin normalized_MAE,EXACT_RECOVERED,A,7,outputs/phase7/model_test_forecast_metrics.csv,row[12].normalized_MAE,Lamb_office_Caitlin,,DayWeek,7 DayWeek Lamb_office_Caitlin normalized_MAE,0.556904701417453,dimensionless,,38692038ae03c56000c2f05f6ac2138f39c58f26eb588f9b8cfff14dcd20d855,NONE,YES,
CLM-0239,Forecast comparison,7 DayWeek Lamb_office_Caitlin normalized_RMSE,EXACT_RECOVERED,A,7,outputs/phase7/model_test_forecast_metrics.csv,row[12].normalized_RMSE,Lamb_office_Caitlin,,DayWeek,7 DayWeek Lamb_office_Caitlin normalized_RMSE,0.876648846179605,dimensionless,,38692038ae03c56000c2f05f6ac2138f39c58f26eb588f9b8cfff14dcd20d855,NONE,YES,
CLM-0240,Forecast comparison,7 LightGBM Lamb_office_Caitlin MAE,EXACT_RECOVERED,A,7,outputs/phase7/model_test_forecast_metrics.csv,row[13].MAE,Lamb_office_Caitlin,,LightGBM,7 LightGBM Lamb_office_Caitlin MAE,9.203510377755356,kW,,38692038ae03c56000c2f05f6ac2138f39c58f26eb588f9b8cfff14dcd20d855,NONE,YES,
CLM-0241,Forecast comparison,7 LightGBM Lamb_office_Caitlin RMSE,EXACT_RECOVERED,A,7,outputs/phase7/model_test_forecast_metrics.csv,row[13].RMSE,Lamb_office_Caitlin,,LightGBM,7 LightGBM Lamb_office_Caitlin RMSE,13.778734747825919,kW,,38692038ae03c56000c2f05f6ac2138f39c58f26eb588f9b8cfff14dcd20d855,NONE,YES,
CLM-0242,Forecast comparison,7 LightGBM Lamb_office_Caitlin MAPE,EXACT_RECOVERED,A,7,outputs/phase7/model_test_forecast_metrics.csv,row[13].MAPE,Lamb_office_Caitlin,,LightGBM,7 LightGBM Lamb_office_Caitlin MAPE,25.803854668049308,%,,38692038ae03c56000c2f05f6ac2138f39c58f26eb588f9b8cfff14dcd20d855,NONE,YES,
CLM-0243,Forecast comparison,7 LightGBM Lamb_office_Caitlin bias,EXACT_RECOVERED,A,7,outputs/phase7/model_test_forecast_metrics.csv,row[13].bias,Lamb_office_Caitlin,,LightGBM,7 LightGBM Lamb_office_Caitlin bias,-3.1410254322007014,dimensionless,,38692038ae03c56000c2f05f6ac2138f39c58f26eb588f9b8cfff14dcd20d855,NONE,YES,
CLM-0244,Forecast comparison,7 LightGBM Lamb_office_Caitlin actual_p75,EXACT_RECOVERED,A,7,outputs/phase7/model_test_forecast_metrics.csv,row[13].actual_p75,Lamb_office_Caitlin,,LightGBM,7 LightGBM Lamb_office_Caitlin actual_p75,98.0625,dimensionless,,38692038ae03c56000c2f05f6ac2138f39c58f26eb588f9b8cfff14dcd20d855,NONE,YES,
CLM-0245,Forecast comparison,7 LightGBM Lamb_office_Caitlin peak_quartile_MAE,EXACT_RECOVERED,A,7,outputs/phase7/model_test_forecast_metrics.csv,row[13].peak_quartile_MAE,Lamb_office_Caitlin,,LightGBM,7 LightGBM Lamb_office_Caitlin peak_quartile_MAE,17.102060632343946,kW,,38692038ae03c56000c2f05f6ac2138f39c58f26eb588f9b8cfff14dcd20d855,NONE,YES,
CLM-0246,Forecast comparison,7 LightGBM Lamb_office_Caitlin peak_quartile_bias,EXACT_RECOVERED,A,7,outputs/phase7/model_test_forecast_metrics.csv,row[13].peak_quartile_bias,Lamb_office_Caitlin,,LightGBM,7 LightGBM Lamb_office_Caitlin peak_quartile_bias,-16.237105962012492,kW,,38692038ae03c56000c2f05f6ac2138f39c58f26eb588f9b8cfff14dcd20d855,NONE,YES,
CLM-0247,Forecast comparison,7 LightGBM Lamb_office_Caitlin daily_peak_hour_MAE,EXACT_RECOVERED,A,7,outputs/phase7/model_test_forecast_metrics.csv,row[13].daily_peak_hour_MAE,Lamb_office_Caitlin,,LightGBM,7 LightGBM Lamb_office_Caitlin daily_peak_hour_MAE,2.533333333333333,kW,,38692038ae03c56000c2f05f6ac2138f39c58f26eb588f9b8cfff14dcd20d855,NONE,YES,
CLM-0248,Forecast comparison,7 LightGBM Lamb_office_Caitlin daily_peak_hour_exact_rate,EXACT_RECOVERED,A,7,outputs/phase7/model_test_forecast_metrics.csv,row[13].daily_peak_hour_exact_rate,Lamb_office_Caitlin,,LightGBM,7 LightGBM Lamb_office_Caitlin daily_peak_hour_exact_rate,0.23333333333333334,kW,,38692038ae03c56000c2f05f6ac2138f39c58f26eb588f9b8cfff14dcd20d855,NONE,YES,
CLM-0249,Forecast comparison,7 LightGBM Lamb_office_Caitlin daily_top3_overlap,EXACT_RECOVERED,A,7,outputs/phase7/model_test_forecast_metrics.csv,row[13].daily_top3_overlap,Lamb_office_Caitlin,,LightGBM,7 LightGBM Lamb_office_Caitlin daily_top3_overlap,0.5555555555555555,dimensionless,,38692038ae03c56000c2f05f6ac2138f39c58f26eb588f9b8cfff14dcd20d855,NONE,YES,
CLM-0250,Forecast comparison,7 LightGBM Lamb_office_Caitlin normalized_MAE,EXACT_RECOVERED,A,7,outputs/phase7/model_test_forecast_metrics.csv,row[13].normalized_MAE,Lamb_office_Caitlin,,LightGBM,7 LightGBM Lamb_office_Caitlin normalized_MAE,0.42818373090986,dimensionless,,38692038ae03c56000c2f05f6ac2138f39c58f26eb588f9b8cfff14dcd20d855,NONE,YES,
CLM-0251,Forecast comparison,7 LightGBM Lamb_office_Caitlin normalized_RMSE,EXACT_RECOVERED,A,7,outputs/phase7/model_test_forecast_metrics.csv,row[13].normalized_RMSE,Lamb_office_Caitlin,,LightGBM,7 LightGBM Lamb_office_Caitlin normalized_RMSE,0.6410412776630497,dimensionless,,38692038ae03c56000c2f05f6ac2138f39c58f26eb588f9b8cfff14dcd20d855,NONE,YES,
CLM-0252,Forecast comparison,7 XGBoost Lamb_office_Caitlin MAE,EXACT_RECOVERED,A,7,outputs/phase7/model_test_forecast_metrics.csv,row[14].MAE,Lamb_office_Caitlin,,XGBoost,7 XGBoost Lamb_office_Caitlin MAE,8.956285061571334,kW,,38692038ae03c56000c2f05f6ac2138f39c58f26eb588f9b8cfff14dcd20d855,NONE,YES,
CLM-0253,Forecast comparison,7 XGBoost Lamb_office_Caitlin RMSE,EXACT_RECOVERED,A,7,outputs/phase7/model_test_forecast_metrics.csv,row[14].RMSE,Lamb_office_Caitlin,,XGBoost,7 XGBoost Lamb_office_Caitlin RMSE,12.825355371162045,kW,,38692038ae03c56000c2f05f6ac2138f39c58f26eb588f9b8cfff14dcd20d855,NONE,YES,
CLM-0254,Forecast comparison,7 XGBoost Lamb_office_Caitlin MAPE,EXACT_RECOVERED,A,7,outputs/phase7/model_test_forecast_metrics.csv,row[14].MAPE,Lamb_office_Caitlin,,XGBoost,7 XGBoost Lamb_office_Caitlin MAPE,27.407025896256087,%,,38692038ae03c56000c2f05f6ac2138f39c58f26eb588f9b8cfff14dcd20d855,NONE,YES,
CLM-0255,Forecast comparison,7 XGBoost Lamb_office_Caitlin bias,EXACT_RECOVERED,A,7,outputs/phase7/model_test_forecast_metrics.csv,row[14].bias,Lamb_office_Caitlin,,XGBoost,7 XGBoost Lamb_office_Caitlin bias,-1.7698506485091319,dimensionless,,38692038ae03c56000c2f05f6ac2138f39c58f26eb588f9b8cfff14dcd20d855,NONE,YES,
CLM-0256,Forecast comparison,7 XGBoost Lamb_office_Caitlin actual_p75,EXACT_RECOVERED,A,7,outputs/phase7/model_test_forecast_metrics.csv,row[14].actual_p75,Lamb_office_Caitlin,,XGBoost,7 XGBoost Lamb_office_Caitlin actual_p75,98.0625,dimensionless,,38692038ae03c56000c2f05f6ac2138f39c58f26eb588f9b8cfff14dcd20d855,NONE,YES,
CLM-0257,Forecast comparison,7 XGBoost Lamb_office_Caitlin peak_quartile_MAE,EXACT_RECOVERED,A,7,outputs/phase7/model_test_forecast_metrics.csv,row[14].peak_quartile_MAE,Lamb_office_Caitlin,,XGBoost,7 XGBoost Lamb_office_Caitlin peak_quartile_MAE,15.566792738172744,kW,,38692038ae03c56000c2f05f6ac2138f39c58f26eb588f9b8cfff14dcd20d855,NONE,YES,
CLM-0258,Forecast comparison,7 XGBoost Lamb_office_Caitlin peak_quartile_bias,EXACT_RECOVERED,A,7,outputs/phase7/model_test_forecast_metrics.csv,row[14].peak_quartile_bias,Lamb_office_Caitlin,,XGBoost,7 XGBoost Lamb_office_Caitlin peak_quartile_bias,-14.460799967447915,kW,,38692038ae03c56000c2f05f6ac2138f39c58f26eb588f9b8cfff14dcd20d855,NONE,YES,
CLM-0259,Forecast comparison,7 XGBoost Lamb_office_Caitlin daily_peak_hour_MAE,EXACT_RECOVERED,A,7,outputs/phase7/model_test_forecast_metrics.csv,row[14].daily_peak_hour_MAE,Lamb_office_Caitlin,,XGBoost,7 XGBoost Lamb_office_Caitlin daily_peak_hour_MAE,2.3666666666666667,kW,,38692038ae03c56000c2f05f6ac2138f39c58f26eb588f9b8cfff14dcd20d855,NONE,YES,
CLM-0260,Forecast comparison,7 XGBoost Lamb_office_Caitlin daily_peak_hour_exact_rate,EXACT_RECOVERED,A,7,outputs/phase7/model_test_forecast_metrics.csv,row[14].daily_peak_hour_exact_rate,Lamb_office_Caitlin,,XGBoost,7 XGBoost Lamb_office_Caitlin daily_peak_hour_exact_rate,0.26666666666666666,kW,,38692038ae03c56000c2f05f6ac2138f39c58f26eb588f9b8cfff14dcd20d855,NONE,YES,
CLM-0261,Forecast comparison,7 XGBoost Lamb_office_Caitlin daily_top3_overlap,EXACT_RECOVERED,A,7,outputs/phase7/model_test_forecast_metrics.csv,row[14].daily_top3_overlap,Lamb_office_Caitlin,,XGBoost,7 XGBoost Lamb_office_Caitlin daily_top3_overlap,0.5555555555555555,dimensionless,,38692038ae03c56000c2f05f6ac2138f39c58f26eb588f9b8cfff14dcd20d855,NONE,YES,
CLM-0262,Forecast comparison,7 XGBoost Lamb_office_Caitlin normalized_MAE,EXACT_RECOVERED,A,7,outputs/phase7/model_test_forecast_metrics.csv,row[14].normalized_MAE,Lamb_office_Caitlin,,XGBoost,7 XGBoost Lamb_office_Caitlin normalized_MAE,0.4166818306659162,dimensionless,,38692038ae03c56000c2f05f6ac2138f39c58f26eb588f9b8cfff14dcd20d855,NONE,YES,
CLM-0263,Forecast comparison,7 XGBoost Lamb_office_Caitlin normalized_RMSE,EXACT_RECOVERED,A,7,outputs/phase7/model_test_forecast_metrics.csv,row[14].normalized_RMSE,Lamb_office_Caitlin,,XGBoost,7 XGBoost Lamb_office_Caitlin normalized_RMSE,0.5966862955185069,dimensionless,,38692038ae03c56000c2f05f6ac2138f39c58f26eb588f9b8cfff14dcd20d855,NONE,YES,
CLM-0264,Forecast comparison,7 CatBoost Lamb_office_Caitlin MAE,EXACT_RECOVERED,A,7,outputs/phase7/model_test_forecast_metrics.csv,row[15].MAE,Lamb_office_Caitlin,,CatBoost,7 CatBoost Lamb_office_Caitlin MAE,11.928237402977594,kW,,38692038ae03c56000c2f05f6ac2138f39c58f26eb588f9b8cfff14dcd20d855,NONE,YES,
CLM-0265,Forecast comparison,7 CatBoost Lamb_office_Caitlin RMSE,EXACT_RECOVERED,A,7,outputs/phase7/model_test_forecast_metrics.csv,row[15].RMSE,Lamb_office_Caitlin,,CatBoost,7 CatBoost Lamb_office_Caitlin RMSE,15.53995672224092,kW,,38692038ae03c56000c2f05f6ac2138f39c58f26eb588f9b8cfff14dcd20d855,NONE,YES,
CLM-0266,Forecast comparison,7 CatBoost Lamb_office_Caitlin MAPE,EXACT_RECOVERED,A,7,outputs/phase7/model_test_forecast_metrics.csv,row[15].MAPE,Lamb_office_Caitlin,,CatBoost,7 CatBoost Lamb_office_Caitlin MAPE,34.48015443879936,%,,38692038ae03c56000c2f05f6ac2138f39c58f26eb588f9b8cfff14dcd20d855,NONE,YES,
CLM-0267,Forecast comparison,7 CatBoost Lamb_office_Caitlin bias,EXACT_RECOVERED,A,7,outputs/phase7/model_test_forecast_metrics.csv,row[15].bias,Lamb_office_Caitlin,,CatBoost,7 CatBoost Lamb_office_Caitlin bias,-5.492261588226872,dimensionless,,38692038ae03c56000c2f05f6ac2138f39c58f26eb588f9b8cfff14dcd20d855,NONE,YES,
CLM-0268,Forecast comparison,7 CatBoost Lamb_office_Caitlin actual_p75,EXACT_RECOVERED,A,7,outputs/phase7/model_test_forecast_metrics.csv,row[15].actual_p75,Lamb_office_Caitlin,,CatBoost,7 CatBoost Lamb_office_Caitlin actual_p75,98.0625,dimensionless,,38692038ae03c56000c2f05f6ac2138f39c58f26eb588f9b8cfff14dcd20d855,NONE,YES,
CLM-0269,Forecast comparison,7 CatBoost Lamb_office_Caitlin peak_quartile_MAE,EXACT_RECOVERED,A,7,outputs/phase7/model_test_forecast_metrics.csv,row[15].peak_quartile_MAE,Lamb_office_Caitlin,,CatBoost,7 CatBoost Lamb_office_Caitlin peak_quartile_MAE,17.433610940757703,kW,,38692038ae03c56000c2f05f6ac2138f39c58f26eb588f9b8cfff14dcd20d855,NONE,YES,
CLM-0270,Forecast comparison,7 CatBoost Lamb_office_Caitlin peak_quartile_bias,EXACT_RECOVERED,A,7,outputs/phase7/model_test_forecast_metrics.csv,row[15].peak_quartile_bias,Lamb_office_Caitlin,,CatBoost,7 CatBoost Lamb_office_Caitlin peak_quartile_bias,-16.20761787962083,kW,,38692038ae03c56000c2f05f6ac2138f39c58f26eb588f9b8cfff14dcd20d855,NONE,YES,
CLM-0271,Forecast comparison,7 CatBoost Lamb_office_Caitlin daily_peak_hour_MAE,EXACT_RECOVERED,A,7,outputs/phase7/model_test_forecast_metrics.csv,row[15].daily_peak_hour_MAE,Lamb_office_Caitlin,,CatBoost,7 CatBoost Lamb_office_Caitlin daily_peak_hour_MAE,1.9333333333333333,kW,,38692038ae03c56000c2f05f6ac2138f39c58f26eb588f9b8cfff14dcd20d855,NONE,YES,
CLM-0272,Forecast comparison,7 CatBoost Lamb_office_Caitlin daily_peak_hour_exact_rate,EXACT_RECOVERED,A,7,outputs/phase7/model_test_forecast_metrics.csv,row[15].daily_peak_hour_exact_rate,Lamb_office_Caitlin,,CatBoost,7 CatBoost Lamb_office_Caitlin daily_peak_hour_exact_rate,0.26666666666666666,kW,,38692038ae03c56000c2f05f6ac2138f39c58f26eb588f9b8cfff14dcd20d855,NONE,YES,
CLM-0273,Forecast comparison,7 CatBoost Lamb_office_Caitlin daily_top3_overlap,EXACT_RECOVERED,A,7,outputs/phase7/model_test_forecast_metrics.csv,row[15].daily_top3_overlap,Lamb_office_Caitlin,,CatBoost,7 CatBoost Lamb_office_Caitlin daily_top3_overlap,0.6,dimensionless,,38692038ae03c56000c2f05f6ac2138f39c58f26eb588f9b8cfff14dcd20d855,NONE,YES,
CLM-0274,Forecast comparison,7 CatBoost Lamb_office_Caitlin normalized_MAE,EXACT_RECOVERED,A,7,outputs/phase7/model_test_forecast_metrics.csv,row[15].normalized_MAE,Lamb_office_Caitlin,,CatBoost,7 CatBoost Lamb_office_Caitlin normalized_MAE,0.5549488167830098,dimensionless,,38692038ae03c56000c2f05f6ac2138f39c58f26eb588f9b8cfff14dcd20d855,NONE,YES,
CLM-0275,Forecast comparison,7 CatBoost Lamb_office_Caitlin normalized_RMSE,EXACT_RECOVERED,A,7,outputs/phase7/model_test_forecast_metrics.csv,row[15].normalized_RMSE,Lamb_office_Caitlin,,CatBoost,7 CatBoost Lamb_office_Caitlin normalized_RMSE,0.722980294952382,dimensionless,,38692038ae03c56000c2f05f6ac2138f39c58f26eb588f9b8cfff14dcd20d855,NONE,YES,
CLM-0276,Forecast comparison,7 DayWeek Robin_office_Addie MAE,EXACT_RECOVERED,A,7,outputs/phase7/model_test_forecast_metrics.csv,row[16].MAE,Robin_office_Addie,,DayWeek,7 DayWeek Robin_office_Addie MAE,2.6324305555555556,kW,,38692038ae03c56000c2f05f6ac2138f39c58f26eb588f9b8cfff14dcd20d855,NONE,YES,
CLM-0277,Forecast comparison,7 DayWeek Robin_office_Addie RMSE,EXACT_RECOVERED,A,7,outputs/phase7/model_test_forecast_metrics.csv,row[16].RMSE,Robin_office_Addie,,DayWeek,7 DayWeek Robin_office_Addie RMSE,3.3854955119023735,kW,,38692038ae03c56000c2f05f6ac2138f39c58f26eb588f9b8cfff14dcd20d855,NONE,YES,
CLM-0278,Forecast comparison,7 DayWeek Robin_office_Addie MAPE,EXACT_RECOVERED,A,7,outputs/phase7/model_test_forecast_metrics.csv,row[16].MAPE,Robin_office_Addie,,DayWeek,7 DayWeek Robin_office_Addie MAPE,23.651148670422327,%,,38692038ae03c56000c2f05f6ac2138f39c58f26eb588f9b8cfff14dcd20d855,NONE,YES,
CLM-0279,Forecast comparison,7 DayWeek Robin_office_Addie bias,EXACT_RECOVERED,A,7,outputs/phase7/model_test_forecast_metrics.csv,row[16].bias,Robin_office_Addie,,DayWeek,7 DayWeek Robin_office_Addie bias,0.5824305555555556,dimensionless,,38692038ae03c56000c2f05f6ac2138f39c58f26eb588f9b8cfff14dcd20d855,NONE,YES,
CLM-0280,Forecast comparison,7 DayWeek Robin_office_Addie actual_p75,EXACT_RECOVERED,A,7,outputs/phase7/model_test_forecast_metrics.csv,row[16].actual_p75,Robin_office_Addie,,DayWeek,7 DayWeek Robin_office_Addie actual_p75,17.625,dimensionless,,38692038ae03c56000c2f05f6ac2138f39c58f26eb588f9b8cfff14dcd20d855,NONE,YES,
CLM-0281,Forecast comparison,7 DayWeek Robin_office_Addie peak_quartile_MAE,EXACT_RECOVERED,A,7,outputs/phase7/model_test_forecast_metrics.csv,row[16].peak_quartile_MAE,Robin_office_Addie,,DayWeek,7 DayWeek Robin_office_Addie peak_quartile_MAE,2.3994444444444447,kW,,38692038ae03c56000c2f05f6ac2138f39c58f26eb588f9b8cfff14dcd20d855,NONE,YES,
CLM-0282,Forecast comparison,7 DayWeek Robin_office_Addie peak_quartile_bias,EXACT_RECOVERED,A,7,outputs/phase7/model_test_forecast_metrics.csv,row[16].peak_quartile_bias,Robin_office_Addie,,DayWeek,7 DayWeek Robin_office_Addie peak_quartile_bias,-1.1794444444444445,kW,,38692038ae03c56000c2f05f6ac2138f39c58f26eb588f9b8cfff14dcd20d855,NONE,YES,
CLM-0283,Forecast comparison,7 DayWeek Robin_office_Addie daily_peak_hour_MAE,EXACT_RECOVERED,A,7,outputs/phase7/model_test_forecast_metrics.csv,row[16].daily_peak_hour_MAE,Robin_office_Addie,,DayWeek,7 DayWeek Robin_office_Addie daily_peak_hour_MAE,4.4,kW,,38692038ae03c56000c2f05f6ac2138f39c58f26eb588f9b8cfff14dcd20d855,NONE,YES,
CLM-0284,Forecast comparison,7 DayWeek Robin_office_Addie daily_peak_hour_exact_rate,EXACT_RECOVERED,A,7,outputs/phase7/model_test_forecast_metrics.csv,row[16].daily_peak_hour_exact_rate,Robin_office_Addie,,DayWeek,7 DayWeek Robin_office_Addie daily_peak_hour_exact_rate,0.1,kW,,38692038ae03c56000c2f05f6ac2138f39c58f26eb588f9b8cfff14dcd20d855,NONE,YES,
CLM-0285,Forecast comparison,7 DayWeek Robin_office_Addie daily_top3_overlap,EXACT_RECOVERED,A,7,outputs/phase7/model_test_forecast_metrics.csv,row[16].daily_top3_overlap,Robin_office_Addie,,DayWeek,7 DayWeek Robin_office_Addie daily_top3_overlap,0.3,dimensionless,,38692038ae03c56000c2f05f6ac2138f39c58f26eb588f9b8cfff14dcd20d855,NONE,YES,
CLM-0286,Forecast comparison,7 DayWeek Robin_office_Addie normalized_MAE,EXACT_RECOVERED,A,7,outputs/phase7/model_test_forecast_metrics.csv,row[16].normalized_MAE,Robin_office_Addie,,DayWeek,7 DayWeek Robin_office_Addie normalized_MAE,0.1257794613821604,dimensionless,,38692038ae03c56000c2f05f6ac2138f39c58f26eb588f9b8cfff14dcd20d855,NONE,YES,
CLM-0287,Forecast comparison,7 DayWeek Robin_office_Addie normalized_RMSE,EXACT_RECOVERED,A,7,outputs/phase7/model_test_forecast_metrics.csv,row[16].normalized_RMSE,Robin_office_Addie,,DayWeek,7 DayWeek Robin_office_Addie normalized_RMSE,0.16176145695472466,dimensionless,,38692038ae03c56000c2f05f6ac2138f39c58f26eb588f9b8cfff14dcd20d855,NONE,YES,
CLM-0288,Forecast comparison,7 LightGBM Robin_office_Addie MAE,EXACT_RECOVERED,A,7,outputs/phase7/model_test_forecast_metrics.csv,row[17].MAE,Robin_office_Addie,,LightGBM,7 LightGBM Robin_office_Addie MAE,2.8409720822557145,kW,,38692038ae03c56000c2f05f6ac2138f39c58f26eb588f9b8cfff14dcd20d855,NONE,YES,
CLM-0289,Forecast comparison,7 LightGBM Robin_office_Addie RMSE,EXACT_RECOVERED,A,7,outputs/phase7/model_test_forecast_metrics.csv,row[17].RMSE,Robin_office_Addie,,LightGBM,7 LightGBM Robin_office_Addie RMSE,3.827321840021551,kW,,38692038ae03c56000c2f05f6ac2138f39c58f26eb588f9b8cfff14dcd20d855,NONE,YES,
CLM-0290,Forecast comparison,7 LightGBM Robin_office_Addie MAPE,EXACT_RECOVERED,A,7,outputs/phase7/model_test_forecast_metrics.csv,row[17].MAPE,Robin_office_Addie,,LightGBM,7 LightGBM Robin_office_Addie MAPE,29.13459935740051,%,,38692038ae03c56000c2f05f6ac2138f39c58f26eb588f9b8cfff14dcd20d855,NONE,YES,
CLM-0291,Forecast comparison,7 LightGBM Robin_office_Addie bias,EXACT_RECOVERED,A,7,outputs/phase7/model_test_forecast_metrics.csv,row[17].bias,Robin_office_Addie,,LightGBM,7 LightGBM Robin_office_Addie bias,1.83708924028531,dimensionless,,38692038ae03c56000c2f05f6ac2138f39c58f26eb588f9b8cfff14dcd20d855,NONE,YES,
CLM-0292,Forecast comparison,7 LightGBM Robin_office_Addie actual_p75,EXACT_RECOVERED,A,7,outputs/phase7/model_test_forecast_metrics.csv,row[17].actual_p75,Robin_office_Addie,,LightGBM,7 LightGBM Robin_office_Addie actual_p75,17.625,dimensionless,,38692038ae03c56000c2f05f6ac2138f39c58f26eb588f9b8cfff14dcd20d855,NONE,YES,
CLM-0293,Forecast comparison,7 LightGBM Robin_office_Addie peak_quartile_MAE,EXACT_RECOVERED,A,7,outputs/phase7/model_test_forecast_metrics.csv,row[17].peak_quartile_MAE,Robin_office_Addie,,LightGBM,7 LightGBM Robin_office_Addie peak_quartile_MAE,1.703165821100561,kW,,38692038ae03c56000c2f05f6ac2138f39c58f26eb588f9b8cfff14dcd20d855,NONE,YES,
CLM-0294,Forecast comparison,7 LightGBM Robin_office_Addie peak_quartile_bias,EXACT_RECOVERED,A,7,outputs/phase7/model_test_forecast_metrics.csv,row[17].peak_quartile_bias,Robin_office_Addie,,LightGBM,7 LightGBM Robin_office_Addie peak_quartile_bias,0.11464976041312937,kW,,38692038ae03c56000c2f05f6ac2138f39c58f26eb588f9b8cfff14dcd20d855,NONE,YES,
CLM-0295,Forecast comparison,7 LightGBM Robin_office_Addie daily_peak_hour_MAE,EXACT_RECOVERED,A,7,outputs/phase7/model_test_forecast_metrics.csv,row[17].daily_peak_hour_MAE,Robin_office_Addie,,LightGBM,7 LightGBM Robin_office_Addie daily_peak_hour_MAE,5.5,kW,,38692038ae03c56000c2f05f6ac2138f39c58f26eb588f9b8cfff14dcd20d855,NONE,YES,
CLM-0296,Forecast comparison,7 LightGBM Robin_office_Addie daily_peak_hour_exact_rate,EXACT_RECOVERED,A,7,outputs/phase7/model_test_forecast_metrics.csv,row[17].daily_peak_hour_exact_rate,Robin_office_Addie,,LightGBM,7 LightGBM Robin_office_Addie daily_peak_hour_exact_rate,0.1,kW,,38692038ae03c56000c2f05f6ac2138f39c58f26eb588f9b8cfff14dcd20d855,NONE,YES,
CLM-0297,Forecast comparison,7 LightGBM Robin_office_Addie daily_top3_overlap,EXACT_RECOVERED,A,7,outputs/phase7/model_test_forecast_metrics.csv,row[17].daily_top3_overlap,Robin_office_Addie,,LightGBM,7 LightGBM Robin_office_Addie daily_top3_overlap,0.27777777777777773,dimensionless,,38692038ae03c56000c2f05f6ac2138f39c58f26eb588f9b8cfff14dcd20d855,NONE,YES,
CLM-0298,Forecast comparison,7 LightGBM Robin_office_Addie normalized_MAE,EXACT_RECOVERED,A,7,outputs/phase7/model_test_forecast_metrics.csv,row[17].normalized_MAE,Robin_office_Addie,,LightGBM,7 LightGBM Robin_office_Addie normalized_MAE,0.13574372837822699,dimensionless,,38692038ae03c56000c2f05f6ac2138f39c58f26eb588f9b8cfff14dcd20d855,NONE,YES,
CLM-0299,Forecast comparison,7 LightGBM Robin_office_Addie normalized_RMSE,EXACT_RECOVERED,A,7,outputs/phase7/model_test_forecast_metrics.csv,row[17].normalized_RMSE,Robin_office_Addie,,LightGBM,7 LightGBM Robin_office_Addie normalized_RMSE,0.18287224274848687,dimensionless,,38692038ae03c56000c2f05f6ac2138f39c58f26eb588f9b8cfff14dcd20d855,NONE,YES,
CLM-0300,Forecast comparison,7 XGBoost Robin_office_Addie MAE,EXACT_RECOVERED,A,7,outputs/phase7/model_test_forecast_metrics.csv,row[18].MAE,Robin_office_Addie,,XGBoost,7 XGBoost Robin_office_Addie MAE,3.1072407595316576,kW,,38692038ae03c56000c2f05f6ac2138f39c58f26eb588f9b8cfff14dcd20d855,NONE,YES,
CLM-0301,Forecast comparison,7 XGBoost Robin_office_Addie RMSE,EXACT_RECOVERED,A,7,outputs/phase7/model_test_forecast_metrics.csv,row[18].RMSE,Robin_office_Addie,,XGBoost,7 XGBoost Robin_office_Addie RMSE,4.051020670627421,kW,,38692038ae03c56000c2f05f6ac2138f39c58f26eb588f9b8cfff14dcd20d855,NONE,YES,
CLM-0302,Forecast comparison,7 XGBoost Robin_office_Addie MAPE,EXACT_RECOVERED,A,7,outputs/phase7/model_test_forecast_metrics.csv,row[18].MAPE,Robin_office_Addie,,XGBoost,7 XGBoost Robin_office_Addie MAPE,31.881009330040893,%,,38692038ae03c56000c2f05f6ac2138f39c58f26eb588f9b8cfff14dcd20d855,NONE,YES,
CLM-0303,Forecast comparison,7 XGBoost Robin_office_Addie bias,EXACT_RECOVERED,A,7,outputs/phase7/model_test_forecast_metrics.csv,row[18].bias,Robin_office_Addie,,XGBoost,7 XGBoost Robin_office_Addie bias,2.2727602582507664,dimensionless,,38692038ae03c56000c2f05f6ac2138f39c58f26eb588f9b8cfff14dcd20d855,NONE,YES,
CLM-0304,Forecast comparison,7 XGBoost Robin_office_Addie actual_p75,EXACT_RECOVERED,A,7,outputs/phase7/model_test_forecast_metrics.csv,row[18].actual_p75,Robin_office_Addie,,XGBoost,7 XGBoost Robin_office_Addie actual_p75,17.625,dimensionless,,38692038ae03c56000c2f05f6ac2138f39c58f26eb588f9b8cfff14dcd20d855,NONE,YES,
CLM-0305,Forecast comparison,7 XGBoost Robin_office_Addie peak_quartile_MAE,EXACT_RECOVERED,A,7,outputs/phase7/model_test_forecast_metrics.csv,row[18].peak_quartile_MAE,Robin_office_Addie,,XGBoost,7 XGBoost Robin_office_Addie peak_quartile_MAE,1.817986502117581,kW,,38692038ae03c56000c2f05f6ac2138f39c58f26eb588f9b8cfff14dcd20d855,NONE,YES,
CLM-0306,Forecast comparison,7 XGBoost Robin_office_Addie peak_quartile_bias,EXACT_RECOVERED,A,7,outputs/phase7/model_test_forecast_metrics.csv,row[18].peak_quartile_bias,Robin_office_Addie,,XGBoost,7 XGBoost Robin_office_Addie peak_quartile_bias,0.12920368088616263,kW,,38692038ae03c56000c2f05f6ac2138f39c58f26eb588f9b8cfff14dcd20d855,NONE,YES,
CLM-0307,Forecast comparison,7 XGBoost Robin_office_Addie daily_peak_hour_MAE,EXACT_RECOVERED,A,7,outputs/phase7/model_test_forecast_metrics.csv,row[18].daily_peak_hour_MAE,Robin_office_Addie,,XGBoost,7 XGBoost Robin_office_Addie daily_peak_hour_MAE,4.766666666666667,kW,,38692038ae03c56000c2f05f6ac2138f39c58f26eb588f9b8cfff14dcd20d855,NONE,YES,
CLM-0308,Forecast comparison,7 XGBoost Robin_office_Addie daily_peak_hour_exact_rate,EXACT_RECOVERED,A,7,outputs/phase7/model_test_forecast_metrics.csv,row[18].daily_peak_hour_exact_rate,Robin_office_Addie,,XGBoost,7 XGBoost Robin_office_Addie daily_peak_hour_exact_rate,0.03333333333333333,kW,,38692038ae03c56000c2f05f6ac2138f39c58f26eb588f9b8cfff14dcd20d855,NONE,YES,
CLM-0309,Forecast comparison,7 XGBoost Robin_office_Addie daily_top3_overlap,EXACT_RECOVERED,A,7,outputs/phase7/model_test_forecast_metrics.csv,row[18].daily_top3_overlap,Robin_office_Addie,,XGBoost,7 XGBoost Robin_office_Addie daily_top3_overlap,0.27777777777777773,dimensionless,,38692038ae03c56000c2f05f6ac2138f39c58f26eb588f9b8cfff14dcd20d855,NONE,YES,
CLM-0310,Forecast comparison,7 XGBoost Robin_office_Addie normalized_MAE,EXACT_RECOVERED,A,7,outputs/phase7/model_test_forecast_metrics.csv,row[18].normalized_MAE,Robin_office_Addie,,XGBoost,7 XGBoost Robin_office_Addie normalized_MAE,0.14846624093986996,dimensionless,,38692038ae03c56000c2f05f6ac2138f39c58f26eb588f9b8cfff14dcd20d855,NONE,YES,
CLM-0311,Forecast comparison,7 XGBoost Robin_office_Addie normalized_RMSE,EXACT_RECOVERED,A,7,outputs/phase7/model_test_forecast_metrics.csv,row[18].normalized_RMSE,Robin_office_Addie,,XGBoost,7 XGBoost Robin_office_Addie normalized_RMSE,0.19356073683470124,dimensionless,,38692038ae03c56000c2f05f6ac2138f39c58f26eb588f9b8cfff14dcd20d855,NONE,YES,
CLM-0312,Forecast comparison,7 CatBoost Robin_office_Addie MAE,EXACT_RECOVERED,A,7,outputs/phase7/model_test_forecast_metrics.csv,row[19].MAE,Robin_office_Addie,,CatBoost,7 CatBoost Robin_office_Addie MAE,2.843273639142827,kW,,38692038ae03c56000c2f05f6ac2138f39c58f26eb588f9b8cfff14dcd20d855,NONE,YES,
CLM-0313,Forecast comparison,7 CatBoost Robin_office_Addie RMSE,EXACT_RECOVERED,A,7,outputs/phase7/model_test_forecast_metrics.csv,row[19].RMSE,Robin_office_Addie,,CatBoost,7 CatBoost Robin_office_Addie RMSE,3.8106084132889175,kW,,38692038ae03c56000c2f05f6ac2138f39c58f26eb588f9b8cfff14dcd20d855,NONE,YES,
CLM-0314,Forecast comparison,7 CatBoost Robin_office_Addie MAPE,EXACT_RECOVERED,A,7,outputs/phase7/model_test_forecast_metrics.csv,row[19].MAPE,Robin_office_Addie,,CatBoost,7 CatBoost Robin_office_Addie MAPE,29.654923556468106,%,,38692038ae03c56000c2f05f6ac2138f39c58f26eb588f9b8cfff14dcd20d855,NONE,YES,
CLM-0315,Forecast comparison,7 CatBoost Robin_office_Addie bias,EXACT_RECOVERED,A,7,outputs/phase7/model_test_forecast_metrics.csv,row[19].bias,Robin_office_Addie,,CatBoost,7 CatBoost Robin_office_Addie bias,1.7353284462386331,dimensionless,,38692038ae03c56000c2f05f6ac2138f39c58f26eb588f9b8cfff14dcd20d855,NONE,YES,
CLM-0316,Forecast comparison,7 CatBoost Robin_office_Addie actual_p75,EXACT_RECOVERED,A,7,outputs/phase7/model_test_forecast_metrics.csv,row[19].actual_p75,Robin_office_Addie,,CatBoost,7 CatBoost Robin_office_Addie actual_p75,17.625,dimensionless,,38692038ae03c56000c2f05f6ac2138f39c58f26eb588f9b8cfff14dcd20d855,NONE,YES,
CLM-0317,Forecast comparison,7 CatBoost Robin_office_Addie peak_quartile_MAE,EXACT_RECOVERED,A,7,outputs/phase7/model_test_forecast_metrics.csv,row[19].peak_quartile_MAE,Robin_office_Addie,,CatBoost,7 CatBoost Robin_office_Addie peak_quartile_MAE,1.4102197820758966,kW,,38692038ae03c56000c2f05f6ac2138f39c58f26eb588f9b8cfff14dcd20d855,NONE,YES,
CLM-0318,Forecast comparison,7 CatBoost Robin_office_Addie peak_quartile_bias,EXACT_RECOVERED,A,7,outputs/phase7/model_test_forecast_metrics.csv,row[19].peak_quartile_bias,Robin_office_Addie,,CatBoost,7 CatBoost Robin_office_Addie peak_quartile_bias,-0.6376555609307606,kW,,38692038ae03c56000c2f05f6ac2138f39c58f26eb588f9b8cfff14dcd20d855,NONE,YES,
CLM-0319,Forecast comparison,7 CatBoost Robin_office_Addie daily_peak_hour_MAE,EXACT_RECOVERED,A,7,outputs/phase7/model_test_forecast_metrics.csv,row[19].daily_peak_hour_MAE,Robin_office_Addie,,CatBoost,7 CatBoost Robin_office_Addie daily_peak_hour_MAE,5.733333333333333,kW,,38692038ae03c56000c2f05f6ac2138f39c58f26eb588f9b8cfff14dcd20d855,NONE,YES,
CLM-0320,Forecast comparison,7 CatBoost Robin_office_Addie daily_peak_hour_exact_rate,EXACT_RECOVERED,A,7,outputs/phase7/model_test_forecast_metrics.csv,row[19].daily_peak_hour_exact_rate,Robin_office_Addie,,CatBoost,7 CatBoost Robin_office_Addie daily_peak_hour_exact_rate,0.0,kW,,38692038ae03c56000c2f05f6ac2138f39c58f26eb588f9b8cfff14dcd20d855,NONE,YES,
CLM-0321,Forecast comparison,7 CatBoost Robin_office_Addie daily_top3_overlap,EXACT_RECOVERED,A,7,outputs/phase7/model_test_forecast_metrics.csv,row[19].daily_top3_overlap,Robin_office_Addie,,CatBoost,7 CatBoost Robin_office_Addie daily_top3_overlap,0.28888888888888886,dimensionless,,38692038ae03c56000c2f05f6ac2138f39c58f26eb588f9b8cfff14dcd20d855,NONE,YES,
CLM-0322,Forecast comparison,7 CatBoost Robin_office_Addie normalized_MAE,EXACT_RECOVERED,A,7,outputs/phase7/model_test_forecast_metrics.csv,row[19].normalized_MAE,Robin_office_Addie,,CatBoost,7 CatBoost Robin_office_Addie normalized_MAE,0.13585369845321735,dimensionless,,38692038ae03c56000c2f05f6ac2138f39c58f26eb588f9b8cfff14dcd20d855,NONE,YES,
CLM-0323,Forecast comparison,7 CatBoost Robin_office_Addie normalized_RMSE,EXACT_RECOVERED,A,7,outputs/phase7/model_test_forecast_metrics.csv,row[19].normalized_RMSE,Robin_office_Addie,,CatBoost,7 CatBoost Robin_office_Addie normalized_RMSE,0.18207366296910987,dimensionless,,38692038ae03c56000c2f05f6ac2138f39c58f26eb588f9b8cfff14dcd20d855,NONE,YES,
CLM-0324,Forecast comparison,7 DayWeek Lamb_office_Gerardo MAE,EXACT_RECOVERED,A,7,outputs/phase7/model_test_forecast_metrics.csv,row[20].MAE,Lamb_office_Gerardo,,DayWeek,7 DayWeek Lamb_office_Gerardo MAE,4.456230416666666,kW,,38692038ae03c56000c2f05f6ac2138f39c58f26eb588f9b8cfff14dcd20d855,NONE,YES,
CLM-0325,Forecast comparison,7 DayWeek Lamb_office_Gerardo RMSE,EXACT_RECOVERED,A,7,outputs/phase7/model_test_forecast_metrics.csv,row[20].RMSE,Lamb_office_Gerardo,,DayWeek,7 DayWeek Lamb_office_Gerardo RMSE,7.746819130987193,kW,,38692038ae03c56000c2f05f6ac2138f39c58f26eb588f9b8cfff14dcd20d855,NONE,YES,
CLM-0326,Forecast comparison,7 DayWeek Lamb_office_Gerardo MAPE,EXACT_RECOVERED,A,7,outputs/phase7/model_test_forecast_metrics.csv,row[20].MAPE,Lamb_office_Gerardo,,DayWeek,7 DayWeek Lamb_office_Gerardo MAPE,37.845652070217625,%,,38692038ae03c56000c2f05f6ac2138f39c58f26eb588f9b8cfff14dcd20d855,NONE,YES,
CLM-0327,Forecast comparison,7 DayWeek Lamb_office_Gerardo bias,EXACT_RECOVERED,A,7,outputs/phase7/model_test_forecast_metrics.csv,row[20].bias,Lamb_office_Gerardo,,DayWeek,7 DayWeek Lamb_office_Gerardo bias,0.9904106944444444,dimensionless,,38692038ae03c56000c2f05f6ac2138f39c58f26eb588f9b8cfff14dcd20d855,NONE,YES,
CLM-0328,Forecast comparison,7 DayWeek Lamb_office_Gerardo actual_p75,EXACT_RECOVERED,A,7,outputs/phase7/model_test_forecast_metrics.csv,row[20].actual_p75,Lamb_office_Gerardo,,DayWeek,7 DayWeek Lamb_office_Gerardo actual_p75,21.475,dimensionless,,38692038ae03c56000c2f05f6ac2138f39c58f26eb588f9b8cfff14dcd20d855,NONE,YES,
CLM-0329,Forecast comparison,7 DayWeek Lamb_office_Gerardo peak_quartile_MAE,EXACT_RECOVERED,A,7,outputs/phase7/model_test_forecast_metrics.csv,row[20].peak_quartile_MAE,Lamb_office_Gerardo,,DayWeek,7 DayWeek Lamb_office_Gerardo peak_quartile_MAE,7.332195277777777,kW,,38692038ae03c56000c2f05f6ac2138f39c58f26eb588f9b8cfff14dcd20d855,NONE,YES,
CLM-0330,Forecast comparison,7 DayWeek Lamb_office_Gerardo peak_quartile_bias,EXACT_RECOVERED,A,7,outputs/phase7/model_test_forecast_metrics.csv,row[20].peak_quartile_bias,Lamb_office_Gerardo,,DayWeek,7 DayWeek Lamb_office_Gerardo peak_quartile_bias,-3.657750833333333,kW,,38692038ae03c56000c2f05f6ac2138f39c58f26eb588f9b8cfff14dcd20d855,NONE,YES,
CLM-0331,Forecast comparison,7 DayWeek Lamb_office_Gerardo daily_peak_hour_MAE,EXACT_RECOVERED,A,7,outputs/phase7/model_test_forecast_metrics.csv,row[20].daily_peak_hour_MAE,Lamb_office_Gerardo,,DayWeek,7 DayWeek Lamb_office_Gerardo daily_peak_hour_MAE,2.8,kW,,38692038ae03c56000c2f05f6ac2138f39c58f26eb588f9b8cfff14dcd20d855,NONE,YES,
CLM-0332,Forecast comparison,7 DayWeek Lamb_office_Gerardo daily_peak_hour_exact_rate,EXACT_RECOVERED,A,7,outputs/phase7/model_test_forecast_metrics.csv,row[20].daily_peak_hour_exact_rate,Lamb_office_Gerardo,,DayWeek,7 DayWeek Lamb_office_Gerardo daily_peak_hour_exact_rate,0.3,kW,,38692038ae03c56000c2f05f6ac2138f39c58f26eb588f9b8cfff14dcd20d855,NONE,YES,
CLM-0333,Forecast comparison,7 DayWeek Lamb_office_Gerardo daily_top3_overlap,EXACT_RECOVERED,A,7,outputs/phase7/model_test_forecast_metrics.csv,row[20].daily_top3_overlap,Lamb_office_Gerardo,,DayWeek,7 DayWeek Lamb_office_Gerardo daily_top3_overlap,0.48888888888888893,dimensionless,,38692038ae03c56000c2f05f6ac2138f39c58f26eb588f9b8cfff14dcd20d855,NONE,YES,
CLM-0334,Forecast comparison,7 DayWeek Lamb_office_Gerardo normalized_MAE,EXACT_RECOVERED,A,7,outputs/phase7/model_test_forecast_metrics.csv,row[20].normalized_MAE,Lamb_office_Gerardo,,DayWeek,7 DayWeek Lamb_office_Gerardo normalized_MAE,0.5215156946350448,dimensionless,,38692038ae03c56000c2f05f6ac2138f39c58f26eb588f9b8cfff14dcd20d855,NONE,YES,
CLM-0335,Forecast comparison,7 DayWeek Lamb_office_Gerardo normalized_RMSE,EXACT_RECOVERED,A,7,outputs/phase7/model_test_forecast_metrics.csv,row[20].normalized_RMSE,Lamb_office_Gerardo,,DayWeek,7 DayWeek Lamb_office_Gerardo normalized_RMSE,0.9066155433073168,dimensionless,,38692038ae03c56000c2f05f6ac2138f39c58f26eb588f9b8cfff14dcd20d855,NONE,YES,
CLM-0336,Forecast comparison,7 LightGBM Lamb_office_Gerardo MAE,EXACT_RECOVERED,A,7,outputs/phase7/model_test_forecast_metrics.csv,row[21].MAE,Lamb_office_Gerardo,,LightGBM,7 LightGBM Lamb_office_Gerardo MAE,2.874078621623744,kW,,38692038ae03c56000c2f05f6ac2138f39c58f26eb588f9b8cfff14dcd20d855,NONE,YES,
CLM-0337,Forecast comparison,7 LightGBM Lamb_office_Gerardo RMSE,EXACT_RECOVERED,A,7,outputs/phase7/model_test_forecast_metrics.csv,row[21].RMSE,Lamb_office_Gerardo,,LightGBM,7 LightGBM Lamb_office_Gerardo RMSE,4.241482708365726,kW,,38692038ae03c56000c2f05f6ac2138f39c58f26eb588f9b8cfff14dcd20d855,NONE,YES,
CLM-0338,Forecast comparison,7 LightGBM Lamb_office_Gerardo MAPE,EXACT_RECOVERED,A,7,outputs/phase7/model_test_forecast_metrics.csv,row[21].MAPE,Lamb_office_Gerardo,,LightGBM,7 LightGBM Lamb_office_Gerardo MAPE,26.988520741470463,%,,38692038ae03c56000c2f05f6ac2138f39c58f26eb588f9b8cfff14dcd20d855,NONE,YES,
CLM-0339,Forecast comparison,7 LightGBM Lamb_office_Gerardo bias,EXACT_RECOVERED,A,7,outputs/phase7/model_test_forecast_metrics.csv,row[21].bias,Lamb_office_Gerardo,,LightGBM,7 LightGBM Lamb_office_Gerardo bias,1.2166686397225823,dimensionless,,38692038ae03c56000c2f05f6ac2138f39c58f26eb588f9b8cfff14dcd20d855,NONE,YES,
CLM-0340,Forecast comparison,7 LightGBM Lamb_office_Gerardo actual_p75,EXACT_RECOVERED,A,7,outputs/phase7/model_test_forecast_metrics.csv,row[21].actual_p75,Lamb_office_Gerardo,,LightGBM,7 LightGBM Lamb_office_Gerardo actual_p75,21.475,dimensionless,,38692038ae03c56000c2f05f6ac2138f39c58f26eb588f9b8cfff14dcd20d855,NONE,YES,
CLM-0341,Forecast comparison,7 LightGBM Lamb_office_Gerardo peak_quartile_MAE,EXACT_RECOVERED,A,7,outputs/phase7/model_test_forecast_metrics.csv,row[21].peak_quartile_MAE,Lamb_office_Gerardo,,LightGBM,7 LightGBM Lamb_office_Gerardo peak_quartile_MAE,4.379754995790131,kW,,38692038ae03c56000c2f05f6ac2138f39c58f26eb588f9b8cfff14dcd20d855,NONE,YES,
CLM-0342,Forecast comparison,7 LightGBM Lamb_office_Gerardo peak_quartile_bias,EXACT_RECOVERED,A,7,outputs/phase7/model_test_forecast_metrics.csv,row[21].peak_quartile_bias,Lamb_office_Gerardo,,LightGBM,7 LightGBM Lamb_office_Gerardo peak_quartile_bias,-1.6748508309535122,kW,,38692038ae03c56000c2f05f6ac2138f39c58f26eb588f9b8cfff14dcd20d855,NONE,YES,
CLM-0343,Forecast comparison,7 LightGBM Lamb_office_Gerardo daily_peak_hour_MAE,EXACT_RECOVERED,A,7,outputs/phase7/model_test_forecast_metrics.csv,row[21].daily_peak_hour_MAE,Lamb_office_Gerardo,,LightGBM,7 LightGBM Lamb_office_Gerardo daily_peak_hour_MAE,2.6666666666666665,kW,,38692038ae03c56000c2f05f6ac2138f39c58f26eb588f9b8cfff14dcd20d855,NONE,YES,
CLM-0344,Forecast comparison,7 LightGBM Lamb_office_Gerardo daily_peak_hour_exact_rate,EXACT_RECOVERED,A,7,outputs/phase7/model_test_forecast_metrics.csv,row[21].daily_peak_hour_exact_rate,Lamb_office_Gerardo,,LightGBM,7 LightGBM Lamb_office_Gerardo daily_peak_hour_exact_rate,0.36666666666666664,kW,,38692038ae03c56000c2f05f6ac2138f39c58f26eb588f9b8cfff14dcd20d855,NONE,YES,
CLM-0345,Forecast comparison,7 LightGBM Lamb_office_Gerardo daily_top3_overlap,EXACT_RECOVERED,A,7,outputs/phase7/model_test_forecast_metrics.csv,row[21].daily_top3_overlap,Lamb_office_Gerardo,,LightGBM,7 LightGBM Lamb_office_Gerardo daily_top3_overlap,0.5,dimensionless,,38692038ae03c56000c2f05f6ac2138f39c58f26eb588f9b8cfff14dcd20d855,NONE,YES,
CLM-0346,Forecast comparison,7 LightGBM Lamb_office_Gerardo normalized_MAE,EXACT_RECOVERED,A,7,outputs/phase7/model_test_forecast_metrics.csv,row[21].normalized_MAE,Lamb_office_Gerardo,,LightGBM,7 LightGBM Lamb_office_Gerardo normalized_MAE,0.3363553875459213,dimensionless,,38692038ae03c56000c2f05f6ac2138f39c58f26eb588f9b8cfff14dcd20d855,NONE,YES,
CLM-0347,Forecast comparison,7 LightGBM Lamb_office_Gerardo normalized_RMSE,EXACT_RECOVERED,A,7,outputs/phase7/model_test_forecast_metrics.csv,row[21].normalized_RMSE,Lamb_office_Gerardo,,LightGBM,7 LightGBM Lamb_office_Gerardo normalized_RMSE,0.4963836234012547,dimensionless,,38692038ae03c56000c2f05f6ac2138f39c58f26eb588f9b8cfff14dcd20d855,NONE,YES,
CLM-0348,Forecast comparison,7 XGBoost Lamb_office_Gerardo MAE,EXACT_RECOVERED,A,7,outputs/phase7/model_test_forecast_metrics.csv,row[22].MAE,Lamb_office_Gerardo,,XGBoost,7 XGBoost Lamb_office_Gerardo MAE,3.0676821338600577,kW,,38692038ae03c56000c2f05f6ac2138f39c58f26eb588f9b8cfff14dcd20d855,NONE,YES,
CLM-0349,Forecast comparison,7 XGBoost Lamb_office_Gerardo RMSE,EXACT_RECOVERED,A,7,outputs/phase7/model_test_forecast_metrics.csv,row[22].RMSE,Lamb_office_Gerardo,,XGBoost,7 XGBoost Lamb_office_Gerardo RMSE,4.617242705404181,kW,,38692038ae03c56000c2f05f6ac2138f39c58f26eb588f9b8cfff14dcd20d855,NONE,YES,
CLM-0350,Forecast comparison,7 XGBoost Lamb_office_Gerardo MAPE,EXACT_RECOVERED,A,7,outputs/phase7/model_test_forecast_metrics.csv,row[22].MAPE,Lamb_office_Gerardo,,XGBoost,7 XGBoost Lamb_office_Gerardo MAPE,29.011880236443638,%,,38692038ae03c56000c2f05f6ac2138f39c58f26eb588f9b8cfff14dcd20d855,NONE,YES,
CLM-0351,Forecast comparison,7 XGBoost Lamb_office_Gerardo bias,EXACT_RECOVERED,A,7,outputs/phase7/model_test_forecast_metrics.csv,row[22].bias,Lamb_office_Gerardo,,XGBoost,7 XGBoost Lamb_office_Gerardo bias,1.156829572174284,dimensionless,,38692038ae03c56000c2f05f6ac2138f39c58f26eb588f9b8cfff14dcd20d855,NONE,YES,
CLM-0352,Forecast comparison,7 XGBoost Lamb_office_Gerardo actual_p75,EXACT_RECOVERED,A,7,outputs/phase7/model_test_forecast_metrics.csv,row[22].actual_p75,Lamb_office_Gerardo,,XGBoost,7 XGBoost Lamb_office_Gerardo actual_p75,21.475,dimensionless,,38692038ae03c56000c2f05f6ac2138f39c58f26eb588f9b8cfff14dcd20d855,NONE,YES,
CLM-0353,Forecast comparison,7 XGBoost Lamb_office_Gerardo peak_quartile_MAE,EXACT_RECOVERED,A,7,outputs/phase7/model_test_forecast_metrics.csv,row[22].peak_quartile_MAE,Lamb_office_Gerardo,,XGBoost,7 XGBoost Lamb_office_Gerardo peak_quartile_MAE,4.48157629330953,kW,,38692038ae03c56000c2f05f6ac2138f39c58f26eb588f9b8cfff14dcd20d855,NONE,YES,
CLM-0354,Forecast comparison,7 XGBoost Lamb_office_Gerardo peak_quartile_bias,EXACT_RECOVERED,A,7,outputs/phase7/model_test_forecast_metrics.csv,row[22].peak_quartile_bias,Lamb_office_Gerardo,,XGBoost,7 XGBoost Lamb_office_Gerardo peak_quartile_bias,-2.483549786249797,kW,,38692038ae03c56000c2f05f6ac2138f39c58f26eb588f9b8cfff14dcd20d855,NONE,YES,
CLM-0355,Forecast comparison,7 XGBoost Lamb_office_Gerardo daily_peak_hour_MAE,EXACT_RECOVERED,A,7,outputs/phase7/model_test_forecast_metrics.csv,row[22].daily_peak_hour_MAE,Lamb_office_Gerardo,,XGBoost,7 XGBoost Lamb_office_Gerardo daily_peak_hour_MAE,2.8,kW,,38692038ae03c56000c2f05f6ac2138f39c58f26eb588f9b8cfff14dcd20d855,NONE,YES,
CLM-0356,Forecast comparison,7 XGBoost Lamb_office_Gerardo daily_peak_hour_exact_rate,EXACT_RECOVERED,A,7,outputs/phase7/model_test_forecast_metrics.csv,row[22].daily_peak_hour_exact_rate,Lamb_office_Gerardo,,XGBoost,7 XGBoost Lamb_office_Gerardo daily_peak_hour_exact_rate,0.36666666666666664,kW,,38692038ae03c56000c2f05f6ac2138f39c58f26eb588f9b8cfff14dcd20d855,NONE,YES,
CLM-0357,Forecast comparison,7 XGBoost Lamb_office_Gerardo daily_top3_overlap,EXACT_RECOVERED,A,7,outputs/phase7/model_test_forecast_metrics.csv,row[22].daily_top3_overlap,Lamb_office_Gerardo,,XGBoost,7 XGBoost Lamb_office_Gerardo daily_top3_overlap,0.5000000000000001,dimensionless,,38692038ae03c56000c2f05f6ac2138f39c58f26eb588f9b8cfff14dcd20d855,NONE,YES,
CLM-0358,Forecast comparison,7 XGBoost Lamb_office_Gerardo normalized_MAE,EXACT_RECOVERED,A,7,outputs/phase7/model_test_forecast_metrics.csv,row[22].normalized_MAE,Lamb_office_Gerardo,,XGBoost,7 XGBoost Lamb_office_Gerardo normalized_MAE,0.3590129390473158,dimensionless,,38692038ae03c56000c2f05f6ac2138f39c58f26eb588f9b8cfff14dcd20d855,NONE,YES,
CLM-0359,Forecast comparison,7 XGBoost Lamb_office_Gerardo normalized_RMSE,EXACT_RECOVERED,A,7,outputs/phase7/model_test_forecast_metrics.csv,row[22].normalized_RMSE,Lamb_office_Gerardo,,XGBoost,7 XGBoost Lamb_office_Gerardo normalized_RMSE,0.5403590729513158,dimensionless,,38692038ae03c56000c2f05f6ac2138f39c58f26eb588f9b8cfff14dcd20d855,NONE,YES,
CLM-0360,Forecast comparison,7 CatBoost Lamb_office_Gerardo MAE,EXACT_RECOVERED,A,7,outputs/phase7/model_test_forecast_metrics.csv,row[23].MAE,Lamb_office_Gerardo,,CatBoost,7 CatBoost Lamb_office_Gerardo MAE,3.496412421165685,kW,,38692038ae03c56000c2f05f6ac2138f39c58f26eb588f9b8cfff14dcd20d855,NONE,YES,
CLM-0361,Forecast comparison,7 CatBoost Lamb_office_Gerardo RMSE,EXACT_RECOVERED,A,7,outputs/phase7/model_test_forecast_metrics.csv,row[23].RMSE,Lamb_office_Gerardo,,CatBoost,7 CatBoost Lamb_office_Gerardo RMSE,4.913541237037814,kW,,38692038ae03c56000c2f05f6ac2138f39c58f26eb588f9b8cfff14dcd20d855,NONE,YES,
CLM-0362,Forecast comparison,7 CatBoost Lamb_office_Gerardo MAPE,EXACT_RECOVERED,A,7,outputs/phase7/model_test_forecast_metrics.csv,row[23].MAPE,Lamb_office_Gerardo,,CatBoost,7 CatBoost Lamb_office_Gerardo MAPE,33.52864320468735,%,,38692038ae03c56000c2f05f6ac2138f39c58f26eb588f9b8cfff14dcd20d855,NONE,YES,
CLM-0363,Forecast comparison,7 CatBoost Lamb_office_Gerardo bias,EXACT_RECOVERED,A,7,outputs/phase7/model_test_forecast_metrics.csv,row[23].bias,Lamb_office_Gerardo,,CatBoost,7 CatBoost Lamb_office_Gerardo bias,1.1879967012893442,dimensionless,,38692038ae03c56000c2f05f6ac2138f39c58f26eb588f9b8cfff14dcd20d855,NONE,YES,
CLM-0364,Forecast comparison,7 CatBoost Lamb_office_Gerardo actual_p75,EXACT_RECOVERED,A,7,outputs/phase7/model_test_forecast_metrics.csv,row[23].actual_p75,Lamb_office_Gerardo,,CatBoost,7 CatBoost Lamb_office_Gerardo actual_p75,21.475,dimensionless,,38692038ae03c56000c2f05f6ac2138f39c58f26eb588f9b8cfff14dcd20d855,NONE,YES,
CLM-0365,Forecast comparison,7 CatBoost Lamb_office_Gerardo peak_quartile_MAE,EXACT_RECOVERED,A,7,outputs/phase7/model_test_forecast_metrics.csv,row[23].peak_quartile_MAE,Lamb_office_Gerardo,,CatBoost,7 CatBoost Lamb_office_Gerardo peak_quartile_MAE,5.107318466828497,kW,,38692038ae03c56000c2f05f6ac2138f39c58f26eb588f9b8cfff14dcd20d855,NONE,YES,
CLM-0366,Forecast comparison,7 CatBoost Lamb_office_Gerardo peak_quartile_bias,EXACT_RECOVERED,A,7,outputs/phase7/model_test_forecast_metrics.csv,row[23].peak_quartile_bias,Lamb_office_Gerardo,,CatBoost,7 CatBoost Lamb_office_Gerardo peak_quartile_bias,-3.6317679157487985,kW,,38692038ae03c56000c2f05f6ac2138f39c58f26eb588f9b8cfff14dcd20d855,NONE,YES,
CLM-0367,Forecast comparison,7 CatBoost Lamb_office_Gerardo daily_peak_hour_MAE,EXACT_RECOVERED,A,7,outputs/phase7/model_test_forecast_metrics.csv,row[23].daily_peak_hour_MAE,Lamb_office_Gerardo,,CatBoost,7 CatBoost Lamb_office_Gerardo daily_peak_hour_MAE,2.1666666666666665,kW,,38692038ae03c56000c2f05f6ac2138f39c58f26eb588f9b8cfff14dcd20d855,NONE,YES,
CLM-0368,Forecast comparison,7 CatBoost Lamb_office_Gerardo daily_peak_hour_exact_rate,EXACT_RECOVERED,A,7,outputs/phase7/model_test_forecast_metrics.csv,row[23].daily_peak_hour_exact_rate,Lamb_office_Gerardo,,CatBoost,7 CatBoost Lamb_office_Gerardo daily_peak_hour_exact_rate,0.3333333333333333,kW,,38692038ae03c56000c2f05f6ac2138f39c58f26eb588f9b8cfff14dcd20d855,NONE,YES,
CLM-0369,Forecast comparison,7 CatBoost Lamb_office_Gerardo daily_top3_overlap,EXACT_RECOVERED,A,7,outputs/phase7/model_test_forecast_metrics.csv,row[23].daily_top3_overlap,Lamb_office_Gerardo,,CatBoost,7 CatBoost Lamb_office_Gerardo daily_top3_overlap,0.47777777777777775,dimensionless,,38692038ae03c56000c2f05f6ac2138f39c58f26eb588f9b8cfff14dcd20d855,NONE,YES,
CLM-0370,Forecast comparison,7 CatBoost Lamb_office_Gerardo normalized_MAE,EXACT_RECOVERED,A,7,outputs/phase7/model_test_forecast_metrics.csv,row[23].normalized_MAE,Lamb_office_Gerardo,,CatBoost,7 CatBoost Lamb_office_Gerardo normalized_MAE,0.40918753790985063,dimensionless,,38692038ae03c56000c2f05f6ac2138f39c58f26eb588f9b8cfff14dcd20d855,NONE,YES,
CLM-0371,Forecast comparison,7 CatBoost Lamb_office_Gerardo normalized_RMSE,EXACT_RECOVERED,A,7,outputs/phase7/model_test_forecast_metrics.csv,row[23].normalized_RMSE,Lamb_office_Gerardo,,CatBoost,7 CatBoost Lamb_office_Gerardo normalized_RMSE,0.5750350928371646,dimensionless,,38692038ae03c56000c2f05f6ac2138f39c58f26eb588f9b8cfff14dcd20d855,NONE,YES,
CLM-0372,Forecast comparison,7 DayWeek Hog_office_Alexis MAE,EXACT_RECOVERED,A,7,outputs/phase7/model_test_forecast_metrics.csv,row[24].MAE,Hog_office_Alexis,,DayWeek,7 DayWeek Hog_office_Alexis MAE,2.4646597222222226,kW,,38692038ae03c56000c2f05f6ac2138f39c58f26eb588f9b8cfff14dcd20d855,NONE,YES,
CLM-0373,Forecast comparison,7 DayWeek Hog_office_Alexis RMSE,EXACT_RECOVERED,A,7,outputs/phase7/model_test_forecast_metrics.csv,row[24].RMSE,Hog_office_Alexis,,DayWeek,7 DayWeek Hog_office_Alexis RMSE,4.290183551904018,kW,,38692038ae03c56000c2f05f6ac2138f39c58f26eb588f9b8cfff14dcd20d855,NONE,YES,
CLM-0374,Forecast comparison,7 DayWeek Hog_office_Alexis MAPE,EXACT_RECOVERED,A,7,outputs/phase7/model_test_forecast_metrics.csv,row[24].MAPE,Hog_office_Alexis,,DayWeek,7 DayWeek Hog_office_Alexis MAPE,14.58545373489701,%,,38692038ae03c56000c2f05f6ac2138f39c58f26eb588f9b8cfff14dcd20d855,NONE,YES,
CLM-0375,Forecast comparison,7 DayWeek Hog_office_Alexis bias,EXACT_RECOVERED,A,7,outputs/phase7/model_test_forecast_metrics.csv,row[24].bias,Hog_office_Alexis,,DayWeek,7 DayWeek Hog_office_Alexis bias,-0.09433611111111091,dimensionless,,38692038ae03c56000c2f05f6ac2138f39c58f26eb588f9b8cfff14dcd20d855,NONE,YES,
CLM-0376,Forecast comparison,7 DayWeek Hog_office_Alexis actual_p75,EXACT_RECOVERED,A,7,outputs/phase7/model_test_forecast_metrics.csv,row[24].actual_p75,Hog_office_Alexis,,DayWeek,7 DayWeek Hog_office_Alexis actual_p75,19.72925,dimensionless,,38692038ae03c56000c2f05f6ac2138f39c58f26eb588f9b8cfff14dcd20d855,NONE,YES,
CLM-0377,Forecast comparison,7 DayWeek Hog_office_Alexis peak_quartile_MAE,EXACT_RECOVERED,A,7,outputs/phase7/model_test_forecast_metrics.csv,row[24].peak_quartile_MAE,Hog_office_Alexis,,DayWeek,7 DayWeek Hog_office_Alexis peak_quartile_MAE,4.010358333333334,kW,,38692038ae03c56000c2f05f6ac2138f39c58f26eb588f9b8cfff14dcd20d855,NONE,YES,
CLM-0378,Forecast comparison,7 DayWeek Hog_office_Alexis peak_quartile_bias,EXACT_RECOVERED,A,7,outputs/phase7/model_test_forecast_metrics.csv,row[24].peak_quartile_bias,Hog_office_Alexis,,DayWeek,7 DayWeek Hog_office_Alexis peak_quartile_bias,-2.0784916666666664,kW,,38692038ae03c56000c2f05f6ac2138f39c58f26eb588f9b8cfff14dcd20d855,NONE,YES,
CLM-0379,Forecast comparison,7 DayWeek Hog_office_Alexis daily_peak_hour_MAE,EXACT_RECOVERED,A,7,outputs/phase7/model_test_forecast_metrics.csv,row[24].daily_peak_hour_MAE,Hog_office_Alexis,,DayWeek,7 DayWeek Hog_office_Alexis daily_peak_hour_MAE,4.866666666666666,kW,,38692038ae03c56000c2f05f6ac2138f39c58f26eb588f9b8cfff14dcd20d855,NONE,YES,
CLM-0380,Forecast comparison,7 DayWeek Hog_office_Alexis daily_peak_hour_exact_rate,EXACT_RECOVERED,A,7,outputs/phase7/model_test_forecast_metrics.csv,row[24].daily_peak_hour_exact_rate,Hog_office_Alexis,,DayWeek,7 DayWeek Hog_office_Alexis daily_peak_hour_exact_rate,0.16666666666666666,kW,,38692038ae03c56000c2f05f6ac2138f39c58f26eb588f9b8cfff14dcd20d855,NONE,YES,
CLM-0381,Forecast comparison,7 DayWeek Hog_office_Alexis daily_top3_overlap,EXACT_RECOVERED,A,7,outputs/phase7/model_test_forecast_metrics.csv,row[24].daily_top3_overlap,Hog_office_Alexis,,DayWeek,7 DayWeek Hog_office_Alexis daily_top3_overlap,0.43333333333333335,dimensionless,,38692038ae03c56000c2f05f6ac2138f39c58f26eb588f9b8cfff14dcd20d855,NONE,YES,
CLM-0382,Forecast comparison,7 DayWeek Hog_office_Alexis normalized_MAE,EXACT_RECOVERED,A,7,outputs/phase7/model_test_forecast_metrics.csv,row[24].normalized_MAE,Hog_office_Alexis,,DayWeek,7 DayWeek Hog_office_Alexis normalized_MAE,0.12733042751631524,dimensionless,,38692038ae03c56000c2f05f6ac2138f39c58f26eb588f9b8cfff14dcd20d855,NONE,YES,
CLM-0383,Forecast comparison,7 DayWeek Hog_office_Alexis normalized_RMSE,EXACT_RECOVERED,A,7,outputs/phase7/model_test_forecast_metrics.csv,row[24].normalized_RMSE,Hog_office_Alexis,,DayWeek,7 DayWeek Hog_office_Alexis normalized_RMSE,0.22164151134618523,dimensionless,,38692038ae03c56000c2f05f6ac2138f39c58f26eb588f9b8cfff14dcd20d855,NONE,YES,
CLM-0384,Forecast comparison,7 LightGBM Hog_office_Alexis MAE,EXACT_RECOVERED,A,7,outputs/phase7/model_test_forecast_metrics.csv,row[25].MAE,Hog_office_Alexis,,LightGBM,7 LightGBM Hog_office_Alexis MAE,2.072001256800829,kW,,38692038ae03c56000c2f05f6ac2138f39c58f26eb588f9b8cfff14dcd20d855,NONE,YES,
CLM-0385,Forecast comparison,7 LightGBM Hog_office_Alexis RMSE,EXACT_RECOVERED,A,7,outputs/phase7/model_test_forecast_metrics.csv,row[25].RMSE,Hog_office_Alexis,,LightGBM,7 LightGBM Hog_office_Alexis RMSE,3.346049313982176,kW,,38692038ae03c56000c2f05f6ac2138f39c58f26eb588f9b8cfff14dcd20d855,NONE,YES,
CLM-0386,Forecast comparison,7 LightGBM Hog_office_Alexis MAPE,EXACT_RECOVERED,A,7,outputs/phase7/model_test_forecast_metrics.csv,row[25].MAPE,Hog_office_Alexis,,LightGBM,7 LightGBM Hog_office_Alexis MAPE,11.941605667426495,%,,38692038ae03c56000c2f05f6ac2138f39c58f26eb588f9b8cfff14dcd20d855,NONE,YES,
CLM-0387,Forecast comparison,7 LightGBM Hog_office_Alexis bias,EXACT_RECOVERED,A,7,outputs/phase7/model_test_forecast_metrics.csv,row[25].bias,Hog_office_Alexis,,LightGBM,7 LightGBM Hog_office_Alexis bias,-0.7131953800125811,dimensionless,,38692038ae03c56000c2f05f6ac2138f39c58f26eb588f9b8cfff14dcd20d855,NONE,YES,
CLM-0388,Forecast comparison,7 LightGBM Hog_office_Alexis actual_p75,EXACT_RECOVERED,A,7,outputs/phase7/model_test_forecast_metrics.csv,row[25].actual_p75,Hog_office_Alexis,,LightGBM,7 LightGBM Hog_office_Alexis actual_p75,19.72925,dimensionless,,38692038ae03c56000c2f05f6ac2138f39c58f26eb588f9b8cfff14dcd20d855,NONE,YES,
CLM-0389,Forecast comparison,7 LightGBM Hog_office_Alexis peak_quartile_MAE,EXACT_RECOVERED,A,7,outputs/phase7/model_test_forecast_metrics.csv,row[25].peak_quartile_MAE,Hog_office_Alexis,,LightGBM,7 LightGBM Hog_office_Alexis peak_quartile_MAE,3.8351589980942524,kW,,38692038ae03c56000c2f05f6ac2138f39c58f26eb588f9b8cfff14dcd20d855,NONE,YES,
CLM-0390,Forecast comparison,7 LightGBM Hog_office_Alexis peak_quartile_bias,EXACT_RECOVERED,A,7,outputs/phase7/model_test_forecast_metrics.csv,row[25].peak_quartile_bias,Hog_office_Alexis,,LightGBM,7 LightGBM Hog_office_Alexis peak_quartile_bias,-3.0219720734824334,kW,,38692038ae03c56000c2f05f6ac2138f39c58f26eb588f9b8cfff14dcd20d855,NONE,YES,
CLM-0391,Forecast comparison,7 LightGBM Hog_office_Alexis daily_peak_hour_MAE,EXACT_RECOVERED,A,7,outputs/phase7/model_test_forecast_metrics.csv,row[25].daily_peak_hour_MAE,Hog_office_Alexis,,LightGBM,7 LightGBM Hog_office_Alexis daily_peak_hour_MAE,4.933333333333334,kW,,38692038ae03c56000c2f05f6ac2138f39c58f26eb588f9b8cfff14dcd20d855,NONE,YES,
CLM-0392,Forecast comparison,7 LightGBM Hog_office_Alexis daily_peak_hour_exact_rate,EXACT_RECOVERED,A,7,outputs/phase7/model_test_forecast_metrics.csv,row[25].daily_peak_hour_exact_rate,Hog_office_Alexis,,LightGBM,7 LightGBM Hog_office_Alexis daily_peak_hour_exact_rate,0.1,kW,,38692038ae03c56000c2f05f6ac2138f39c58f26eb588f9b8cfff14dcd20d855,NONE,YES,
CLM-0393,Forecast comparison,7 LightGBM Hog_office_Alexis daily_top3_overlap,EXACT_RECOVERED,A,7,outputs/phase7/model_test_forecast_metrics.csv,row[25].daily_top3_overlap,Hog_office_Alexis,,LightGBM,7 LightGBM Hog_office_Alexis daily_top3_overlap,0.3777777777777777,dimensionless,,38692038ae03c56000c2f05f6ac2138f39c58f26eb588f9b8cfff14dcd20d855,NONE,YES,
CLM-0394,Forecast comparison,7 LightGBM Hog_office_Alexis normalized_MAE,EXACT_RECOVERED,A,7,outputs/phase7/model_test_forecast_metrics.csv,row[25].normalized_MAE,Hog_office_Alexis,,LightGBM,7 LightGBM Hog_office_Alexis normalized_MAE,0.10704471836985059,dimensionless,,38692038ae03c56000c2f05f6ac2138f39c58f26eb588f9b8cfff14dcd20d855,NONE,YES,
CLM-0395,Forecast comparison,7 LightGBM Hog_office_Alexis normalized_RMSE,EXACT_RECOVERED,A,7,outputs/phase7/model_test_forecast_metrics.csv,row[25].normalized_RMSE,Hog_office_Alexis,,LightGBM,7 LightGBM Hog_office_Alexis normalized_RMSE,0.1728651974950436,dimensionless,,38692038ae03c56000c2f05f6ac2138f39c58f26eb588f9b8cfff14dcd20d855,NONE,YES,
CLM-0396,Forecast comparison,7 XGBoost Hog_office_Alexis MAE,EXACT_RECOVERED,A,7,outputs/phase7/model_test_forecast_metrics.csv,row[26].MAE,Hog_office_Alexis,,XGBoost,7 XGBoost Hog_office_Alexis MAE,2.1797651027679446,kW,,38692038ae03c56000c2f05f6ac2138f39c58f26eb588f9b8cfff14dcd20d855,NONE,YES,
CLM-0397,Forecast comparison,7 XGBoost Hog_office_Alexis RMSE,EXACT_RECOVERED,A,7,outputs/phase7/model_test_forecast_metrics.csv,row[26].RMSE,Hog_office_Alexis,,XGBoost,7 XGBoost Hog_office_Alexis RMSE,3.4063073038500775,kW,,38692038ae03c56000c2f05f6ac2138f39c58f26eb588f9b8cfff14dcd20d855,NONE,YES,
CLM-0398,Forecast comparison,7 XGBoost Hog_office_Alexis MAPE,EXACT_RECOVERED,A,7,outputs/phase7/model_test_forecast_metrics.csv,row[26].MAPE,Hog_office_Alexis,,XGBoost,7 XGBoost Hog_office_Alexis MAPE,12.355386104804387,%,,38692038ae03c56000c2f05f6ac2138f39c58f26eb588f9b8cfff14dcd20d855,NONE,YES,
CLM-0399,Forecast comparison,7 XGBoost Hog_office_Alexis bias,EXACT_RECOVERED,A,7,outputs/phase7/model_test_forecast_metrics.csv,row[26].bias,Hog_office_Alexis,,XGBoost,7 XGBoost Hog_office_Alexis bias,-0.8172142590416803,dimensionless,,38692038ae03c56000c2f05f6ac2138f39c58f26eb588f9b8cfff14dcd20d855,NONE,YES,
CLM-0400,Forecast comparison,7 XGBoost Hog_office_Alexis actual_p75,EXACT_RECOVERED,A,7,outputs/phase7/model_test_forecast_metrics.csv,row[26].actual_p75,Hog_office_Alexis,,XGBoost,7 XGBoost Hog_office_Alexis actual_p75,19.72925,dimensionless,,38692038ae03c56000c2f05f6ac2138f39c58f26eb588f9b8cfff14dcd20d855,NONE,YES,
CLM-0401,Forecast comparison,7 XGBoost Hog_office_Alexis peak_quartile_MAE,EXACT_RECOVERED,A,7,outputs/phase7/model_test_forecast_metrics.csv,row[26].peak_quartile_MAE,Hog_office_Alexis,,XGBoost,7 XGBoost Hog_office_Alexis peak_quartile_MAE,3.9311333064609104,kW,,38692038ae03c56000c2f05f6ac2138f39c58f26eb588f9b8cfff14dcd20d855,NONE,YES,
CLM-0402,Forecast comparison,7 XGBoost Hog_office_Alexis peak_quartile_bias,EXACT_RECOVERED,A,7,outputs/phase7/model_test_forecast_metrics.csv,row[26].peak_quartile_bias,Hog_office_Alexis,,XGBoost,7 XGBoost Hog_office_Alexis peak_quartile_bias,-3.3478213484870065,kW,,38692038ae03c56000c2f05f6ac2138f39c58f26eb588f9b8cfff14dcd20d855,NONE,YES,
CLM-0403,Forecast comparison,7 XGBoost Hog_office_Alexis daily_peak_hour_MAE,EXACT_RECOVERED,A,7,outputs/phase7/model_test_forecast_metrics.csv,row[26].daily_peak_hour_MAE,Hog_office_Alexis,,XGBoost,7 XGBoost Hog_office_Alexis daily_peak_hour_MAE,4.066666666666666,kW,,38692038ae03c56000c2f05f6ac2138f39c58f26eb588f9b8cfff14dcd20d855,NONE,YES,
CLM-0404,Forecast comparison,7 XGBoost Hog_office_Alexis daily_peak_hour_exact_rate,EXACT_RECOVERED,A,7,outputs/phase7/model_test_forecast_metrics.csv,row[26].daily_peak_hour_exact_rate,Hog_office_Alexis,,XGBoost,7 XGBoost Hog_office_Alexis daily_peak_hour_exact_rate,0.16666666666666666,kW,,38692038ae03c56000c2f05f6ac2138f39c58f26eb588f9b8cfff14dcd20d855,NONE,YES,
CLM-0405,Forecast comparison,7 XGBoost Hog_office_Alexis daily_top3_overlap,EXACT_RECOVERED,A,7,outputs/phase7/model_test_forecast_metrics.csv,row[26].daily_top3_overlap,Hog_office_Alexis,,XGBoost,7 XGBoost Hog_office_Alexis daily_top3_overlap,0.41111111111111115,dimensionless,,38692038ae03c56000c2f05f6ac2138f39c58f26eb588f9b8cfff14dcd20d855,NONE,YES,
CLM-0406,Forecast comparison,7 XGBoost Hog_office_Alexis normalized_MAE,EXACT_RECOVERED,A,7,outputs/phase7/model_test_forecast_metrics.csv,row[26].normalized_MAE,Hog_office_Alexis,,XGBoost,7 XGBoost Hog_office_Alexis normalized_MAE,0.11261206564058186,dimensionless,,38692038ae03c56000c2f05f6ac2138f39c58f26eb588f9b8cfff14dcd20d855,NONE,YES,
CLM-0407,Forecast comparison,7 XGBoost Hog_office_Alexis normalized_RMSE,EXACT_RECOVERED,A,7,outputs/phase7/model_test_forecast_metrics.csv,row[26].normalized_RMSE,Hog_office_Alexis,,XGBoost,7 XGBoost Hog_office_Alexis normalized_RMSE,0.17597827454254603,dimensionless,,38692038ae03c56000c2f05f6ac2138f39c58f26eb588f9b8cfff14dcd20d855,NONE,YES,
CLM-0408,Forecast comparison,7 CatBoost Hog_office_Alexis MAE,EXACT_RECOVERED,A,7,outputs/phase7/model_test_forecast_metrics.csv,row[27].MAE,Hog_office_Alexis,,CatBoost,7 CatBoost Hog_office_Alexis MAE,2.323326585518246,kW,,38692038ae03c56000c2f05f6ac2138f39c58f26eb588f9b8cfff14dcd20d855,NONE,YES,
CLM-0409,Forecast comparison,7 CatBoost Hog_office_Alexis RMSE,EXACT_RECOVERED,A,7,outputs/phase7/model_test_forecast_metrics.csv,row[27].RMSE,Hog_office_Alexis,,CatBoost,7 CatBoost Hog_office_Alexis RMSE,3.4332249512714554,kW,,38692038ae03c56000c2f05f6ac2138f39c58f26eb588f9b8cfff14dcd20d855,NONE,YES,
CLM-0410,Forecast comparison,7 CatBoost Hog_office_Alexis MAPE,EXACT_RECOVERED,A,7,outputs/phase7/model_test_forecast_metrics.csv,row[27].MAPE,Hog_office_Alexis,,CatBoost,7 CatBoost Hog_office_Alexis MAPE,13.305490781291837,%,,38692038ae03c56000c2f05f6ac2138f39c58f26eb588f9b8cfff14dcd20d855,NONE,YES,
CLM-0411,Forecast comparison,7 CatBoost Hog_office_Alexis bias,EXACT_RECOVERED,A,7,outputs/phase7/model_test_forecast_metrics.csv,row[27].bias,Hog_office_Alexis,,CatBoost,7 CatBoost Hog_office_Alexis bias,-0.8696317396041373,dimensionless,,38692038ae03c56000c2f05f6ac2138f39c58f26eb588f9b8cfff14dcd20d855,NONE,YES,
CLM-0412,Forecast comparison,7 CatBoost Hog_office_Alexis actual_p75,EXACT_RECOVERED,A,7,outputs/phase7/model_test_forecast_metrics.csv,row[27].actual_p75,Hog_office_Alexis,,CatBoost,7 CatBoost Hog_office_Alexis actual_p75,19.72925,dimensionless,,38692038ae03c56000c2f05f6ac2138f39c58f26eb588f9b8cfff14dcd20d855,NONE,YES,
CLM-0413,Forecast comparison,7 CatBoost Hog_office_Alexis peak_quartile_MAE,EXACT_RECOVERED,A,7,outputs/phase7/model_test_forecast_metrics.csv,row[27].peak_quartile_MAE,Hog_office_Alexis,,CatBoost,7 CatBoost Hog_office_Alexis peak_quartile_MAE,3.857945555822083,kW,,38692038ae03c56000c2f05f6ac2138f39c58f26eb588f9b8cfff14dcd20d855,NONE,YES,
CLM-0414,Forecast comparison,7 CatBoost Hog_office_Alexis peak_quartile_bias,EXACT_RECOVERED,A,7,outputs/phase7/model_test_forecast_metrics.csv,row[27].peak_quartile_bias,Hog_office_Alexis,,CatBoost,7 CatBoost Hog_office_Alexis peak_quartile_bias,-3.233408280939742,kW,,38692038ae03c56000c2f05f6ac2138f39c58f26eb588f9b8cfff14dcd20d855,NONE,YES,
CLM-0415,Forecast comparison,7 CatBoost Hog_office_Alexis daily_peak_hour_MAE,EXACT_RECOVERED,A,7,outputs/phase7/model_test_forecast_metrics.csv,row[27].daily_peak_hour_MAE,Hog_office_Alexis,,CatBoost,7 CatBoost Hog_office_Alexis daily_peak_hour_MAE,3.4,kW,,38692038ae03c56000c2f05f6ac2138f39c58f26eb588f9b8cfff14dcd20d855,NONE,YES,
CLM-0416,Forecast comparison,7 CatBoost Hog_office_Alexis daily_peak_hour_exact_rate,EXACT_RECOVERED,A,7,outputs/phase7/model_test_forecast_metrics.csv,row[27].daily_peak_hour_exact_rate,Hog_office_Alexis,,CatBoost,7 CatBoost Hog_office_Alexis daily_peak_hour_exact_rate,0.16666666666666666,kW,,38692038ae03c56000c2f05f6ac2138f39c58f26eb588f9b8cfff14dcd20d855,NONE,YES,
CLM-0417,Forecast comparison,7 CatBoost Hog_office_Alexis daily_top3_overlap,EXACT_RECOVERED,A,7,outputs/phase7/model_test_forecast_metrics.csv,row[27].daily_top3_overlap,Hog_office_Alexis,,CatBoost,7 CatBoost Hog_office_Alexis daily_top3_overlap,0.43333333333333335,dimensionless,,38692038ae03c56000c2f05f6ac2138f39c58f26eb588f9b8cfff14dcd20d855,NONE,YES,
CLM-0418,Forecast comparison,7 CatBoost Hog_office_Alexis normalized_MAE,EXACT_RECOVERED,A,7,outputs/phase7/model_test_forecast_metrics.csv,row[27].normalized_MAE,Hog_office_Alexis,,CatBoost,7 CatBoost Hog_office_Alexis normalized_MAE,0.12002880751722128,dimensionless,,38692038ae03c56000c2f05f6ac2138f39c58f26eb588f9b8cfff14dcd20d855,NONE,YES,
CLM-0419,Forecast comparison,7 CatBoost Hog_office_Alexis normalized_RMSE,EXACT_RECOVERED,A,7,outputs/phase7/model_test_forecast_metrics.csv,row[27].normalized_RMSE,Hog_office_Alexis,,CatBoost,7 CatBoost Hog_office_Alexis normalized_RMSE,0.17736890689759063,dimensionless,,38692038ae03c56000c2f05f6ac2138f39c58f26eb588f9b8cfff14dcd20d855,NONE,YES,
CLM-0420,Forecast comparison,7 DayWeek Hog_office_Byron MAE,EXACT_RECOVERED,A,7,outputs/phase7/model_test_forecast_metrics.csv,row[28].MAE,Hog_office_Byron,,DayWeek,7 DayWeek Hog_office_Byron MAE,36.52515138888889,kW,,38692038ae03c56000c2f05f6ac2138f39c58f26eb588f9b8cfff14dcd20d855,NONE,YES,
CLM-0421,Forecast comparison,7 DayWeek Hog_office_Byron RMSE,EXACT_RECOVERED,A,7,outputs/phase7/model_test_forecast_metrics.csv,row[28].RMSE,Hog_office_Byron,,DayWeek,7 DayWeek Hog_office_Byron RMSE,61.227676986239246,kW,,38692038ae03c56000c2f05f6ac2138f39c58f26eb588f9b8cfff14dcd20d855,NONE,YES,
CLM-0422,Forecast comparison,7 DayWeek Hog_office_Byron MAPE,EXACT_RECOVERED,A,7,outputs/phase7/model_test_forecast_metrics.csv,row[28].MAPE,Hog_office_Byron,,DayWeek,7 DayWeek Hog_office_Byron MAPE,3.869769299954023,%,,38692038ae03c56000c2f05f6ac2138f39c58f26eb588f9b8cfff14dcd20d855,NONE,YES,
CLM-0423,Forecast comparison,7 DayWeek Hog_office_Byron bias,EXACT_RECOVERED,A,7,outputs/phase7/model_test_forecast_metrics.csv,row[28].bias,Hog_office_Byron,,DayWeek,7 DayWeek Hog_office_Byron bias,5.594080555555555,dimensionless,,38692038ae03c56000c2f05f6ac2138f39c58f26eb588f9b8cfff14dcd20d855,NONE,YES,
CLM-0424,Forecast comparison,7 DayWeek Hog_office_Byron actual_p75,EXACT_RECOVERED,A,7,outputs/phase7/model_test_forecast_metrics.csv,row[28].actual_p75,Hog_office_Byron,,DayWeek,7 DayWeek Hog_office_Byron actual_p75,1041.28475,dimensionless,,38692038ae03c56000c2f05f6ac2138f39c58f26eb588f9b8cfff14dcd20d855,NONE,YES,
CLM-0425,Forecast comparison,7 DayWeek Hog_office_Byron peak_quartile_MAE,EXACT_RECOVERED,A,7,outputs/phase7/model_test_forecast_metrics.csv,row[28].peak_quartile_MAE,Hog_office_Byron,,DayWeek,7 DayWeek Hog_office_Byron peak_quartile_MAE,54.12177777777779,kW,,38692038ae03c56000c2f05f6ac2138f39c58f26eb588f9b8cfff14dcd20d855,NONE,YES,
CLM-0426,Forecast comparison,7 DayWeek Hog_office_Byron peak_quartile_bias,EXACT_RECOVERED,A,7,outputs/phase7/model_test_forecast_metrics.csv,row[28].peak_quartile_bias,Hog_office_Byron,,DayWeek,7 DayWeek Hog_office_Byron peak_quartile_bias,-23.692155555555555,kW,,38692038ae03c56000c2f05f6ac2138f39c58f26eb588f9b8cfff14dcd20d855,NONE,YES,
CLM-0427,Forecast comparison,7 DayWeek Hog_office_Byron daily_peak_hour_MAE,EXACT_RECOVERED,A,7,outputs/phase7/model_test_forecast_metrics.csv,row[28].daily_peak_hour_MAE,Hog_office_Byron,,DayWeek,7 DayWeek Hog_office_Byron daily_peak_hour_MAE,1.0666666666666667,kW,,38692038ae03c56000c2f05f6ac2138f39c58f26eb588f9b8cfff14dcd20d855,NONE,YES,
CLM-0428,Forecast comparison,7 DayWeek Hog_office_Byron daily_peak_hour_exact_rate,EXACT_RECOVERED,A,7,outputs/phase7/model_test_forecast_metrics.csv,row[28].daily_peak_hour_exact_rate,Hog_office_Byron,,DayWeek,7 DayWeek Hog_office_Byron daily_peak_hour_exact_rate,0.26666666666666666,kW,,38692038ae03c56000c2f05f6ac2138f39c58f26eb588f9b8cfff14dcd20d855,NONE,YES,
CLM-0429,Forecast comparison,7 DayWeek Hog_office_Byron daily_top3_overlap,EXACT_RECOVERED,A,7,outputs/phase7/model_test_forecast_metrics.csv,row[28].daily_top3_overlap,Hog_office_Byron,,DayWeek,7 DayWeek Hog_office_Byron daily_top3_overlap,0.6555555555555554,dimensionless,,38692038ae03c56000c2f05f6ac2138f39c58f26eb588f9b8cfff14dcd20d855,NONE,YES,
CLM-0430,Forecast comparison,7 DayWeek Hog_office_Byron normalized_MAE,EXACT_RECOVERED,A,7,outputs/phase7/model_test_forecast_metrics.csv,row[28].normalized_MAE,Hog_office_Byron,,DayWeek,7 DayWeek Hog_office_Byron normalized_MAE,0.03833022868356033,dimensionless,,38692038ae03c56000c2f05f6ac2138f39c58f26eb588f9b8cfff14dcd20d855,NONE,YES,
CLM-0431,Forecast comparison,7 DayWeek Hog_office_Byron normalized_RMSE,EXACT_RECOVERED,A,7,outputs/phase7/model_test_forecast_metrics.csv,row[28].normalized_RMSE,Hog_office_Byron,,DayWeek,7 DayWeek Hog_office_Byron normalized_RMSE,0.06425355601290246,dimensionless,,38692038ae03c56000c2f05f6ac2138f39c58f26eb588f9b8cfff14dcd20d855,NONE,YES,
CLM-0432,Forecast comparison,7 LightGBM Hog_office_Byron MAE,EXACT_RECOVERED,A,7,outputs/phase7/model_test_forecast_metrics.csv,row[29].MAE,Hog_office_Byron,,LightGBM,7 LightGBM Hog_office_Byron MAE,26.567510964558156,kW,,38692038ae03c56000c2f05f6ac2138f39c58f26eb588f9b8cfff14dcd20d855,NONE,YES,
CLM-0433,Forecast comparison,7 LightGBM Hog_office_Byron RMSE,EXACT_RECOVERED,A,7,outputs/phase7/model_test_forecast_metrics.csv,row[29].RMSE,Hog_office_Byron,,LightGBM,7 LightGBM Hog_office_Byron RMSE,44.34416903187631,kW,,38692038ae03c56000c2f05f6ac2138f39c58f26eb588f9b8cfff14dcd20d855,NONE,YES,
CLM-0434,Forecast comparison,7 LightGBM Hog_office_Byron MAPE,EXACT_RECOVERED,A,7,outputs/phase7/model_test_forecast_metrics.csv,row[29].MAPE,Hog_office_Byron,,LightGBM,7 LightGBM Hog_office_Byron MAPE,2.943478679797083,%,,38692038ae03c56000c2f05f6ac2138f39c58f26eb588f9b8cfff14dcd20d855,NONE,YES,
CLM-0435,Forecast comparison,7 LightGBM Hog_office_Byron bias,EXACT_RECOVERED,A,7,outputs/phase7/model_test_forecast_metrics.csv,row[29].bias,Hog_office_Byron,,LightGBM,7 LightGBM Hog_office_Byron bias,-4.381301021146597,dimensionless,,38692038ae03c56000c2f05f6ac2138f39c58f26eb588f9b8cfff14dcd20d855,NONE,YES,
CLM-0436,Forecast comparison,7 LightGBM Hog_office_Byron actual_p75,EXACT_RECOVERED,A,7,outputs/phase7/model_test_forecast_metrics.csv,row[29].actual_p75,Hog_office_Byron,,LightGBM,7 LightGBM Hog_office_Byron actual_p75,1041.28475,dimensionless,,38692038ae03c56000c2f05f6ac2138f39c58f26eb588f9b8cfff14dcd20d855,NONE,YES,
CLM-0437,Forecast comparison,7 LightGBM Hog_office_Byron peak_quartile_MAE,EXACT_RECOVERED,A,7,outputs/phase7/model_test_forecast_metrics.csv,row[29].peak_quartile_MAE,Hog_office_Byron,,LightGBM,7 LightGBM Hog_office_Byron peak_quartile_MAE,22.136409021757583,kW,,38692038ae03c56000c2f05f6ac2138f39c58f26eb588f9b8cfff14dcd20d855,NONE,YES,
CLM-0438,Forecast comparison,7 LightGBM Hog_office_Byron peak_quartile_bias,EXACT_RECOVERED,A,7,outputs/phase7/model_test_forecast_metrics.csv,row[29].peak_quartile_bias,Hog_office_Byron,,LightGBM,7 LightGBM Hog_office_Byron peak_quartile_bias,-6.36440476606941,kW,,38692038ae03c56000c2f05f6ac2138f39c58f26eb588f9b8cfff14dcd20d855,NONE,YES,
CLM-0439,Forecast comparison,7 LightGBM Hog_office_Byron daily_peak_hour_MAE,EXACT_RECOVERED,A,7,outputs/phase7/model_test_forecast_metrics.csv,row[29].daily_peak_hour_MAE,Hog_office_Byron,,LightGBM,7 LightGBM Hog_office_Byron daily_peak_hour_MAE,1.5666666666666667,kW,,38692038ae03c56000c2f05f6ac2138f39c58f26eb588f9b8cfff14dcd20d855,NONE,YES,
CLM-0440,Forecast comparison,7 LightGBM Hog_office_Byron daily_peak_hour_exact_rate,EXACT_RECOVERED,A,7,outputs/phase7/model_test_forecast_metrics.csv,row[29].daily_peak_hour_exact_rate,Hog_office_Byron,,LightGBM,7 LightGBM Hog_office_Byron daily_peak_hour_exact_rate,0.36666666666666664,kW,,38692038ae03c56000c2f05f6ac2138f39c58f26eb588f9b8cfff14dcd20d855,NONE,YES,
CLM-0441,Forecast comparison,7 LightGBM Hog_office_Byron daily_top3_overlap,EXACT_RECOVERED,A,7,outputs/phase7/model_test_forecast_metrics.csv,row[29].daily_top3_overlap,Hog_office_Byron,,LightGBM,7 LightGBM Hog_office_Byron daily_top3_overlap,0.6,dimensionless,,38692038ae03c56000c2f05f6ac2138f39c58f26eb588f9b8cfff14dcd20d855,NONE,YES,
CLM-0442,Forecast comparison,7 LightGBM Hog_office_Byron normalized_MAE,EXACT_RECOVERED,A,7,outputs/phase7/model_test_forecast_metrics.csv,row[29].normalized_MAE,Hog_office_Byron,,LightGBM,7 LightGBM Hog_office_Byron normalized_MAE,0.027880480493622094,dimensionless,,38692038ae03c56000c2f05f6ac2138f39c58f26eb588f9b8cfff14dcd20d855,NONE,YES,
CLM-0443,Forecast comparison,7 LightGBM Hog_office_Byron normalized_RMSE,EXACT_RECOVERED,A,7,outputs/phase7/model_test_forecast_metrics.csv,row[29].normalized_RMSE,Hog_office_Byron,,LightGBM,7 LightGBM Hog_office_Byron normalized_RMSE,0.04653566310176434,dimensionless,,38692038ae03c56000c2f05f6ac2138f39c58f26eb588f9b8cfff14dcd20d855,NONE,YES,
CLM-0444,Forecast comparison,7 XGBoost Hog_office_Byron MAE,EXACT_RECOVERED,A,7,outputs/phase7/model_test_forecast_metrics.csv,row[30].MAE,Hog_office_Byron,,XGBoost,7 XGBoost Hog_office_Byron MAE,25.513983532036672,kW,,38692038ae03c56000c2f05f6ac2138f39c58f26eb588f9b8cfff14dcd20d855,NONE,YES,
CLM-0445,Forecast comparison,7 XGBoost Hog_office_Byron RMSE,EXACT_RECOVERED,A,7,outputs/phase7/model_test_forecast_metrics.csv,row[30].RMSE,Hog_office_Byron,,XGBoost,7 XGBoost Hog_office_Byron RMSE,41.878907345938806,kW,,38692038ae03c56000c2f05f6ac2138f39c58f26eb588f9b8cfff14dcd20d855,NONE,YES,
CLM-0446,Forecast comparison,7 XGBoost Hog_office_Byron MAPE,EXACT_RECOVERED,A,7,outputs/phase7/model_test_forecast_metrics.csv,row[30].MAPE,Hog_office_Byron,,XGBoost,7 XGBoost Hog_office_Byron MAPE,2.8116703749969396,%,,38692038ae03c56000c2f05f6ac2138f39c58f26eb588f9b8cfff14dcd20d855,NONE,YES,
CLM-0447,Forecast comparison,7 XGBoost Hog_office_Byron bias,EXACT_RECOVERED,A,7,outputs/phase7/model_test_forecast_metrics.csv,row[30].bias,Hog_office_Byron,,XGBoost,7 XGBoost Hog_office_Byron bias,-2.328707109239366,dimensionless,,38692038ae03c56000c2f05f6ac2138f39c58f26eb588f9b8cfff14dcd20d855,NONE,YES,
CLM-0448,Forecast comparison,7 XGBoost Hog_office_Byron actual_p75,EXACT_RECOVERED,A,7,outputs/phase7/model_test_forecast_metrics.csv,row[30].actual_p75,Hog_office_Byron,,XGBoost,7 XGBoost Hog_office_Byron actual_p75,1041.28475,dimensionless,,38692038ae03c56000c2f05f6ac2138f39c58f26eb588f9b8cfff14dcd20d855,NONE,YES,
CLM-0449,Forecast comparison,7 XGBoost Hog_office_Byron peak_quartile_MAE,EXACT_RECOVERED,A,7,outputs/phase7/model_test_forecast_metrics.csv,row[30].peak_quartile_MAE,Hog_office_Byron,,XGBoost,7 XGBoost Hog_office_Byron peak_quartile_MAE,23.164124574110236,kW,,38692038ae03c56000c2f05f6ac2138f39c58f26eb588f9b8cfff14dcd20d855,NONE,YES,
CLM-0450,Forecast comparison,7 XGBoost Hog_office_Byron peak_quartile_bias,EXACT_RECOVERED,A,7,outputs/phase7/model_test_forecast_metrics.csv,row[30].peak_quartile_bias,Hog_office_Byron,,XGBoost,7 XGBoost Hog_office_Byron peak_quartile_bias,-4.640166197374132,kW,,38692038ae03c56000c2f05f6ac2138f39c58f26eb588f9b8cfff14dcd20d855,NONE,YES,
CLM-0451,Forecast comparison,7 XGBoost Hog_office_Byron daily_peak_hour_MAE,EXACT_RECOVERED,A,7,outputs/phase7/model_test_forecast_metrics.csv,row[30].daily_peak_hour_MAE,Hog_office_Byron,,XGBoost,7 XGBoost Hog_office_Byron daily_peak_hour_MAE,2.2,kW,,38692038ae03c56000c2f05f6ac2138f39c58f26eb588f9b8cfff14dcd20d855,NONE,YES,
CLM-0452,Forecast comparison,7 XGBoost Hog_office_Byron daily_peak_hour_exact_rate,EXACT_RECOVERED,A,7,outputs/phase7/model_test_forecast_metrics.csv,row[30].daily_peak_hour_exact_rate,Hog_office_Byron,,XGBoost,7 XGBoost Hog_office_Byron daily_peak_hour_exact_rate,0.16666666666666666,kW,,38692038ae03c56000c2f05f6ac2138f39c58f26eb588f9b8cfff14dcd20d855,NONE,YES,
CLM-0453,Forecast comparison,7 XGBoost Hog_office_Byron daily_top3_overlap,EXACT_RECOVERED,A,7,outputs/phase7/model_test_forecast_metrics.csv,row[30].daily_top3_overlap,Hog_office_Byron,,XGBoost,7 XGBoost Hog_office_Byron daily_top3_overlap,0.5777777777777777,dimensionless,,38692038ae03c56000c2f05f6ac2138f39c58f26eb588f9b8cfff14dcd20d855,NONE,YES,
CLM-0454,Forecast comparison,7 XGBoost Hog_office_Byron normalized_MAE,EXACT_RECOVERED,A,7,outputs/phase7/model_test_forecast_metrics.csv,row[30].normalized_MAE,Hog_office_Byron,,XGBoost,7 XGBoost Hog_office_Byron normalized_MAE,0.026774887610980763,dimensionless,,38692038ae03c56000c2f05f6ac2138f39c58f26eb588f9b8cfff14dcd20d855,NONE,YES,
CLM-0455,Forecast comparison,7 XGBoost Hog_office_Byron normalized_RMSE,EXACT_RECOVERED,A,7,outputs/phase7/model_test_forecast_metrics.csv,row[30].normalized_RMSE,Hog_office_Byron,,XGBoost,7 XGBoost Hog_office_Byron normalized_RMSE,0.04394856789220007,dimensionless,,38692038ae03c56000c2f05f6ac2138f39c58f26eb588f9b8cfff14dcd20d855,NONE,YES,
CLM-0456,Forecast comparison,7 CatBoost Hog_office_Byron MAE,EXACT_RECOVERED,A,7,outputs/phase7/model_test_forecast_metrics.csv,row[31].MAE,Hog_office_Byron,,CatBoost,7 CatBoost Hog_office_Byron MAE,24.20452531684977,kW,,38692038ae03c56000c2f05f6ac2138f39c58f26eb588f9b8cfff14dcd20d855,NONE,YES,
CLM-0457,Forecast comparison,7 CatBoost Hog_office_Byron RMSE,EXACT_RECOVERED,A,7,outputs/phase7/model_test_forecast_metrics.csv,row[31].RMSE,Hog_office_Byron,,CatBoost,7 CatBoost Hog_office_Byron RMSE,40.129979408338535,kW,,38692038ae03c56000c2f05f6ac2138f39c58f26eb588f9b8cfff14dcd20d855,NONE,YES,
CLM-0458,Forecast comparison,7 CatBoost Hog_office_Byron MAPE,EXACT_RECOVERED,A,7,outputs/phase7/model_test_forecast_metrics.csv,row[31].MAPE,Hog_office_Byron,,CatBoost,7 CatBoost Hog_office_Byron MAPE,2.629525899851623,%,,38692038ae03c56000c2f05f6ac2138f39c58f26eb588f9b8cfff14dcd20d855,NONE,YES,
CLM-0459,Forecast comparison,7 CatBoost Hog_office_Byron bias,EXACT_RECOVERED,A,7,outputs/phase7/model_test_forecast_metrics.csv,row[31].bias,Hog_office_Byron,,CatBoost,7 CatBoost Hog_office_Byron bias,-2.3177067885140046,dimensionless,,38692038ae03c56000c2f05f6ac2138f39c58f26eb588f9b8cfff14dcd20d855,NONE,YES,
CLM-0460,Forecast comparison,7 CatBoost Hog_office_Byron actual_p75,EXACT_RECOVERED,A,7,outputs/phase7/model_test_forecast_metrics.csv,row[31].actual_p75,Hog_office_Byron,,CatBoost,7 CatBoost Hog_office_Byron actual_p75,1041.28475,dimensionless,,38692038ae03c56000c2f05f6ac2138f39c58f26eb588f9b8cfff14dcd20d855,NONE,YES,
CLM-0461,Forecast comparison,7 CatBoost Hog_office_Byron peak_quartile_MAE,EXACT_RECOVERED,A,7,outputs/phase7/model_test_forecast_metrics.csv,row[31].peak_quartile_MAE,Hog_office_Byron,,CatBoost,7 CatBoost Hog_office_Byron peak_quartile_MAE,24.088617838062802,kW,,38692038ae03c56000c2f05f6ac2138f39c58f26eb588f9b8cfff14dcd20d855,NONE,YES,
CLM-0462,Forecast comparison,7 CatBoost Hog_office_Byron peak_quartile_bias,EXACT_RECOVERED,A,7,outputs/phase7/model_test_forecast_metrics.csv,row[31].peak_quartile_bias,Hog_office_Byron,,CatBoost,7 CatBoost Hog_office_Byron peak_quartile_bias,-8.316413776592803,kW,,38692038ae03c56000c2f05f6ac2138f39c58f26eb588f9b8cfff14dcd20d855,NONE,YES,
CLM-0463,Forecast comparison,7 CatBoost Hog_office_Byron daily_peak_hour_MAE,EXACT_RECOVERED,A,7,outputs/phase7/model_test_forecast_metrics.csv,row[31].daily_peak_hour_MAE,Hog_office_Byron,,CatBoost,7 CatBoost Hog_office_Byron daily_peak_hour_MAE,1.6666666666666667,kW,,38692038ae03c56000c2f05f6ac2138f39c58f26eb588f9b8cfff14dcd20d855,NONE,YES,
CLM-0464,Forecast comparison,7 CatBoost Hog_office_Byron daily_peak_hour_exact_rate,EXACT_RECOVERED,A,7,outputs/phase7/model_test_forecast_metrics.csv,row[31].daily_peak_hour_exact_rate,Hog_office_Byron,,CatBoost,7 CatBoost Hog_office_Byron daily_peak_hour_exact_rate,0.13333333333333333,kW,,38692038ae03c56000c2f05f6ac2138f39c58f26eb588f9b8cfff14dcd20d855,NONE,YES,
CLM-0465,Forecast comparison,7 CatBoost Hog_office_Byron daily_top3_overlap,EXACT_RECOVERED,A,7,outputs/phase7/model_test_forecast_metrics.csv,row[31].daily_top3_overlap,Hog_office_Byron,,CatBoost,7 CatBoost Hog_office_Byron daily_top3_overlap,0.5666666666666667,dimensionless,,38692038ae03c56000c2f05f6ac2138f39c58f26eb588f9b8cfff14dcd20d855,NONE,YES,
CLM-0466,Forecast comparison,7 CatBoost Hog_office_Byron normalized_MAE,EXACT_RECOVERED,A,7,outputs/phase7/model_test_forecast_metrics.csv,row[31].normalized_MAE,Hog_office_Byron,,CatBoost,7 CatBoost Hog_office_Byron normalized_MAE,0.025400715816173387,dimensionless,,38692038ae03c56000c2f05f6ac2138f39c58f26eb588f9b8cfff14dcd20d855,NONE,YES,
CLM-0467,Forecast comparison,7 CatBoost Hog_office_Byron normalized_RMSE,EXACT_RECOVERED,A,7,outputs/phase7/model_test_forecast_metrics.csv,row[31].normalized_RMSE,Hog_office_Byron,,CatBoost,7 CatBoost Hog_office_Byron normalized_RMSE,0.04211320772940335,dimensionless,,38692038ae03c56000c2f05f6ac2138f39c58f26eb588f9b8cfff14dcd20d855,NONE,YES,
CLM-0468,Decision-oriented evaluation,7 DayWeek Hog_office_Rolando no_battery_peak,EXACT_RECOVERED,A,7,outputs/phase7/model_test_decision_metrics.csv,row[0].no_battery_peak,Hog_office_Rolando,test,DayWeek,7 DayWeek Hog_office_Rolando no_battery_peak,483.0,kW,,8680b2eced090f2ef2e56d5ceecf3217eacc1958f23b0eff1aec07eff3499454,NONE,YES,
CLM-0469,Decision-oriented evaluation,7 DayWeek Hog_office_Rolando post_dispatch_peak,EXACT_RECOVERED,A,7,outputs/phase7/model_test_decision_metrics.csv,row[0].post_dispatch_peak,Hog_office_Rolando,test,DayWeek,7 DayWeek Hog_office_Rolando post_dispatch_peak,454.91008771929813,kW,,8680b2eced090f2ef2e56d5ceecf3217eacc1958f23b0eff1aec07eff3499454,NONE,YES,
CLM-0470,Decision-oriented evaluation,7 DayWeek Hog_office_Rolando absolute_peak_reduction,EXACT_RECOVERED,A,7,outputs/phase7/model_test_decision_metrics.csv,row[0].absolute_peak_reduction,Hog_office_Rolando,test,DayWeek,7 DayWeek Hog_office_Rolando absolute_peak_reduction,28.089912280701867,kW,,8680b2eced090f2ef2e56d5ceecf3217eacc1958f23b0eff1aec07eff3499454,NONE,YES,
CLM-0471,Decision-oriented evaluation,7 DayWeek Hog_office_Rolando peak_reduction_percentage,EXACT_RECOVERED,A,7,outputs/phase7/model_test_decision_metrics.csv,row[0].peak_reduction_percentage,Hog_office_Rolando,test,DayWeek,7 DayWeek Hog_office_Rolando peak_reduction_percentage,5.815716828302664,%,,8680b2eced090f2ef2e56d5ceecf3217eacc1958f23b0eff1aec07eff3499454,NONE,YES,
CLM-0472,Decision-oriented evaluation,7 DayWeek Hog_office_Rolando mean_daily_peak,EXACT_RECOVERED,A,7,outputs/phase7/model_test_decision_metrics.csv,row[0].mean_daily_peak,Hog_office_Rolando,test,DayWeek,7 DayWeek Hog_office_Rolando mean_daily_peak,431.60041443900246,kW,,8680b2eced090f2ef2e56d5ceecf3217eacc1958f23b0eff1aec07eff3499454,NONE,YES,
CLM-0473,Decision-oriented evaluation,7 DayWeek Hog_office_Rolando worst_10pct_daily_peak,EXACT_RECOVERED,A,7,outputs/phase7/model_test_decision_metrics.csv,row[0].worst_10pct_daily_peak,Hog_office_Rolando,test,DayWeek,7 DayWeek Hog_office_Rolando worst_10pct_daily_peak,452.64357997852863,%,,8680b2eced090f2ef2e56d5ceecf3217eacc1958f23b0eff1aec07eff3499454,NONE,YES,
CLM-0474,Decision-oriented evaluation,7 DayWeek Hog_office_Rolando mean_regret_vs_oracle,EXACT_RECOVERED,A,7,outputs/phase7/model_test_decision_metrics.csv,row[0].mean_regret_vs_oracle,Hog_office_Rolando,test,DayWeek,7 DayWeek Hog_office_Rolando mean_regret_vs_oracle,11.428630561867672,kW,,8680b2eced090f2ef2e56d5ceecf3217eacc1958f23b0eff1aec07eff3499454,NONE,YES,
CLM-0475,Decision-oriented evaluation,7 DayWeek Hog_office_Rolando p90_regret,EXACT_RECOVERED,A,7,outputs/phase7/model_test_decision_metrics.csv,row[0].p90_regret,Hog_office_Rolando,test,DayWeek,7 DayWeek Hog_office_Rolando p90_regret,18.421994551356327,kW,,8680b2eced090f2ef2e56d5ceecf3217eacc1958f23b0eff1aec07eff3499454,NONE,YES,
CLM-0476,Decision-oriented evaluation,7 DayWeek Hog_office_Rolando max_regret,EXACT_RECOVERED,A,7,outputs/phase7/model_test_decision_metrics.csv,row[0].max_regret,Hog_office_Rolando,test,DayWeek,7 DayWeek Hog_office_Rolando max_regret,32.172432697014244,kW,,8680b2eced090f2ef2e56d5ceecf3217eacc1958f23b0eff1aec07eff3499454,NONE,YES,
CLM-0477,Decision-oriented evaluation,7 DayWeek Hog_office_Rolando oracle_capture_ratio,EXACT_RECOVERED,A,7,outputs/phase7/model_test_decision_metrics.csv,row[0].oracle_capture_ratio,Hog_office_Rolando,test,DayWeek,7 DayWeek Hog_office_Rolando oracle_capture_ratio,0.204042779795491,dimensionless,,8680b2eced090f2ef2e56d5ceecf3217eacc1958f23b0eff1aec07eff3499454,NONE,YES,
CLM-0478,Decision-oriented evaluation,7 DayWeek Hog_office_Rolando battery_throughput,EXACT_RECOVERED,A,7,outputs/phase7/model_test_decision_metrics.csv,row[0].battery_throughput,Hog_office_Rolando,test,DayWeek,7 DayWeek Hog_office_Rolando battery_throughput,10560.169525554553,dimensionless,,8680b2eced090f2ef2e56d5ceecf3217eacc1958f23b0eff1aec07eff3499454,NONE,YES,
CLM-0479,Decision-oriented evaluation,7 DayWeek Hog_office_Rolando equivalent_full_cycles,EXACT_RECOVERED,A,7,outputs/phase7/model_test_decision_metrics.csv,row[0].equivalent_full_cycles,Hog_office_Rolando,test,DayWeek,7 DayWeek Hog_office_Rolando equivalent_full_cycles,6.826336190759098,dimensionless,,8680b2eced090f2ef2e56d5ceecf3217eacc1958f23b0eff1aec07eff3499454,NONE,YES,
CLM-0480,Decision-oriented evaluation,7 DayWeek Hog_office_Rolando paired_daily_better,EXACT_RECOVERED,A,7,outputs/phase7/model_test_decision_metrics.csv,row[0].paired_daily_better,Hog_office_Rolando,test,DayWeek,7 DayWeek Hog_office_Rolando paired_daily_better,0.0,dimensionless,,8680b2eced090f2ef2e56d5ceecf3217eacc1958f23b0eff1aec07eff3499454,NONE,YES,
CLM-0481,Decision-oriented evaluation,7 DayWeek Hog_office_Rolando paired_daily_equal,EXACT_RECOVERED,A,7,outputs/phase7/model_test_decision_metrics.csv,row[0].paired_daily_equal,Hog_office_Rolando,test,DayWeek,7 DayWeek Hog_office_Rolando paired_daily_equal,30.0,dimensionless,,8680b2eced090f2ef2e56d5ceecf3217eacc1958f23b0eff1aec07eff3499454,NONE,YES,
CLM-0482,Decision-oriented evaluation,7 DayWeek Hog_office_Rolando paired_daily_worse,EXACT_RECOVERED,A,7,outputs/phase7/model_test_decision_metrics.csv,row[0].paired_daily_worse,Hog_office_Rolando,test,DayWeek,7 DayWeek Hog_office_Rolando paired_daily_worse,0.0,dimensionless,,8680b2eced090f2ef2e56d5ceecf3217eacc1958f23b0eff1aec07eff3499454,NONE,YES,
CLM-0483,Decision-oriented evaluation,7 LightGBM Hog_office_Rolando no_battery_peak,EXACT_RECOVERED,A,7,outputs/phase7/model_test_decision_metrics.csv,row[1].no_battery_peak,Hog_office_Rolando,test,LightGBM,7 LightGBM Hog_office_Rolando no_battery_peak,483.0,kW,,8680b2eced090f2ef2e56d5ceecf3217eacc1958f23b0eff1aec07eff3499454,NONE,YES,
CLM-0484,Decision-oriented evaluation,7 LightGBM Hog_office_Rolando post_dispatch_peak,EXACT_RECOVERED,A,7,outputs/phase7/model_test_decision_metrics.csv,row[1].post_dispatch_peak,Hog_office_Rolando,test,LightGBM,7 LightGBM Hog_office_Rolando post_dispatch_peak,453.80183920814187,kW,,8680b2eced090f2ef2e56d5ceecf3217eacc1958f23b0eff1aec07eff3499454,NONE,YES,
CLM-0485,Decision-oriented evaluation,7 LightGBM Hog_office_Rolando absolute_peak_reduction,EXACT_RECOVERED,A,7,outputs/phase7/model_test_decision_metrics.csv,row[1].absolute_peak_reduction,Hog_office_Rolando,test,LightGBM,7 LightGBM Hog_office_Rolando absolute_peak_reduction,29.19816079185813,kW,,8680b2eced090f2ef2e56d5ceecf3217eacc1958f23b0eff1aec07eff3499454,NONE,YES,
CLM-0486,Decision-oriented evaluation,7 LightGBM Hog_office_Rolando peak_reduction_percentage,EXACT_RECOVERED,A,7,outputs/phase7/model_test_decision_metrics.csv,row[1].peak_reduction_percentage,Hog_office_Rolando,test,LightGBM,7 LightGBM Hog_office_Rolando peak_reduction_percentage,6.045167865809136,%,,8680b2eced090f2ef2e56d5ceecf3217eacc1958f23b0eff1aec07eff3499454,NONE,YES,
CLM-0487,Decision-oriented evaluation,7 LightGBM Hog_office_Rolando mean_daily_peak,EXACT_RECOVERED,A,7,outputs/phase7/model_test_decision_metrics.csv,row[1].mean_daily_peak,Hog_office_Rolando,test,LightGBM,7 LightGBM Hog_office_Rolando mean_daily_peak,431.2991558056665,kW,,8680b2eced090f2ef2e56d5ceecf3217eacc1958f23b0eff1aec07eff3499454,NONE,YES,
CLM-0488,Decision-oriented evaluation,7 LightGBM Hog_office_Rolando worst_10pct_daily_peak,EXACT_RECOVERED,A,7,outputs/phase7/model_test_decision_metrics.csv,row[1].worst_10pct_daily_peak,Hog_office_Rolando,test,LightGBM,7 LightGBM Hog_office_Rolando worst_10pct_daily_peak,453.0816582496503,%,,8680b2eced090f2ef2e56d5ceecf3217eacc1958f23b0eff1aec07eff3499454,NONE,YES,
CLM-0489,Decision-oriented evaluation,7 LightGBM Hog_office_Rolando mean_regret_vs_oracle,EXACT_RECOVERED,A,7,outputs/phase7/model_test_decision_metrics.csv,row[1].mean_regret_vs_oracle,Hog_office_Rolando,test,LightGBM,7 LightGBM Hog_office_Rolando mean_regret_vs_oracle,11.127371928531794,kW,,8680b2eced090f2ef2e56d5ceecf3217eacc1958f23b0eff1aec07eff3499454,NONE,YES,
CLM-0490,Decision-oriented evaluation,7 LightGBM Hog_office_Rolando p90_regret,EXACT_RECOVERED,A,7,outputs/phase7/model_test_decision_metrics.csv,row[1].p90_regret,Hog_office_Rolando,test,LightGBM,7 LightGBM Hog_office_Rolando p90_regret,17.071824054570207,kW,,8680b2eced090f2ef2e56d5ceecf3217eacc1958f23b0eff1aec07eff3499454,NONE,YES,
CLM-0491,Decision-oriented evaluation,7 LightGBM Hog_office_Rolando max_regret,EXACT_RECOVERED,A,7,outputs/phase7/model_test_decision_metrics.csv,row[1].max_regret,Hog_office_Rolando,test,LightGBM,7 LightGBM Hog_office_Rolando max_regret,28.59011896170307,kW,,8680b2eced090f2ef2e56d5ceecf3217eacc1958f23b0eff1aec07eff3499454,NONE,YES,
CLM-0492,Decision-oriented evaluation,7 LightGBM Hog_office_Rolando oracle_capture_ratio,EXACT_RECOVERED,A,7,outputs/phase7/model_test_decision_metrics.csv,row[1].oracle_capture_ratio,Hog_office_Rolando,test,LightGBM,7 LightGBM Hog_office_Rolando oracle_capture_ratio,0.18091394313343964,dimensionless,,8680b2eced090f2ef2e56d5ceecf3217eacc1958f23b0eff1aec07eff3499454,NONE,YES,
CLM-0493,Decision-oriented evaluation,7 LightGBM Hog_office_Rolando battery_throughput,EXACT_RECOVERED,A,7,outputs/phase7/model_test_decision_metrics.csv,row[1].battery_throughput,Hog_office_Rolando,test,LightGBM,7 LightGBM Hog_office_Rolando battery_throughput,8762.38098313647,dimensionless,,8680b2eced090f2ef2e56d5ceecf3217eacc1958f23b0eff1aec07eff3499454,NONE,YES,
CLM-0494,Decision-oriented evaluation,7 LightGBM Hog_office_Rolando equivalent_full_cycles,EXACT_RECOVERED,A,7,outputs/phase7/model_test_decision_metrics.csv,row[1].equivalent_full_cycles,Hog_office_Rolando,test,LightGBM,7 LightGBM Hog_office_Rolando equivalent_full_cycles,5.664204374528037,dimensionless,,8680b2eced090f2ef2e56d5ceecf3217eacc1958f23b0eff1aec07eff3499454,NONE,YES,
CLM-0495,Decision-oriented evaluation,7 LightGBM Hog_office_Rolando paired_daily_better,EXACT_RECOVERED,A,7,outputs/phase7/model_test_decision_metrics.csv,row[1].paired_daily_better,Hog_office_Rolando,test,LightGBM,7 LightGBM Hog_office_Rolando paired_daily_better,15.0,dimensionless,,8680b2eced090f2ef2e56d5ceecf3217eacc1958f23b0eff1aec07eff3499454,NONE,YES,
CLM-0496,Decision-oriented evaluation,7 LightGBM Hog_office_Rolando paired_daily_equal,EXACT_RECOVERED,A,7,outputs/phase7/model_test_decision_metrics.csv,row[1].paired_daily_equal,Hog_office_Rolando,test,LightGBM,7 LightGBM Hog_office_Rolando paired_daily_equal,0.0,dimensionless,,8680b2eced090f2ef2e56d5ceecf3217eacc1958f23b0eff1aec07eff3499454,NONE,YES,
CLM-0497,Decision-oriented evaluation,7 LightGBM Hog_office_Rolando paired_daily_worse,EXACT_RECOVERED,A,7,outputs/phase7/model_test_decision_metrics.csv,row[1].paired_daily_worse,Hog_office_Rolando,test,LightGBM,7 LightGBM Hog_office_Rolando paired_daily_worse,15.0,dimensionless,,8680b2eced090f2ef2e56d5ceecf3217eacc1958f23b0eff1aec07eff3499454,NONE,YES,
CLM-0498,Decision-oriented evaluation,7 XGBoost Hog_office_Rolando no_battery_peak,EXACT_RECOVERED,A,7,outputs/phase7/model_test_decision_metrics.csv,row[2].no_battery_peak,Hog_office_Rolando,test,XGBoost,7 XGBoost Hog_office_Rolando no_battery_peak,483.0,kW,,8680b2eced090f2ef2e56d5ceecf3217eacc1958f23b0eff1aec07eff3499454,NONE,YES,
CLM-0499,Decision-oriented evaluation,7 XGBoost Hog_office_Rolando post_dispatch_peak,EXACT_RECOVERED,A,7,outputs/phase7/model_test_decision_metrics.csv,row[2].post_dispatch_peak,Hog_office_Rolando,test,XGBoost,7 XGBoost Hog_office_Rolando post_dispatch_peak,452.5104566397645,kW,,8680b2eced090f2ef2e56d5ceecf3217eacc1958f23b0eff1aec07eff3499454,NONE,YES,
CLM-0500,Decision-oriented evaluation,7 XGBoost Hog_office_Rolando absolute_peak_reduction,EXACT_RECOVERED,A,7,outputs/phase7/model_test_decision_metrics.csv,row[2].absolute_peak_reduction,Hog_office_Rolando,test,XGBoost,7 XGBoost Hog_office_Rolando absolute_peak_reduction,30.489543360235473,kW,,8680b2eced090f2ef2e56d5ceecf3217eacc1958f23b0eff1aec07eff3499454,NONE,YES,
CLM-0501,Decision-oriented evaluation,7 XGBoost Hog_office_Rolando peak_reduction_percentage,EXACT_RECOVERED,A,7,outputs/phase7/model_test_decision_metrics.csv,row[2].peak_reduction_percentage,Hog_office_Rolando,test,XGBoost,7 XGBoost Hog_office_Rolando peak_reduction_percentage,6.31253485719161,%,,8680b2eced090f2ef2e56d5ceecf3217eacc1958f23b0eff1aec07eff3499454,NONE,YES,
CLM-0502,Decision-oriented evaluation,7 XGBoost Hog_office_Rolando mean_daily_peak,EXACT_RECOVERED,A,7,outputs/phase7/model_test_decision_metrics.csv,row[2].mean_daily_peak,Hog_office_Rolando,test,XGBoost,7 XGBoost Hog_office_Rolando mean_daily_peak,431.24087289262604,kW,,8680b2eced090f2ef2e56d5ceecf3217eacc1958f23b0eff1aec07eff3499454,NONE,YES,
CLM-0503,Decision-oriented evaluation,7 XGBoost Hog_office_Rolando worst_10pct_daily_peak,EXACT_RECOVERED,A,7,outputs/phase7/model_test_decision_metrics.csv,row[2].worst_10pct_daily_peak,Hog_office_Rolando,test,XGBoost,7 XGBoost Hog_office_Rolando worst_10pct_daily_peak,452.1857783119637,%,,8680b2eced090f2ef2e56d5ceecf3217eacc1958f23b0eff1aec07eff3499454,NONE,YES,
CLM-0504,Decision-oriented evaluation,7 XGBoost Hog_office_Rolando mean_regret_vs_oracle,EXACT_RECOVERED,A,7,outputs/phase7/model_test_decision_metrics.csv,row[2].mean_regret_vs_oracle,Hog_office_Rolando,test,XGBoost,7 XGBoost Hog_office_Rolando mean_regret_vs_oracle,11.069089015491304,kW,,8680b2eced090f2ef2e56d5ceecf3217eacc1958f23b0eff1aec07eff3499454,NONE,YES,
CLM-0505,Decision-oriented evaluation,7 XGBoost Hog_office_Rolando p90_regret,EXACT_RECOVERED,A,7,outputs/phase7/model_test_decision_metrics.csv,row[2].p90_regret,Hog_office_Rolando,test,XGBoost,7 XGBoost Hog_office_Rolando p90_regret,15.661769056540473,kW,,8680b2eced090f2ef2e56d5ceecf3217eacc1958f23b0eff1aec07eff3499454,NONE,YES,
CLM-0506,Decision-oriented evaluation,7 XGBoost Hog_office_Rolando max_regret,EXACT_RECOVERED,A,7,outputs/phase7/model_test_decision_metrics.csv,row[2].max_regret,Hog_office_Rolando,test,XGBoost,7 XGBoost Hog_office_Rolando max_regret,28.246259154974723,kW,,8680b2eced090f2ef2e56d5ceecf3217eacc1958f23b0eff1aec07eff3499454,NONE,YES,
CLM-0507,Decision-oriented evaluation,7 XGBoost Hog_office_Rolando oracle_capture_ratio,EXACT_RECOVERED,A,7,outputs/phase7/model_test_decision_metrics.csv,row[2].oracle_capture_ratio,Hog_office_Rolando,test,XGBoost,7 XGBoost Hog_office_Rolando oracle_capture_ratio,0.1560048769876686,dimensionless,,8680b2eced090f2ef2e56d5ceecf3217eacc1958f23b0eff1aec07eff3499454,NONE,YES,
CLM-0508,Decision-oriented evaluation,7 XGBoost Hog_office_Rolando battery_throughput,EXACT_RECOVERED,A,7,outputs/phase7/model_test_decision_metrics.csv,row[2].battery_throughput,Hog_office_Rolando,test,XGBoost,7 XGBoost Hog_office_Rolando battery_throughput,9098.798672346504,dimensionless,,8680b2eced090f2ef2e56d5ceecf3217eacc1958f23b0eff1aec07eff3499454,NONE,YES,
CLM-0509,Decision-oriented evaluation,7 XGBoost Hog_office_Rolando equivalent_full_cycles,EXACT_RECOVERED,A,7,outputs/phase7/model_test_decision_metrics.csv,row[2].equivalent_full_cycles,Hog_office_Rolando,test,XGBoost,7 XGBoost Hog_office_Rolando equivalent_full_cycles,5.8816724976967745,dimensionless,,8680b2eced090f2ef2e56d5ceecf3217eacc1958f23b0eff1aec07eff3499454,NONE,YES,
CLM-0510,Decision-oriented evaluation,7 XGBoost Hog_office_Rolando paired_daily_better,EXACT_RECOVERED,A,7,outputs/phase7/model_test_decision_metrics.csv,row[2].paired_daily_better,Hog_office_Rolando,test,XGBoost,7 XGBoost Hog_office_Rolando paired_daily_better,15.0,dimensionless,,8680b2eced090f2ef2e56d5ceecf3217eacc1958f23b0eff1aec07eff3499454,NONE,YES,
CLM-0511,Decision-oriented evaluation,7 XGBoost Hog_office_Rolando paired_daily_equal,EXACT_RECOVERED,A,7,outputs/phase7/model_test_decision_metrics.csv,row[2].paired_daily_equal,Hog_office_Rolando,test,XGBoost,7 XGBoost Hog_office_Rolando paired_daily_equal,0.0,dimensionless,,8680b2eced090f2ef2e56d5ceecf3217eacc1958f23b0eff1aec07eff3499454,NONE,YES,
CLM-0512,Decision-oriented evaluation,7 XGBoost Hog_office_Rolando paired_daily_worse,EXACT_RECOVERED,A,7,outputs/phase7/model_test_decision_metrics.csv,row[2].paired_daily_worse,Hog_office_Rolando,test,XGBoost,7 XGBoost Hog_office_Rolando paired_daily_worse,15.0,dimensionless,,8680b2eced090f2ef2e56d5ceecf3217eacc1958f23b0eff1aec07eff3499454,NONE,YES,
CLM-0513,Decision-oriented evaluation,7 CatBoost Hog_office_Rolando no_battery_peak,EXACT_RECOVERED,A,7,outputs/phase7/model_test_decision_metrics.csv,row[3].no_battery_peak,Hog_office_Rolando,test,CatBoost,7 CatBoost Hog_office_Rolando no_battery_peak,483.0,kW,,8680b2eced090f2ef2e56d5ceecf3217eacc1958f23b0eff1aec07eff3499454,NONE,YES,
CLM-0514,Decision-oriented evaluation,7 CatBoost Hog_office_Rolando post_dispatch_peak,EXACT_RECOVERED,A,7,outputs/phase7/model_test_decision_metrics.csv,row[3].post_dispatch_peak,Hog_office_Rolando,test,CatBoost,7 CatBoost Hog_office_Rolando post_dispatch_peak,456.16538086501487,kW,,8680b2eced090f2ef2e56d5ceecf3217eacc1958f23b0eff1aec07eff3499454,NONE,YES,
CLM-0515,Decision-oriented evaluation,7 CatBoost Hog_office_Rolando absolute_peak_reduction,EXACT_RECOVERED,A,7,outputs/phase7/model_test_decision_metrics.csv,row[3].absolute_peak_reduction,Hog_office_Rolando,test,CatBoost,7 CatBoost Hog_office_Rolando absolute_peak_reduction,26.834619134985132,kW,,8680b2eced090f2ef2e56d5ceecf3217eacc1958f23b0eff1aec07eff3499454,NONE,YES,
CLM-0516,Decision-oriented evaluation,7 CatBoost Hog_office_Rolando peak_reduction_percentage,EXACT_RECOVERED,A,7,outputs/phase7/model_test_decision_metrics.csv,row[3].peak_reduction_percentage,Hog_office_Rolando,test,CatBoost,7 CatBoost Hog_office_Rolando peak_reduction_percentage,5.555821767077667,%,,8680b2eced090f2ef2e56d5ceecf3217eacc1958f23b0eff1aec07eff3499454,NONE,YES,
CLM-0517,Decision-oriented evaluation,7 CatBoost Hog_office_Rolando mean_daily_peak,EXACT_RECOVERED,A,7,outputs/phase7/model_test_decision_metrics.csv,row[3].mean_daily_peak,Hog_office_Rolando,test,CatBoost,7 CatBoost Hog_office_Rolando mean_daily_peak,431.6295882143274,kW,,8680b2eced090f2ef2e56d5ceecf3217eacc1958f23b0eff1aec07eff3499454,NONE,YES,
CLM-0518,Decision-oriented evaluation,7 CatBoost Hog_office_Rolando worst_10pct_daily_peak,EXACT_RECOVERED,A,7,outputs/phase7/model_test_decision_metrics.csv,row[3].worst_10pct_daily_peak,Hog_office_Rolando,test,CatBoost,7 CatBoost Hog_office_Rolando worst_10pct_daily_peak,453.9681084483904,%,,8680b2eced090f2ef2e56d5ceecf3217eacc1958f23b0eff1aec07eff3499454,NONE,YES,
CLM-0519,Decision-oriented evaluation,7 CatBoost Hog_office_Rolando mean_regret_vs_oracle,EXACT_RECOVERED,A,7,outputs/phase7/model_test_decision_metrics.csv,row[3].mean_regret_vs_oracle,Hog_office_Rolando,test,CatBoost,7 CatBoost Hog_office_Rolando mean_regret_vs_oracle,11.457804337192526,kW,,8680b2eced090f2ef2e56d5ceecf3217eacc1958f23b0eff1aec07eff3499454,NONE,YES,
CLM-0520,Decision-oriented evaluation,7 CatBoost Hog_office_Rolando p90_regret,EXACT_RECOVERED,A,7,outputs/phase7/model_test_decision_metrics.csv,row[3].p90_regret,Hog_office_Rolando,test,CatBoost,7 CatBoost Hog_office_Rolando p90_regret,16.26524539354879,kW,,8680b2eced090f2ef2e56d5ceecf3217eacc1958f23b0eff1aec07eff3499454,NONE,YES,
CLM-0521,Decision-oriented evaluation,7 CatBoost Hog_office_Rolando max_regret,EXACT_RECOVERED,A,7,outputs/phase7/model_test_decision_metrics.csv,row[3].max_regret,Hog_office_Rolando,test,CatBoost,7 CatBoost Hog_office_Rolando max_regret,27.75915183524569,kW,,8680b2eced090f2ef2e56d5ceecf3217eacc1958f23b0eff1aec07eff3499454,NONE,YES,
CLM-0522,Decision-oriented evaluation,7 CatBoost Hog_office_Rolando oracle_capture_ratio,EXACT_RECOVERED,A,7,outputs/phase7/model_test_decision_metrics.csv,row[3].oracle_capture_ratio,Hog_office_Rolando,test,CatBoost,7 CatBoost Hog_office_Rolando oracle_capture_ratio,0.17690636237724336,dimensionless,,8680b2eced090f2ef2e56d5ceecf3217eacc1958f23b0eff1aec07eff3499454,NONE,YES,
CLM-0523,Decision-oriented evaluation,7 CatBoost Hog_office_Rolando battery_throughput,EXACT_RECOVERED,A,7,outputs/phase7/model_test_decision_metrics.csv,row[3].battery_throughput,Hog_office_Rolando,test,CatBoost,7 CatBoost Hog_office_Rolando battery_throughput,8789.68346096238,dimensionless,,8680b2eced090f2ef2e56d5ceecf3217eacc1958f23b0eff1aec07eff3499454,NONE,YES,
CLM-0524,Decision-oriented evaluation,7 CatBoost Hog_office_Rolando equivalent_full_cycles,EXACT_RECOVERED,A,7,outputs/phase7/model_test_decision_metrics.csv,row[3].equivalent_full_cycles,Hog_office_Rolando,test,CatBoost,7 CatBoost Hog_office_Rolando equivalent_full_cycles,5.681853323442104,dimensionless,,8680b2eced090f2ef2e56d5ceecf3217eacc1958f23b0eff1aec07eff3499454,NONE,YES,
CLM-0525,Decision-oriented evaluation,7 CatBoost Hog_office_Rolando paired_daily_better,EXACT_RECOVERED,A,7,outputs/phase7/model_test_decision_metrics.csv,row[3].paired_daily_better,Hog_office_Rolando,test,CatBoost,7 CatBoost Hog_office_Rolando paired_daily_better,17.0,dimensionless,,8680b2eced090f2ef2e56d5ceecf3217eacc1958f23b0eff1aec07eff3499454,NONE,YES,
CLM-0526,Decision-oriented evaluation,7 CatBoost Hog_office_Rolando paired_daily_equal,EXACT_RECOVERED,A,7,outputs/phase7/model_test_decision_metrics.csv,row[3].paired_daily_equal,Hog_office_Rolando,test,CatBoost,7 CatBoost Hog_office_Rolando paired_daily_equal,0.0,dimensionless,,8680b2eced090f2ef2e56d5ceecf3217eacc1958f23b0eff1aec07eff3499454,NONE,YES,
CLM-0527,Decision-oriented evaluation,7 CatBoost Hog_office_Rolando paired_daily_worse,EXACT_RECOVERED,A,7,outputs/phase7/model_test_decision_metrics.csv,row[3].paired_daily_worse,Hog_office_Rolando,test,CatBoost,7 CatBoost Hog_office_Rolando paired_daily_worse,13.0,dimensionless,,8680b2eced090f2ef2e56d5ceecf3217eacc1958f23b0eff1aec07eff3499454,NONE,YES,
CLM-0528,Decision-oriented evaluation,7 DayWeek Hog_office_Lavon no_battery_peak,EXACT_RECOVERED,A,7,outputs/phase7/model_test_decision_metrics.csv,row[4].no_battery_peak,Hog_office_Lavon,test,DayWeek,7 DayWeek Hog_office_Lavon no_battery_peak,19.192,kW,,8680b2eced090f2ef2e56d5ceecf3217eacc1958f23b0eff1aec07eff3499454,NONE,YES,
CLM-0529,Decision-oriented evaluation,7 DayWeek Hog_office_Lavon post_dispatch_peak,EXACT_RECOVERED,A,7,outputs/phase7/model_test_decision_metrics.csv,row[4].post_dispatch_peak,Hog_office_Lavon,test,DayWeek,7 DayWeek Hog_office_Lavon post_dispatch_peak,18.90800652173914,kW,,8680b2eced090f2ef2e56d5ceecf3217eacc1958f23b0eff1aec07eff3499454,NONE,YES,
CLM-0530,Decision-oriented evaluation,7 DayWeek Hog_office_Lavon absolute_peak_reduction,EXACT_RECOVERED,A,7,outputs/phase7/model_test_decision_metrics.csv,row[4].absolute_peak_reduction,Hog_office_Lavon,test,DayWeek,7 DayWeek Hog_office_Lavon absolute_peak_reduction,0.28399347826086085,kW,,8680b2eced090f2ef2e56d5ceecf3217eacc1958f23b0eff1aec07eff3499454,NONE,YES,
CLM-0531,Decision-oriented evaluation,7 DayWeek Hog_office_Lavon peak_reduction_percentage,EXACT_RECOVERED,A,7,outputs/phase7/model_test_decision_metrics.csv,row[4].peak_reduction_percentage,Hog_office_Lavon,test,DayWeek,7 DayWeek Hog_office_Lavon peak_reduction_percentage,1.4797492614675951,%,,8680b2eced090f2ef2e56d5ceecf3217eacc1958f23b0eff1aec07eff3499454,NONE,YES,
CLM-0532,Decision-oriented evaluation,7 DayWeek Hog_office_Lavon mean_daily_peak,EXACT_RECOVERED,A,7,outputs/phase7/model_test_decision_metrics.csv,row[4].mean_daily_peak,Hog_office_Lavon,test,DayWeek,7 DayWeek Hog_office_Lavon mean_daily_peak,15.65111823437829,kW,,8680b2eced090f2ef2e56d5ceecf3217eacc1958f23b0eff1aec07eff3499454,NONE,YES,
CLM-0533,Decision-oriented evaluation,7 DayWeek Hog_office_Lavon worst_10pct_daily_peak,EXACT_RECOVERED,A,7,outputs/phase7/model_test_decision_metrics.csv,row[4].worst_10pct_daily_peak,Hog_office_Lavon,test,DayWeek,7 DayWeek Hog_office_Lavon worst_10pct_daily_peak,18.568389119559985,%,,8680b2eced090f2ef2e56d5ceecf3217eacc1958f23b0eff1aec07eff3499454,NONE,YES,
CLM-0534,Decision-oriented evaluation,7 DayWeek Hog_office_Lavon mean_regret_vs_oracle,EXACT_RECOVERED,A,7,outputs/phase7/model_test_decision_metrics.csv,row[4].mean_regret_vs_oracle,Hog_office_Lavon,test,DayWeek,7 DayWeek Hog_office_Lavon mean_regret_vs_oracle,3.5933695765587657,kW,,8680b2eced090f2ef2e56d5ceecf3217eacc1958f23b0eff1aec07eff3499454,NONE,YES,
CLM-0535,Decision-oriented evaluation,7 DayWeek Hog_office_Lavon p90_regret,EXACT_RECOVERED,A,7,outputs/phase7/model_test_decision_metrics.csv,row[4].p90_regret,Hog_office_Lavon,test,DayWeek,7 DayWeek Hog_office_Lavon p90_regret,6.163925364511197,kW,,8680b2eced090f2ef2e56d5ceecf3217eacc1958f23b0eff1aec07eff3499454,NONE,YES,
CLM-0536,Decision-oriented evaluation,7 DayWeek Hog_office_Lavon max_regret,EXACT_RECOVERED,A,7,outputs/phase7/model_test_decision_metrics.csv,row[4].max_regret,Hog_office_Lavon,test,DayWeek,7 DayWeek Hog_office_Lavon max_regret,7.482843961352653,kW,,8680b2eced090f2ef2e56d5ceecf3217eacc1958f23b0eff1aec07eff3499454,NONE,YES,
CLM-0537,Decision-oriented evaluation,7 DayWeek Hog_office_Lavon oracle_capture_ratio,EXACT_RECOVERED,A,7,outputs/phase7/model_test_decision_metrics.csv,row[4].oracle_capture_ratio,Hog_office_Lavon,test,DayWeek,7 DayWeek Hog_office_Lavon oracle_capture_ratio,-0.12636612378092166,dimensionless,,8680b2eced090f2ef2e56d5ceecf3217eacc1958f23b0eff1aec07eff3499454,NONE,YES,
CLM-0538,Decision-oriented evaluation,7 DayWeek Hog_office_Lavon battery_throughput,EXACT_RECOVERED,A,7,outputs/phase7/model_test_decision_metrics.csv,row[4].battery_throughput,Hog_office_Lavon,test,DayWeek,7 DayWeek Hog_office_Lavon battery_throughput,923.1554462949765,dimensionless,,8680b2eced090f2ef2e56d5ceecf3217eacc1958f23b0eff1aec07eff3499454,NONE,YES,
CLM-0539,Decision-oriented evaluation,7 DayWeek Hog_office_Lavon equivalent_full_cycles,EXACT_RECOVERED,A,7,outputs/phase7/model_test_decision_metrics.csv,row[4].equivalent_full_cycles,Hog_office_Lavon,test,DayWeek,7 DayWeek Hog_office_Lavon equivalent_full_cycles,0.6124364874532854,dimensionless,,8680b2eced090f2ef2e56d5ceecf3217eacc1958f23b0eff1aec07eff3499454,NONE,YES,
CLM-0540,Decision-oriented evaluation,7 DayWeek Hog_office_Lavon paired_daily_better,EXACT_RECOVERED,A,7,outputs/phase7/model_test_decision_metrics.csv,row[4].paired_daily_better,Hog_office_Lavon,test,DayWeek,7 DayWeek Hog_office_Lavon paired_daily_better,0.0,dimensionless,,8680b2eced090f2ef2e56d5ceecf3217eacc1958f23b0eff1aec07eff3499454,NONE,YES,
CLM-0541,Decision-oriented evaluation,7 DayWeek Hog_office_Lavon paired_daily_equal,EXACT_RECOVERED,A,7,outputs/phase7/model_test_decision_metrics.csv,row[4].paired_daily_equal,Hog_office_Lavon,test,DayWeek,7 DayWeek Hog_office_Lavon paired_daily_equal,30.0,dimensionless,,8680b2eced090f2ef2e56d5ceecf3217eacc1958f23b0eff1aec07eff3499454,NONE,YES,
CLM-0542,Decision-oriented evaluation,7 DayWeek Hog_office_Lavon paired_daily_worse,EXACT_RECOVERED,A,7,outputs/phase7/model_test_decision_metrics.csv,row[4].paired_daily_worse,Hog_office_Lavon,test,DayWeek,7 DayWeek Hog_office_Lavon paired_daily_worse,0.0,dimensionless,,8680b2eced090f2ef2e56d5ceecf3217eacc1958f23b0eff1aec07eff3499454,NONE,YES,
CLM-0543,Decision-oriented evaluation,7 LightGBM Hog_office_Lavon no_battery_peak,EXACT_RECOVERED,A,7,outputs/phase7/model_test_decision_metrics.csv,row[5].no_battery_peak,Hog_office_Lavon,test,LightGBM,7 LightGBM Hog_office_Lavon no_battery_peak,19.192,kW,,8680b2eced090f2ef2e56d5ceecf3217eacc1958f23b0eff1aec07eff3499454,NONE,YES,
CLM-0544,Decision-oriented evaluation,7 LightGBM Hog_office_Lavon post_dispatch_peak,EXACT_RECOVERED,A,7,outputs/phase7/model_test_decision_metrics.csv,row[5].post_dispatch_peak,Hog_office_Lavon,test,LightGBM,7 LightGBM Hog_office_Lavon post_dispatch_peak,27.097590099287032,kW,,8680b2eced090f2ef2e56d5ceecf3217eacc1958f23b0eff1aec07eff3499454,NONE,YES,
CLM-0545,Decision-oriented evaluation,7 LightGBM Hog_office_Lavon absolute_peak_reduction,EXACT_RECOVERED,A,7,outputs/phase7/model_test_decision_metrics.csv,row[5].absolute_peak_reduction,Hog_office_Lavon,test,LightGBM,7 LightGBM Hog_office_Lavon absolute_peak_reduction,-7.905590099287032,kW,,8680b2eced090f2ef2e56d5ceecf3217eacc1958f23b0eff1aec07eff3499454,NONE,YES,
CLM-0546,Decision-oriented evaluation,7 LightGBM Hog_office_Lavon peak_reduction_percentage,EXACT_RECOVERED,A,7,outputs/phase7/model_test_decision_metrics.csv,row[5].peak_reduction_percentage,Hog_office_Lavon,test,LightGBM,7 LightGBM Hog_office_Lavon peak_reduction_percentage,-41.192111813709005,%,,8680b2eced090f2ef2e56d5ceecf3217eacc1958f23b0eff1aec07eff3499454,NONE,YES,
CLM-0547,Decision-oriented evaluation,7 LightGBM Hog_office_Lavon mean_daily_peak,EXACT_RECOVERED,A,7,outputs/phase7/model_test_decision_metrics.csv,row[5].mean_daily_peak,Hog_office_Lavon,test,LightGBM,7 LightGBM Hog_office_Lavon mean_daily_peak,17.622390689980172,kW,,8680b2eced090f2ef2e56d5ceecf3217eacc1958f23b0eff1aec07eff3499454,NONE,YES,
CLM-0548,Decision-oriented evaluation,7 LightGBM Hog_office_Lavon worst_10pct_daily_peak,EXACT_RECOVERED,A,7,outputs/phase7/model_test_decision_metrics.csv,row[5].worst_10pct_daily_peak,Hog_office_Lavon,test,LightGBM,7 LightGBM Hog_office_Lavon worst_10pct_daily_peak,23.803711741403415,%,,8680b2eced090f2ef2e56d5ceecf3217eacc1958f23b0eff1aec07eff3499454,NONE,YES,
CLM-0549,Decision-oriented evaluation,7 LightGBM Hog_office_Lavon mean_regret_vs_oracle,EXACT_RECOVERED,A,7,outputs/phase7/model_test_decision_metrics.csv,row[5].mean_regret_vs_oracle,Hog_office_Lavon,test,LightGBM,7 LightGBM Hog_office_Lavon mean_regret_vs_oracle,5.564642032160647,kW,,8680b2eced090f2ef2e56d5ceecf3217eacc1958f23b0eff1aec07eff3499454,NONE,YES,
CLM-0550,Decision-oriented evaluation,7 LightGBM Hog_office_Lavon p90_regret,EXACT_RECOVERED,A,7,outputs/phase7/model_test_decision_metrics.csv,row[5].p90_regret,Hog_office_Lavon,test,LightGBM,7 LightGBM Hog_office_Lavon p90_regret,8.391884029795499,kW,,8680b2eced090f2ef2e56d5ceecf3217eacc1958f23b0eff1aec07eff3499454,NONE,YES,
CLM-0551,Decision-oriented evaluation,7 LightGBM Hog_office_Lavon max_regret,EXACT_RECOVERED,A,7,outputs/phase7/model_test_decision_metrics.csv,row[5].max_regret,Hog_office_Lavon,test,LightGBM,7 LightGBM Hog_office_Lavon max_regret,12.869603257181765,kW,,8680b2eced090f2ef2e56d5ceecf3217eacc1958f23b0eff1aec07eff3499454,NONE,YES,
CLM-0552,Decision-oriented evaluation,7 LightGBM Hog_office_Lavon oracle_capture_ratio,EXACT_RECOVERED,A,7,outputs/phase7/model_test_decision_metrics.csv,row[5].oracle_capture_ratio,Hog_office_Lavon,test,LightGBM,7 LightGBM Hog_office_Lavon oracle_capture_ratio,-0.7475760055449054,dimensionless,,8680b2eced090f2ef2e56d5ceecf3217eacc1958f23b0eff1aec07eff3499454,NONE,YES,
CLM-0553,Decision-oriented evaluation,7 LightGBM Hog_office_Lavon battery_throughput,EXACT_RECOVERED,A,7,outputs/phase7/model_test_decision_metrics.csv,row[5].battery_throughput,Hog_office_Lavon,test,LightGBM,7 LightGBM Hog_office_Lavon battery_throughput,1901.9490667978741,dimensionless,,8680b2eced090f2ef2e56d5ceecf3217eacc1958f23b0eff1aec07eff3499454,NONE,YES,
CLM-0554,Decision-oriented evaluation,7 LightGBM Hog_office_Lavon equivalent_full_cycles,EXACT_RECOVERED,A,7,outputs/phase7/model_test_decision_metrics.csv,row[5].equivalent_full_cycles,Hog_office_Lavon,test,LightGBM,7 LightGBM Hog_office_Lavon equivalent_full_cycles,1.2617842536267174,dimensionless,,8680b2eced090f2ef2e56d5ceecf3217eacc1958f23b0eff1aec07eff3499454,NONE,YES,
CLM-0555,Decision-oriented evaluation,7 LightGBM Hog_office_Lavon paired_daily_better,EXACT_RECOVERED,A,7,outputs/phase7/model_test_decision_metrics.csv,row[5].paired_daily_better,Hog_office_Lavon,test,LightGBM,7 LightGBM Hog_office_Lavon paired_daily_better,7.0,dimensionless,,8680b2eced090f2ef2e56d5ceecf3217eacc1958f23b0eff1aec07eff3499454,NONE,YES,
CLM-0556,Decision-oriented evaluation,7 LightGBM Hog_office_Lavon paired_daily_equal,EXACT_RECOVERED,A,7,outputs/phase7/model_test_decision_metrics.csv,row[5].paired_daily_equal,Hog_office_Lavon,test,LightGBM,7 LightGBM Hog_office_Lavon paired_daily_equal,0.0,dimensionless,,8680b2eced090f2ef2e56d5ceecf3217eacc1958f23b0eff1aec07eff3499454,NONE,YES,
CLM-0557,Decision-oriented evaluation,7 LightGBM Hog_office_Lavon paired_daily_worse,EXACT_RECOVERED,A,7,outputs/phase7/model_test_decision_metrics.csv,row[5].paired_daily_worse,Hog_office_Lavon,test,LightGBM,7 LightGBM Hog_office_Lavon paired_daily_worse,23.0,dimensionless,,8680b2eced090f2ef2e56d5ceecf3217eacc1958f23b0eff1aec07eff3499454,NONE,YES,
CLM-0558,Decision-oriented evaluation,7 XGBoost Hog_office_Lavon no_battery_peak,EXACT_RECOVERED,A,7,outputs/phase7/model_test_decision_metrics.csv,row[6].no_battery_peak,Hog_office_Lavon,test,XGBoost,7 XGBoost Hog_office_Lavon no_battery_peak,19.192,kW,,8680b2eced090f2ef2e56d5ceecf3217eacc1958f23b0eff1aec07eff3499454,NONE,YES,
CLM-0559,Decision-oriented evaluation,7 XGBoost Hog_office_Lavon post_dispatch_peak,EXACT_RECOVERED,A,7,outputs/phase7/model_test_decision_metrics.csv,row[6].post_dispatch_peak,Hog_office_Lavon,test,XGBoost,7 XGBoost Hog_office_Lavon post_dispatch_peak,27.704976028577413,kW,,8680b2eced090f2ef2e56d5ceecf3217eacc1958f23b0eff1aec07eff3499454,NONE,YES,
CLM-0560,Decision-oriented evaluation,7 XGBoost Hog_office_Lavon absolute_peak_reduction,EXACT_RECOVERED,A,7,outputs/phase7/model_test_decision_metrics.csv,row[6].absolute_peak_reduction,Hog_office_Lavon,test,XGBoost,7 XGBoost Hog_office_Lavon absolute_peak_reduction,-8.512976028577413,kW,,8680b2eced090f2ef2e56d5ceecf3217eacc1958f23b0eff1aec07eff3499454,NONE,YES,
CLM-0561,Decision-oriented evaluation,7 XGBoost Hog_office_Lavon peak_reduction_percentage,EXACT_RECOVERED,A,7,outputs/phase7/model_test_decision_metrics.csv,row[6].peak_reduction_percentage,Hog_office_Lavon,test,XGBoost,7 XGBoost Hog_office_Lavon peak_reduction_percentage,-44.35689885669765,%,,8680b2eced090f2ef2e56d5ceecf3217eacc1958f23b0eff1aec07eff3499454,NONE,YES,
CLM-0562,Decision-oriented evaluation,7 XGBoost Hog_office_Lavon mean_daily_peak,EXACT_RECOVERED,A,7,outputs/phase7/model_test_decision_metrics.csv,row[6].mean_daily_peak,Hog_office_Lavon,test,XGBoost,7 XGBoost Hog_office_Lavon mean_daily_peak,19.276008435516662,kW,,8680b2eced090f2ef2e56d5ceecf3217eacc1958f23b0eff1aec07eff3499454,NONE,YES,
CLM-0563,Decision-oriented evaluation,7 XGBoost Hog_office_Lavon worst_10pct_daily_peak,EXACT_RECOVERED,A,7,outputs/phase7/model_test_decision_metrics.csv,row[6].worst_10pct_daily_peak,Hog_office_Lavon,test,XGBoost,7 XGBoost Hog_office_Lavon worst_10pct_daily_peak,24.83923585537606,%,,8680b2eced090f2ef2e56d5ceecf3217eacc1958f23b0eff1aec07eff3499454,NONE,YES,
CLM-0564,Decision-oriented evaluation,7 XGBoost Hog_office_Lavon mean_regret_vs_oracle,EXACT_RECOVERED,A,7,outputs/phase7/model_test_decision_metrics.csv,row[6].mean_regret_vs_oracle,Hog_office_Lavon,test,XGBoost,7 XGBoost Hog_office_Lavon mean_regret_vs_oracle,7.218259777697136,kW,,8680b2eced090f2ef2e56d5ceecf3217eacc1958f23b0eff1aec07eff3499454,NONE,YES,
CLM-0565,Decision-oriented evaluation,7 XGBoost Hog_office_Lavon p90_regret,EXACT_RECOVERED,A,7,outputs/phase7/model_test_decision_metrics.csv,row[6].p90_regret,Hog_office_Lavon,test,XGBoost,7 XGBoost Hog_office_Lavon p90_regret,12.057181220599555,kW,,8680b2eced090f2ef2e56d5ceecf3217eacc1958f23b0eff1aec07eff3499454,NONE,YES,
CLM-0566,Decision-oriented evaluation,7 XGBoost Hog_office_Lavon max_regret,EXACT_RECOVERED,A,7,outputs/phase7/model_test_decision_metrics.csv,row[6].max_regret,Hog_office_Lavon,test,XGBoost,7 XGBoost Hog_office_Lavon max_regret,13.476989186472146,kW,,8680b2eced090f2ef2e56d5ceecf3217eacc1958f23b0eff1aec07eff3499454,NONE,YES,
CLM-0567,Decision-oriented evaluation,7 XGBoost Hog_office_Lavon oracle_capture_ratio,EXACT_RECOVERED,A,7,outputs/phase7/model_test_decision_metrics.csv,row[6].oracle_capture_ratio,Hog_office_Lavon,test,XGBoost,7 XGBoost Hog_office_Lavon oracle_capture_ratio,-1.3124059933759016,dimensionless,,8680b2eced090f2ef2e56d5ceecf3217eacc1958f23b0eff1aec07eff3499454,NONE,YES,
CLM-0568,Decision-oriented evaluation,7 XGBoost Hog_office_Lavon battery_throughput,EXACT_RECOVERED,A,7,outputs/phase7/model_test_decision_metrics.csv,row[6].battery_throughput,Hog_office_Lavon,test,XGBoost,7 XGBoost Hog_office_Lavon battery_throughput,2991.2915001857573,dimensionless,,8680b2eced090f2ef2e56d5ceecf3217eacc1958f23b0eff1aec07eff3499454,NONE,YES,
CLM-0569,Decision-oriented evaluation,7 XGBoost Hog_office_Lavon equivalent_full_cycles,EXACT_RECOVERED,A,7,outputs/phase7/model_test_decision_metrics.csv,row[6].equivalent_full_cycles,Hog_office_Lavon,test,XGBoost,7 XGBoost Hog_office_Lavon equivalent_full_cycles,1.9844719182182726,dimensionless,,8680b2eced090f2ef2e56d5ceecf3217eacc1958f23b0eff1aec07eff3499454,NONE,YES,
CLM-0570,Decision-oriented evaluation,7 XGBoost Hog_office_Lavon paired_daily_better,EXACT_RECOVERED,A,7,outputs/phase7/model_test_decision_metrics.csv,row[6].paired_daily_better,Hog_office_Lavon,test,XGBoost,7 XGBoost Hog_office_Lavon paired_daily_better,0.0,dimensionless,,8680b2eced090f2ef2e56d5ceecf3217eacc1958f23b0eff1aec07eff3499454,NONE,YES,
CLM-0571,Decision-oriented evaluation,7 XGBoost Hog_office_Lavon paired_daily_equal,EXACT_RECOVERED,A,7,outputs/phase7/model_test_decision_metrics.csv,row[6].paired_daily_equal,Hog_office_Lavon,test,XGBoost,7 XGBoost Hog_office_Lavon paired_daily_equal,0.0,dimensionless,,8680b2eced090f2ef2e56d5ceecf3217eacc1958f23b0eff1aec07eff3499454,NONE,YES,
CLM-0572,Decision-oriented evaluation,7 XGBoost Hog_office_Lavon paired_daily_worse,EXACT_RECOVERED,A,7,outputs/phase7/model_test_decision_metrics.csv,row[6].paired_daily_worse,Hog_office_Lavon,test,XGBoost,7 XGBoost Hog_office_Lavon paired_daily_worse,30.0,dimensionless,,8680b2eced090f2ef2e56d5ceecf3217eacc1958f23b0eff1aec07eff3499454,NONE,YES,
CLM-0573,Decision-oriented evaluation,7 CatBoost Hog_office_Lavon no_battery_peak,EXACT_RECOVERED,A,7,outputs/phase7/model_test_decision_metrics.csv,row[7].no_battery_peak,Hog_office_Lavon,test,CatBoost,7 CatBoost Hog_office_Lavon no_battery_peak,19.192,kW,,8680b2eced090f2ef2e56d5ceecf3217eacc1958f23b0eff1aec07eff3499454,NONE,YES,
CLM-0574,Decision-oriented evaluation,7 CatBoost Hog_office_Lavon post_dispatch_peak,EXACT_RECOVERED,A,7,outputs/phase7/model_test_decision_metrics.csv,row[7].post_dispatch_peak,Hog_office_Lavon,test,CatBoost,7 CatBoost Hog_office_Lavon post_dispatch_peak,66.39344052834815,kW,,8680b2eced090f2ef2e56d5ceecf3217eacc1958f23b0eff1aec07eff3499454,NONE,YES,
CLM-0575,Decision-oriented evaluation,7 CatBoost Hog_office_Lavon absolute_peak_reduction,EXACT_RECOVERED,A,7,outputs/phase7/model_test_decision_metrics.csv,row[7].absolute_peak_reduction,Hog_office_Lavon,test,CatBoost,7 CatBoost Hog_office_Lavon absolute_peak_reduction,-47.20144052834815,kW,,8680b2eced090f2ef2e56d5ceecf3217eacc1958f23b0eff1aec07eff3499454,NONE,YES,
CLM-0576,Decision-oriented evaluation,7 CatBoost Hog_office_Lavon peak_reduction_percentage,EXACT_RECOVERED,A,7,outputs/phase7/model_test_decision_metrics.csv,row[7].peak_reduction_percentage,Hog_office_Lavon,test,CatBoost,7 CatBoost Hog_office_Lavon peak_reduction_percentage,-245.94331246534048,%,,8680b2eced090f2ef2e56d5ceecf3217eacc1958f23b0eff1aec07eff3499454,NONE,YES,
CLM-0577,Decision-oriented evaluation,7 CatBoost Hog_office_Lavon mean_daily_peak,EXACT_RECOVERED,A,7,outputs/phase7/model_test_decision_metrics.csv,row[7].mean_daily_peak,Hog_office_Lavon,test,CatBoost,7 CatBoost Hog_office_Lavon mean_daily_peak,27.470277534319496,kW,,8680b2eced090f2ef2e56d5ceecf3217eacc1958f23b0eff1aec07eff3499454,NONE,YES,
CLM-0578,Decision-oriented evaluation,7 CatBoost Hog_office_Lavon worst_10pct_daily_peak,EXACT_RECOVERED,A,7,outputs/phase7/model_test_decision_metrics.csv,row[7].worst_10pct_daily_peak,Hog_office_Lavon,test,CatBoost,7 CatBoost Hog_office_Lavon worst_10pct_daily_peak,62.31994671799734,%,,8680b2eced090f2ef2e56d5ceecf3217eacc1958f23b0eff1aec07eff3499454,NONE,YES,
CLM-0579,Decision-oriented evaluation,7 CatBoost Hog_office_Lavon mean_regret_vs_oracle,EXACT_RECOVERED,A,7,outputs/phase7/model_test_decision_metrics.csv,row[7].mean_regret_vs_oracle,Hog_office_Lavon,test,CatBoost,7 CatBoost Hog_office_Lavon mean_regret_vs_oracle,15.412528876499977,kW,,8680b2eced090f2ef2e56d5ceecf3217eacc1958f23b0eff1aec07eff3499454,NONE,YES,
CLM-0580,Decision-oriented evaluation,7 CatBoost Hog_office_Lavon p90_regret,EXACT_RECOVERED,A,7,outputs/phase7/model_test_decision_metrics.csv,row[7].p90_regret,Hog_office_Lavon,test,CatBoost,7 CatBoost Hog_office_Lavon p90_regret,45.1619239647501,kW,,8680b2eced090f2ef2e56d5ceecf3217eacc1958f23b0eff1aec07eff3499454,NONE,YES,
CLM-0581,Decision-oriented evaluation,7 CatBoost Hog_office_Lavon max_regret,EXACT_RECOVERED,A,7,outputs/phase7/model_test_decision_metrics.csv,row[7].max_regret,Hog_office_Lavon,test,CatBoost,7 CatBoost Hog_office_Lavon max_regret,52.01869380345732,kW,,8680b2eced090f2ef2e56d5ceecf3217eacc1958f23b0eff1aec07eff3499454,NONE,YES,
CLM-0582,Decision-oriented evaluation,7 CatBoost Hog_office_Lavon oracle_capture_ratio,EXACT_RECOVERED,A,7,outputs/phase7/model_test_decision_metrics.csv,row[7].oracle_capture_ratio,Hog_office_Lavon,test,CatBoost,7 CatBoost Hog_office_Lavon oracle_capture_ratio,-4.092098715306614,dimensionless,,8680b2eced090f2ef2e56d5ceecf3217eacc1958f23b0eff1aec07eff3499454,NONE,YES,
CLM-0583,Decision-oriented evaluation,7 CatBoost Hog_office_Lavon battery_throughput,EXACT_RECOVERED,A,7,outputs/phase7/model_test_decision_metrics.csv,row[7].battery_throughput,Hog_office_Lavon,test,CatBoost,7 CatBoost Hog_office_Lavon battery_throughput,6202.382635756854,dimensionless,,8680b2eced090f2ef2e56d5ceecf3217eacc1958f23b0eff1aec07eff3499454,NONE,YES,
CLM-0584,Decision-oriented evaluation,7 CatBoost Hog_office_Lavon equivalent_full_cycles,EXACT_RECOVERED,A,7,outputs/phase7/model_test_decision_metrics.csv,row[7].equivalent_full_cycles,Hog_office_Lavon,test,CatBoost,7 CatBoost Hog_office_Lavon equivalent_full_cycles,4.114762525129951,dimensionless,,8680b2eced090f2ef2e56d5ceecf3217eacc1958f23b0eff1aec07eff3499454,NONE,YES,
CLM-0585,Decision-oriented evaluation,7 CatBoost Hog_office_Lavon paired_daily_better,EXACT_RECOVERED,A,7,outputs/phase7/model_test_decision_metrics.csv,row[7].paired_daily_better,Hog_office_Lavon,test,CatBoost,7 CatBoost Hog_office_Lavon paired_daily_better,0.0,dimensionless,,8680b2eced090f2ef2e56d5ceecf3217eacc1958f23b0eff1aec07eff3499454,NONE,YES,
CLM-0586,Decision-oriented evaluation,7 CatBoost Hog_office_Lavon paired_daily_equal,EXACT_RECOVERED,A,7,outputs/phase7/model_test_decision_metrics.csv,row[7].paired_daily_equal,Hog_office_Lavon,test,CatBoost,7 CatBoost Hog_office_Lavon paired_daily_equal,0.0,dimensionless,,8680b2eced090f2ef2e56d5ceecf3217eacc1958f23b0eff1aec07eff3499454,NONE,YES,
CLM-0587,Decision-oriented evaluation,7 CatBoost Hog_office_Lavon paired_daily_worse,EXACT_RECOVERED,A,7,outputs/phase7/model_test_decision_metrics.csv,row[7].paired_daily_worse,Hog_office_Lavon,test,CatBoost,7 CatBoost Hog_office_Lavon paired_daily_worse,30.0,dimensionless,,8680b2eced090f2ef2e56d5ceecf3217eacc1958f23b0eff1aec07eff3499454,NONE,YES,
CLM-0588,Decision-oriented evaluation,7 DayWeek Hog_office_Joey no_battery_peak,EXACT_RECOVERED,A,7,outputs/phase7/model_test_decision_metrics.csv,row[8].no_battery_peak,Hog_office_Joey,test,DayWeek,7 DayWeek Hog_office_Joey no_battery_peak,1509.981,kW,,8680b2eced090f2ef2e56d5ceecf3217eacc1958f23b0eff1aec07eff3499454,NONE,YES,
CLM-0589,Decision-oriented evaluation,7 DayWeek Hog_office_Joey post_dispatch_peak,EXACT_RECOVERED,A,7,outputs/phase7/model_test_decision_metrics.csv,row[8].post_dispatch_peak,Hog_office_Joey,test,DayWeek,7 DayWeek Hog_office_Joey post_dispatch_peak,1511.959291605847,kW,,8680b2eced090f2ef2e56d5ceecf3217eacc1958f23b0eff1aec07eff3499454,NONE,YES,
CLM-0590,Decision-oriented evaluation,7 DayWeek Hog_office_Joey absolute_peak_reduction,EXACT_RECOVERED,A,7,outputs/phase7/model_test_decision_metrics.csv,row[8].absolute_peak_reduction,Hog_office_Joey,test,DayWeek,7 DayWeek Hog_office_Joey absolute_peak_reduction,-1.9782916058470619,kW,,8680b2eced090f2ef2e56d5ceecf3217eacc1958f23b0eff1aec07eff3499454,NONE,YES,
CLM-0591,Decision-oriented evaluation,7 DayWeek Hog_office_Joey peak_reduction_percentage,EXACT_RECOVERED,A,7,outputs/phase7/model_test_decision_metrics.csv,row[8].peak_reduction_percentage,Hog_office_Joey,test,DayWeek,7 DayWeek Hog_office_Joey peak_reduction_percentage,-0.13101433765372292,%,,8680b2eced090f2ef2e56d5ceecf3217eacc1958f23b0eff1aec07eff3499454,NONE,YES,
CLM-0592,Decision-oriented evaluation,7 DayWeek Hog_office_Joey mean_daily_peak,EXACT_RECOVERED,A,7,outputs/phase7/model_test_decision_metrics.csv,row[8].mean_daily_peak,Hog_office_Joey,test,DayWeek,7 DayWeek Hog_office_Joey mean_daily_peak,1333.2124182135651,kW,,8680b2eced090f2ef2e56d5ceecf3217eacc1958f23b0eff1aec07eff3499454,NONE,YES,
CLM-0593,Decision-oriented evaluation,7 DayWeek Hog_office_Joey worst_10pct_daily_peak,EXACT_RECOVERED,A,7,outputs/phase7/model_test_decision_metrics.csv,row[8].worst_10pct_daily_peak,Hog_office_Joey,test,DayWeek,7 DayWeek Hog_office_Joey worst_10pct_daily_peak,1503.717461938136,%,,8680b2eced090f2ef2e56d5ceecf3217eacc1958f23b0eff1aec07eff3499454,NONE,YES,
CLM-0594,Decision-oriented evaluation,7 DayWeek Hog_office_Joey mean_regret_vs_oracle,EXACT_RECOVERED,A,7,outputs/phase7/model_test_decision_metrics.csv,row[8].mean_regret_vs_oracle,Hog_office_Joey,test,DayWeek,7 DayWeek Hog_office_Joey mean_regret_vs_oracle,83.84051061095774,kW,,8680b2eced090f2ef2e56d5ceecf3217eacc1958f23b0eff1aec07eff3499454,NONE,YES,
CLM-0595,Decision-oriented evaluation,7 DayWeek Hog_office_Joey p90_regret,EXACT_RECOVERED,A,7,outputs/phase7/model_test_decision_metrics.csv,row[8].p90_regret,Hog_office_Joey,test,DayWeek,7 DayWeek Hog_office_Joey p90_regret,166.4972604157916,kW,,8680b2eced090f2ef2e56d5ceecf3217eacc1958f23b0eff1aec07eff3499454,NONE,YES,
CLM-0596,Decision-oriented evaluation,7 DayWeek Hog_office_Joey max_regret,EXACT_RECOVERED,A,7,outputs/phase7/model_test_decision_metrics.csv,row[8].max_regret,Hog_office_Joey,test,DayWeek,7 DayWeek Hog_office_Joey max_regret,195.95228532104215,kW,,8680b2eced090f2ef2e56d5ceecf3217eacc1958f23b0eff1aec07eff3499454,NONE,YES,
CLM-0597,Decision-oriented evaluation,7 DayWeek Hog_office_Joey oracle_capture_ratio,EXACT_RECOVERED,A,7,outputs/phase7/model_test_decision_metrics.csv,row[8].oracle_capture_ratio,Hog_office_Joey,test,DayWeek,7 DayWeek Hog_office_Joey oracle_capture_ratio,0.2420254527558246,dimensionless,,8680b2eced090f2ef2e56d5ceecf3217eacc1958f23b0eff1aec07eff3499454,NONE,YES,
CLM-0598,Decision-oriented evaluation,7 DayWeek Hog_office_Joey battery_throughput,EXACT_RECOVERED,A,7,outputs/phase7/model_test_decision_metrics.csv,row[8].battery_throughput,Hog_office_Joey,test,DayWeek,7 DayWeek Hog_office_Joey battery_throughput,51902.09139464302,dimensionless,,8680b2eced090f2ef2e56d5ceecf3217eacc1958f23b0eff1aec07eff3499454,NONE,YES,
CLM-0599,Decision-oriented evaluation,7 DayWeek Hog_office_Joey equivalent_full_cycles,EXACT_RECOVERED,A,7,outputs/phase7/model_test_decision_metrics.csv,row[8].equivalent_full_cycles,Hog_office_Joey,test,DayWeek,7 DayWeek Hog_office_Joey equivalent_full_cycles,8.602952234649182,dimensionless,,8680b2eced090f2ef2e56d5ceecf3217eacc1958f23b0eff1aec07eff3499454,NONE,YES,
CLM-0600,Decision-oriented evaluation,7 DayWeek Hog_office_Joey paired_daily_better,EXACT_RECOVERED,A,7,outputs/phase7/model_test_decision_metrics.csv,row[8].paired_daily_better,Hog_office_Joey,test,DayWeek,7 DayWeek Hog_office_Joey paired_daily_better,0.0,dimensionless,,8680b2eced090f2ef2e56d5ceecf3217eacc1958f23b0eff1aec07eff3499454,NONE,YES,
CLM-0601,Decision-oriented evaluation,7 DayWeek Hog_office_Joey paired_daily_equal,EXACT_RECOVERED,A,7,outputs/phase7/model_test_decision_metrics.csv,row[8].paired_daily_equal,Hog_office_Joey,test,DayWeek,7 DayWeek Hog_office_Joey paired_daily_equal,30.0,dimensionless,,8680b2eced090f2ef2e56d5ceecf3217eacc1958f23b0eff1aec07eff3499454,NONE,YES,
CLM-0602,Decision-oriented evaluation,7 DayWeek Hog_office_Joey paired_daily_worse,EXACT_RECOVERED,A,7,outputs/phase7/model_test_decision_metrics.csv,row[8].paired_daily_worse,Hog_office_Joey,test,DayWeek,7 DayWeek Hog_office_Joey paired_daily_worse,0.0,dimensionless,,8680b2eced090f2ef2e56d5ceecf3217eacc1958f23b0eff1aec07eff3499454,NONE,YES,
CLM-0603,Decision-oriented evaluation,7 LightGBM Hog_office_Joey no_battery_peak,EXACT_RECOVERED,A,7,outputs/phase7/model_test_decision_metrics.csv,row[9].no_battery_peak,Hog_office_Joey,test,LightGBM,7 LightGBM Hog_office_Joey no_battery_peak,1509.981,kW,,8680b2eced090f2ef2e56d5ceecf3217eacc1958f23b0eff1aec07eff3499454,NONE,YES,
CLM-0604,Decision-oriented evaluation,7 LightGBM Hog_office_Joey post_dispatch_peak,EXACT_RECOVERED,A,7,outputs/phase7/model_test_decision_metrics.csv,row[9].post_dispatch_peak,Hog_office_Joey,test,LightGBM,7 LightGBM Hog_office_Joey post_dispatch_peak,1518.8915827260519,kW,,8680b2eced090f2ef2e56d5ceecf3217eacc1958f23b0eff1aec07eff3499454,NONE,YES,
CLM-0605,Decision-oriented evaluation,7 LightGBM Hog_office_Joey absolute_peak_reduction,EXACT_RECOVERED,A,7,outputs/phase7/model_test_decision_metrics.csv,row[9].absolute_peak_reduction,Hog_office_Joey,test,LightGBM,7 LightGBM Hog_office_Joey absolute_peak_reduction,-8.91058272605187,kW,,8680b2eced090f2ef2e56d5ceecf3217eacc1958f23b0eff1aec07eff3499454,NONE,YES,
CLM-0606,Decision-oriented evaluation,7 LightGBM Hog_office_Joey peak_reduction_percentage,EXACT_RECOVERED,A,7,outputs/phase7/model_test_decision_metrics.csv,row[9].peak_reduction_percentage,Hog_office_Joey,test,LightGBM,7 LightGBM Hog_office_Joey peak_reduction_percentage,-0.5901122415481964,%,,8680b2eced090f2ef2e56d5ceecf3217eacc1958f23b0eff1aec07eff3499454,NONE,YES,
CLM-0607,Decision-oriented evaluation,7 LightGBM Hog_office_Joey mean_daily_peak,EXACT_RECOVERED,A,7,outputs/phase7/model_test_decision_metrics.csv,row[9].mean_daily_peak,Hog_office_Joey,test,LightGBM,7 LightGBM Hog_office_Joey mean_daily_peak,1334.8763451896439,kW,,8680b2eced090f2ef2e56d5ceecf3217eacc1958f23b0eff1aec07eff3499454,NONE,YES,
CLM-0608,Decision-oriented evaluation,7 LightGBM Hog_office_Joey worst_10pct_daily_peak,EXACT_RECOVERED,A,7,outputs/phase7/model_test_decision_metrics.csv,row[9].worst_10pct_daily_peak,Hog_office_Joey,test,LightGBM,7 LightGBM Hog_office_Joey worst_10pct_daily_peak,1498.1988451117313,%,,8680b2eced090f2ef2e56d5ceecf3217eacc1958f23b0eff1aec07eff3499454,NONE,YES,
CLM-0609,Decision-oriented evaluation,7 LightGBM Hog_office_Joey mean_regret_vs_oracle,EXACT_RECOVERED,A,7,outputs/phase7/model_test_decision_metrics.csv,row[9].mean_regret_vs_oracle,Hog_office_Joey,test,LightGBM,7 LightGBM Hog_office_Joey mean_regret_vs_oracle,85.5044375870371,kW,,8680b2eced090f2ef2e56d5ceecf3217eacc1958f23b0eff1aec07eff3499454,NONE,YES,
CLM-0610,Decision-oriented evaluation,7 LightGBM Hog_office_Joey p90_regret,EXACT_RECOVERED,A,7,outputs/phase7/model_test_decision_metrics.csv,row[9].p90_regret,Hog_office_Joey,test,LightGBM,7 LightGBM Hog_office_Joey p90_regret,161.70405824035137,kW,,8680b2eced090f2ef2e56d5ceecf3217eacc1958f23b0eff1aec07eff3499454,NONE,YES,
CLM-0611,Decision-oriented evaluation,7 LightGBM Hog_office_Joey max_regret,EXACT_RECOVERED,A,7,outputs/phase7/model_test_decision_metrics.csv,row[9].max_regret,Hog_office_Joey,test,LightGBM,7 LightGBM Hog_office_Joey max_regret,197.62818625028103,kW,,8680b2eced090f2ef2e56d5ceecf3217eacc1958f23b0eff1aec07eff3499454,NONE,YES,
CLM-0612,Decision-oriented evaluation,7 LightGBM Hog_office_Joey oracle_capture_ratio,EXACT_RECOVERED,A,7,outputs/phase7/model_test_decision_metrics.csv,row[9].oracle_capture_ratio,Hog_office_Joey,test,LightGBM,7 LightGBM Hog_office_Joey oracle_capture_ratio,0.22738571212033715,dimensionless,,8680b2eced090f2ef2e56d5ceecf3217eacc1958f23b0eff1aec07eff3499454,NONE,YES,
CLM-0613,Decision-oriented evaluation,7 LightGBM Hog_office_Joey battery_throughput,EXACT_RECOVERED,A,7,outputs/phase7/model_test_decision_metrics.csv,row[9].battery_throughput,Hog_office_Joey,test,LightGBM,7 LightGBM Hog_office_Joey battery_throughput,51666.9126459528,dimensionless,,8680b2eced090f2ef2e56d5ceecf3217eacc1958f23b0eff1aec07eff3499454,NONE,YES,
CLM-0614,Decision-oriented evaluation,7 LightGBM Hog_office_Joey equivalent_full_cycles,EXACT_RECOVERED,A,7,outputs/phase7/model_test_decision_metrics.csv,row[9].equivalent_full_cycles,Hog_office_Joey,test,LightGBM,7 LightGBM Hog_office_Joey equivalent_full_cycles,8.56397053878259,dimensionless,,8680b2eced090f2ef2e56d5ceecf3217eacc1958f23b0eff1aec07eff3499454,NONE,YES,
CLM-0615,Decision-oriented evaluation,7 LightGBM Hog_office_Joey paired_daily_better,EXACT_RECOVERED,A,7,outputs/phase7/model_test_decision_metrics.csv,row[9].paired_daily_better,Hog_office_Joey,test,LightGBM,7 LightGBM Hog_office_Joey paired_daily_better,10.0,dimensionless,,8680b2eced090f2ef2e56d5ceecf3217eacc1958f23b0eff1aec07eff3499454,NONE,YES,
CLM-0616,Decision-oriented evaluation,7 LightGBM Hog_office_Joey paired_daily_equal,EXACT_RECOVERED,A,7,outputs/phase7/model_test_decision_metrics.csv,row[9].paired_daily_equal,Hog_office_Joey,test,LightGBM,7 LightGBM Hog_office_Joey paired_daily_equal,0.0,dimensionless,,8680b2eced090f2ef2e56d5ceecf3217eacc1958f23b0eff1aec07eff3499454,NONE,YES,
CLM-0617,Decision-oriented evaluation,7 LightGBM Hog_office_Joey paired_daily_worse,EXACT_RECOVERED,A,7,outputs/phase7/model_test_decision_metrics.csv,row[9].paired_daily_worse,Hog_office_Joey,test,LightGBM,7 LightGBM Hog_office_Joey paired_daily_worse,20.0,dimensionless,,8680b2eced090f2ef2e56d5ceecf3217eacc1958f23b0eff1aec07eff3499454,NONE,YES,
CLM-0618,Decision-oriented evaluation,7 XGBoost Hog_office_Joey no_battery_peak,EXACT_RECOVERED,A,7,outputs/phase7/model_test_decision_metrics.csv,row[10].no_battery_peak,Hog_office_Joey,test,XGBoost,7 XGBoost Hog_office_Joey no_battery_peak,1509.981,kW,,8680b2eced090f2ef2e56d5ceecf3217eacc1958f23b0eff1aec07eff3499454,NONE,YES,
CLM-0619,Decision-oriented evaluation,7 XGBoost Hog_office_Joey post_dispatch_peak,EXACT_RECOVERED,A,7,outputs/phase7/model_test_decision_metrics.csv,row[10].post_dispatch_peak,Hog_office_Joey,test,XGBoost,7 XGBoost Hog_office_Joey post_dispatch_peak,1528.625261742676,kW,,8680b2eced090f2ef2e56d5ceecf3217eacc1958f23b0eff1aec07eff3499454,NONE,YES,
CLM-0620,Decision-oriented evaluation,7 XGBoost Hog_office_Joey absolute_peak_reduction,EXACT_RECOVERED,A,7,outputs/phase7/model_test_decision_metrics.csv,row[10].absolute_peak_reduction,Hog_office_Joey,test,XGBoost,7 XGBoost Hog_office_Joey absolute_peak_reduction,-18.644261742676008,kW,,8680b2eced090f2ef2e56d5ceecf3217eacc1958f23b0eff1aec07eff3499454,NONE,YES,
CLM-0621,Decision-oriented evaluation,7 XGBoost Hog_office_Joey peak_reduction_percentage,EXACT_RECOVERED,A,7,outputs/phase7/model_test_decision_metrics.csv,row[10].peak_reduction_percentage,Hog_office_Joey,test,XGBoost,7 XGBoost Hog_office_Joey peak_reduction_percentage,-1.2347348571058847,%,,8680b2eced090f2ef2e56d5ceecf3217eacc1958f23b0eff1aec07eff3499454,NONE,YES,
CLM-0622,Decision-oriented evaluation,7 XGBoost Hog_office_Joey mean_daily_peak,EXACT_RECOVERED,A,7,outputs/phase7/model_test_decision_metrics.csv,row[10].mean_daily_peak,Hog_office_Joey,test,XGBoost,7 XGBoost Hog_office_Joey mean_daily_peak,1340.1482295784263,kW,,8680b2eced090f2ef2e56d5ceecf3217eacc1958f23b0eff1aec07eff3499454,NONE,YES,
CLM-0623,Decision-oriented evaluation,7 XGBoost Hog_office_Joey worst_10pct_daily_peak,EXACT_RECOVERED,A,7,outputs/phase7/model_test_decision_metrics.csv,row[10].worst_10pct_daily_peak,Hog_office_Joey,test,XGBoost,7 XGBoost Hog_office_Joey worst_10pct_daily_peak,1515.9292434404495,%,,8680b2eced090f2ef2e56d5ceecf3217eacc1958f23b0eff1aec07eff3499454,NONE,YES,
CLM-0624,Decision-oriented evaluation,7 XGBoost Hog_office_Joey mean_regret_vs_oracle,EXACT_RECOVERED,A,7,outputs/phase7/model_test_decision_metrics.csv,row[10].mean_regret_vs_oracle,Hog_office_Joey,test,XGBoost,7 XGBoost Hog_office_Joey mean_regret_vs_oracle,90.77632197581929,kW,,8680b2eced090f2ef2e56d5ceecf3217eacc1958f23b0eff1aec07eff3499454,NONE,YES,
CLM-0625,Decision-oriented evaluation,7 XGBoost Hog_office_Joey p90_regret,EXACT_RECOVERED,A,7,outputs/phase7/model_test_decision_metrics.csv,row[10].p90_regret,Hog_office_Joey,test,XGBoost,7 XGBoost Hog_office_Joey p90_regret,184.8897682504027,kW,,8680b2eced090f2ef2e56d5ceecf3217eacc1958f23b0eff1aec07eff3499454,NONE,YES,
CLM-0626,Decision-oriented evaluation,7 XGBoost Hog_office_Joey max_regret,EXACT_RECOVERED,A,7,outputs/phase7/model_test_decision_metrics.csv,row[10].max_regret,Hog_office_Joey,test,XGBoost,7 XGBoost Hog_office_Joey max_regret,212.6182554578711,kW,,8680b2eced090f2ef2e56d5ceecf3217eacc1958f23b0eff1aec07eff3499454,NONE,YES,
CLM-0627,Decision-oriented evaluation,7 XGBoost Hog_office_Joey oracle_capture_ratio,EXACT_RECOVERED,A,7,outputs/phase7/model_test_decision_metrics.csv,row[10].oracle_capture_ratio,Hog_office_Joey,test,XGBoost,7 XGBoost Hog_office_Joey oracle_capture_ratio,0.1705360190507176,dimensionless,,8680b2eced090f2ef2e56d5ceecf3217eacc1958f23b0eff1aec07eff3499454,NONE,YES,
CLM-0628,Decision-oriented evaluation,7 XGBoost Hog_office_Joey battery_throughput,EXACT_RECOVERED,A,7,outputs/phase7/model_test_decision_metrics.csv,row[10].battery_throughput,Hog_office_Joey,test,XGBoost,7 XGBoost Hog_office_Joey battery_throughput,52455.439501721776,dimensionless,,8680b2eced090f2ef2e56d5ceecf3217eacc1958f23b0eff1aec07eff3499454,NONE,YES,
CLM-0629,Decision-oriented evaluation,7 XGBoost Hog_office_Joey equivalent_full_cycles,EXACT_RECOVERED,A,7,outputs/phase7/model_test_decision_metrics.csv,row[10].equivalent_full_cycles,Hog_office_Joey,test,XGBoost,7 XGBoost Hog_office_Joey equivalent_full_cycles,8.694671608693977,dimensionless,,8680b2eced090f2ef2e56d5ceecf3217eacc1958f23b0eff1aec07eff3499454,NONE,YES,
CLM-0630,Decision-oriented evaluation,7 XGBoost Hog_office_Joey paired_daily_better,EXACT_RECOVERED,A,7,outputs/phase7/model_test_decision_metrics.csv,row[10].paired_daily_better,Hog_office_Joey,test,XGBoost,7 XGBoost Hog_office_Joey paired_daily_better,8.0,dimensionless,,8680b2eced090f2ef2e56d5ceecf3217eacc1958f23b0eff1aec07eff3499454,NONE,YES,
CLM-0631,Decision-oriented evaluation,7 XGBoost Hog_office_Joey paired_daily_equal,EXACT_RECOVERED,A,7,outputs/phase7/model_test_decision_metrics.csv,row[10].paired_daily_equal,Hog_office_Joey,test,XGBoost,7 XGBoost Hog_office_Joey paired_daily_equal,0.0,dimensionless,,8680b2eced090f2ef2e56d5ceecf3217eacc1958f23b0eff1aec07eff3499454,NONE,YES,
CLM-0632,Decision-oriented evaluation,7 XGBoost Hog_office_Joey paired_daily_worse,EXACT_RECOVERED,A,7,outputs/phase7/model_test_decision_metrics.csv,row[10].paired_daily_worse,Hog_office_Joey,test,XGBoost,7 XGBoost Hog_office_Joey paired_daily_worse,22.0,dimensionless,,8680b2eced090f2ef2e56d5ceecf3217eacc1958f23b0eff1aec07eff3499454,NONE,YES,
CLM-0633,Decision-oriented evaluation,7 CatBoost Hog_office_Joey no_battery_peak,EXACT_RECOVERED,A,7,outputs/phase7/model_test_decision_metrics.csv,row[11].no_battery_peak,Hog_office_Joey,test,CatBoost,7 CatBoost Hog_office_Joey no_battery_peak,1509.981,kW,,8680b2eced090f2ef2e56d5ceecf3217eacc1958f23b0eff1aec07eff3499454,NONE,YES,
CLM-0634,Decision-oriented evaluation,7 CatBoost Hog_office_Joey post_dispatch_peak,EXACT_RECOVERED,A,7,outputs/phase7/model_test_decision_metrics.csv,row[11].post_dispatch_peak,Hog_office_Joey,test,CatBoost,7 CatBoost Hog_office_Joey post_dispatch_peak,1504.8690217728508,kW,,8680b2eced090f2ef2e56d5ceecf3217eacc1958f23b0eff1aec07eff3499454,NONE,YES,
CLM-0635,Decision-oriented evaluation,7 CatBoost Hog_office_Joey absolute_peak_reduction,EXACT_RECOVERED,A,7,outputs/phase7/model_test_decision_metrics.csv,row[11].absolute_peak_reduction,Hog_office_Joey,test,CatBoost,7 CatBoost Hog_office_Joey absolute_peak_reduction,5.111978227149166,kW,,8680b2eced090f2ef2e56d5ceecf3217eacc1958f23b0eff1aec07eff3499454,NONE,YES,
CLM-0636,Decision-oriented evaluation,7 CatBoost Hog_office_Joey peak_reduction_percentage,EXACT_RECOVERED,A,7,outputs/phase7/model_test_decision_metrics.csv,row[11].peak_reduction_percentage,Hog_office_Joey,test,CatBoost,7 CatBoost Hog_office_Joey peak_reduction_percentage,0.3385458642955882,%,,8680b2eced090f2ef2e56d5ceecf3217eacc1958f23b0eff1aec07eff3499454,NONE,YES,
CLM-0637,Decision-oriented evaluation,7 CatBoost Hog_office_Joey mean_daily_peak,EXACT_RECOVERED,A,7,outputs/phase7/model_test_decision_metrics.csv,row[11].mean_daily_peak,Hog_office_Joey,test,CatBoost,7 CatBoost Hog_office_Joey mean_daily_peak,1330.5201745781899,kW,,8680b2eced090f2ef2e56d5ceecf3217eacc1958f23b0eff1aec07eff3499454,NONE,YES,
CLM-0638,Decision-oriented evaluation,7 CatBoost Hog_office_Joey worst_10pct_daily_peak,EXACT_RECOVERED,A,7,outputs/phase7/model_test_decision_metrics.csv,row[11].worst_10pct_daily_peak,Hog_office_Joey,test,CatBoost,7 CatBoost Hog_office_Joey worst_10pct_daily_peak,1493.362852320139,%,,8680b2eced090f2ef2e56d5ceecf3217eacc1958f23b0eff1aec07eff3499454,NONE,YES,
CLM-0639,Decision-oriented evaluation,7 CatBoost Hog_office_Joey mean_regret_vs_oracle,EXACT_RECOVERED,A,7,outputs/phase7/model_test_decision_metrics.csv,row[11].mean_regret_vs_oracle,Hog_office_Joey,test,CatBoost,7 CatBoost Hog_office_Joey mean_regret_vs_oracle,81.14826697558273,kW,,8680b2eced090f2ef2e56d5ceecf3217eacc1958f23b0eff1aec07eff3499454,NONE,YES,
CLM-0640,Decision-oriented evaluation,7 CatBoost Hog_office_Joey p90_regret,EXACT_RECOVERED,A,7,outputs/phase7/model_test_decision_metrics.csv,row[11].p90_regret,Hog_office_Joey,test,CatBoost,7 CatBoost Hog_office_Joey p90_regret,166.20502910125765,kW,,8680b2eced090f2ef2e56d5ceecf3217eacc1958f23b0eff1aec07eff3499454,NONE,YES,
CLM-0641,Decision-oriented evaluation,7 CatBoost Hog_office_Joey max_regret,EXACT_RECOVERED,A,7,outputs/phase7/model_test_decision_metrics.csv,row[11].max_regret,Hog_office_Joey,test,CatBoost,7 CatBoost Hog_office_Joey max_regret,184.0728825991937,kW,,8680b2eced090f2ef2e56d5ceecf3217eacc1958f23b0eff1aec07eff3499454,NONE,YES,
CLM-0642,Decision-oriented evaluation,7 CatBoost Hog_office_Joey oracle_capture_ratio,EXACT_RECOVERED,A,7,outputs/phase7/model_test_decision_metrics.csv,row[11].oracle_capture_ratio,Hog_office_Joey,test,CatBoost,7 CatBoost Hog_office_Joey oracle_capture_ratio,0.2589334578685608,dimensionless,,8680b2eced090f2ef2e56d5ceecf3217eacc1958f23b0eff1aec07eff3499454,NONE,YES,
CLM-0643,Decision-oriented evaluation,7 CatBoost Hog_office_Joey battery_throughput,EXACT_RECOVERED,A,7,outputs/phase7/model_test_decision_metrics.csv,row[11].battery_throughput,Hog_office_Joey,test,CatBoost,7 CatBoost Hog_office_Joey battery_throughput,52247.96568070744,dimensionless,,8680b2eced090f2ef2e56d5ceecf3217eacc1958f23b0eff1aec07eff3499454,NONE,YES,
CLM-0644,Decision-oriented evaluation,7 CatBoost Hog_office_Joey equivalent_full_cycles,EXACT_RECOVERED,A,7,outputs/phase7/model_test_decision_metrics.csv,row[11].equivalent_full_cycles,Hog_office_Joey,test,CatBoost,7 CatBoost Hog_office_Joey equivalent_full_cycles,8.660282100985023,dimensionless,,8680b2eced090f2ef2e56d5ceecf3217eacc1958f23b0eff1aec07eff3499454,NONE,YES,
CLM-0645,Decision-oriented evaluation,7 CatBoost Hog_office_Joey paired_daily_better,EXACT_RECOVERED,A,7,outputs/phase7/model_test_decision_metrics.csv,row[11].paired_daily_better,Hog_office_Joey,test,CatBoost,7 CatBoost Hog_office_Joey paired_daily_better,14.0,dimensionless,,8680b2eced090f2ef2e56d5ceecf3217eacc1958f23b0eff1aec07eff3499454,NONE,YES,
CLM-0646,Decision-oriented evaluation,7 CatBoost Hog_office_Joey paired_daily_equal,EXACT_RECOVERED,A,7,outputs/phase7/model_test_decision_metrics.csv,row[11].paired_daily_equal,Hog_office_Joey,test,CatBoost,7 CatBoost Hog_office_Joey paired_daily_equal,0.0,dimensionless,,8680b2eced090f2ef2e56d5ceecf3217eacc1958f23b0eff1aec07eff3499454,NONE,YES,
CLM-0647,Decision-oriented evaluation,7 CatBoost Hog_office_Joey paired_daily_worse,EXACT_RECOVERED,A,7,outputs/phase7/model_test_decision_metrics.csv,row[11].paired_daily_worse,Hog_office_Joey,test,CatBoost,7 CatBoost Hog_office_Joey paired_daily_worse,16.0,dimensionless,,8680b2eced090f2ef2e56d5ceecf3217eacc1958f23b0eff1aec07eff3499454,NONE,YES,
CLM-0648,Decision-oriented evaluation,7 DayWeek Lamb_office_Caitlin no_battery_peak,EXACT_RECOVERED,A,7,outputs/phase7/model_test_decision_metrics.csv,row[12].no_battery_peak,Lamb_office_Caitlin,test,DayWeek,7 DayWeek Lamb_office_Caitlin no_battery_peak,166.95,kW,,8680b2eced090f2ef2e56d5ceecf3217eacc1958f23b0eff1aec07eff3499454,NONE,YES,
CLM-0649,Decision-oriented evaluation,7 DayWeek Lamb_office_Caitlin post_dispatch_peak,EXACT_RECOVERED,A,7,outputs/phase7/model_test_decision_metrics.csv,row[12].post_dispatch_peak,Lamb_office_Caitlin,test,DayWeek,7 DayWeek Lamb_office_Caitlin post_dispatch_peak,157.7648732398835,kW,,8680b2eced090f2ef2e56d5ceecf3217eacc1958f23b0eff1aec07eff3499454,NONE,YES,
CLM-0650,Decision-oriented evaluation,7 DayWeek Lamb_office_Caitlin absolute_peak_reduction,EXACT_RECOVERED,A,7,outputs/phase7/model_test_decision_metrics.csv,row[12].absolute_peak_reduction,Lamb_office_Caitlin,test,DayWeek,7 DayWeek Lamb_office_Caitlin absolute_peak_reduction,9.185126760116475,kW,,8680b2eced090f2ef2e56d5ceecf3217eacc1958f23b0eff1aec07eff3499454,NONE,YES,
CLM-0651,Decision-oriented evaluation,7 DayWeek Lamb_office_Caitlin peak_reduction_percentage,EXACT_RECOVERED,A,7,outputs/phase7/model_test_decision_metrics.csv,row[12].peak_reduction_percentage,Lamb_office_Caitlin,test,DayWeek,7 DayWeek Lamb_office_Caitlin peak_reduction_percentage,5.501723126754403,%,,8680b2eced090f2ef2e56d5ceecf3217eacc1958f23b0eff1aec07eff3499454,NONE,YES,
CLM-0652,Decision-oriented evaluation,7 DayWeek Lamb_office_Caitlin mean_daily_peak,EXACT_RECOVERED,A,7,outputs/phase7/model_test_decision_metrics.csv,row[12].mean_daily_peak,Lamb_office_Caitlin,test,DayWeek,7 DayWeek Lamb_office_Caitlin mean_daily_peak,95.21907539707523,kW,,8680b2eced090f2ef2e56d5ceecf3217eacc1958f23b0eff1aec07eff3499454,NONE,YES,
CLM-0653,Decision-oriented evaluation,7 DayWeek Lamb_office_Caitlin worst_10pct_daily_peak,EXACT_RECOVERED,A,7,outputs/phase7/model_test_decision_metrics.csv,row[12].worst_10pct_daily_peak,Lamb_office_Caitlin,test,DayWeek,7 DayWeek Lamb_office_Caitlin worst_10pct_daily_peak,152.66443070140426,%,,8680b2eced090f2ef2e56d5ceecf3217eacc1958f23b0eff1aec07eff3499454,NONE,YES,
CLM-0654,Decision-oriented evaluation,7 DayWeek Lamb_office_Caitlin mean_regret_vs_oracle,EXACT_RECOVERED,A,7,outputs/phase7/model_test_decision_metrics.csv,row[12].mean_regret_vs_oracle,Lamb_office_Caitlin,test,DayWeek,7 DayWeek Lamb_office_Caitlin mean_regret_vs_oracle,5.896334034427241,kW,,8680b2eced090f2ef2e56d5ceecf3217eacc1958f23b0eff1aec07eff3499454,NONE,YES,
CLM-0655,Decision-oriented evaluation,7 DayWeek Lamb_office_Caitlin p90_regret,EXACT_RECOVERED,A,7,outputs/phase7/model_test_decision_metrics.csv,row[12].p90_regret,Lamb_office_Caitlin,test,DayWeek,7 DayWeek Lamb_office_Caitlin p90_regret,13.282408080342755,kW,,8680b2eced090f2ef2e56d5ceecf3217eacc1958f23b0eff1aec07eff3499454,NONE,YES,
CLM-0656,Decision-oriented evaluation,7 DayWeek Lamb_office_Caitlin max_regret,EXACT_RECOVERED,A,7,outputs/phase7/model_test_decision_metrics.csv,row[12].max_regret,Lamb_office_Caitlin,test,DayWeek,7 DayWeek Lamb_office_Caitlin max_regret,16.397470024559503,kW,,8680b2eced090f2ef2e56d5ceecf3217eacc1958f23b0eff1aec07eff3499454,NONE,YES,
CLM-0657,Decision-oriented evaluation,7 DayWeek Lamb_office_Caitlin oracle_capture_ratio,EXACT_RECOVERED,A,7,outputs/phase7/model_test_decision_metrics.csv,row[12].oracle_capture_ratio,Lamb_office_Caitlin,test,DayWeek,7 DayWeek Lamb_office_Caitlin oracle_capture_ratio,-0.9709731470243235,dimensionless,,8680b2eced090f2ef2e56d5ceecf3217eacc1958f23b0eff1aec07eff3499454,NONE,YES,
CLM-0658,Decision-oriented evaluation,7 DayWeek Lamb_office_Caitlin battery_throughput,EXACT_RECOVERED,A,7,outputs/phase7/model_test_decision_metrics.csv,row[12].battery_throughput,Lamb_office_Caitlin,test,DayWeek,7 DayWeek Lamb_office_Caitlin battery_throughput,2007.3353654257062,dimensionless,,8680b2eced090f2ef2e56d5ceecf3217eacc1958f23b0eff1aec07eff3499454,NONE,YES,
CLM-0659,Decision-oriented evaluation,7 DayWeek Lamb_office_Caitlin equivalent_full_cycles,EXACT_RECOVERED,A,7,outputs/phase7/model_test_decision_metrics.csv,row[12].equivalent_full_cycles,Lamb_office_Caitlin,test,DayWeek,7 DayWeek Lamb_office_Caitlin equivalent_full_cycles,18.432076257855776,dimensionless,,8680b2eced090f2ef2e56d5ceecf3217eacc1958f23b0eff1aec07eff3499454,NONE,YES,
CLM-0660,Decision-oriented evaluation,7 DayWeek Lamb_office_Caitlin paired_daily_better,EXACT_RECOVERED,A,7,outputs/phase7/model_test_decision_metrics.csv,row[12].paired_daily_better,Lamb_office_Caitlin,test,DayWeek,7 DayWeek Lamb_office_Caitlin paired_daily_better,0.0,dimensionless,,8680b2eced090f2ef2e56d5ceecf3217eacc1958f23b0eff1aec07eff3499454,NONE,YES,
CLM-0661,Decision-oriented evaluation,7 DayWeek Lamb_office_Caitlin paired_daily_equal,EXACT_RECOVERED,A,7,outputs/phase7/model_test_decision_metrics.csv,row[12].paired_daily_equal,Lamb_office_Caitlin,test,DayWeek,7 DayWeek Lamb_office_Caitlin paired_daily_equal,30.0,dimensionless,,8680b2eced090f2ef2e56d5ceecf3217eacc1958f23b0eff1aec07eff3499454,NONE,YES,
CLM-0662,Decision-oriented evaluation,7 DayWeek Lamb_office_Caitlin paired_daily_worse,EXACT_RECOVERED,A,7,outputs/phase7/model_test_decision_metrics.csv,row[12].paired_daily_worse,Lamb_office_Caitlin,test,DayWeek,7 DayWeek Lamb_office_Caitlin paired_daily_worse,0.0,dimensionless,,8680b2eced090f2ef2e56d5ceecf3217eacc1958f23b0eff1aec07eff3499454,NONE,YES,
CLM-0663,Decision-oriented evaluation,7 LightGBM Lamb_office_Caitlin no_battery_peak,EXACT_RECOVERED,A,7,outputs/phase7/model_test_decision_metrics.csv,row[13].no_battery_peak,Lamb_office_Caitlin,test,LightGBM,7 LightGBM Lamb_office_Caitlin no_battery_peak,166.95,kW,,8680b2eced090f2ef2e56d5ceecf3217eacc1958f23b0eff1aec07eff3499454,NONE,YES,
CLM-0664,Decision-oriented evaluation,7 LightGBM Lamb_office_Caitlin post_dispatch_peak,EXACT_RECOVERED,A,7,outputs/phase7/model_test_decision_metrics.csv,row[13].post_dispatch_peak,Lamb_office_Caitlin,test,LightGBM,7 LightGBM Lamb_office_Caitlin post_dispatch_peak,160.1566791087682,kW,,8680b2eced090f2ef2e56d5ceecf3217eacc1958f23b0eff1aec07eff3499454,NONE,YES,
CLM-0665,Decision-oriented evaluation,7 LightGBM Lamb_office_Caitlin absolute_peak_reduction,EXACT_RECOVERED,A,7,outputs/phase7/model_test_decision_metrics.csv,row[13].absolute_peak_reduction,Lamb_office_Caitlin,test,LightGBM,7 LightGBM Lamb_office_Caitlin absolute_peak_reduction,6.793320891231787,kW,,8680b2eced090f2ef2e56d5ceecf3217eacc1958f23b0eff1aec07eff3499454,NONE,YES,
CLM-0666,Decision-oriented evaluation,7 LightGBM Lamb_office_Caitlin peak_reduction_percentage,EXACT_RECOVERED,A,7,outputs/phase7/model_test_decision_metrics.csv,row[13].peak_reduction_percentage,Lamb_office_Caitlin,test,LightGBM,7 LightGBM Lamb_office_Caitlin peak_reduction_percentage,4.069075107057075,%,,8680b2eced090f2ef2e56d5ceecf3217eacc1958f23b0eff1aec07eff3499454,NONE,YES,
CLM-0667,Decision-oriented evaluation,7 LightGBM Lamb_office_Caitlin mean_daily_peak,EXACT_RECOVERED,A,7,outputs/phase7/model_test_decision_metrics.csv,row[13].mean_daily_peak,Lamb_office_Caitlin,test,LightGBM,7 LightGBM Lamb_office_Caitlin mean_daily_peak,94.80246848788674,kW,,8680b2eced090f2ef2e56d5ceecf3217eacc1958f23b0eff1aec07eff3499454,NONE,YES,
CLM-0668,Decision-oriented evaluation,7 LightGBM Lamb_office_Caitlin worst_10pct_daily_peak,EXACT_RECOVERED,A,7,outputs/phase7/model_test_decision_metrics.csv,row[13].worst_10pct_daily_peak,Lamb_office_Caitlin,test,LightGBM,7 LightGBM Lamb_office_Caitlin worst_10pct_daily_peak,154.6962623098406,%,,8680b2eced090f2ef2e56d5ceecf3217eacc1958f23b0eff1aec07eff3499454,NONE,YES,
CLM-0669,Decision-oriented evaluation,7 LightGBM Lamb_office_Caitlin mean_regret_vs_oracle,EXACT_RECOVERED,A,7,outputs/phase7/model_test_decision_metrics.csv,row[13].mean_regret_vs_oracle,Lamb_office_Caitlin,test,LightGBM,7 LightGBM Lamb_office_Caitlin mean_regret_vs_oracle,5.479727125238769,kW,,8680b2eced090f2ef2e56d5ceecf3217eacc1958f23b0eff1aec07eff3499454,NONE,YES,
CLM-0670,Decision-oriented evaluation,7 LightGBM Lamb_office_Caitlin p90_regret,EXACT_RECOVERED,A,7,outputs/phase7/model_test_decision_metrics.csv,row[13].p90_regret,Lamb_office_Caitlin,test,LightGBM,7 LightGBM Lamb_office_Caitlin p90_regret,7.793997274583898,kW,,8680b2eced090f2ef2e56d5ceecf3217eacc1958f23b0eff1aec07eff3499454,NONE,YES,
CLM-0671,Decision-oriented evaluation,7 LightGBM Lamb_office_Caitlin max_regret,EXACT_RECOVERED,A,7,outputs/phase7/model_test_decision_metrics.csv,row[13].max_regret,Lamb_office_Caitlin,test,LightGBM,7 LightGBM Lamb_office_Caitlin max_regret,10.839557802796975,kW,,8680b2eced090f2ef2e56d5ceecf3217eacc1958f23b0eff1aec07eff3499454,NONE,YES,
CLM-0672,Decision-oriented evaluation,7 LightGBM Lamb_office_Caitlin oracle_capture_ratio,EXACT_RECOVERED,A,7,outputs/phase7/model_test_decision_metrics.csv,row[13].oracle_capture_ratio,Lamb_office_Caitlin,test,LightGBM,7 LightGBM Lamb_office_Caitlin oracle_capture_ratio,-0.52381076088881,dimensionless,,8680b2eced090f2ef2e56d5ceecf3217eacc1958f23b0eff1aec07eff3499454,NONE,YES,
CLM-0673,Decision-oriented evaluation,7 LightGBM Lamb_office_Caitlin battery_throughput,EXACT_RECOVERED,A,7,outputs/phase7/model_test_decision_metrics.csv,row[13].battery_throughput,Lamb_office_Caitlin,test,LightGBM,7 LightGBM Lamb_office_Caitlin battery_throughput,2081.4446704627994,dimensionless,,8680b2eced090f2ef2e56d5ceecf3217eacc1958f23b0eff1aec07eff3499454,NONE,YES,
CLM-0674,Decision-oriented evaluation,7 LightGBM Lamb_office_Caitlin equivalent_full_cycles,EXACT_RECOVERED,A,7,outputs/phase7/model_test_decision_metrics.csv,row[13].equivalent_full_cycles,Lamb_office_Caitlin,test,LightGBM,7 LightGBM Lamb_office_Caitlin equivalent_full_cycles,19.11257458682865,dimensionless,,8680b2eced090f2ef2e56d5ceecf3217eacc1958f23b0eff1aec07eff3499454,NONE,YES,
CLM-0675,Decision-oriented evaluation,7 LightGBM Lamb_office_Caitlin paired_daily_better,EXACT_RECOVERED,A,7,outputs/phase7/model_test_decision_metrics.csv,row[13].paired_daily_better,Lamb_office_Caitlin,test,LightGBM,7 LightGBM Lamb_office_Caitlin paired_daily_better,16.0,dimensionless,,8680b2eced090f2ef2e56d5ceecf3217eacc1958f23b0eff1aec07eff3499454,NONE,YES,
CLM-0676,Decision-oriented evaluation,7 LightGBM Lamb_office_Caitlin paired_daily_equal,EXACT_RECOVERED,A,7,outputs/phase7/model_test_decision_metrics.csv,row[13].paired_daily_equal,Lamb_office_Caitlin,test,LightGBM,7 LightGBM Lamb_office_Caitlin paired_daily_equal,1.0,dimensionless,,8680b2eced090f2ef2e56d5ceecf3217eacc1958f23b0eff1aec07eff3499454,NONE,YES,
CLM-0677,Decision-oriented evaluation,7 LightGBM Lamb_office_Caitlin paired_daily_worse,EXACT_RECOVERED,A,7,outputs/phase7/model_test_decision_metrics.csv,row[13].paired_daily_worse,Lamb_office_Caitlin,test,LightGBM,7 LightGBM Lamb_office_Caitlin paired_daily_worse,13.0,dimensionless,,8680b2eced090f2ef2e56d5ceecf3217eacc1958f23b0eff1aec07eff3499454,NONE,YES,
CLM-0678,Decision-oriented evaluation,7 XGBoost Lamb_office_Caitlin no_battery_peak,EXACT_RECOVERED,A,7,outputs/phase7/model_test_decision_metrics.csv,row[14].no_battery_peak,Lamb_office_Caitlin,test,XGBoost,7 XGBoost Lamb_office_Caitlin no_battery_peak,166.95,kW,,8680b2eced090f2ef2e56d5ceecf3217eacc1958f23b0eff1aec07eff3499454,NONE,YES,
CLM-0679,Decision-oriented evaluation,7 XGBoost Lamb_office_Caitlin post_dispatch_peak,EXACT_RECOVERED,A,7,outputs/phase7/model_test_decision_metrics.csv,row[14].post_dispatch_peak,Lamb_office_Caitlin,test,XGBoost,7 XGBoost Lamb_office_Caitlin post_dispatch_peak,162.1681437623597,kW,,8680b2eced090f2ef2e56d5ceecf3217eacc1958f23b0eff1aec07eff3499454,NONE,YES,
CLM-0680,Decision-oriented evaluation,7 XGBoost Lamb_office_Caitlin absolute_peak_reduction,EXACT_RECOVERED,A,7,outputs/phase7/model_test_decision_metrics.csv,row[14].absolute_peak_reduction,Lamb_office_Caitlin,test,XGBoost,7 XGBoost Lamb_office_Caitlin absolute_peak_reduction,4.781856237640284,kW,,8680b2eced090f2ef2e56d5ceecf3217eacc1958f23b0eff1aec07eff3499454,NONE,YES,
CLM-0681,Decision-oriented evaluation,7 XGBoost Lamb_office_Caitlin peak_reduction_percentage,EXACT_RECOVERED,A,7,outputs/phase7/model_test_decision_metrics.csv,row[14].peak_reduction_percentage,Lamb_office_Caitlin,test,XGBoost,7 XGBoost Lamb_office_Caitlin peak_reduction_percentage,2.86424452688846,%,,8680b2eced090f2ef2e56d5ceecf3217eacc1958f23b0eff1aec07eff3499454,NONE,YES,
CLM-0682,Decision-oriented evaluation,7 XGBoost Lamb_office_Caitlin mean_daily_peak,EXACT_RECOVERED,A,7,outputs/phase7/model_test_decision_metrics.csv,row[14].mean_daily_peak,Lamb_office_Caitlin,test,XGBoost,7 XGBoost Lamb_office_Caitlin mean_daily_peak,95.55018286458845,kW,,8680b2eced090f2ef2e56d5ceecf3217eacc1958f23b0eff1aec07eff3499454,NONE,YES,
CLM-0683,Decision-oriented evaluation,7 XGBoost Lamb_office_Caitlin worst_10pct_daily_peak,EXACT_RECOVERED,A,7,outputs/phase7/model_test_decision_metrics.csv,row[14].worst_10pct_daily_peak,Lamb_office_Caitlin,test,XGBoost,7 XGBoost Lamb_office_Caitlin worst_10pct_daily_peak,155.05686303402481,%,,8680b2eced090f2ef2e56d5ceecf3217eacc1958f23b0eff1aec07eff3499454,NONE,YES,
CLM-0684,Decision-oriented evaluation,7 XGBoost Lamb_office_Caitlin mean_regret_vs_oracle,EXACT_RECOVERED,A,7,outputs/phase7/model_test_decision_metrics.csv,row[14].mean_regret_vs_oracle,Lamb_office_Caitlin,test,XGBoost,7 XGBoost Lamb_office_Caitlin mean_regret_vs_oracle,6.227441501940477,kW,,8680b2eced090f2ef2e56d5ceecf3217eacc1958f23b0eff1aec07eff3499454,NONE,YES,
CLM-0685,Decision-oriented evaluation,7 XGBoost Lamb_office_Caitlin p90_regret,EXACT_RECOVERED,A,7,outputs/phase7/model_test_decision_metrics.csv,row[14].p90_regret,Lamb_office_Caitlin,test,XGBoost,7 XGBoost Lamb_office_Caitlin p90_regret,11.124846068967729,kW,,8680b2eced090f2ef2e56d5ceecf3217eacc1958f23b0eff1aec07eff3499454,NONE,YES,
CLM-0686,Decision-oriented evaluation,7 XGBoost Lamb_office_Caitlin max_regret,EXACT_RECOVERED,A,7,outputs/phase7/model_test_decision_metrics.csv,row[14].max_regret,Lamb_office_Caitlin,test,XGBoost,7 XGBoost Lamb_office_Caitlin max_regret,12.721691267829323,kW,,8680b2eced090f2ef2e56d5ceecf3217eacc1958f23b0eff1aec07eff3499454,NONE,YES,
CLM-0687,Decision-oriented evaluation,7 XGBoost Lamb_office_Caitlin oracle_capture_ratio,EXACT_RECOVERED,A,7,outputs/phase7/model_test_decision_metrics.csv,row[14].oracle_capture_ratio,Lamb_office_Caitlin,test,XGBoost,7 XGBoost Lamb_office_Caitlin oracle_capture_ratio,-0.9850710809993881,dimensionless,,8680b2eced090f2ef2e56d5ceecf3217eacc1958f23b0eff1aec07eff3499454,NONE,YES,
CLM-0688,Decision-oriented evaluation,7 XGBoost Lamb_office_Caitlin battery_throughput,EXACT_RECOVERED,A,7,outputs/phase7/model_test_decision_metrics.csv,row[14].battery_throughput,Lamb_office_Caitlin,test,XGBoost,7 XGBoost Lamb_office_Caitlin battery_throughput,2339.3774193855666,dimensionless,,8680b2eced090f2ef2e56d5ceecf3217eacc1958f23b0eff1aec07eff3499454,NONE,YES,
CLM-0689,Decision-oriented evaluation,7 XGBoost Lamb_office_Caitlin equivalent_full_cycles,EXACT_RECOVERED,A,7,outputs/phase7/model_test_decision_metrics.csv,row[14].equivalent_full_cycles,Lamb_office_Caitlin,test,XGBoost,7 XGBoost Lamb_office_Caitlin equivalent_full_cycles,21.48100598072011,dimensionless,,8680b2eced090f2ef2e56d5ceecf3217eacc1958f23b0eff1aec07eff3499454,NONE,YES,
CLM-0690,Decision-oriented evaluation,7 XGBoost Lamb_office_Caitlin paired_daily_better,EXACT_RECOVERED,A,7,outputs/phase7/model_test_decision_metrics.csv,row[14].paired_daily_better,Lamb_office_Caitlin,test,XGBoost,7 XGBoost Lamb_office_Caitlin paired_daily_better,15.0,dimensionless,,8680b2eced090f2ef2e56d5ceecf3217eacc1958f23b0eff1aec07eff3499454,NONE,YES,
CLM-0691,Decision-oriented evaluation,7 XGBoost Lamb_office_Caitlin paired_daily_equal,EXACT_RECOVERED,A,7,outputs/phase7/model_test_decision_metrics.csv,row[14].paired_daily_equal,Lamb_office_Caitlin,test,XGBoost,7 XGBoost Lamb_office_Caitlin paired_daily_equal,1.0,dimensionless,,8680b2eced090f2ef2e56d5ceecf3217eacc1958f23b0eff1aec07eff3499454,NONE,YES,
CLM-0692,Decision-oriented evaluation,7 XGBoost Lamb_office_Caitlin paired_daily_worse,EXACT_RECOVERED,A,7,outputs/phase7/model_test_decision_metrics.csv,row[14].paired_daily_worse,Lamb_office_Caitlin,test,XGBoost,7 XGBoost Lamb_office_Caitlin paired_daily_worse,14.0,dimensionless,,8680b2eced090f2ef2e56d5ceecf3217eacc1958f23b0eff1aec07eff3499454,NONE,YES,
CLM-0693,Decision-oriented evaluation,7 CatBoost Lamb_office_Caitlin no_battery_peak,EXACT_RECOVERED,A,7,outputs/phase7/model_test_decision_metrics.csv,row[15].no_battery_peak,Lamb_office_Caitlin,test,CatBoost,7 CatBoost Lamb_office_Caitlin no_battery_peak,166.95,kW,,8680b2eced090f2ef2e56d5ceecf3217eacc1958f23b0eff1aec07eff3499454,NONE,YES,
CLM-0694,Decision-oriented evaluation,7 CatBoost Lamb_office_Caitlin post_dispatch_peak,EXACT_RECOVERED,A,7,outputs/phase7/model_test_decision_metrics.csv,row[15].post_dispatch_peak,Lamb_office_Caitlin,test,CatBoost,7 CatBoost Lamb_office_Caitlin post_dispatch_peak,160.1285898382633,kW,,8680b2eced090f2ef2e56d5ceecf3217eacc1958f23b0eff1aec07eff3499454,NONE,YES,
CLM-0695,Decision-oriented evaluation,7 CatBoost Lamb_office_Caitlin absolute_peak_reduction,EXACT_RECOVERED,A,7,outputs/phase7/model_test_decision_metrics.csv,row[15].absolute_peak_reduction,Lamb_office_Caitlin,test,CatBoost,7 CatBoost Lamb_office_Caitlin absolute_peak_reduction,6.821410161736679,kW,,8680b2eced090f2ef2e56d5ceecf3217eacc1958f23b0eff1aec07eff3499454,NONE,YES,
CLM-0696,Decision-oriented evaluation,7 CatBoost Lamb_office_Caitlin peak_reduction_percentage,EXACT_RECOVERED,A,7,outputs/phase7/model_test_decision_metrics.csv,row[15].peak_reduction_percentage,Lamb_office_Caitlin,test,CatBoost,7 CatBoost Lamb_office_Caitlin peak_reduction_percentage,4.08590006692823,%,,8680b2eced090f2ef2e56d5ceecf3217eacc1958f23b0eff1aec07eff3499454,NONE,YES,
CLM-0697,Decision-oriented evaluation,7 CatBoost Lamb_office_Caitlin mean_daily_peak,EXACT_RECOVERED,A,7,outputs/phase7/model_test_decision_metrics.csv,row[15].mean_daily_peak,Lamb_office_Caitlin,test,CatBoost,7 CatBoost Lamb_office_Caitlin mean_daily_peak,95.08899314772049,kW,,8680b2eced090f2ef2e56d5ceecf3217eacc1958f23b0eff1aec07eff3499454,NONE,YES,
CLM-0698,Decision-oriented evaluation,7 CatBoost Lamb_office_Caitlin worst_10pct_daily_peak,EXACT_RECOVERED,A,7,outputs/phase7/model_test_decision_metrics.csv,row[15].worst_10pct_daily_peak,Lamb_office_Caitlin,test,CatBoost,7 CatBoost Lamb_office_Caitlin worst_10pct_daily_peak,154.43071520337136,%,,8680b2eced090f2ef2e56d5ceecf3217eacc1958f23b0eff1aec07eff3499454,NONE,YES,
CLM-0699,Decision-oriented evaluation,7 CatBoost Lamb_office_Caitlin mean_regret_vs_oracle,EXACT_RECOVERED,A,7,outputs/phase7/model_test_decision_metrics.csv,row[15].mean_regret_vs_oracle,Lamb_office_Caitlin,test,CatBoost,7 CatBoost Lamb_office_Caitlin mean_regret_vs_oracle,5.766251785072487,kW,,8680b2eced090f2ef2e56d5ceecf3217eacc1958f23b0eff1aec07eff3499454,NONE,YES,
CLM-0700,Decision-oriented evaluation,7 CatBoost Lamb_office_Caitlin p90_regret,EXACT_RECOVERED,A,7,outputs/phase7/model_test_decision_metrics.csv,row[15].p90_regret,Lamb_office_Caitlin,test,CatBoost,7 CatBoost Lamb_office_Caitlin p90_regret,8.290361545147192,kW,,8680b2eced090f2ef2e56d5ceecf3217eacc1958f23b0eff1aec07eff3499454,NONE,YES,
CLM-0701,Decision-oriented evaluation,7 CatBoost Lamb_office_Caitlin max_regret,EXACT_RECOVERED,A,7,outputs/phase7/model_test_decision_metrics.csv,row[15].max_regret,Lamb_office_Caitlin,test,CatBoost,7 CatBoost Lamb_office_Caitlin max_regret,12.89658113567073,kW,,8680b2eced090f2ef2e56d5ceecf3217eacc1958f23b0eff1aec07eff3499454,NONE,YES,
CLM-0702,Decision-oriented evaluation,7 CatBoost Lamb_office_Caitlin oracle_capture_ratio,EXACT_RECOVERED,A,7,outputs/phase7/model_test_decision_metrics.csv,row[15].oracle_capture_ratio,Lamb_office_Caitlin,test,CatBoost,7 CatBoost Lamb_office_Caitlin oracle_capture_ratio,-0.8670861712995205,dimensionless,,8680b2eced090f2ef2e56d5ceecf3217eacc1958f23b0eff1aec07eff3499454,NONE,YES,
CLM-0703,Decision-oriented evaluation,7 CatBoost Lamb_office_Caitlin battery_throughput,EXACT_RECOVERED,A,7,outputs/phase7/model_test_decision_metrics.csv,row[15].battery_throughput,Lamb_office_Caitlin,test,CatBoost,7 CatBoost Lamb_office_Caitlin battery_throughput,2199.884585065978,dimensionless,,8680b2eced090f2ef2e56d5ceecf3217eacc1958f23b0eff1aec07eff3499454,NONE,YES,
CLM-0704,Decision-oriented evaluation,7 CatBoost Lamb_office_Caitlin equivalent_full_cycles,EXACT_RECOVERED,A,7,outputs/phase7/model_test_decision_metrics.csv,row[15].equivalent_full_cycles,Lamb_office_Caitlin,test,CatBoost,7 CatBoost Lamb_office_Caitlin equivalent_full_cycles,20.20013253830069,dimensionless,,8680b2eced090f2ef2e56d5ceecf3217eacc1958f23b0eff1aec07eff3499454,NONE,YES,
CLM-0705,Decision-oriented evaluation,7 CatBoost Lamb_office_Caitlin paired_daily_better,EXACT_RECOVERED,A,7,outputs/phase7/model_test_decision_metrics.csv,row[15].paired_daily_better,Lamb_office_Caitlin,test,CatBoost,7 CatBoost Lamb_office_Caitlin paired_daily_better,13.0,dimensionless,,8680b2eced090f2ef2e56d5ceecf3217eacc1958f23b0eff1aec07eff3499454,NONE,YES,
CLM-0706,Decision-oriented evaluation,7 CatBoost Lamb_office_Caitlin paired_daily_equal,EXACT_RECOVERED,A,7,outputs/phase7/model_test_decision_metrics.csv,row[15].paired_daily_equal,Lamb_office_Caitlin,test,CatBoost,7 CatBoost Lamb_office_Caitlin paired_daily_equal,0.0,dimensionless,,8680b2eced090f2ef2e56d5ceecf3217eacc1958f23b0eff1aec07eff3499454,NONE,YES,
CLM-0707,Decision-oriented evaluation,7 CatBoost Lamb_office_Caitlin paired_daily_worse,EXACT_RECOVERED,A,7,outputs/phase7/model_test_decision_metrics.csv,row[15].paired_daily_worse,Lamb_office_Caitlin,test,CatBoost,7 CatBoost Lamb_office_Caitlin paired_daily_worse,17.0,dimensionless,,8680b2eced090f2ef2e56d5ceecf3217eacc1958f23b0eff1aec07eff3499454,NONE,YES,
CLM-0708,Decision-oriented evaluation,7 DayWeek Robin_office_Addie no_battery_peak,EXACT_RECOVERED,A,7,outputs/phase7/model_test_decision_metrics.csv,row[16].no_battery_peak,Robin_office_Addie,test,DayWeek,7 DayWeek Robin_office_Addie no_battery_peak,27.6,kW,,8680b2eced090f2ef2e56d5ceecf3217eacc1958f23b0eff1aec07eff3499454,NONE,YES,
CLM-0709,Decision-oriented evaluation,7 DayWeek Robin_office_Addie post_dispatch_peak,EXACT_RECOVERED,A,7,outputs/phase7/model_test_decision_metrics.csv,row[16].post_dispatch_peak,Robin_office_Addie,test,DayWeek,7 DayWeek Robin_office_Addie post_dispatch_peak,25.673052647077917,kW,,8680b2eced090f2ef2e56d5ceecf3217eacc1958f23b0eff1aec07eff3499454,NONE,YES,
CLM-0710,Decision-oriented evaluation,7 DayWeek Robin_office_Addie absolute_peak_reduction,EXACT_RECOVERED,A,7,outputs/phase7/model_test_decision_metrics.csv,row[16].absolute_peak_reduction,Robin_office_Addie,test,DayWeek,7 DayWeek Robin_office_Addie absolute_peak_reduction,1.9269473529220846,kW,,8680b2eced090f2ef2e56d5ceecf3217eacc1958f23b0eff1aec07eff3499454,NONE,YES,
CLM-0711,Decision-oriented evaluation,7 DayWeek Robin_office_Addie peak_reduction_percentage,EXACT_RECOVERED,A,7,outputs/phase7/model_test_decision_metrics.csv,row[16].peak_reduction_percentage,Robin_office_Addie,test,DayWeek,7 DayWeek Robin_office_Addie peak_reduction_percentage,6.981693307688712,%,,8680b2eced090f2ef2e56d5ceecf3217eacc1958f23b0eff1aec07eff3499454,NONE,YES,
CLM-0712,Decision-oriented evaluation,7 DayWeek Robin_office_Addie mean_daily_peak,EXACT_RECOVERED,A,7,outputs/phase7/model_test_decision_metrics.csv,row[16].mean_daily_peak,Robin_office_Addie,test,DayWeek,7 DayWeek Robin_office_Addie mean_daily_peak,18.731444745763067,kW,,8680b2eced090f2ef2e56d5ceecf3217eacc1958f23b0eff1aec07eff3499454,NONE,YES,
CLM-0713,Decision-oriented evaluation,7 DayWeek Robin_office_Addie worst_10pct_daily_peak,EXACT_RECOVERED,A,7,outputs/phase7/model_test_decision_metrics.csv,row[16].worst_10pct_daily_peak,Robin_office_Addie,test,DayWeek,7 DayWeek Robin_office_Addie worst_10pct_daily_peak,24.987650348227344,%,,8680b2eced090f2ef2e56d5ceecf3217eacc1958f23b0eff1aec07eff3499454,NONE,YES,
CLM-0714,Decision-oriented evaluation,7 DayWeek Robin_office_Addie mean_regret_vs_oracle,EXACT_RECOVERED,A,7,outputs/phase7/model_test_decision_metrics.csv,row[16].mean_regret_vs_oracle,Robin_office_Addie,test,DayWeek,7 DayWeek Robin_office_Addie mean_regret_vs_oracle,3.7529968503168774,kW,,8680b2eced090f2ef2e56d5ceecf3217eacc1958f23b0eff1aec07eff3499454,NONE,YES,
CLM-0715,Decision-oriented evaluation,7 DayWeek Robin_office_Addie p90_regret,EXACT_RECOVERED,A,7,outputs/phase7/model_test_decision_metrics.csv,row[16].p90_regret,Robin_office_Addie,test,DayWeek,7 DayWeek Robin_office_Addie p90_regret,6.835818977492818,kW,,8680b2eced090f2ef2e56d5ceecf3217eacc1958f23b0eff1aec07eff3499454,NONE,YES,
CLM-0716,Decision-oriented evaluation,7 DayWeek Robin_office_Addie max_regret,EXACT_RECOVERED,A,7,outputs/phase7/model_test_decision_metrics.csv,row[16].max_regret,Robin_office_Addie,test,DayWeek,7 DayWeek Robin_office_Addie max_regret,7.4123074279707915,kW,,8680b2eced090f2ef2e56d5ceecf3217eacc1958f23b0eff1aec07eff3499454,NONE,YES,
CLM-0717,Decision-oriented evaluation,7 DayWeek Robin_office_Addie oracle_capture_ratio,EXACT_RECOVERED,A,7,outputs/phase7/model_test_decision_metrics.csv,row[16].oracle_capture_ratio,Robin_office_Addie,test,DayWeek,7 DayWeek Robin_office_Addie oracle_capture_ratio,-1.9397873940047625,dimensionless,,8680b2eced090f2ef2e56d5ceecf3217eacc1958f23b0eff1aec07eff3499454,NONE,YES,
CLM-0718,Decision-oriented evaluation,7 DayWeek Robin_office_Addie battery_throughput,EXACT_RECOVERED,A,7,outputs/phase7/model_test_decision_metrics.csv,row[16].battery_throughput,Robin_office_Addie,test,DayWeek,7 DayWeek Robin_office_Addie battery_throughput,1495.1934231366672,dimensionless,,8680b2eced090f2ef2e56d5ceecf3217eacc1958f23b0eff1aec07eff3499454,NONE,YES,
CLM-0719,Decision-oriented evaluation,7 DayWeek Robin_office_Addie equivalent_full_cycles,EXACT_RECOVERED,A,7,outputs/phase7/model_test_decision_metrics.csv,row[16].equivalent_full_cycles,Robin_office_Addie,test,DayWeek,7 DayWeek Robin_office_Addie equivalent_full_cycles,14.100283748330106,dimensionless,,8680b2eced090f2ef2e56d5ceecf3217eacc1958f23b0eff1aec07eff3499454,NONE,YES,
CLM-0720,Decision-oriented evaluation,7 DayWeek Robin_office_Addie paired_daily_better,EXACT_RECOVERED,A,7,outputs/phase7/model_test_decision_metrics.csv,row[16].paired_daily_better,Robin_office_Addie,test,DayWeek,7 DayWeek Robin_office_Addie paired_daily_better,0.0,dimensionless,,8680b2eced090f2ef2e56d5ceecf3217eacc1958f23b0eff1aec07eff3499454,NONE,YES,
CLM-0721,Decision-oriented evaluation,7 DayWeek Robin_office_Addie paired_daily_equal,EXACT_RECOVERED,A,7,outputs/phase7/model_test_decision_metrics.csv,row[16].paired_daily_equal,Robin_office_Addie,test,DayWeek,7 DayWeek Robin_office_Addie paired_daily_equal,30.0,dimensionless,,8680b2eced090f2ef2e56d5ceecf3217eacc1958f23b0eff1aec07eff3499454,NONE,YES,
CLM-0722,Decision-oriented evaluation,7 DayWeek Robin_office_Addie paired_daily_worse,EXACT_RECOVERED,A,7,outputs/phase7/model_test_decision_metrics.csv,row[16].paired_daily_worse,Robin_office_Addie,test,DayWeek,7 DayWeek Robin_office_Addie paired_daily_worse,0.0,dimensionless,,8680b2eced090f2ef2e56d5ceecf3217eacc1958f23b0eff1aec07eff3499454,NONE,YES,
CLM-0723,Decision-oriented evaluation,7 LightGBM Robin_office_Addie no_battery_peak,EXACT_RECOVERED,A,7,outputs/phase7/model_test_decision_metrics.csv,row[17].no_battery_peak,Robin_office_Addie,test,LightGBM,7 LightGBM Robin_office_Addie no_battery_peak,27.6,kW,,8680b2eced090f2ef2e56d5ceecf3217eacc1958f23b0eff1aec07eff3499454,NONE,YES,
CLM-0724,Decision-oriented evaluation,7 LightGBM Robin_office_Addie post_dispatch_peak,EXACT_RECOVERED,A,7,outputs/phase7/model_test_decision_metrics.csv,row[17].post_dispatch_peak,Robin_office_Addie,test,LightGBM,7 LightGBM Robin_office_Addie post_dispatch_peak,24.49850618893199,kW,,8680b2eced090f2ef2e56d5ceecf3217eacc1958f23b0eff1aec07eff3499454,NONE,YES,
CLM-0725,Decision-oriented evaluation,7 LightGBM Robin_office_Addie absolute_peak_reduction,EXACT_RECOVERED,A,7,outputs/phase7/model_test_decision_metrics.csv,row[17].absolute_peak_reduction,Robin_office_Addie,test,LightGBM,7 LightGBM Robin_office_Addie absolute_peak_reduction,3.1014938110680106,kW,,8680b2eced090f2ef2e56d5ceecf3217eacc1958f23b0eff1aec07eff3499454,NONE,YES,
CLM-0726,Decision-oriented evaluation,7 LightGBM Robin_office_Addie peak_reduction_percentage,EXACT_RECOVERED,A,7,outputs/phase7/model_test_decision_metrics.csv,row[17].peak_reduction_percentage,Robin_office_Addie,test,LightGBM,7 LightGBM Robin_office_Addie peak_reduction_percentage,11.23729641691308,%,,8680b2eced090f2ef2e56d5ceecf3217eacc1958f23b0eff1aec07eff3499454,NONE,YES,
CLM-0727,Decision-oriented evaluation,7 LightGBM Robin_office_Addie mean_daily_peak,EXACT_RECOVERED,A,7,outputs/phase7/model_test_decision_metrics.csv,row[17].mean_daily_peak,Robin_office_Addie,test,LightGBM,7 LightGBM Robin_office_Addie mean_daily_peak,17.50994236621859,kW,,8680b2eced090f2ef2e56d5ceecf3217eacc1958f23b0eff1aec07eff3499454,NONE,YES,
CLM-0728,Decision-oriented evaluation,7 LightGBM Robin_office_Addie worst_10pct_daily_peak,EXACT_RECOVERED,A,7,outputs/phase7/model_test_decision_metrics.csv,row[17].worst_10pct_daily_peak,Robin_office_Addie,test,LightGBM,7 LightGBM Robin_office_Addie worst_10pct_daily_peak,23.861348147275134,%,,8680b2eced090f2ef2e56d5ceecf3217eacc1958f23b0eff1aec07eff3499454,NONE,YES,
CLM-0729,Decision-oriented evaluation,7 LightGBM Robin_office_Addie mean_regret_vs_oracle,EXACT_RECOVERED,A,7,outputs/phase7/model_test_decision_metrics.csv,row[17].mean_regret_vs_oracle,Robin_office_Addie,test,LightGBM,7 LightGBM Robin_office_Addie mean_regret_vs_oracle,2.5314944707724,kW,,8680b2eced090f2ef2e56d5ceecf3217eacc1958f23b0eff1aec07eff3499454,NONE,YES,
CLM-0730,Decision-oriented evaluation,7 LightGBM Robin_office_Addie p90_regret,EXACT_RECOVERED,A,7,outputs/phase7/model_test_decision_metrics.csv,row[17].p90_regret,Robin_office_Addie,test,LightGBM,7 LightGBM Robin_office_Addie p90_regret,4.488436644414505,kW,,8680b2eced090f2ef2e56d5ceecf3217eacc1958f23b0eff1aec07eff3499454,NONE,YES,
CLM-0731,Decision-oriented evaluation,7 LightGBM Robin_office_Addie max_regret,EXACT_RECOVERED,A,7,outputs/phase7/model_test_decision_metrics.csv,row[17].max_regret,Robin_office_Addie,test,LightGBM,7 LightGBM Robin_office_Addie max_regret,5.78450703001397,kW,,8680b2eced090f2ef2e56d5ceecf3217eacc1958f23b0eff1aec07eff3499454,NONE,YES,
CLM-0732,Decision-oriented evaluation,7 LightGBM Robin_office_Addie oracle_capture_ratio,EXACT_RECOVERED,A,7,outputs/phase7/model_test_decision_metrics.csv,row[17].oracle_capture_ratio,Robin_office_Addie,test,LightGBM,7 LightGBM Robin_office_Addie oracle_capture_ratio,-0.7486968428021008,dimensionless,,8680b2eced090f2ef2e56d5ceecf3217eacc1958f23b0eff1aec07eff3499454,NONE,YES,
CLM-0733,Decision-oriented evaluation,7 LightGBM Robin_office_Addie battery_throughput,EXACT_RECOVERED,A,7,outputs/phase7/model_test_decision_metrics.csv,row[17].battery_throughput,Robin_office_Addie,test,LightGBM,7 LightGBM Robin_office_Addie battery_throughput,1144.870776440374,dimensionless,,8680b2eced090f2ef2e56d5ceecf3217eacc1958f23b0eff1aec07eff3499454,NONE,YES,
CLM-0734,Decision-oriented evaluation,7 LightGBM Robin_office_Addie equivalent_full_cycles,EXACT_RECOVERED,A,7,outputs/phase7/model_test_decision_metrics.csv,row[17].equivalent_full_cycles,Robin_office_Addie,test,LightGBM,7 LightGBM Robin_office_Addie equivalent_full_cycles,10.796598321784309,dimensionless,,8680b2eced090f2ef2e56d5ceecf3217eacc1958f23b0eff1aec07eff3499454,NONE,YES,
CLM-0735,Decision-oriented evaluation,7 LightGBM Robin_office_Addie paired_daily_better,EXACT_RECOVERED,A,7,outputs/phase7/model_test_decision_metrics.csv,row[17].paired_daily_better,Robin_office_Addie,test,LightGBM,7 LightGBM Robin_office_Addie paired_daily_better,26.0,dimensionless,,8680b2eced090f2ef2e56d5ceecf3217eacc1958f23b0eff1aec07eff3499454,NONE,YES,
CLM-0736,Decision-oriented evaluation,7 LightGBM Robin_office_Addie paired_daily_equal,EXACT_RECOVERED,A,7,outputs/phase7/model_test_decision_metrics.csv,row[17].paired_daily_equal,Robin_office_Addie,test,LightGBM,7 LightGBM Robin_office_Addie paired_daily_equal,0.0,dimensionless,,8680b2eced090f2ef2e56d5ceecf3217eacc1958f23b0eff1aec07eff3499454,NONE,YES,
CLM-0737,Decision-oriented evaluation,7 LightGBM Robin_office_Addie paired_daily_worse,EXACT_RECOVERED,A,7,outputs/phase7/model_test_decision_metrics.csv,row[17].paired_daily_worse,Robin_office_Addie,test,LightGBM,7 LightGBM Robin_office_Addie paired_daily_worse,4.0,dimensionless,,8680b2eced090f2ef2e56d5ceecf3217eacc1958f23b0eff1aec07eff3499454,NONE,YES,
CLM-0738,Decision-oriented evaluation,7 XGBoost Robin_office_Addie no_battery_peak,EXACT_RECOVERED,A,7,outputs/phase7/model_test_decision_metrics.csv,row[18].no_battery_peak,Robin_office_Addie,test,XGBoost,7 XGBoost Robin_office_Addie no_battery_peak,27.6,kW,,8680b2eced090f2ef2e56d5ceecf3217eacc1958f23b0eff1aec07eff3499454,NONE,YES,
CLM-0739,Decision-oriented evaluation,7 XGBoost Robin_office_Addie post_dispatch_peak,EXACT_RECOVERED,A,7,outputs/phase7/model_test_decision_metrics.csv,row[18].post_dispatch_peak,Robin_office_Addie,test,XGBoost,7 XGBoost Robin_office_Addie post_dispatch_peak,24.123550248372425,kW,,8680b2eced090f2ef2e56d5ceecf3217eacc1958f23b0eff1aec07eff3499454,NONE,YES,
CLM-0740,Decision-oriented evaluation,7 XGBoost Robin_office_Addie absolute_peak_reduction,EXACT_RECOVERED,A,7,outputs/phase7/model_test_decision_metrics.csv,row[18].absolute_peak_reduction,Robin_office_Addie,test,XGBoost,7 XGBoost Robin_office_Addie absolute_peak_reduction,3.4764497516275767,kW,,8680b2eced090f2ef2e56d5ceecf3217eacc1958f23b0eff1aec07eff3499454,NONE,YES,
CLM-0741,Decision-oriented evaluation,7 XGBoost Robin_office_Addie peak_reduction_percentage,EXACT_RECOVERED,A,7,outputs/phase7/model_test_decision_metrics.csv,row[18].peak_reduction_percentage,Robin_office_Addie,test,XGBoost,7 XGBoost Robin_office_Addie peak_reduction_percentage,12.595832433433248,%,,8680b2eced090f2ef2e56d5ceecf3217eacc1958f23b0eff1aec07eff3499454,NONE,YES,
CLM-0742,Decision-oriented evaluation,7 XGBoost Robin_office_Addie mean_daily_peak,EXACT_RECOVERED,A,7,outputs/phase7/model_test_decision_metrics.csv,row[18].mean_daily_peak,Robin_office_Addie,test,XGBoost,7 XGBoost Robin_office_Addie mean_daily_peak,17.262281974189623,kW,,8680b2eced090f2ef2e56d5ceecf3217eacc1958f23b0eff1aec07eff3499454,NONE,YES,
CLM-0743,Decision-oriented evaluation,7 XGBoost Robin_office_Addie worst_10pct_daily_peak,EXACT_RECOVERED,A,7,outputs/phase7/model_test_decision_metrics.csv,row[18].worst_10pct_daily_peak,Robin_office_Addie,test,XGBoost,7 XGBoost Robin_office_Addie worst_10pct_daily_peak,23.173194566716305,%,,8680b2eced090f2ef2e56d5ceecf3217eacc1958f23b0eff1aec07eff3499454,NONE,YES,
CLM-0744,Decision-oriented evaluation,7 XGBoost Robin_office_Addie mean_regret_vs_oracle,EXACT_RECOVERED,A,7,outputs/phase7/model_test_decision_metrics.csv,row[18].mean_regret_vs_oracle,Robin_office_Addie,test,XGBoost,7 XGBoost Robin_office_Addie mean_regret_vs_oracle,2.2838340787434337,kW,,8680b2eced090f2ef2e56d5ceecf3217eacc1958f23b0eff1aec07eff3499454,NONE,YES,
CLM-0745,Decision-oriented evaluation,7 XGBoost Robin_office_Addie p90_regret,EXACT_RECOVERED,A,7,outputs/phase7/model_test_decision_metrics.csv,row[18].p90_regret,Robin_office_Addie,test,XGBoost,7 XGBoost Robin_office_Addie p90_regret,3.555786395971041,kW,,8680b2eced090f2ef2e56d5ceecf3217eacc1958f23b0eff1aec07eff3499454,NONE,YES,
CLM-0746,Decision-oriented evaluation,7 XGBoost Robin_office_Addie max_regret,EXACT_RECOVERED,A,7,outputs/phase7/model_test_decision_metrics.csv,row[18].max_regret,Robin_office_Addie,test,XGBoost,7 XGBoost Robin_office_Addie max_regret,4.864306277234519,kW,,8680b2eced090f2ef2e56d5ceecf3217eacc1958f23b0eff1aec07eff3499454,NONE,YES,
CLM-0747,Decision-oriented evaluation,7 XGBoost Robin_office_Addie oracle_capture_ratio,EXACT_RECOVERED,A,7,outputs/phase7/model_test_decision_metrics.csv,row[18].oracle_capture_ratio,Robin_office_Addie,test,XGBoost,7 XGBoost Robin_office_Addie oracle_capture_ratio,-0.37865459023521225,dimensionless,,8680b2eced090f2ef2e56d5ceecf3217eacc1958f23b0eff1aec07eff3499454,NONE,YES,
CLM-0748,Decision-oriented evaluation,7 XGBoost Robin_office_Addie battery_throughput,EXACT_RECOVERED,A,7,outputs/phase7/model_test_decision_metrics.csv,row[18].battery_throughput,Robin_office_Addie,test,XGBoost,7 XGBoost Robin_office_Addie battery_throughput,1057.5803404157373,dimensionless,,8680b2eced090f2ef2e56d5ceecf3217eacc1958f23b0eff1aec07eff3499454,NONE,YES,
CLM-0749,Decision-oriented evaluation,7 XGBoost Robin_office_Addie equivalent_full_cycles,EXACT_RECOVERED,A,7,outputs/phase7/model_test_decision_metrics.csv,row[18].equivalent_full_cycles,Robin_office_Addie,test,XGBoost,7 XGBoost Robin_office_Addie equivalent_full_cycles,9.973413911381561,dimensionless,,8680b2eced090f2ef2e56d5ceecf3217eacc1958f23b0eff1aec07eff3499454,NONE,YES,
CLM-0750,Decision-oriented evaluation,7 XGBoost Robin_office_Addie paired_daily_better,EXACT_RECOVERED,A,7,outputs/phase7/model_test_decision_metrics.csv,row[18].paired_daily_better,Robin_office_Addie,test,XGBoost,7 XGBoost Robin_office_Addie paired_daily_better,25.0,dimensionless,,8680b2eced090f2ef2e56d5ceecf3217eacc1958f23b0eff1aec07eff3499454,NONE,YES,
CLM-0751,Decision-oriented evaluation,7 XGBoost Robin_office_Addie paired_daily_equal,EXACT_RECOVERED,A,7,outputs/phase7/model_test_decision_metrics.csv,row[18].paired_daily_equal,Robin_office_Addie,test,XGBoost,7 XGBoost Robin_office_Addie paired_daily_equal,0.0,dimensionless,,8680b2eced090f2ef2e56d5ceecf3217eacc1958f23b0eff1aec07eff3499454,NONE,YES,
CLM-0752,Decision-oriented evaluation,7 XGBoost Robin_office_Addie paired_daily_worse,EXACT_RECOVERED,A,7,outputs/phase7/model_test_decision_metrics.csv,row[18].paired_daily_worse,Robin_office_Addie,test,XGBoost,7 XGBoost Robin_office_Addie paired_daily_worse,5.0,dimensionless,,8680b2eced090f2ef2e56d5ceecf3217eacc1958f23b0eff1aec07eff3499454,NONE,YES,
CLM-0753,Decision-oriented evaluation,7 CatBoost Robin_office_Addie no_battery_peak,EXACT_RECOVERED,A,7,outputs/phase7/model_test_decision_metrics.csv,row[19].no_battery_peak,Robin_office_Addie,test,CatBoost,7 CatBoost Robin_office_Addie no_battery_peak,27.6,kW,,8680b2eced090f2ef2e56d5ceecf3217eacc1958f23b0eff1aec07eff3499454,NONE,YES,
CLM-0754,Decision-oriented evaluation,7 CatBoost Robin_office_Addie post_dispatch_peak,EXACT_RECOVERED,A,7,outputs/phase7/model_test_decision_metrics.csv,row[19].post_dispatch_peak,Robin_office_Addie,test,CatBoost,7 CatBoost Robin_office_Addie post_dispatch_peak,23.946673158449663,kW,,8680b2eced090f2ef2e56d5ceecf3217eacc1958f23b0eff1aec07eff3499454,NONE,YES,
CLM-0755,Decision-oriented evaluation,7 CatBoost Robin_office_Addie absolute_peak_reduction,EXACT_RECOVERED,A,7,outputs/phase7/model_test_decision_metrics.csv,row[19].absolute_peak_reduction,Robin_office_Addie,test,CatBoost,7 CatBoost Robin_office_Addie absolute_peak_reduction,3.6533268415503386,kW,,8680b2eced090f2ef2e56d5ceecf3217eacc1958f23b0eff1aec07eff3499454,NONE,YES,
CLM-0756,Decision-oriented evaluation,7 CatBoost Robin_office_Addie peak_reduction_percentage,EXACT_RECOVERED,A,7,outputs/phase7/model_test_decision_metrics.csv,row[19].peak_reduction_percentage,Robin_office_Addie,test,CatBoost,7 CatBoost Robin_office_Addie peak_reduction_percentage,13.236691454892531,%,,8680b2eced090f2ef2e56d5ceecf3217eacc1958f23b0eff1aec07eff3499454,NONE,YES,
CLM-0757,Decision-oriented evaluation,7 CatBoost Robin_office_Addie mean_daily_peak,EXACT_RECOVERED,A,7,outputs/phase7/model_test_decision_metrics.csv,row[19].mean_daily_peak,Robin_office_Addie,test,CatBoost,7 CatBoost Robin_office_Addie mean_daily_peak,17.498294696632126,kW,,8680b2eced090f2ef2e56d5ceecf3217eacc1958f23b0eff1aec07eff3499454,NONE,YES,
CLM-0758,Decision-oriented evaluation,7 CatBoost Robin_office_Addie worst_10pct_daily_peak,EXACT_RECOVERED,A,7,outputs/phase7/model_test_decision_metrics.csv,row[19].worst_10pct_daily_peak,Robin_office_Addie,test,CatBoost,7 CatBoost Robin_office_Addie worst_10pct_daily_peak,23.434056724625787,%,,8680b2eced090f2ef2e56d5ceecf3217eacc1958f23b0eff1aec07eff3499454,NONE,YES,
CLM-0759,Decision-oriented evaluation,7 CatBoost Robin_office_Addie mean_regret_vs_oracle,EXACT_RECOVERED,A,7,outputs/phase7/model_test_decision_metrics.csv,row[19].mean_regret_vs_oracle,Robin_office_Addie,test,CatBoost,7 CatBoost Robin_office_Addie mean_regret_vs_oracle,2.5198468011859365,kW,,8680b2eced090f2ef2e56d5ceecf3217eacc1958f23b0eff1aec07eff3499454,NONE,YES,
CLM-0760,Decision-oriented evaluation,7 CatBoost Robin_office_Addie p90_regret,EXACT_RECOVERED,A,7,outputs/phase7/model_test_decision_metrics.csv,row[19].p90_regret,Robin_office_Addie,test,CatBoost,7 CatBoost Robin_office_Addie p90_regret,4.282227268582674,kW,,8680b2eced090f2ef2e56d5ceecf3217eacc1958f23b0eff1aec07eff3499454,NONE,YES,
CLM-0761,Decision-oriented evaluation,7 CatBoost Robin_office_Addie max_regret,EXACT_RECOVERED,A,7,outputs/phase7/model_test_decision_metrics.csv,row[19].max_regret,Robin_office_Addie,test,CatBoost,7 CatBoost Robin_office_Addie max_regret,5.308461379760825,kW,,8680b2eced090f2ef2e56d5ceecf3217eacc1958f23b0eff1aec07eff3499454,NONE,YES,
CLM-0762,Decision-oriented evaluation,7 CatBoost Robin_office_Addie oracle_capture_ratio,EXACT_RECOVERED,A,7,outputs/phase7/model_test_decision_metrics.csv,row[19].oracle_capture_ratio,Robin_office_Addie,test,CatBoost,7 CatBoost Robin_office_Addie oracle_capture_ratio,-0.5985486324655702,dimensionless,,8680b2eced090f2ef2e56d5ceecf3217eacc1958f23b0eff1aec07eff3499454,NONE,YES,
CLM-0763,Decision-oriented evaluation,7 CatBoost Robin_office_Addie battery_throughput,EXACT_RECOVERED,A,7,outputs/phase7/model_test_decision_metrics.csv,row[19].battery_throughput,Robin_office_Addie,test,CatBoost,7 CatBoost Robin_office_Addie battery_throughput,1097.4903339560647,dimensionless,,8680b2eced090f2ef2e56d5ceecf3217eacc1958f23b0eff1aec07eff3499454,NONE,YES,
CLM-0764,Decision-oriented evaluation,7 CatBoost Robin_office_Addie equivalent_full_cycles,EXACT_RECOVERED,A,7,outputs/phase7/model_test_decision_metrics.csv,row[19].equivalent_full_cycles,Robin_office_Addie,test,CatBoost,7 CatBoost Robin_office_Addie equivalent_full_cycles,10.349781426516888,dimensionless,,8680b2eced090f2ef2e56d5ceecf3217eacc1958f23b0eff1aec07eff3499454,NONE,YES,
CLM-0765,Decision-oriented evaluation,7 CatBoost Robin_office_Addie paired_daily_better,EXACT_RECOVERED,A,7,outputs/phase7/model_test_decision_metrics.csv,row[19].paired_daily_better,Robin_office_Addie,test,CatBoost,7 CatBoost Robin_office_Addie paired_daily_better,25.0,dimensionless,,8680b2eced090f2ef2e56d5ceecf3217eacc1958f23b0eff1aec07eff3499454,NONE,YES,
CLM-0766,Decision-oriented evaluation,7 CatBoost Robin_office_Addie paired_daily_equal,EXACT_RECOVERED,A,7,outputs/phase7/model_test_decision_metrics.csv,row[19].paired_daily_equal,Robin_office_Addie,test,CatBoost,7 CatBoost Robin_office_Addie paired_daily_equal,0.0,dimensionless,,8680b2eced090f2ef2e56d5ceecf3217eacc1958f23b0eff1aec07eff3499454,NONE,YES,
CLM-0767,Decision-oriented evaluation,7 CatBoost Robin_office_Addie paired_daily_worse,EXACT_RECOVERED,A,7,outputs/phase7/model_test_decision_metrics.csv,row[19].paired_daily_worse,Robin_office_Addie,test,CatBoost,7 CatBoost Robin_office_Addie paired_daily_worse,5.0,dimensionless,,8680b2eced090f2ef2e56d5ceecf3217eacc1958f23b0eff1aec07eff3499454,NONE,YES,
CLM-0768,Decision-oriented evaluation,7 DayWeek Lamb_office_Gerardo no_battery_peak,EXACT_RECOVERED,A,7,outputs/phase7/model_test_decision_metrics.csv,row[20].no_battery_peak,Lamb_office_Gerardo,test,DayWeek,7 DayWeek Lamb_office_Gerardo no_battery_peak,53.61,kW,,8680b2eced090f2ef2e56d5ceecf3217eacc1958f23b0eff1aec07eff3499454,NONE,YES,
CLM-0769,Decision-oriented evaluation,7 DayWeek Lamb_office_Gerardo post_dispatch_peak,EXACT_RECOVERED,A,7,outputs/phase7/model_test_decision_metrics.csv,row[20].post_dispatch_peak,Lamb_office_Gerardo,test,DayWeek,7 DayWeek Lamb_office_Gerardo post_dispatch_peak,52.19,kW,,8680b2eced090f2ef2e56d5ceecf3217eacc1958f23b0eff1aec07eff3499454,NONE,YES,
CLM-0770,Decision-oriented evaluation,7 DayWeek Lamb_office_Gerardo absolute_peak_reduction,EXACT_RECOVERED,A,7,outputs/phase7/model_test_decision_metrics.csv,row[20].absolute_peak_reduction,Lamb_office_Gerardo,test,DayWeek,7 DayWeek Lamb_office_Gerardo absolute_peak_reduction,1.4200000000000017,kW,,8680b2eced090f2ef2e56d5ceecf3217eacc1958f23b0eff1aec07eff3499454,NONE,YES,
CLM-0771,Decision-oriented evaluation,7 DayWeek Lamb_office_Gerardo peak_reduction_percentage,EXACT_RECOVERED,A,7,outputs/phase7/model_test_decision_metrics.csv,row[20].peak_reduction_percentage,Lamb_office_Gerardo,test,DayWeek,7 DayWeek Lamb_office_Gerardo peak_reduction_percentage,2.6487595597836258,%,,8680b2eced090f2ef2e56d5ceecf3217eacc1958f23b0eff1aec07eff3499454,NONE,YES,
CLM-0772,Decision-oriented evaluation,7 DayWeek Lamb_office_Gerardo mean_daily_peak,EXACT_RECOVERED,A,7,outputs/phase7/model_test_decision_metrics.csv,row[20].mean_daily_peak,Lamb_office_Gerardo,test,DayWeek,7 DayWeek Lamb_office_Gerardo mean_daily_peak,26.33635783341203,kW,,8680b2eced090f2ef2e56d5ceecf3217eacc1958f23b0eff1aec07eff3499454,NONE,YES,
CLM-0773,Decision-oriented evaluation,7 DayWeek Lamb_office_Gerardo worst_10pct_daily_peak,EXACT_RECOVERED,A,7,outputs/phase7/model_test_decision_metrics.csv,row[20].worst_10pct_daily_peak,Lamb_office_Gerardo,test,DayWeek,7 DayWeek Lamb_office_Gerardo worst_10pct_daily_peak,50.41356122686275,%,,8680b2eced090f2ef2e56d5ceecf3217eacc1958f23b0eff1aec07eff3499454,NONE,YES,
CLM-0774,Decision-oriented evaluation,7 DayWeek Lamb_office_Gerardo mean_regret_vs_oracle,EXACT_RECOVERED,A,7,outputs/phase7/model_test_decision_metrics.csv,row[20].mean_regret_vs_oracle,Lamb_office_Gerardo,test,DayWeek,7 DayWeek Lamb_office_Gerardo mean_regret_vs_oracle,3.130481951928546,kW,,8680b2eced090f2ef2e56d5ceecf3217eacc1958f23b0eff1aec07eff3499454,NONE,YES,
CLM-0775,Decision-oriented evaluation,7 DayWeek Lamb_office_Gerardo p90_regret,EXACT_RECOVERED,A,7,outputs/phase7/model_test_decision_metrics.csv,row[20].p90_regret,Lamb_office_Gerardo,test,DayWeek,7 DayWeek Lamb_office_Gerardo p90_regret,5.630684918654199,kW,,8680b2eced090f2ef2e56d5ceecf3217eacc1958f23b0eff1aec07eff3499454,NONE,YES,
CLM-0776,Decision-oriented evaluation,7 DayWeek Lamb_office_Gerardo max_regret,EXACT_RECOVERED,A,7,outputs/phase7/model_test_decision_metrics.csv,row[20].max_regret,Lamb_office_Gerardo,test,DayWeek,7 DayWeek Lamb_office_Gerardo max_regret,7.379999999999988,kW,,8680b2eced090f2ef2e56d5ceecf3217eacc1958f23b0eff1aec07eff3499454,NONE,YES,
CLM-0777,Decision-oriented evaluation,7 DayWeek Lamb_office_Gerardo oracle_capture_ratio,EXACT_RECOVERED,A,7,outputs/phase7/model_test_decision_metrics.csv,row[20].oracle_capture_ratio,Lamb_office_Gerardo,test,DayWeek,7 DayWeek Lamb_office_Gerardo oracle_capture_ratio,-0.6222282429371959,dimensionless,,8680b2eced090f2ef2e56d5ceecf3217eacc1958f23b0eff1aec07eff3499454,NONE,YES,
CLM-0778,Decision-oriented evaluation,7 DayWeek Lamb_office_Gerardo battery_throughput,EXACT_RECOVERED,A,7,outputs/phase7/model_test_decision_metrics.csv,row[20].battery_throughput,Lamb_office_Gerardo,test,DayWeek,7 DayWeek Lamb_office_Gerardo battery_throughput,651.1763879383852,dimensionless,,8680b2eced090f2ef2e56d5ceecf3217eacc1958f23b0eff1aec07eff3499454,NONE,YES,
CLM-0779,Decision-oriented evaluation,7 DayWeek Lamb_office_Gerardo equivalent_full_cycles,EXACT_RECOVERED,A,7,outputs/phase7/model_test_decision_metrics.csv,row[20].equivalent_full_cycles,Lamb_office_Gerardo,test,DayWeek,7 DayWeek Lamb_office_Gerardo equivalent_full_cycles,15.040977279906244,dimensionless,,8680b2eced090f2ef2e56d5ceecf3217eacc1958f23b0eff1aec07eff3499454,NONE,YES,
CLM-0780,Decision-oriented evaluation,7 DayWeek Lamb_office_Gerardo paired_daily_better,EXACT_RECOVERED,A,7,outputs/phase7/model_test_decision_metrics.csv,row[20].paired_daily_better,Lamb_office_Gerardo,test,DayWeek,7 DayWeek Lamb_office_Gerardo paired_daily_better,0.0,dimensionless,,8680b2eced090f2ef2e56d5ceecf3217eacc1958f23b0eff1aec07eff3499454,NONE,YES,
CLM-0781,Decision-oriented evaluation,7 DayWeek Lamb_office_Gerardo paired_daily_equal,EXACT_RECOVERED,A,7,outputs/phase7/model_test_decision_metrics.csv,row[20].paired_daily_equal,Lamb_office_Gerardo,test,DayWeek,7 DayWeek Lamb_office_Gerardo paired_daily_equal,30.0,dimensionless,,8680b2eced090f2ef2e56d5ceecf3217eacc1958f23b0eff1aec07eff3499454,NONE,YES,
CLM-0782,Decision-oriented evaluation,7 DayWeek Lamb_office_Gerardo paired_daily_worse,EXACT_RECOVERED,A,7,outputs/phase7/model_test_decision_metrics.csv,row[20].paired_daily_worse,Lamb_office_Gerardo,test,DayWeek,7 DayWeek Lamb_office_Gerardo paired_daily_worse,0.0,dimensionless,,8680b2eced090f2ef2e56d5ceecf3217eacc1958f23b0eff1aec07eff3499454,NONE,YES,
CLM-0783,Decision-oriented evaluation,7 LightGBM Lamb_office_Gerardo no_battery_peak,EXACT_RECOVERED,A,7,outputs/phase7/model_test_decision_metrics.csv,row[21].no_battery_peak,Lamb_office_Gerardo,test,LightGBM,7 LightGBM Lamb_office_Gerardo no_battery_peak,53.61,kW,,8680b2eced090f2ef2e56d5ceecf3217eacc1958f23b0eff1aec07eff3499454,NONE,YES,
CLM-0784,Decision-oriented evaluation,7 LightGBM Lamb_office_Gerardo post_dispatch_peak,EXACT_RECOVERED,A,7,outputs/phase7/model_test_decision_metrics.csv,row[21].post_dispatch_peak,Lamb_office_Gerardo,test,LightGBM,7 LightGBM Lamb_office_Gerardo post_dispatch_peak,52.19,kW,,8680b2eced090f2ef2e56d5ceecf3217eacc1958f23b0eff1aec07eff3499454,NONE,YES,
CLM-0785,Decision-oriented evaluation,7 LightGBM Lamb_office_Gerardo absolute_peak_reduction,EXACT_RECOVERED,A,7,outputs/phase7/model_test_decision_metrics.csv,row[21].absolute_peak_reduction,Lamb_office_Gerardo,test,LightGBM,7 LightGBM Lamb_office_Gerardo absolute_peak_reduction,1.4200000000000017,kW,,8680b2eced090f2ef2e56d5ceecf3217eacc1958f23b0eff1aec07eff3499454,NONE,YES,
CLM-0786,Decision-oriented evaluation,7 LightGBM Lamb_office_Gerardo peak_reduction_percentage,EXACT_RECOVERED,A,7,outputs/phase7/model_test_decision_metrics.csv,row[21].peak_reduction_percentage,Lamb_office_Gerardo,test,LightGBM,7 LightGBM Lamb_office_Gerardo peak_reduction_percentage,2.6487595597836258,%,,8680b2eced090f2ef2e56d5ceecf3217eacc1958f23b0eff1aec07eff3499454,NONE,YES,
CLM-0787,Decision-oriented evaluation,7 LightGBM Lamb_office_Gerardo mean_daily_peak,EXACT_RECOVERED,A,7,outputs/phase7/model_test_decision_metrics.csv,row[21].mean_daily_peak,Lamb_office_Gerardo,test,LightGBM,7 LightGBM Lamb_office_Gerardo mean_daily_peak,25.437111528756326,kW,,8680b2eced090f2ef2e56d5ceecf3217eacc1958f23b0eff1aec07eff3499454,NONE,YES,
CLM-0788,Decision-oriented evaluation,7 LightGBM Lamb_office_Gerardo worst_10pct_daily_peak,EXACT_RECOVERED,A,7,outputs/phase7/model_test_decision_metrics.csv,row[21].worst_10pct_daily_peak,Lamb_office_Gerardo,test,LightGBM,7 LightGBM Lamb_office_Gerardo worst_10pct_daily_peak,49.80104647760021,%,,8680b2eced090f2ef2e56d5ceecf3217eacc1958f23b0eff1aec07eff3499454,NONE,YES,
CLM-0789,Decision-oriented evaluation,7 LightGBM Lamb_office_Gerardo mean_regret_vs_oracle,EXACT_RECOVERED,A,7,outputs/phase7/model_test_decision_metrics.csv,row[21].mean_regret_vs_oracle,Lamb_office_Gerardo,test,LightGBM,7 LightGBM Lamb_office_Gerardo mean_regret_vs_oracle,2.2312356472728343,kW,,8680b2eced090f2ef2e56d5ceecf3217eacc1958f23b0eff1aec07eff3499454,NONE,YES,
CLM-0790,Decision-oriented evaluation,7 LightGBM Lamb_office_Gerardo p90_regret,EXACT_RECOVERED,A,7,outputs/phase7/model_test_decision_metrics.csv,row[21].p90_regret,Lamb_office_Gerardo,test,LightGBM,7 LightGBM Lamb_office_Gerardo p90_regret,4.524903111367715,kW,,8680b2eced090f2ef2e56d5ceecf3217eacc1958f23b0eff1aec07eff3499454,NONE,YES,
CLM-0791,Decision-oriented evaluation,7 LightGBM Lamb_office_Gerardo max_regret,EXACT_RECOVERED,A,7,outputs/phase7/model_test_decision_metrics.csv,row[21].max_regret,Lamb_office_Gerardo,test,LightGBM,7 LightGBM Lamb_office_Gerardo max_regret,7.131227128008561,kW,,8680b2eced090f2ef2e56d5ceecf3217eacc1958f23b0eff1aec07eff3499454,NONE,YES,
CLM-0792,Decision-oriented evaluation,7 LightGBM Lamb_office_Gerardo oracle_capture_ratio,EXACT_RECOVERED,A,7,outputs/phase7/model_test_decision_metrics.csv,row[21].oracle_capture_ratio,Lamb_office_Gerardo,test,LightGBM,7 LightGBM Lamb_office_Gerardo oracle_capture_ratio,-0.055435154091059397,dimensionless,,8680b2eced090f2ef2e56d5ceecf3217eacc1958f23b0eff1aec07eff3499454,NONE,YES,
CLM-0793,Decision-oriented evaluation,7 LightGBM Lamb_office_Gerardo battery_throughput,EXACT_RECOVERED,A,7,outputs/phase7/model_test_decision_metrics.csv,row[21].battery_throughput,Lamb_office_Gerardo,test,LightGBM,7 LightGBM Lamb_office_Gerardo battery_throughput,610.5964888185725,dimensionless,,8680b2eced090f2ef2e56d5ceecf3217eacc1958f23b0eff1aec07eff3499454,NONE,YES,
CLM-0794,Decision-oriented evaluation,7 LightGBM Lamb_office_Gerardo equivalent_full_cycles,EXACT_RECOVERED,A,7,outputs/phase7/model_test_decision_metrics.csv,row[21].equivalent_full_cycles,Lamb_office_Gerardo,test,LightGBM,7 LightGBM Lamb_office_Gerardo equivalent_full_cycles,14.103656222221113,dimensionless,,8680b2eced090f2ef2e56d5ceecf3217eacc1958f23b0eff1aec07eff3499454,NONE,YES,
CLM-0795,Decision-oriented evaluation,7 LightGBM Lamb_office_Gerardo paired_daily_better,EXACT_RECOVERED,A,7,outputs/phase7/model_test_decision_metrics.csv,row[21].paired_daily_better,Lamb_office_Gerardo,test,LightGBM,7 LightGBM Lamb_office_Gerardo paired_daily_better,13.0,dimensionless,,8680b2eced090f2ef2e56d5ceecf3217eacc1958f23b0eff1aec07eff3499454,NONE,YES,
CLM-0796,Decision-oriented evaluation,7 LightGBM Lamb_office_Gerardo paired_daily_equal,EXACT_RECOVERED,A,7,outputs/phase7/model_test_decision_metrics.csv,row[21].paired_daily_equal,Lamb_office_Gerardo,test,LightGBM,7 LightGBM Lamb_office_Gerardo paired_daily_equal,3.0,dimensionless,,8680b2eced090f2ef2e56d5ceecf3217eacc1958f23b0eff1aec07eff3499454,NONE,YES,
CLM-0797,Decision-oriented evaluation,7 LightGBM Lamb_office_Gerardo paired_daily_worse,EXACT_RECOVERED,A,7,outputs/phase7/model_test_decision_metrics.csv,row[21].paired_daily_worse,Lamb_office_Gerardo,test,LightGBM,7 LightGBM Lamb_office_Gerardo paired_daily_worse,14.0,dimensionless,,8680b2eced090f2ef2e56d5ceecf3217eacc1958f23b0eff1aec07eff3499454,NONE,YES,
CLM-0798,Decision-oriented evaluation,7 XGBoost Lamb_office_Gerardo no_battery_peak,EXACT_RECOVERED,A,7,outputs/phase7/model_test_decision_metrics.csv,row[22].no_battery_peak,Lamb_office_Gerardo,test,XGBoost,7 XGBoost Lamb_office_Gerardo no_battery_peak,53.61,kW,,8680b2eced090f2ef2e56d5ceecf3217eacc1958f23b0eff1aec07eff3499454,NONE,YES,
CLM-0799,Decision-oriented evaluation,7 XGBoost Lamb_office_Gerardo post_dispatch_peak,EXACT_RECOVERED,A,7,outputs/phase7/model_test_decision_metrics.csv,row[22].post_dispatch_peak,Lamb_office_Gerardo,test,XGBoost,7 XGBoost Lamb_office_Gerardo post_dispatch_peak,52.19,kW,,8680b2eced090f2ef2e56d5ceecf3217eacc1958f23b0eff1aec07eff3499454,NONE,YES,
CLM-0800,Decision-oriented evaluation,7 XGBoost Lamb_office_Gerardo absolute_peak_reduction,EXACT_RECOVERED,A,7,outputs/phase7/model_test_decision_metrics.csv,row[22].absolute_peak_reduction,Lamb_office_Gerardo,test,XGBoost,7 XGBoost Lamb_office_Gerardo absolute_peak_reduction,1.4200000000000017,kW,,8680b2eced090f2ef2e56d5ceecf3217eacc1958f23b0eff1aec07eff3499454,NONE,YES,
CLM-0801,Decision-oriented evaluation,7 XGBoost Lamb_office_Gerardo peak_reduction_percentage,EXACT_RECOVERED,A,7,outputs/phase7/model_test_decision_metrics.csv,row[22].peak_reduction_percentage,Lamb_office_Gerardo,test,XGBoost,7 XGBoost Lamb_office_Gerardo peak_reduction_percentage,2.6487595597836258,%,,8680b2eced090f2ef2e56d5ceecf3217eacc1958f23b0eff1aec07eff3499454,NONE,YES,
CLM-0802,Decision-oriented evaluation,7 XGBoost Lamb_office_Gerardo mean_daily_peak,EXACT_RECOVERED,A,7,outputs/phase7/model_test_decision_metrics.csv,row[22].mean_daily_peak,Lamb_office_Gerardo,test,XGBoost,7 XGBoost Lamb_office_Gerardo mean_daily_peak,25.25474263852958,kW,,8680b2eced090f2ef2e56d5ceecf3217eacc1958f23b0eff1aec07eff3499454,NONE,YES,
CLM-0803,Decision-oriented evaluation,7 XGBoost Lamb_office_Gerardo worst_10pct_daily_peak,EXACT_RECOVERED,A,7,outputs/phase7/model_test_decision_metrics.csv,row[22].worst_10pct_daily_peak,Lamb_office_Gerardo,test,XGBoost,7 XGBoost Lamb_office_Gerardo worst_10pct_daily_peak,49.71313467606279,%,,8680b2eced090f2ef2e56d5ceecf3217eacc1958f23b0eff1aec07eff3499454,NONE,YES,
CLM-0804,Decision-oriented evaluation,7 XGBoost Lamb_office_Gerardo mean_regret_vs_oracle,EXACT_RECOVERED,A,7,outputs/phase7/model_test_decision_metrics.csv,row[22].mean_regret_vs_oracle,Lamb_office_Gerardo,test,XGBoost,7 XGBoost Lamb_office_Gerardo mean_regret_vs_oracle,2.0488667570460977,kW,,8680b2eced090f2ef2e56d5ceecf3217eacc1958f23b0eff1aec07eff3499454,NONE,YES,
CLM-0805,Decision-oriented evaluation,7 XGBoost Lamb_office_Gerardo p90_regret,EXACT_RECOVERED,A,7,outputs/phase7/model_test_decision_metrics.csv,row[22].p90_regret,Lamb_office_Gerardo,test,XGBoost,7 XGBoost Lamb_office_Gerardo p90_regret,4.426037779678343,kW,,8680b2eced090f2ef2e56d5ceecf3217eacc1958f23b0eff1aec07eff3499454,NONE,YES,
CLM-0806,Decision-oriented evaluation,7 XGBoost Lamb_office_Gerardo max_regret,EXACT_RECOVERED,A,7,outputs/phase7/model_test_decision_metrics.csv,row[22].max_regret,Lamb_office_Gerardo,test,XGBoost,7 XGBoost Lamb_office_Gerardo max_regret,5.94346849671479,kW,,8680b2eced090f2ef2e56d5ceecf3217eacc1958f23b0eff1aec07eff3499454,NONE,YES,
CLM-0807,Decision-oriented evaluation,7 XGBoost Lamb_office_Gerardo oracle_capture_ratio,EXACT_RECOVERED,A,7,outputs/phase7/model_test_decision_metrics.csv,row[22].oracle_capture_ratio,Lamb_office_Gerardo,test,XGBoost,7 XGBoost Lamb_office_Gerardo oracle_capture_ratio,-0.07920262661948566,dimensionless,,8680b2eced090f2ef2e56d5ceecf3217eacc1958f23b0eff1aec07eff3499454,NONE,YES,
CLM-0808,Decision-oriented evaluation,7 XGBoost Lamb_office_Gerardo battery_throughput,EXACT_RECOVERED,A,7,outputs/phase7/model_test_decision_metrics.csv,row[22].battery_throughput,Lamb_office_Gerardo,test,XGBoost,7 XGBoost Lamb_office_Gerardo battery_throughput,728.1319050568978,dimensionless,,8680b2eced090f2ef2e56d5ceecf3217eacc1958f23b0eff1aec07eff3499454,NONE,YES,
CLM-0809,Decision-oriented evaluation,7 XGBoost Lamb_office_Gerardo equivalent_full_cycles,EXACT_RECOVERED,A,7,outputs/phase7/model_test_decision_metrics.csv,row[22].equivalent_full_cycles,Lamb_office_Gerardo,test,XGBoost,7 XGBoost Lamb_office_Gerardo equivalent_full_cycles,16.818508231554485,dimensionless,,8680b2eced090f2ef2e56d5ceecf3217eacc1958f23b0eff1aec07eff3499454,NONE,YES,
CLM-0810,Decision-oriented evaluation,7 XGBoost Lamb_office_Gerardo paired_daily_better,EXACT_RECOVERED,A,7,outputs/phase7/model_test_decision_metrics.csv,row[22].paired_daily_better,Lamb_office_Gerardo,test,XGBoost,7 XGBoost Lamb_office_Gerardo paired_daily_better,15.0,dimensionless,,8680b2eced090f2ef2e56d5ceecf3217eacc1958f23b0eff1aec07eff3499454,NONE,YES,
CLM-0811,Decision-oriented evaluation,7 XGBoost Lamb_office_Gerardo paired_daily_equal,EXACT_RECOVERED,A,7,outputs/phase7/model_test_decision_metrics.csv,row[22].paired_daily_equal,Lamb_office_Gerardo,test,XGBoost,7 XGBoost Lamb_office_Gerardo paired_daily_equal,3.0,dimensionless,,8680b2eced090f2ef2e56d5ceecf3217eacc1958f23b0eff1aec07eff3499454,NONE,YES,
CLM-0812,Decision-oriented evaluation,7 XGBoost Lamb_office_Gerardo paired_daily_worse,EXACT_RECOVERED,A,7,outputs/phase7/model_test_decision_metrics.csv,row[22].paired_daily_worse,Lamb_office_Gerardo,test,XGBoost,7 XGBoost Lamb_office_Gerardo paired_daily_worse,12.0,dimensionless,,8680b2eced090f2ef2e56d5ceecf3217eacc1958f23b0eff1aec07eff3499454,NONE,YES,
CLM-0813,Decision-oriented evaluation,7 CatBoost Lamb_office_Gerardo no_battery_peak,EXACT_RECOVERED,A,7,outputs/phase7/model_test_decision_metrics.csv,row[23].no_battery_peak,Lamb_office_Gerardo,test,CatBoost,7 CatBoost Lamb_office_Gerardo no_battery_peak,53.61,kW,,8680b2eced090f2ef2e56d5ceecf3217eacc1958f23b0eff1aec07eff3499454,NONE,YES,
CLM-0814,Decision-oriented evaluation,7 CatBoost Lamb_office_Gerardo post_dispatch_peak,EXACT_RECOVERED,A,7,outputs/phase7/model_test_decision_metrics.csv,row[23].post_dispatch_peak,Lamb_office_Gerardo,test,CatBoost,7 CatBoost Lamb_office_Gerardo post_dispatch_peak,52.19,kW,,8680b2eced090f2ef2e56d5ceecf3217eacc1958f23b0eff1aec07eff3499454,NONE,YES,
CLM-0815,Decision-oriented evaluation,7 CatBoost Lamb_office_Gerardo absolute_peak_reduction,EXACT_RECOVERED,A,7,outputs/phase7/model_test_decision_metrics.csv,row[23].absolute_peak_reduction,Lamb_office_Gerardo,test,CatBoost,7 CatBoost Lamb_office_Gerardo absolute_peak_reduction,1.4200000000000017,kW,,8680b2eced090f2ef2e56d5ceecf3217eacc1958f23b0eff1aec07eff3499454,NONE,YES,
CLM-0816,Decision-oriented evaluation,7 CatBoost Lamb_office_Gerardo peak_reduction_percentage,EXACT_RECOVERED,A,7,outputs/phase7/model_test_decision_metrics.csv,row[23].peak_reduction_percentage,Lamb_office_Gerardo,test,CatBoost,7 CatBoost Lamb_office_Gerardo peak_reduction_percentage,2.6487595597836258,%,,8680b2eced090f2ef2e56d5ceecf3217eacc1958f23b0eff1aec07eff3499454,NONE,YES,
CLM-0817,Decision-oriented evaluation,7 CatBoost Lamb_office_Gerardo mean_daily_peak,EXACT_RECOVERED,A,7,outputs/phase7/model_test_decision_metrics.csv,row[23].mean_daily_peak,Lamb_office_Gerardo,test,CatBoost,7 CatBoost Lamb_office_Gerardo mean_daily_peak,25.254054679519975,kW,,8680b2eced090f2ef2e56d5ceecf3217eacc1958f23b0eff1aec07eff3499454,NONE,YES,
CLM-0818,Decision-oriented evaluation,7 CatBoost Lamb_office_Gerardo worst_10pct_daily_peak,EXACT_RECOVERED,A,7,outputs/phase7/model_test_decision_metrics.csv,row[23].worst_10pct_daily_peak,Lamb_office_Gerardo,test,CatBoost,7 CatBoost Lamb_office_Gerardo worst_10pct_daily_peak,49.33612115495858,%,,8680b2eced090f2ef2e56d5ceecf3217eacc1958f23b0eff1aec07eff3499454,NONE,YES,
CLM-0819,Decision-oriented evaluation,7 CatBoost Lamb_office_Gerardo mean_regret_vs_oracle,EXACT_RECOVERED,A,7,outputs/phase7/model_test_decision_metrics.csv,row[23].mean_regret_vs_oracle,Lamb_office_Gerardo,test,CatBoost,7 CatBoost Lamb_office_Gerardo mean_regret_vs_oracle,2.0481787980364907,kW,,8680b2eced090f2ef2e56d5ceecf3217eacc1958f23b0eff1aec07eff3499454,NONE,YES,
CLM-0820,Decision-oriented evaluation,7 CatBoost Lamb_office_Gerardo p90_regret,EXACT_RECOVERED,A,7,outputs/phase7/model_test_decision_metrics.csv,row[23].p90_regret,Lamb_office_Gerardo,test,CatBoost,7 CatBoost Lamb_office_Gerardo p90_regret,3.9004262800647678,kW,,8680b2eced090f2ef2e56d5ceecf3217eacc1958f23b0eff1aec07eff3499454,NONE,YES,
CLM-0821,Decision-oriented evaluation,7 CatBoost Lamb_office_Gerardo max_regret,EXACT_RECOVERED,A,7,outputs/phase7/model_test_decision_metrics.csv,row[23].max_regret,Lamb_office_Gerardo,test,CatBoost,7 CatBoost Lamb_office_Gerardo max_regret,5.94346849671479,kW,,8680b2eced090f2ef2e56d5ceecf3217eacc1958f23b0eff1aec07eff3499454,NONE,YES,
CLM-0822,Decision-oriented evaluation,7 CatBoost Lamb_office_Gerardo oracle_capture_ratio,EXACT_RECOVERED,A,7,outputs/phase7/model_test_decision_metrics.csv,row[23].oracle_capture_ratio,Lamb_office_Gerardo,test,CatBoost,7 CatBoost Lamb_office_Gerardo oracle_capture_ratio,-0.20037699267412526,dimensionless,,8680b2eced090f2ef2e56d5ceecf3217eacc1958f23b0eff1aec07eff3499454,NONE,YES,
CLM-0823,Decision-oriented evaluation,7 CatBoost Lamb_office_Gerardo battery_throughput,EXACT_RECOVERED,A,7,outputs/phase7/model_test_decision_metrics.csv,row[23].battery_throughput,Lamb_office_Gerardo,test,CatBoost,7 CatBoost Lamb_office_Gerardo battery_throughput,784.7200949661185,dimensionless,,8680b2eced090f2ef2e56d5ceecf3217eacc1958f23b0eff1aec07eff3499454,NONE,YES,
CLM-0824,Decision-oriented evaluation,7 CatBoost Lamb_office_Gerardo equivalent_full_cycles,EXACT_RECOVERED,A,7,outputs/phase7/model_test_decision_metrics.csv,row[23].equivalent_full_cycles,Lamb_office_Gerardo,test,CatBoost,7 CatBoost Lamb_office_Gerardo equivalent_full_cycles,18.125591372929307,dimensionless,,8680b2eced090f2ef2e56d5ceecf3217eacc1958f23b0eff1aec07eff3499454,NONE,YES,
CLM-0825,Decision-oriented evaluation,7 CatBoost Lamb_office_Gerardo paired_daily_better,EXACT_RECOVERED,A,7,outputs/phase7/model_test_decision_metrics.csv,row[23].paired_daily_better,Lamb_office_Gerardo,test,CatBoost,7 CatBoost Lamb_office_Gerardo paired_daily_better,18.0,dimensionless,,8680b2eced090f2ef2e56d5ceecf3217eacc1958f23b0eff1aec07eff3499454,NONE,YES,
CLM-0826,Decision-oriented evaluation,7 CatBoost Lamb_office_Gerardo paired_daily_equal,EXACT_RECOVERED,A,7,outputs/phase7/model_test_decision_metrics.csv,row[23].paired_daily_equal,Lamb_office_Gerardo,test,CatBoost,7 CatBoost Lamb_office_Gerardo paired_daily_equal,1.0,dimensionless,,8680b2eced090f2ef2e56d5ceecf3217eacc1958f23b0eff1aec07eff3499454,NONE,YES,
CLM-0827,Decision-oriented evaluation,7 CatBoost Lamb_office_Gerardo paired_daily_worse,EXACT_RECOVERED,A,7,outputs/phase7/model_test_decision_metrics.csv,row[23].paired_daily_worse,Lamb_office_Gerardo,test,CatBoost,7 CatBoost Lamb_office_Gerardo paired_daily_worse,11.0,dimensionless,,8680b2eced090f2ef2e56d5ceecf3217eacc1958f23b0eff1aec07eff3499454,NONE,YES,
CLM-0828,Decision-oriented evaluation,7 DayWeek Hog_office_Alexis no_battery_peak,EXACT_RECOVERED,A,7,outputs/phase7/model_test_decision_metrics.csv,row[24].no_battery_peak,Hog_office_Alexis,test,DayWeek,7 DayWeek Hog_office_Alexis no_battery_peak,40.164,kW,,8680b2eced090f2ef2e56d5ceecf3217eacc1958f23b0eff1aec07eff3499454,NONE,YES,
CLM-0829,Decision-oriented evaluation,7 DayWeek Hog_office_Alexis post_dispatch_peak,EXACT_RECOVERED,A,7,outputs/phase7/model_test_decision_metrics.csv,row[24].post_dispatch_peak,Hog_office_Alexis,test,DayWeek,7 DayWeek Hog_office_Alexis post_dispatch_peak,37.89647798343622,kW,,8680b2eced090f2ef2e56d5ceecf3217eacc1958f23b0eff1aec07eff3499454,NONE,YES,
CLM-0830,Decision-oriented evaluation,7 DayWeek Hog_office_Alexis absolute_peak_reduction,EXACT_RECOVERED,A,7,outputs/phase7/model_test_decision_metrics.csv,row[24].absolute_peak_reduction,Hog_office_Alexis,test,DayWeek,7 DayWeek Hog_office_Alexis absolute_peak_reduction,2.267522016563781,kW,,8680b2eced090f2ef2e56d5ceecf3217eacc1958f23b0eff1aec07eff3499454,NONE,YES,
CLM-0831,Decision-oriented evaluation,7 DayWeek Hog_office_Alexis peak_reduction_percentage,EXACT_RECOVERED,A,7,outputs/phase7/model_test_decision_metrics.csv,row[24].peak_reduction_percentage,Hog_office_Alexis,test,DayWeek,7 DayWeek Hog_office_Alexis peak_reduction_percentage,5.645657844248036,%,,8680b2eced090f2ef2e56d5ceecf3217eacc1958f23b0eff1aec07eff3499454,NONE,YES,
CLM-0832,Decision-oriented evaluation,7 DayWeek Hog_office_Alexis mean_daily_peak,EXACT_RECOVERED,A,7,outputs/phase7/model_test_decision_metrics.csv,row[24].mean_daily_peak,Hog_office_Alexis,test,DayWeek,7 DayWeek Hog_office_Alexis mean_daily_peak,26.186381509390557,kW,,8680b2eced090f2ef2e56d5ceecf3217eacc1958f23b0eff1aec07eff3499454,NONE,YES,
CLM-0833,Decision-oriented evaluation,7 DayWeek Hog_office_Alexis worst_10pct_daily_peak,EXACT_RECOVERED,A,7,outputs/phase7/model_test_decision_metrics.csv,row[24].worst_10pct_daily_peak,Hog_office_Alexis,test,DayWeek,7 DayWeek Hog_office_Alexis worst_10pct_daily_peak,36.52754013101811,%,,8680b2eced090f2ef2e56d5ceecf3217eacc1958f23b0eff1aec07eff3499454,NONE,YES,
CLM-0834,Decision-oriented evaluation,7 DayWeek Hog_office_Alexis mean_regret_vs_oracle,EXACT_RECOVERED,A,7,outputs/phase7/model_test_decision_metrics.csv,row[24].mean_regret_vs_oracle,Hog_office_Alexis,test,DayWeek,7 DayWeek Hog_office_Alexis mean_regret_vs_oracle,2.9958455932996433,kW,,8680b2eced090f2ef2e56d5ceecf3217eacc1958f23b0eff1aec07eff3499454,NONE,YES,
CLM-0835,Decision-oriented evaluation,7 DayWeek Hog_office_Alexis p90_regret,EXACT_RECOVERED,A,7,outputs/phase7/model_test_decision_metrics.csv,row[24].p90_regret,Hog_office_Alexis,test,DayWeek,7 DayWeek Hog_office_Alexis p90_regret,6.384266112566979,kW,,8680b2eced090f2ef2e56d5ceecf3217eacc1958f23b0eff1aec07eff3499454,NONE,YES,
CLM-0836,Decision-oriented evaluation,7 DayWeek Hog_office_Alexis max_regret,EXACT_RECOVERED,A,7,outputs/phase7/model_test_decision_metrics.csv,row[24].max_regret,Hog_office_Alexis,test,DayWeek,7 DayWeek Hog_office_Alexis max_regret,10.741227396504328,kW,,8680b2eced090f2ef2e56d5ceecf3217eacc1958f23b0eff1aec07eff3499454,NONE,YES,
CLM-0837,Decision-oriented evaluation,7 DayWeek Hog_office_Alexis oracle_capture_ratio,EXACT_RECOVERED,A,7,outputs/phase7/model_test_decision_metrics.csv,row[24].oracle_capture_ratio,Hog_office_Alexis,test,DayWeek,7 DayWeek Hog_office_Alexis oracle_capture_ratio,-0.6875055264131974,dimensionless,,8680b2eced090f2ef2e56d5ceecf3217eacc1958f23b0eff1aec07eff3499454,NONE,YES,
CLM-0838,Decision-oriented evaluation,7 DayWeek Hog_office_Alexis battery_throughput,EXACT_RECOVERED,A,7,outputs/phase7/model_test_decision_metrics.csv,row[24].battery_throughput,Hog_office_Alexis,test,DayWeek,7 DayWeek Hog_office_Alexis battery_throughput,1765.4154696950768,dimensionless,,8680b2eced090f2ef2e56d5ceecf3217eacc1958f23b0eff1aec07eff3499454,NONE,YES,
CLM-0839,Decision-oriented evaluation,7 DayWeek Hog_office_Alexis equivalent_full_cycles,EXACT_RECOVERED,A,7,outputs/phase7/model_test_decision_metrics.csv,row[24].equivalent_full_cycles,Hog_office_Alexis,test,DayWeek,7 DayWeek Hog_office_Alexis equivalent_full_cycles,18.001132309093787,dimensionless,,8680b2eced090f2ef2e56d5ceecf3217eacc1958f23b0eff1aec07eff3499454,NONE,YES,
CLM-0840,Decision-oriented evaluation,7 DayWeek Hog_office_Alexis paired_daily_better,EXACT_RECOVERED,A,7,outputs/phase7/model_test_decision_metrics.csv,row[24].paired_daily_better,Hog_office_Alexis,test,DayWeek,7 DayWeek Hog_office_Alexis paired_daily_better,0.0,dimensionless,,8680b2eced090f2ef2e56d5ceecf3217eacc1958f23b0eff1aec07eff3499454,NONE,YES,
CLM-0841,Decision-oriented evaluation,7 DayWeek Hog_office_Alexis paired_daily_equal,EXACT_RECOVERED,A,7,outputs/phase7/model_test_decision_metrics.csv,row[24].paired_daily_equal,Hog_office_Alexis,test,DayWeek,7 DayWeek Hog_office_Alexis paired_daily_equal,30.0,dimensionless,,8680b2eced090f2ef2e56d5ceecf3217eacc1958f23b0eff1aec07eff3499454,NONE,YES,
CLM-0842,Decision-oriented evaluation,7 DayWeek Hog_office_Alexis paired_daily_worse,EXACT_RECOVERED,A,7,outputs/phase7/model_test_decision_metrics.csv,row[24].paired_daily_worse,Hog_office_Alexis,test,DayWeek,7 DayWeek Hog_office_Alexis paired_daily_worse,0.0,dimensionless,,8680b2eced090f2ef2e56d5ceecf3217eacc1958f23b0eff1aec07eff3499454,NONE,YES,
CLM-0843,Decision-oriented evaluation,7 LightGBM Hog_office_Alexis no_battery_peak,EXACT_RECOVERED,A,7,outputs/phase7/model_test_decision_metrics.csv,row[25].no_battery_peak,Hog_office_Alexis,test,LightGBM,7 LightGBM Hog_office_Alexis no_battery_peak,40.164,kW,,8680b2eced090f2ef2e56d5ceecf3217eacc1958f23b0eff1aec07eff3499454,NONE,YES,
CLM-0844,Decision-oriented evaluation,7 LightGBM Hog_office_Alexis post_dispatch_peak,EXACT_RECOVERED,A,7,outputs/phase7/model_test_decision_metrics.csv,row[25].post_dispatch_peak,Hog_office_Alexis,test,LightGBM,7 LightGBM Hog_office_Alexis post_dispatch_peak,35.27688580281207,kW,,8680b2eced090f2ef2e56d5ceecf3217eacc1958f23b0eff1aec07eff3499454,NONE,YES,
CLM-0845,Decision-oriented evaluation,7 LightGBM Hog_office_Alexis absolute_peak_reduction,EXACT_RECOVERED,A,7,outputs/phase7/model_test_decision_metrics.csv,row[25].absolute_peak_reduction,Hog_office_Alexis,test,LightGBM,7 LightGBM Hog_office_Alexis absolute_peak_reduction,4.887114197187934,kW,,8680b2eced090f2ef2e56d5ceecf3217eacc1958f23b0eff1aec07eff3499454,NONE,YES,
CLM-0846,Decision-oriented evaluation,7 LightGBM Hog_office_Alexis peak_reduction_percentage,EXACT_RECOVERED,A,7,outputs/phase7/model_test_decision_metrics.csv,row[25].peak_reduction_percentage,Hog_office_Alexis,test,LightGBM,7 LightGBM Hog_office_Alexis peak_reduction_percentage,12.167897114799159,%,,8680b2eced090f2ef2e56d5ceecf3217eacc1958f23b0eff1aec07eff3499454,NONE,YES,
CLM-0847,Decision-oriented evaluation,7 LightGBM Hog_office_Alexis mean_daily_peak,EXACT_RECOVERED,A,7,outputs/phase7/model_test_decision_metrics.csv,row[25].mean_daily_peak,Hog_office_Alexis,test,LightGBM,7 LightGBM Hog_office_Alexis mean_daily_peak,25.66416283652036,kW,,8680b2eced090f2ef2e56d5ceecf3217eacc1958f23b0eff1aec07eff3499454,NONE,YES,
CLM-0848,Decision-oriented evaluation,7 LightGBM Hog_office_Alexis worst_10pct_daily_peak,EXACT_RECOVERED,A,7,outputs/phase7/model_test_decision_metrics.csv,row[25].worst_10pct_daily_peak,Hog_office_Alexis,test,LightGBM,7 LightGBM Hog_office_Alexis worst_10pct_daily_peak,35.13191201681087,%,,8680b2eced090f2ef2e56d5ceecf3217eacc1958f23b0eff1aec07eff3499454,NONE,YES,
CLM-0849,Decision-oriented evaluation,7 LightGBM Hog_office_Alexis mean_regret_vs_oracle,EXACT_RECOVERED,A,7,outputs/phase7/model_test_decision_metrics.csv,row[25].mean_regret_vs_oracle,Hog_office_Alexis,test,LightGBM,7 LightGBM Hog_office_Alexis mean_regret_vs_oracle,2.4736269204294503,kW,,8680b2eced090f2ef2e56d5ceecf3217eacc1958f23b0eff1aec07eff3499454,NONE,YES,
CLM-0850,Decision-oriented evaluation,7 LightGBM Hog_office_Alexis p90_regret,EXACT_RECOVERED,A,7,outputs/phase7/model_test_decision_metrics.csv,row[25].p90_regret,Hog_office_Alexis,test,LightGBM,7 LightGBM Hog_office_Alexis p90_regret,4.658393154300694,kW,,8680b2eced090f2ef2e56d5ceecf3217eacc1958f23b0eff1aec07eff3499454,NONE,YES,
CLM-0851,Decision-oriented evaluation,7 LightGBM Hog_office_Alexis max_regret,EXACT_RECOVERED,A,7,outputs/phase7/model_test_decision_metrics.csv,row[25].max_regret,Hog_office_Alexis,test,LightGBM,7 LightGBM Hog_office_Alexis max_regret,8.39313367838924,kW,,8680b2eced090f2ef2e56d5ceecf3217eacc1958f23b0eff1aec07eff3499454,NONE,YES,
CLM-0852,Decision-oriented evaluation,7 LightGBM Hog_office_Alexis oracle_capture_ratio,EXACT_RECOVERED,A,7,outputs/phase7/model_test_decision_metrics.csv,row[25].oracle_capture_ratio,Hog_office_Alexis,test,LightGBM,7 LightGBM Hog_office_Alexis oracle_capture_ratio,-0.22194658555729285,dimensionless,,8680b2eced090f2ef2e56d5ceecf3217eacc1958f23b0eff1aec07eff3499454,NONE,YES,
CLM-0853,Decision-oriented evaluation,7 LightGBM Hog_office_Alexis battery_throughput,EXACT_RECOVERED,A,7,outputs/phase7/model_test_decision_metrics.csv,row[25].battery_throughput,Hog_office_Alexis,test,LightGBM,7 LightGBM Hog_office_Alexis battery_throughput,1690.787841569035,dimensionless,,8680b2eced090f2ef2e56d5ceecf3217eacc1958f23b0eff1aec07eff3499454,NONE,YES,
CLM-0854,Decision-oriented evaluation,7 LightGBM Hog_office_Alexis equivalent_full_cycles,EXACT_RECOVERED,A,7,outputs/phase7/model_test_decision_metrics.csv,row[25].equivalent_full_cycles,Hog_office_Alexis,test,LightGBM,7 LightGBM Hog_office_Alexis equivalent_full_cycles,17.240188593084117,dimensionless,,8680b2eced090f2ef2e56d5ceecf3217eacc1958f23b0eff1aec07eff3499454,NONE,YES,
CLM-0855,Decision-oriented evaluation,7 LightGBM Hog_office_Alexis paired_daily_better,EXACT_RECOVERED,A,7,outputs/phase7/model_test_decision_metrics.csv,row[25].paired_daily_better,Hog_office_Alexis,test,LightGBM,7 LightGBM Hog_office_Alexis paired_daily_better,19.0,dimensionless,,8680b2eced090f2ef2e56d5ceecf3217eacc1958f23b0eff1aec07eff3499454,NONE,YES,
CLM-0856,Decision-oriented evaluation,7 LightGBM Hog_office_Alexis paired_daily_equal,EXACT_RECOVERED,A,7,outputs/phase7/model_test_decision_metrics.csv,row[25].paired_daily_equal,Hog_office_Alexis,test,LightGBM,7 LightGBM Hog_office_Alexis paired_daily_equal,0.0,dimensionless,,8680b2eced090f2ef2e56d5ceecf3217eacc1958f23b0eff1aec07eff3499454,NONE,YES,
CLM-0857,Decision-oriented evaluation,7 LightGBM Hog_office_Alexis paired_daily_worse,EXACT_RECOVERED,A,7,outputs/phase7/model_test_decision_metrics.csv,row[25].paired_daily_worse,Hog_office_Alexis,test,LightGBM,7 LightGBM Hog_office_Alexis paired_daily_worse,11.0,dimensionless,,8680b2eced090f2ef2e56d5ceecf3217eacc1958f23b0eff1aec07eff3499454,NONE,YES,
CLM-0858,Decision-oriented evaluation,7 XGBoost Hog_office_Alexis no_battery_peak,EXACT_RECOVERED,A,7,outputs/phase7/model_test_decision_metrics.csv,row[26].no_battery_peak,Hog_office_Alexis,test,XGBoost,7 XGBoost Hog_office_Alexis no_battery_peak,40.164,kW,,8680b2eced090f2ef2e56d5ceecf3217eacc1958f23b0eff1aec07eff3499454,NONE,YES,
CLM-0859,Decision-oriented evaluation,7 XGBoost Hog_office_Alexis post_dispatch_peak,EXACT_RECOVERED,A,7,outputs/phase7/model_test_decision_metrics.csv,row[26].post_dispatch_peak,Hog_office_Alexis,test,XGBoost,7 XGBoost Hog_office_Alexis post_dispatch_peak,34.985611789037634,kW,,8680b2eced090f2ef2e56d5ceecf3217eacc1958f23b0eff1aec07eff3499454,NONE,YES,
CLM-0860,Decision-oriented evaluation,7 XGBoost Hog_office_Alexis absolute_peak_reduction,EXACT_RECOVERED,A,7,outputs/phase7/model_test_decision_metrics.csv,row[26].absolute_peak_reduction,Hog_office_Alexis,test,XGBoost,7 XGBoost Hog_office_Alexis absolute_peak_reduction,5.178388210962368,kW,,8680b2eced090f2ef2e56d5ceecf3217eacc1958f23b0eff1aec07eff3499454,NONE,YES,
CLM-0861,Decision-oriented evaluation,7 XGBoost Hog_office_Alexis peak_reduction_percentage,EXACT_RECOVERED,A,7,outputs/phase7/model_test_decision_metrics.csv,row[26].peak_reduction_percentage,Hog_office_Alexis,test,XGBoost,7 XGBoost Hog_office_Alexis peak_reduction_percentage,12.89310878140217,%,,8680b2eced090f2ef2e56d5ceecf3217eacc1958f23b0eff1aec07eff3499454,NONE,YES,
CLM-0862,Decision-oriented evaluation,7 XGBoost Hog_office_Alexis mean_daily_peak,EXACT_RECOVERED,A,7,outputs/phase7/model_test_decision_metrics.csv,row[26].mean_daily_peak,Hog_office_Alexis,test,XGBoost,7 XGBoost Hog_office_Alexis mean_daily_peak,25.653083059353442,kW,,8680b2eced090f2ef2e56d5ceecf3217eacc1958f23b0eff1aec07eff3499454,NONE,YES,
CLM-0863,Decision-oriented evaluation,7 XGBoost Hog_office_Alexis worst_10pct_daily_peak,EXACT_RECOVERED,A,7,outputs/phase7/model_test_decision_metrics.csv,row[26].worst_10pct_daily_peak,Hog_office_Alexis,test,XGBoost,7 XGBoost Hog_office_Alexis worst_10pct_daily_peak,34.62939368103706,%,,8680b2eced090f2ef2e56d5ceecf3217eacc1958f23b0eff1aec07eff3499454,NONE,YES,
CLM-0864,Decision-oriented evaluation,7 XGBoost Hog_office_Alexis mean_regret_vs_oracle,EXACT_RECOVERED,A,7,outputs/phase7/model_test_decision_metrics.csv,row[26].mean_regret_vs_oracle,Hog_office_Alexis,test,XGBoost,7 XGBoost Hog_office_Alexis mean_regret_vs_oracle,2.4625471432625283,kW,,8680b2eced090f2ef2e56d5ceecf3217eacc1958f23b0eff1aec07eff3499454,NONE,YES,
CLM-0865,Decision-oriented evaluation,7 XGBoost Hog_office_Alexis p90_regret,EXACT_RECOVERED,A,7,outputs/phase7/model_test_decision_metrics.csv,row[26].p90_regret,Hog_office_Alexis,test,XGBoost,7 XGBoost Hog_office_Alexis p90_regret,5.046466731522584,kW,,8680b2eced090f2ef2e56d5ceecf3217eacc1958f23b0eff1aec07eff3499454,NONE,YES,
CLM-0866,Decision-oriented evaluation,7 XGBoost Hog_office_Alexis max_regret,EXACT_RECOVERED,A,7,outputs/phase7/model_test_decision_metrics.csv,row[26].max_regret,Hog_office_Alexis,test,XGBoost,7 XGBoost Hog_office_Alexis max_regret,9.093047996428414,kW,,8680b2eced090f2ef2e56d5ceecf3217eacc1958f23b0eff1aec07eff3499454,NONE,YES,
CLM-0867,Decision-oriented evaluation,7 XGBoost Hog_office_Alexis oracle_capture_ratio,EXACT_RECOVERED,A,7,outputs/phase7/model_test_decision_metrics.csv,row[26].oracle_capture_ratio,Hog_office_Alexis,test,XGBoost,7 XGBoost Hog_office_Alexis oracle_capture_ratio,-0.24926017480013252,dimensionless,,8680b2eced090f2ef2e56d5ceecf3217eacc1958f23b0eff1aec07eff3499454,NONE,YES,
CLM-0868,Decision-oriented evaluation,7 XGBoost Hog_office_Alexis battery_throughput,EXACT_RECOVERED,A,7,outputs/phase7/model_test_decision_metrics.csv,row[26].battery_throughput,Hog_office_Alexis,test,XGBoost,7 XGBoost Hog_office_Alexis battery_throughput,1606.5444851977172,dimensionless,,8680b2eced090f2ef2e56d5ceecf3217eacc1958f23b0eff1aec07eff3499454,NONE,YES,
CLM-0869,Decision-oriented evaluation,7 XGBoost Hog_office_Alexis equivalent_full_cycles,EXACT_RECOVERED,A,7,outputs/phase7/model_test_decision_metrics.csv,row[26].equivalent_full_cycles,Hog_office_Alexis,test,XGBoost,7 XGBoost Hog_office_Alexis equivalent_full_cycles,16.381197703837984,dimensionless,,8680b2eced090f2ef2e56d5ceecf3217eacc1958f23b0eff1aec07eff3499454,NONE,YES,
CLM-0870,Decision-oriented evaluation,7 XGBoost Hog_office_Alexis paired_daily_better,EXACT_RECOVERED,A,7,outputs/phase7/model_test_decision_metrics.csv,row[26].paired_daily_better,Hog_office_Alexis,test,XGBoost,7 XGBoost Hog_office_Alexis paired_daily_better,18.0,dimensionless,,8680b2eced090f2ef2e56d5ceecf3217eacc1958f23b0eff1aec07eff3499454,NONE,YES,
CLM-0871,Decision-oriented evaluation,7 XGBoost Hog_office_Alexis paired_daily_equal,EXACT_RECOVERED,A,7,outputs/phase7/model_test_decision_metrics.csv,row[26].paired_daily_equal,Hog_office_Alexis,test,XGBoost,7 XGBoost Hog_office_Alexis paired_daily_equal,0.0,dimensionless,,8680b2eced090f2ef2e56d5ceecf3217eacc1958f23b0eff1aec07eff3499454,NONE,YES,
CLM-0872,Decision-oriented evaluation,7 XGBoost Hog_office_Alexis paired_daily_worse,EXACT_RECOVERED,A,7,outputs/phase7/model_test_decision_metrics.csv,row[26].paired_daily_worse,Hog_office_Alexis,test,XGBoost,7 XGBoost Hog_office_Alexis paired_daily_worse,12.0,dimensionless,,8680b2eced090f2ef2e56d5ceecf3217eacc1958f23b0eff1aec07eff3499454,NONE,YES,
CLM-0873,Decision-oriented evaluation,7 CatBoost Hog_office_Alexis no_battery_peak,EXACT_RECOVERED,A,7,outputs/phase7/model_test_decision_metrics.csv,row[27].no_battery_peak,Hog_office_Alexis,test,CatBoost,7 CatBoost Hog_office_Alexis no_battery_peak,40.164,kW,,8680b2eced090f2ef2e56d5ceecf3217eacc1958f23b0eff1aec07eff3499454,NONE,YES,
CLM-0874,Decision-oriented evaluation,7 CatBoost Hog_office_Alexis post_dispatch_peak,EXACT_RECOVERED,A,7,outputs/phase7/model_test_decision_metrics.csv,row[27].post_dispatch_peak,Hog_office_Alexis,test,CatBoost,7 CatBoost Hog_office_Alexis post_dispatch_peak,35.47109660770924,kW,,8680b2eced090f2ef2e56d5ceecf3217eacc1958f23b0eff1aec07eff3499454,NONE,YES,
CLM-0875,Decision-oriented evaluation,7 CatBoost Hog_office_Alexis absolute_peak_reduction,EXACT_RECOVERED,A,7,outputs/phase7/model_test_decision_metrics.csv,row[27].absolute_peak_reduction,Hog_office_Alexis,test,CatBoost,7 CatBoost Hog_office_Alexis absolute_peak_reduction,4.692903392290759,kW,,8680b2eced090f2ef2e56d5ceecf3217eacc1958f23b0eff1aec07eff3499454,NONE,YES,
CLM-0876,Decision-oriented evaluation,7 CatBoost Hog_office_Alexis peak_reduction_percentage,EXACT_RECOVERED,A,7,outputs/phase7/model_test_decision_metrics.csv,row[27].peak_reduction_percentage,Hog_office_Alexis,test,CatBoost,7 CatBoost Hog_office_Alexis peak_reduction_percentage,11.68435263492371,%,,8680b2eced090f2ef2e56d5ceecf3217eacc1958f23b0eff1aec07eff3499454,NONE,YES,
CLM-0877,Decision-oriented evaluation,7 CatBoost Hog_office_Alexis mean_daily_peak,EXACT_RECOVERED,A,7,outputs/phase7/model_test_decision_metrics.csv,row[27].mean_daily_peak,Hog_office_Alexis,test,CatBoost,7 CatBoost Hog_office_Alexis mean_daily_peak,25.594557555209466,kW,,8680b2eced090f2ef2e56d5ceecf3217eacc1958f23b0eff1aec07eff3499454,NONE,YES,
CLM-0878,Decision-oriented evaluation,7 CatBoost Hog_office_Alexis worst_10pct_daily_peak,EXACT_RECOVERED,A,7,outputs/phase7/model_test_decision_metrics.csv,row[27].worst_10pct_daily_peak,Hog_office_Alexis,test,CatBoost,7 CatBoost Hog_office_Alexis worst_10pct_daily_peak,34.99017074619284,%,,8680b2eced090f2ef2e56d5ceecf3217eacc1958f23b0eff1aec07eff3499454,NONE,YES,
CLM-0879,Decision-oriented evaluation,7 CatBoost Hog_office_Alexis mean_regret_vs_oracle,EXACT_RECOVERED,A,7,outputs/phase7/model_test_decision_metrics.csv,row[27].mean_regret_vs_oracle,Hog_office_Alexis,test,CatBoost,7 CatBoost Hog_office_Alexis mean_regret_vs_oracle,2.40402163911855,kW,,8680b2eced090f2ef2e56d5ceecf3217eacc1958f23b0eff1aec07eff3499454,NONE,YES,
CLM-0880,Decision-oriented evaluation,7 CatBoost Hog_office_Alexis p90_regret,EXACT_RECOVERED,A,7,outputs/phase7/model_test_decision_metrics.csv,row[27].p90_regret,Hog_office_Alexis,test,CatBoost,7 CatBoost Hog_office_Alexis p90_regret,4.649019687938429,kW,,8680b2eced090f2ef2e56d5ceecf3217eacc1958f23b0eff1aec07eff3499454,NONE,YES,
CLM-0881,Decision-oriented evaluation,7 CatBoost Hog_office_Alexis max_regret,EXACT_RECOVERED,A,7,outputs/phase7/model_test_decision_metrics.csv,row[27].max_regret,Hog_office_Alexis,test,CatBoost,7 CatBoost Hog_office_Alexis max_regret,7.32940860798638,kW,,8680b2eced090f2ef2e56d5ceecf3217eacc1958f23b0eff1aec07eff3499454,NONE,YES,
CLM-0882,Decision-oriented evaluation,7 CatBoost Hog_office_Alexis oracle_capture_ratio,EXACT_RECOVERED,A,7,outputs/phase7/model_test_decision_metrics.csv,row[27].oracle_capture_ratio,Hog_office_Alexis,test,CatBoost,7 CatBoost Hog_office_Alexis oracle_capture_ratio,-0.1827513646447377,dimensionless,,8680b2eced090f2ef2e56d5ceecf3217eacc1958f23b0eff1aec07eff3499454,NONE,YES,
CLM-0883,Decision-oriented evaluation,7 CatBoost Hog_office_Alexis battery_throughput,EXACT_RECOVERED,A,7,outputs/phase7/model_test_decision_metrics.csv,row[27].battery_throughput,Hog_office_Alexis,test,CatBoost,7 CatBoost Hog_office_Alexis battery_throughput,1677.221065081749,dimensionless,,8680b2eced090f2ef2e56d5ceecf3217eacc1958f23b0eff1aec07eff3499454,NONE,YES,
CLM-0884,Decision-oriented evaluation,7 CatBoost Hog_office_Alexis equivalent_full_cycles,EXACT_RECOVERED,A,7,outputs/phase7/model_test_decision_metrics.csv,row[27].equivalent_full_cycles,Hog_office_Alexis,test,CatBoost,7 CatBoost Hog_office_Alexis equivalent_full_cycles,17.101854392014864,dimensionless,,8680b2eced090f2ef2e56d5ceecf3217eacc1958f23b0eff1aec07eff3499454,NONE,YES,
CLM-0885,Decision-oriented evaluation,7 CatBoost Hog_office_Alexis paired_daily_better,EXACT_RECOVERED,A,7,outputs/phase7/model_test_decision_metrics.csv,row[27].paired_daily_better,Hog_office_Alexis,test,CatBoost,7 CatBoost Hog_office_Alexis paired_daily_better,16.0,dimensionless,,8680b2eced090f2ef2e56d5ceecf3217eacc1958f23b0eff1aec07eff3499454,NONE,YES,
CLM-0886,Decision-oriented evaluation,7 CatBoost Hog_office_Alexis paired_daily_equal,EXACT_RECOVERED,A,7,outputs/phase7/model_test_decision_metrics.csv,row[27].paired_daily_equal,Hog_office_Alexis,test,CatBoost,7 CatBoost Hog_office_Alexis paired_daily_equal,0.0,dimensionless,,8680b2eced090f2ef2e56d5ceecf3217eacc1958f23b0eff1aec07eff3499454,NONE,YES,
CLM-0887,Decision-oriented evaluation,7 CatBoost Hog_office_Alexis paired_daily_worse,EXACT_RECOVERED,A,7,outputs/phase7/model_test_decision_metrics.csv,row[27].paired_daily_worse,Hog_office_Alexis,test,CatBoost,7 CatBoost Hog_office_Alexis paired_daily_worse,14.0,dimensionless,,8680b2eced090f2ef2e56d5ceecf3217eacc1958f23b0eff1aec07eff3499454,NONE,YES,
CLM-0888,Decision-oriented evaluation,7 DayWeek Hog_office_Byron no_battery_peak,EXACT_RECOVERED,A,7,outputs/phase7/model_test_decision_metrics.csv,row[28].no_battery_peak,Hog_office_Byron,test,DayWeek,7 DayWeek Hog_office_Byron no_battery_peak,1299.828,kW,,8680b2eced090f2ef2e56d5ceecf3217eacc1958f23b0eff1aec07eff3499454,NONE,YES,
CLM-0889,Decision-oriented evaluation,7 DayWeek Hog_office_Byron post_dispatch_peak,EXACT_RECOVERED,A,7,outputs/phase7/model_test_decision_metrics.csv,row[28].post_dispatch_peak,Hog_office_Byron,test,DayWeek,7 DayWeek Hog_office_Byron post_dispatch_peak,1152.7797916666666,kW,,8680b2eced090f2ef2e56d5ceecf3217eacc1958f23b0eff1aec07eff3499454,NONE,YES,
CLM-0890,Decision-oriented evaluation,7 DayWeek Hog_office_Byron absolute_peak_reduction,EXACT_RECOVERED,A,7,outputs/phase7/model_test_decision_metrics.csv,row[28].absolute_peak_reduction,Hog_office_Byron,test,DayWeek,7 DayWeek Hog_office_Byron absolute_peak_reduction,147.04820833333338,kW,,8680b2eced090f2ef2e56d5ceecf3217eacc1958f23b0eff1aec07eff3499454,NONE,YES,
CLM-0891,Decision-oriented evaluation,7 DayWeek Hog_office_Byron peak_reduction_percentage,EXACT_RECOVERED,A,7,outputs/phase7/model_test_decision_metrics.csv,row[28].peak_reduction_percentage,Hog_office_Byron,test,DayWeek,7 DayWeek Hog_office_Byron peak_reduction_percentage,11.312897424377178,%,,8680b2eced090f2ef2e56d5ceecf3217eacc1958f23b0eff1aec07eff3499454,NONE,YES,
CLM-0892,Decision-oriented evaluation,7 DayWeek Hog_office_Byron mean_daily_peak,EXACT_RECOVERED,A,7,outputs/phase7/model_test_decision_metrics.csv,row[28].mean_daily_peak,Hog_office_Byron,test,DayWeek,7 DayWeek Hog_office_Byron mean_daily_peak,989.5411648648777,kW,,8680b2eced090f2ef2e56d5ceecf3217eacc1958f23b0eff1aec07eff3499454,NONE,YES,
CLM-0893,Decision-oriented evaluation,7 DayWeek Hog_office_Byron worst_10pct_daily_peak,EXACT_RECOVERED,A,7,outputs/phase7/model_test_decision_metrics.csv,row[28].worst_10pct_daily_peak,Hog_office_Byron,test,DayWeek,7 DayWeek Hog_office_Byron worst_10pct_daily_peak,1124.8758990100453,%,,8680b2eced090f2ef2e56d5ceecf3217eacc1958f23b0eff1aec07eff3499454,NONE,YES,
CLM-0894,Decision-oriented evaluation,7 DayWeek Hog_office_Byron mean_regret_vs_oracle,EXACT_RECOVERED,A,7,outputs/phase7/model_test_decision_metrics.csv,row[28].mean_regret_vs_oracle,Hog_office_Byron,test,DayWeek,7 DayWeek Hog_office_Byron mean_regret_vs_oracle,47.12320403924129,kW,,8680b2eced090f2ef2e56d5ceecf3217eacc1958f23b0eff1aec07eff3499454,NONE,YES,
CLM-0895,Decision-oriented evaluation,7 DayWeek Hog_office_Byron p90_regret,EXACT_RECOVERED,A,7,outputs/phase7/model_test_decision_metrics.csv,row[28].p90_regret,Hog_office_Byron,test,DayWeek,7 DayWeek Hog_office_Byron p90_regret,86.6843838348358,kW,,8680b2eced090f2ef2e56d5ceecf3217eacc1958f23b0eff1aec07eff3499454,NONE,YES,
CLM-0896,Decision-oriented evaluation,7 DayWeek Hog_office_Byron max_regret,EXACT_RECOVERED,A,7,outputs/phase7/model_test_decision_metrics.csv,row[28].max_regret,Hog_office_Byron,test,DayWeek,7 DayWeek Hog_office_Byron max_regret,115.45693820031192,kW,,8680b2eced090f2ef2e56d5ceecf3217eacc1958f23b0eff1aec07eff3499454,NONE,YES,
CLM-0897,Decision-oriented evaluation,7 DayWeek Hog_office_Byron oracle_capture_ratio,EXACT_RECOVERED,A,7,outputs/phase7/model_test_decision_metrics.csv,row[28].oracle_capture_ratio,Hog_office_Byron,test,DayWeek,7 DayWeek Hog_office_Byron oracle_capture_ratio,0.32640984659061184,dimensionless,,8680b2eced090f2ef2e56d5ceecf3217eacc1958f23b0eff1aec07eff3499454,NONE,YES,
CLM-0898,Decision-oriented evaluation,7 DayWeek Hog_office_Byron battery_throughput,EXACT_RECOVERED,A,7,outputs/phase7/model_test_decision_metrics.csv,row[28].battery_throughput,Hog_office_Byron,test,DayWeek,7 DayWeek Hog_office_Byron battery_throughput,71523.50832952159,dimensionless,,8680b2eced090f2ef2e56d5ceecf3217eacc1958f23b0eff1aec07eff3499454,NONE,YES,
CLM-0899,Decision-oriented evaluation,7 DayWeek Hog_office_Byron equivalent_full_cycles,EXACT_RECOVERED,A,7,outputs/phase7/model_test_decision_metrics.csv,row[28].equivalent_full_cycles,Hog_office_Byron,test,DayWeek,7 DayWeek Hog_office_Byron equivalent_full_cycles,14.814120109922714,dimensionless,,8680b2eced090f2ef2e56d5ceecf3217eacc1958f23b0eff1aec07eff3499454,NONE,YES,
CLM-0900,Decision-oriented evaluation,7 DayWeek Hog_office_Byron paired_daily_better,EXACT_RECOVERED,A,7,outputs/phase7/model_test_decision_metrics.csv,row[28].paired_daily_better,Hog_office_Byron,test,DayWeek,7 DayWeek Hog_office_Byron paired_daily_better,0.0,dimensionless,,8680b2eced090f2ef2e56d5ceecf3217eacc1958f23b0eff1aec07eff3499454,NONE,YES,
CLM-0901,Decision-oriented evaluation,7 DayWeek Hog_office_Byron paired_daily_equal,EXACT_RECOVERED,A,7,outputs/phase7/model_test_decision_metrics.csv,row[28].paired_daily_equal,Hog_office_Byron,test,DayWeek,7 DayWeek Hog_office_Byron paired_daily_equal,30.0,dimensionless,,8680b2eced090f2ef2e56d5ceecf3217eacc1958f23b0eff1aec07eff3499454,NONE,YES,
CLM-0902,Decision-oriented evaluation,7 DayWeek Hog_office_Byron paired_daily_worse,EXACT_RECOVERED,A,7,outputs/phase7/model_test_decision_metrics.csv,row[28].paired_daily_worse,Hog_office_Byron,test,DayWeek,7 DayWeek Hog_office_Byron paired_daily_worse,0.0,dimensionless,,8680b2eced090f2ef2e56d5ceecf3217eacc1958f23b0eff1aec07eff3499454,NONE,YES,
CLM-0903,Decision-oriented evaluation,7 LightGBM Hog_office_Byron no_battery_peak,EXACT_RECOVERED,A,7,outputs/phase7/model_test_decision_metrics.csv,row[29].no_battery_peak,Hog_office_Byron,test,LightGBM,7 LightGBM Hog_office_Byron no_battery_peak,1299.828,kW,,8680b2eced090f2ef2e56d5ceecf3217eacc1958f23b0eff1aec07eff3499454,NONE,YES,
CLM-0904,Decision-oriented evaluation,7 LightGBM Hog_office_Byron post_dispatch_peak,EXACT_RECOVERED,A,7,outputs/phase7/model_test_decision_metrics.csv,row[29].post_dispatch_peak,Hog_office_Byron,test,LightGBM,7 LightGBM Hog_office_Byron post_dispatch_peak,1121.992193029682,kW,,8680b2eced090f2ef2e56d5ceecf3217eacc1958f23b0eff1aec07eff3499454,NONE,YES,
CLM-0905,Decision-oriented evaluation,7 LightGBM Hog_office_Byron absolute_peak_reduction,EXACT_RECOVERED,A,7,outputs/phase7/model_test_decision_metrics.csv,row[29].absolute_peak_reduction,Hog_office_Byron,test,LightGBM,7 LightGBM Hog_office_Byron absolute_peak_reduction,177.8358069703179,kW,,8680b2eced090f2ef2e56d5ceecf3217eacc1958f23b0eff1aec07eff3499454,NONE,YES,
CLM-0906,Decision-oriented evaluation,7 LightGBM Hog_office_Byron peak_reduction_percentage,EXACT_RECOVERED,A,7,outputs/phase7/model_test_decision_metrics.csv,row[29].peak_reduction_percentage,Hog_office_Byron,test,LightGBM,7 LightGBM Hog_office_Byron peak_reduction_percentage,13.681487625310265,%,,8680b2eced090f2ef2e56d5ceecf3217eacc1958f23b0eff1aec07eff3499454,NONE,YES,
CLM-0907,Decision-oriented evaluation,7 LightGBM Hog_office_Byron mean_daily_peak,EXACT_RECOVERED,A,7,outputs/phase7/model_test_decision_metrics.csv,row[29].mean_daily_peak,Hog_office_Byron,test,LightGBM,7 LightGBM Hog_office_Byron mean_daily_peak,977.9091706882898,kW,,8680b2eced090f2ef2e56d5ceecf3217eacc1958f23b0eff1aec07eff3499454,NONE,YES,
CLM-0908,Decision-oriented evaluation,7 LightGBM Hog_office_Byron worst_10pct_daily_peak,EXACT_RECOVERED,A,7,outputs/phase7/model_test_decision_metrics.csv,row[29].worst_10pct_daily_peak,Hog_office_Byron,test,LightGBM,7 LightGBM Hog_office_Byron worst_10pct_daily_peak,1113.479089435042,%,,8680b2eced090f2ef2e56d5ceecf3217eacc1958f23b0eff1aec07eff3499454,NONE,YES,
CLM-0909,Decision-oriented evaluation,7 LightGBM Hog_office_Byron mean_regret_vs_oracle,EXACT_RECOVERED,A,7,outputs/phase7/model_test_decision_metrics.csv,row[29].mean_regret_vs_oracle,Hog_office_Byron,test,LightGBM,7 LightGBM Hog_office_Byron mean_regret_vs_oracle,35.49120986265348,kW,,8680b2eced090f2ef2e56d5ceecf3217eacc1958f23b0eff1aec07eff3499454,NONE,YES,
CLM-0910,Decision-oriented evaluation,7 LightGBM Hog_office_Byron p90_regret,EXACT_RECOVERED,A,7,outputs/phase7/model_test_decision_metrics.csv,row[29].p90_regret,Hog_office_Byron,test,LightGBM,7 LightGBM Hog_office_Byron p90_regret,56.57478399620435,kW,,8680b2eced090f2ef2e56d5ceecf3217eacc1958f23b0eff1aec07eff3499454,NONE,YES,
CLM-0911,Decision-oriented evaluation,7 LightGBM Hog_office_Byron max_regret,EXACT_RECOVERED,A,7,outputs/phase7/model_test_decision_metrics.csv,row[29].max_regret,Hog_office_Byron,test,LightGBM,7 LightGBM Hog_office_Byron max_regret,144.13889713874505,kW,,8680b2eced090f2ef2e56d5ceecf3217eacc1958f23b0eff1aec07eff3499454,NONE,YES,
CLM-0912,Decision-oriented evaluation,7 LightGBM Hog_office_Byron oracle_capture_ratio,EXACT_RECOVERED,A,7,outputs/phase7/model_test_decision_metrics.csv,row[29].oracle_capture_ratio,Hog_office_Byron,test,LightGBM,7 LightGBM Hog_office_Byron oracle_capture_ratio,0.5705478242942726,dimensionless,,8680b2eced090f2ef2e56d5ceecf3217eacc1958f23b0eff1aec07eff3499454,NONE,YES,
CLM-0913,Decision-oriented evaluation,7 LightGBM Hog_office_Byron battery_throughput,EXACT_RECOVERED,A,7,outputs/phase7/model_test_decision_metrics.csv,row[29].battery_throughput,Hog_office_Byron,test,LightGBM,7 LightGBM Hog_office_Byron battery_throughput,66390.43150262015,dimensionless,,8680b2eced090f2ef2e56d5ceecf3217eacc1958f23b0eff1aec07eff3499454,NONE,YES,
CLM-0914,Decision-oriented evaluation,7 LightGBM Hog_office_Byron equivalent_full_cycles,EXACT_RECOVERED,A,7,outputs/phase7/model_test_decision_metrics.csv,row[29].equivalent_full_cycles,Hog_office_Byron,test,LightGBM,7 LightGBM Hog_office_Byron equivalent_full_cycles,13.750944960616017,dimensionless,,8680b2eced090f2ef2e56d5ceecf3217eacc1958f23b0eff1aec07eff3499454,NONE,YES,
CLM-0915,Decision-oriented evaluation,7 LightGBM Hog_office_Byron paired_daily_better,EXACT_RECOVERED,A,7,outputs/phase7/model_test_decision_metrics.csv,row[29].paired_daily_better,Hog_office_Byron,test,LightGBM,7 LightGBM Hog_office_Byron paired_daily_better,18.0,dimensionless,,8680b2eced090f2ef2e56d5ceecf3217eacc1958f23b0eff1aec07eff3499454,NONE,YES,
CLM-0916,Decision-oriented evaluation,7 LightGBM Hog_office_Byron paired_daily_equal,EXACT_RECOVERED,A,7,outputs/phase7/model_test_decision_metrics.csv,row[29].paired_daily_equal,Hog_office_Byron,test,LightGBM,7 LightGBM Hog_office_Byron paired_daily_equal,0.0,dimensionless,,8680b2eced090f2ef2e56d5ceecf3217eacc1958f23b0eff1aec07eff3499454,NONE,YES,
CLM-0917,Decision-oriented evaluation,7 LightGBM Hog_office_Byron paired_daily_worse,EXACT_RECOVERED,A,7,outputs/phase7/model_test_decision_metrics.csv,row[29].paired_daily_worse,Hog_office_Byron,test,LightGBM,7 LightGBM Hog_office_Byron paired_daily_worse,12.0,dimensionless,,8680b2eced090f2ef2e56d5ceecf3217eacc1958f23b0eff1aec07eff3499454,NONE,YES,
CLM-0918,Decision-oriented evaluation,7 XGBoost Hog_office_Byron no_battery_peak,EXACT_RECOVERED,A,7,outputs/phase7/model_test_decision_metrics.csv,row[30].no_battery_peak,Hog_office_Byron,test,XGBoost,7 XGBoost Hog_office_Byron no_battery_peak,1299.828,kW,,8680b2eced090f2ef2e56d5ceecf3217eacc1958f23b0eff1aec07eff3499454,NONE,YES,
CLM-0919,Decision-oriented evaluation,7 XGBoost Hog_office_Byron post_dispatch_peak,EXACT_RECOVERED,A,7,outputs/phase7/model_test_decision_metrics.csv,row[30].post_dispatch_peak,Hog_office_Byron,test,XGBoost,7 XGBoost Hog_office_Byron post_dispatch_peak,1145.1507651749719,kW,,8680b2eced090f2ef2e56d5ceecf3217eacc1958f23b0eff1aec07eff3499454,NONE,YES,
CLM-0920,Decision-oriented evaluation,7 XGBoost Hog_office_Byron absolute_peak_reduction,EXACT_RECOVERED,A,7,outputs/phase7/model_test_decision_metrics.csv,row[30].absolute_peak_reduction,Hog_office_Byron,test,XGBoost,7 XGBoost Hog_office_Byron absolute_peak_reduction,154.6772348250281,kW,,8680b2eced090f2ef2e56d5ceecf3217eacc1958f23b0eff1aec07eff3499454,NONE,YES,
CLM-0921,Decision-oriented evaluation,7 XGBoost Hog_office_Byron peak_reduction_percentage,EXACT_RECOVERED,A,7,outputs/phase7/model_test_decision_metrics.csv,row[30].peak_reduction_percentage,Hog_office_Byron,test,XGBoost,7 XGBoost Hog_office_Byron peak_reduction_percentage,11.899823270850305,%,,8680b2eced090f2ef2e56d5ceecf3217eacc1958f23b0eff1aec07eff3499454,NONE,YES,
CLM-0922,Decision-oriented evaluation,7 XGBoost Hog_office_Byron mean_daily_peak,EXACT_RECOVERED,A,7,outputs/phase7/model_test_decision_metrics.csv,row[30].mean_daily_peak,Hog_office_Byron,test,XGBoost,7 XGBoost Hog_office_Byron mean_daily_peak,978.3151198851776,kW,,8680b2eced090f2ef2e56d5ceecf3217eacc1958f23b0eff1aec07eff3499454,NONE,YES,
CLM-0923,Decision-oriented evaluation,7 XGBoost Hog_office_Byron worst_10pct_daily_peak,EXACT_RECOVERED,A,7,outputs/phase7/model_test_decision_metrics.csv,row[30].worst_10pct_daily_peak,Hog_office_Byron,test,XGBoost,7 XGBoost Hog_office_Byron worst_10pct_daily_peak,1119.5083855513187,%,,8680b2eced090f2ef2e56d5ceecf3217eacc1958f23b0eff1aec07eff3499454,NONE,YES,
CLM-0924,Decision-oriented evaluation,7 XGBoost Hog_office_Byron mean_regret_vs_oracle,EXACT_RECOVERED,A,7,outputs/phase7/model_test_decision_metrics.csv,row[30].mean_regret_vs_oracle,Hog_office_Byron,test,XGBoost,7 XGBoost Hog_office_Byron mean_regret_vs_oracle,35.897159059541245,kW,,8680b2eced090f2ef2e56d5ceecf3217eacc1958f23b0eff1aec07eff3499454,NONE,YES,
CLM-0925,Decision-oriented evaluation,7 XGBoost Hog_office_Byron p90_regret,EXACT_RECOVERED,A,7,outputs/phase7/model_test_decision_metrics.csv,row[30].p90_regret,Hog_office_Byron,test,XGBoost,7 XGBoost Hog_office_Byron p90_regret,70.30085111383362,kW,,8680b2eced090f2ef2e56d5ceecf3217eacc1958f23b0eff1aec07eff3499454,NONE,YES,
CLM-0926,Decision-oriented evaluation,7 XGBoost Hog_office_Byron max_regret,EXACT_RECOVERED,A,7,outputs/phase7/model_test_decision_metrics.csv,row[30].max_regret,Hog_office_Byron,test,XGBoost,7 XGBoost Hog_office_Byron max_regret,116.7730743393688,kW,,8680b2eced090f2ef2e56d5ceecf3217eacc1958f23b0eff1aec07eff3499454,NONE,YES,
CLM-0927,Decision-oriented evaluation,7 XGBoost Hog_office_Byron oracle_capture_ratio,EXACT_RECOVERED,A,7,outputs/phase7/model_test_decision_metrics.csv,row[30].oracle_capture_ratio,Hog_office_Byron,test,XGBoost,7 XGBoost Hog_office_Byron oracle_capture_ratio,0.557833254724367,dimensionless,,8680b2eced090f2ef2e56d5ceecf3217eacc1958f23b0eff1aec07eff3499454,NONE,YES,
CLM-0928,Decision-oriented evaluation,7 XGBoost Hog_office_Byron battery_throughput,EXACT_RECOVERED,A,7,outputs/phase7/model_test_decision_metrics.csv,row[30].battery_throughput,Hog_office_Byron,test,XGBoost,7 XGBoost Hog_office_Byron battery_throughput,66857.36285567639,dimensionless,,8680b2eced090f2ef2e56d5ceecf3217eacc1958f23b0eff1aec07eff3499454,NONE,YES,
CLM-0929,Decision-oriented evaluation,7 XGBoost Hog_office_Byron equivalent_full_cycles,EXACT_RECOVERED,A,7,outputs/phase7/model_test_decision_metrics.csv,row[30].equivalent_full_cycles,Hog_office_Byron,test,XGBoost,7 XGBoost Hog_office_Byron equivalent_full_cycles,13.847656899233373,dimensionless,,8680b2eced090f2ef2e56d5ceecf3217eacc1958f23b0eff1aec07eff3499454,NONE,YES,
CLM-0930,Decision-oriented evaluation,7 XGBoost Hog_office_Byron paired_daily_better,EXACT_RECOVERED,A,7,outputs/phase7/model_test_decision_metrics.csv,row[30].paired_daily_better,Hog_office_Byron,test,XGBoost,7 XGBoost Hog_office_Byron paired_daily_better,21.0,dimensionless,,8680b2eced090f2ef2e56d5ceecf3217eacc1958f23b0eff1aec07eff3499454,NONE,YES,
CLM-0931,Decision-oriented evaluation,7 XGBoost Hog_office_Byron paired_daily_equal,EXACT_RECOVERED,A,7,outputs/phase7/model_test_decision_metrics.csv,row[30].paired_daily_equal,Hog_office_Byron,test,XGBoost,7 XGBoost Hog_office_Byron paired_daily_equal,0.0,dimensionless,,8680b2eced090f2ef2e56d5ceecf3217eacc1958f23b0eff1aec07eff3499454,NONE,YES,
CLM-0932,Decision-oriented evaluation,7 XGBoost Hog_office_Byron paired_daily_worse,EXACT_RECOVERED,A,7,outputs/phase7/model_test_decision_metrics.csv,row[30].paired_daily_worse,Hog_office_Byron,test,XGBoost,7 XGBoost Hog_office_Byron paired_daily_worse,9.0,dimensionless,,8680b2eced090f2ef2e56d5ceecf3217eacc1958f23b0eff1aec07eff3499454,NONE,YES,
CLM-0933,Decision-oriented evaluation,7 CatBoost Hog_office_Byron no_battery_peak,EXACT_RECOVERED,A,7,outputs/phase7/model_test_decision_metrics.csv,row[31].no_battery_peak,Hog_office_Byron,test,CatBoost,7 CatBoost Hog_office_Byron no_battery_peak,1299.828,kW,,8680b2eced090f2ef2e56d5ceecf3217eacc1958f23b0eff1aec07eff3499454,NONE,YES,
CLM-0934,Decision-oriented evaluation,7 CatBoost Hog_office_Byron post_dispatch_peak,EXACT_RECOVERED,A,7,outputs/phase7/model_test_decision_metrics.csv,row[31].post_dispatch_peak,Hog_office_Byron,test,CatBoost,7 CatBoost Hog_office_Byron post_dispatch_peak,1136.9086948537526,kW,,8680b2eced090f2ef2e56d5ceecf3217eacc1958f23b0eff1aec07eff3499454,NONE,YES,
CLM-0935,Decision-oriented evaluation,7 CatBoost Hog_office_Byron absolute_peak_reduction,EXACT_RECOVERED,A,7,outputs/phase7/model_test_decision_metrics.csv,row[31].absolute_peak_reduction,Hog_office_Byron,test,CatBoost,7 CatBoost Hog_office_Byron absolute_peak_reduction,162.91930514624732,kW,,8680b2eced090f2ef2e56d5ceecf3217eacc1958f23b0eff1aec07eff3499454,NONE,YES,
CLM-0936,Decision-oriented evaluation,7 CatBoost Hog_office_Byron peak_reduction_percentage,EXACT_RECOVERED,A,7,outputs/phase7/model_test_decision_metrics.csv,row[31].peak_reduction_percentage,Hog_office_Byron,test,CatBoost,7 CatBoost Hog_office_Byron peak_reduction_percentage,12.533912575067419,%,,8680b2eced090f2ef2e56d5ceecf3217eacc1958f23b0eff1aec07eff3499454,NONE,YES,
CLM-0937,Decision-oriented evaluation,7 CatBoost Hog_office_Byron mean_daily_peak,EXACT_RECOVERED,A,7,outputs/phase7/model_test_decision_metrics.csv,row[31].mean_daily_peak,Hog_office_Byron,test,CatBoost,7 CatBoost Hog_office_Byron mean_daily_peak,980.4142386465411,kW,,8680b2eced090f2ef2e56d5ceecf3217eacc1958f23b0eff1aec07eff3499454,NONE,YES,
CLM-0938,Decision-oriented evaluation,7 CatBoost Hog_office_Byron worst_10pct_daily_peak,EXACT_RECOVERED,A,7,outputs/phase7/model_test_decision_metrics.csv,row[31].worst_10pct_daily_peak,Hog_office_Byron,test,CatBoost,7 CatBoost Hog_office_Byron worst_10pct_daily_peak,1116.0155236229805,%,,8680b2eced090f2ef2e56d5ceecf3217eacc1958f23b0eff1aec07eff3499454,NONE,YES,
CLM-0939,Decision-oriented evaluation,7 CatBoost Hog_office_Byron mean_regret_vs_oracle,EXACT_RECOVERED,A,7,outputs/phase7/model_test_decision_metrics.csv,row[31].mean_regret_vs_oracle,Hog_office_Byron,test,CatBoost,7 CatBoost Hog_office_Byron mean_regret_vs_oracle,37.99627782090473,kW,,8680b2eced090f2ef2e56d5ceecf3217eacc1958f23b0eff1aec07eff3499454,NONE,YES,
CLM-0940,Decision-oriented evaluation,7 CatBoost Hog_office_Byron p90_regret,EXACT_RECOVERED,A,7,outputs/phase7/model_test_decision_metrics.csv,row[31].p90_regret,Hog_office_Byron,test,CatBoost,7 CatBoost Hog_office_Byron p90_regret,68.79507110777696,kW,,8680b2eced090f2ef2e56d5ceecf3217eacc1958f23b0eff1aec07eff3499454,NONE,YES,
CLM-0941,Decision-oriented evaluation,7 CatBoost Hog_office_Byron max_regret,EXACT_RECOVERED,A,7,outputs/phase7/model_test_decision_metrics.csv,row[31].max_regret,Hog_office_Byron,test,CatBoost,7 CatBoost Hog_office_Byron max_regret,149.8810620279594,kW,,8680b2eced090f2ef2e56d5ceecf3217eacc1958f23b0eff1aec07eff3499454,NONE,YES,
CLM-0942,Decision-oriented evaluation,7 CatBoost Hog_office_Byron oracle_capture_ratio,EXACT_RECOVERED,A,7,outputs/phase7/model_test_decision_metrics.csv,row[31].oracle_capture_ratio,Hog_office_Byron,test,CatBoost,7 CatBoost Hog_office_Byron oracle_capture_ratio,0.5520650790959782,dimensionless,,8680b2eced090f2ef2e56d5ceecf3217eacc1958f23b0eff1aec07eff3499454,NONE,YES,
CLM-0943,Decision-oriented evaluation,7 CatBoost Hog_office_Byron battery_throughput,EXACT_RECOVERED,A,7,outputs/phase7/model_test_decision_metrics.csv,row[31].battery_throughput,Hog_office_Byron,test,CatBoost,7 CatBoost Hog_office_Byron battery_throughput,66555.42096954482,dimensionless,,8680b2eced090f2ef2e56d5ceecf3217eacc1958f23b0eff1aec07eff3499454,NONE,YES,
CLM-0944,Decision-oriented evaluation,7 CatBoost Hog_office_Byron equivalent_full_cycles,EXACT_RECOVERED,A,7,outputs/phase7/model_test_decision_metrics.csv,row[31].equivalent_full_cycles,Hog_office_Byron,test,CatBoost,7 CatBoost Hog_office_Byron equivalent_full_cycles,13.78511797361524,dimensionless,,8680b2eced090f2ef2e56d5ceecf3217eacc1958f23b0eff1aec07eff3499454,NONE,YES,
CLM-0945,Decision-oriented evaluation,7 CatBoost Hog_office_Byron paired_daily_better,EXACT_RECOVERED,A,7,outputs/phase7/model_test_decision_metrics.csv,row[31].paired_daily_better,Hog_office_Byron,test,CatBoost,7 CatBoost Hog_office_Byron paired_daily_better,17.0,dimensionless,,8680b2eced090f2ef2e56d5ceecf3217eacc1958f23b0eff1aec07eff3499454,NONE,YES,
CLM-0946,Decision-oriented evaluation,7 CatBoost Hog_office_Byron paired_daily_equal,EXACT_RECOVERED,A,7,outputs/phase7/model_test_decision_metrics.csv,row[31].paired_daily_equal,Hog_office_Byron,test,CatBoost,7 CatBoost Hog_office_Byron paired_daily_equal,0.0,dimensionless,,8680b2eced090f2ef2e56d5ceecf3217eacc1958f23b0eff1aec07eff3499454,NONE,YES,
CLM-0947,Decision-oriented evaluation,7 CatBoost Hog_office_Byron paired_daily_worse,EXACT_RECOVERED,A,7,outputs/phase7/model_test_decision_metrics.csv,row[31].paired_daily_worse,Hog_office_Byron,test,CatBoost,7 CatBoost Hog_office_Byron paired_daily_worse,13.0,dimensionless,,8680b2eced090f2ef2e56d5ceecf3217eacc1958f23b0eff1aec07eff3499454,NONE,YES,
CLM-0948,Multi-building generalization,7 DayWeek 8-building aggregate average_normalized_MAE,EXACT_RECOVERED,A,7,outputs/phase7/cross_building_model_summary.csv,row[0].average_normalized_MAE,8-building aggregate,,DayWeek,7 DayWeek 8-building aggregate average_normalized_MAE,0.18347751457949069,dimensionless,,cbad06fd825d9b49fb612f69fb888b5b42c158d61a1929092bb5c692df7b048d,NONE,YES,
CLM-0949,Multi-building generalization,7 DayWeek 8-building aggregate median_normalized_MAE,EXACT_RECOVERED,A,7,outputs/phase7/cross_building_model_summary.csv,row[0].median_normalized_MAE,8-building aggregate,,DayWeek,7 DayWeek 8-building aggregate median_normalized_MAE,0.09344927380141273,dimensionless,,cbad06fd825d9b49fb612f69fb888b5b42c158d61a1929092bb5c692df7b048d,NONE,YES,
CLM-0950,Multi-building generalization,7 DayWeek 8-building aggregate std_normalized_MAE,EXACT_RECOVERED,A,7,outputs/phase7/cross_building_model_summary.csv,row[0].std_normalized_MAE,8-building aggregate,,DayWeek,7 DayWeek 8-building aggregate std_normalized_MAE,0.20944933963166049,dimensionless,,cbad06fd825d9b49fb612f69fb888b5b42c158d61a1929092bb5c692df7b048d,NONE,YES,
CLM-0951,Multi-building generalization,7 DayWeek 8-building aggregate forecast_average_rank,EXACT_RECOVERED,A,7,outputs/phase7/cross_building_model_summary.csv,row[0].forecast_average_rank,8-building aggregate,,DayWeek,7 DayWeek 8-building aggregate forecast_average_rank,2.625,dimensionless,,cbad06fd825d9b49fb612f69fb888b5b42c158d61a1929092bb5c692df7b048d,NONE,YES,
CLM-0952,Multi-building generalization,7 DayWeek 8-building aggregate forecast_median_rank,EXACT_RECOVERED,A,7,outputs/phase7/cross_building_model_summary.csv,row[0].forecast_median_rank,8-building aggregate,,DayWeek,7 DayWeek 8-building aggregate forecast_median_rank,3.0,dimensionless,,cbad06fd825d9b49fb612f69fb888b5b42c158d61a1929092bb5c692df7b048d,NONE,YES,
CLM-0953,Multi-building generalization,7 DayWeek 8-building aggregate forecast_win_count,EXACT_RECOVERED,A,7,outputs/phase7/cross_building_model_summary.csv,row[0].forecast_win_count,8-building aggregate,,DayWeek,7 DayWeek 8-building aggregate forecast_win_count,3,dimensionless,,cbad06fd825d9b49fb612f69fb888b5b42c158d61a1929092bb5c692df7b048d,NONE,YES,
CLM-0954,Multi-building generalization,7 DayWeek 8-building aggregate average_normalized_peak_quartile_MAE,EXACT_RECOVERED,A,7,outputs/phase7/cross_building_model_summary.csv,row[0].average_normalized_peak_quartile_MAE,8-building aggregate,,DayWeek,7 DayWeek 8-building aggregate average_normalized_peak_quartile_MAE,0.2636585700909476,dimensionless,,cbad06fd825d9b49fb612f69fb888b5b42c158d61a1929092bb5c692df7b048d,NONE,YES,
CLM-0955,Multi-building generalization,7 DayWeek 8-building aggregate std_normalized_peak_quartile_MAE,EXACT_RECOVERED,A,7,outputs/phase7/cross_building_model_summary.csv,row[0].std_normalized_peak_quartile_MAE,8-building aggregate,,DayWeek,7 DayWeek 8-building aggregate std_normalized_peak_quartile_MAE,0.31840931994018123,dimensionless,,cbad06fd825d9b49fb612f69fb888b5b42c158d61a1929092bb5c692df7b048d,NONE,YES,
CLM-0956,Multi-building generalization,7 DayWeek 8-building aggregate peak_average_rank,EXACT_RECOVERED,A,7,outputs/phase7/cross_building_model_summary.csv,row[0].peak_average_rank,8-building aggregate,,DayWeek,7 DayWeek 8-building aggregate peak_average_rank,3.375,kW,,cbad06fd825d9b49fb612f69fb888b5b42c158d61a1929092bb5c692df7b048d,NONE,YES,
CLM-0957,Multi-building generalization,7 DayWeek 8-building aggregate peak_win_count,EXACT_RECOVERED,A,7,outputs/phase7/cross_building_model_summary.csv,row[0].peak_win_count,8-building aggregate,,DayWeek,7 DayWeek 8-building aggregate peak_win_count,1,kW,,cbad06fd825d9b49fb612f69fb888b5b42c158d61a1929092bb5c692df7b048d,NONE,YES,
CLM-0958,Multi-building generalization,7 DayWeek 8-building aggregate average_normalized_mean_regret,EXACT_RECOVERED,A,7,outputs/phase7/cross_building_model_summary.csv,row[0].average_normalized_mean_regret,8-building aggregate,,DayWeek,7 DayWeek 8-building aggregate average_normalized_mean_regret,0.14301866949576675,dimensionless,,cbad06fd825d9b49fb612f69fb888b5b42c158d61a1929092bb5c692df7b048d,NONE,YES,
CLM-0959,Multi-building generalization,7 DayWeek 8-building aggregate median_normalized_mean_regret,EXACT_RECOVERED,A,7,outputs/phase7/cross_building_model_summary.csv,row[0].median_normalized_mean_regret,8-building aggregate,,DayWeek,7 DayWeek 8-building aggregate median_normalized_mean_regret,0.11259177222957616,dimensionless,,cbad06fd825d9b49fb612f69fb888b5b42c158d61a1929092bb5c692df7b048d,NONE,YES,
CLM-0960,Multi-building generalization,7 DayWeek 8-building aggregate std_normalized_mean_regret,EXACT_RECOVERED,A,7,outputs/phase7/cross_building_model_summary.csv,row[0].std_normalized_mean_regret,8-building aggregate,,DayWeek,7 DayWeek 8-building aggregate std_normalized_mean_regret,0.1177387997550637,dimensionless,,cbad06fd825d9b49fb612f69fb888b5b42c158d61a1929092bb5c692df7b048d,NONE,YES,
CLM-0961,Multi-building generalization,7 DayWeek 8-building aggregate decision_average_rank,EXACT_RECOVERED,A,7,outputs/phase7/cross_building_model_summary.csv,row[0].decision_average_rank,8-building aggregate,,DayWeek,7 DayWeek 8-building aggregate decision_average_rank,3.125,dimensionless,,cbad06fd825d9b49fb612f69fb888b5b42c158d61a1929092bb5c692df7b048d,NONE,YES,
CLM-0962,Multi-building generalization,7 DayWeek 8-building aggregate decision_median_rank,EXACT_RECOVERED,A,7,outputs/phase7/cross_building_model_summary.csv,row[0].decision_median_rank,8-building aggregate,,DayWeek,7 DayWeek 8-building aggregate decision_median_rank,3.5,dimensionless,,cbad06fd825d9b49fb612f69fb888b5b42c158d61a1929092bb5c692df7b048d,NONE,YES,
CLM-0963,Multi-building generalization,7 DayWeek 8-building aggregate decision_win_count,EXACT_RECOVERED,A,7,outputs/phase7/cross_building_model_summary.csv,row[0].decision_win_count,8-building aggregate,,DayWeek,7 DayWeek 8-building aggregate decision_win_count,1,dimensionless,,cbad06fd825d9b49fb612f69fb888b5b42c158d61a1929092bb5c692df7b048d,NONE,YES,
CLM-0964,Multi-building generalization,7 LightGBM 8-building aggregate average_normalized_MAE,EXACT_RECOVERED,A,7,outputs/phase7/cross_building_model_summary.csv,row[1].average_normalized_MAE,8-building aggregate,,LightGBM,7 LightGBM 8-building aggregate average_normalized_MAE,0.14733802767768822,dimensionless,,cbad06fd825d9b49fb612f69fb888b5b42c158d61a1929092bb5c692df7b048d,NONE,YES,
CLM-0965,Multi-building generalization,7 LightGBM 8-building aggregate median_normalized_MAE,EXACT_RECOVERED,A,7,outputs/phase7/cross_building_model_summary.csv,row[1].median_normalized_MAE,8-building aggregate,,LightGBM,7 LightGBM 8-building aggregate median_normalized_MAE,0.08499256136530126,dimensionless,,cbad06fd825d9b49fb612f69fb888b5b42c158d61a1929092bb5c692df7b048d,NONE,YES,
CLM-0966,Multi-building generalization,7 LightGBM 8-building aggregate std_normalized_MAE,EXACT_RECOVERED,A,7,outputs/phase7/cross_building_model_summary.csv,row[1].std_normalized_MAE,8-building aggregate,,LightGBM,7 LightGBM 8-building aggregate std_normalized_MAE,0.141724876043197,dimensionless,,cbad06fd825d9b49fb612f69fb888b5b42c158d61a1929092bb5c692df7b048d,NONE,YES,
CLM-0967,Multi-building generalization,7 LightGBM 8-building aggregate forecast_average_rank,EXACT_RECOVERED,A,7,outputs/phase7/cross_building_model_summary.csv,row[1].forecast_average_rank,8-building aggregate,,LightGBM,7 LightGBM 8-building aggregate forecast_average_rank,2.125,dimensionless,,cbad06fd825d9b49fb612f69fb888b5b42c158d61a1929092bb5c692df7b048d,NONE,YES,
CLM-0968,Multi-building generalization,7 LightGBM 8-building aggregate forecast_median_rank,EXACT_RECOVERED,A,7,outputs/phase7/cross_building_model_summary.csv,row[1].forecast_median_rank,8-building aggregate,,LightGBM,7 LightGBM 8-building aggregate forecast_median_rank,2.0,dimensionless,,cbad06fd825d9b49fb612f69fb888b5b42c158d61a1929092bb5c692df7b048d,NONE,YES,
CLM-0969,Multi-building generalization,7 LightGBM 8-building aggregate forecast_win_count,EXACT_RECOVERED,A,7,outputs/phase7/cross_building_model_summary.csv,row[1].forecast_win_count,8-building aggregate,,LightGBM,7 LightGBM 8-building aggregate forecast_win_count,2,dimensionless,,cbad06fd825d9b49fb612f69fb888b5b42c158d61a1929092bb5c692df7b048d,NONE,YES,
CLM-0970,Multi-building generalization,7 LightGBM 8-building aggregate average_normalized_peak_quartile_MAE,EXACT_RECOVERED,A,7,outputs/phase7/cross_building_model_summary.csv,row[1].average_normalized_peak_quartile_MAE,8-building aggregate,,LightGBM,7 LightGBM 8-building aggregate average_normalized_peak_quartile_MAE,0.217359814952041,dimensionless,,cbad06fd825d9b49fb612f69fb888b5b42c158d61a1929092bb5c692df7b048d,NONE,YES,
CLM-0971,Multi-building generalization,7 LightGBM 8-building aggregate std_normalized_peak_quartile_MAE,EXACT_RECOVERED,A,7,outputs/phase7/cross_building_model_summary.csv,row[1].std_normalized_peak_quartile_MAE,8-building aggregate,,LightGBM,7 LightGBM 8-building aggregate std_normalized_peak_quartile_MAE,0.26759271030848486,dimensionless,,cbad06fd825d9b49fb612f69fb888b5b42c158d61a1929092bb5c692df7b048d,NONE,YES,
CLM-0972,Multi-building generalization,7 LightGBM 8-building aggregate peak_average_rank,EXACT_RECOVERED,A,7,outputs/phase7/cross_building_model_summary.csv,row[1].peak_average_rank,8-building aggregate,,LightGBM,7 LightGBM 8-building aggregate peak_average_rank,1.75,kW,,cbad06fd825d9b49fb612f69fb888b5b42c158d61a1929092bb5c692df7b048d,NONE,YES,
CLM-0973,Multi-building generalization,7 LightGBM 8-building aggregate peak_win_count,EXACT_RECOVERED,A,7,outputs/phase7/cross_building_model_summary.csv,row[1].peak_win_count,8-building aggregate,,LightGBM,7 LightGBM 8-building aggregate peak_win_count,3,kW,,cbad06fd825d9b49fb612f69fb888b5b42c158d61a1929092bb5c692df7b048d,NONE,YES,
CLM-0974,Multi-building generalization,7 LightGBM 8-building aggregate average_normalized_mean_regret,EXACT_RECOVERED,A,7,outputs/phase7/cross_building_model_summary.csv,row[1].average_normalized_mean_regret,8-building aggregate,,LightGBM,7 LightGBM 8-building aggregate average_normalized_mean_regret,0.11612678409383506,dimensionless,,cbad06fd825d9b49fb612f69fb888b5b42c158d61a1929092bb5c692df7b048d,NONE,YES,
CLM-0975,Multi-building generalization,7 LightGBM 8-building aggregate median_normalized_mean_regret,EXACT_RECOVERED,A,7,outputs/phase7/cross_building_model_summary.csv,row[1].median_normalized_mean_regret,8-building aggregate,,LightGBM,7 LightGBM 8-building aggregate median_normalized_mean_regret,0.09638239764608245,dimensionless,,cbad06fd825d9b49fb612f69fb888b5b42c158d61a1929092bb5c692df7b048d,NONE,YES,
CLM-0976,Multi-building generalization,7 LightGBM 8-building aggregate std_normalized_mean_regret,EXACT_RECOVERED,A,7,outputs/phase7/cross_building_model_summary.csv,row[1].std_normalized_mean_regret,8-building aggregate,,LightGBM,7 LightGBM 8-building aggregate std_normalized_mean_regret,0.08977673617184583,dimensionless,,cbad06fd825d9b49fb612f69fb888b5b42c158d61a1929092bb5c692df7b048d,NONE,YES,
CLM-0977,Multi-building generalization,7 LightGBM 8-building aggregate decision_average_rank,EXACT_RECOVERED,A,7,outputs/phase7/cross_building_model_summary.csv,row[1].decision_average_rank,8-building aggregate,,LightGBM,7 LightGBM 8-building aggregate decision_average_rank,2.25,dimensionless,,cbad06fd825d9b49fb612f69fb888b5b42c158d61a1929092bb5c692df7b048d,NONE,YES,
CLM-0978,Multi-building generalization,7 LightGBM 8-building aggregate decision_median_rank,EXACT_RECOVERED,A,7,outputs/phase7/cross_building_model_summary.csv,row[1].decision_median_rank,8-building aggregate,,LightGBM,7 LightGBM 8-building aggregate decision_median_rank,2.5,dimensionless,,cbad06fd825d9b49fb612f69fb888b5b42c158d61a1929092bb5c692df7b048d,NONE,YES,
CLM-0979,Multi-building generalization,7 LightGBM 8-building aggregate decision_win_count,EXACT_RECOVERED,A,7,outputs/phase7/cross_building_model_summary.csv,row[1].decision_win_count,8-building aggregate,,LightGBM,7 LightGBM 8-building aggregate decision_win_count,2,dimensionless,,cbad06fd825d9b49fb612f69fb888b5b42c158d61a1929092bb5c692df7b048d,NONE,YES,
CLM-0980,Multi-building generalization,7 XGBoost 8-building aggregate average_normalized_MAE,EXACT_RECOVERED,A,7,outputs/phase7/cross_building_model_summary.csv,row[2].average_normalized_MAE,8-building aggregate,,XGBoost,7 XGBoost 8-building aggregate average_normalized_MAE,0.1497806938494076,dimensionless,,cbad06fd825d9b49fb612f69fb888b5b42c158d61a1929092bb5c692df7b048d,NONE,YES,
CLM-0981,Multi-building generalization,7 XGBoost 8-building aggregate median_normalized_MAE,EXACT_RECOVERED,A,7,outputs/phase7/cross_building_model_summary.csv,row[2].median_normalized_MAE,8-building aggregate,,XGBoost,7 XGBoost 8-building aggregate median_normalized_MAE,0.0883794846413225,dimensionless,,cbad06fd825d9b49fb612f69fb888b5b42c158d61a1929092bb5c692df7b048d,NONE,YES,
CLM-0982,Multi-building generalization,7 XGBoost 8-building aggregate std_normalized_MAE,EXACT_RECOVERED,A,7,outputs/phase7/cross_building_model_summary.csv,row[2].std_normalized_MAE,8-building aggregate,,XGBoost,7 XGBoost 8-building aggregate std_normalized_MAE,0.14370848152248172,dimensionless,,cbad06fd825d9b49fb612f69fb888b5b42c158d61a1929092bb5c692df7b048d,NONE,YES,
CLM-0983,Multi-building generalization,7 XGBoost 8-building aggregate forecast_average_rank,EXACT_RECOVERED,A,7,outputs/phase7/cross_building_model_summary.csv,row[2].forecast_average_rank,8-building aggregate,,XGBoost,7 XGBoost 8-building aggregate forecast_average_rank,2.25,dimensionless,,cbad06fd825d9b49fb612f69fb888b5b42c158d61a1929092bb5c692df7b048d,NONE,YES,
CLM-0984,Multi-building generalization,7 XGBoost 8-building aggregate forecast_median_rank,EXACT_RECOVERED,A,7,outputs/phase7/cross_building_model_summary.csv,row[2].forecast_median_rank,8-building aggregate,,XGBoost,7 XGBoost 8-building aggregate forecast_median_rank,2.0,dimensionless,,cbad06fd825d9b49fb612f69fb888b5b42c158d61a1929092bb5c692df7b048d,NONE,YES,
CLM-0985,Multi-building generalization,7 XGBoost 8-building aggregate forecast_win_count,EXACT_RECOVERED,A,7,outputs/phase7/cross_building_model_summary.csv,row[2].forecast_win_count,8-building aggregate,,XGBoost,7 XGBoost 8-building aggregate forecast_win_count,2,dimensionless,,cbad06fd825d9b49fb612f69fb888b5b42c158d61a1929092bb5c692df7b048d,NONE,YES,
CLM-0986,Multi-building generalization,7 XGBoost 8-building aggregate average_normalized_peak_quartile_MAE,EXACT_RECOVERED,A,7,outputs/phase7/cross_building_model_summary.csv,row[2].average_normalized_peak_quartile_MAE,8-building aggregate,,XGBoost,7 XGBoost 8-building aggregate average_normalized_peak_quartile_MAE,0.2114395161100171,dimensionless,,cbad06fd825d9b49fb612f69fb888b5b42c158d61a1929092bb5c692df7b048d,NONE,YES,
CLM-0987,Multi-building generalization,7 XGBoost 8-building aggregate std_normalized_peak_quartile_MAE,EXACT_RECOVERED,A,7,outputs/phase7/cross_building_model_summary.csv,row[2].std_normalized_peak_quartile_MAE,8-building aggregate,,XGBoost,7 XGBoost 8-building aggregate std_normalized_peak_quartile_MAE,0.2500177160970432,dimensionless,,cbad06fd825d9b49fb612f69fb888b5b42c158d61a1929092bb5c692df7b048d,NONE,YES,
CLM-0988,Multi-building generalization,7 XGBoost 8-building aggregate peak_average_rank,EXACT_RECOVERED,A,7,outputs/phase7/cross_building_model_summary.csv,row[2].peak_average_rank,8-building aggregate,,XGBoost,7 XGBoost 8-building aggregate peak_average_rank,2.25,kW,,cbad06fd825d9b49fb612f69fb888b5b42c158d61a1929092bb5c692df7b048d,NONE,YES,
CLM-0989,Multi-building generalization,7 XGBoost 8-building aggregate peak_win_count,EXACT_RECOVERED,A,7,outputs/phase7/cross_building_model_summary.csv,row[2].peak_win_count,8-building aggregate,,XGBoost,7 XGBoost 8-building aggregate peak_win_count,2,kW,,cbad06fd825d9b49fb612f69fb888b5b42c158d61a1929092bb5c692df7b048d,NONE,YES,
CLM-0990,Multi-building generalization,7 XGBoost 8-building aggregate average_normalized_mean_regret,EXACT_RECOVERED,A,7,outputs/phase7/cross_building_model_summary.csv,row[2].average_normalized_mean_regret,8-building aggregate,,XGBoost,7 XGBoost 8-building aggregate average_normalized_mean_regret,0.1175341513618143,dimensionless,,cbad06fd825d9b49fb612f69fb888b5b42c158d61a1929092bb5c692df7b048d,NONE,YES,
CLM-0991,Multi-building generalization,7 XGBoost 8-building aggregate median_normalized_mean_regret,EXACT_RECOVERED,A,7,outputs/phase7/cross_building_model_summary.csv,row[2].median_normalized_mean_regret,8-building aggregate,,XGBoost,7 XGBoost 8-building aggregate median_normalized_mean_regret,0.09267941084249057,dimensionless,,cbad06fd825d9b49fb612f69fb888b5b42c158d61a1929092bb5c692df7b048d,NONE,YES,
CLM-0992,Multi-building generalization,7 XGBoost 8-building aggregate std_normalized_mean_regret,EXACT_RECOVERED,A,7,outputs/phase7/cross_building_model_summary.csv,row[2].std_normalized_mean_regret,8-building aggregate,,XGBoost,7 XGBoost 8-building aggregate std_normalized_mean_regret,0.0922958586069947,dimensionless,,cbad06fd825d9b49fb612f69fb888b5b42c158d61a1929092bb5c692df7b048d,NONE,YES,
CLM-0993,Multi-building generalization,7 XGBoost 8-building aggregate decision_average_rank,EXACT_RECOVERED,A,7,outputs/phase7/cross_building_model_summary.csv,row[2].decision_average_rank,8-building aggregate,,XGBoost,7 XGBoost 8-building aggregate decision_average_rank,2.375,dimensionless,,cbad06fd825d9b49fb612f69fb888b5b42c158d61a1929092bb5c692df7b048d,NONE,YES,
CLM-0994,Multi-building generalization,7 XGBoost 8-building aggregate decision_median_rank,EXACT_RECOVERED,A,7,outputs/phase7/cross_building_model_summary.csv,row[2].decision_median_rank,8-building aggregate,,XGBoost,7 XGBoost 8-building aggregate decision_median_rank,2.0,dimensionless,,cbad06fd825d9b49fb612f69fb888b5b42c158d61a1929092bb5c692df7b048d,NONE,YES,
CLM-0995,Multi-building generalization,7 XGBoost 8-building aggregate decision_win_count,EXACT_RECOVERED,A,7,outputs/phase7/cross_building_model_summary.csv,row[2].decision_win_count,8-building aggregate,,XGBoost,7 XGBoost 8-building aggregate decision_win_count,2,dimensionless,,cbad06fd825d9b49fb612f69fb888b5b42c158d61a1929092bb5c692df7b048d,NONE,YES,
CLM-0996,Multi-building generalization,7 CatBoost 8-building aggregate average_normalized_MAE,EXACT_RECOVERED,A,7,outputs/phase7/cross_building_model_summary.csv,row[3].average_normalized_MAE,8-building aggregate,,CatBoost,7 CatBoost 8-building aggregate average_normalized_MAE,0.17360437505450976,dimensionless,,cbad06fd825d9b49fb612f69fb888b5b42c158d61a1929092bb5c692df7b048d,NONE,YES,
CLM-0997,Multi-building generalization,7 CatBoost 8-building aggregate median_normalized_MAE,EXACT_RECOVERED,A,7,outputs/phase7/cross_building_model_summary.csv,row[3].median_normalized_MAE,8-building aggregate,,CatBoost,7 CatBoost 8-building aggregate median_normalized_MAE,0.09232141790564329,dimensionless,,cbad06fd825d9b49fb612f69fb888b5b42c158d61a1929092bb5c692df7b048d,NONE,YES,
CLM-0998,Multi-building generalization,7 CatBoost 8-building aggregate std_normalized_MAE,EXACT_RECOVERED,A,7,outputs/phase7/cross_building_model_summary.csv,row[3].std_normalized_MAE,8-building aggregate,,CatBoost,7 CatBoost 8-building aggregate std_normalized_MAE,0.18548246022421327,dimensionless,,cbad06fd825d9b49fb612f69fb888b5b42c158d61a1929092bb5c692df7b048d,NONE,YES,
CLM-0999,Multi-building generalization,7 CatBoost 8-building aggregate forecast_average_rank,EXACT_RECOVERED,A,7,outputs/phase7/cross_building_model_summary.csv,row[3].forecast_average_rank,8-building aggregate,,CatBoost,7 CatBoost 8-building aggregate forecast_average_rank,3.0,dimensionless,,cbad06fd825d9b49fb612f69fb888b5b42c158d61a1929092bb5c692df7b048d,NONE,YES,
CLM-1000,Multi-building generalization,7 CatBoost 8-building aggregate forecast_median_rank,EXACT_RECOVERED,A,7,outputs/phase7/cross_building_model_summary.csv,row[3].forecast_median_rank,8-building aggregate,,CatBoost,7 CatBoost 8-building aggregate forecast_median_rank,3.0,dimensionless,,cbad06fd825d9b49fb612f69fb888b5b42c158d61a1929092bb5c692df7b048d,NONE,YES,
CLM-1001,Multi-building generalization,7 CatBoost 8-building aggregate forecast_win_count,EXACT_RECOVERED,A,7,outputs/phase7/cross_building_model_summary.csv,row[3].forecast_win_count,8-building aggregate,,CatBoost,7 CatBoost 8-building aggregate forecast_win_count,1,dimensionless,,cbad06fd825d9b49fb612f69fb888b5b42c158d61a1929092bb5c692df7b048d,NONE,YES,
CLM-1002,Multi-building generalization,7 CatBoost 8-building aggregate average_normalized_peak_quartile_MAE,EXACT_RECOVERED,A,7,outputs/phase7/cross_building_model_summary.csv,row[3].average_normalized_peak_quartile_MAE,8-building aggregate,,CatBoost,7 CatBoost 8-building aggregate average_normalized_peak_quartile_MAE,0.23138200942943754,dimensionless,,cbad06fd825d9b49fb612f69fb888b5b42c158d61a1929092bb5c692df7b048d,NONE,YES,
CLM-1003,Multi-building generalization,7 CatBoost 8-building aggregate std_normalized_peak_quartile_MAE,EXACT_RECOVERED,A,7,outputs/phase7/cross_building_model_summary.csv,row[3].std_normalized_peak_quartile_MAE,8-building aggregate,,CatBoost,7 CatBoost 8-building aggregate std_normalized_peak_quartile_MAE,0.2831763031296825,dimensionless,,cbad06fd825d9b49fb612f69fb888b5b42c158d61a1929092bb5c692df7b048d,NONE,YES,
CLM-1004,Multi-building generalization,7 CatBoost 8-building aggregate peak_average_rank,EXACT_RECOVERED,A,7,outputs/phase7/cross_building_model_summary.csv,row[3].peak_average_rank,8-building aggregate,,CatBoost,7 CatBoost 8-building aggregate peak_average_rank,2.625,kW,,cbad06fd825d9b49fb612f69fb888b5b42c158d61a1929092bb5c692df7b048d,NONE,YES,
CLM-1005,Multi-building generalization,7 CatBoost 8-building aggregate peak_win_count,EXACT_RECOVERED,A,7,outputs/phase7/cross_building_model_summary.csv,row[3].peak_win_count,8-building aggregate,,CatBoost,7 CatBoost 8-building aggregate peak_win_count,2,kW,,cbad06fd825d9b49fb612f69fb888b5b42c158d61a1929092bb5c692df7b048d,NONE,YES,
CLM-1006,Multi-building generalization,7 CatBoost 8-building aggregate average_normalized_mean_regret,EXACT_RECOVERED,A,7,outputs/phase7/cross_building_model_summary.csv,row[3].average_normalized_mean_regret,8-building aggregate,,CatBoost,7 CatBoost 8-building aggregate average_normalized_mean_regret,0.1187404081252623,dimensionless,,cbad06fd825d9b49fb612f69fb888b5b42c158d61a1929092bb5c692df7b048d,NONE,YES,
CLM-1007,Multi-building generalization,7 CatBoost 8-building aggregate median_normalized_mean_regret,EXACT_RECOVERED,A,7,outputs/phase7/cross_building_model_summary.csv,row[3].median_normalized_mean_regret,8-building aggregate,,CatBoost,7 CatBoost 8-building aggregate median_normalized_mean_regret,0.09427493611441579,dimensionless,,cbad06fd825d9b49fb612f69fb888b5b42c158d61a1929092bb5c692df7b048d,NONE,YES,
CLM-1008,Multi-building generalization,7 CatBoost 8-building aggregate std_normalized_mean_regret,EXACT_RECOVERED,A,7,outputs/phase7/cross_building_model_summary.csv,row[3].std_normalized_mean_regret,8-building aggregate,,CatBoost,7 CatBoost 8-building aggregate std_normalized_mean_regret,0.08431904986722483,dimensionless,,cbad06fd825d9b49fb612f69fb888b5b42c158d61a1929092bb5c692df7b048d,NONE,YES,
CLM-1009,Multi-building generalization,7 CatBoost 8-building aggregate decision_average_rank,EXACT_RECOVERED,A,7,outputs/phase7/cross_building_model_summary.csv,row[3].decision_average_rank,8-building aggregate,,CatBoost,7 CatBoost 8-building aggregate decision_average_rank,2.25,dimensionless,,cbad06fd825d9b49fb612f69fb888b5b42c158d61a1929092bb5c692df7b048d,NONE,YES,
CLM-1010,Multi-building generalization,7 CatBoost 8-building aggregate decision_median_rank,EXACT_RECOVERED,A,7,outputs/phase7/cross_building_model_summary.csv,row[3].decision_median_rank,8-building aggregate,,CatBoost,7 CatBoost 8-building aggregate decision_median_rank,2.0,dimensionless,,cbad06fd825d9b49fb612f69fb888b5b42c158d61a1929092bb5c692df7b048d,NONE,YES,
CLM-1011,Multi-building generalization,7 CatBoost 8-building aggregate decision_win_count,EXACT_RECOVERED,A,7,outputs/phase7/cross_building_model_summary.csv,row[3].decision_win_count,8-building aggregate,,CatBoost,7 CatBoost 8-building aggregate decision_win_count,3,dimensionless,,cbad06fd825d9b49fb612f69fb888b5b42c158d61a1929092bb5c692df7b048d,NONE,YES,
CLM-1012,Decision-oriented ensemble,8 DayWeek Hog_office_Rolando weight,EXACT_RECOVERED,A,8,outputs/phase8/test_forecast_metrics.csv,row[0].weight,Hog_office_Rolando,test,DayWeek,8 DayWeek Hog_office_Rolando weight,0.0,dimensionless,,66d7bef9f8c671486f5f93f84141101ab04a85168726ebe813b689411bed9c51,NONE,YES,
CLM-1013,Decision-oriented ensemble,8 DayWeek Hog_office_Rolando MAE,EXACT_RECOVERED,A,8,outputs/phase8/test_forecast_metrics.csv,row[0].MAE,Hog_office_Rolando,test,DayWeek,8 DayWeek Hog_office_Rolando MAE,8.86875,kW,,66d7bef9f8c671486f5f93f84141101ab04a85168726ebe813b689411bed9c51,NONE,YES,
CLM-1014,Decision-oriented ensemble,8 DayWeek Hog_office_Rolando RMSE,EXACT_RECOVERED,A,8,outputs/phase8/test_forecast_metrics.csv,row[0].RMSE,Hog_office_Rolando,test,DayWeek,8 DayWeek Hog_office_Rolando RMSE,12.52881401232996,kW,,66d7bef9f8c671486f5f93f84141101ab04a85168726ebe813b689411bed9c51,NONE,YES,
CLM-1015,Decision-oriented ensemble,8 DayWeek Hog_office_Rolando MAPE,EXACT_RECOVERED,A,8,outputs/phase8/test_forecast_metrics.csv,row[0].MAPE,Hog_office_Rolando,test,DayWeek,8 DayWeek Hog_office_Rolando MAPE,2.152466550679129,%,,66d7bef9f8c671486f5f93f84141101ab04a85168726ebe813b689411bed9c51,NONE,YES,
CLM-1016,Decision-oriented ensemble,8 DayWeek Hog_office_Rolando bias,EXACT_RECOVERED,A,8,outputs/phase8/test_forecast_metrics.csv,row[0].bias,Hog_office_Rolando,test,DayWeek,8 DayWeek Hog_office_Rolando bias,4.689583333333333,dimensionless,,66d7bef9f8c671486f5f93f84141101ab04a85168726ebe813b689411bed9c51,NONE,YES,
CLM-1017,Decision-oriented ensemble,8 DayWeek Hog_office_Rolando actual_p75,EXACT_RECOVERED,A,8,outputs/phase8/test_forecast_metrics.csv,row[0].actual_p75,Hog_office_Rolando,test,DayWeek,8 DayWeek Hog_office_Rolando actual_p75,430.0,dimensionless,,66d7bef9f8c671486f5f93f84141101ab04a85168726ebe813b689411bed9c51,NONE,YES,
CLM-1018,Decision-oriented ensemble,8 DayWeek Hog_office_Rolando peak_quartile_MAE,EXACT_RECOVERED,A,8,outputs/phase8/test_forecast_metrics.csv,row[0].peak_quartile_MAE,Hog_office_Rolando,test,DayWeek,8 DayWeek Hog_office_Rolando peak_quartile_MAE,7.286885245901639,kW,,66d7bef9f8c671486f5f93f84141101ab04a85168726ebe813b689411bed9c51,NONE,YES,
CLM-1019,Decision-oriented ensemble,8 DayWeek Hog_office_Rolando peak_quartile_bias,EXACT_RECOVERED,A,8,outputs/phase8/test_forecast_metrics.csv,row[0].peak_quartile_bias,Hog_office_Rolando,test,DayWeek,8 DayWeek Hog_office_Rolando peak_quartile_bias,-1.4562841530054644,kW,,66d7bef9f8c671486f5f93f84141101ab04a85168726ebe813b689411bed9c51,NONE,YES,
CLM-1020,Decision-oriented ensemble,8 DayWeek Hog_office_Rolando daily_peak_hour_MAE,EXACT_RECOVERED,A,8,outputs/phase8/test_forecast_metrics.csv,row[0].daily_peak_hour_MAE,Hog_office_Rolando,test,DayWeek,8 DayWeek Hog_office_Rolando daily_peak_hour_MAE,1.5333333333333334,kW,,66d7bef9f8c671486f5f93f84141101ab04a85168726ebe813b689411bed9c51,NONE,YES,
CLM-1021,Decision-oriented ensemble,8 DayWeek Hog_office_Rolando daily_peak_hour_exact_rate,EXACT_RECOVERED,A,8,outputs/phase8/test_forecast_metrics.csv,row[0].daily_peak_hour_exact_rate,Hog_office_Rolando,test,DayWeek,8 DayWeek Hog_office_Rolando daily_peak_hour_exact_rate,0.3,kW,,66d7bef9f8c671486f5f93f84141101ab04a85168726ebe813b689411bed9c51,NONE,YES,
CLM-1022,Decision-oriented ensemble,8 DayWeek Hog_office_Rolando daily_top3_overlap,EXACT_RECOVERED,A,8,outputs/phase8/test_forecast_metrics.csv,row[0].daily_top3_overlap,Hog_office_Rolando,test,DayWeek,8 DayWeek Hog_office_Rolando daily_top3_overlap,0.5777777777777778,dimensionless,,66d7bef9f8c671486f5f93f84141101ab04a85168726ebe813b689411bed9c51,NONE,YES,
CLM-1023,Decision-oriented ensemble,8 DayWeek Hog_office_Rolando normalized_MAE,EXACT_RECOVERED,A,8,outputs/phase8/test_forecast_metrics.csv,row[0].normalized_MAE,Hog_office_Rolando,test,DayWeek,8 DayWeek Hog_office_Rolando normalized_MAE,0.02904701633714071,dimensionless,,66d7bef9f8c671486f5f93f84141101ab04a85168726ebe813b689411bed9c51,NONE,YES,
CLM-1024,Decision-oriented ensemble,8 DayWeek Hog_office_Rolando normalized_RMSE,EXACT_RECOVERED,A,8,outputs/phase8/test_forecast_metrics.csv,row[0].normalized_RMSE,Hog_office_Rolando,test,DayWeek,8 DayWeek Hog_office_Rolando normalized_RMSE,0.04103449362098895,dimensionless,,66d7bef9f8c671486f5f93f84141101ab04a85168726ebe813b689411bed9c51,NONE,YES,
CLM-1025,Decision-oriented ensemble,8 LightGBM Hog_office_Rolando weight,EXACT_RECOVERED,A,8,outputs/phase8/test_forecast_metrics.csv,row[1].weight,Hog_office_Rolando,test,LightGBM,8 LightGBM Hog_office_Rolando weight,1.0,dimensionless,,66d7bef9f8c671486f5f93f84141101ab04a85168726ebe813b689411bed9c51,NONE,YES,
CLM-1026,Decision-oriented ensemble,8 LightGBM Hog_office_Rolando MAE,EXACT_RECOVERED,A,8,outputs/phase8/test_forecast_metrics.csv,row[1].MAE,Hog_office_Rolando,test,LightGBM,8 LightGBM Hog_office_Rolando MAE,11.586274191057303,kW,,66d7bef9f8c671486f5f93f84141101ab04a85168726ebe813b689411bed9c51,NONE,YES,
CLM-1027,Decision-oriented ensemble,8 LightGBM Hog_office_Rolando RMSE,EXACT_RECOVERED,A,8,outputs/phase8/test_forecast_metrics.csv,row[1].RMSE,Hog_office_Rolando,test,LightGBM,8 LightGBM Hog_office_Rolando RMSE,17.33749674157886,kW,,66d7bef9f8c671486f5f93f84141101ab04a85168726ebe813b689411bed9c51,NONE,YES,
CLM-1028,Decision-oriented ensemble,8 LightGBM Hog_office_Rolando MAPE,EXACT_RECOVERED,A,8,outputs/phase8/test_forecast_metrics.csv,row[1].MAPE,Hog_office_Rolando,test,LightGBM,8 LightGBM Hog_office_Rolando MAPE,2.869997650567488,%,,66d7bef9f8c671486f5f93f84141101ab04a85168726ebe813b689411bed9c51,NONE,YES,
CLM-1029,Decision-oriented ensemble,8 LightGBM Hog_office_Rolando bias,EXACT_RECOVERED,A,8,outputs/phase8/test_forecast_metrics.csv,row[1].bias,Hog_office_Rolando,test,LightGBM,8 LightGBM Hog_office_Rolando bias,8.689172620737535,dimensionless,,66d7bef9f8c671486f5f93f84141101ab04a85168726ebe813b689411bed9c51,NONE,YES,
CLM-1030,Decision-oriented ensemble,8 LightGBM Hog_office_Rolando actual_p75,EXACT_RECOVERED,A,8,outputs/phase8/test_forecast_metrics.csv,row[1].actual_p75,Hog_office_Rolando,test,LightGBM,8 LightGBM Hog_office_Rolando actual_p75,430.0,dimensionless,,66d7bef9f8c671486f5f93f84141101ab04a85168726ebe813b689411bed9c51,NONE,YES,
CLM-1031,Decision-oriented ensemble,8 LightGBM Hog_office_Rolando peak_quartile_MAE,EXACT_RECOVERED,A,8,outputs/phase8/test_forecast_metrics.csv,row[1].peak_quartile_MAE,Hog_office_Rolando,test,LightGBM,8 LightGBM Hog_office_Rolando peak_quartile_MAE,5.833103431919106,kW,,66d7bef9f8c671486f5f93f84141101ab04a85168726ebe813b689411bed9c51,NONE,YES,
CLM-1032,Decision-oriented ensemble,8 LightGBM Hog_office_Rolando peak_quartile_bias,EXACT_RECOVERED,A,8,outputs/phase8/test_forecast_metrics.csv,row[1].peak_quartile_bias,Hog_office_Rolando,test,LightGBM,8 LightGBM Hog_office_Rolando peak_quartile_bias,-1.9891210013458753,kW,,66d7bef9f8c671486f5f93f84141101ab04a85168726ebe813b689411bed9c51,NONE,YES,
CLM-1033,Decision-oriented ensemble,8 LightGBM Hog_office_Rolando daily_peak_hour_MAE,EXACT_RECOVERED,A,8,outputs/phase8/test_forecast_metrics.csv,row[1].daily_peak_hour_MAE,Hog_office_Rolando,test,LightGBM,8 LightGBM Hog_office_Rolando daily_peak_hour_MAE,3.6,kW,,66d7bef9f8c671486f5f93f84141101ab04a85168726ebe813b689411bed9c51,NONE,YES,
CLM-1034,Decision-oriented ensemble,8 LightGBM Hog_office_Rolando daily_peak_hour_exact_rate,EXACT_RECOVERED,A,8,outputs/phase8/test_forecast_metrics.csv,row[1].daily_peak_hour_exact_rate,Hog_office_Rolando,test,LightGBM,8 LightGBM Hog_office_Rolando daily_peak_hour_exact_rate,0.23333333333333334,kW,,66d7bef9f8c671486f5f93f84141101ab04a85168726ebe813b689411bed9c51,NONE,YES,
CLM-1035,Decision-oriented ensemble,8 LightGBM Hog_office_Rolando daily_top3_overlap,EXACT_RECOVERED,A,8,outputs/phase8/test_forecast_metrics.csv,row[1].daily_top3_overlap,Hog_office_Rolando,test,LightGBM,8 LightGBM Hog_office_Rolando daily_top3_overlap,0.522222222222222,dimensionless,,66d7bef9f8c671486f5f93f84141101ab04a85168726ebe813b689411bed9c51,NONE,YES,
CLM-1036,Decision-oriented ensemble,8 LightGBM Hog_office_Rolando normalized_MAE,EXACT_RECOVERED,A,8,outputs/phase8/test_forecast_metrics.csv,row[1].normalized_MAE,Hog_office_Rolando,test,LightGBM,8 LightGBM Hog_office_Rolando normalized_MAE,0.03794747802274652,dimensionless,,66d7bef9f8c671486f5f93f84141101ab04a85168726ebe813b689411bed9c51,NONE,YES,
CLM-1037,Decision-oriented ensemble,8 LightGBM Hog_office_Rolando normalized_RMSE,EXACT_RECOVERED,A,8,outputs/phase8/test_forecast_metrics.csv,row[1].normalized_RMSE,Hog_office_Rolando,test,LightGBM,8 LightGBM Hog_office_Rolando normalized_RMSE,0.05678393810827512,dimensionless,,66d7bef9f8c671486f5f93f84141101ab04a85168726ebe813b689411bed9c51,NONE,YES,
CLM-1038,Decision-oriented ensemble,8 ForecastSelectedPerBuilding Hog_office_Rolando weight,EXACT_RECOVERED,A,8,outputs/phase8/test_forecast_metrics.csv,row[2].weight,Hog_office_Rolando,test,ForecastSelectedPerBuilding,8 ForecastSelectedPerBuilding Hog_office_Rolando weight,0.9,dimensionless,,66d7bef9f8c671486f5f93f84141101ab04a85168726ebe813b689411bed9c51,NONE,YES,
CLM-1039,Decision-oriented ensemble,8 ForecastSelectedPerBuilding Hog_office_Rolando MAE,EXACT_RECOVERED,A,8,outputs/phase8/test_forecast_metrics.csv,row[2].MAE,Hog_office_Rolando,test,ForecastSelectedPerBuilding,8 ForecastSelectedPerBuilding Hog_office_Rolando MAE,11.028620328380676,kW,,66d7bef9f8c671486f5f93f84141101ab04a85168726ebe813b689411bed9c51,NONE,YES,
CLM-1040,Decision-oriented ensemble,8 ForecastSelectedPerBuilding Hog_office_Rolando RMSE,EXACT_RECOVERED,A,8,outputs/phase8/test_forecast_metrics.csv,row[2].RMSE,Hog_office_Rolando,test,ForecastSelectedPerBuilding,8 ForecastSelectedPerBuilding Hog_office_Rolando RMSE,16.495709229459838,kW,,66d7bef9f8c671486f5f93f84141101ab04a85168726ebe813b689411bed9c51,NONE,YES,
CLM-1041,Decision-oriented ensemble,8 ForecastSelectedPerBuilding Hog_office_Rolando MAPE,EXACT_RECOVERED,A,8,outputs/phase8/test_forecast_metrics.csv,row[2].MAPE,Hog_office_Rolando,test,ForecastSelectedPerBuilding,8 ForecastSelectedPerBuilding Hog_office_Rolando MAPE,2.7321969707167053,%,,66d7bef9f8c671486f5f93f84141101ab04a85168726ebe813b689411bed9c51,NONE,YES,
CLM-1042,Decision-oriented ensemble,8 ForecastSelectedPerBuilding Hog_office_Rolando bias,EXACT_RECOVERED,A,8,outputs/phase8/test_forecast_metrics.csv,row[2].bias,Hog_office_Rolando,test,ForecastSelectedPerBuilding,8 ForecastSelectedPerBuilding Hog_office_Rolando bias,8.289213691997118,dimensionless,,66d7bef9f8c671486f5f93f84141101ab04a85168726ebe813b689411bed9c51,NONE,YES,
CLM-1043,Decision-oriented ensemble,8 ForecastSelectedPerBuilding Hog_office_Rolando actual_p75,EXACT_RECOVERED,A,8,outputs/phase8/test_forecast_metrics.csv,row[2].actual_p75,Hog_office_Rolando,test,ForecastSelectedPerBuilding,8 ForecastSelectedPerBuilding Hog_office_Rolando actual_p75,430.0,dimensionless,,66d7bef9f8c671486f5f93f84141101ab04a85168726ebe813b689411bed9c51,NONE,YES,
CLM-1044,Decision-oriented ensemble,8 ForecastSelectedPerBuilding Hog_office_Rolando peak_quartile_MAE,EXACT_RECOVERED,A,8,outputs/phase8/test_forecast_metrics.csv,row[2].peak_quartile_MAE,Hog_office_Rolando,test,ForecastSelectedPerBuilding,8 ForecastSelectedPerBuilding Hog_office_Rolando peak_quartile_MAE,5.389737471669989,kW,,66d7bef9f8c671486f5f93f84141101ab04a85168726ebe813b689411bed9c51,NONE,YES,
CLM-1045,Decision-oriented ensemble,8 ForecastSelectedPerBuilding Hog_office_Rolando peak_quartile_bias,EXACT_RECOVERED,A,8,outputs/phase8/test_forecast_metrics.csv,row[2].peak_quartile_bias,Hog_office_Rolando,test,ForecastSelectedPerBuilding,8 ForecastSelectedPerBuilding Hog_office_Rolando peak_quartile_bias,-1.9358373165118385,kW,,66d7bef9f8c671486f5f93f84141101ab04a85168726ebe813b689411bed9c51,NONE,YES,
CLM-1046,Decision-oriented ensemble,8 ForecastSelectedPerBuilding Hog_office_Rolando daily_peak_hour_MAE,EXACT_RECOVERED,A,8,outputs/phase8/test_forecast_metrics.csv,row[2].daily_peak_hour_MAE,Hog_office_Rolando,test,ForecastSelectedPerBuilding,8 ForecastSelectedPerBuilding Hog_office_Rolando daily_peak_hour_MAE,2.466666666666667,kW,,66d7bef9f8c671486f5f93f84141101ab04a85168726ebe813b689411bed9c51,NONE,YES,
CLM-1047,Decision-oriented ensemble,8 ForecastSelectedPerBuilding Hog_office_Rolando daily_peak_hour_exact_rate,EXACT_RECOVERED,A,8,outputs/phase8/test_forecast_metrics.csv,row[2].daily_peak_hour_exact_rate,Hog_office_Rolando,test,ForecastSelectedPerBuilding,8 ForecastSelectedPerBuilding Hog_office_Rolando daily_peak_hour_exact_rate,0.26666666666666666,kW,,66d7bef9f8c671486f5f93f84141101ab04a85168726ebe813b689411bed9c51,NONE,YES,
CLM-1048,Decision-oriented ensemble,8 ForecastSelectedPerBuilding Hog_office_Rolando daily_top3_overlap,EXACT_RECOVERED,A,8,outputs/phase8/test_forecast_metrics.csv,row[2].daily_top3_overlap,Hog_office_Rolando,test,ForecastSelectedPerBuilding,8 ForecastSelectedPerBuilding Hog_office_Rolando daily_top3_overlap,0.5222222222222221,dimensionless,,66d7bef9f8c671486f5f93f84141101ab04a85168726ebe813b689411bed9c51,NONE,YES,
CLM-1049,Decision-oriented ensemble,8 ForecastSelectedPerBuilding Hog_office_Rolando normalized_MAE,EXACT_RECOVERED,A,8,outputs/phase8/test_forecast_metrics.csv,row[2].normalized_MAE,Hog_office_Rolando,test,ForecastSelectedPerBuilding,8 ForecastSelectedPerBuilding Hog_office_Rolando normalized_MAE,0.036121044662956514,dimensionless,,66d7bef9f8c671486f5f93f84141101ab04a85168726ebe813b689411bed9c51,NONE,YES,
CLM-1050,Decision-oriented ensemble,8 ForecastSelectedPerBuilding Hog_office_Rolando normalized_RMSE,EXACT_RECOVERED,A,8,outputs/phase8/test_forecast_metrics.csv,row[2].normalized_RMSE,Hog_office_Rolando,test,ForecastSelectedPerBuilding,8 ForecastSelectedPerBuilding Hog_office_Rolando normalized_RMSE,0.0540269074537948,dimensionless,,66d7bef9f8c671486f5f93f84141101ab04a85168726ebe813b689411bed9c51,NONE,YES,
CLM-1051,Decision-oriented ensemble,8 DecisionSelectedPerBuilding Hog_office_Rolando weight,EXACT_RECOVERED,A,8,outputs/phase8/test_forecast_metrics.csv,row[3].weight,Hog_office_Rolando,test,DecisionSelectedPerBuilding,8 DecisionSelectedPerBuilding Hog_office_Rolando weight,0.7,dimensionless,,66d7bef9f8c671486f5f93f84141101ab04a85168726ebe813b689411bed9c51,NONE,YES,
CLM-1052,Decision-oriented ensemble,8 DecisionSelectedPerBuilding Hog_office_Rolando MAE,EXACT_RECOVERED,A,8,outputs/phase8/test_forecast_metrics.csv,row[3].MAE,Hog_office_Rolando,test,DecisionSelectedPerBuilding,8 DecisionSelectedPerBuilding Hog_office_Rolando MAE,10.077166713884225,kW,,66d7bef9f8c671486f5f93f84141101ab04a85168726ebe813b689411bed9c51,NONE,YES,
CLM-1053,Decision-oriented ensemble,8 DecisionSelectedPerBuilding Hog_office_Rolando RMSE,EXACT_RECOVERED,A,8,outputs/phase8/test_forecast_metrics.csv,row[3].RMSE,Hog_office_Rolando,test,DecisionSelectedPerBuilding,8 DecisionSelectedPerBuilding Hog_office_Rolando RMSE,14.985329106400858,kW,,66d7bef9f8c671486f5f93f84141101ab04a85168726ebe813b689411bed9c51,NONE,YES,
CLM-1054,Decision-oriented ensemble,8 DecisionSelectedPerBuilding Hog_office_Rolando MAPE,EXACT_RECOVERED,A,8,outputs/phase8/test_forecast_metrics.csv,row[3].MAPE,Hog_office_Rolando,test,DecisionSelectedPerBuilding,8 DecisionSelectedPerBuilding Hog_office_Rolando MAPE,2.4930433869355353,%,,66d7bef9f8c671486f5f93f84141101ab04a85168726ebe813b689411bed9c51,NONE,YES,
CLM-1055,Decision-oriented ensemble,8 DecisionSelectedPerBuilding Hog_office_Rolando bias,EXACT_RECOVERED,A,8,outputs/phase8/test_forecast_metrics.csv,row[3].bias,Hog_office_Rolando,test,DecisionSelectedPerBuilding,8 DecisionSelectedPerBuilding Hog_office_Rolando bias,7.489295834516276,dimensionless,,66d7bef9f8c671486f5f93f84141101ab04a85168726ebe813b689411bed9c51,NONE,YES,
CLM-1056,Decision-oriented ensemble,8 DecisionSelectedPerBuilding Hog_office_Rolando actual_p75,EXACT_RECOVERED,A,8,outputs/phase8/test_forecast_metrics.csv,row[3].actual_p75,Hog_office_Rolando,test,DecisionSelectedPerBuilding,8 DecisionSelectedPerBuilding Hog_office_Rolando actual_p75,430.0,dimensionless,,66d7bef9f8c671486f5f93f84141101ab04a85168726ebe813b689411bed9c51,NONE,YES,
CLM-1057,Decision-oriented ensemble,8 DecisionSelectedPerBuilding Hog_office_Rolando peak_quartile_MAE,EXACT_RECOVERED,A,8,outputs/phase8/test_forecast_metrics.csv,row[3].peak_quartile_MAE,Hog_office_Rolando,test,DecisionSelectedPerBuilding,8 DecisionSelectedPerBuilding Hog_office_Rolando peak_quartile_MAE,5.02316019021856,kW,,66d7bef9f8c671486f5f93f84141101ab04a85168726ebe813b689411bed9c51,NONE,YES,
CLM-1058,Decision-oriented ensemble,8 DecisionSelectedPerBuilding Hog_office_Rolando peak_quartile_bias,EXACT_RECOVERED,A,8,outputs/phase8/test_forecast_metrics.csv,row[3].peak_quartile_bias,Hog_office_Rolando,test,DecisionSelectedPerBuilding,8 DecisionSelectedPerBuilding Hog_office_Rolando peak_quartile_bias,-1.8292699468437499,kW,,66d7bef9f8c671486f5f93f84141101ab04a85168726ebe813b689411bed9c51,NONE,YES,
CLM-1059,Decision-oriented ensemble,8 DecisionSelectedPerBuilding Hog_office_Rolando daily_peak_hour_MAE,EXACT_RECOVERED,A,8,outputs/phase8/test_forecast_metrics.csv,row[3].daily_peak_hour_MAE,Hog_office_Rolando,test,DecisionSelectedPerBuilding,8 DecisionSelectedPerBuilding Hog_office_Rolando daily_peak_hour_MAE,2.033333333333333,kW,,66d7bef9f8c671486f5f93f84141101ab04a85168726ebe813b689411bed9c51,NONE,YES,
CLM-1060,Decision-oriented ensemble,8 DecisionSelectedPerBuilding Hog_office_Rolando daily_peak_hour_exact_rate,EXACT_RECOVERED,A,8,outputs/phase8/test_forecast_metrics.csv,row[3].daily_peak_hour_exact_rate,Hog_office_Rolando,test,DecisionSelectedPerBuilding,8 DecisionSelectedPerBuilding Hog_office_Rolando daily_peak_hour_exact_rate,0.26666666666666666,kW,,66d7bef9f8c671486f5f93f84141101ab04a85168726ebe813b689411bed9c51,NONE,YES,
CLM-1061,Decision-oriented ensemble,8 DecisionSelectedPerBuilding Hog_office_Rolando daily_top3_overlap,EXACT_RECOVERED,A,8,outputs/phase8/test_forecast_metrics.csv,row[3].daily_top3_overlap,Hog_office_Rolando,test,DecisionSelectedPerBuilding,8 DecisionSelectedPerBuilding Hog_office_Rolando daily_top3_overlap,0.5222222222222221,dimensionless,,66d7bef9f8c671486f5f93f84141101ab04a85168726ebe813b689411bed9c51,NONE,YES,
CLM-1062,Decision-oriented ensemble,8 DecisionSelectedPerBuilding Hog_office_Rolando normalized_MAE,EXACT_RECOVERED,A,8,outputs/phase8/test_forecast_metrics.csv,row[3].normalized_MAE,Hog_office_Rolando,test,DecisionSelectedPerBuilding,8 DecisionSelectedPerBuilding Hog_office_Rolando normalized_MAE,0.03300483452237188,dimensionless,,66d7bef9f8c671486f5f93f84141101ab04a85168726ebe813b689411bed9c51,NONE,YES,
CLM-1063,Decision-oriented ensemble,8 DecisionSelectedPerBuilding Hog_office_Rolando normalized_RMSE,EXACT_RECOVERED,A,8,outputs/phase8/test_forecast_metrics.csv,row[3].normalized_RMSE,Hog_office_Rolando,test,DecisionSelectedPerBuilding,8 DecisionSelectedPerBuilding Hog_office_Rolando normalized_RMSE,0.04908009577122547,dimensionless,,66d7bef9f8c671486f5f93f84141101ab04a85168726ebe813b689411bed9c51,NONE,YES,
CLM-1064,Decision-oriented ensemble,8 ForecastSelectedGlobal Hog_office_Rolando weight,EXACT_RECOVERED,A,8,outputs/phase8/test_forecast_metrics.csv,row[4].weight,Hog_office_Rolando,test,ForecastSelectedGlobal,8 ForecastSelectedGlobal Hog_office_Rolando weight,0.5,dimensionless,,66d7bef9f8c671486f5f93f84141101ab04a85168726ebe813b689411bed9c51,NONE,YES,
CLM-1065,Decision-oriented ensemble,8 ForecastSelectedGlobal Hog_office_Rolando MAE,EXACT_RECOVERED,A,8,outputs/phase8/test_forecast_metrics.csv,row[4].MAE,Hog_office_Rolando,test,ForecastSelectedGlobal,8 ForecastSelectedGlobal Hog_office_Rolando MAE,9.378966931249327,kW,,66d7bef9f8c671486f5f93f84141101ab04a85168726ebe813b689411bed9c51,NONE,YES,
CLM-1066,Decision-oriented ensemble,8 ForecastSelectedGlobal Hog_office_Rolando RMSE,EXACT_RECOVERED,A,8,outputs/phase8/test_forecast_metrics.csv,row[4].RMSE,Hog_office_Rolando,test,ForecastSelectedGlobal,8 ForecastSelectedGlobal Hog_office_Rolando RMSE,13.768138165612804,kW,,66d7bef9f8c671486f5f93f84141101ab04a85168726ebe813b689411bed9c51,NONE,YES,
CLM-1067,Decision-oriented ensemble,8 ForecastSelectedGlobal Hog_office_Rolando MAPE,EXACT_RECOVERED,A,8,outputs/phase8/test_forecast_metrics.csv,row[4].MAPE,Hog_office_Rolando,test,ForecastSelectedGlobal,8 ForecastSelectedGlobal Hog_office_Rolando MAPE,2.3111637536719054,%,,66d7bef9f8c671486f5f93f84141101ab04a85168726ebe813b689411bed9c51,NONE,YES,
CLM-1068,Decision-oriented ensemble,8 ForecastSelectedGlobal Hog_office_Rolando bias,EXACT_RECOVERED,A,8,outputs/phase8/test_forecast_metrics.csv,row[4].bias,Hog_office_Rolando,test,ForecastSelectedGlobal,8 ForecastSelectedGlobal Hog_office_Rolando bias,6.689377977035433,dimensionless,,66d7bef9f8c671486f5f93f84141101ab04a85168726ebe813b689411bed9c51,NONE,YES,
CLM-1069,Decision-oriented ensemble,8 ForecastSelectedGlobal Hog_office_Rolando actual_p75,EXACT_RECOVERED,A,8,outputs/phase8/test_forecast_metrics.csv,row[4].actual_p75,Hog_office_Rolando,test,ForecastSelectedGlobal,8 ForecastSelectedGlobal Hog_office_Rolando actual_p75,430.0,dimensionless,,66d7bef9f8c671486f5f93f84141101ab04a85168726ebe813b689411bed9c51,NONE,YES,
CLM-1070,Decision-oriented ensemble,8 ForecastSelectedGlobal Hog_office_Rolando peak_quartile_MAE,EXACT_RECOVERED,A,8,outputs/phase8/test_forecast_metrics.csv,row[4].peak_quartile_MAE,Hog_office_Rolando,test,ForecastSelectedGlobal,8 ForecastSelectedGlobal Hog_office_Rolando peak_quartile_MAE,5.296577619987204,kW,,66d7bef9f8c671486f5f93f84141101ab04a85168726ebe813b689411bed9c51,NONE,YES,
CLM-1071,Decision-oriented ensemble,8 ForecastSelectedGlobal Hog_office_Rolando peak_quartile_bias,EXACT_RECOVERED,A,8,outputs/phase8/test_forecast_metrics.csv,row[4].peak_quartile_bias,Hog_office_Rolando,test,ForecastSelectedGlobal,8 ForecastSelectedGlobal Hog_office_Rolando peak_quartile_bias,-1.7227025771756725,kW,,66d7bef9f8c671486f5f93f84141101ab04a85168726ebe813b689411bed9c51,NONE,YES,
CLM-1072,Decision-oriented ensemble,8 ForecastSelectedGlobal Hog_office_Rolando daily_peak_hour_MAE,EXACT_RECOVERED,A,8,outputs/phase8/test_forecast_metrics.csv,row[4].daily_peak_hour_MAE,Hog_office_Rolando,test,ForecastSelectedGlobal,8 ForecastSelectedGlobal Hog_office_Rolando daily_peak_hour_MAE,1.4666666666666666,kW,,66d7bef9f8c671486f5f93f84141101ab04a85168726ebe813b689411bed9c51,NONE,YES,
CLM-1073,Decision-oriented ensemble,8 ForecastSelectedGlobal Hog_office_Rolando daily_peak_hour_exact_rate,EXACT_RECOVERED,A,8,outputs/phase8/test_forecast_metrics.csv,row[4].daily_peak_hour_exact_rate,Hog_office_Rolando,test,ForecastSelectedGlobal,8 ForecastSelectedGlobal Hog_office_Rolando daily_peak_hour_exact_rate,0.3333333333333333,kW,,66d7bef9f8c671486f5f93f84141101ab04a85168726ebe813b689411bed9c51,NONE,YES,
CLM-1074,Decision-oriented ensemble,8 ForecastSelectedGlobal Hog_office_Rolando daily_top3_overlap,EXACT_RECOVERED,A,8,outputs/phase8/test_forecast_metrics.csv,row[4].daily_top3_overlap,Hog_office_Rolando,test,ForecastSelectedGlobal,8 ForecastSelectedGlobal Hog_office_Rolando daily_top3_overlap,0.5333333333333333,dimensionless,,66d7bef9f8c671486f5f93f84141101ab04a85168726ebe813b689411bed9c51,NONE,YES,
CLM-1075,Decision-oriented ensemble,8 ForecastSelectedGlobal Hog_office_Rolando normalized_MAE,EXACT_RECOVERED,A,8,outputs/phase8/test_forecast_metrics.csv,row[4].normalized_MAE,Hog_office_Rolando,test,ForecastSelectedGlobal,8 ForecastSelectedGlobal Hog_office_Rolando normalized_MAE,0.030718083797322243,dimensionless,,66d7bef9f8c671486f5f93f84141101ab04a85168726ebe813b689411bed9c51,NONE,YES,
CLM-1076,Decision-oriented ensemble,8 ForecastSelectedGlobal Hog_office_Rolando normalized_RMSE,EXACT_RECOVERED,A,8,outputs/phase8/test_forecast_metrics.csv,row[4].normalized_RMSE,Hog_office_Rolando,test,ForecastSelectedGlobal,8 ForecastSelectedGlobal Hog_office_Rolando normalized_RMSE,0.045093540152621917,dimensionless,,66d7bef9f8c671486f5f93f84141101ab04a85168726ebe813b689411bed9c51,NONE,YES,
CLM-1077,Decision-oriented ensemble,8 DecisionSelectedGlobal Hog_office_Rolando weight,EXACT_RECOVERED,A,8,outputs/phase8/test_forecast_metrics.csv,row[5].weight,Hog_office_Rolando,test,DecisionSelectedGlobal,8 DecisionSelectedGlobal Hog_office_Rolando weight,0.8,dimensionless,,66d7bef9f8c671486f5f93f84141101ab04a85168726ebe813b689411bed9c51,NONE,YES,
CLM-1078,Decision-oriented ensemble,8 DecisionSelectedGlobal Hog_office_Rolando MAE,EXACT_RECOVERED,A,8,outputs/phase8/test_forecast_metrics.csv,row[5].MAE,Hog_office_Rolando,test,DecisionSelectedGlobal,8 DecisionSelectedGlobal Hog_office_Rolando MAE,10.520657056961355,kW,,66d7bef9f8c671486f5f93f84141101ab04a85168726ebe813b689411bed9c51,NONE,YES,
CLM-1079,Decision-oriented ensemble,8 DecisionSelectedGlobal Hog_office_Rolando RMSE,EXACT_RECOVERED,A,8,outputs/phase8/test_forecast_metrics.csv,row[5].RMSE,Hog_office_Rolando,test,DecisionSelectedGlobal,8 DecisionSelectedGlobal Hog_office_Rolando RMSE,15.708772115302827,kW,,66d7bef9f8c671486f5f93f84141101ab04a85168726ebe813b689411bed9c51,NONE,YES,
CLM-1080,Decision-oriented ensemble,8 DecisionSelectedGlobal Hog_office_Rolando MAPE,EXACT_RECOVERED,A,8,outputs/phase8/test_forecast_metrics.csv,row[5].MAPE,Hog_office_Rolando,test,DecisionSelectedGlobal,8 DecisionSelectedGlobal Hog_office_Rolando MAPE,2.605427514438812,%,,66d7bef9f8c671486f5f93f84141101ab04a85168726ebe813b689411bed9c51,NONE,YES,
CLM-1081,Decision-oriented ensemble,8 DecisionSelectedGlobal Hog_office_Rolando bias,EXACT_RECOVERED,A,8,outputs/phase8/test_forecast_metrics.csv,row[5].bias,Hog_office_Rolando,test,DecisionSelectedGlobal,8 DecisionSelectedGlobal Hog_office_Rolando bias,7.889254763256698,dimensionless,,66d7bef9f8c671486f5f93f84141101ab04a85168726ebe813b689411bed9c51,NONE,YES,
CLM-1082,Decision-oriented ensemble,8 DecisionSelectedGlobal Hog_office_Rolando actual_p75,EXACT_RECOVERED,A,8,outputs/phase8/test_forecast_metrics.csv,row[5].actual_p75,Hog_office_Rolando,test,DecisionSelectedGlobal,8 DecisionSelectedGlobal Hog_office_Rolando actual_p75,430.0,dimensionless,,66d7bef9f8c671486f5f93f84141101ab04a85168726ebe813b689411bed9c51,NONE,YES,
CLM-1083,Decision-oriented ensemble,8 DecisionSelectedGlobal Hog_office_Rolando peak_quartile_MAE,EXACT_RECOVERED,A,8,outputs/phase8/test_forecast_metrics.csv,row[5].peak_quartile_MAE,Hog_office_Rolando,test,DecisionSelectedGlobal,8 DecisionSelectedGlobal Hog_office_Rolando peak_quartile_MAE,5.117518912401811,kW,,66d7bef9f8c671486f5f93f84141101ab04a85168726ebe813b689411bed9c51,NONE,YES,
CLM-1084,Decision-oriented ensemble,8 DecisionSelectedGlobal Hog_office_Rolando peak_quartile_bias,EXACT_RECOVERED,A,8,outputs/phase8/test_forecast_metrics.csv,row[5].peak_quartile_bias,Hog_office_Rolando,test,DecisionSelectedGlobal,8 DecisionSelectedGlobal Hog_office_Rolando peak_quartile_bias,-1.8825536316777884,kW,,66d7bef9f8c671486f5f93f84141101ab04a85168726ebe813b689411bed9c51,NONE,YES,
CLM-1085,Decision-oriented ensemble,8 DecisionSelectedGlobal Hog_office_Rolando daily_peak_hour_MAE,EXACT_RECOVERED,A,8,outputs/phase8/test_forecast_metrics.csv,row[5].daily_peak_hour_MAE,Hog_office_Rolando,test,DecisionSelectedGlobal,8 DecisionSelectedGlobal Hog_office_Rolando daily_peak_hour_MAE,2.066666666666667,kW,,66d7bef9f8c671486f5f93f84141101ab04a85168726ebe813b689411bed9c51,NONE,YES,
CLM-1086,Decision-oriented ensemble,8 DecisionSelectedGlobal Hog_office_Rolando daily_peak_hour_exact_rate,EXACT_RECOVERED,A,8,outputs/phase8/test_forecast_metrics.csv,row[5].daily_peak_hour_exact_rate,Hog_office_Rolando,test,DecisionSelectedGlobal,8 DecisionSelectedGlobal Hog_office_Rolando daily_peak_hour_exact_rate,0.26666666666666666,kW,,66d7bef9f8c671486f5f93f84141101ab04a85168726ebe813b689411bed9c51,NONE,YES,
CLM-1087,Decision-oriented ensemble,8 DecisionSelectedGlobal Hog_office_Rolando daily_top3_overlap,EXACT_RECOVERED,A,8,outputs/phase8/test_forecast_metrics.csv,row[5].daily_top3_overlap,Hog_office_Rolando,test,DecisionSelectedGlobal,8 DecisionSelectedGlobal Hog_office_Rolando daily_top3_overlap,0.511111111111111,dimensionless,,66d7bef9f8c671486f5f93f84141101ab04a85168726ebe813b689411bed9c51,NONE,YES,
CLM-1088,Decision-oriented ensemble,8 DecisionSelectedGlobal Hog_office_Rolando normalized_MAE,EXACT_RECOVERED,A,8,outputs/phase8/test_forecast_metrics.csv,row[5].normalized_MAE,Hog_office_Rolando,test,DecisionSelectedGlobal,8 DecisionSelectedGlobal Hog_office_Rolando normalized_MAE,0.034457358411389555,dimensionless,,66d7bef9f8c671486f5f93f84141101ab04a85168726ebe813b689411bed9c51,NONE,YES,
CLM-1089,Decision-oriented ensemble,8 DecisionSelectedGlobal Hog_office_Rolando normalized_RMSE,EXACT_RECOVERED,A,8,outputs/phase8/test_forecast_metrics.csv,row[5].normalized_RMSE,Hog_office_Rolando,test,DecisionSelectedGlobal,8 DecisionSelectedGlobal Hog_office_Rolando normalized_RMSE,0.05144952335668743,dimensionless,,66d7bef9f8c671486f5f93f84141101ab04a85168726ebe813b689411bed9c51,NONE,YES,
CLM-1090,Decision-oriented ensemble,8 DayWeek Hog_office_Lavon weight,EXACT_RECOVERED,A,8,outputs/phase8/test_forecast_metrics.csv,row[6].weight,Hog_office_Lavon,test,DayWeek,8 DayWeek Hog_office_Lavon weight,0.0,dimensionless,,66d7bef9f8c671486f5f93f84141101ab04a85168726ebe813b689411bed9c51,NONE,YES,
CLM-1091,Decision-oriented ensemble,8 DayWeek Hog_office_Lavon MAE,EXACT_RECOVERED,A,8,outputs/phase8/test_forecast_metrics.csv,row[6].MAE,Hog_office_Lavon,test,DayWeek,8 DayWeek Hog_office_Lavon MAE,2.3185902777777776,kW,,66d7bef9f8c671486f5f93f84141101ab04a85168726ebe813b689411bed9c51,NONE,YES,
CLM-1092,Decision-oriented ensemble,8 DayWeek Hog_office_Lavon RMSE,EXACT_RECOVERED,A,8,outputs/phase8/test_forecast_metrics.csv,row[6].RMSE,Hog_office_Lavon,test,DayWeek,8 DayWeek Hog_office_Lavon RMSE,3.0135117034459245,kW,,66d7bef9f8c671486f5f93f84141101ab04a85168726ebe813b689411bed9c51,NONE,YES,
CLM-1093,Decision-oriented ensemble,8 DayWeek Hog_office_Lavon MAPE,EXACT_RECOVERED,A,8,outputs/phase8/test_forecast_metrics.csv,row[6].MAPE,Hog_office_Lavon,test,DayWeek,8 DayWeek Hog_office_Lavon MAPE,22.782562131427998,%,,66d7bef9f8c671486f5f93f84141101ab04a85168726ebe813b689411bed9c51,NONE,YES,
CLM-1094,Decision-oriented ensemble,8 DayWeek Hog_office_Lavon bias,EXACT_RECOVERED,A,8,outputs/phase8/test_forecast_metrics.csv,row[6].bias,Hog_office_Lavon,test,DayWeek,8 DayWeek Hog_office_Lavon bias,-0.05758750000000011,dimensionless,,66d7bef9f8c671486f5f93f84141101ab04a85168726ebe813b689411bed9c51,NONE,YES,
CLM-1095,Decision-oriented ensemble,8 DayWeek Hog_office_Lavon actual_p75,EXACT_RECOVERED,A,8,outputs/phase8/test_forecast_metrics.csv,row[6].actual_p75,Hog_office_Lavon,test,DayWeek,8 DayWeek Hog_office_Lavon actual_p75,14.5745,dimensionless,,66d7bef9f8c671486f5f93f84141101ab04a85168726ebe813b689411bed9c51,NONE,YES,
CLM-1096,Decision-oriented ensemble,8 DayWeek Hog_office_Lavon peak_quartile_MAE,EXACT_RECOVERED,A,8,outputs/phase8/test_forecast_metrics.csv,row[6].peak_quartile_MAE,Hog_office_Lavon,test,DayWeek,8 DayWeek Hog_office_Lavon peak_quartile_MAE,2.2565444444444442,kW,,66d7bef9f8c671486f5f93f84141101ab04a85168726ebe813b689411bed9c51,NONE,YES,
CLM-1097,Decision-oriented ensemble,8 DayWeek Hog_office_Lavon peak_quartile_bias,EXACT_RECOVERED,A,8,outputs/phase8/test_forecast_metrics.csv,row[6].peak_quartile_bias,Hog_office_Lavon,test,DayWeek,8 DayWeek Hog_office_Lavon peak_quartile_bias,-2.087411111111111,kW,,66d7bef9f8c671486f5f93f84141101ab04a85168726ebe813b689411bed9c51,NONE,YES,
CLM-1098,Decision-oriented ensemble,8 DayWeek Hog_office_Lavon daily_peak_hour_MAE,EXACT_RECOVERED,A,8,outputs/phase8/test_forecast_metrics.csv,row[6].daily_peak_hour_MAE,Hog_office_Lavon,test,DayWeek,8 DayWeek Hog_office_Lavon daily_peak_hour_MAE,8.833333333333334,kW,,66d7bef9f8c671486f5f93f84141101ab04a85168726ebe813b689411bed9c51,NONE,YES,
CLM-1099,Decision-oriented ensemble,8 DayWeek Hog_office_Lavon daily_peak_hour_exact_rate,EXACT_RECOVERED,A,8,outputs/phase8/test_forecast_metrics.csv,row[6].daily_peak_hour_exact_rate,Hog_office_Lavon,test,DayWeek,8 DayWeek Hog_office_Lavon daily_peak_hour_exact_rate,0.06666666666666667,kW,,66d7bef9f8c671486f5f93f84141101ab04a85168726ebe813b689411bed9c51,NONE,YES,
CLM-1100,Decision-oriented ensemble,8 DayWeek Hog_office_Lavon daily_top3_overlap,EXACT_RECOVERED,A,8,outputs/phase8/test_forecast_metrics.csv,row[6].daily_top3_overlap,Hog_office_Lavon,test,DayWeek,8 DayWeek Hog_office_Lavon daily_top3_overlap,0.32222222222222213,dimensionless,,66d7bef9f8c671486f5f93f84141101ab04a85168726ebe813b689411bed9c51,NONE,YES,
CLM-1101,Decision-oriented ensemble,8 DayWeek Hog_office_Lavon normalized_MAE,EXACT_RECOVERED,A,8,outputs/phase8/test_forecast_metrics.csv,row[6].normalized_MAE,Hog_office_Lavon,test,DayWeek,8 DayWeek Hog_office_Lavon normalized_MAE,0.007793500443586122,dimensionless,,66d7bef9f8c671486f5f93f84141101ab04a85168726ebe813b689411bed9c51,NONE,YES,
CLM-1102,Decision-oriented ensemble,8 DayWeek Hog_office_Lavon normalized_RMSE,EXACT_RECOVERED,A,8,outputs/phase8/test_forecast_metrics.csv,row[6].normalized_RMSE,Hog_office_Lavon,test,DayWeek,8 DayWeek Hog_office_Lavon normalized_RMSE,0.01012934670806411,dimensionless,,66d7bef9f8c671486f5f93f84141101ab04a85168726ebe813b689411bed9c51,NONE,YES,
CLM-1103,Decision-oriented ensemble,8 LightGBM Hog_office_Lavon weight,EXACT_RECOVERED,A,8,outputs/phase8/test_forecast_metrics.csv,row[7].weight,Hog_office_Lavon,test,LightGBM,8 LightGBM Hog_office_Lavon weight,1.0,dimensionless,,66d7bef9f8c671486f5f93f84141101ab04a85168726ebe813b689411bed9c51,NONE,YES,
CLM-1104,Decision-oriented ensemble,8 LightGBM Hog_office_Lavon MAE,EXACT_RECOVERED,A,8,outputs/phase8/test_forecast_metrics.csv,row[7].MAE,Hog_office_Lavon,test,LightGBM,8 LightGBM Hog_office_Lavon MAE,12.676097910965105,kW,,66d7bef9f8c671486f5f93f84141101ab04a85168726ebe813b689411bed9c51,NONE,YES,
CLM-1105,Decision-oriented ensemble,8 LightGBM Hog_office_Lavon RMSE,EXACT_RECOVERED,A,8,outputs/phase8/test_forecast_metrics.csv,row[7].RMSE,Hog_office_Lavon,test,LightGBM,8 LightGBM Hog_office_Lavon RMSE,15.215975741440655,kW,,66d7bef9f8c671486f5f93f84141101ab04a85168726ebe813b689411bed9c51,NONE,YES,
CLM-1106,Decision-oriented ensemble,8 LightGBM Hog_office_Lavon MAPE,EXACT_RECOVERED,A,8,outputs/phase8/test_forecast_metrics.csv,row[7].MAPE,Hog_office_Lavon,test,LightGBM,8 LightGBM Hog_office_Lavon MAPE,141.48635068601132,%,,66d7bef9f8c671486f5f93f84141101ab04a85168726ebe813b689411bed9c51,NONE,YES,
CLM-1107,Decision-oriented ensemble,8 LightGBM Hog_office_Lavon bias,EXACT_RECOVERED,A,8,outputs/phase8/test_forecast_metrics.csv,row[7].bias,Hog_office_Lavon,test,LightGBM,8 LightGBM Hog_office_Lavon bias,12.673893890589516,dimensionless,,66d7bef9f8c671486f5f93f84141101ab04a85168726ebe813b689411bed9c51,NONE,YES,
CLM-1108,Decision-oriented ensemble,8 LightGBM Hog_office_Lavon actual_p75,EXACT_RECOVERED,A,8,outputs/phase8/test_forecast_metrics.csv,row[7].actual_p75,Hog_office_Lavon,test,LightGBM,8 LightGBM Hog_office_Lavon actual_p75,14.5745,dimensionless,,66d7bef9f8c671486f5f93f84141101ab04a85168726ebe813b689411bed9c51,NONE,YES,
CLM-1109,Decision-oriented ensemble,8 LightGBM Hog_office_Lavon peak_quartile_MAE,EXACT_RECOVERED,A,8,outputs/phase8/test_forecast_metrics.csv,row[7].peak_quartile_MAE,Hog_office_Lavon,test,LightGBM,8 LightGBM Hog_office_Lavon peak_quartile_MAE,6.066380444618671,kW,,66d7bef9f8c671486f5f93f84141101ab04a85168726ebe813b689411bed9c51,NONE,YES,
CLM-1110,Decision-oriented ensemble,8 LightGBM Hog_office_Lavon peak_quartile_bias,EXACT_RECOVERED,A,8,outputs/phase8/test_forecast_metrics.csv,row[7].peak_quartile_bias,Hog_office_Lavon,test,LightGBM,8 LightGBM Hog_office_Lavon peak_quartile_bias,6.057564363116315,kW,,66d7bef9f8c671486f5f93f84141101ab04a85168726ebe813b689411bed9c51,NONE,YES,
CLM-1111,Decision-oriented ensemble,8 LightGBM Hog_office_Lavon daily_peak_hour_MAE,EXACT_RECOVERED,A,8,outputs/phase8/test_forecast_metrics.csv,row[7].daily_peak_hour_MAE,Hog_office_Lavon,test,LightGBM,8 LightGBM Hog_office_Lavon daily_peak_hour_MAE,8.4,kW,,66d7bef9f8c671486f5f93f84141101ab04a85168726ebe813b689411bed9c51,NONE,YES,
CLM-1112,Decision-oriented ensemble,8 LightGBM Hog_office_Lavon daily_peak_hour_exact_rate,EXACT_RECOVERED,A,8,outputs/phase8/test_forecast_metrics.csv,row[7].daily_peak_hour_exact_rate,Hog_office_Lavon,test,LightGBM,8 LightGBM Hog_office_Lavon daily_peak_hour_exact_rate,0.03333333333333333,kW,,66d7bef9f8c671486f5f93f84141101ab04a85168726ebe813b689411bed9c51,NONE,YES,
CLM-1113,Decision-oriented ensemble,8 LightGBM Hog_office_Lavon daily_top3_overlap,EXACT_RECOVERED,A,8,outputs/phase8/test_forecast_metrics.csv,row[7].daily_top3_overlap,Hog_office_Lavon,test,LightGBM,8 LightGBM Hog_office_Lavon daily_top3_overlap,0.08888888888888889,dimensionless,,66d7bef9f8c671486f5f93f84141101ab04a85168726ebe813b689411bed9c51,NONE,YES,
CLM-1114,Decision-oriented ensemble,8 LightGBM Hog_office_Lavon normalized_MAE,EXACT_RECOVERED,A,8,outputs/phase8/test_forecast_metrics.csv,row[7].normalized_MAE,Hog_office_Lavon,test,LightGBM,8 LightGBM Hog_office_Lavon normalized_MAE,0.04260829334052619,dimensionless,,66d7bef9f8c671486f5f93f84141101ab04a85168726ebe813b689411bed9c51,NONE,YES,
CLM-1115,Decision-oriented ensemble,8 LightGBM Hog_office_Lavon normalized_RMSE,EXACT_RECOVERED,A,8,outputs/phase8/test_forecast_metrics.csv,row[7].normalized_RMSE,Hog_office_Lavon,test,LightGBM,8 LightGBM Hog_office_Lavon normalized_RMSE,0.051145609824677744,dimensionless,,66d7bef9f8c671486f5f93f84141101ab04a85168726ebe813b689411bed9c51,NONE,YES,
CLM-1116,Decision-oriented ensemble,8 ForecastSelectedPerBuilding Hog_office_Lavon weight,EXACT_RECOVERED,A,8,outputs/phase8/test_forecast_metrics.csv,row[8].weight,Hog_office_Lavon,test,ForecastSelectedPerBuilding,8 ForecastSelectedPerBuilding Hog_office_Lavon weight,0.0,dimensionless,,66d7bef9f8c671486f5f93f84141101ab04a85168726ebe813b689411bed9c51,NONE,YES,
CLM-1117,Decision-oriented ensemble,8 ForecastSelectedPerBuilding Hog_office_Lavon MAE,EXACT_RECOVERED,A,8,outputs/phase8/test_forecast_metrics.csv,row[8].MAE,Hog_office_Lavon,test,ForecastSelectedPerBuilding,8 ForecastSelectedPerBuilding Hog_office_Lavon MAE,2.3185902777777776,kW,,66d7bef9f8c671486f5f93f84141101ab04a85168726ebe813b689411bed9c51,NONE,YES,
CLM-1118,Decision-oriented ensemble,8 ForecastSelectedPerBuilding Hog_office_Lavon RMSE,EXACT_RECOVERED,A,8,outputs/phase8/test_forecast_metrics.csv,row[8].RMSE,Hog_office_Lavon,test,ForecastSelectedPerBuilding,8 ForecastSelectedPerBuilding Hog_office_Lavon RMSE,3.0135117034459245,kW,,66d7bef9f8c671486f5f93f84141101ab04a85168726ebe813b689411bed9c51,NONE,YES,
CLM-1119,Decision-oriented ensemble,8 ForecastSelectedPerBuilding Hog_office_Lavon MAPE,EXACT_RECOVERED,A,8,outputs/phase8/test_forecast_metrics.csv,row[8].MAPE,Hog_office_Lavon,test,ForecastSelectedPerBuilding,8 ForecastSelectedPerBuilding Hog_office_Lavon MAPE,22.782562131427998,%,,66d7bef9f8c671486f5f93f84141101ab04a85168726ebe813b689411bed9c51,NONE,YES,
CLM-1120,Decision-oriented ensemble,8 ForecastSelectedPerBuilding Hog_office_Lavon bias,EXACT_RECOVERED,A,8,outputs/phase8/test_forecast_metrics.csv,row[8].bias,Hog_office_Lavon,test,ForecastSelectedPerBuilding,8 ForecastSelectedPerBuilding Hog_office_Lavon bias,-0.05758750000000011,dimensionless,,66d7bef9f8c671486f5f93f84141101ab04a85168726ebe813b689411bed9c51,NONE,YES,
CLM-1121,Decision-oriented ensemble,8 ForecastSelectedPerBuilding Hog_office_Lavon actual_p75,EXACT_RECOVERED,A,8,outputs/phase8/test_forecast_metrics.csv,row[8].actual_p75,Hog_office_Lavon,test,ForecastSelectedPerBuilding,8 ForecastSelectedPerBuilding Hog_office_Lavon actual_p75,14.5745,dimensionless,,66d7bef9f8c671486f5f93f84141101ab04a85168726ebe813b689411bed9c51,NONE,YES,
CLM-1122,Decision-oriented ensemble,8 ForecastSelectedPerBuilding Hog_office_Lavon peak_quartile_MAE,EXACT_RECOVERED,A,8,outputs/phase8/test_forecast_metrics.csv,row[8].peak_quartile_MAE,Hog_office_Lavon,test,ForecastSelectedPerBuilding,8 ForecastSelectedPerBuilding Hog_office_Lavon peak_quartile_MAE,2.2565444444444442,kW,,66d7bef9f8c671486f5f93f84141101ab04a85168726ebe813b689411bed9c51,NONE,YES,
CLM-1123,Decision-oriented ensemble,8 ForecastSelectedPerBuilding Hog_office_Lavon peak_quartile_bias,EXACT_RECOVERED,A,8,outputs/phase8/test_forecast_metrics.csv,row[8].peak_quartile_bias,Hog_office_Lavon,test,ForecastSelectedPerBuilding,8 ForecastSelectedPerBuilding Hog_office_Lavon peak_quartile_bias,-2.087411111111111,kW,,66d7bef9f8c671486f5f93f84141101ab04a85168726ebe813b689411bed9c51,NONE,YES,
CLM-1124,Decision-oriented ensemble,8 ForecastSelectedPerBuilding Hog_office_Lavon daily_peak_hour_MAE,EXACT_RECOVERED,A,8,outputs/phase8/test_forecast_metrics.csv,row[8].daily_peak_hour_MAE,Hog_office_Lavon,test,ForecastSelectedPerBuilding,8 ForecastSelectedPerBuilding Hog_office_Lavon daily_peak_hour_MAE,8.833333333333334,kW,,66d7bef9f8c671486f5f93f84141101ab04a85168726ebe813b689411bed9c51,NONE,YES,
CLM-1125,Decision-oriented ensemble,8 ForecastSelectedPerBuilding Hog_office_Lavon daily_peak_hour_exact_rate,EXACT_RECOVERED,A,8,outputs/phase8/test_forecast_metrics.csv,row[8].daily_peak_hour_exact_rate,Hog_office_Lavon,test,ForecastSelectedPerBuilding,8 ForecastSelectedPerBuilding Hog_office_Lavon daily_peak_hour_exact_rate,0.06666666666666667,kW,,66d7bef9f8c671486f5f93f84141101ab04a85168726ebe813b689411bed9c51,NONE,YES,
CLM-1126,Decision-oriented ensemble,8 ForecastSelectedPerBuilding Hog_office_Lavon daily_top3_overlap,EXACT_RECOVERED,A,8,outputs/phase8/test_forecast_metrics.csv,row[8].daily_top3_overlap,Hog_office_Lavon,test,ForecastSelectedPerBuilding,8 ForecastSelectedPerBuilding Hog_office_Lavon daily_top3_overlap,0.32222222222222213,dimensionless,,66d7bef9f8c671486f5f93f84141101ab04a85168726ebe813b689411bed9c51,NONE,YES,
CLM-1127,Decision-oriented ensemble,8 ForecastSelectedPerBuilding Hog_office_Lavon normalized_MAE,EXACT_RECOVERED,A,8,outputs/phase8/test_forecast_metrics.csv,row[8].normalized_MAE,Hog_office_Lavon,test,ForecastSelectedPerBuilding,8 ForecastSelectedPerBuilding Hog_office_Lavon normalized_MAE,0.007793500443586122,dimensionless,,66d7bef9f8c671486f5f93f84141101ab04a85168726ebe813b689411bed9c51,NONE,YES,
CLM-1128,Decision-oriented ensemble,8 ForecastSelectedPerBuilding Hog_office_Lavon normalized_RMSE,EXACT_RECOVERED,A,8,outputs/phase8/test_forecast_metrics.csv,row[8].normalized_RMSE,Hog_office_Lavon,test,ForecastSelectedPerBuilding,8 ForecastSelectedPerBuilding Hog_office_Lavon normalized_RMSE,0.01012934670806411,dimensionless,,66d7bef9f8c671486f5f93f84141101ab04a85168726ebe813b689411bed9c51,NONE,YES,
CLM-1129,Decision-oriented ensemble,8 DecisionSelectedPerBuilding Hog_office_Lavon weight,EXACT_RECOVERED,A,8,outputs/phase8/test_forecast_metrics.csv,row[9].weight,Hog_office_Lavon,test,DecisionSelectedPerBuilding,8 DecisionSelectedPerBuilding Hog_office_Lavon weight,0.0,dimensionless,,66d7bef9f8c671486f5f93f84141101ab04a85168726ebe813b689411bed9c51,NONE,YES,
CLM-1130,Decision-oriented ensemble,8 DecisionSelectedPerBuilding Hog_office_Lavon MAE,EXACT_RECOVERED,A,8,outputs/phase8/test_forecast_metrics.csv,row[9].MAE,Hog_office_Lavon,test,DecisionSelectedPerBuilding,8 DecisionSelectedPerBuilding Hog_office_Lavon MAE,2.3185902777777776,kW,,66d7bef9f8c671486f5f93f84141101ab04a85168726ebe813b689411bed9c51,NONE,YES,
CLM-1131,Decision-oriented ensemble,8 DecisionSelectedPerBuilding Hog_office_Lavon RMSE,EXACT_RECOVERED,A,8,outputs/phase8/test_forecast_metrics.csv,row[9].RMSE,Hog_office_Lavon,test,DecisionSelectedPerBuilding,8 DecisionSelectedPerBuilding Hog_office_Lavon RMSE,3.0135117034459245,kW,,66d7bef9f8c671486f5f93f84141101ab04a85168726ebe813b689411bed9c51,NONE,YES,
CLM-1132,Decision-oriented ensemble,8 DecisionSelectedPerBuilding Hog_office_Lavon MAPE,EXACT_RECOVERED,A,8,outputs/phase8/test_forecast_metrics.csv,row[9].MAPE,Hog_office_Lavon,test,DecisionSelectedPerBuilding,8 DecisionSelectedPerBuilding Hog_office_Lavon MAPE,22.782562131427998,%,,66d7bef9f8c671486f5f93f84141101ab04a85168726ebe813b689411bed9c51,NONE,YES,
CLM-1133,Decision-oriented ensemble,8 DecisionSelectedPerBuilding Hog_office_Lavon bias,EXACT_RECOVERED,A,8,outputs/phase8/test_forecast_metrics.csv,row[9].bias,Hog_office_Lavon,test,DecisionSelectedPerBuilding,8 DecisionSelectedPerBuilding Hog_office_Lavon bias,-0.05758750000000011,dimensionless,,66d7bef9f8c671486f5f93f84141101ab04a85168726ebe813b689411bed9c51,NONE,YES,
CLM-1134,Decision-oriented ensemble,8 DecisionSelectedPerBuilding Hog_office_Lavon actual_p75,EXACT_RECOVERED,A,8,outputs/phase8/test_forecast_metrics.csv,row[9].actual_p75,Hog_office_Lavon,test,DecisionSelectedPerBuilding,8 DecisionSelectedPerBuilding Hog_office_Lavon actual_p75,14.5745,dimensionless,,66d7bef9f8c671486f5f93f84141101ab04a85168726ebe813b689411bed9c51,NONE,YES,
CLM-1135,Decision-oriented ensemble,8 DecisionSelectedPerBuilding Hog_office_Lavon peak_quartile_MAE,EXACT_RECOVERED,A,8,outputs/phase8/test_forecast_metrics.csv,row[9].peak_quartile_MAE,Hog_office_Lavon,test,DecisionSelectedPerBuilding,8 DecisionSelectedPerBuilding Hog_office_Lavon peak_quartile_MAE,2.2565444444444442,kW,,66d7bef9f8c671486f5f93f84141101ab04a85168726ebe813b689411bed9c51,NONE,YES,
CLM-1136,Decision-oriented ensemble,8 DecisionSelectedPerBuilding Hog_office_Lavon peak_quartile_bias,EXACT_RECOVERED,A,8,outputs/phase8/test_forecast_metrics.csv,row[9].peak_quartile_bias,Hog_office_Lavon,test,DecisionSelectedPerBuilding,8 DecisionSelectedPerBuilding Hog_office_Lavon peak_quartile_bias,-2.087411111111111,kW,,66d7bef9f8c671486f5f93f84141101ab04a85168726ebe813b689411bed9c51,NONE,YES,
CLM-1137,Decision-oriented ensemble,8 DecisionSelectedPerBuilding Hog_office_Lavon daily_peak_hour_MAE,EXACT_RECOVERED,A,8,outputs/phase8/test_forecast_metrics.csv,row[9].daily_peak_hour_MAE,Hog_office_Lavon,test,DecisionSelectedPerBuilding,8 DecisionSelectedPerBuilding Hog_office_Lavon daily_peak_hour_MAE,8.833333333333334,kW,,66d7bef9f8c671486f5f93f84141101ab04a85168726ebe813b689411bed9c51,NONE,YES,
CLM-1138,Decision-oriented ensemble,8 DecisionSelectedPerBuilding Hog_office_Lavon daily_peak_hour_exact_rate,EXACT_RECOVERED,A,8,outputs/phase8/test_forecast_metrics.csv,row[9].daily_peak_hour_exact_rate,Hog_office_Lavon,test,DecisionSelectedPerBuilding,8 DecisionSelectedPerBuilding Hog_office_Lavon daily_peak_hour_exact_rate,0.06666666666666667,kW,,66d7bef9f8c671486f5f93f84141101ab04a85168726ebe813b689411bed9c51,NONE,YES,
CLM-1139,Decision-oriented ensemble,8 DecisionSelectedPerBuilding Hog_office_Lavon daily_top3_overlap,EXACT_RECOVERED,A,8,outputs/phase8/test_forecast_metrics.csv,row[9].daily_top3_overlap,Hog_office_Lavon,test,DecisionSelectedPerBuilding,8 DecisionSelectedPerBuilding Hog_office_Lavon daily_top3_overlap,0.32222222222222213,dimensionless,,66d7bef9f8c671486f5f93f84141101ab04a85168726ebe813b689411bed9c51,NONE,YES,
CLM-1140,Decision-oriented ensemble,8 DecisionSelectedPerBuilding Hog_office_Lavon normalized_MAE,EXACT_RECOVERED,A,8,outputs/phase8/test_forecast_metrics.csv,row[9].normalized_MAE,Hog_office_Lavon,test,DecisionSelectedPerBuilding,8 DecisionSelectedPerBuilding Hog_office_Lavon normalized_MAE,0.007793500443586122,dimensionless,,66d7bef9f8c671486f5f93f84141101ab04a85168726ebe813b689411bed9c51,NONE,YES,
CLM-1141,Decision-oriented ensemble,8 DecisionSelectedPerBuilding Hog_office_Lavon normalized_RMSE,EXACT_RECOVERED,A,8,outputs/phase8/test_forecast_metrics.csv,row[9].normalized_RMSE,Hog_office_Lavon,test,DecisionSelectedPerBuilding,8 DecisionSelectedPerBuilding Hog_office_Lavon normalized_RMSE,0.01012934670806411,dimensionless,,66d7bef9f8c671486f5f93f84141101ab04a85168726ebe813b689411bed9c51,NONE,YES,
CLM-1142,Decision-oriented ensemble,8 ForecastSelectedGlobal Hog_office_Lavon weight,EXACT_RECOVERED,A,8,outputs/phase8/test_forecast_metrics.csv,row[10].weight,Hog_office_Lavon,test,ForecastSelectedGlobal,8 ForecastSelectedGlobal Hog_office_Lavon weight,0.5,dimensionless,,66d7bef9f8c671486f5f93f84141101ab04a85168726ebe813b689411bed9c51,NONE,YES,
CLM-1143,Decision-oriented ensemble,8 ForecastSelectedGlobal Hog_office_Lavon MAE,EXACT_RECOVERED,A,8,outputs/phase8/test_forecast_metrics.csv,row[10].MAE,Hog_office_Lavon,test,ForecastSelectedGlobal,8 ForecastSelectedGlobal Hog_office_Lavon MAE,6.433581135774706,kW,,66d7bef9f8c671486f5f93f84141101ab04a85168726ebe813b689411bed9c51,NONE,YES,
CLM-1144,Decision-oriented ensemble,8 ForecastSelectedGlobal Hog_office_Lavon RMSE,EXACT_RECOVERED,A,8,outputs/phase8/test_forecast_metrics.csv,row[10].RMSE,Hog_office_Lavon,test,ForecastSelectedGlobal,8 ForecastSelectedGlobal Hog_office_Lavon RMSE,8.169471358624596,kW,,66d7bef9f8c671486f5f93f84141101ab04a85168726ebe813b689411bed9c51,NONE,YES,
CLM-1145,Decision-oriented ensemble,8 ForecastSelectedGlobal Hog_office_Lavon MAPE,EXACT_RECOVERED,A,8,outputs/phase8/test_forecast_metrics.csv,row[10].MAPE,Hog_office_Lavon,test,ForecastSelectedGlobal,8 ForecastSelectedGlobal Hog_office_Lavon MAPE,74.59393666443033,%,,66d7bef9f8c671486f5f93f84141101ab04a85168726ebe813b689411bed9c51,NONE,YES,
CLM-1146,Decision-oriented ensemble,8 ForecastSelectedGlobal Hog_office_Lavon bias,EXACT_RECOVERED,A,8,outputs/phase8/test_forecast_metrics.csv,row[10].bias,Hog_office_Lavon,test,ForecastSelectedGlobal,8 ForecastSelectedGlobal Hog_office_Lavon bias,6.308153195294757,dimensionless,,66d7bef9f8c671486f5f93f84141101ab04a85168726ebe813b689411bed9c51,NONE,YES,
CLM-1147,Decision-oriented ensemble,8 ForecastSelectedGlobal Hog_office_Lavon actual_p75,EXACT_RECOVERED,A,8,outputs/phase8/test_forecast_metrics.csv,row[10].actual_p75,Hog_office_Lavon,test,ForecastSelectedGlobal,8 ForecastSelectedGlobal Hog_office_Lavon actual_p75,14.5745,dimensionless,,66d7bef9f8c671486f5f93f84141101ab04a85168726ebe813b689411bed9c51,NONE,YES,
CLM-1148,Decision-oriented ensemble,8 ForecastSelectedGlobal Hog_office_Lavon peak_quartile_MAE,EXACT_RECOVERED,A,8,outputs/phase8/test_forecast_metrics.csv,row[10].peak_quartile_MAE,Hog_office_Lavon,test,ForecastSelectedGlobal,8 ForecastSelectedGlobal Hog_office_Lavon peak_quartile_MAE,2.3480106259856663,kW,,66d7bef9f8c671486f5f93f84141101ab04a85168726ebe813b689411bed9c51,NONE,YES,
CLM-1149,Decision-oriented ensemble,8 ForecastSelectedGlobal Hog_office_Lavon peak_quartile_bias,EXACT_RECOVERED,A,8,outputs/phase8/test_forecast_metrics.csv,row[10].peak_quartile_bias,Hog_office_Lavon,test,ForecastSelectedGlobal,8 ForecastSelectedGlobal Hog_office_Lavon peak_quartile_bias,1.9850766260026016,kW,,66d7bef9f8c671486f5f93f84141101ab04a85168726ebe813b689411bed9c51,NONE,YES,
CLM-1150,Decision-oriented ensemble,8 ForecastSelectedGlobal Hog_office_Lavon daily_peak_hour_MAE,EXACT_RECOVERED,A,8,outputs/phase8/test_forecast_metrics.csv,row[10].daily_peak_hour_MAE,Hog_office_Lavon,test,ForecastSelectedGlobal,8 ForecastSelectedGlobal Hog_office_Lavon daily_peak_hour_MAE,8.266666666666667,kW,,66d7bef9f8c671486f5f93f84141101ab04a85168726ebe813b689411bed9c51,NONE,YES,
CLM-1151,Decision-oriented ensemble,8 ForecastSelectedGlobal Hog_office_Lavon daily_peak_hour_exact_rate,EXACT_RECOVERED,A,8,outputs/phase8/test_forecast_metrics.csv,row[10].daily_peak_hour_exact_rate,Hog_office_Lavon,test,ForecastSelectedGlobal,8 ForecastSelectedGlobal Hog_office_Lavon daily_peak_hour_exact_rate,0.0,kW,,66d7bef9f8c671486f5f93f84141101ab04a85168726ebe813b689411bed9c51,NONE,YES,
CLM-1152,Decision-oriented ensemble,8 ForecastSelectedGlobal Hog_office_Lavon daily_top3_overlap,EXACT_RECOVERED,A,8,outputs/phase8/test_forecast_metrics.csv,row[10].daily_top3_overlap,Hog_office_Lavon,test,ForecastSelectedGlobal,8 ForecastSelectedGlobal Hog_office_Lavon daily_top3_overlap,0.19999999999999998,dimensionless,,66d7bef9f8c671486f5f93f84141101ab04a85168726ebe813b689411bed9c51,NONE,YES,
CLM-1153,Decision-oriented ensemble,8 ForecastSelectedGlobal Hog_office_Lavon normalized_MAE,EXACT_RECOVERED,A,8,outputs/phase8/test_forecast_metrics.csv,row[10].normalized_MAE,Hog_office_Lavon,test,ForecastSelectedGlobal,8 ForecastSelectedGlobal Hog_office_Lavon normalized_MAE,0.0216252599331882,dimensionless,,66d7bef9f8c671486f5f93f84141101ab04a85168726ebe813b689411bed9c51,NONE,YES,
CLM-1154,Decision-oriented ensemble,8 ForecastSelectedGlobal Hog_office_Lavon normalized_RMSE,EXACT_RECOVERED,A,8,outputs/phase8/test_forecast_metrics.csv,row[10].normalized_RMSE,Hog_office_Lavon,test,ForecastSelectedGlobal,8 ForecastSelectedGlobal Hog_office_Lavon normalized_RMSE,0.027460124916217372,dimensionless,,66d7bef9f8c671486f5f93f84141101ab04a85168726ebe813b689411bed9c51,NONE,YES,
CLM-1155,Decision-oriented ensemble,8 DecisionSelectedGlobal Hog_office_Lavon weight,EXACT_RECOVERED,A,8,outputs/phase8/test_forecast_metrics.csv,row[11].weight,Hog_office_Lavon,test,DecisionSelectedGlobal,8 DecisionSelectedGlobal Hog_office_Lavon weight,0.8,dimensionless,,66d7bef9f8c671486f5f93f84141101ab04a85168726ebe813b689411bed9c51,NONE,YES,
CLM-1156,Decision-oriented ensemble,8 DecisionSelectedGlobal Hog_office_Lavon MAE,EXACT_RECOVERED,A,8,outputs/phase8/test_forecast_metrics.csv,row[11].MAE,Hog_office_Lavon,test,DecisionSelectedGlobal,8 DecisionSelectedGlobal Hog_office_Lavon MAE,10.136306010211962,kW,,66d7bef9f8c671486f5f93f84141101ab04a85168726ebe813b689411bed9c51,NONE,YES,
CLM-1157,Decision-oriented ensemble,8 DecisionSelectedGlobal Hog_office_Lavon RMSE,EXACT_RECOVERED,A,8,outputs/phase8/test_forecast_metrics.csv,row[11].RMSE,Hog_office_Lavon,test,DecisionSelectedGlobal,8 DecisionSelectedGlobal Hog_office_Lavon RMSE,12.359468356331694,kW,,66d7bef9f8c671486f5f93f84141101ab04a85168726ebe813b689411bed9c51,NONE,YES,
CLM-1158,Decision-oriented ensemble,8 DecisionSelectedGlobal Hog_office_Lavon MAPE,EXACT_RECOVERED,A,8,outputs/phase8/test_forecast_metrics.csv,row[11].MAPE,Hog_office_Lavon,test,DecisionSelectedGlobal,8 DecisionSelectedGlobal Hog_office_Lavon MAPE,114.45605251159625,%,,66d7bef9f8c671486f5f93f84141101ab04a85168726ebe813b689411bed9c51,NONE,YES,
CLM-1159,Decision-oriented ensemble,8 DecisionSelectedGlobal Hog_office_Lavon bias,EXACT_RECOVERED,A,8,outputs/phase8/test_forecast_metrics.csv,row[11].bias,Hog_office_Lavon,test,DecisionSelectedGlobal,8 DecisionSelectedGlobal Hog_office_Lavon bias,10.127597612471613,dimensionless,,66d7bef9f8c671486f5f93f84141101ab04a85168726ebe813b689411bed9c51,NONE,YES,
CLM-1160,Decision-oriented ensemble,8 DecisionSelectedGlobal Hog_office_Lavon actual_p75,EXACT_RECOVERED,A,8,outputs/phase8/test_forecast_metrics.csv,row[11].actual_p75,Hog_office_Lavon,test,DecisionSelectedGlobal,8 DecisionSelectedGlobal Hog_office_Lavon actual_p75,14.5745,dimensionless,,66d7bef9f8c671486f5f93f84141101ab04a85168726ebe813b689411bed9c51,NONE,YES,
CLM-1161,Decision-oriented ensemble,8 DecisionSelectedGlobal Hog_office_Lavon peak_quartile_MAE,EXACT_RECOVERED,A,8,outputs/phase8/test_forecast_metrics.csv,row[11].peak_quartile_MAE,Hog_office_Lavon,test,DecisionSelectedGlobal,8 DecisionSelectedGlobal Hog_office_Lavon peak_quartile_MAE,4.463402859232228,kW,,66d7bef9f8c671486f5f93f84141101ab04a85168726ebe813b689411bed9c51,NONE,YES,
CLM-1162,Decision-oriented ensemble,8 DecisionSelectedGlobal Hog_office_Lavon peak_quartile_bias,EXACT_RECOVERED,A,8,outputs/phase8/test_forecast_metrics.csv,row[11].peak_quartile_bias,Hog_office_Lavon,test,DecisionSelectedGlobal,8 DecisionSelectedGlobal Hog_office_Lavon peak_quartile_bias,4.42856926827083,kW,,66d7bef9f8c671486f5f93f84141101ab04a85168726ebe813b689411bed9c51,NONE,YES,
CLM-1163,Decision-oriented ensemble,8 DecisionSelectedGlobal Hog_office_Lavon daily_peak_hour_MAE,EXACT_RECOVERED,A,8,outputs/phase8/test_forecast_metrics.csv,row[11].daily_peak_hour_MAE,Hog_office_Lavon,test,DecisionSelectedGlobal,8 DecisionSelectedGlobal Hog_office_Lavon daily_peak_hour_MAE,8.6,kW,,66d7bef9f8c671486f5f93f84141101ab04a85168726ebe813b689411bed9c51,NONE,YES,
CLM-1164,Decision-oriented ensemble,8 DecisionSelectedGlobal Hog_office_Lavon daily_peak_hour_exact_rate,EXACT_RECOVERED,A,8,outputs/phase8/test_forecast_metrics.csv,row[11].daily_peak_hour_exact_rate,Hog_office_Lavon,test,DecisionSelectedGlobal,8 DecisionSelectedGlobal Hog_office_Lavon daily_peak_hour_exact_rate,0.03333333333333333,kW,,66d7bef9f8c671486f5f93f84141101ab04a85168726ebe813b689411bed9c51,NONE,YES,
CLM-1165,Decision-oriented ensemble,8 DecisionSelectedGlobal Hog_office_Lavon daily_top3_overlap,EXACT_RECOVERED,A,8,outputs/phase8/test_forecast_metrics.csv,row[11].daily_top3_overlap,Hog_office_Lavon,test,DecisionSelectedGlobal,8 DecisionSelectedGlobal Hog_office_Lavon daily_top3_overlap,0.19999999999999998,dimensionless,,66d7bef9f8c671486f5f93f84141101ab04a85168726ebe813b689411bed9c51,NONE,YES,
CLM-1166,Decision-oriented ensemble,8 DecisionSelectedGlobal Hog_office_Lavon normalized_MAE,EXACT_RECOVERED,A,8,outputs/phase8/test_forecast_metrics.csv,row[11].normalized_MAE,Hog_office_Lavon,test,DecisionSelectedGlobal,8 DecisionSelectedGlobal Hog_office_Lavon normalized_MAE,0.034071265692800855,dimensionless,,66d7bef9f8c671486f5f93f84141101ab04a85168726ebe813b689411bed9c51,NONE,YES,
CLM-1167,Decision-oriented ensemble,8 DecisionSelectedGlobal Hog_office_Lavon normalized_RMSE,EXACT_RECOVERED,A,8,outputs/phase8/test_forecast_metrics.csv,row[11].normalized_RMSE,Hog_office_Lavon,test,DecisionSelectedGlobal,8 DecisionSelectedGlobal Hog_office_Lavon normalized_RMSE,0.04154400328542726,dimensionless,,66d7bef9f8c671486f5f93f84141101ab04a85168726ebe813b689411bed9c51,NONE,YES,
CLM-1168,Decision-oriented ensemble,8 DayWeek Hog_office_Joey weight,EXACT_RECOVERED,A,8,outputs/phase8/test_forecast_metrics.csv,row[12].weight,Hog_office_Joey,test,DayWeek,8 DayWeek Hog_office_Joey weight,0.0,dimensionless,,66d7bef9f8c671486f5f93f84141101ab04a85168726ebe813b689411bed9c51,NONE,YES,
CLM-1169,Decision-oriented ensemble,8 DayWeek Hog_office_Joey MAE,EXACT_RECOVERED,A,8,outputs/phase8/test_forecast_metrics.csv,row[12].MAE,Hog_office_Joey,test,DayWeek,8 DayWeek Hog_office_Joey MAE,72.77661736111111,kW,,66d7bef9f8c671486f5f93f84141101ab04a85168726ebe813b689411bed9c51,NONE,YES,
CLM-1170,Decision-oriented ensemble,8 DayWeek Hog_office_Joey RMSE,EXACT_RECOVERED,A,8,outputs/phase8/test_forecast_metrics.csv,row[12].RMSE,Hog_office_Joey,test,DayWeek,8 DayWeek Hog_office_Joey RMSE,108.21683020965521,kW,,66d7bef9f8c671486f5f93f84141101ab04a85168726ebe813b689411bed9c51,NONE,YES,
CLM-1171,Decision-oriented ensemble,8 DayWeek Hog_office_Joey MAPE,EXACT_RECOVERED,A,8,outputs/phase8/test_forecast_metrics.csv,row[12].MAPE,Hog_office_Joey,test,DayWeek,8 DayWeek Hog_office_Joey MAPE,5.774828449035961,%,,66d7bef9f8c671486f5f93f84141101ab04a85168726ebe813b689411bed9c51,NONE,YES,
CLM-1172,Decision-oriented ensemble,8 DayWeek Hog_office_Joey bias,EXACT_RECOVERED,A,8,outputs/phase8/test_forecast_metrics.csv,row[12].bias,Hog_office_Joey,test,DayWeek,8 DayWeek Hog_office_Joey bias,-38.38382708333333,dimensionless,,66d7bef9f8c671486f5f93f84141101ab04a85168726ebe813b689411bed9c51,NONE,YES,
CLM-1173,Decision-oriented ensemble,8 DayWeek Hog_office_Joey actual_p75,EXACT_RECOVERED,A,8,outputs/phase8/test_forecast_metrics.csv,row[12].actual_p75,Hog_office_Joey,test,DayWeek,8 DayWeek Hog_office_Joey actual_p75,1340.6132499999999,dimensionless,,66d7bef9f8c671486f5f93f84141101ab04a85168726ebe813b689411bed9c51,NONE,YES,
CLM-1174,Decision-oriented ensemble,8 DayWeek Hog_office_Joey peak_quartile_MAE,EXACT_RECOVERED,A,8,outputs/phase8/test_forecast_metrics.csv,row[12].peak_quartile_MAE,Hog_office_Joey,test,DayWeek,8 DayWeek Hog_office_Joey peak_quartile_MAE,108.32789999999999,kW,,66d7bef9f8c671486f5f93f84141101ab04a85168726ebe813b689411bed9c51,NONE,YES,
CLM-1175,Decision-oriented ensemble,8 DayWeek Hog_office_Joey peak_quartile_bias,EXACT_RECOVERED,A,8,outputs/phase8/test_forecast_metrics.csv,row[12].peak_quartile_bias,Hog_office_Joey,test,DayWeek,8 DayWeek Hog_office_Joey peak_quartile_bias,-91.3814111111111,kW,,66d7bef9f8c671486f5f93f84141101ab04a85168726ebe813b689411bed9c51,NONE,YES,
CLM-1176,Decision-oriented ensemble,8 DayWeek Hog_office_Joey daily_peak_hour_MAE,EXACT_RECOVERED,A,8,outputs/phase8/test_forecast_metrics.csv,row[12].daily_peak_hour_MAE,Hog_office_Joey,test,DayWeek,8 DayWeek Hog_office_Joey daily_peak_hour_MAE,1.9666666666666666,kW,,66d7bef9f8c671486f5f93f84141101ab04a85168726ebe813b689411bed9c51,NONE,YES,
CLM-1177,Decision-oriented ensemble,8 DayWeek Hog_office_Joey daily_peak_hour_exact_rate,EXACT_RECOVERED,A,8,outputs/phase8/test_forecast_metrics.csv,row[12].daily_peak_hour_exact_rate,Hog_office_Joey,test,DayWeek,8 DayWeek Hog_office_Joey daily_peak_hour_exact_rate,0.2,kW,,66d7bef9f8c671486f5f93f84141101ab04a85168726ebe813b689411bed9c51,NONE,YES,
CLM-1178,Decision-oriented ensemble,8 DayWeek Hog_office_Joey daily_top3_overlap,EXACT_RECOVERED,A,8,outputs/phase8/test_forecast_metrics.csv,row[12].daily_top3_overlap,Hog_office_Joey,test,DayWeek,8 DayWeek Hog_office_Joey daily_top3_overlap,0.4,dimensionless,,66d7bef9f8c671486f5f93f84141101ab04a85168726ebe813b689411bed9c51,NONE,YES,
CLM-1179,Decision-oriented ensemble,8 DayWeek Hog_office_Joey normalized_MAE,EXACT_RECOVERED,A,8,outputs/phase8/test_forecast_metrics.csv,row[12].normalized_MAE,Hog_office_Joey,test,DayWeek,8 DayWeek Hog_office_Joey normalized_MAE,0.06111908622066505,dimensionless,,66d7bef9f8c671486f5f93f84141101ab04a85168726ebe813b689411bed9c51,NONE,YES,
CLM-1180,Decision-oriented ensemble,8 DayWeek Hog_office_Joey normalized_RMSE,EXACT_RECOVERED,A,8,outputs/phase8/test_forecast_metrics.csv,row[12].normalized_RMSE,Hog_office_Joey,test,DayWeek,8 DayWeek Hog_office_Joey normalized_RMSE,0.09088240173752983,dimensionless,,66d7bef9f8c671486f5f93f84141101ab04a85168726ebe813b689411bed9c51,NONE,YES,
CLM-1181,Decision-oriented ensemble,8 LightGBM Hog_office_Joey weight,EXACT_RECOVERED,A,8,outputs/phase8/test_forecast_metrics.csv,row[13].weight,Hog_office_Joey,test,LightGBM,8 LightGBM Hog_office_Joey weight,1.0,dimensionless,,66d7bef9f8c671486f5f93f84141101ab04a85168726ebe813b689411bed9c51,NONE,YES,
CLM-1182,Decision-oriented ensemble,8 LightGBM Hog_office_Joey MAE,EXACT_RECOVERED,A,8,outputs/phase8/test_forecast_metrics.csv,row[13].MAE,Hog_office_Joey,test,LightGBM,8 LightGBM Hog_office_Joey MAE,74.94532408711476,kW,,66d7bef9f8c671486f5f93f84141101ab04a85168726ebe813b689411bed9c51,NONE,YES,
CLM-1183,Decision-oriented ensemble,8 LightGBM Hog_office_Joey RMSE,EXACT_RECOVERED,A,8,outputs/phase8/test_forecast_metrics.csv,row[13].RMSE,Hog_office_Joey,test,LightGBM,8 LightGBM Hog_office_Joey RMSE,104.67524724552331,kW,,66d7bef9f8c671486f5f93f84141101ab04a85168726ebe813b689411bed9c51,NONE,YES,
CLM-1184,Decision-oriented ensemble,8 LightGBM Hog_office_Joey MAPE,EXACT_RECOVERED,A,8,outputs/phase8/test_forecast_metrics.csv,row[13].MAPE,Hog_office_Joey,test,LightGBM,8 LightGBM Hog_office_Joey MAPE,6.067542211476224,%,,66d7bef9f8c671486f5f93f84141101ab04a85168726ebe813b689411bed9c51,NONE,YES,
CLM-1185,Decision-oriented ensemble,8 LightGBM Hog_office_Joey bias,EXACT_RECOVERED,A,8,outputs/phase8/test_forecast_metrics.csv,row[13].bias,Hog_office_Joey,test,LightGBM,8 LightGBM Hog_office_Joey bias,-53.033883158628406,dimensionless,,66d7bef9f8c671486f5f93f84141101ab04a85168726ebe813b689411bed9c51,NONE,YES,
CLM-1186,Decision-oriented ensemble,8 LightGBM Hog_office_Joey actual_p75,EXACT_RECOVERED,A,8,outputs/phase8/test_forecast_metrics.csv,row[13].actual_p75,Hog_office_Joey,test,LightGBM,8 LightGBM Hog_office_Joey actual_p75,1340.6132499999999,dimensionless,,66d7bef9f8c671486f5f93f84141101ab04a85168726ebe813b689411bed9c51,NONE,YES,
CLM-1187,Decision-oriented ensemble,8 LightGBM Hog_office_Joey peak_quartile_MAE,EXACT_RECOVERED,A,8,outputs/phase8/test_forecast_metrics.csv,row[13].peak_quartile_MAE,Hog_office_Joey,test,LightGBM,8 LightGBM Hog_office_Joey peak_quartile_MAE,105.28345614609817,kW,,66d7bef9f8c671486f5f93f84141101ab04a85168726ebe813b689411bed9c51,NONE,YES,
CLM-1188,Decision-oriented ensemble,8 LightGBM Hog_office_Joey peak_quartile_bias,EXACT_RECOVERED,A,8,outputs/phase8/test_forecast_metrics.csv,row[13].peak_quartile_bias,Hog_office_Joey,test,LightGBM,8 LightGBM Hog_office_Joey peak_quartile_bias,-101.7331318042755,kW,,66d7bef9f8c671486f5f93f84141101ab04a85168726ebe813b689411bed9c51,NONE,YES,
CLM-1189,Decision-oriented ensemble,8 LightGBM Hog_office_Joey daily_peak_hour_MAE,EXACT_RECOVERED,A,8,outputs/phase8/test_forecast_metrics.csv,row[13].daily_peak_hour_MAE,Hog_office_Joey,test,LightGBM,8 LightGBM Hog_office_Joey daily_peak_hour_MAE,2.1,kW,,66d7bef9f8c671486f5f93f84141101ab04a85168726ebe813b689411bed9c51,NONE,YES,
CLM-1190,Decision-oriented ensemble,8 LightGBM Hog_office_Joey daily_peak_hour_exact_rate,EXACT_RECOVERED,A,8,outputs/phase8/test_forecast_metrics.csv,row[13].daily_peak_hour_exact_rate,Hog_office_Joey,test,LightGBM,8 LightGBM Hog_office_Joey daily_peak_hour_exact_rate,0.23333333333333334,kW,,66d7bef9f8c671486f5f93f84141101ab04a85168726ebe813b689411bed9c51,NONE,YES,
CLM-1191,Decision-oriented ensemble,8 LightGBM Hog_office_Joey daily_top3_overlap,EXACT_RECOVERED,A,8,outputs/phase8/test_forecast_metrics.csv,row[13].daily_top3_overlap,Hog_office_Joey,test,LightGBM,8 LightGBM Hog_office_Joey daily_top3_overlap,0.4666666666666667,dimensionless,,66d7bef9f8c671486f5f93f84141101ab04a85168726ebe813b689411bed9c51,NONE,YES,
CLM-1192,Decision-oriented ensemble,8 LightGBM Hog_office_Joey normalized_MAE,EXACT_RECOVERED,A,8,outputs/phase8/test_forecast_metrics.csv,row[13].normalized_MAE,Hog_office_Joey,test,LightGBM,8 LightGBM Hog_office_Joey normalized_MAE,0.06294040436075193,dimensionless,,66d7bef9f8c671486f5f93f84141101ab04a85168726ebe813b689411bed9c51,NONE,YES,
CLM-1193,Decision-oriented ensemble,8 LightGBM Hog_office_Joey normalized_RMSE,EXACT_RECOVERED,A,8,outputs/phase8/test_forecast_metrics.csv,row[13].normalized_RMSE,Hog_office_Joey,test,LightGBM,8 LightGBM Hog_office_Joey normalized_RMSE,0.08790811793057066,dimensionless,,66d7bef9f8c671486f5f93f84141101ab04a85168726ebe813b689411bed9c51,NONE,YES,
CLM-1194,Decision-oriented ensemble,8 ForecastSelectedPerBuilding Hog_office_Joey weight,EXACT_RECOVERED,A,8,outputs/phase8/test_forecast_metrics.csv,row[14].weight,Hog_office_Joey,test,ForecastSelectedPerBuilding,8 ForecastSelectedPerBuilding Hog_office_Joey weight,0.6,dimensionless,,66d7bef9f8c671486f5f93f84141101ab04a85168726ebe813b689411bed9c51,NONE,YES,
CLM-1195,Decision-oriented ensemble,8 ForecastSelectedPerBuilding Hog_office_Joey MAE,EXACT_RECOVERED,A,8,outputs/phase8/test_forecast_metrics.csv,row[14].MAE,Hog_office_Joey,test,ForecastSelectedPerBuilding,8 ForecastSelectedPerBuilding Hog_office_Joey MAE,68.79105013783897,kW,,66d7bef9f8c671486f5f93f84141101ab04a85168726ebe813b689411bed9c51,NONE,YES,
CLM-1196,Decision-oriented ensemble,8 ForecastSelectedPerBuilding Hog_office_Joey RMSE,EXACT_RECOVERED,A,8,outputs/phase8/test_forecast_metrics.csv,row[14].RMSE,Hog_office_Joey,test,ForecastSelectedPerBuilding,8 ForecastSelectedPerBuilding Hog_office_Joey RMSE,99.96192412947197,kW,,66d7bef9f8c671486f5f93f84141101ab04a85168726ebe813b689411bed9c51,NONE,YES,
CLM-1197,Decision-oriented ensemble,8 ForecastSelectedPerBuilding Hog_office_Joey MAPE,EXACT_RECOVERED,A,8,outputs/phase8/test_forecast_metrics.csv,row[14].MAPE,Hog_office_Joey,test,ForecastSelectedPerBuilding,8 ForecastSelectedPerBuilding Hog_office_Joey MAPE,5.5123620832302125,%,,66d7bef9f8c671486f5f93f84141101ab04a85168726ebe813b689411bed9c51,NONE,YES,
CLM-1198,Decision-oriented ensemble,8 ForecastSelectedPerBuilding Hog_office_Joey bias,EXACT_RECOVERED,A,8,outputs/phase8/test_forecast_metrics.csv,row[14].bias,Hog_office_Joey,test,ForecastSelectedPerBuilding,8 ForecastSelectedPerBuilding Hog_office_Joey bias,-47.17386072851038,dimensionless,,66d7bef9f8c671486f5f93f84141101ab04a85168726ebe813b689411bed9c51,NONE,YES,
CLM-1199,Decision-oriented ensemble,8 ForecastSelectedPerBuilding Hog_office_Joey actual_p75,EXACT_RECOVERED,A,8,outputs/phase8/test_forecast_metrics.csv,row[14].actual_p75,Hog_office_Joey,test,ForecastSelectedPerBuilding,8 ForecastSelectedPerBuilding Hog_office_Joey actual_p75,1340.6132499999999,dimensionless,,66d7bef9f8c671486f5f93f84141101ab04a85168726ebe813b689411bed9c51,NONE,YES,
CLM-1200,Decision-oriented ensemble,8 ForecastSelectedPerBuilding Hog_office_Joey peak_quartile_MAE,EXACT_RECOVERED,A,8,outputs/phase8/test_forecast_metrics.csv,row[14].peak_quartile_MAE,Hog_office_Joey,test,ForecastSelectedPerBuilding,8 ForecastSelectedPerBuilding Hog_office_Joey peak_quartile_MAE,103.58269232127901,kW,,66d7bef9f8c671486f5f93f84141101ab04a85168726ebe813b689411bed9c51,NONE,YES,
CLM-1201,Decision-oriented ensemble,8 ForecastSelectedPerBuilding Hog_office_Joey peak_quartile_bias,EXACT_RECOVERED,A,8,outputs/phase8/test_forecast_metrics.csv,row[14].peak_quartile_bias,Hog_office_Joey,test,ForecastSelectedPerBuilding,8 ForecastSelectedPerBuilding Hog_office_Joey peak_quartile_bias,-97.59244352700975,kW,,66d7bef9f8c671486f5f93f84141101ab04a85168726ebe813b689411bed9c51,NONE,YES,
CLM-1202,Decision-oriented ensemble,8 ForecastSelectedPerBuilding Hog_office_Joey daily_peak_hour_MAE,EXACT_RECOVERED,A,8,outputs/phase8/test_forecast_metrics.csv,row[14].daily_peak_hour_MAE,Hog_office_Joey,test,ForecastSelectedPerBuilding,8 ForecastSelectedPerBuilding Hog_office_Joey daily_peak_hour_MAE,1.8666666666666667,kW,,66d7bef9f8c671486f5f93f84141101ab04a85168726ebe813b689411bed9c51,NONE,YES,
CLM-1203,Decision-oriented ensemble,8 ForecastSelectedPerBuilding Hog_office_Joey daily_peak_hour_exact_rate,EXACT_RECOVERED,A,8,outputs/phase8/test_forecast_metrics.csv,row[14].daily_peak_hour_exact_rate,Hog_office_Joey,test,ForecastSelectedPerBuilding,8 ForecastSelectedPerBuilding Hog_office_Joey daily_peak_hour_exact_rate,0.2,kW,,66d7bef9f8c671486f5f93f84141101ab04a85168726ebe813b689411bed9c51,NONE,YES,
CLM-1204,Decision-oriented ensemble,8 ForecastSelectedPerBuilding Hog_office_Joey daily_top3_overlap,EXACT_RECOVERED,A,8,outputs/phase8/test_forecast_metrics.csv,row[14].daily_top3_overlap,Hog_office_Joey,test,ForecastSelectedPerBuilding,8 ForecastSelectedPerBuilding Hog_office_Joey daily_top3_overlap,0.4444444444444445,dimensionless,,66d7bef9f8c671486f5f93f84141101ab04a85168726ebe813b689411bed9c51,NONE,YES,
CLM-1205,Decision-oriented ensemble,8 ForecastSelectedPerBuilding Hog_office_Joey normalized_MAE,EXACT_RECOVERED,A,8,outputs/phase8/test_forecast_metrics.csv,row[14].normalized_MAE,Hog_office_Joey,test,ForecastSelectedPerBuilding,8 ForecastSelectedPerBuilding Hog_office_Joey normalized_MAE,0.05777193660599234,dimensionless,,66d7bef9f8c671486f5f93f84141101ab04a85168726ebe813b689411bed9c51,NONE,YES,
CLM-1206,Decision-oriented ensemble,8 ForecastSelectedPerBuilding Hog_office_Joey normalized_RMSE,EXACT_RECOVERED,A,8,outputs/phase8/test_forecast_metrics.csv,row[14].normalized_RMSE,Hog_office_Joey,test,ForecastSelectedPerBuilding,8 ForecastSelectedPerBuilding Hog_office_Joey normalized_RMSE,0.08394978608771517,dimensionless,,66d7bef9f8c671486f5f93f84141101ab04a85168726ebe813b689411bed9c51,NONE,YES,
CLM-1207,Decision-oriented ensemble,8 DecisionSelectedPerBuilding Hog_office_Joey weight,EXACT_RECOVERED,A,8,outputs/phase8/test_forecast_metrics.csv,row[15].weight,Hog_office_Joey,test,DecisionSelectedPerBuilding,8 DecisionSelectedPerBuilding Hog_office_Joey weight,0.3,dimensionless,,66d7bef9f8c671486f5f93f84141101ab04a85168726ebe813b689411bed9c51,NONE,YES,
CLM-1208,Decision-oriented ensemble,8 DecisionSelectedPerBuilding Hog_office_Joey MAE,EXACT_RECOVERED,A,8,outputs/phase8/test_forecast_metrics.csv,row[15].MAE,Hog_office_Joey,test,DecisionSelectedPerBuilding,8 DecisionSelectedPerBuilding Hog_office_Joey MAE,68.18765083857419,kW,,66d7bef9f8c671486f5f93f84141101ab04a85168726ebe813b689411bed9c51,NONE,YES,
CLM-1209,Decision-oriented ensemble,8 DecisionSelectedPerBuilding Hog_office_Joey RMSE,EXACT_RECOVERED,A,8,outputs/phase8/test_forecast_metrics.csv,row[15].RMSE,Hog_office_Joey,test,DecisionSelectedPerBuilding,8 DecisionSelectedPerBuilding Hog_office_Joey RMSE,101.86678874194878,kW,,66d7bef9f8c671486f5f93f84141101ab04a85168726ebe813b689411bed9c51,NONE,YES,
CLM-1210,Decision-oriented ensemble,8 DecisionSelectedPerBuilding Hog_office_Joey MAPE,EXACT_RECOVERED,A,8,outputs/phase8/test_forecast_metrics.csv,row[15].MAPE,Hog_office_Joey,test,DecisionSelectedPerBuilding,8 DecisionSelectedPerBuilding Hog_office_Joey MAPE,5.423713108574641,%,,66d7bef9f8c671486f5f93f84141101ab04a85168726ebe813b689411bed9c51,NONE,YES,
CLM-1211,Decision-oriented ensemble,8 DecisionSelectedPerBuilding Hog_office_Joey bias,EXACT_RECOVERED,A,8,outputs/phase8/test_forecast_metrics.csv,row[15].bias,Hog_office_Joey,test,DecisionSelectedPerBuilding,8 DecisionSelectedPerBuilding Hog_office_Joey bias,-42.77884390592192,dimensionless,,66d7bef9f8c671486f5f93f84141101ab04a85168726ebe813b689411bed9c51,NONE,YES,
CLM-1212,Decision-oriented ensemble,8 DecisionSelectedPerBuilding Hog_office_Joey actual_p75,EXACT_RECOVERED,A,8,outputs/phase8/test_forecast_metrics.csv,row[15].actual_p75,Hog_office_Joey,test,DecisionSelectedPerBuilding,8 DecisionSelectedPerBuilding Hog_office_Joey actual_p75,1340.6132499999999,dimensionless,,66d7bef9f8c671486f5f93f84141101ab04a85168726ebe813b689411bed9c51,NONE,YES,
CLM-1213,Decision-oriented ensemble,8 DecisionSelectedPerBuilding Hog_office_Joey peak_quartile_MAE,EXACT_RECOVERED,A,8,outputs/phase8/test_forecast_metrics.csv,row[15].peak_quartile_MAE,Hog_office_Joey,test,DecisionSelectedPerBuilding,8 DecisionSelectedPerBuilding Hog_office_Joey peak_quartile_MAE,104.22111710264032,kW,,66d7bef9f8c671486f5f93f84141101ab04a85168726ebe813b689411bed9c51,NONE,YES,
CLM-1214,Decision-oriented ensemble,8 DecisionSelectedPerBuilding Hog_office_Joey peak_quartile_bias,EXACT_RECOVERED,A,8,outputs/phase8/test_forecast_metrics.csv,row[15].peak_quartile_bias,Hog_office_Joey,test,DecisionSelectedPerBuilding,8 DecisionSelectedPerBuilding Hog_office_Joey peak_quartile_bias,-94.48692731906048,kW,,66d7bef9f8c671486f5f93f84141101ab04a85168726ebe813b689411bed9c51,NONE,YES,
CLM-1215,Decision-oriented ensemble,8 DecisionSelectedPerBuilding Hog_office_Joey daily_peak_hour_MAE,EXACT_RECOVERED,A,8,outputs/phase8/test_forecast_metrics.csv,row[15].daily_peak_hour_MAE,Hog_office_Joey,test,DecisionSelectedPerBuilding,8 DecisionSelectedPerBuilding Hog_office_Joey daily_peak_hour_MAE,2.1333333333333333,kW,,66d7bef9f8c671486f5f93f84141101ab04a85168726ebe813b689411bed9c51,NONE,YES,
CLM-1216,Decision-oriented ensemble,8 DecisionSelectedPerBuilding Hog_office_Joey daily_peak_hour_exact_rate,EXACT_RECOVERED,A,8,outputs/phase8/test_forecast_metrics.csv,row[15].daily_peak_hour_exact_rate,Hog_office_Joey,test,DecisionSelectedPerBuilding,8 DecisionSelectedPerBuilding Hog_office_Joey daily_peak_hour_exact_rate,0.2,kW,,66d7bef9f8c671486f5f93f84141101ab04a85168726ebe813b689411bed9c51,NONE,YES,
CLM-1217,Decision-oriented ensemble,8 DecisionSelectedPerBuilding Hog_office_Joey daily_top3_overlap,EXACT_RECOVERED,A,8,outputs/phase8/test_forecast_metrics.csv,row[15].daily_top3_overlap,Hog_office_Joey,test,DecisionSelectedPerBuilding,8 DecisionSelectedPerBuilding Hog_office_Joey daily_top3_overlap,0.4444444444444445,dimensionless,,66d7bef9f8c671486f5f93f84141101ab04a85168726ebe813b689411bed9c51,NONE,YES,
CLM-1218,Decision-oriented ensemble,8 DecisionSelectedPerBuilding Hog_office_Joey normalized_MAE,EXACT_RECOVERED,A,8,outputs/phase8/test_forecast_metrics.csv,row[15].normalized_MAE,Hog_office_Joey,test,DecisionSelectedPerBuilding,8 DecisionSelectedPerBuilding Hog_office_Joey normalized_MAE,0.057265191237294295,dimensionless,,66d7bef9f8c671486f5f93f84141101ab04a85168726ebe813b689411bed9c51,NONE,YES,
CLM-1219,Decision-oriented ensemble,8 DecisionSelectedPerBuilding Hog_office_Joey normalized_RMSE,EXACT_RECOVERED,A,8,outputs/phase8/test_forecast_metrics.csv,row[15].normalized_RMSE,Hog_office_Joey,test,DecisionSelectedPerBuilding,8 DecisionSelectedPerBuilding Hog_office_Joey normalized_RMSE,0.08554952496965551,dimensionless,,66d7bef9f8c671486f5f93f84141101ab04a85168726ebe813b689411bed9c51,NONE,YES,
CLM-1220,Decision-oriented ensemble,8 ForecastSelectedGlobal Hog_office_Joey weight,EXACT_RECOVERED,A,8,outputs/phase8/test_forecast_metrics.csv,row[16].weight,Hog_office_Joey,test,ForecastSelectedGlobal,8 ForecastSelectedGlobal Hog_office_Joey weight,0.5,dimensionless,,66d7bef9f8c671486f5f93f84141101ab04a85168726ebe813b689411bed9c51,NONE,YES,
CLM-1221,Decision-oriented ensemble,8 ForecastSelectedGlobal Hog_office_Joey MAE,EXACT_RECOVERED,A,8,outputs/phase8/test_forecast_metrics.csv,row[16].MAE,Hog_office_Joey,test,ForecastSelectedGlobal,8 ForecastSelectedGlobal Hog_office_Joey MAE,68.10683385423076,kW,,66d7bef9f8c671486f5f93f84141101ab04a85168726ebe813b689411bed9c51,NONE,YES,
CLM-1222,Decision-oriented ensemble,8 ForecastSelectedGlobal Hog_office_Joey RMSE,EXACT_RECOVERED,A,8,outputs/phase8/test_forecast_metrics.csv,row[16].RMSE,Hog_office_Joey,test,ForecastSelectedGlobal,8 ForecastSelectedGlobal Hog_office_Joey RMSE,100.07511749830185,kW,,66d7bef9f8c671486f5f93f84141101ab04a85168726ebe813b689411bed9c51,NONE,YES,
CLM-1223,Decision-oriented ensemble,8 ForecastSelectedGlobal Hog_office_Joey MAPE,EXACT_RECOVERED,A,8,outputs/phase8/test_forecast_metrics.csv,row[16].MAPE,Hog_office_Joey,test,ForecastSelectedGlobal,8 ForecastSelectedGlobal Hog_office_Joey MAPE,5.443014972669121,%,,66d7bef9f8c671486f5f93f84141101ab04a85168726ebe813b689411bed9c51,NONE,YES,
CLM-1224,Decision-oriented ensemble,8 ForecastSelectedGlobal Hog_office_Joey bias,EXACT_RECOVERED,A,8,outputs/phase8/test_forecast_metrics.csv,row[16].bias,Hog_office_Joey,test,ForecastSelectedGlobal,8 ForecastSelectedGlobal Hog_office_Joey bias,-45.708855120980864,dimensionless,,66d7bef9f8c671486f5f93f84141101ab04a85168726ebe813b689411bed9c51,NONE,YES,
CLM-1225,Decision-oriented ensemble,8 ForecastSelectedGlobal Hog_office_Joey actual_p75,EXACT_RECOVERED,A,8,outputs/phase8/test_forecast_metrics.csv,row[16].actual_p75,Hog_office_Joey,test,ForecastSelectedGlobal,8 ForecastSelectedGlobal Hog_office_Joey actual_p75,1340.6132499999999,dimensionless,,66d7bef9f8c671486f5f93f84141101ab04a85168726ebe813b689411bed9c51,NONE,YES,
CLM-1226,Decision-oriented ensemble,8 ForecastSelectedGlobal Hog_office_Joey peak_quartile_MAE,EXACT_RECOVERED,A,8,outputs/phase8/test_forecast_metrics.csv,row[16].peak_quartile_MAE,Hog_office_Joey,test,ForecastSelectedGlobal,8 ForecastSelectedGlobal Hog_office_Joey peak_quartile_MAE,103.52915378625104,kW,,66d7bef9f8c671486f5f93f84141101ab04a85168726ebe813b689411bed9c51,NONE,YES,
CLM-1227,Decision-oriented ensemble,8 ForecastSelectedGlobal Hog_office_Joey peak_quartile_bias,EXACT_RECOVERED,A,8,outputs/phase8/test_forecast_metrics.csv,row[16].peak_quartile_bias,Hog_office_Joey,test,ForecastSelectedGlobal,8 ForecastSelectedGlobal Hog_office_Joey peak_quartile_bias,-96.5572714576933,kW,,66d7bef9f8c671486f5f93f84141101ab04a85168726ebe813b689411bed9c51,NONE,YES,
CLM-1228,Decision-oriented ensemble,8 ForecastSelectedGlobal Hog_office_Joey daily_peak_hour_MAE,EXACT_RECOVERED,A,8,outputs/phase8/test_forecast_metrics.csv,row[16].daily_peak_hour_MAE,Hog_office_Joey,test,ForecastSelectedGlobal,8 ForecastSelectedGlobal Hog_office_Joey daily_peak_hour_MAE,2.2,kW,,66d7bef9f8c671486f5f93f84141101ab04a85168726ebe813b689411bed9c51,NONE,YES,
CLM-1229,Decision-oriented ensemble,8 ForecastSelectedGlobal Hog_office_Joey daily_peak_hour_exact_rate,EXACT_RECOVERED,A,8,outputs/phase8/test_forecast_metrics.csv,row[16].daily_peak_hour_exact_rate,Hog_office_Joey,test,ForecastSelectedGlobal,8 ForecastSelectedGlobal Hog_office_Joey daily_peak_hour_exact_rate,0.13333333333333333,kW,,66d7bef9f8c671486f5f93f84141101ab04a85168726ebe813b689411bed9c51,NONE,YES,
CLM-1230,Decision-oriented ensemble,8 ForecastSelectedGlobal Hog_office_Joey daily_top3_overlap,EXACT_RECOVERED,A,8,outputs/phase8/test_forecast_metrics.csv,row[16].daily_top3_overlap,Hog_office_Joey,test,ForecastSelectedGlobal,8 ForecastSelectedGlobal Hog_office_Joey daily_top3_overlap,0.4555555555555556,dimensionless,,66d7bef9f8c671486f5f93f84141101ab04a85168726ebe813b689411bed9c51,NONE,YES,
CLM-1231,Decision-oriented ensemble,8 ForecastSelectedGlobal Hog_office_Joey normalized_MAE,EXACT_RECOVERED,A,8,outputs/phase8/test_forecast_metrics.csv,row[16].normalized_MAE,Hog_office_Joey,test,ForecastSelectedGlobal,8 ForecastSelectedGlobal Hog_office_Joey normalized_MAE,0.05719731970914026,dimensionless,,66d7bef9f8c671486f5f93f84141101ab04a85168726ebe813b689411bed9c51,NONE,YES,
CLM-1232,Decision-oriented ensemble,8 ForecastSelectedGlobal Hog_office_Joey normalized_RMSE,EXACT_RECOVERED,A,8,outputs/phase8/test_forecast_metrics.csv,row[16].normalized_RMSE,Hog_office_Joey,test,ForecastSelectedGlobal,8 ForecastSelectedGlobal Hog_office_Joey normalized_RMSE,0.08404484787431613,dimensionless,,66d7bef9f8c671486f5f93f84141101ab04a85168726ebe813b689411bed9c51,NONE,YES,
CLM-1233,Decision-oriented ensemble,8 DecisionSelectedGlobal Hog_office_Joey weight,EXACT_RECOVERED,A,8,outputs/phase8/test_forecast_metrics.csv,row[17].weight,Hog_office_Joey,test,DecisionSelectedGlobal,8 DecisionSelectedGlobal Hog_office_Joey weight,0.8,dimensionless,,66d7bef9f8c671486f5f93f84141101ab04a85168726ebe813b689411bed9c51,NONE,YES,
CLM-1234,Decision-oriented ensemble,8 DecisionSelectedGlobal Hog_office_Joey MAE,EXACT_RECOVERED,A,8,outputs/phase8/test_forecast_metrics.csv,row[17].MAE,Hog_office_Joey,test,DecisionSelectedGlobal,8 DecisionSelectedGlobal Hog_office_Joey MAE,71.24899049699079,kW,,66d7bef9f8c671486f5f93f84141101ab04a85168726ebe813b689411bed9c51,NONE,YES,
CLM-1235,Decision-oriented ensemble,8 DecisionSelectedGlobal Hog_office_Joey RMSE,EXACT_RECOVERED,A,8,outputs/phase8/test_forecast_metrics.csv,row[17].RMSE,Hog_office_Joey,test,DecisionSelectedGlobal,8 DecisionSelectedGlobal Hog_office_Joey RMSE,101.30956675178193,kW,,66d7bef9f8c671486f5f93f84141101ab04a85168726ebe813b689411bed9c51,NONE,YES,
CLM-1236,Decision-oriented ensemble,8 DecisionSelectedGlobal Hog_office_Joey MAPE,EXACT_RECOVERED,A,8,outputs/phase8/test_forecast_metrics.csv,row[17].MAPE,Hog_office_Joey,test,DecisionSelectedGlobal,8 DecisionSelectedGlobal Hog_office_Joey MAPE,5.739559743091254,%,,66d7bef9f8c671486f5f93f84141101ab04a85168726ebe813b689411bed9c51,NONE,YES,
CLM-1237,Decision-oriented ensemble,8 DecisionSelectedGlobal Hog_office_Joey bias,EXACT_RECOVERED,A,8,outputs/phase8/test_forecast_metrics.csv,row[17].bias,Hog_office_Joey,test,DecisionSelectedGlobal,8 DecisionSelectedGlobal Hog_office_Joey bias,-50.103871943569395,dimensionless,,66d7bef9f8c671486f5f93f84141101ab04a85168726ebe813b689411bed9c51,NONE,YES,
CLM-1238,Decision-oriented ensemble,8 DecisionSelectedGlobal Hog_office_Joey actual_p75,EXACT_RECOVERED,A,8,outputs/phase8/test_forecast_metrics.csv,row[17].actual_p75,Hog_office_Joey,test,DecisionSelectedGlobal,8 DecisionSelectedGlobal Hog_office_Joey actual_p75,1340.6132499999999,dimensionless,,66d7bef9f8c671486f5f93f84141101ab04a85168726ebe813b689411bed9c51,NONE,YES,
CLM-1239,Decision-oriented ensemble,8 DecisionSelectedGlobal Hog_office_Joey peak_quartile_MAE,EXACT_RECOVERED,A,8,outputs/phase8/test_forecast_metrics.csv,row[17].peak_quartile_MAE,Hog_office_Joey,test,DecisionSelectedGlobal,8 DecisionSelectedGlobal Hog_office_Joey peak_quartile_MAE,104.06606985691997,kW,,66d7bef9f8c671486f5f93f84141101ab04a85168726ebe813b689411bed9c51,NONE,YES,
CLM-1240,Decision-oriented ensemble,8 DecisionSelectedGlobal Hog_office_Joey peak_quartile_bias,EXACT_RECOVERED,A,8,outputs/phase8/test_forecast_metrics.csv,row[17].peak_quartile_bias,Hog_office_Joey,test,DecisionSelectedGlobal,8 DecisionSelectedGlobal Hog_office_Joey peak_quartile_bias,-99.66278766564263,kW,,66d7bef9f8c671486f5f93f84141101ab04a85168726ebe813b689411bed9c51,NONE,YES,
CLM-1241,Decision-oriented ensemble,8 DecisionSelectedGlobal Hog_office_Joey daily_peak_hour_MAE,EXACT_RECOVERED,A,8,outputs/phase8/test_forecast_metrics.csv,row[17].daily_peak_hour_MAE,Hog_office_Joey,test,DecisionSelectedGlobal,8 DecisionSelectedGlobal Hog_office_Joey daily_peak_hour_MAE,1.6333333333333333,kW,,66d7bef9f8c671486f5f93f84141101ab04a85168726ebe813b689411bed9c51,NONE,YES,
CLM-1242,Decision-oriented ensemble,8 DecisionSelectedGlobal Hog_office_Joey daily_peak_hour_exact_rate,EXACT_RECOVERED,A,8,outputs/phase8/test_forecast_metrics.csv,row[17].daily_peak_hour_exact_rate,Hog_office_Joey,test,DecisionSelectedGlobal,8 DecisionSelectedGlobal Hog_office_Joey daily_peak_hour_exact_rate,0.23333333333333334,kW,,66d7bef9f8c671486f5f93f84141101ab04a85168726ebe813b689411bed9c51,NONE,YES,
CLM-1243,Decision-oriented ensemble,8 DecisionSelectedGlobal Hog_office_Joey daily_top3_overlap,EXACT_RECOVERED,A,8,outputs/phase8/test_forecast_metrics.csv,row[17].daily_top3_overlap,Hog_office_Joey,test,DecisionSelectedGlobal,8 DecisionSelectedGlobal Hog_office_Joey daily_top3_overlap,0.4444444444444445,dimensionless,,66d7bef9f8c671486f5f93f84141101ab04a85168726ebe813b689411bed9c51,NONE,YES,
CLM-1244,Decision-oriented ensemble,8 DecisionSelectedGlobal Hog_office_Joey normalized_MAE,EXACT_RECOVERED,A,8,outputs/phase8/test_forecast_metrics.csv,row[17].normalized_MAE,Hog_office_Joey,test,DecisionSelectedGlobal,8 DecisionSelectedGlobal Hog_office_Joey normalized_MAE,0.0598361582500245,dimensionless,,66d7bef9f8c671486f5f93f84141101ab04a85168726ebe813b689411bed9c51,NONE,YES,
CLM-1245,Decision-oriented ensemble,8 DecisionSelectedGlobal Hog_office_Joey normalized_RMSE,EXACT_RECOVERED,A,8,outputs/phase8/test_forecast_metrics.csv,row[17].normalized_RMSE,Hog_office_Joey,test,DecisionSelectedGlobal,8 DecisionSelectedGlobal Hog_office_Joey normalized_RMSE,0.08508156011918615,dimensionless,,66d7bef9f8c671486f5f93f84141101ab04a85168726ebe813b689411bed9c51,NONE,YES,
CLM-1246,Decision-oriented ensemble,8 DayWeek Lamb_office_Caitlin weight,EXACT_RECOVERED,A,8,outputs/phase8/test_forecast_metrics.csv,row[18].weight,Lamb_office_Caitlin,test,DayWeek,8 DayWeek Lamb_office_Caitlin weight,0.0,dimensionless,,66d7bef9f8c671486f5f93f84141101ab04a85168726ebe813b689411bed9c51,NONE,YES,
CLM-1247,Decision-oriented ensemble,8 DayWeek Lamb_office_Caitlin MAE,EXACT_RECOVERED,A,8,outputs/phase8/test_forecast_metrics.csv,row[18].MAE,Lamb_office_Caitlin,test,DayWeek,8 DayWeek Lamb_office_Caitlin MAE,11.970277777777776,kW,,66d7bef9f8c671486f5f93f84141101ab04a85168726ebe813b689411bed9c51,NONE,YES,
CLM-1248,Decision-oriented ensemble,8 DayWeek Lamb_office_Caitlin RMSE,EXACT_RECOVERED,A,8,outputs/phase8/test_forecast_metrics.csv,row[18].RMSE,Lamb_office_Caitlin,test,DayWeek,8 DayWeek Lamb_office_Caitlin RMSE,18.84295495374568,kW,,66d7bef9f8c671486f5f93f84141101ab04a85168726ebe813b689411bed9c51,NONE,YES,
CLM-1249,Decision-oriented ensemble,8 DayWeek Lamb_office_Caitlin MAPE,EXACT_RECOVERED,A,8,outputs/phase8/test_forecast_metrics.csv,row[18].MAPE,Lamb_office_Caitlin,test,DayWeek,8 DayWeek Lamb_office_Caitlin MAPE,49.59651442271897,%,,66d7bef9f8c671486f5f93f84141101ab04a85168726ebe813b689411bed9c51,NONE,YES,
CLM-1250,Decision-oriented ensemble,8 DayWeek Lamb_office_Caitlin bias,EXACT_RECOVERED,A,8,outputs/phase8/test_forecast_metrics.csv,row[18].bias,Lamb_office_Caitlin,test,DayWeek,8 DayWeek Lamb_office_Caitlin bias,3.6529166666666666,dimensionless,,66d7bef9f8c671486f5f93f84141101ab04a85168726ebe813b689411bed9c51,NONE,YES,
CLM-1251,Decision-oriented ensemble,8 DayWeek Lamb_office_Caitlin actual_p75,EXACT_RECOVERED,A,8,outputs/phase8/test_forecast_metrics.csv,row[18].actual_p75,Lamb_office_Caitlin,test,DayWeek,8 DayWeek Lamb_office_Caitlin actual_p75,98.0625,dimensionless,,66d7bef9f8c671486f5f93f84141101ab04a85168726ebe813b689411bed9c51,NONE,YES,
CLM-1252,Decision-oriented ensemble,8 DayWeek Lamb_office_Caitlin peak_quartile_MAE,EXACT_RECOVERED,A,8,outputs/phase8/test_forecast_metrics.csv,row[18].peak_quartile_MAE,Lamb_office_Caitlin,test,DayWeek,8 DayWeek Lamb_office_Caitlin peak_quartile_MAE,16.12333333333334,kW,,66d7bef9f8c671486f5f93f84141101ab04a85168726ebe813b689411bed9c51,NONE,YES,
CLM-1253,Decision-oriented ensemble,8 DayWeek Lamb_office_Caitlin peak_quartile_bias,EXACT_RECOVERED,A,8,outputs/phase8/test_forecast_metrics.csv,row[18].peak_quartile_bias,Lamb_office_Caitlin,test,DayWeek,8 DayWeek Lamb_office_Caitlin peak_quartile_bias,-7.940555555555557,kW,,66d7bef9f8c671486f5f93f84141101ab04a85168726ebe813b689411bed9c51,NONE,YES,
CLM-1254,Decision-oriented ensemble,8 DayWeek Lamb_office_Caitlin daily_peak_hour_MAE,EXACT_RECOVERED,A,8,outputs/phase8/test_forecast_metrics.csv,row[18].daily_peak_hour_MAE,Lamb_office_Caitlin,test,DayWeek,8 DayWeek Lamb_office_Caitlin daily_peak_hour_MAE,2.1,kW,,66d7bef9f8c671486f5f93f84141101ab04a85168726ebe813b689411bed9c51,NONE,YES,
CLM-1255,Decision-oriented ensemble,8 DayWeek Lamb_office_Caitlin daily_peak_hour_exact_rate,EXACT_RECOVERED,A,8,outputs/phase8/test_forecast_metrics.csv,row[18].daily_peak_hour_exact_rate,Lamb_office_Caitlin,test,DayWeek,8 DayWeek Lamb_office_Caitlin daily_peak_hour_exact_rate,0.3333333333333333,kW,,66d7bef9f8c671486f5f93f84141101ab04a85168726ebe813b689411bed9c51,NONE,YES,
CLM-1256,Decision-oriented ensemble,8 DayWeek Lamb_office_Caitlin daily_top3_overlap,EXACT_RECOVERED,A,8,outputs/phase8/test_forecast_metrics.csv,row[18].daily_top3_overlap,Lamb_office_Caitlin,test,DayWeek,8 DayWeek Lamb_office_Caitlin daily_top3_overlap,0.611111111111111,dimensionless,,66d7bef9f8c671486f5f93f84141101ab04a85168726ebe813b689411bed9c51,NONE,YES,
CLM-1257,Decision-oriented ensemble,8 DayWeek Lamb_office_Caitlin normalized_MAE,EXACT_RECOVERED,A,8,outputs/phase8/test_forecast_metrics.csv,row[18].normalized_MAE,Lamb_office_Caitlin,test,DayWeek,8 DayWeek Lamb_office_Caitlin normalized_MAE,0.556904701417453,dimensionless,,66d7bef9f8c671486f5f93f84141101ab04a85168726ebe813b689411bed9c51,NONE,YES,
CLM-1258,Decision-oriented ensemble,8 DayWeek Lamb_office_Caitlin normalized_RMSE,EXACT_RECOVERED,A,8,outputs/phase8/test_forecast_metrics.csv,row[18].normalized_RMSE,Lamb_office_Caitlin,test,DayWeek,8 DayWeek Lamb_office_Caitlin normalized_RMSE,0.876648846179605,dimensionless,,66d7bef9f8c671486f5f93f84141101ab04a85168726ebe813b689411bed9c51,NONE,YES,
CLM-1259,Decision-oriented ensemble,8 LightGBM Lamb_office_Caitlin weight,EXACT_RECOVERED,A,8,outputs/phase8/test_forecast_metrics.csv,row[19].weight,Lamb_office_Caitlin,test,LightGBM,8 LightGBM Lamb_office_Caitlin weight,1.0,dimensionless,,66d7bef9f8c671486f5f93f84141101ab04a85168726ebe813b689411bed9c51,NONE,YES,
CLM-1260,Decision-oriented ensemble,8 LightGBM Lamb_office_Caitlin MAE,EXACT_RECOVERED,A,8,outputs/phase8/test_forecast_metrics.csv,row[19].MAE,Lamb_office_Caitlin,test,LightGBM,8 LightGBM Lamb_office_Caitlin MAE,9.203510377755356,kW,,66d7bef9f8c671486f5f93f84141101ab04a85168726ebe813b689411bed9c51,NONE,YES,
CLM-1261,Decision-oriented ensemble,8 LightGBM Lamb_office_Caitlin RMSE,EXACT_RECOVERED,A,8,outputs/phase8/test_forecast_metrics.csv,row[19].RMSE,Lamb_office_Caitlin,test,LightGBM,8 LightGBM Lamb_office_Caitlin RMSE,13.778734747825919,kW,,66d7bef9f8c671486f5f93f84141101ab04a85168726ebe813b689411bed9c51,NONE,YES,
CLM-1262,Decision-oriented ensemble,8 LightGBM Lamb_office_Caitlin MAPE,EXACT_RECOVERED,A,8,outputs/phase8/test_forecast_metrics.csv,row[19].MAPE,Lamb_office_Caitlin,test,LightGBM,8 LightGBM Lamb_office_Caitlin MAPE,25.803854668049308,%,,66d7bef9f8c671486f5f93f84141101ab04a85168726ebe813b689411bed9c51,NONE,YES,
CLM-1263,Decision-oriented ensemble,8 LightGBM Lamb_office_Caitlin bias,EXACT_RECOVERED,A,8,outputs/phase8/test_forecast_metrics.csv,row[19].bias,Lamb_office_Caitlin,test,LightGBM,8 LightGBM Lamb_office_Caitlin bias,-3.1410254322007014,dimensionless,,66d7bef9f8c671486f5f93f84141101ab04a85168726ebe813b689411bed9c51,NONE,YES,
CLM-1264,Decision-oriented ensemble,8 LightGBM Lamb_office_Caitlin actual_p75,EXACT_RECOVERED,A,8,outputs/phase8/test_forecast_metrics.csv,row[19].actual_p75,Lamb_office_Caitlin,test,LightGBM,8 LightGBM Lamb_office_Caitlin actual_p75,98.0625,dimensionless,,66d7bef9f8c671486f5f93f84141101ab04a85168726ebe813b689411bed9c51,NONE,YES,
CLM-1265,Decision-oriented ensemble,8 LightGBM Lamb_office_Caitlin peak_quartile_MAE,EXACT_RECOVERED,A,8,outputs/phase8/test_forecast_metrics.csv,row[19].peak_quartile_MAE,Lamb_office_Caitlin,test,LightGBM,8 LightGBM Lamb_office_Caitlin peak_quartile_MAE,17.102060632343946,kW,,66d7bef9f8c671486f5f93f84141101ab04a85168726ebe813b689411bed9c51,NONE,YES,
CLM-1266,Decision-oriented ensemble,8 LightGBM Lamb_office_Caitlin peak_quartile_bias,EXACT_RECOVERED,A,8,outputs/phase8/test_forecast_metrics.csv,row[19].peak_quartile_bias,Lamb_office_Caitlin,test,LightGBM,8 LightGBM Lamb_office_Caitlin peak_quartile_bias,-16.237105962012492,kW,,66d7bef9f8c671486f5f93f84141101ab04a85168726ebe813b689411bed9c51,NONE,YES,
CLM-1267,Decision-oriented ensemble,8 LightGBM Lamb_office_Caitlin daily_peak_hour_MAE,EXACT_RECOVERED,A,8,outputs/phase8/test_forecast_metrics.csv,row[19].daily_peak_hour_MAE,Lamb_office_Caitlin,test,LightGBM,8 LightGBM Lamb_office_Caitlin daily_peak_hour_MAE,2.533333333333333,kW,,66d7bef9f8c671486f5f93f84141101ab04a85168726ebe813b689411bed9c51,NONE,YES,
CLM-1268,Decision-oriented ensemble,8 LightGBM Lamb_office_Caitlin daily_peak_hour_exact_rate,EXACT_RECOVERED,A,8,outputs/phase8/test_forecast_metrics.csv,row[19].daily_peak_hour_exact_rate,Lamb_office_Caitlin,test,LightGBM,8 LightGBM Lamb_office_Caitlin daily_peak_hour_exact_rate,0.23333333333333334,kW,,66d7bef9f8c671486f5f93f84141101ab04a85168726ebe813b689411bed9c51,NONE,YES,
CLM-1269,Decision-oriented ensemble,8 LightGBM Lamb_office_Caitlin daily_top3_overlap,EXACT_RECOVERED,A,8,outputs/phase8/test_forecast_metrics.csv,row[19].daily_top3_overlap,Lamb_office_Caitlin,test,LightGBM,8 LightGBM Lamb_office_Caitlin daily_top3_overlap,0.5555555555555555,dimensionless,,66d7bef9f8c671486f5f93f84141101ab04a85168726ebe813b689411bed9c51,NONE,YES,
CLM-1270,Decision-oriented ensemble,8 LightGBM Lamb_office_Caitlin normalized_MAE,EXACT_RECOVERED,A,8,outputs/phase8/test_forecast_metrics.csv,row[19].normalized_MAE,Lamb_office_Caitlin,test,LightGBM,8 LightGBM Lamb_office_Caitlin normalized_MAE,0.42818373090986,dimensionless,,66d7bef9f8c671486f5f93f84141101ab04a85168726ebe813b689411bed9c51,NONE,YES,
CLM-1271,Decision-oriented ensemble,8 LightGBM Lamb_office_Caitlin normalized_RMSE,EXACT_RECOVERED,A,8,outputs/phase8/test_forecast_metrics.csv,row[19].normalized_RMSE,Lamb_office_Caitlin,test,LightGBM,8 LightGBM Lamb_office_Caitlin normalized_RMSE,0.6410412776630497,dimensionless,,66d7bef9f8c671486f5f93f84141101ab04a85168726ebe813b689411bed9c51,NONE,YES,
CLM-1272,Decision-oriented ensemble,8 ForecastSelectedPerBuilding Lamb_office_Caitlin weight,EXACT_RECOVERED,A,8,outputs/phase8/test_forecast_metrics.csv,row[20].weight,Lamb_office_Caitlin,test,ForecastSelectedPerBuilding,8 ForecastSelectedPerBuilding Lamb_office_Caitlin weight,0.4,dimensionless,,66d7bef9f8c671486f5f93f84141101ab04a85168726ebe813b689411bed9c51,NONE,YES,
CLM-1273,Decision-oriented ensemble,8 ForecastSelectedPerBuilding Lamb_office_Caitlin MAE,EXACT_RECOVERED,A,8,outputs/phase8/test_forecast_metrics.csv,row[20].MAE,Lamb_office_Caitlin,test,ForecastSelectedPerBuilding,8 ForecastSelectedPerBuilding Lamb_office_Caitlin MAE,9.839665069132227,kW,,66d7bef9f8c671486f5f93f84141101ab04a85168726ebe813b689411bed9c51,NONE,YES,
CLM-1274,Decision-oriented ensemble,8 ForecastSelectedPerBuilding Lamb_office_Caitlin RMSE,EXACT_RECOVERED,A,8,outputs/phase8/test_forecast_metrics.csv,row[20].RMSE,Lamb_office_Caitlin,test,ForecastSelectedPerBuilding,8 ForecastSelectedPerBuilding Lamb_office_Caitlin RMSE,15.016619434388288,kW,,66d7bef9f8c671486f5f93f84141101ab04a85168726ebe813b689411bed9c51,NONE,YES,
CLM-1275,Decision-oriented ensemble,8 ForecastSelectedPerBuilding Lamb_office_Caitlin MAPE,EXACT_RECOVERED,A,8,outputs/phase8/test_forecast_metrics.csv,row[20].MAPE,Lamb_office_Caitlin,test,ForecastSelectedPerBuilding,8 ForecastSelectedPerBuilding Lamb_office_Caitlin MAPE,38.2629802035214,%,,66d7bef9f8c671486f5f93f84141101ab04a85168726ebe813b689411bed9c51,NONE,YES,
CLM-1276,Decision-oriented ensemble,8 ForecastSelectedPerBuilding Lamb_office_Caitlin bias,EXACT_RECOVERED,A,8,outputs/phase8/test_forecast_metrics.csv,row[20].bias,Lamb_office_Caitlin,test,ForecastSelectedPerBuilding,8 ForecastSelectedPerBuilding Lamb_office_Caitlin bias,0.9353398271197193,dimensionless,,66d7bef9f8c671486f5f93f84141101ab04a85168726ebe813b689411bed9c51,NONE,YES,
CLM-1277,Decision-oriented ensemble,8 ForecastSelectedPerBuilding Lamb_office_Caitlin actual_p75,EXACT_RECOVERED,A,8,outputs/phase8/test_forecast_metrics.csv,row[20].actual_p75,Lamb_office_Caitlin,test,ForecastSelectedPerBuilding,8 ForecastSelectedPerBuilding Lamb_office_Caitlin actual_p75,98.0625,dimensionless,,66d7bef9f8c671486f5f93f84141101ab04a85168726ebe813b689411bed9c51,NONE,YES,
CLM-1278,Decision-oriented ensemble,8 ForecastSelectedPerBuilding Lamb_office_Caitlin peak_quartile_MAE,EXACT_RECOVERED,A,8,outputs/phase8/test_forecast_metrics.csv,row[20].peak_quartile_MAE,Lamb_office_Caitlin,test,ForecastSelectedPerBuilding,8 ForecastSelectedPerBuilding Lamb_office_Caitlin peak_quartile_MAE,15.23316384354162,kW,,66d7bef9f8c671486f5f93f84141101ab04a85168726ebe813b689411bed9c51,NONE,YES,
CLM-1279,Decision-oriented ensemble,8 ForecastSelectedPerBuilding Lamb_office_Caitlin peak_quartile_bias,EXACT_RECOVERED,A,8,outputs/phase8/test_forecast_metrics.csv,row[20].peak_quartile_bias,Lamb_office_Caitlin,test,ForecastSelectedPerBuilding,8 ForecastSelectedPerBuilding Lamb_office_Caitlin peak_quartile_bias,-11.25917571813833,kW,,66d7bef9f8c671486f5f93f84141101ab04a85168726ebe813b689411bed9c51,NONE,YES,
CLM-1280,Decision-oriented ensemble,8 ForecastSelectedPerBuilding Lamb_office_Caitlin daily_peak_hour_MAE,EXACT_RECOVERED,A,8,outputs/phase8/test_forecast_metrics.csv,row[20].daily_peak_hour_MAE,Lamb_office_Caitlin,test,ForecastSelectedPerBuilding,8 ForecastSelectedPerBuilding Lamb_office_Caitlin daily_peak_hour_MAE,2.6333333333333333,kW,,66d7bef9f8c671486f5f93f84141101ab04a85168726ebe813b689411bed9c51,NONE,YES,
CLM-1281,Decision-oriented ensemble,8 ForecastSelectedPerBuilding Lamb_office_Caitlin daily_peak_hour_exact_rate,EXACT_RECOVERED,A,8,outputs/phase8/test_forecast_metrics.csv,row[20].daily_peak_hour_exact_rate,Lamb_office_Caitlin,test,ForecastSelectedPerBuilding,8 ForecastSelectedPerBuilding Lamb_office_Caitlin daily_peak_hour_exact_rate,0.3,kW,,66d7bef9f8c671486f5f93f84141101ab04a85168726ebe813b689411bed9c51,NONE,YES,
CLM-1282,Decision-oriented ensemble,8 ForecastSelectedPerBuilding Lamb_office_Caitlin daily_top3_overlap,EXACT_RECOVERED,A,8,outputs/phase8/test_forecast_metrics.csv,row[20].daily_top3_overlap,Lamb_office_Caitlin,test,ForecastSelectedPerBuilding,8 ForecastSelectedPerBuilding Lamb_office_Caitlin daily_top3_overlap,0.611111111111111,dimensionless,,66d7bef9f8c671486f5f93f84141101ab04a85168726ebe813b689411bed9c51,NONE,YES,
CLM-1283,Decision-oriented ensemble,8 ForecastSelectedPerBuilding Lamb_office_Caitlin normalized_MAE,EXACT_RECOVERED,A,8,outputs/phase8/test_forecast_metrics.csv,row[20].normalized_MAE,Lamb_office_Caitlin,test,ForecastSelectedPerBuilding,8 ForecastSelectedPerBuilding Lamb_office_Caitlin normalized_MAE,0.45778016509739805,dimensionless,,66d7bef9f8c671486f5f93f84141101ab04a85168726ebe813b689411bed9c51,NONE,YES,
CLM-1284,Decision-oriented ensemble,8 ForecastSelectedPerBuilding Lamb_office_Caitlin normalized_RMSE,EXACT_RECOVERED,A,8,outputs/phase8/test_forecast_metrics.csv,row[20].normalized_RMSE,Lamb_office_Caitlin,test,ForecastSelectedPerBuilding,8 ForecastSelectedPerBuilding Lamb_office_Caitlin normalized_RMSE,0.6986325729159519,dimensionless,,66d7bef9f8c671486f5f93f84141101ab04a85168726ebe813b689411bed9c51,NONE,YES,
CLM-1285,Decision-oriented ensemble,8 DecisionSelectedPerBuilding Lamb_office_Caitlin weight,EXACT_RECOVERED,A,8,outputs/phase8/test_forecast_metrics.csv,row[21].weight,Lamb_office_Caitlin,test,DecisionSelectedPerBuilding,8 DecisionSelectedPerBuilding Lamb_office_Caitlin weight,0.8,dimensionless,,66d7bef9f8c671486f5f93f84141101ab04a85168726ebe813b689411bed9c51,NONE,YES,
CLM-1286,Decision-oriented ensemble,8 DecisionSelectedPerBuilding Lamb_office_Caitlin MAE,EXACT_RECOVERED,A,8,outputs/phase8/test_forecast_metrics.csv,row[21].MAE,Lamb_office_Caitlin,test,DecisionSelectedPerBuilding,8 DecisionSelectedPerBuilding Lamb_office_Caitlin MAE,8.73067941137014,kW,,66d7bef9f8c671486f5f93f84141101ab04a85168726ebe813b689411bed9c51,NONE,YES,
CLM-1287,Decision-oriented ensemble,8 DecisionSelectedPerBuilding Lamb_office_Caitlin RMSE,EXACT_RECOVERED,A,8,outputs/phase8/test_forecast_metrics.csv,row[21].RMSE,Lamb_office_Caitlin,test,DecisionSelectedPerBuilding,8 DecisionSelectedPerBuilding Lamb_office_Caitlin RMSE,13.437871826082622,kW,,66d7bef9f8c671486f5f93f84141101ab04a85168726ebe813b689411bed9c51,NONE,YES,
CLM-1288,Decision-oriented ensemble,8 DecisionSelectedPerBuilding Lamb_office_Caitlin MAPE,EXACT_RECOVERED,A,8,outputs/phase8/test_forecast_metrics.csv,row[21].MAPE,Lamb_office_Caitlin,test,DecisionSelectedPerBuilding,8 DecisionSelectedPerBuilding Lamb_office_Caitlin MAPE,28.479871806666768,%,,66d7bef9f8c671486f5f93f84141101ab04a85168726ebe813b689411bed9c51,NONE,YES,
CLM-1289,Decision-oriented ensemble,8 DecisionSelectedPerBuilding Lamb_office_Caitlin bias,EXACT_RECOVERED,A,8,outputs/phase8/test_forecast_metrics.csv,row[21].bias,Lamb_office_Caitlin,test,DecisionSelectedPerBuilding,8 DecisionSelectedPerBuilding Lamb_office_Caitlin bias,-1.7822370124272273,dimensionless,,66d7bef9f8c671486f5f93f84141101ab04a85168726ebe813b689411bed9c51,NONE,YES,
CLM-1290,Decision-oriented ensemble,8 DecisionSelectedPerBuilding Lamb_office_Caitlin actual_p75,EXACT_RECOVERED,A,8,outputs/phase8/test_forecast_metrics.csv,row[21].actual_p75,Lamb_office_Caitlin,test,DecisionSelectedPerBuilding,8 DecisionSelectedPerBuilding Lamb_office_Caitlin actual_p75,98.0625,dimensionless,,66d7bef9f8c671486f5f93f84141101ab04a85168726ebe813b689411bed9c51,NONE,YES,
CLM-1291,Decision-oriented ensemble,8 DecisionSelectedPerBuilding Lamb_office_Caitlin peak_quartile_MAE,EXACT_RECOVERED,A,8,outputs/phase8/test_forecast_metrics.csv,row[21].peak_quartile_MAE,Lamb_office_Caitlin,test,DecisionSelectedPerBuilding,8 DecisionSelectedPerBuilding Lamb_office_Caitlin peak_quartile_MAE,16.033071098088982,kW,,66d7bef9f8c671486f5f93f84141101ab04a85168726ebe813b689411bed9c51,NONE,YES,
CLM-1292,Decision-oriented ensemble,8 DecisionSelectedPerBuilding Lamb_office_Caitlin peak_quartile_bias,EXACT_RECOVERED,A,8,outputs/phase8/test_forecast_metrics.csv,row[21].peak_quartile_bias,Lamb_office_Caitlin,test,DecisionSelectedPerBuilding,8 DecisionSelectedPerBuilding Lamb_office_Caitlin peak_quartile_bias,-14.577795880721103,kW,,66d7bef9f8c671486f5f93f84141101ab04a85168726ebe813b689411bed9c51,NONE,YES,
CLM-1293,Decision-oriented ensemble,8 DecisionSelectedPerBuilding Lamb_office_Caitlin daily_peak_hour_MAE,EXACT_RECOVERED,A,8,outputs/phase8/test_forecast_metrics.csv,row[21].daily_peak_hour_MAE,Lamb_office_Caitlin,test,DecisionSelectedPerBuilding,8 DecisionSelectedPerBuilding Lamb_office_Caitlin daily_peak_hour_MAE,2.6,kW,,66d7bef9f8c671486f5f93f84141101ab04a85168726ebe813b689411bed9c51,NONE,YES,
CLM-1294,Decision-oriented ensemble,8 DecisionSelectedPerBuilding Lamb_office_Caitlin daily_peak_hour_exact_rate,EXACT_RECOVERED,A,8,outputs/phase8/test_forecast_metrics.csv,row[21].daily_peak_hour_exact_rate,Lamb_office_Caitlin,test,DecisionSelectedPerBuilding,8 DecisionSelectedPerBuilding Lamb_office_Caitlin daily_peak_hour_exact_rate,0.23333333333333334,kW,,66d7bef9f8c671486f5f93f84141101ab04a85168726ebe813b689411bed9c51,NONE,YES,
CLM-1295,Decision-oriented ensemble,8 DecisionSelectedPerBuilding Lamb_office_Caitlin daily_top3_overlap,EXACT_RECOVERED,A,8,outputs/phase8/test_forecast_metrics.csv,row[21].daily_top3_overlap,Lamb_office_Caitlin,test,DecisionSelectedPerBuilding,8 DecisionSelectedPerBuilding Lamb_office_Caitlin daily_top3_overlap,0.6,dimensionless,,66d7bef9f8c671486f5f93f84141101ab04a85168726ebe813b689411bed9c51,NONE,YES,
CLM-1296,Decision-oriented ensemble,8 DecisionSelectedPerBuilding Lamb_office_Caitlin normalized_MAE,EXACT_RECOVERED,A,8,outputs/phase8/test_forecast_metrics.csv,row[21].normalized_MAE,Lamb_office_Caitlin,test,DecisionSelectedPerBuilding,8 DecisionSelectedPerBuilding Lamb_office_Caitlin normalized_MAE,0.40618576285564095,dimensionless,,66d7bef9f8c671486f5f93f84141101ab04a85168726ebe813b689411bed9c51,NONE,YES,
CLM-1297,Decision-oriented ensemble,8 DecisionSelectedPerBuilding Lamb_office_Caitlin normalized_RMSE,EXACT_RECOVERED,A,8,outputs/phase8/test_forecast_metrics.csv,row[21].normalized_RMSE,Lamb_office_Caitlin,test,DecisionSelectedPerBuilding,8 DecisionSelectedPerBuilding Lamb_office_Caitlin normalized_RMSE,0.6251829853843077,dimensionless,,66d7bef9f8c671486f5f93f84141101ab04a85168726ebe813b689411bed9c51,NONE,YES,
CLM-1298,Decision-oriented ensemble,8 ForecastSelectedGlobal Lamb_office_Caitlin weight,EXACT_RECOVERED,A,8,outputs/phase8/test_forecast_metrics.csv,row[22].weight,Lamb_office_Caitlin,test,ForecastSelectedGlobal,8 ForecastSelectedGlobal Lamb_office_Caitlin weight,0.5,dimensionless,,66d7bef9f8c671486f5f93f84141101ab04a85168726ebe813b689411bed9c51,NONE,YES,
CLM-1299,Decision-oriented ensemble,8 ForecastSelectedGlobal Lamb_office_Caitlin MAE,EXACT_RECOVERED,A,8,outputs/phase8/test_forecast_metrics.csv,row[22].MAE,Lamb_office_Caitlin,test,ForecastSelectedGlobal,8 ForecastSelectedGlobal Lamb_office_Caitlin MAE,9.43908099639871,kW,,66d7bef9f8c671486f5f93f84141101ab04a85168726ebe813b689411bed9c51,NONE,YES,
CLM-1300,Decision-oriented ensemble,8 ForecastSelectedGlobal Lamb_office_Caitlin RMSE,EXACT_RECOVERED,A,8,outputs/phase8/test_forecast_metrics.csv,row[22].RMSE,Lamb_office_Caitlin,test,ForecastSelectedGlobal,8 ForecastSelectedGlobal Lamb_office_Caitlin RMSE,14.364318769765394,kW,,66d7bef9f8c671486f5f93f84141101ab04a85168726ebe813b689411bed9c51,NONE,YES,
CLM-1301,Decision-oriented ensemble,8 ForecastSelectedGlobal Lamb_office_Caitlin MAPE,EXACT_RECOVERED,A,8,outputs/phase8/test_forecast_metrics.csv,row[22].MAPE,Lamb_office_Caitlin,test,ForecastSelectedGlobal,8 ForecastSelectedGlobal Lamb_office_Caitlin MAPE,35.631349506181934,%,,66d7bef9f8c671486f5f93f84141101ab04a85168726ebe813b689411bed9c51,NONE,YES,
CLM-1302,Decision-oriented ensemble,8 ForecastSelectedGlobal Lamb_office_Caitlin bias,EXACT_RECOVERED,A,8,outputs/phase8/test_forecast_metrics.csv,row[22].bias,Lamb_office_Caitlin,test,ForecastSelectedGlobal,8 ForecastSelectedGlobal Lamb_office_Caitlin bias,0.25594561723298265,dimensionless,,66d7bef9f8c671486f5f93f84141101ab04a85168726ebe813b689411bed9c51,NONE,YES,
CLM-1303,Decision-oriented ensemble,8 ForecastSelectedGlobal Lamb_office_Caitlin actual_p75,EXACT_RECOVERED,A,8,outputs/phase8/test_forecast_metrics.csv,row[22].actual_p75,Lamb_office_Caitlin,test,ForecastSelectedGlobal,8 ForecastSelectedGlobal Lamb_office_Caitlin actual_p75,98.0625,dimensionless,,66d7bef9f8c671486f5f93f84141101ab04a85168726ebe813b689411bed9c51,NONE,YES,
CLM-1304,Decision-oriented ensemble,8 ForecastSelectedGlobal Lamb_office_Caitlin peak_quartile_MAE,EXACT_RECOVERED,A,8,outputs/phase8/test_forecast_metrics.csv,row[22].peak_quartile_MAE,Lamb_office_Caitlin,test,ForecastSelectedGlobal,8 ForecastSelectedGlobal Lamb_office_Caitlin peak_quartile_MAE,15.277304239475441,kW,,66d7bef9f8c671486f5f93f84141101ab04a85168726ebe813b689411bed9c51,NONE,YES,
CLM-1305,Decision-oriented ensemble,8 ForecastSelectedGlobal Lamb_office_Caitlin peak_quartile_bias,EXACT_RECOVERED,A,8,outputs/phase8/test_forecast_metrics.csv,row[22].peak_quartile_bias,Lamb_office_Caitlin,test,ForecastSelectedGlobal,8 ForecastSelectedGlobal Lamb_office_Caitlin peak_quartile_bias,-12.088830758784024,kW,,66d7bef9f8c671486f5f93f84141101ab04a85168726ebe813b689411bed9c51,NONE,YES,
CLM-1306,Decision-oriented ensemble,8 ForecastSelectedGlobal Lamb_office_Caitlin daily_peak_hour_MAE,EXACT_RECOVERED,A,8,outputs/phase8/test_forecast_metrics.csv,row[22].daily_peak_hour_MAE,Lamb_office_Caitlin,test,ForecastSelectedGlobal,8 ForecastSelectedGlobal Lamb_office_Caitlin daily_peak_hour_MAE,2.6,kW,,66d7bef9f8c671486f5f93f84141101ab04a85168726ebe813b689411bed9c51,NONE,YES,
CLM-1307,Decision-oriented ensemble,8 ForecastSelectedGlobal Lamb_office_Caitlin daily_peak_hour_exact_rate,EXACT_RECOVERED,A,8,outputs/phase8/test_forecast_metrics.csv,row[22].daily_peak_hour_exact_rate,Lamb_office_Caitlin,test,ForecastSelectedGlobal,8 ForecastSelectedGlobal Lamb_office_Caitlin daily_peak_hour_exact_rate,0.3,kW,,66d7bef9f8c671486f5f93f84141101ab04a85168726ebe813b689411bed9c51,NONE,YES,
CLM-1308,Decision-oriented ensemble,8 ForecastSelectedGlobal Lamb_office_Caitlin daily_top3_overlap,EXACT_RECOVERED,A,8,outputs/phase8/test_forecast_metrics.csv,row[22].daily_top3_overlap,Lamb_office_Caitlin,test,ForecastSelectedGlobal,8 ForecastSelectedGlobal Lamb_office_Caitlin daily_top3_overlap,0.611111111111111,dimensionless,,66d7bef9f8c671486f5f93f84141101ab04a85168726ebe813b689411bed9c51,NONE,YES,
CLM-1309,Decision-oriented ensemble,8 ForecastSelectedGlobal Lamb_office_Caitlin normalized_MAE,EXACT_RECOVERED,A,8,outputs/phase8/test_forecast_metrics.csv,row[22].normalized_MAE,Lamb_office_Caitlin,test,ForecastSelectedGlobal,8 ForecastSelectedGlobal Lamb_office_Caitlin normalized_MAE,0.43914340849410544,dimensionless,,66d7bef9f8c671486f5f93f84141101ab04a85168726ebe813b689411bed9c51,NONE,YES,
CLM-1310,Decision-oriented ensemble,8 ForecastSelectedGlobal Lamb_office_Caitlin normalized_RMSE,EXACT_RECOVERED,A,8,outputs/phase8/test_forecast_metrics.csv,row[22].normalized_RMSE,Lamb_office_Caitlin,test,ForecastSelectedGlobal,8 ForecastSelectedGlobal Lamb_office_Caitlin normalized_RMSE,0.6682849641461195,dimensionless,,66d7bef9f8c671486f5f93f84141101ab04a85168726ebe813b689411bed9c51,NONE,YES,
CLM-1311,Decision-oriented ensemble,8 DecisionSelectedGlobal Lamb_office_Caitlin weight,EXACT_RECOVERED,A,8,outputs/phase8/test_forecast_metrics.csv,row[23].weight,Lamb_office_Caitlin,test,DecisionSelectedGlobal,8 DecisionSelectedGlobal Lamb_office_Caitlin weight,0.8,dimensionless,,66d7bef9f8c671486f5f93f84141101ab04a85168726ebe813b689411bed9c51,NONE,YES,
CLM-1312,Decision-oriented ensemble,8 DecisionSelectedGlobal Lamb_office_Caitlin MAE,EXACT_RECOVERED,A,8,outputs/phase8/test_forecast_metrics.csv,row[23].MAE,Lamb_office_Caitlin,test,DecisionSelectedGlobal,8 DecisionSelectedGlobal Lamb_office_Caitlin MAE,8.73067941137014,kW,,66d7bef9f8c671486f5f93f84141101ab04a85168726ebe813b689411bed9c51,NONE,YES,
CLM-1313,Decision-oriented ensemble,8 DecisionSelectedGlobal Lamb_office_Caitlin RMSE,EXACT_RECOVERED,A,8,outputs/phase8/test_forecast_metrics.csv,row[23].RMSE,Lamb_office_Caitlin,test,DecisionSelectedGlobal,8 DecisionSelectedGlobal Lamb_office_Caitlin RMSE,13.437871826082622,kW,,66d7bef9f8c671486f5f93f84141101ab04a85168726ebe813b689411bed9c51,NONE,YES,
CLM-1314,Decision-oriented ensemble,8 DecisionSelectedGlobal Lamb_office_Caitlin MAPE,EXACT_RECOVERED,A,8,outputs/phase8/test_forecast_metrics.csv,row[23].MAPE,Lamb_office_Caitlin,test,DecisionSelectedGlobal,8 DecisionSelectedGlobal Lamb_office_Caitlin MAPE,28.479871806666768,%,,66d7bef9f8c671486f5f93f84141101ab04a85168726ebe813b689411bed9c51,NONE,YES,
CLM-1315,Decision-oriented ensemble,8 DecisionSelectedGlobal Lamb_office_Caitlin bias,EXACT_RECOVERED,A,8,outputs/phase8/test_forecast_metrics.csv,row[23].bias,Lamb_office_Caitlin,test,DecisionSelectedGlobal,8 DecisionSelectedGlobal Lamb_office_Caitlin bias,-1.7822370124272273,dimensionless,,66d7bef9f8c671486f5f93f84141101ab04a85168726ebe813b689411bed9c51,NONE,YES,
CLM-1316,Decision-oriented ensemble,8 DecisionSelectedGlobal Lamb_office_Caitlin actual_p75,EXACT_RECOVERED,A,8,outputs/phase8/test_forecast_metrics.csv,row[23].actual_p75,Lamb_office_Caitlin,test,DecisionSelectedGlobal,8 DecisionSelectedGlobal Lamb_office_Caitlin actual_p75,98.0625,dimensionless,,66d7bef9f8c671486f5f93f84141101ab04a85168726ebe813b689411bed9c51,NONE,YES,
CLM-1317,Decision-oriented ensemble,8 DecisionSelectedGlobal Lamb_office_Caitlin peak_quartile_MAE,EXACT_RECOVERED,A,8,outputs/phase8/test_forecast_metrics.csv,row[23].peak_quartile_MAE,Lamb_office_Caitlin,test,DecisionSelectedGlobal,8 DecisionSelectedGlobal Lamb_office_Caitlin peak_quartile_MAE,16.033071098088982,kW,,66d7bef9f8c671486f5f93f84141101ab04a85168726ebe813b689411bed9c51,NONE,YES,
CLM-1318,Decision-oriented ensemble,8 DecisionSelectedGlobal Lamb_office_Caitlin peak_quartile_bias,EXACT_RECOVERED,A,8,outputs/phase8/test_forecast_metrics.csv,row[23].peak_quartile_bias,Lamb_office_Caitlin,test,DecisionSelectedGlobal,8 DecisionSelectedGlobal Lamb_office_Caitlin peak_quartile_bias,-14.577795880721103,kW,,66d7bef9f8c671486f5f93f84141101ab04a85168726ebe813b689411bed9c51,NONE,YES,
CLM-1319,Decision-oriented ensemble,8 DecisionSelectedGlobal Lamb_office_Caitlin daily_peak_hour_MAE,EXACT_RECOVERED,A,8,outputs/phase8/test_forecast_metrics.csv,row[23].daily_peak_hour_MAE,Lamb_office_Caitlin,test,DecisionSelectedGlobal,8 DecisionSelectedGlobal Lamb_office_Caitlin daily_peak_hour_MAE,2.6,kW,,66d7bef9f8c671486f5f93f84141101ab04a85168726ebe813b689411bed9c51,NONE,YES,
CLM-1320,Decision-oriented ensemble,8 DecisionSelectedGlobal Lamb_office_Caitlin daily_peak_hour_exact_rate,EXACT_RECOVERED,A,8,outputs/phase8/test_forecast_metrics.csv,row[23].daily_peak_hour_exact_rate,Lamb_office_Caitlin,test,DecisionSelectedGlobal,8 DecisionSelectedGlobal Lamb_office_Caitlin daily_peak_hour_exact_rate,0.23333333333333334,kW,,66d7bef9f8c671486f5f93f84141101ab04a85168726ebe813b689411bed9c51,NONE,YES,
CLM-1321,Decision-oriented ensemble,8 DecisionSelectedGlobal Lamb_office_Caitlin daily_top3_overlap,EXACT_RECOVERED,A,8,outputs/phase8/test_forecast_metrics.csv,row[23].daily_top3_overlap,Lamb_office_Caitlin,test,DecisionSelectedGlobal,8 DecisionSelectedGlobal Lamb_office_Caitlin daily_top3_overlap,0.6,dimensionless,,66d7bef9f8c671486f5f93f84141101ab04a85168726ebe813b689411bed9c51,NONE,YES,
CLM-1322,Decision-oriented ensemble,8 DecisionSelectedGlobal Lamb_office_Caitlin normalized_MAE,EXACT_RECOVERED,A,8,outputs/phase8/test_forecast_metrics.csv,row[23].normalized_MAE,Lamb_office_Caitlin,test,DecisionSelectedGlobal,8 DecisionSelectedGlobal Lamb_office_Caitlin normalized_MAE,0.40618576285564095,dimensionless,,66d7bef9f8c671486f5f93f84141101ab04a85168726ebe813b689411bed9c51,NONE,YES,
CLM-1323,Decision-oriented ensemble,8 DecisionSelectedGlobal Lamb_office_Caitlin normalized_RMSE,EXACT_RECOVERED,A,8,outputs/phase8/test_forecast_metrics.csv,row[23].normalized_RMSE,Lamb_office_Caitlin,test,DecisionSelectedGlobal,8 DecisionSelectedGlobal Lamb_office_Caitlin normalized_RMSE,0.6251829853843077,dimensionless,,66d7bef9f8c671486f5f93f84141101ab04a85168726ebe813b689411bed9c51,NONE,YES,
CLM-1324,Decision-oriented ensemble,8 DayWeek Robin_office_Addie weight,EXACT_RECOVERED,A,8,outputs/phase8/test_forecast_metrics.csv,row[24].weight,Robin_office_Addie,test,DayWeek,8 DayWeek Robin_office_Addie weight,0.0,dimensionless,,66d7bef9f8c671486f5f93f84141101ab04a85168726ebe813b689411bed9c51,NONE,YES,
CLM-1325,Decision-oriented ensemble,8 DayWeek Robin_office_Addie MAE,EXACT_RECOVERED,A,8,outputs/phase8/test_forecast_metrics.csv,row[24].MAE,Robin_office_Addie,test,DayWeek,8 DayWeek Robin_office_Addie MAE,2.6324305555555556,kW,,66d7bef9f8c671486f5f93f84141101ab04a85168726ebe813b689411bed9c51,NONE,YES,
CLM-1326,Decision-oriented ensemble,8 DayWeek Robin_office_Addie RMSE,EXACT_RECOVERED,A,8,outputs/phase8/test_forecast_metrics.csv,row[24].RMSE,Robin_office_Addie,test,DayWeek,8 DayWeek Robin_office_Addie RMSE,3.3854955119023735,kW,,66d7bef9f8c671486f5f93f84141101ab04a85168726ebe813b689411bed9c51,NONE,YES,
CLM-1327,Decision-oriented ensemble,8 DayWeek Robin_office_Addie MAPE,EXACT_RECOVERED,A,8,outputs/phase8/test_forecast_metrics.csv,row[24].MAPE,Robin_office_Addie,test,DayWeek,8 DayWeek Robin_office_Addie MAPE,23.651148670422327,%,,66d7bef9f8c671486f5f93f84141101ab04a85168726ebe813b689411bed9c51,NONE,YES,
CLM-1328,Decision-oriented ensemble,8 DayWeek Robin_office_Addie bias,EXACT_RECOVERED,A,8,outputs/phase8/test_forecast_metrics.csv,row[24].bias,Robin_office_Addie,test,DayWeek,8 DayWeek Robin_office_Addie bias,0.5824305555555556,dimensionless,,66d7bef9f8c671486f5f93f84141101ab04a85168726ebe813b689411bed9c51,NONE,YES,
CLM-1329,Decision-oriented ensemble,8 DayWeek Robin_office_Addie actual_p75,EXACT_RECOVERED,A,8,outputs/phase8/test_forecast_metrics.csv,row[24].actual_p75,Robin_office_Addie,test,DayWeek,8 DayWeek Robin_office_Addie actual_p75,17.625,dimensionless,,66d7bef9f8c671486f5f93f84141101ab04a85168726ebe813b689411bed9c51,NONE,YES,
CLM-1330,Decision-oriented ensemble,8 DayWeek Robin_office_Addie peak_quartile_MAE,EXACT_RECOVERED,A,8,outputs/phase8/test_forecast_metrics.csv,row[24].peak_quartile_MAE,Robin_office_Addie,test,DayWeek,8 DayWeek Robin_office_Addie peak_quartile_MAE,2.3994444444444447,kW,,66d7bef9f8c671486f5f93f84141101ab04a85168726ebe813b689411bed9c51,NONE,YES,
CLM-1331,Decision-oriented ensemble,8 DayWeek Robin_office_Addie peak_quartile_bias,EXACT_RECOVERED,A,8,outputs/phase8/test_forecast_metrics.csv,row[24].peak_quartile_bias,Robin_office_Addie,test,DayWeek,8 DayWeek Robin_office_Addie peak_quartile_bias,-1.1794444444444445,kW,,66d7bef9f8c671486f5f93f84141101ab04a85168726ebe813b689411bed9c51,NONE,YES,
CLM-1332,Decision-oriented ensemble,8 DayWeek Robin_office_Addie daily_peak_hour_MAE,EXACT_RECOVERED,A,8,outputs/phase8/test_forecast_metrics.csv,row[24].daily_peak_hour_MAE,Robin_office_Addie,test,DayWeek,8 DayWeek Robin_office_Addie daily_peak_hour_MAE,4.4,kW,,66d7bef9f8c671486f5f93f84141101ab04a85168726ebe813b689411bed9c51,NONE,YES,
CLM-1333,Decision-oriented ensemble,8 DayWeek Robin_office_Addie daily_peak_hour_exact_rate,EXACT_RECOVERED,A,8,outputs/phase8/test_forecast_metrics.csv,row[24].daily_peak_hour_exact_rate,Robin_office_Addie,test,DayWeek,8 DayWeek Robin_office_Addie daily_peak_hour_exact_rate,0.1,kW,,66d7bef9f8c671486f5f93f84141101ab04a85168726ebe813b689411bed9c51,NONE,YES,
CLM-1334,Decision-oriented ensemble,8 DayWeek Robin_office_Addie daily_top3_overlap,EXACT_RECOVERED,A,8,outputs/phase8/test_forecast_metrics.csv,row[24].daily_top3_overlap,Robin_office_Addie,test,DayWeek,8 DayWeek Robin_office_Addie daily_top3_overlap,0.3,dimensionless,,66d7bef9f8c671486f5f93f84141101ab04a85168726ebe813b689411bed9c51,NONE,YES,
CLM-1335,Decision-oriented ensemble,8 DayWeek Robin_office_Addie normalized_MAE,EXACT_RECOVERED,A,8,outputs/phase8/test_forecast_metrics.csv,row[24].normalized_MAE,Robin_office_Addie,test,DayWeek,8 DayWeek Robin_office_Addie normalized_MAE,0.1257794613821604,dimensionless,,66d7bef9f8c671486f5f93f84141101ab04a85168726ebe813b689411bed9c51,NONE,YES,
CLM-1336,Decision-oriented ensemble,8 DayWeek Robin_office_Addie normalized_RMSE,EXACT_RECOVERED,A,8,outputs/phase8/test_forecast_metrics.csv,row[24].normalized_RMSE,Robin_office_Addie,test,DayWeek,8 DayWeek Robin_office_Addie normalized_RMSE,0.16176145695472466,dimensionless,,66d7bef9f8c671486f5f93f84141101ab04a85168726ebe813b689411bed9c51,NONE,YES,
CLM-1337,Decision-oriented ensemble,8 LightGBM Robin_office_Addie weight,EXACT_RECOVERED,A,8,outputs/phase8/test_forecast_metrics.csv,row[25].weight,Robin_office_Addie,test,LightGBM,8 LightGBM Robin_office_Addie weight,1.0,dimensionless,,66d7bef9f8c671486f5f93f84141101ab04a85168726ebe813b689411bed9c51,NONE,YES,
CLM-1338,Decision-oriented ensemble,8 LightGBM Robin_office_Addie MAE,EXACT_RECOVERED,A,8,outputs/phase8/test_forecast_metrics.csv,row[25].MAE,Robin_office_Addie,test,LightGBM,8 LightGBM Robin_office_Addie MAE,2.8409720822557145,kW,,66d7bef9f8c671486f5f93f84141101ab04a85168726ebe813b689411bed9c51,NONE,YES,
CLM-1339,Decision-oriented ensemble,8 LightGBM Robin_office_Addie RMSE,EXACT_RECOVERED,A,8,outputs/phase8/test_forecast_metrics.csv,row[25].RMSE,Robin_office_Addie,test,LightGBM,8 LightGBM Robin_office_Addie RMSE,3.827321840021551,kW,,66d7bef9f8c671486f5f93f84141101ab04a85168726ebe813b689411bed9c51,NONE,YES,
CLM-1340,Decision-oriented ensemble,8 LightGBM Robin_office_Addie MAPE,EXACT_RECOVERED,A,8,outputs/phase8/test_forecast_metrics.csv,row[25].MAPE,Robin_office_Addie,test,LightGBM,8 LightGBM Robin_office_Addie MAPE,29.13459935740051,%,,66d7bef9f8c671486f5f93f84141101ab04a85168726ebe813b689411bed9c51,NONE,YES,
CLM-1341,Decision-oriented ensemble,8 LightGBM Robin_office_Addie bias,EXACT_RECOVERED,A,8,outputs/phase8/test_forecast_metrics.csv,row[25].bias,Robin_office_Addie,test,LightGBM,8 LightGBM Robin_office_Addie bias,1.83708924028531,dimensionless,,66d7bef9f8c671486f5f93f84141101ab04a85168726ebe813b689411bed9c51,NONE,YES,
CLM-1342,Decision-oriented ensemble,8 LightGBM Robin_office_Addie actual_p75,EXACT_RECOVERED,A,8,outputs/phase8/test_forecast_metrics.csv,row[25].actual_p75,Robin_office_Addie,test,LightGBM,8 LightGBM Robin_office_Addie actual_p75,17.625,dimensionless,,66d7bef9f8c671486f5f93f84141101ab04a85168726ebe813b689411bed9c51,NONE,YES,
CLM-1343,Decision-oriented ensemble,8 LightGBM Robin_office_Addie peak_quartile_MAE,EXACT_RECOVERED,A,8,outputs/phase8/test_forecast_metrics.csv,row[25].peak_quartile_MAE,Robin_office_Addie,test,LightGBM,8 LightGBM Robin_office_Addie peak_quartile_MAE,1.703165821100561,kW,,66d7bef9f8c671486f5f93f84141101ab04a85168726ebe813b689411bed9c51,NONE,YES,
CLM-1344,Decision-oriented ensemble,8 LightGBM Robin_office_Addie peak_quartile_bias,EXACT_RECOVERED,A,8,outputs/phase8/test_forecast_metrics.csv,row[25].peak_quartile_bias,Robin_office_Addie,test,LightGBM,8 LightGBM Robin_office_Addie peak_quartile_bias,0.11464976041312937,kW,,66d7bef9f8c671486f5f93f84141101ab04a85168726ebe813b689411bed9c51,NONE,YES,
CLM-1345,Decision-oriented ensemble,8 LightGBM Robin_office_Addie daily_peak_hour_MAE,EXACT_RECOVERED,A,8,outputs/phase8/test_forecast_metrics.csv,row[25].daily_peak_hour_MAE,Robin_office_Addie,test,LightGBM,8 LightGBM Robin_office_Addie daily_peak_hour_MAE,5.5,kW,,66d7bef9f8c671486f5f93f84141101ab04a85168726ebe813b689411bed9c51,NONE,YES,
CLM-1346,Decision-oriented ensemble,8 LightGBM Robin_office_Addie daily_peak_hour_exact_rate,EXACT_RECOVERED,A,8,outputs/phase8/test_forecast_metrics.csv,row[25].daily_peak_hour_exact_rate,Robin_office_Addie,test,LightGBM,8 LightGBM Robin_office_Addie daily_peak_hour_exact_rate,0.1,kW,,66d7bef9f8c671486f5f93f84141101ab04a85168726ebe813b689411bed9c51,NONE,YES,
CLM-1347,Decision-oriented ensemble,8 LightGBM Robin_office_Addie daily_top3_overlap,EXACT_RECOVERED,A,8,outputs/phase8/test_forecast_metrics.csv,row[25].daily_top3_overlap,Robin_office_Addie,test,LightGBM,8 LightGBM Robin_office_Addie daily_top3_overlap,0.27777777777777773,dimensionless,,66d7bef9f8c671486f5f93f84141101ab04a85168726ebe813b689411bed9c51,NONE,YES,
CLM-1348,Decision-oriented ensemble,8 LightGBM Robin_office_Addie normalized_MAE,EXACT_RECOVERED,A,8,outputs/phase8/test_forecast_metrics.csv,row[25].normalized_MAE,Robin_office_Addie,test,LightGBM,8 LightGBM Robin_office_Addie normalized_MAE,0.13574372837822699,dimensionless,,66d7bef9f8c671486f5f93f84141101ab04a85168726ebe813b689411bed9c51,NONE,YES,
CLM-1349,Decision-oriented ensemble,8 LightGBM Robin_office_Addie normalized_RMSE,EXACT_RECOVERED,A,8,outputs/phase8/test_forecast_metrics.csv,row[25].normalized_RMSE,Robin_office_Addie,test,LightGBM,8 LightGBM Robin_office_Addie normalized_RMSE,0.18287224274848687,dimensionless,,66d7bef9f8c671486f5f93f84141101ab04a85168726ebe813b689411bed9c51,NONE,YES,
CLM-1350,Decision-oriented ensemble,8 ForecastSelectedPerBuilding Robin_office_Addie weight,EXACT_RECOVERED,A,8,outputs/phase8/test_forecast_metrics.csv,row[26].weight,Robin_office_Addie,test,ForecastSelectedPerBuilding,8 ForecastSelectedPerBuilding Robin_office_Addie weight,1.0,dimensionless,,66d7bef9f8c671486f5f93f84141101ab04a85168726ebe813b689411bed9c51,NONE,YES,
CLM-1351,Decision-oriented ensemble,8 ForecastSelectedPerBuilding Robin_office_Addie MAE,EXACT_RECOVERED,A,8,outputs/phase8/test_forecast_metrics.csv,row[26].MAE,Robin_office_Addie,test,ForecastSelectedPerBuilding,8 ForecastSelectedPerBuilding Robin_office_Addie MAE,2.8409720822557145,kW,,66d7bef9f8c671486f5f93f84141101ab04a85168726ebe813b689411bed9c51,NONE,YES,
CLM-1352,Decision-oriented ensemble,8 ForecastSelectedPerBuilding Robin_office_Addie RMSE,EXACT_RECOVERED,A,8,outputs/phase8/test_forecast_metrics.csv,row[26].RMSE,Robin_office_Addie,test,ForecastSelectedPerBuilding,8 ForecastSelectedPerBuilding Robin_office_Addie RMSE,3.827321840021551,kW,,66d7bef9f8c671486f5f93f84141101ab04a85168726ebe813b689411bed9c51,NONE,YES,
CLM-1353,Decision-oriented ensemble,8 ForecastSelectedPerBuilding Robin_office_Addie MAPE,EXACT_RECOVERED,A,8,outputs/phase8/test_forecast_metrics.csv,row[26].MAPE,Robin_office_Addie,test,ForecastSelectedPerBuilding,8 ForecastSelectedPerBuilding Robin_office_Addie MAPE,29.13459935740051,%,,66d7bef9f8c671486f5f93f84141101ab04a85168726ebe813b689411bed9c51,NONE,YES,
CLM-1354,Decision-oriented ensemble,8 ForecastSelectedPerBuilding Robin_office_Addie bias,EXACT_RECOVERED,A,8,outputs/phase8/test_forecast_metrics.csv,row[26].bias,Robin_office_Addie,test,ForecastSelectedPerBuilding,8 ForecastSelectedPerBuilding Robin_office_Addie bias,1.83708924028531,dimensionless,,66d7bef9f8c671486f5f93f84141101ab04a85168726ebe813b689411bed9c51,NONE,YES,
CLM-1355,Decision-oriented ensemble,8 ForecastSelectedPerBuilding Robin_office_Addie actual_p75,EXACT_RECOVERED,A,8,outputs/phase8/test_forecast_metrics.csv,row[26].actual_p75,Robin_office_Addie,test,ForecastSelectedPerBuilding,8 ForecastSelectedPerBuilding Robin_office_Addie actual_p75,17.625,dimensionless,,66d7bef9f8c671486f5f93f84141101ab04a85168726ebe813b689411bed9c51,NONE,YES,
CLM-1356,Decision-oriented ensemble,8 ForecastSelectedPerBuilding Robin_office_Addie peak_quartile_MAE,EXACT_RECOVERED,A,8,outputs/phase8/test_forecast_metrics.csv,row[26].peak_quartile_MAE,Robin_office_Addie,test,ForecastSelectedPerBuilding,8 ForecastSelectedPerBuilding Robin_office_Addie peak_quartile_MAE,1.703165821100561,kW,,66d7bef9f8c671486f5f93f84141101ab04a85168726ebe813b689411bed9c51,NONE,YES,
CLM-1357,Decision-oriented ensemble,8 ForecastSelectedPerBuilding Robin_office_Addie peak_quartile_bias,EXACT_RECOVERED,A,8,outputs/phase8/test_forecast_metrics.csv,row[26].peak_quartile_bias,Robin_office_Addie,test,ForecastSelectedPerBuilding,8 ForecastSelectedPerBuilding Robin_office_Addie peak_quartile_bias,0.11464976041312937,kW,,66d7bef9f8c671486f5f93f84141101ab04a85168726ebe813b689411bed9c51,NONE,YES,
CLM-1358,Decision-oriented ensemble,8 ForecastSelectedPerBuilding Robin_office_Addie daily_peak_hour_MAE,EXACT_RECOVERED,A,8,outputs/phase8/test_forecast_metrics.csv,row[26].daily_peak_hour_MAE,Robin_office_Addie,test,ForecastSelectedPerBuilding,8 ForecastSelectedPerBuilding Robin_office_Addie daily_peak_hour_MAE,5.5,kW,,66d7bef9f8c671486f5f93f84141101ab04a85168726ebe813b689411bed9c51,NONE,YES,
CLM-1359,Decision-oriented ensemble,8 ForecastSelectedPerBuilding Robin_office_Addie daily_peak_hour_exact_rate,EXACT_RECOVERED,A,8,outputs/phase8/test_forecast_metrics.csv,row[26].daily_peak_hour_exact_rate,Robin_office_Addie,test,ForecastSelectedPerBuilding,8 ForecastSelectedPerBuilding Robin_office_Addie daily_peak_hour_exact_rate,0.1,kW,,66d7bef9f8c671486f5f93f84141101ab04a85168726ebe813b689411bed9c51,NONE,YES,
CLM-1360,Decision-oriented ensemble,8 ForecastSelectedPerBuilding Robin_office_Addie daily_top3_overlap,EXACT_RECOVERED,A,8,outputs/phase8/test_forecast_metrics.csv,row[26].daily_top3_overlap,Robin_office_Addie,test,ForecastSelectedPerBuilding,8 ForecastSelectedPerBuilding Robin_office_Addie daily_top3_overlap,0.27777777777777773,dimensionless,,66d7bef9f8c671486f5f93f84141101ab04a85168726ebe813b689411bed9c51,NONE,YES,
CLM-1361,Decision-oriented ensemble,8 ForecastSelectedPerBuilding Robin_office_Addie normalized_MAE,EXACT_RECOVERED,A,8,outputs/phase8/test_forecast_metrics.csv,row[26].normalized_MAE,Robin_office_Addie,test,ForecastSelectedPerBuilding,8 ForecastSelectedPerBuilding Robin_office_Addie normalized_MAE,0.13574372837822699,dimensionless,,66d7bef9f8c671486f5f93f84141101ab04a85168726ebe813b689411bed9c51,NONE,YES,
CLM-1362,Decision-oriented ensemble,8 ForecastSelectedPerBuilding Robin_office_Addie normalized_RMSE,EXACT_RECOVERED,A,8,outputs/phase8/test_forecast_metrics.csv,row[26].normalized_RMSE,Robin_office_Addie,test,ForecastSelectedPerBuilding,8 ForecastSelectedPerBuilding Robin_office_Addie normalized_RMSE,0.18287224274848687,dimensionless,,66d7bef9f8c671486f5f93f84141101ab04a85168726ebe813b689411bed9c51,NONE,YES,
CLM-1363,Decision-oriented ensemble,8 DecisionSelectedPerBuilding Robin_office_Addie weight,EXACT_RECOVERED,A,8,outputs/phase8/test_forecast_metrics.csv,row[27].weight,Robin_office_Addie,test,DecisionSelectedPerBuilding,8 DecisionSelectedPerBuilding Robin_office_Addie weight,1.0,dimensionless,,66d7bef9f8c671486f5f93f84141101ab04a85168726ebe813b689411bed9c51,NONE,YES,
CLM-1364,Decision-oriented ensemble,8 DecisionSelectedPerBuilding Robin_office_Addie MAE,EXACT_RECOVERED,A,8,outputs/phase8/test_forecast_metrics.csv,row[27].MAE,Robin_office_Addie,test,DecisionSelectedPerBuilding,8 DecisionSelectedPerBuilding Robin_office_Addie MAE,2.8409720822557145,kW,,66d7bef9f8c671486f5f93f84141101ab04a85168726ebe813b689411bed9c51,NONE,YES,
CLM-1365,Decision-oriented ensemble,8 DecisionSelectedPerBuilding Robin_office_Addie RMSE,EXACT_RECOVERED,A,8,outputs/phase8/test_forecast_metrics.csv,row[27].RMSE,Robin_office_Addie,test,DecisionSelectedPerBuilding,8 DecisionSelectedPerBuilding Robin_office_Addie RMSE,3.827321840021551,kW,,66d7bef9f8c671486f5f93f84141101ab04a85168726ebe813b689411bed9c51,NONE,YES,
CLM-1366,Decision-oriented ensemble,8 DecisionSelectedPerBuilding Robin_office_Addie MAPE,EXACT_RECOVERED,A,8,outputs/phase8/test_forecast_metrics.csv,row[27].MAPE,Robin_office_Addie,test,DecisionSelectedPerBuilding,8 DecisionSelectedPerBuilding Robin_office_Addie MAPE,29.13459935740051,%,,66d7bef9f8c671486f5f93f84141101ab04a85168726ebe813b689411bed9c51,NONE,YES,
CLM-1367,Decision-oriented ensemble,8 DecisionSelectedPerBuilding Robin_office_Addie bias,EXACT_RECOVERED,A,8,outputs/phase8/test_forecast_metrics.csv,row[27].bias,Robin_office_Addie,test,DecisionSelectedPerBuilding,8 DecisionSelectedPerBuilding Robin_office_Addie bias,1.83708924028531,dimensionless,,66d7bef9f8c671486f5f93f84141101ab04a85168726ebe813b689411bed9c51,NONE,YES,
CLM-1368,Decision-oriented ensemble,8 DecisionSelectedPerBuilding Robin_office_Addie actual_p75,EXACT_RECOVERED,A,8,outputs/phase8/test_forecast_metrics.csv,row[27].actual_p75,Robin_office_Addie,test,DecisionSelectedPerBuilding,8 DecisionSelectedPerBuilding Robin_office_Addie actual_p75,17.625,dimensionless,,66d7bef9f8c671486f5f93f84141101ab04a85168726ebe813b689411bed9c51,NONE,YES,
CLM-1369,Decision-oriented ensemble,8 DecisionSelectedPerBuilding Robin_office_Addie peak_quartile_MAE,EXACT_RECOVERED,A,8,outputs/phase8/test_forecast_metrics.csv,row[27].peak_quartile_MAE,Robin_office_Addie,test,DecisionSelectedPerBuilding,8 DecisionSelectedPerBuilding Robin_office_Addie peak_quartile_MAE,1.703165821100561,kW,,66d7bef9f8c671486f5f93f84141101ab04a85168726ebe813b689411bed9c51,NONE,YES,
CLM-1370,Decision-oriented ensemble,8 DecisionSelectedPerBuilding Robin_office_Addie peak_quartile_bias,EXACT_RECOVERED,A,8,outputs/phase8/test_forecast_metrics.csv,row[27].peak_quartile_bias,Robin_office_Addie,test,DecisionSelectedPerBuilding,8 DecisionSelectedPerBuilding Robin_office_Addie peak_quartile_bias,0.11464976041312937,kW,,66d7bef9f8c671486f5f93f84141101ab04a85168726ebe813b689411bed9c51,NONE,YES,
CLM-1371,Decision-oriented ensemble,8 DecisionSelectedPerBuilding Robin_office_Addie daily_peak_hour_MAE,EXACT_RECOVERED,A,8,outputs/phase8/test_forecast_metrics.csv,row[27].daily_peak_hour_MAE,Robin_office_Addie,test,DecisionSelectedPerBuilding,8 DecisionSelectedPerBuilding Robin_office_Addie daily_peak_hour_MAE,5.5,kW,,66d7bef9f8c671486f5f93f84141101ab04a85168726ebe813b689411bed9c51,NONE,YES,
CLM-1372,Decision-oriented ensemble,8 DecisionSelectedPerBuilding Robin_office_Addie daily_peak_hour_exact_rate,EXACT_RECOVERED,A,8,outputs/phase8/test_forecast_metrics.csv,row[27].daily_peak_hour_exact_rate,Robin_office_Addie,test,DecisionSelectedPerBuilding,8 DecisionSelectedPerBuilding Robin_office_Addie daily_peak_hour_exact_rate,0.1,kW,,66d7bef9f8c671486f5f93f84141101ab04a85168726ebe813b689411bed9c51,NONE,YES,
CLM-1373,Decision-oriented ensemble,8 DecisionSelectedPerBuilding Robin_office_Addie daily_top3_overlap,EXACT_RECOVERED,A,8,outputs/phase8/test_forecast_metrics.csv,row[27].daily_top3_overlap,Robin_office_Addie,test,DecisionSelectedPerBuilding,8 DecisionSelectedPerBuilding Robin_office_Addie daily_top3_overlap,0.27777777777777773,dimensionless,,66d7bef9f8c671486f5f93f84141101ab04a85168726ebe813b689411bed9c51,NONE,YES,
CLM-1374,Decision-oriented ensemble,8 DecisionSelectedPerBuilding Robin_office_Addie normalized_MAE,EXACT_RECOVERED,A,8,outputs/phase8/test_forecast_metrics.csv,row[27].normalized_MAE,Robin_office_Addie,test,DecisionSelectedPerBuilding,8 DecisionSelectedPerBuilding Robin_office_Addie normalized_MAE,0.13574372837822699,dimensionless,,66d7bef9f8c671486f5f93f84141101ab04a85168726ebe813b689411bed9c51,NONE,YES,
CLM-1375,Decision-oriented ensemble,8 DecisionSelectedPerBuilding Robin_office_Addie normalized_RMSE,EXACT_RECOVERED,A,8,outputs/phase8/test_forecast_metrics.csv,row[27].normalized_RMSE,Robin_office_Addie,test,DecisionSelectedPerBuilding,8 DecisionSelectedPerBuilding Robin_office_Addie normalized_RMSE,0.18287224274848687,dimensionless,,66d7bef9f8c671486f5f93f84141101ab04a85168726ebe813b689411bed9c51,NONE,YES,
CLM-1376,Decision-oriented ensemble,8 ForecastSelectedGlobal Robin_office_Addie weight,EXACT_RECOVERED,A,8,outputs/phase8/test_forecast_metrics.csv,row[28].weight,Robin_office_Addie,test,ForecastSelectedGlobal,8 ForecastSelectedGlobal Robin_office_Addie weight,0.5,dimensionless,,66d7bef9f8c671486f5f93f84141101ab04a85168726ebe813b689411bed9c51,NONE,YES,
CLM-1377,Decision-oriented ensemble,8 ForecastSelectedGlobal Robin_office_Addie MAE,EXACT_RECOVERED,A,8,outputs/phase8/test_forecast_metrics.csv,row[28].MAE,Robin_office_Addie,test,ForecastSelectedGlobal,8 ForecastSelectedGlobal Robin_office_Addie MAE,2.598986131065805,kW,,66d7bef9f8c671486f5f93f84141101ab04a85168726ebe813b689411bed9c51,NONE,YES,
CLM-1378,Decision-oriented ensemble,8 ForecastSelectedGlobal Robin_office_Addie RMSE,EXACT_RECOVERED,A,8,outputs/phase8/test_forecast_metrics.csv,row[28].RMSE,Robin_office_Addie,test,ForecastSelectedGlobal,8 ForecastSelectedGlobal Robin_office_Addie RMSE,3.366822853376057,kW,,66d7bef9f8c671486f5f93f84141101ab04a85168726ebe813b689411bed9c51,NONE,YES,
CLM-1379,Decision-oriented ensemble,8 ForecastSelectedGlobal Robin_office_Addie MAPE,EXACT_RECOVERED,A,8,outputs/phase8/test_forecast_metrics.csv,row[28].MAPE,Robin_office_Addie,test,ForecastSelectedGlobal,8 ForecastSelectedGlobal Robin_office_Addie MAPE,25.3876208295239,%,,66d7bef9f8c671486f5f93f84141101ab04a85168726ebe813b689411bed9c51,NONE,YES,
CLM-1380,Decision-oriented ensemble,8 ForecastSelectedGlobal Robin_office_Addie bias,EXACT_RECOVERED,A,8,outputs/phase8/test_forecast_metrics.csv,row[28].bias,Robin_office_Addie,test,ForecastSelectedGlobal,8 ForecastSelectedGlobal Robin_office_Addie bias,1.2097598979204327,dimensionless,,66d7bef9f8c671486f5f93f84141101ab04a85168726ebe813b689411bed9c51,NONE,YES,
CLM-1381,Decision-oriented ensemble,8 ForecastSelectedGlobal Robin_office_Addie actual_p75,EXACT_RECOVERED,A,8,outputs/phase8/test_forecast_metrics.csv,row[28].actual_p75,Robin_office_Addie,test,ForecastSelectedGlobal,8 ForecastSelectedGlobal Robin_office_Addie actual_p75,17.625,dimensionless,,66d7bef9f8c671486f5f93f84141101ab04a85168726ebe813b689411bed9c51,NONE,YES,
CLM-1382,Decision-oriented ensemble,8 ForecastSelectedGlobal Robin_office_Addie peak_quartile_MAE,EXACT_RECOVERED,A,8,outputs/phase8/test_forecast_metrics.csv,row[28].peak_quartile_MAE,Robin_office_Addie,test,ForecastSelectedGlobal,8 ForecastSelectedGlobal Robin_office_Addie peak_quartile_MAE,1.9513239970228433,kW,,66d7bef9f8c671486f5f93f84141101ab04a85168726ebe813b689411bed9c51,NONE,YES,
CLM-1383,Decision-oriented ensemble,8 ForecastSelectedGlobal Robin_office_Addie peak_quartile_bias,EXACT_RECOVERED,A,8,outputs/phase8/test_forecast_metrics.csv,row[28].peak_quartile_bias,Robin_office_Addie,test,ForecastSelectedGlobal,8 ForecastSelectedGlobal Robin_office_Addie peak_quartile_bias,-0.5323973420156575,kW,,66d7bef9f8c671486f5f93f84141101ab04a85168726ebe813b689411bed9c51,NONE,YES,
CLM-1384,Decision-oriented ensemble,8 ForecastSelectedGlobal Robin_office_Addie daily_peak_hour_MAE,EXACT_RECOVERED,A,8,outputs/phase8/test_forecast_metrics.csv,row[28].daily_peak_hour_MAE,Robin_office_Addie,test,ForecastSelectedGlobal,8 ForecastSelectedGlobal Robin_office_Addie daily_peak_hour_MAE,5.133333333333334,kW,,66d7bef9f8c671486f5f93f84141101ab04a85168726ebe813b689411bed9c51,NONE,YES,
CLM-1385,Decision-oriented ensemble,8 ForecastSelectedGlobal Robin_office_Addie daily_peak_hour_exact_rate,EXACT_RECOVERED,A,8,outputs/phase8/test_forecast_metrics.csv,row[28].daily_peak_hour_exact_rate,Robin_office_Addie,test,ForecastSelectedGlobal,8 ForecastSelectedGlobal Robin_office_Addie daily_peak_hour_exact_rate,0.1,kW,,66d7bef9f8c671486f5f93f84141101ab04a85168726ebe813b689411bed9c51,NONE,YES,
CLM-1386,Decision-oriented ensemble,8 ForecastSelectedGlobal Robin_office_Addie daily_top3_overlap,EXACT_RECOVERED,A,8,outputs/phase8/test_forecast_metrics.csv,row[28].daily_top3_overlap,Robin_office_Addie,test,ForecastSelectedGlobal,8 ForecastSelectedGlobal Robin_office_Addie daily_top3_overlap,0.30000000000000004,dimensionless,,66d7bef9f8c671486f5f93f84141101ab04a85168726ebe813b689411bed9c51,NONE,YES,
CLM-1387,Decision-oriented ensemble,8 ForecastSelectedGlobal Robin_office_Addie normalized_MAE,EXACT_RECOVERED,A,8,outputs/phase8/test_forecast_metrics.csv,row[28].normalized_MAE,Robin_office_Addie,test,ForecastSelectedGlobal,8 ForecastSelectedGlobal Robin_office_Addie normalized_MAE,0.12418146226697789,dimensionless,,66d7bef9f8c671486f5f93f84141101ab04a85168726ebe813b689411bed9c51,NONE,YES,
CLM-1388,Decision-oriented ensemble,8 ForecastSelectedGlobal Robin_office_Addie normalized_RMSE,EXACT_RECOVERED,A,8,outputs/phase8/test_forecast_metrics.csv,row[28].normalized_RMSE,Robin_office_Addie,test,ForecastSelectedGlobal,8 ForecastSelectedGlobal Robin_office_Addie normalized_RMSE,0.1608692636442282,dimensionless,,66d7bef9f8c671486f5f93f84141101ab04a85168726ebe813b689411bed9c51,NONE,YES,
CLM-1389,Decision-oriented ensemble,8 DecisionSelectedGlobal Robin_office_Addie weight,EXACT_RECOVERED,A,8,outputs/phase8/test_forecast_metrics.csv,row[29].weight,Robin_office_Addie,test,DecisionSelectedGlobal,8 DecisionSelectedGlobal Robin_office_Addie weight,0.8,dimensionless,,66d7bef9f8c671486f5f93f84141101ab04a85168726ebe813b689411bed9c51,NONE,YES,
CLM-1390,Decision-oriented ensemble,8 DecisionSelectedGlobal Robin_office_Addie MAE,EXACT_RECOVERED,A,8,outputs/phase8/test_forecast_metrics.csv,row[29].MAE,Robin_office_Addie,test,DecisionSelectedGlobal,8 DecisionSelectedGlobal Robin_office_Addie MAE,2.704812386763389,kW,,66d7bef9f8c671486f5f93f84141101ab04a85168726ebe813b689411bed9c51,NONE,YES,
CLM-1391,Decision-oriented ensemble,8 DecisionSelectedGlobal Robin_office_Addie RMSE,EXACT_RECOVERED,A,8,outputs/phase8/test_forecast_metrics.csv,row[29].RMSE,Robin_office_Addie,test,DecisionSelectedGlobal,8 DecisionSelectedGlobal Robin_office_Addie RMSE,3.5931262601705654,kW,,66d7bef9f8c671486f5f93f84141101ab04a85168726ebe813b689411bed9c51,NONE,YES,
CLM-1392,Decision-oriented ensemble,8 DecisionSelectedGlobal Robin_office_Addie MAPE,EXACT_RECOVERED,A,8,outputs/phase8/test_forecast_metrics.csv,row[29].MAPE,Robin_office_Addie,test,DecisionSelectedGlobal,8 DecisionSelectedGlobal Robin_office_Addie MAPE,27.373452414265515,%,,66d7bef9f8c671486f5f93f84141101ab04a85168726ebe813b689411bed9c51,NONE,YES,
CLM-1393,Decision-oriented ensemble,8 DecisionSelectedGlobal Robin_office_Addie bias,EXACT_RECOVERED,A,8,outputs/phase8/test_forecast_metrics.csv,row[29].bias,Robin_office_Addie,test,DecisionSelectedGlobal,8 DecisionSelectedGlobal Robin_office_Addie bias,1.586157503339359,dimensionless,,66d7bef9f8c671486f5f93f84141101ab04a85168726ebe813b689411bed9c51,NONE,YES,
CLM-1394,Decision-oriented ensemble,8 DecisionSelectedGlobal Robin_office_Addie actual_p75,EXACT_RECOVERED,A,8,outputs/phase8/test_forecast_metrics.csv,row[29].actual_p75,Robin_office_Addie,test,DecisionSelectedGlobal,8 DecisionSelectedGlobal Robin_office_Addie actual_p75,17.625,dimensionless,,66d7bef9f8c671486f5f93f84141101ab04a85168726ebe813b689411bed9c51,NONE,YES,
CLM-1395,Decision-oriented ensemble,8 DecisionSelectedGlobal Robin_office_Addie peak_quartile_MAE,EXACT_RECOVERED,A,8,outputs/phase8/test_forecast_metrics.csv,row[29].peak_quartile_MAE,Robin_office_Addie,test,DecisionSelectedGlobal,8 DecisionSelectedGlobal Robin_office_Addie peak_quartile_MAE,1.7615165545128624,kW,,66d7bef9f8c671486f5f93f84141101ab04a85168726ebe813b689411bed9c51,NONE,YES,
CLM-1396,Decision-oriented ensemble,8 DecisionSelectedGlobal Robin_office_Addie peak_quartile_bias,EXACT_RECOVERED,A,8,outputs/phase8/test_forecast_metrics.csv,row[29].peak_quartile_bias,Robin_office_Addie,test,DecisionSelectedGlobal,8 DecisionSelectedGlobal Robin_office_Addie peak_quartile_bias,-0.1441690805583854,kW,,66d7bef9f8c671486f5f93f84141101ab04a85168726ebe813b689411bed9c51,NONE,YES,
CLM-1397,Decision-oriented ensemble,8 DecisionSelectedGlobal Robin_office_Addie daily_peak_hour_MAE,EXACT_RECOVERED,A,8,outputs/phase8/test_forecast_metrics.csv,row[29].daily_peak_hour_MAE,Robin_office_Addie,test,DecisionSelectedGlobal,8 DecisionSelectedGlobal Robin_office_Addie daily_peak_hour_MAE,5.266666666666667,kW,,66d7bef9f8c671486f5f93f84141101ab04a85168726ebe813b689411bed9c51,NONE,YES,
CLM-1398,Decision-oriented ensemble,8 DecisionSelectedGlobal Robin_office_Addie daily_peak_hour_exact_rate,EXACT_RECOVERED,A,8,outputs/phase8/test_forecast_metrics.csv,row[29].daily_peak_hour_exact_rate,Robin_office_Addie,test,DecisionSelectedGlobal,8 DecisionSelectedGlobal Robin_office_Addie daily_peak_hour_exact_rate,0.1,kW,,66d7bef9f8c671486f5f93f84141101ab04a85168726ebe813b689411bed9c51,NONE,YES,
CLM-1399,Decision-oriented ensemble,8 DecisionSelectedGlobal Robin_office_Addie daily_top3_overlap,EXACT_RECOVERED,A,8,outputs/phase8/test_forecast_metrics.csv,row[29].daily_top3_overlap,Robin_office_Addie,test,DecisionSelectedGlobal,8 DecisionSelectedGlobal Robin_office_Addie daily_top3_overlap,0.3,dimensionless,,66d7bef9f8c671486f5f93f84141101ab04a85168726ebe813b689411bed9c51,NONE,YES,
CLM-1400,Decision-oriented ensemble,8 DecisionSelectedGlobal Robin_office_Addie normalized_MAE,EXACT_RECOVERED,A,8,outputs/phase8/test_forecast_metrics.csv,row[29].normalized_MAE,Robin_office_Addie,test,DecisionSelectedGlobal,8 DecisionSelectedGlobal Robin_office_Addie normalized_MAE,0.12923791832947173,dimensionless,,66d7bef9f8c671486f5f93f84141101ab04a85168726ebe813b689411bed9c51,NONE,YES,
CLM-1401,Decision-oriented ensemble,8 DecisionSelectedGlobal Robin_office_Addie normalized_RMSE,EXACT_RECOVERED,A,8,outputs/phase8/test_forecast_metrics.csv,row[29].normalized_RMSE,Robin_office_Addie,test,DecisionSelectedGlobal,8 DecisionSelectedGlobal Robin_office_Addie normalized_RMSE,0.17168220628975758,dimensionless,,66d7bef9f8c671486f5f93f84141101ab04a85168726ebe813b689411bed9c51,NONE,YES,
CLM-1402,Decision-oriented ensemble,8 DayWeek Lamb_office_Gerardo weight,EXACT_RECOVERED,A,8,outputs/phase8/test_forecast_metrics.csv,row[30].weight,Lamb_office_Gerardo,test,DayWeek,8 DayWeek Lamb_office_Gerardo weight,0.0,dimensionless,,66d7bef9f8c671486f5f93f84141101ab04a85168726ebe813b689411bed9c51,NONE,YES,
CLM-1403,Decision-oriented ensemble,8 DayWeek Lamb_office_Gerardo MAE,EXACT_RECOVERED,A,8,outputs/phase8/test_forecast_metrics.csv,row[30].MAE,Lamb_office_Gerardo,test,DayWeek,8 DayWeek Lamb_office_Gerardo MAE,4.456230416666666,kW,,66d7bef9f8c671486f5f93f84141101ab04a85168726ebe813b689411bed9c51,NONE,YES,
CLM-1404,Decision-oriented ensemble,8 DayWeek Lamb_office_Gerardo RMSE,EXACT_RECOVERED,A,8,outputs/phase8/test_forecast_metrics.csv,row[30].RMSE,Lamb_office_Gerardo,test,DayWeek,8 DayWeek Lamb_office_Gerardo RMSE,7.746819130987193,kW,,66d7bef9f8c671486f5f93f84141101ab04a85168726ebe813b689411bed9c51,NONE,YES,
CLM-1405,Decision-oriented ensemble,8 DayWeek Lamb_office_Gerardo MAPE,EXACT_RECOVERED,A,8,outputs/phase8/test_forecast_metrics.csv,row[30].MAPE,Lamb_office_Gerardo,test,DayWeek,8 DayWeek Lamb_office_Gerardo MAPE,37.845652070217625,%,,66d7bef9f8c671486f5f93f84141101ab04a85168726ebe813b689411bed9c51,NONE,YES,
CLM-1406,Decision-oriented ensemble,8 DayWeek Lamb_office_Gerardo bias,EXACT_RECOVERED,A,8,outputs/phase8/test_forecast_metrics.csv,row[30].bias,Lamb_office_Gerardo,test,DayWeek,8 DayWeek Lamb_office_Gerardo bias,0.9904106944444444,dimensionless,,66d7bef9f8c671486f5f93f84141101ab04a85168726ebe813b689411bed9c51,NONE,YES,
CLM-1407,Decision-oriented ensemble,8 DayWeek Lamb_office_Gerardo actual_p75,EXACT_RECOVERED,A,8,outputs/phase8/test_forecast_metrics.csv,row[30].actual_p75,Lamb_office_Gerardo,test,DayWeek,8 DayWeek Lamb_office_Gerardo actual_p75,21.475,dimensionless,,66d7bef9f8c671486f5f93f84141101ab04a85168726ebe813b689411bed9c51,NONE,YES,
CLM-1408,Decision-oriented ensemble,8 DayWeek Lamb_office_Gerardo peak_quartile_MAE,EXACT_RECOVERED,A,8,outputs/phase8/test_forecast_metrics.csv,row[30].peak_quartile_MAE,Lamb_office_Gerardo,test,DayWeek,8 DayWeek Lamb_office_Gerardo peak_quartile_MAE,7.332195277777777,kW,,66d7bef9f8c671486f5f93f84141101ab04a85168726ebe813b689411bed9c51,NONE,YES,
CLM-1409,Decision-oriented ensemble,8 DayWeek Lamb_office_Gerardo peak_quartile_bias,EXACT_RECOVERED,A,8,outputs/phase8/test_forecast_metrics.csv,row[30].peak_quartile_bias,Lamb_office_Gerardo,test,DayWeek,8 DayWeek Lamb_office_Gerardo peak_quartile_bias,-3.657750833333333,kW,,66d7bef9f8c671486f5f93f84141101ab04a85168726ebe813b689411bed9c51,NONE,YES,
CLM-1410,Decision-oriented ensemble,8 DayWeek Lamb_office_Gerardo daily_peak_hour_MAE,EXACT_RECOVERED,A,8,outputs/phase8/test_forecast_metrics.csv,row[30].daily_peak_hour_MAE,Lamb_office_Gerardo,test,DayWeek,8 DayWeek Lamb_office_Gerardo daily_peak_hour_MAE,2.8,kW,,66d7bef9f8c671486f5f93f84141101ab04a85168726ebe813b689411bed9c51,NONE,YES,
CLM-1411,Decision-oriented ensemble,8 DayWeek Lamb_office_Gerardo daily_peak_hour_exact_rate,EXACT_RECOVERED,A,8,outputs/phase8/test_forecast_metrics.csv,row[30].daily_peak_hour_exact_rate,Lamb_office_Gerardo,test,DayWeek,8 DayWeek Lamb_office_Gerardo daily_peak_hour_exact_rate,0.3,kW,,66d7bef9f8c671486f5f93f84141101ab04a85168726ebe813b689411bed9c51,NONE,YES,
CLM-1412,Decision-oriented ensemble,8 DayWeek Lamb_office_Gerardo daily_top3_overlap,EXACT_RECOVERED,A,8,outputs/phase8/test_forecast_metrics.csv,row[30].daily_top3_overlap,Lamb_office_Gerardo,test,DayWeek,8 DayWeek Lamb_office_Gerardo daily_top3_overlap,0.48888888888888893,dimensionless,,66d7bef9f8c671486f5f93f84141101ab04a85168726ebe813b689411bed9c51,NONE,YES,
CLM-1413,Decision-oriented ensemble,8 DayWeek Lamb_office_Gerardo normalized_MAE,EXACT_RECOVERED,A,8,outputs/phase8/test_forecast_metrics.csv,row[30].normalized_MAE,Lamb_office_Gerardo,test,DayWeek,8 DayWeek Lamb_office_Gerardo normalized_MAE,0.5215156946350448,dimensionless,,66d7bef9f8c671486f5f93f84141101ab04a85168726ebe813b689411bed9c51,NONE,YES,
CLM-1414,Decision-oriented ensemble,8 DayWeek Lamb_office_Gerardo normalized_RMSE,EXACT_RECOVERED,A,8,outputs/phase8/test_forecast_metrics.csv,row[30].normalized_RMSE,Lamb_office_Gerardo,test,DayWeek,8 DayWeek Lamb_office_Gerardo normalized_RMSE,0.9066155433073168,dimensionless,,66d7bef9f8c671486f5f93f84141101ab04a85168726ebe813b689411bed9c51,NONE,YES,
CLM-1415,Decision-oriented ensemble,8 LightGBM Lamb_office_Gerardo weight,EXACT_RECOVERED,A,8,outputs/phase8/test_forecast_metrics.csv,row[31].weight,Lamb_office_Gerardo,test,LightGBM,8 LightGBM Lamb_office_Gerardo weight,1.0,dimensionless,,66d7bef9f8c671486f5f93f84141101ab04a85168726ebe813b689411bed9c51,NONE,YES,
CLM-1416,Decision-oriented ensemble,8 LightGBM Lamb_office_Gerardo MAE,EXACT_RECOVERED,A,8,outputs/phase8/test_forecast_metrics.csv,row[31].MAE,Lamb_office_Gerardo,test,LightGBM,8 LightGBM Lamb_office_Gerardo MAE,2.874078621623744,kW,,66d7bef9f8c671486f5f93f84141101ab04a85168726ebe813b689411bed9c51,NONE,YES,
CLM-1417,Decision-oriented ensemble,8 LightGBM Lamb_office_Gerardo RMSE,EXACT_RECOVERED,A,8,outputs/phase8/test_forecast_metrics.csv,row[31].RMSE,Lamb_office_Gerardo,test,LightGBM,8 LightGBM Lamb_office_Gerardo RMSE,4.241482708365726,kW,,66d7bef9f8c671486f5f93f84141101ab04a85168726ebe813b689411bed9c51,NONE,YES,
CLM-1418,Decision-oriented ensemble,8 LightGBM Lamb_office_Gerardo MAPE,EXACT_RECOVERED,A,8,outputs/phase8/test_forecast_metrics.csv,row[31].MAPE,Lamb_office_Gerardo,test,LightGBM,8 LightGBM Lamb_office_Gerardo MAPE,26.988520741470463,%,,66d7bef9f8c671486f5f93f84141101ab04a85168726ebe813b689411bed9c51,NONE,YES,
CLM-1419,Decision-oriented ensemble,8 LightGBM Lamb_office_Gerardo bias,EXACT_RECOVERED,A,8,outputs/phase8/test_forecast_metrics.csv,row[31].bias,Lamb_office_Gerardo,test,LightGBM,8 LightGBM Lamb_office_Gerardo bias,1.2166686397225823,dimensionless,,66d7bef9f8c671486f5f93f84141101ab04a85168726ebe813b689411bed9c51,NONE,YES,
CLM-1420,Decision-oriented ensemble,8 LightGBM Lamb_office_Gerardo actual_p75,EXACT_RECOVERED,A,8,outputs/phase8/test_forecast_metrics.csv,row[31].actual_p75,Lamb_office_Gerardo,test,LightGBM,8 LightGBM Lamb_office_Gerardo actual_p75,21.475,dimensionless,,66d7bef9f8c671486f5f93f84141101ab04a85168726ebe813b689411bed9c51,NONE,YES,
CLM-1421,Decision-oriented ensemble,8 LightGBM Lamb_office_Gerardo peak_quartile_MAE,EXACT_RECOVERED,A,8,outputs/phase8/test_forecast_metrics.csv,row[31].peak_quartile_MAE,Lamb_office_Gerardo,test,LightGBM,8 LightGBM Lamb_office_Gerardo peak_quartile_MAE,4.379754995790131,kW,,66d7bef9f8c671486f5f93f84141101ab04a85168726ebe813b689411bed9c51,NONE,YES,
CLM-1422,Decision-oriented ensemble,8 LightGBM Lamb_office_Gerardo peak_quartile_bias,EXACT_RECOVERED,A,8,outputs/phase8/test_forecast_metrics.csv,row[31].peak_quartile_bias,Lamb_office_Gerardo,test,LightGBM,8 LightGBM Lamb_office_Gerardo peak_quartile_bias,-1.6748508309535122,kW,,66d7bef9f8c671486f5f93f84141101ab04a85168726ebe813b689411bed9c51,NONE,YES,
CLM-1423,Decision-oriented ensemble,8 LightGBM Lamb_office_Gerardo daily_peak_hour_MAE,EXACT_RECOVERED,A,8,outputs/phase8/test_forecast_metrics.csv,row[31].daily_peak_hour_MAE,Lamb_office_Gerardo,test,LightGBM,8 LightGBM Lamb_office_Gerardo daily_peak_hour_MAE,2.6666666666666665,kW,,66d7bef9f8c671486f5f93f84141101ab04a85168726ebe813b689411bed9c51,NONE,YES,
CLM-1424,Decision-oriented ensemble,8 LightGBM Lamb_office_Gerardo daily_peak_hour_exact_rate,EXACT_RECOVERED,A,8,outputs/phase8/test_forecast_metrics.csv,row[31].daily_peak_hour_exact_rate,Lamb_office_Gerardo,test,LightGBM,8 LightGBM Lamb_office_Gerardo daily_peak_hour_exact_rate,0.36666666666666664,kW,,66d7bef9f8c671486f5f93f84141101ab04a85168726ebe813b689411bed9c51,NONE,YES,
CLM-1425,Decision-oriented ensemble,8 LightGBM Lamb_office_Gerardo daily_top3_overlap,EXACT_RECOVERED,A,8,outputs/phase8/test_forecast_metrics.csv,row[31].daily_top3_overlap,Lamb_office_Gerardo,test,LightGBM,8 LightGBM Lamb_office_Gerardo daily_top3_overlap,0.5,dimensionless,,66d7bef9f8c671486f5f93f84141101ab04a85168726ebe813b689411bed9c51,NONE,YES,
CLM-1426,Decision-oriented ensemble,8 LightGBM Lamb_office_Gerardo normalized_MAE,EXACT_RECOVERED,A,8,outputs/phase8/test_forecast_metrics.csv,row[31].normalized_MAE,Lamb_office_Gerardo,test,LightGBM,8 LightGBM Lamb_office_Gerardo normalized_MAE,0.3363553875459213,dimensionless,,66d7bef9f8c671486f5f93f84141101ab04a85168726ebe813b689411bed9c51,NONE,YES,
CLM-1427,Decision-oriented ensemble,8 LightGBM Lamb_office_Gerardo normalized_RMSE,EXACT_RECOVERED,A,8,outputs/phase8/test_forecast_metrics.csv,row[31].normalized_RMSE,Lamb_office_Gerardo,test,LightGBM,8 LightGBM Lamb_office_Gerardo normalized_RMSE,0.4963836234012547,dimensionless,,66d7bef9f8c671486f5f93f84141101ab04a85168726ebe813b689411bed9c51,NONE,YES,
CLM-1428,Decision-oriented ensemble,8 ForecastSelectedPerBuilding Lamb_office_Gerardo weight,EXACT_RECOVERED,A,8,outputs/phase8/test_forecast_metrics.csv,row[32].weight,Lamb_office_Gerardo,test,ForecastSelectedPerBuilding,8 ForecastSelectedPerBuilding Lamb_office_Gerardo weight,0.0,dimensionless,,66d7bef9f8c671486f5f93f84141101ab04a85168726ebe813b689411bed9c51,NONE,YES,
CLM-1429,Decision-oriented ensemble,8 ForecastSelectedPerBuilding Lamb_office_Gerardo MAE,EXACT_RECOVERED,A,8,outputs/phase8/test_forecast_metrics.csv,row[32].MAE,Lamb_office_Gerardo,test,ForecastSelectedPerBuilding,8 ForecastSelectedPerBuilding Lamb_office_Gerardo MAE,4.456230416666666,kW,,66d7bef9f8c671486f5f93f84141101ab04a85168726ebe813b689411bed9c51,NONE,YES,
CLM-1430,Decision-oriented ensemble,8 ForecastSelectedPerBuilding Lamb_office_Gerardo RMSE,EXACT_RECOVERED,A,8,outputs/phase8/test_forecast_metrics.csv,row[32].RMSE,Lamb_office_Gerardo,test,ForecastSelectedPerBuilding,8 ForecastSelectedPerBuilding Lamb_office_Gerardo RMSE,7.746819130987193,kW,,66d7bef9f8c671486f5f93f84141101ab04a85168726ebe813b689411bed9c51,NONE,YES,
CLM-1431,Decision-oriented ensemble,8 ForecastSelectedPerBuilding Lamb_office_Gerardo MAPE,EXACT_RECOVERED,A,8,outputs/phase8/test_forecast_metrics.csv,row[32].MAPE,Lamb_office_Gerardo,test,ForecastSelectedPerBuilding,8 ForecastSelectedPerBuilding Lamb_office_Gerardo MAPE,37.845652070217625,%,,66d7bef9f8c671486f5f93f84141101ab04a85168726ebe813b689411bed9c51,NONE,YES,
CLM-1432,Decision-oriented ensemble,8 ForecastSelectedPerBuilding Lamb_office_Gerardo bias,EXACT_RECOVERED,A,8,outputs/phase8/test_forecast_metrics.csv,row[32].bias,Lamb_office_Gerardo,test,ForecastSelectedPerBuilding,8 ForecastSelectedPerBuilding Lamb_office_Gerardo bias,0.9904106944444444,dimensionless,,66d7bef9f8c671486f5f93f84141101ab04a85168726ebe813b689411bed9c51,NONE,YES,
CLM-1433,Decision-oriented ensemble,8 ForecastSelectedPerBuilding Lamb_office_Gerardo actual_p75,EXACT_RECOVERED,A,8,outputs/phase8/test_forecast_metrics.csv,row[32].actual_p75,Lamb_office_Gerardo,test,ForecastSelectedPerBuilding,8 ForecastSelectedPerBuilding Lamb_office_Gerardo actual_p75,21.475,dimensionless,,66d7bef9f8c671486f5f93f84141101ab04a85168726ebe813b689411bed9c51,NONE,YES,
CLM-1434,Decision-oriented ensemble,8 ForecastSelectedPerBuilding Lamb_office_Gerardo peak_quartile_MAE,EXACT_RECOVERED,A,8,outputs/phase8/test_forecast_metrics.csv,row[32].peak_quartile_MAE,Lamb_office_Gerardo,test,ForecastSelectedPerBuilding,8 ForecastSelectedPerBuilding Lamb_office_Gerardo peak_quartile_MAE,7.332195277777777,kW,,66d7bef9f8c671486f5f93f84141101ab04a85168726ebe813b689411bed9c51,NONE,YES,
CLM-1435,Decision-oriented ensemble,8 ForecastSelectedPerBuilding Lamb_office_Gerardo peak_quartile_bias,EXACT_RECOVERED,A,8,outputs/phase8/test_forecast_metrics.csv,row[32].peak_quartile_bias,Lamb_office_Gerardo,test,ForecastSelectedPerBuilding,8 ForecastSelectedPerBuilding Lamb_office_Gerardo peak_quartile_bias,-3.657750833333333,kW,,66d7bef9f8c671486f5f93f84141101ab04a85168726ebe813b689411bed9c51,NONE,YES,
CLM-1436,Decision-oriented ensemble,8 ForecastSelectedPerBuilding Lamb_office_Gerardo daily_peak_hour_MAE,EXACT_RECOVERED,A,8,outputs/phase8/test_forecast_metrics.csv,row[32].daily_peak_hour_MAE,Lamb_office_Gerardo,test,ForecastSelectedPerBuilding,8 ForecastSelectedPerBuilding Lamb_office_Gerardo daily_peak_hour_MAE,2.8,kW,,66d7bef9f8c671486f5f93f84141101ab04a85168726ebe813b689411bed9c51,NONE,YES,
CLM-1437,Decision-oriented ensemble,8 ForecastSelectedPerBuilding Lamb_office_Gerardo daily_peak_hour_exact_rate,EXACT_RECOVERED,A,8,outputs/phase8/test_forecast_metrics.csv,row[32].daily_peak_hour_exact_rate,Lamb_office_Gerardo,test,ForecastSelectedPerBuilding,8 ForecastSelectedPerBuilding Lamb_office_Gerardo daily_peak_hour_exact_rate,0.3,kW,,66d7bef9f8c671486f5f93f84141101ab04a85168726ebe813b689411bed9c51,NONE,YES,
CLM-1438,Decision-oriented ensemble,8 ForecastSelectedPerBuilding Lamb_office_Gerardo daily_top3_overlap,EXACT_RECOVERED,A,8,outputs/phase8/test_forecast_metrics.csv,row[32].daily_top3_overlap,Lamb_office_Gerardo,test,ForecastSelectedPerBuilding,8 ForecastSelectedPerBuilding Lamb_office_Gerardo daily_top3_overlap,0.48888888888888893,dimensionless,,66d7bef9f8c671486f5f93f84141101ab04a85168726ebe813b689411bed9c51,NONE,YES,
CLM-1439,Decision-oriented ensemble,8 ForecastSelectedPerBuilding Lamb_office_Gerardo normalized_MAE,EXACT_RECOVERED,A,8,outputs/phase8/test_forecast_metrics.csv,row[32].normalized_MAE,Lamb_office_Gerardo,test,ForecastSelectedPerBuilding,8 ForecastSelectedPerBuilding Lamb_office_Gerardo normalized_MAE,0.5215156946350448,dimensionless,,66d7bef9f8c671486f5f93f84141101ab04a85168726ebe813b689411bed9c51,NONE,YES,
CLM-1440,Decision-oriented ensemble,8 ForecastSelectedPerBuilding Lamb_office_Gerardo normalized_RMSE,EXACT_RECOVERED,A,8,outputs/phase8/test_forecast_metrics.csv,row[32].normalized_RMSE,Lamb_office_Gerardo,test,ForecastSelectedPerBuilding,8 ForecastSelectedPerBuilding Lamb_office_Gerardo normalized_RMSE,0.9066155433073168,dimensionless,,66d7bef9f8c671486f5f93f84141101ab04a85168726ebe813b689411bed9c51,NONE,YES,
CLM-1441,Decision-oriented ensemble,8 DecisionSelectedPerBuilding Lamb_office_Gerardo weight,EXACT_RECOVERED,A,8,outputs/phase8/test_forecast_metrics.csv,row[33].weight,Lamb_office_Gerardo,test,DecisionSelectedPerBuilding,8 DecisionSelectedPerBuilding Lamb_office_Gerardo weight,1.0,dimensionless,,66d7bef9f8c671486f5f93f84141101ab04a85168726ebe813b689411bed9c51,NONE,YES,
CLM-1442,Decision-oriented ensemble,8 DecisionSelectedPerBuilding Lamb_office_Gerardo MAE,EXACT_RECOVERED,A,8,outputs/phase8/test_forecast_metrics.csv,row[33].MAE,Lamb_office_Gerardo,test,DecisionSelectedPerBuilding,8 DecisionSelectedPerBuilding Lamb_office_Gerardo MAE,2.874078621623744,kW,,66d7bef9f8c671486f5f93f84141101ab04a85168726ebe813b689411bed9c51,NONE,YES,
CLM-1443,Decision-oriented ensemble,8 DecisionSelectedPerBuilding Lamb_office_Gerardo RMSE,EXACT_RECOVERED,A,8,outputs/phase8/test_forecast_metrics.csv,row[33].RMSE,Lamb_office_Gerardo,test,DecisionSelectedPerBuilding,8 DecisionSelectedPerBuilding Lamb_office_Gerardo RMSE,4.241482708365726,kW,,66d7bef9f8c671486f5f93f84141101ab04a85168726ebe813b689411bed9c51,NONE,YES,
CLM-1444,Decision-oriented ensemble,8 DecisionSelectedPerBuilding Lamb_office_Gerardo MAPE,EXACT_RECOVERED,A,8,outputs/phase8/test_forecast_metrics.csv,row[33].MAPE,Lamb_office_Gerardo,test,DecisionSelectedPerBuilding,8 DecisionSelectedPerBuilding Lamb_office_Gerardo MAPE,26.988520741470463,%,,66d7bef9f8c671486f5f93f84141101ab04a85168726ebe813b689411bed9c51,NONE,YES,
CLM-1445,Decision-oriented ensemble,8 DecisionSelectedPerBuilding Lamb_office_Gerardo bias,EXACT_RECOVERED,A,8,outputs/phase8/test_forecast_metrics.csv,row[33].bias,Lamb_office_Gerardo,test,DecisionSelectedPerBuilding,8 DecisionSelectedPerBuilding Lamb_office_Gerardo bias,1.2166686397225823,dimensionless,,66d7bef9f8c671486f5f93f84141101ab04a85168726ebe813b689411bed9c51,NONE,YES,
CLM-1446,Decision-oriented ensemble,8 DecisionSelectedPerBuilding Lamb_office_Gerardo actual_p75,EXACT_RECOVERED,A,8,outputs/phase8/test_forecast_metrics.csv,row[33].actual_p75,Lamb_office_Gerardo,test,DecisionSelectedPerBuilding,8 DecisionSelectedPerBuilding Lamb_office_Gerardo actual_p75,21.475,dimensionless,,66d7bef9f8c671486f5f93f84141101ab04a85168726ebe813b689411bed9c51,NONE,YES,
CLM-1447,Decision-oriented ensemble,8 DecisionSelectedPerBuilding Lamb_office_Gerardo peak_quartile_MAE,EXACT_RECOVERED,A,8,outputs/phase8/test_forecast_metrics.csv,row[33].peak_quartile_MAE,Lamb_office_Gerardo,test,DecisionSelectedPerBuilding,8 DecisionSelectedPerBuilding Lamb_office_Gerardo peak_quartile_MAE,4.379754995790131,kW,,66d7bef9f8c671486f5f93f84141101ab04a85168726ebe813b689411bed9c51,NONE,YES,
CLM-1448,Decision-oriented ensemble,8 DecisionSelectedPerBuilding Lamb_office_Gerardo peak_quartile_bias,EXACT_RECOVERED,A,8,outputs/phase8/test_forecast_metrics.csv,row[33].peak_quartile_bias,Lamb_office_Gerardo,test,DecisionSelectedPerBuilding,8 DecisionSelectedPerBuilding Lamb_office_Gerardo peak_quartile_bias,-1.6748508309535122,kW,,66d7bef9f8c671486f5f93f84141101ab04a85168726ebe813b689411bed9c51,NONE,YES,
CLM-1449,Decision-oriented ensemble,8 DecisionSelectedPerBuilding Lamb_office_Gerardo daily_peak_hour_MAE,EXACT_RECOVERED,A,8,outputs/phase8/test_forecast_metrics.csv,row[33].daily_peak_hour_MAE,Lamb_office_Gerardo,test,DecisionSelectedPerBuilding,8 DecisionSelectedPerBuilding Lamb_office_Gerardo daily_peak_hour_MAE,2.6666666666666665,kW,,66d7bef9f8c671486f5f93f84141101ab04a85168726ebe813b689411bed9c51,NONE,YES,
CLM-1450,Decision-oriented ensemble,8 DecisionSelectedPerBuilding Lamb_office_Gerardo daily_peak_hour_exact_rate,EXACT_RECOVERED,A,8,outputs/phase8/test_forecast_metrics.csv,row[33].daily_peak_hour_exact_rate,Lamb_office_Gerardo,test,DecisionSelectedPerBuilding,8 DecisionSelectedPerBuilding Lamb_office_Gerardo daily_peak_hour_exact_rate,0.36666666666666664,kW,,66d7bef9f8c671486f5f93f84141101ab04a85168726ebe813b689411bed9c51,NONE,YES,
CLM-1451,Decision-oriented ensemble,8 DecisionSelectedPerBuilding Lamb_office_Gerardo daily_top3_overlap,EXACT_RECOVERED,A,8,outputs/phase8/test_forecast_metrics.csv,row[33].daily_top3_overlap,Lamb_office_Gerardo,test,DecisionSelectedPerBuilding,8 DecisionSelectedPerBuilding Lamb_office_Gerardo daily_top3_overlap,0.5,dimensionless,,66d7bef9f8c671486f5f93f84141101ab04a85168726ebe813b689411bed9c51,NONE,YES,
CLM-1452,Decision-oriented ensemble,8 DecisionSelectedPerBuilding Lamb_office_Gerardo normalized_MAE,EXACT_RECOVERED,A,8,outputs/phase8/test_forecast_metrics.csv,row[33].normalized_MAE,Lamb_office_Gerardo,test,DecisionSelectedPerBuilding,8 DecisionSelectedPerBuilding Lamb_office_Gerardo normalized_MAE,0.3363553875459213,dimensionless,,66d7bef9f8c671486f5f93f84141101ab04a85168726ebe813b689411bed9c51,NONE,YES,
CLM-1453,Decision-oriented ensemble,8 DecisionSelectedPerBuilding Lamb_office_Gerardo normalized_RMSE,EXACT_RECOVERED,A,8,outputs/phase8/test_forecast_metrics.csv,row[33].normalized_RMSE,Lamb_office_Gerardo,test,DecisionSelectedPerBuilding,8 DecisionSelectedPerBuilding Lamb_office_Gerardo normalized_RMSE,0.4963836234012547,dimensionless,,66d7bef9f8c671486f5f93f84141101ab04a85168726ebe813b689411bed9c51,NONE,YES,
CLM-1454,Decision-oriented ensemble,8 ForecastSelectedGlobal Lamb_office_Gerardo weight,EXACT_RECOVERED,A,8,outputs/phase8/test_forecast_metrics.csv,row[34].weight,Lamb_office_Gerardo,test,ForecastSelectedGlobal,8 ForecastSelectedGlobal Lamb_office_Gerardo weight,0.5,dimensionless,,66d7bef9f8c671486f5f93f84141101ab04a85168726ebe813b689411bed9c51,NONE,YES,
CLM-1455,Decision-oriented ensemble,8 ForecastSelectedGlobal Lamb_office_Gerardo MAE,EXACT_RECOVERED,A,8,outputs/phase8/test_forecast_metrics.csv,row[34].MAE,Lamb_office_Gerardo,test,ForecastSelectedGlobal,8 ForecastSelectedGlobal Lamb_office_Gerardo MAE,3.4933811917970425,kW,,66d7bef9f8c671486f5f93f84141101ab04a85168726ebe813b689411bed9c51,NONE,YES,
CLM-1456,Decision-oriented ensemble,8 ForecastSelectedGlobal Lamb_office_Gerardo RMSE,EXACT_RECOVERED,A,8,outputs/phase8/test_forecast_metrics.csv,row[34].RMSE,Lamb_office_Gerardo,test,ForecastSelectedGlobal,8 ForecastSelectedGlobal Lamb_office_Gerardo RMSE,5.444526791246429,kW,,66d7bef9f8c671486f5f93f84141101ab04a85168726ebe813b689411bed9c51,NONE,YES,
CLM-1457,Decision-oriented ensemble,8 ForecastSelectedGlobal Lamb_office_Gerardo MAPE,EXACT_RECOVERED,A,8,outputs/phase8/test_forecast_metrics.csv,row[34].MAPE,Lamb_office_Gerardo,test,ForecastSelectedGlobal,8 ForecastSelectedGlobal Lamb_office_Gerardo MAPE,30.99414247074867,%,,66d7bef9f8c671486f5f93f84141101ab04a85168726ebe813b689411bed9c51,NONE,YES,
CLM-1458,Decision-oriented ensemble,8 ForecastSelectedGlobal Lamb_office_Gerardo bias,EXACT_RECOVERED,A,8,outputs/phase8/test_forecast_metrics.csv,row[34].bias,Lamb_office_Gerardo,test,ForecastSelectedGlobal,8 ForecastSelectedGlobal Lamb_office_Gerardo bias,1.1035396670835134,dimensionless,,66d7bef9f8c671486f5f93f84141101ab04a85168726ebe813b689411bed9c51,NONE,YES,
CLM-1459,Decision-oriented ensemble,8 ForecastSelectedGlobal Lamb_office_Gerardo actual_p75,EXACT_RECOVERED,A,8,outputs/phase8/test_forecast_metrics.csv,row[34].actual_p75,Lamb_office_Gerardo,test,ForecastSelectedGlobal,8 ForecastSelectedGlobal Lamb_office_Gerardo actual_p75,21.475,dimensionless,,66d7bef9f8c671486f5f93f84141101ab04a85168726ebe813b689411bed9c51,NONE,YES,
CLM-1460,Decision-oriented ensemble,8 ForecastSelectedGlobal Lamb_office_Gerardo peak_quartile_MAE,EXACT_RECOVERED,A,8,outputs/phase8/test_forecast_metrics.csv,row[34].peak_quartile_MAE,Lamb_office_Gerardo,test,ForecastSelectedGlobal,8 ForecastSelectedGlobal Lamb_office_Gerardo peak_quartile_MAE,5.560217323800383,kW,,66d7bef9f8c671486f5f93f84141101ab04a85168726ebe813b689411bed9c51,NONE,YES,
CLM-1461,Decision-oriented ensemble,8 ForecastSelectedGlobal Lamb_office_Gerardo peak_quartile_bias,EXACT_RECOVERED,A,8,outputs/phase8/test_forecast_metrics.csv,row[34].peak_quartile_bias,Lamb_office_Gerardo,test,ForecastSelectedGlobal,8 ForecastSelectedGlobal Lamb_office_Gerardo peak_quartile_bias,-2.6663008321434227,kW,,66d7bef9f8c671486f5f93f84141101ab04a85168726ebe813b689411bed9c51,NONE,YES,
CLM-1462,Decision-oriented ensemble,8 ForecastSelectedGlobal Lamb_office_Gerardo daily_peak_hour_MAE,EXACT_RECOVERED,A,8,outputs/phase8/test_forecast_metrics.csv,row[34].daily_peak_hour_MAE,Lamb_office_Gerardo,test,ForecastSelectedGlobal,8 ForecastSelectedGlobal Lamb_office_Gerardo daily_peak_hour_MAE,1.8666666666666667,kW,,66d7bef9f8c671486f5f93f84141101ab04a85168726ebe813b689411bed9c51,NONE,YES,
CLM-1463,Decision-oriented ensemble,8 ForecastSelectedGlobal Lamb_office_Gerardo daily_peak_hour_exact_rate,EXACT_RECOVERED,A,8,outputs/phase8/test_forecast_metrics.csv,row[34].daily_peak_hour_exact_rate,Lamb_office_Gerardo,test,ForecastSelectedGlobal,8 ForecastSelectedGlobal Lamb_office_Gerardo daily_peak_hour_exact_rate,0.4,kW,,66d7bef9f8c671486f5f93f84141101ab04a85168726ebe813b689411bed9c51,NONE,YES,
CLM-1464,Decision-oriented ensemble,8 ForecastSelectedGlobal Lamb_office_Gerardo daily_top3_overlap,EXACT_RECOVERED,A,8,outputs/phase8/test_forecast_metrics.csv,row[34].daily_top3_overlap,Lamb_office_Gerardo,test,ForecastSelectedGlobal,8 ForecastSelectedGlobal Lamb_office_Gerardo daily_top3_overlap,0.5333333333333333,dimensionless,,66d7bef9f8c671486f5f93f84141101ab04a85168726ebe813b689411bed9c51,NONE,YES,
CLM-1465,Decision-oriented ensemble,8 ForecastSelectedGlobal Lamb_office_Gerardo normalized_MAE,EXACT_RECOVERED,A,8,outputs/phase8/test_forecast_metrics.csv,row[34].normalized_MAE,Lamb_office_Gerardo,test,ForecastSelectedGlobal,8 ForecastSelectedGlobal Lamb_office_Gerardo normalized_MAE,0.4088327910628579,dimensionless,,66d7bef9f8c671486f5f93f84141101ab04a85168726ebe813b689411bed9c51,NONE,YES,
CLM-1466,Decision-oriented ensemble,8 ForecastSelectedGlobal Lamb_office_Gerardo normalized_RMSE,EXACT_RECOVERED,A,8,outputs/phase8/test_forecast_metrics.csv,row[34].normalized_RMSE,Lamb_office_Gerardo,test,ForecastSelectedGlobal,8 ForecastSelectedGlobal Lamb_office_Gerardo normalized_RMSE,0.6371766955488616,dimensionless,,66d7bef9f8c671486f5f93f84141101ab04a85168726ebe813b689411bed9c51,NONE,YES,
CLM-1467,Decision-oriented ensemble,8 DecisionSelectedGlobal Lamb_office_Gerardo weight,EXACT_RECOVERED,A,8,outputs/phase8/test_forecast_metrics.csv,row[35].weight,Lamb_office_Gerardo,test,DecisionSelectedGlobal,8 DecisionSelectedGlobal Lamb_office_Gerardo weight,0.8,dimensionless,,66d7bef9f8c671486f5f93f84141101ab04a85168726ebe813b689411bed9c51,NONE,YES,
CLM-1468,Decision-oriented ensemble,8 DecisionSelectedGlobal Lamb_office_Gerardo MAE,EXACT_RECOVERED,A,8,outputs/phase8/test_forecast_metrics.csv,row[35].MAE,Lamb_office_Gerardo,test,DecisionSelectedGlobal,8 DecisionSelectedGlobal Lamb_office_Gerardo MAE,3.048921218510116,kW,,66d7bef9f8c671486f5f93f84141101ab04a85168726ebe813b689411bed9c51,NONE,YES,
CLM-1469,Decision-oriented ensemble,8 DecisionSelectedGlobal Lamb_office_Gerardo RMSE,EXACT_RECOVERED,A,8,outputs/phase8/test_forecast_metrics.csv,row[35].RMSE,Lamb_office_Gerardo,test,DecisionSelectedGlobal,8 DecisionSelectedGlobal Lamb_office_Gerardo RMSE,4.517204615818504,kW,,66d7bef9f8c671486f5f93f84141101ab04a85168726ebe813b689411bed9c51,NONE,YES,
CLM-1470,Decision-oriented ensemble,8 DecisionSelectedGlobal Lamb_office_Gerardo MAPE,EXACT_RECOVERED,A,8,outputs/phase8/test_forecast_metrics.csv,row[35].MAPE,Lamb_office_Gerardo,test,DecisionSelectedGlobal,8 DecisionSelectedGlobal Lamb_office_Gerardo MAPE,27.923257238264487,%,,66d7bef9f8c671486f5f93f84141101ab04a85168726ebe813b689411bed9c51,NONE,YES,
CLM-1471,Decision-oriented ensemble,8 DecisionSelectedGlobal Lamb_office_Gerardo bias,EXACT_RECOVERED,A,8,outputs/phase8/test_forecast_metrics.csv,row[35].bias,Lamb_office_Gerardo,test,DecisionSelectedGlobal,8 DecisionSelectedGlobal Lamb_office_Gerardo bias,1.1714170506669546,dimensionless,,66d7bef9f8c671486f5f93f84141101ab04a85168726ebe813b689411bed9c51,NONE,YES,
CLM-1472,Decision-oriented ensemble,8 DecisionSelectedGlobal Lamb_office_Gerardo actual_p75,EXACT_RECOVERED,A,8,outputs/phase8/test_forecast_metrics.csv,row[35].actual_p75,Lamb_office_Gerardo,test,DecisionSelectedGlobal,8 DecisionSelectedGlobal Lamb_office_Gerardo actual_p75,21.475,dimensionless,,66d7bef9f8c671486f5f93f84141101ab04a85168726ebe813b689411bed9c51,NONE,YES,
CLM-1473,Decision-oriented ensemble,8 DecisionSelectedGlobal Lamb_office_Gerardo peak_quartile_MAE,EXACT_RECOVERED,A,8,outputs/phase8/test_forecast_metrics.csv,row[35].peak_quartile_MAE,Lamb_office_Gerardo,test,DecisionSelectedGlobal,8 DecisionSelectedGlobal Lamb_office_Gerardo peak_quartile_MAE,4.746637656360053,kW,,66d7bef9f8c671486f5f93f84141101ab04a85168726ebe813b689411bed9c51,NONE,YES,
CLM-1474,Decision-oriented ensemble,8 DecisionSelectedGlobal Lamb_office_Gerardo peak_quartile_bias,EXACT_RECOVERED,A,8,outputs/phase8/test_forecast_metrics.csv,row[35].peak_quartile_bias,Lamb_office_Gerardo,test,DecisionSelectedGlobal,8 DecisionSelectedGlobal Lamb_office_Gerardo peak_quartile_bias,-2.0714308314294763,kW,,66d7bef9f8c671486f5f93f84141101ab04a85168726ebe813b689411bed9c51,NONE,YES,
CLM-1475,Decision-oriented ensemble,8 DecisionSelectedGlobal Lamb_office_Gerardo daily_peak_hour_MAE,EXACT_RECOVERED,A,8,outputs/phase8/test_forecast_metrics.csv,row[35].daily_peak_hour_MAE,Lamb_office_Gerardo,test,DecisionSelectedGlobal,8 DecisionSelectedGlobal Lamb_office_Gerardo daily_peak_hour_MAE,2.033333333333333,kW,,66d7bef9f8c671486f5f93f84141101ab04a85168726ebe813b689411bed9c51,NONE,YES,
CLM-1476,Decision-oriented ensemble,8 DecisionSelectedGlobal Lamb_office_Gerardo daily_peak_hour_exact_rate,EXACT_RECOVERED,A,8,outputs/phase8/test_forecast_metrics.csv,row[35].daily_peak_hour_exact_rate,Lamb_office_Gerardo,test,DecisionSelectedGlobal,8 DecisionSelectedGlobal Lamb_office_Gerardo daily_peak_hour_exact_rate,0.36666666666666664,kW,,66d7bef9f8c671486f5f93f84141101ab04a85168726ebe813b689411bed9c51,NONE,YES,
CLM-1477,Decision-oriented ensemble,8 DecisionSelectedGlobal Lamb_office_Gerardo daily_top3_overlap,EXACT_RECOVERED,A,8,outputs/phase8/test_forecast_metrics.csv,row[35].daily_top3_overlap,Lamb_office_Gerardo,test,DecisionSelectedGlobal,8 DecisionSelectedGlobal Lamb_office_Gerardo daily_top3_overlap,0.5222222222222223,dimensionless,,66d7bef9f8c671486f5f93f84141101ab04a85168726ebe813b689411bed9c51,NONE,YES,
CLM-1478,Decision-oriented ensemble,8 DecisionSelectedGlobal Lamb_office_Gerardo normalized_MAE,EXACT_RECOVERED,A,8,outputs/phase8/test_forecast_metrics.csv,row[35].normalized_MAE,Lamb_office_Gerardo,test,DecisionSelectedGlobal,8 DecisionSelectedGlobal Lamb_office_Gerardo normalized_MAE,0.356817336287611,dimensionless,,66d7bef9f8c671486f5f93f84141101ab04a85168726ebe813b689411bed9c51,NONE,YES,
CLM-1479,Decision-oriented ensemble,8 DecisionSelectedGlobal Lamb_office_Gerardo normalized_RMSE,EXACT_RECOVERED,A,8,outputs/phase8/test_forecast_metrics.csv,row[35].normalized_RMSE,Lamb_office_Gerardo,test,DecisionSelectedGlobal,8 DecisionSelectedGlobal Lamb_office_Gerardo normalized_RMSE,0.5286515468806009,dimensionless,,66d7bef9f8c671486f5f93f84141101ab04a85168726ebe813b689411bed9c51,NONE,YES,
CLM-1480,Decision-oriented ensemble,8 DayWeek Hog_office_Alexis weight,EXACT_RECOVERED,A,8,outputs/phase8/test_forecast_metrics.csv,row[36].weight,Hog_office_Alexis,test,DayWeek,8 DayWeek Hog_office_Alexis weight,0.0,dimensionless,,66d7bef9f8c671486f5f93f84141101ab04a85168726ebe813b689411bed9c51,NONE,YES,
CLM-1481,Decision-oriented ensemble,8 DayWeek Hog_office_Alexis MAE,EXACT_RECOVERED,A,8,outputs/phase8/test_forecast_metrics.csv,row[36].MAE,Hog_office_Alexis,test,DayWeek,8 DayWeek Hog_office_Alexis MAE,2.4646597222222226,kW,,66d7bef9f8c671486f5f93f84141101ab04a85168726ebe813b689411bed9c51,NONE,YES,
CLM-1482,Decision-oriented ensemble,8 DayWeek Hog_office_Alexis RMSE,EXACT_RECOVERED,A,8,outputs/phase8/test_forecast_metrics.csv,row[36].RMSE,Hog_office_Alexis,test,DayWeek,8 DayWeek Hog_office_Alexis RMSE,4.290183551904018,kW,,66d7bef9f8c671486f5f93f84141101ab04a85168726ebe813b689411bed9c51,NONE,YES,
CLM-1483,Decision-oriented ensemble,8 DayWeek Hog_office_Alexis MAPE,EXACT_RECOVERED,A,8,outputs/phase8/test_forecast_metrics.csv,row[36].MAPE,Hog_office_Alexis,test,DayWeek,8 DayWeek Hog_office_Alexis MAPE,14.58545373489701,%,,66d7bef9f8c671486f5f93f84141101ab04a85168726ebe813b689411bed9c51,NONE,YES,
CLM-1484,Decision-oriented ensemble,8 DayWeek Hog_office_Alexis bias,EXACT_RECOVERED,A,8,outputs/phase8/test_forecast_metrics.csv,row[36].bias,Hog_office_Alexis,test,DayWeek,8 DayWeek Hog_office_Alexis bias,-0.09433611111111091,dimensionless,,66d7bef9f8c671486f5f93f84141101ab04a85168726ebe813b689411bed9c51,NONE,YES,
CLM-1485,Decision-oriented ensemble,8 DayWeek Hog_office_Alexis actual_p75,EXACT_RECOVERED,A,8,outputs/phase8/test_forecast_metrics.csv,row[36].actual_p75,Hog_office_Alexis,test,DayWeek,8 DayWeek Hog_office_Alexis actual_p75,19.72925,dimensionless,,66d7bef9f8c671486f5f93f84141101ab04a85168726ebe813b689411bed9c51,NONE,YES,
CLM-1486,Decision-oriented ensemble,8 DayWeek Hog_office_Alexis peak_quartile_MAE,EXACT_RECOVERED,A,8,outputs/phase8/test_forecast_metrics.csv,row[36].peak_quartile_MAE,Hog_office_Alexis,test,DayWeek,8 DayWeek Hog_office_Alexis peak_quartile_MAE,4.010358333333334,kW,,66d7bef9f8c671486f5f93f84141101ab04a85168726ebe813b689411bed9c51,NONE,YES,
CLM-1487,Decision-oriented ensemble,8 DayWeek Hog_office_Alexis peak_quartile_bias,EXACT_RECOVERED,A,8,outputs/phase8/test_forecast_metrics.csv,row[36].peak_quartile_bias,Hog_office_Alexis,test,DayWeek,8 DayWeek Hog_office_Alexis peak_quartile_bias,-2.0784916666666664,kW,,66d7bef9f8c671486f5f93f84141101ab04a85168726ebe813b689411bed9c51,NONE,YES,
CLM-1488,Decision-oriented ensemble,8 DayWeek Hog_office_Alexis daily_peak_hour_MAE,EXACT_RECOVERED,A,8,outputs/phase8/test_forecast_metrics.csv,row[36].daily_peak_hour_MAE,Hog_office_Alexis,test,DayWeek,8 DayWeek Hog_office_Alexis daily_peak_hour_MAE,4.866666666666666,kW,,66d7bef9f8c671486f5f93f84141101ab04a85168726ebe813b689411bed9c51,NONE,YES,
CLM-1489,Decision-oriented ensemble,8 DayWeek Hog_office_Alexis daily_peak_hour_exact_rate,EXACT_RECOVERED,A,8,outputs/phase8/test_forecast_metrics.csv,row[36].daily_peak_hour_exact_rate,Hog_office_Alexis,test,DayWeek,8 DayWeek Hog_office_Alexis daily_peak_hour_exact_rate,0.16666666666666666,kW,,66d7bef9f8c671486f5f93f84141101ab04a85168726ebe813b689411bed9c51,NONE,YES,
CLM-1490,Decision-oriented ensemble,8 DayWeek Hog_office_Alexis daily_top3_overlap,EXACT_RECOVERED,A,8,outputs/phase8/test_forecast_metrics.csv,row[36].daily_top3_overlap,Hog_office_Alexis,test,DayWeek,8 DayWeek Hog_office_Alexis daily_top3_overlap,0.43333333333333335,dimensionless,,66d7bef9f8c671486f5f93f84141101ab04a85168726ebe813b689411bed9c51,NONE,YES,
CLM-1491,Decision-oriented ensemble,8 DayWeek Hog_office_Alexis normalized_MAE,EXACT_RECOVERED,A,8,outputs/phase8/test_forecast_metrics.csv,row[36].normalized_MAE,Hog_office_Alexis,test,DayWeek,8 DayWeek Hog_office_Alexis normalized_MAE,0.12733042751631524,dimensionless,,66d7bef9f8c671486f5f93f84141101ab04a85168726ebe813b689411bed9c51,NONE,YES,
CLM-1492,Decision-oriented ensemble,8 DayWeek Hog_office_Alexis normalized_RMSE,EXACT_RECOVERED,A,8,outputs/phase8/test_forecast_metrics.csv,row[36].normalized_RMSE,Hog_office_Alexis,test,DayWeek,8 DayWeek Hog_office_Alexis normalized_RMSE,0.22164151134618523,dimensionless,,66d7bef9f8c671486f5f93f84141101ab04a85168726ebe813b689411bed9c51,NONE,YES,
CLM-1493,Decision-oriented ensemble,8 LightGBM Hog_office_Alexis weight,EXACT_RECOVERED,A,8,outputs/phase8/test_forecast_metrics.csv,row[37].weight,Hog_office_Alexis,test,LightGBM,8 LightGBM Hog_office_Alexis weight,1.0,dimensionless,,66d7bef9f8c671486f5f93f84141101ab04a85168726ebe813b689411bed9c51,NONE,YES,
CLM-1494,Decision-oriented ensemble,8 LightGBM Hog_office_Alexis MAE,EXACT_RECOVERED,A,8,outputs/phase8/test_forecast_metrics.csv,row[37].MAE,Hog_office_Alexis,test,LightGBM,8 LightGBM Hog_office_Alexis MAE,2.072001256800829,kW,,66d7bef9f8c671486f5f93f84141101ab04a85168726ebe813b689411bed9c51,NONE,YES,
CLM-1495,Decision-oriented ensemble,8 LightGBM Hog_office_Alexis RMSE,EXACT_RECOVERED,A,8,outputs/phase8/test_forecast_metrics.csv,row[37].RMSE,Hog_office_Alexis,test,LightGBM,8 LightGBM Hog_office_Alexis RMSE,3.346049313982176,kW,,66d7bef9f8c671486f5f93f84141101ab04a85168726ebe813b689411bed9c51,NONE,YES,
CLM-1496,Decision-oriented ensemble,8 LightGBM Hog_office_Alexis MAPE,EXACT_RECOVERED,A,8,outputs/phase8/test_forecast_metrics.csv,row[37].MAPE,Hog_office_Alexis,test,LightGBM,8 LightGBM Hog_office_Alexis MAPE,11.941605667426495,%,,66d7bef9f8c671486f5f93f84141101ab04a85168726ebe813b689411bed9c51,NONE,YES,
CLM-1497,Decision-oriented ensemble,8 LightGBM Hog_office_Alexis bias,EXACT_RECOVERED,A,8,outputs/phase8/test_forecast_metrics.csv,row[37].bias,Hog_office_Alexis,test,LightGBM,8 LightGBM Hog_office_Alexis bias,-0.7131953800125811,dimensionless,,66d7bef9f8c671486f5f93f84141101ab04a85168726ebe813b689411bed9c51,NONE,YES,
CLM-1498,Decision-oriented ensemble,8 LightGBM Hog_office_Alexis actual_p75,EXACT_RECOVERED,A,8,outputs/phase8/test_forecast_metrics.csv,row[37].actual_p75,Hog_office_Alexis,test,LightGBM,8 LightGBM Hog_office_Alexis actual_p75,19.72925,dimensionless,,66d7bef9f8c671486f5f93f84141101ab04a85168726ebe813b689411bed9c51,NONE,YES,
CLM-1499,Decision-oriented ensemble,8 LightGBM Hog_office_Alexis peak_quartile_MAE,EXACT_RECOVERED,A,8,outputs/phase8/test_forecast_metrics.csv,row[37].peak_quartile_MAE,Hog_office_Alexis,test,LightGBM,8 LightGBM Hog_office_Alexis peak_quartile_MAE,3.8351589980942524,kW,,66d7bef9f8c671486f5f93f84141101ab04a85168726ebe813b689411bed9c51,NONE,YES,
CLM-1500,Decision-oriented ensemble,8 LightGBM Hog_office_Alexis peak_quartile_bias,EXACT_RECOVERED,A,8,outputs/phase8/test_forecast_metrics.csv,row[37].peak_quartile_bias,Hog_office_Alexis,test,LightGBM,8 LightGBM Hog_office_Alexis peak_quartile_bias,-3.0219720734824334,kW,,66d7bef9f8c671486f5f93f84141101ab04a85168726ebe813b689411bed9c51,NONE,YES,
CLM-1501,Decision-oriented ensemble,8 LightGBM Hog_office_Alexis daily_peak_hour_MAE,EXACT_RECOVERED,A,8,outputs/phase8/test_forecast_metrics.csv,row[37].daily_peak_hour_MAE,Hog_office_Alexis,test,LightGBM,8 LightGBM Hog_office_Alexis daily_peak_hour_MAE,4.933333333333334,kW,,66d7bef9f8c671486f5f93f84141101ab04a85168726ebe813b689411bed9c51,NONE,YES,
CLM-1502,Decision-oriented ensemble,8 LightGBM Hog_office_Alexis daily_peak_hour_exact_rate,EXACT_RECOVERED,A,8,outputs/phase8/test_forecast_metrics.csv,row[37].daily_peak_hour_exact_rate,Hog_office_Alexis,test,LightGBM,8 LightGBM Hog_office_Alexis daily_peak_hour_exact_rate,0.1,kW,,66d7bef9f8c671486f5f93f84141101ab04a85168726ebe813b689411bed9c51,NONE,YES,
CLM-1503,Decision-oriented ensemble,8 LightGBM Hog_office_Alexis daily_top3_overlap,EXACT_RECOVERED,A,8,outputs/phase8/test_forecast_metrics.csv,row[37].daily_top3_overlap,Hog_office_Alexis,test,LightGBM,8 LightGBM Hog_office_Alexis daily_top3_overlap,0.3777777777777777,dimensionless,,66d7bef9f8c671486f5f93f84141101ab04a85168726ebe813b689411bed9c51,NONE,YES,
CLM-1504,Decision-oriented ensemble,8 LightGBM Hog_office_Alexis normalized_MAE,EXACT_RECOVERED,A,8,outputs/phase8/test_forecast_metrics.csv,row[37].normalized_MAE,Hog_office_Alexis,test,LightGBM,8 LightGBM Hog_office_Alexis normalized_MAE,0.10704471836985059,dimensionless,,66d7bef9f8c671486f5f93f84141101ab04a85168726ebe813b689411bed9c51,NONE,YES,
CLM-1505,Decision-oriented ensemble,8 LightGBM Hog_office_Alexis normalized_RMSE,EXACT_RECOVERED,A,8,outputs/phase8/test_forecast_metrics.csv,row[37].normalized_RMSE,Hog_office_Alexis,test,LightGBM,8 LightGBM Hog_office_Alexis normalized_RMSE,0.1728651974950436,dimensionless,,66d7bef9f8c671486f5f93f84141101ab04a85168726ebe813b689411bed9c51,NONE,YES,
CLM-1506,Decision-oriented ensemble,8 ForecastSelectedPerBuilding Hog_office_Alexis weight,EXACT_RECOVERED,A,8,outputs/phase8/test_forecast_metrics.csv,row[38].weight,Hog_office_Alexis,test,ForecastSelectedPerBuilding,8 ForecastSelectedPerBuilding Hog_office_Alexis weight,0.6,dimensionless,,66d7bef9f8c671486f5f93f84141101ab04a85168726ebe813b689411bed9c51,NONE,YES,
CLM-1507,Decision-oriented ensemble,8 ForecastSelectedPerBuilding Hog_office_Alexis MAE,EXACT_RECOVERED,A,8,outputs/phase8/test_forecast_metrics.csv,row[38].MAE,Hog_office_Alexis,test,ForecastSelectedPerBuilding,8 ForecastSelectedPerBuilding Hog_office_Alexis MAE,2.0024704452428095,kW,,66d7bef9f8c671486f5f93f84141101ab04a85168726ebe813b689411bed9c51,NONE,YES,
CLM-1508,Decision-oriented ensemble,8 ForecastSelectedPerBuilding Hog_office_Alexis RMSE,EXACT_RECOVERED,A,8,outputs/phase8/test_forecast_metrics.csv,row[38].RMSE,Hog_office_Alexis,test,ForecastSelectedPerBuilding,8 ForecastSelectedPerBuilding Hog_office_Alexis RMSE,3.426763857224802,kW,,66d7bef9f8c671486f5f93f84141101ab04a85168726ebe813b689411bed9c51,NONE,YES,
CLM-1509,Decision-oriented ensemble,8 ForecastSelectedPerBuilding Hog_office_Alexis MAPE,EXACT_RECOVERED,A,8,outputs/phase8/test_forecast_metrics.csv,row[38].MAPE,Hog_office_Alexis,test,ForecastSelectedPerBuilding,8 ForecastSelectedPerBuilding Hog_office_Alexis MAPE,11.882030248034622,%,,66d7bef9f8c671486f5f93f84141101ab04a85168726ebe813b689411bed9c51,NONE,YES,
CLM-1510,Decision-oriented ensemble,8 ForecastSelectedPerBuilding Hog_office_Alexis bias,EXACT_RECOVERED,A,8,outputs/phase8/test_forecast_metrics.csv,row[38].bias,Hog_office_Alexis,test,ForecastSelectedPerBuilding,8 ForecastSelectedPerBuilding Hog_office_Alexis bias,-0.4656516724519931,dimensionless,,66d7bef9f8c671486f5f93f84141101ab04a85168726ebe813b689411bed9c51,NONE,YES,
CLM-1511,Decision-oriented ensemble,8 ForecastSelectedPerBuilding Hog_office_Alexis actual_p75,EXACT_RECOVERED,A,8,outputs/phase8/test_forecast_metrics.csv,row[38].actual_p75,Hog_office_Alexis,test,ForecastSelectedPerBuilding,8 ForecastSelectedPerBuilding Hog_office_Alexis actual_p75,19.72925,dimensionless,,66d7bef9f8c671486f5f93f84141101ab04a85168726ebe813b689411bed9c51,NONE,YES,
CLM-1512,Decision-oriented ensemble,8 ForecastSelectedPerBuilding Hog_office_Alexis peak_quartile_MAE,EXACT_RECOVERED,A,8,outputs/phase8/test_forecast_metrics.csv,row[38].peak_quartile_MAE,Hog_office_Alexis,test,ForecastSelectedPerBuilding,8 ForecastSelectedPerBuilding Hog_office_Alexis peak_quartile_MAE,3.4861116441875475,kW,,66d7bef9f8c671486f5f93f84141101ab04a85168726ebe813b689411bed9c51,NONE,YES,
CLM-1513,Decision-oriented ensemble,8 ForecastSelectedPerBuilding Hog_office_Alexis peak_quartile_bias,EXACT_RECOVERED,A,8,outputs/phase8/test_forecast_metrics.csv,row[38].peak_quartile_bias,Hog_office_Alexis,test,ForecastSelectedPerBuilding,8 ForecastSelectedPerBuilding Hog_office_Alexis peak_quartile_bias,-2.6445799107561268,kW,,66d7bef9f8c671486f5f93f84141101ab04a85168726ebe813b689411bed9c51,NONE,YES,
CLM-1514,Decision-oriented ensemble,8 ForecastSelectedPerBuilding Hog_office_Alexis daily_peak_hour_MAE,EXACT_RECOVERED,A,8,outputs/phase8/test_forecast_metrics.csv,row[38].daily_peak_hour_MAE,Hog_office_Alexis,test,ForecastSelectedPerBuilding,8 ForecastSelectedPerBuilding Hog_office_Alexis daily_peak_hour_MAE,3.8,kW,,66d7bef9f8c671486f5f93f84141101ab04a85168726ebe813b689411bed9c51,NONE,YES,
CLM-1515,Decision-oriented ensemble,8 ForecastSelectedPerBuilding Hog_office_Alexis daily_peak_hour_exact_rate,EXACT_RECOVERED,A,8,outputs/phase8/test_forecast_metrics.csv,row[38].daily_peak_hour_exact_rate,Hog_office_Alexis,test,ForecastSelectedPerBuilding,8 ForecastSelectedPerBuilding Hog_office_Alexis daily_peak_hour_exact_rate,0.16666666666666666,kW,,66d7bef9f8c671486f5f93f84141101ab04a85168726ebe813b689411bed9c51,NONE,YES,
CLM-1516,Decision-oriented ensemble,8 ForecastSelectedPerBuilding Hog_office_Alexis daily_top3_overlap,EXACT_RECOVERED,A,8,outputs/phase8/test_forecast_metrics.csv,row[38].daily_top3_overlap,Hog_office_Alexis,test,ForecastSelectedPerBuilding,8 ForecastSelectedPerBuilding Hog_office_Alexis daily_top3_overlap,0.4111111111111111,dimensionless,,66d7bef9f8c671486f5f93f84141101ab04a85168726ebe813b689411bed9c51,NONE,YES,
CLM-1517,Decision-oriented ensemble,8 ForecastSelectedPerBuilding Hog_office_Alexis normalized_MAE,EXACT_RECOVERED,A,8,outputs/phase8/test_forecast_metrics.csv,row[38].normalized_MAE,Hog_office_Alexis,test,ForecastSelectedPerBuilding,8 ForecastSelectedPerBuilding Hog_office_Alexis normalized_MAE,0.10345258438015062,dimensionless,,66d7bef9f8c671486f5f93f84141101ab04a85168726ebe813b689411bed9c51,NONE,YES,
CLM-1518,Decision-oriented ensemble,8 ForecastSelectedPerBuilding Hog_office_Alexis normalized_RMSE,EXACT_RECOVERED,A,8,outputs/phase8/test_forecast_metrics.csv,row[38].normalized_RMSE,Hog_office_Alexis,test,ForecastSelectedPerBuilding,8 ForecastSelectedPerBuilding Hog_office_Alexis normalized_RMSE,0.17703511077159165,dimensionless,,66d7bef9f8c671486f5f93f84141101ab04a85168726ebe813b689411bed9c51,NONE,YES,
CLM-1519,Decision-oriented ensemble,8 DecisionSelectedPerBuilding Hog_office_Alexis weight,EXACT_RECOVERED,A,8,outputs/phase8/test_forecast_metrics.csv,row[39].weight,Hog_office_Alexis,test,DecisionSelectedPerBuilding,8 DecisionSelectedPerBuilding Hog_office_Alexis weight,0.7,dimensionless,,66d7bef9f8c671486f5f93f84141101ab04a85168726ebe813b689411bed9c51,NONE,YES,
CLM-1520,Decision-oriented ensemble,8 DecisionSelectedPerBuilding Hog_office_Alexis MAE,EXACT_RECOVERED,A,8,outputs/phase8/test_forecast_metrics.csv,row[39].MAE,Hog_office_Alexis,test,DecisionSelectedPerBuilding,8 DecisionSelectedPerBuilding Hog_office_Alexis MAE,1.9771231623710321,kW,,66d7bef9f8c671486f5f93f84141101ab04a85168726ebe813b689411bed9c51,NONE,YES,
CLM-1521,Decision-oriented ensemble,8 DecisionSelectedPerBuilding Hog_office_Alexis RMSE,EXACT_RECOVERED,A,8,outputs/phase8/test_forecast_metrics.csv,row[39].RMSE,Hog_office_Alexis,test,DecisionSelectedPerBuilding,8 DecisionSelectedPerBuilding Hog_office_Alexis RMSE,3.3636135365278133,kW,,66d7bef9f8c671486f5f93f84141101ab04a85168726ebe813b689411bed9c51,NONE,YES,
CLM-1522,Decision-oriented ensemble,8 DecisionSelectedPerBuilding Hog_office_Alexis MAPE,EXACT_RECOVERED,A,8,outputs/phase8/test_forecast_metrics.csv,row[39].MAPE,Hog_office_Alexis,test,DecisionSelectedPerBuilding,8 DecisionSelectedPerBuilding Hog_office_Alexis MAPE,11.657640555934574,%,,66d7bef9f8c671486f5f93f84141101ab04a85168726ebe813b689411bed9c51,NONE,YES,
CLM-1523,Decision-oriented ensemble,8 DecisionSelectedPerBuilding Hog_office_Alexis bias,EXACT_RECOVERED,A,8,outputs/phase8/test_forecast_metrics.csv,row[39].bias,Hog_office_Alexis,test,DecisionSelectedPerBuilding,8 DecisionSelectedPerBuilding Hog_office_Alexis bias,-0.5275375993421402,dimensionless,,66d7bef9f8c671486f5f93f84141101ab04a85168726ebe813b689411bed9c51,NONE,YES,
CLM-1524,Decision-oriented ensemble,8 DecisionSelectedPerBuilding Hog_office_Alexis actual_p75,EXACT_RECOVERED,A,8,outputs/phase8/test_forecast_metrics.csv,row[39].actual_p75,Hog_office_Alexis,test,DecisionSelectedPerBuilding,8 DecisionSelectedPerBuilding Hog_office_Alexis actual_p75,19.72925,dimensionless,,66d7bef9f8c671486f5f93f84141101ab04a85168726ebe813b689411bed9c51,NONE,YES,
CLM-1525,Decision-oriented ensemble,8 DecisionSelectedPerBuilding Hog_office_Alexis peak_quartile_MAE,EXACT_RECOVERED,A,8,outputs/phase8/test_forecast_metrics.csv,row[39].peak_quartile_MAE,Hog_office_Alexis,test,DecisionSelectedPerBuilding,8 DecisionSelectedPerBuilding Hog_office_Alexis peak_quartile_MAE,3.5372720466719247,kW,,66d7bef9f8c671486f5f93f84141101ab04a85168726ebe813b689411bed9c51,NONE,YES,
CLM-1526,Decision-oriented ensemble,8 DecisionSelectedPerBuilding Hog_office_Alexis peak_quartile_bias,EXACT_RECOVERED,A,8,outputs/phase8/test_forecast_metrics.csv,row[39].peak_quartile_bias,Hog_office_Alexis,test,DecisionSelectedPerBuilding,8 DecisionSelectedPerBuilding Hog_office_Alexis peak_quartile_bias,-2.738927951437703,kW,,66d7bef9f8c671486f5f93f84141101ab04a85168726ebe813b689411bed9c51,NONE,YES,
CLM-1527,Decision-oriented ensemble,8 DecisionSelectedPerBuilding Hog_office_Alexis daily_peak_hour_MAE,EXACT_RECOVERED,A,8,outputs/phase8/test_forecast_metrics.csv,row[39].daily_peak_hour_MAE,Hog_office_Alexis,test,DecisionSelectedPerBuilding,8 DecisionSelectedPerBuilding Hog_office_Alexis daily_peak_hour_MAE,4.2,kW,,66d7bef9f8c671486f5f93f84141101ab04a85168726ebe813b689411bed9c51,NONE,YES,
CLM-1528,Decision-oriented ensemble,8 DecisionSelectedPerBuilding Hog_office_Alexis daily_peak_hour_exact_rate,EXACT_RECOVERED,A,8,outputs/phase8/test_forecast_metrics.csv,row[39].daily_peak_hour_exact_rate,Hog_office_Alexis,test,DecisionSelectedPerBuilding,8 DecisionSelectedPerBuilding Hog_office_Alexis daily_peak_hour_exact_rate,0.23333333333333334,kW,,66d7bef9f8c671486f5f93f84141101ab04a85168726ebe813b689411bed9c51,NONE,YES,
CLM-1529,Decision-oriented ensemble,8 DecisionSelectedPerBuilding Hog_office_Alexis daily_top3_overlap,EXACT_RECOVERED,A,8,outputs/phase8/test_forecast_metrics.csv,row[39].daily_top3_overlap,Hog_office_Alexis,test,DecisionSelectedPerBuilding,8 DecisionSelectedPerBuilding Hog_office_Alexis daily_top3_overlap,0.4111111111111111,dimensionless,,66d7bef9f8c671486f5f93f84141101ab04a85168726ebe813b689411bed9c51,NONE,YES,
CLM-1530,Decision-oriented ensemble,8 DecisionSelectedPerBuilding Hog_office_Alexis normalized_MAE,EXACT_RECOVERED,A,8,outputs/phase8/test_forecast_metrics.csv,row[39].normalized_MAE,Hog_office_Alexis,test,DecisionSelectedPerBuilding,8 DecisionSelectedPerBuilding Hog_office_Alexis normalized_MAE,0.10214308094836232,dimensionless,,66d7bef9f8c671486f5f93f84141101ab04a85168726ebe813b689411bed9c51,NONE,YES,
CLM-1531,Decision-oriented ensemble,8 DecisionSelectedPerBuilding Hog_office_Alexis normalized_RMSE,EXACT_RECOVERED,A,8,outputs/phase8/test_forecast_metrics.csv,row[39].normalized_RMSE,Hog_office_Alexis,test,DecisionSelectedPerBuilding,8 DecisionSelectedPerBuilding Hog_office_Alexis normalized_RMSE,0.17377260874762462,dimensionless,,66d7bef9f8c671486f5f93f84141101ab04a85168726ebe813b689411bed9c51,NONE,YES,
CLM-1532,Decision-oriented ensemble,8 ForecastSelectedGlobal Hog_office_Alexis weight,EXACT_RECOVERED,A,8,outputs/phase8/test_forecast_metrics.csv,row[40].weight,Hog_office_Alexis,test,ForecastSelectedGlobal,8 ForecastSelectedGlobal Hog_office_Alexis weight,0.5,dimensionless,,66d7bef9f8c671486f5f93f84141101ab04a85168726ebe813b689411bed9c51,NONE,YES,
CLM-1533,Decision-oriented ensemble,8 ForecastSelectedGlobal Hog_office_Alexis MAE,EXACT_RECOVERED,A,8,outputs/phase8/test_forecast_metrics.csv,row[40].MAE,Hog_office_Alexis,test,ForecastSelectedGlobal,8 ForecastSelectedGlobal Hog_office_Alexis MAE,2.0463568014017905,kW,,66d7bef9f8c671486f5f93f84141101ab04a85168726ebe813b689411bed9c51,NONE,YES,
CLM-1534,Decision-oriented ensemble,8 ForecastSelectedGlobal Hog_office_Alexis RMSE,EXACT_RECOVERED,A,8,outputs/phase8/test_forecast_metrics.csv,row[40].RMSE,Hog_office_Alexis,test,ForecastSelectedGlobal,8 ForecastSelectedGlobal Hog_office_Alexis RMSE,3.516573705995705,kW,,66d7bef9f8c671486f5f93f84141101ab04a85168726ebe813b689411bed9c51,NONE,YES,
CLM-1535,Decision-oriented ensemble,8 ForecastSelectedGlobal Hog_office_Alexis MAPE,EXACT_RECOVERED,A,8,outputs/phase8/test_forecast_metrics.csv,row[40].MAPE,Hog_office_Alexis,test,ForecastSelectedGlobal,8 ForecastSelectedGlobal Hog_office_Alexis MAPE,12.182739198804049,%,,66d7bef9f8c671486f5f93f84141101ab04a85168726ebe813b689411bed9c51,NONE,YES,
CLM-1536,Decision-oriented ensemble,8 ForecastSelectedGlobal Hog_office_Alexis bias,EXACT_RECOVERED,A,8,outputs/phase8/test_forecast_metrics.csv,row[40].bias,Hog_office_Alexis,test,ForecastSelectedGlobal,8 ForecastSelectedGlobal Hog_office_Alexis bias,-0.403765745561846,dimensionless,,66d7bef9f8c671486f5f93f84141101ab04a85168726ebe813b689411bed9c51,NONE,YES,
CLM-1537,Decision-oriented ensemble,8 ForecastSelectedGlobal Hog_office_Alexis actual_p75,EXACT_RECOVERED,A,8,outputs/phase8/test_forecast_metrics.csv,row[40].actual_p75,Hog_office_Alexis,test,ForecastSelectedGlobal,8 ForecastSelectedGlobal Hog_office_Alexis actual_p75,19.72925,dimensionless,,66d7bef9f8c671486f5f93f84141101ab04a85168726ebe813b689411bed9c51,NONE,YES,
CLM-1538,Decision-oriented ensemble,8 ForecastSelectedGlobal Hog_office_Alexis peak_quartile_MAE,EXACT_RECOVERED,A,8,outputs/phase8/test_forecast_metrics.csv,row[40].peak_quartile_MAE,Hog_office_Alexis,test,ForecastSelectedGlobal,8 ForecastSelectedGlobal Hog_office_Alexis peak_quartile_MAE,3.4914573888435547,kW,,66d7bef9f8c671486f5f93f84141101ab04a85168726ebe813b689411bed9c51,NONE,YES,
CLM-1539,Decision-oriented ensemble,8 ForecastSelectedGlobal Hog_office_Alexis peak_quartile_bias,EXACT_RECOVERED,A,8,outputs/phase8/test_forecast_metrics.csv,row[40].peak_quartile_bias,Hog_office_Alexis,test,ForecastSelectedGlobal,8 ForecastSelectedGlobal Hog_office_Alexis peak_quartile_bias,-2.55023187007455,kW,,66d7bef9f8c671486f5f93f84141101ab04a85168726ebe813b689411bed9c51,NONE,YES,
CLM-1540,Decision-oriented ensemble,8 ForecastSelectedGlobal Hog_office_Alexis daily_peak_hour_MAE,EXACT_RECOVERED,A,8,outputs/phase8/test_forecast_metrics.csv,row[40].daily_peak_hour_MAE,Hog_office_Alexis,test,ForecastSelectedGlobal,8 ForecastSelectedGlobal Hog_office_Alexis daily_peak_hour_MAE,3.6,kW,,66d7bef9f8c671486f5f93f84141101ab04a85168726ebe813b689411bed9c51,NONE,YES,
CLM-1541,Decision-oriented ensemble,8 ForecastSelectedGlobal Hog_office_Alexis daily_peak_hour_exact_rate,EXACT_RECOVERED,A,8,outputs/phase8/test_forecast_metrics.csv,row[40].daily_peak_hour_exact_rate,Hog_office_Alexis,test,ForecastSelectedGlobal,8 ForecastSelectedGlobal Hog_office_Alexis daily_peak_hour_exact_rate,0.2,kW,,66d7bef9f8c671486f5f93f84141101ab04a85168726ebe813b689411bed9c51,NONE,YES,
CLM-1542,Decision-oriented ensemble,8 ForecastSelectedGlobal Hog_office_Alexis daily_top3_overlap,EXACT_RECOVERED,A,8,outputs/phase8/test_forecast_metrics.csv,row[40].daily_top3_overlap,Hog_office_Alexis,test,ForecastSelectedGlobal,8 ForecastSelectedGlobal Hog_office_Alexis daily_top3_overlap,0.39999999999999997,dimensionless,,66d7bef9f8c671486f5f93f84141101ab04a85168726ebe813b689411bed9c51,NONE,YES,
CLM-1543,Decision-oriented ensemble,8 ForecastSelectedGlobal Hog_office_Alexis normalized_MAE,EXACT_RECOVERED,A,8,outputs/phase8/test_forecast_metrics.csv,row[40].normalized_MAE,Hog_office_Alexis,test,ForecastSelectedGlobal,8 ForecastSelectedGlobal Hog_office_Alexis normalized_MAE,0.1057198622690504,dimensionless,,66d7bef9f8c671486f5f93f84141101ab04a85168726ebe813b689411bed9c51,NONE,YES,
CLM-1544,Decision-oriented ensemble,8 ForecastSelectedGlobal Hog_office_Alexis normalized_RMSE,EXACT_RECOVERED,A,8,outputs/phase8/test_forecast_metrics.csv,row[40].normalized_RMSE,Hog_office_Alexis,test,ForecastSelectedGlobal,8 ForecastSelectedGlobal Hog_office_Alexis normalized_RMSE,0.1816749100656151,dimensionless,,66d7bef9f8c671486f5f93f84141101ab04a85168726ebe813b689411bed9c51,NONE,YES,
CLM-1545,Decision-oriented ensemble,8 DecisionSelectedGlobal Hog_office_Alexis weight,EXACT_RECOVERED,A,8,outputs/phase8/test_forecast_metrics.csv,row[41].weight,Hog_office_Alexis,test,DecisionSelectedGlobal,8 DecisionSelectedGlobal Hog_office_Alexis weight,0.8,dimensionless,,66d7bef9f8c671486f5f93f84141101ab04a85168726ebe813b689411bed9c51,NONE,YES,
CLM-1546,Decision-oriented ensemble,8 DecisionSelectedGlobal Hog_office_Alexis MAE,EXACT_RECOVERED,A,8,outputs/phase8/test_forecast_metrics.csv,row[41].MAE,Hog_office_Alexis,test,DecisionSelectedGlobal,8 DecisionSelectedGlobal Hog_office_Alexis MAE,1.9721647794433785,kW,,66d7bef9f8c671486f5f93f84141101ab04a85168726ebe813b689411bed9c51,NONE,YES,
CLM-1547,Decision-oriented ensemble,8 DecisionSelectedGlobal Hog_office_Alexis RMSE,EXACT_RECOVERED,A,8,outputs/phase8/test_forecast_metrics.csv,row[41].RMSE,Hog_office_Alexis,test,DecisionSelectedGlobal,8 DecisionSelectedGlobal Hog_office_Alexis RMSE,3.3286404280866964,kW,,66d7bef9f8c671486f5f93f84141101ab04a85168726ebe813b689411bed9c51,NONE,YES,
CLM-1548,Decision-oriented ensemble,8 DecisionSelectedGlobal Hog_office_Alexis MAPE,EXACT_RECOVERED,A,8,outputs/phase8/test_forecast_metrics.csv,row[41].MAPE,Hog_office_Alexis,test,DecisionSelectedGlobal,8 DecisionSelectedGlobal Hog_office_Alexis MAPE,11.53342516082868,%,,66d7bef9f8c671486f5f93f84141101ab04a85168726ebe813b689411bed9c51,NONE,YES,
CLM-1549,Decision-oriented ensemble,8 DecisionSelectedGlobal Hog_office_Alexis bias,EXACT_RECOVERED,A,8,outputs/phase8/test_forecast_metrics.csv,row[41].bias,Hog_office_Alexis,test,DecisionSelectedGlobal,8 DecisionSelectedGlobal Hog_office_Alexis bias,-0.5894235262322869,dimensionless,,66d7bef9f8c671486f5f93f84141101ab04a85168726ebe813b689411bed9c51,NONE,YES,
CLM-1550,Decision-oriented ensemble,8 DecisionSelectedGlobal Hog_office_Alexis actual_p75,EXACT_RECOVERED,A,8,outputs/phase8/test_forecast_metrics.csv,row[41].actual_p75,Hog_office_Alexis,test,DecisionSelectedGlobal,8 DecisionSelectedGlobal Hog_office_Alexis actual_p75,19.72925,dimensionless,,66d7bef9f8c671486f5f93f84141101ab04a85168726ebe813b689411bed9c51,NONE,YES,
CLM-1551,Decision-oriented ensemble,8 DecisionSelectedGlobal Hog_office_Alexis peak_quartile_MAE,EXACT_RECOVERED,A,8,outputs/phase8/test_forecast_metrics.csv,row[41].peak_quartile_MAE,Hog_office_Alexis,test,DecisionSelectedGlobal,8 DecisionSelectedGlobal Hog_office_Alexis peak_quartile_MAE,3.6221321771733335,kW,,66d7bef9f8c671486f5f93f84141101ab04a85168726ebe813b689411bed9c51,NONE,YES,
CLM-1552,Decision-oriented ensemble,8 DecisionSelectedGlobal Hog_office_Alexis peak_quartile_bias,EXACT_RECOVERED,A,8,outputs/phase8/test_forecast_metrics.csv,row[41].peak_quartile_bias,Hog_office_Alexis,test,DecisionSelectedGlobal,8 DecisionSelectedGlobal Hog_office_Alexis peak_quartile_bias,-2.8332759921192796,kW,,66d7bef9f8c671486f5f93f84141101ab04a85168726ebe813b689411bed9c51,NONE,YES,
CLM-1553,Decision-oriented ensemble,8 DecisionSelectedGlobal Hog_office_Alexis daily_peak_hour_MAE,EXACT_RECOVERED,A,8,outputs/phase8/test_forecast_metrics.csv,row[41].daily_peak_hour_MAE,Hog_office_Alexis,test,DecisionSelectedGlobal,8 DecisionSelectedGlobal Hog_office_Alexis daily_peak_hour_MAE,4.2,kW,,66d7bef9f8c671486f5f93f84141101ab04a85168726ebe813b689411bed9c51,NONE,YES,
CLM-1554,Decision-oriented ensemble,8 DecisionSelectedGlobal Hog_office_Alexis daily_peak_hour_exact_rate,EXACT_RECOVERED,A,8,outputs/phase8/test_forecast_metrics.csv,row[41].daily_peak_hour_exact_rate,Hog_office_Alexis,test,DecisionSelectedGlobal,8 DecisionSelectedGlobal Hog_office_Alexis daily_peak_hour_exact_rate,0.23333333333333334,kW,,66d7bef9f8c671486f5f93f84141101ab04a85168726ebe813b689411bed9c51,NONE,YES,
CLM-1555,Decision-oriented ensemble,8 DecisionSelectedGlobal Hog_office_Alexis daily_top3_overlap,EXACT_RECOVERED,A,8,outputs/phase8/test_forecast_metrics.csv,row[41].daily_top3_overlap,Hog_office_Alexis,test,DecisionSelectedGlobal,8 DecisionSelectedGlobal Hog_office_Alexis daily_top3_overlap,0.4111111111111111,dimensionless,,66d7bef9f8c671486f5f93f84141101ab04a85168726ebe813b689411bed9c51,NONE,YES,
CLM-1556,Decision-oriented ensemble,8 DecisionSelectedGlobal Hog_office_Alexis normalized_MAE,EXACT_RECOVERED,A,8,outputs/phase8/test_forecast_metrics.csv,row[41].normalized_MAE,Hog_office_Alexis,test,DecisionSelectedGlobal,8 DecisionSelectedGlobal Hog_office_Alexis normalized_MAE,0.10188691860178148,dimensionless,,66d7bef9f8c671486f5f93f84141101ab04a85168726ebe813b689411bed9c51,NONE,YES,
CLM-1557,Decision-oriented ensemble,8 DecisionSelectedGlobal Hog_office_Alexis normalized_RMSE,EXACT_RECOVERED,A,8,outputs/phase8/test_forecast_metrics.csv,row[41].normalized_RMSE,Hog_office_Alexis,test,DecisionSelectedGlobal,8 DecisionSelectedGlobal Hog_office_Alexis normalized_RMSE,0.1719658113186608,dimensionless,,66d7bef9f8c671486f5f93f84141101ab04a85168726ebe813b689411bed9c51,NONE,YES,
CLM-1558,Decision-oriented ensemble,8 DayWeek Hog_office_Byron weight,EXACT_RECOVERED,A,8,outputs/phase8/test_forecast_metrics.csv,row[42].weight,Hog_office_Byron,test,DayWeek,8 DayWeek Hog_office_Byron weight,0.0,dimensionless,,66d7bef9f8c671486f5f93f84141101ab04a85168726ebe813b689411bed9c51,NONE,YES,
CLM-1559,Decision-oriented ensemble,8 DayWeek Hog_office_Byron MAE,EXACT_RECOVERED,A,8,outputs/phase8/test_forecast_metrics.csv,row[42].MAE,Hog_office_Byron,test,DayWeek,8 DayWeek Hog_office_Byron MAE,36.52515138888889,kW,,66d7bef9f8c671486f5f93f84141101ab04a85168726ebe813b689411bed9c51,NONE,YES,
CLM-1560,Decision-oriented ensemble,8 DayWeek Hog_office_Byron RMSE,EXACT_RECOVERED,A,8,outputs/phase8/test_forecast_metrics.csv,row[42].RMSE,Hog_office_Byron,test,DayWeek,8 DayWeek Hog_office_Byron RMSE,61.227676986239246,kW,,66d7bef9f8c671486f5f93f84141101ab04a85168726ebe813b689411bed9c51,NONE,YES,
CLM-1561,Decision-oriented ensemble,8 DayWeek Hog_office_Byron MAPE,EXACT_RECOVERED,A,8,outputs/phase8/test_forecast_metrics.csv,row[42].MAPE,Hog_office_Byron,test,DayWeek,8 DayWeek Hog_office_Byron MAPE,3.869769299954023,%,,66d7bef9f8c671486f5f93f84141101ab04a85168726ebe813b689411bed9c51,NONE,YES,
CLM-1562,Decision-oriented ensemble,8 DayWeek Hog_office_Byron bias,EXACT_RECOVERED,A,8,outputs/phase8/test_forecast_metrics.csv,row[42].bias,Hog_office_Byron,test,DayWeek,8 DayWeek Hog_office_Byron bias,5.594080555555555,dimensionless,,66d7bef9f8c671486f5f93f84141101ab04a85168726ebe813b689411bed9c51,NONE,YES,
CLM-1563,Decision-oriented ensemble,8 DayWeek Hog_office_Byron actual_p75,EXACT_RECOVERED,A,8,outputs/phase8/test_forecast_metrics.csv,row[42].actual_p75,Hog_office_Byron,test,DayWeek,8 DayWeek Hog_office_Byron actual_p75,1041.28475,dimensionless,,66d7bef9f8c671486f5f93f84141101ab04a85168726ebe813b689411bed9c51,NONE,YES,
CLM-1564,Decision-oriented ensemble,8 DayWeek Hog_office_Byron peak_quartile_MAE,EXACT_RECOVERED,A,8,outputs/phase8/test_forecast_metrics.csv,row[42].peak_quartile_MAE,Hog_office_Byron,test,DayWeek,8 DayWeek Hog_office_Byron peak_quartile_MAE,54.12177777777779,kW,,66d7bef9f8c671486f5f93f84141101ab04a85168726ebe813b689411bed9c51,NONE,YES,
CLM-1565,Decision-oriented ensemble,8 DayWeek Hog_office_Byron peak_quartile_bias,EXACT_RECOVERED,A,8,outputs/phase8/test_forecast_metrics.csv,row[42].peak_quartile_bias,Hog_office_Byron,test,DayWeek,8 DayWeek Hog_office_Byron peak_quartile_bias,-23.692155555555555,kW,,66d7bef9f8c671486f5f93f84141101ab04a85168726ebe813b689411bed9c51,NONE,YES,
CLM-1566,Decision-oriented ensemble,8 DayWeek Hog_office_Byron daily_peak_hour_MAE,EXACT_RECOVERED,A,8,outputs/phase8/test_forecast_metrics.csv,row[42].daily_peak_hour_MAE,Hog_office_Byron,test,DayWeek,8 DayWeek Hog_office_Byron daily_peak_hour_MAE,1.0666666666666667,kW,,66d7bef9f8c671486f5f93f84141101ab04a85168726ebe813b689411bed9c51,NONE,YES,
CLM-1567,Decision-oriented ensemble,8 DayWeek Hog_office_Byron daily_peak_hour_exact_rate,EXACT_RECOVERED,A,8,outputs/phase8/test_forecast_metrics.csv,row[42].daily_peak_hour_exact_rate,Hog_office_Byron,test,DayWeek,8 DayWeek Hog_office_Byron daily_peak_hour_exact_rate,0.26666666666666666,kW,,66d7bef9f8c671486f5f93f84141101ab04a85168726ebe813b689411bed9c51,NONE,YES,
CLM-1568,Decision-oriented ensemble,8 DayWeek Hog_office_Byron daily_top3_overlap,EXACT_RECOVERED,A,8,outputs/phase8/test_forecast_metrics.csv,row[42].daily_top3_overlap,Hog_office_Byron,test,DayWeek,8 DayWeek Hog_office_Byron daily_top3_overlap,0.6555555555555554,dimensionless,,66d7bef9f8c671486f5f93f84141101ab04a85168726ebe813b689411bed9c51,NONE,YES,
CLM-1569,Decision-oriented ensemble,8 DayWeek Hog_office_Byron normalized_MAE,EXACT_RECOVERED,A,8,outputs/phase8/test_forecast_metrics.csv,row[42].normalized_MAE,Hog_office_Byron,test,DayWeek,8 DayWeek Hog_office_Byron normalized_MAE,0.03833022868356033,dimensionless,,66d7bef9f8c671486f5f93f84141101ab04a85168726ebe813b689411bed9c51,NONE,YES,
CLM-1570,Decision-oriented ensemble,8 DayWeek Hog_office_Byron normalized_RMSE,EXACT_RECOVERED,A,8,outputs/phase8/test_forecast_metrics.csv,row[42].normalized_RMSE,Hog_office_Byron,test,DayWeek,8 DayWeek Hog_office_Byron normalized_RMSE,0.06425355601290246,dimensionless,,66d7bef9f8c671486f5f93f84141101ab04a85168726ebe813b689411bed9c51,NONE,YES,
CLM-1571,Decision-oriented ensemble,8 LightGBM Hog_office_Byron weight,EXACT_RECOVERED,A,8,outputs/phase8/test_forecast_metrics.csv,row[43].weight,Hog_office_Byron,test,LightGBM,8 LightGBM Hog_office_Byron weight,1.0,dimensionless,,66d7bef9f8c671486f5f93f84141101ab04a85168726ebe813b689411bed9c51,NONE,YES,
CLM-1572,Decision-oriented ensemble,8 LightGBM Hog_office_Byron MAE,EXACT_RECOVERED,A,8,outputs/phase8/test_forecast_metrics.csv,row[43].MAE,Hog_office_Byron,test,LightGBM,8 LightGBM Hog_office_Byron MAE,26.567510964558156,kW,,66d7bef9f8c671486f5f93f84141101ab04a85168726ebe813b689411bed9c51,NONE,YES,
CLM-1573,Decision-oriented ensemble,8 LightGBM Hog_office_Byron RMSE,EXACT_RECOVERED,A,8,outputs/phase8/test_forecast_metrics.csv,row[43].RMSE,Hog_office_Byron,test,LightGBM,8 LightGBM Hog_office_Byron RMSE,44.34416903187631,kW,,66d7bef9f8c671486f5f93f84141101ab04a85168726ebe813b689411bed9c51,NONE,YES,
CLM-1574,Decision-oriented ensemble,8 LightGBM Hog_office_Byron MAPE,EXACT_RECOVERED,A,8,outputs/phase8/test_forecast_metrics.csv,row[43].MAPE,Hog_office_Byron,test,LightGBM,8 LightGBM Hog_office_Byron MAPE,2.943478679797083,%,,66d7bef9f8c671486f5f93f84141101ab04a85168726ebe813b689411bed9c51,NONE,YES,
CLM-1575,Decision-oriented ensemble,8 LightGBM Hog_office_Byron bias,EXACT_RECOVERED,A,8,outputs/phase8/test_forecast_metrics.csv,row[43].bias,Hog_office_Byron,test,LightGBM,8 LightGBM Hog_office_Byron bias,-4.381301021146597,dimensionless,,66d7bef9f8c671486f5f93f84141101ab04a85168726ebe813b689411bed9c51,NONE,YES,
CLM-1576,Decision-oriented ensemble,8 LightGBM Hog_office_Byron actual_p75,EXACT_RECOVERED,A,8,outputs/phase8/test_forecast_metrics.csv,row[43].actual_p75,Hog_office_Byron,test,LightGBM,8 LightGBM Hog_office_Byron actual_p75,1041.28475,dimensionless,,66d7bef9f8c671486f5f93f84141101ab04a85168726ebe813b689411bed9c51,NONE,YES,
CLM-1577,Decision-oriented ensemble,8 LightGBM Hog_office_Byron peak_quartile_MAE,EXACT_RECOVERED,A,8,outputs/phase8/test_forecast_metrics.csv,row[43].peak_quartile_MAE,Hog_office_Byron,test,LightGBM,8 LightGBM Hog_office_Byron peak_quartile_MAE,22.136409021757583,kW,,66d7bef9f8c671486f5f93f84141101ab04a85168726ebe813b689411bed9c51,NONE,YES,
CLM-1578,Decision-oriented ensemble,8 LightGBM Hog_office_Byron peak_quartile_bias,EXACT_RECOVERED,A,8,outputs/phase8/test_forecast_metrics.csv,row[43].peak_quartile_bias,Hog_office_Byron,test,LightGBM,8 LightGBM Hog_office_Byron peak_quartile_bias,-6.36440476606941,kW,,66d7bef9f8c671486f5f93f84141101ab04a85168726ebe813b689411bed9c51,NONE,YES,
CLM-1579,Decision-oriented ensemble,8 LightGBM Hog_office_Byron daily_peak_hour_MAE,EXACT_RECOVERED,A,8,outputs/phase8/test_forecast_metrics.csv,row[43].daily_peak_hour_MAE,Hog_office_Byron,test,LightGBM,8 LightGBM Hog_office_Byron daily_peak_hour_MAE,1.5666666666666667,kW,,66d7bef9f8c671486f5f93f84141101ab04a85168726ebe813b689411bed9c51,NONE,YES,
CLM-1580,Decision-oriented ensemble,8 LightGBM Hog_office_Byron daily_peak_hour_exact_rate,EXACT_RECOVERED,A,8,outputs/phase8/test_forecast_metrics.csv,row[43].daily_peak_hour_exact_rate,Hog_office_Byron,test,LightGBM,8 LightGBM Hog_office_Byron daily_peak_hour_exact_rate,0.36666666666666664,kW,,66d7bef9f8c671486f5f93f84141101ab04a85168726ebe813b689411bed9c51,NONE,YES,
CLM-1581,Decision-oriented ensemble,8 LightGBM Hog_office_Byron daily_top3_overlap,EXACT_RECOVERED,A,8,outputs/phase8/test_forecast_metrics.csv,row[43].daily_top3_overlap,Hog_office_Byron,test,LightGBM,8 LightGBM Hog_office_Byron daily_top3_overlap,0.6,dimensionless,,66d7bef9f8c671486f5f93f84141101ab04a85168726ebe813b689411bed9c51,NONE,YES,
CLM-1582,Decision-oriented ensemble,8 LightGBM Hog_office_Byron normalized_MAE,EXACT_RECOVERED,A,8,outputs/phase8/test_forecast_metrics.csv,row[43].normalized_MAE,Hog_office_Byron,test,LightGBM,8 LightGBM Hog_office_Byron normalized_MAE,0.027880480493622094,dimensionless,,66d7bef9f8c671486f5f93f84141101ab04a85168726ebe813b689411bed9c51,NONE,YES,
CLM-1583,Decision-oriented ensemble,8 LightGBM Hog_office_Byron normalized_RMSE,EXACT_RECOVERED,A,8,outputs/phase8/test_forecast_metrics.csv,row[43].normalized_RMSE,Hog_office_Byron,test,LightGBM,8 LightGBM Hog_office_Byron normalized_RMSE,0.04653566310176434,dimensionless,,66d7bef9f8c671486f5f93f84141101ab04a85168726ebe813b689411bed9c51,NONE,YES,
CLM-1584,Decision-oriented ensemble,8 ForecastSelectedPerBuilding Hog_office_Byron weight,EXACT_RECOVERED,A,8,outputs/phase8/test_forecast_metrics.csv,row[44].weight,Hog_office_Byron,test,ForecastSelectedPerBuilding,8 ForecastSelectedPerBuilding Hog_office_Byron weight,0.9,dimensionless,,66d7bef9f8c671486f5f93f84141101ab04a85168726ebe813b689411bed9c51,NONE,YES,
CLM-1585,Decision-oriented ensemble,8 ForecastSelectedPerBuilding Hog_office_Byron MAE,EXACT_RECOVERED,A,8,outputs/phase8/test_forecast_metrics.csv,row[44].MAE,Hog_office_Byron,test,ForecastSelectedPerBuilding,8 ForecastSelectedPerBuilding Hog_office_Byron MAE,24.965357967671974,kW,,66d7bef9f8c671486f5f93f84141101ab04a85168726ebe813b689411bed9c51,NONE,YES,
CLM-1586,Decision-oriented ensemble,8 ForecastSelectedPerBuilding Hog_office_Byron RMSE,EXACT_RECOVERED,A,8,outputs/phase8/test_forecast_metrics.csv,row[44].RMSE,Hog_office_Byron,test,ForecastSelectedPerBuilding,8 ForecastSelectedPerBuilding Hog_office_Byron RMSE,40.48836689781087,kW,,66d7bef9f8c671486f5f93f84141101ab04a85168726ebe813b689411bed9c51,NONE,YES,
CLM-1587,Decision-oriented ensemble,8 ForecastSelectedPerBuilding Hog_office_Byron MAPE,EXACT_RECOVERED,A,8,outputs/phase8/test_forecast_metrics.csv,row[44].MAPE,Hog_office_Byron,test,ForecastSelectedPerBuilding,8 ForecastSelectedPerBuilding Hog_office_Byron MAPE,2.759665873695729,%,,66d7bef9f8c671486f5f93f84141101ab04a85168726ebe813b689411bed9c51,NONE,YES,
CLM-1588,Decision-oriented ensemble,8 ForecastSelectedPerBuilding Hog_office_Byron bias,EXACT_RECOVERED,A,8,outputs/phase8/test_forecast_metrics.csv,row[44].bias,Hog_office_Byron,test,ForecastSelectedPerBuilding,8 ForecastSelectedPerBuilding Hog_office_Byron bias,-3.3837628634763792,dimensionless,,66d7bef9f8c671486f5f93f84141101ab04a85168726ebe813b689411bed9c51,NONE,YES,
CLM-1589,Decision-oriented ensemble,8 ForecastSelectedPerBuilding Hog_office_Byron actual_p75,EXACT_RECOVERED,A,8,outputs/phase8/test_forecast_metrics.csv,row[44].actual_p75,Hog_office_Byron,test,ForecastSelectedPerBuilding,8 ForecastSelectedPerBuilding Hog_office_Byron actual_p75,1041.28475,dimensionless,,66d7bef9f8c671486f5f93f84141101ab04a85168726ebe813b689411bed9c51,NONE,YES,
CLM-1590,Decision-oriented ensemble,8 ForecastSelectedPerBuilding Hog_office_Byron peak_quartile_MAE,EXACT_RECOVERED,A,8,outputs/phase8/test_forecast_metrics.csv,row[44].peak_quartile_MAE,Hog_office_Byron,test,ForecastSelectedPerBuilding,8 ForecastSelectedPerBuilding Hog_office_Byron peak_quartile_MAE,21.59558498786824,kW,,66d7bef9f8c671486f5f93f84141101ab04a85168726ebe813b689411bed9c51,NONE,YES,
CLM-1591,Decision-oriented ensemble,8 ForecastSelectedPerBuilding Hog_office_Byron peak_quartile_bias,EXACT_RECOVERED,A,8,outputs/phase8/test_forecast_metrics.csv,row[44].peak_quartile_bias,Hog_office_Byron,test,ForecastSelectedPerBuilding,8 ForecastSelectedPerBuilding Hog_office_Byron peak_quartile_bias,-8.097179845018017,kW,,66d7bef9f8c671486f5f93f84141101ab04a85168726ebe813b689411bed9c51,NONE,YES,
CLM-1592,Decision-oriented ensemble,8 ForecastSelectedPerBuilding Hog_office_Byron daily_peak_hour_MAE,EXACT_RECOVERED,A,8,outputs/phase8/test_forecast_metrics.csv,row[44].daily_peak_hour_MAE,Hog_office_Byron,test,ForecastSelectedPerBuilding,8 ForecastSelectedPerBuilding Hog_office_Byron daily_peak_hour_MAE,1.5666666666666667,kW,,66d7bef9f8c671486f5f93f84141101ab04a85168726ebe813b689411bed9c51,NONE,YES,
CLM-1593,Decision-oriented ensemble,8 ForecastSelectedPerBuilding Hog_office_Byron daily_peak_hour_exact_rate,EXACT_RECOVERED,A,8,outputs/phase8/test_forecast_metrics.csv,row[44].daily_peak_hour_exact_rate,Hog_office_Byron,test,ForecastSelectedPerBuilding,8 ForecastSelectedPerBuilding Hog_office_Byron daily_peak_hour_exact_rate,0.3,kW,,66d7bef9f8c671486f5f93f84141101ab04a85168726ebe813b689411bed9c51,NONE,YES,
CLM-1594,Decision-oriented ensemble,8 ForecastSelectedPerBuilding Hog_office_Byron daily_top3_overlap,EXACT_RECOVERED,A,8,outputs/phase8/test_forecast_metrics.csv,row[44].daily_top3_overlap,Hog_office_Byron,test,ForecastSelectedPerBuilding,8 ForecastSelectedPerBuilding Hog_office_Byron daily_top3_overlap,0.6,dimensionless,,66d7bef9f8c671486f5f93f84141101ab04a85168726ebe813b689411bed9c51,NONE,YES,
CLM-1595,Decision-oriented ensemble,8 ForecastSelectedPerBuilding Hog_office_Byron normalized_MAE,EXACT_RECOVERED,A,8,outputs/phase8/test_forecast_metrics.csv,row[44].normalized_MAE,Hog_office_Byron,test,ForecastSelectedPerBuilding,8 ForecastSelectedPerBuilding Hog_office_Byron normalized_MAE,0.026199148906441313,dimensionless,,66d7bef9f8c671486f5f93f84141101ab04a85168726ebe813b689411bed9c51,NONE,YES,
CLM-1596,Decision-oriented ensemble,8 ForecastSelectedPerBuilding Hog_office_Byron normalized_RMSE,EXACT_RECOVERED,A,8,outputs/phase8/test_forecast_metrics.csv,row[44].normalized_RMSE,Hog_office_Byron,test,ForecastSelectedPerBuilding,8 ForecastSelectedPerBuilding Hog_office_Byron normalized_RMSE,0.0424893067709252,dimensionless,,66d7bef9f8c671486f5f93f84141101ab04a85168726ebe813b689411bed9c51,NONE,YES,
CLM-1597,Decision-oriented ensemble,8 DecisionSelectedPerBuilding Hog_office_Byron weight,EXACT_RECOVERED,A,8,outputs/phase8/test_forecast_metrics.csv,row[45].weight,Hog_office_Byron,test,DecisionSelectedPerBuilding,8 DecisionSelectedPerBuilding Hog_office_Byron weight,0.8,dimensionless,,66d7bef9f8c671486f5f93f84141101ab04a85168726ebe813b689411bed9c51,NONE,YES,
CLM-1598,Decision-oriented ensemble,8 DecisionSelectedPerBuilding Hog_office_Byron MAE,EXACT_RECOVERED,A,8,outputs/phase8/test_forecast_metrics.csv,row[45].MAE,Hog_office_Byron,test,DecisionSelectedPerBuilding,8 DecisionSelectedPerBuilding Hog_office_Byron MAE,24.07500450889101,kW,,66d7bef9f8c671486f5f93f84141101ab04a85168726ebe813b689411bed9c51,NONE,YES,
CLM-1599,Decision-oriented ensemble,8 DecisionSelectedPerBuilding Hog_office_Byron RMSE,EXACT_RECOVERED,A,8,outputs/phase8/test_forecast_metrics.csv,row[45].RMSE,Hog_office_Byron,test,DecisionSelectedPerBuilding,8 DecisionSelectedPerBuilding Hog_office_Byron RMSE,37.74265637965639,kW,,66d7bef9f8c671486f5f93f84141101ab04a85168726ebe813b689411bed9c51,NONE,YES,
CLM-1600,Decision-oriented ensemble,8 DecisionSelectedPerBuilding Hog_office_Byron MAPE,EXACT_RECOVERED,A,8,outputs/phase8/test_forecast_metrics.csv,row[45].MAPE,Hog_office_Byron,test,DecisionSelectedPerBuilding,8 DecisionSelectedPerBuilding Hog_office_Byron MAPE,2.649281034159028,%,,66d7bef9f8c671486f5f93f84141101ab04a85168726ebe813b689411bed9c51,NONE,YES,
CLM-1601,Decision-oriented ensemble,8 DecisionSelectedPerBuilding Hog_office_Byron bias,EXACT_RECOVERED,A,8,outputs/phase8/test_forecast_metrics.csv,row[45].bias,Hog_office_Byron,test,DecisionSelectedPerBuilding,8 DecisionSelectedPerBuilding Hog_office_Byron bias,-2.3862247058061623,dimensionless,,66d7bef9f8c671486f5f93f84141101ab04a85168726ebe813b689411bed9c51,NONE,YES,
CLM-1602,Decision-oriented ensemble,8 DecisionSelectedPerBuilding Hog_office_Byron actual_p75,EXACT_RECOVERED,A,8,outputs/phase8/test_forecast_metrics.csv,row[45].actual_p75,Hog_office_Byron,test,DecisionSelectedPerBuilding,8 DecisionSelectedPerBuilding Hog_office_Byron actual_p75,1041.28475,dimensionless,,66d7bef9f8c671486f5f93f84141101ab04a85168726ebe813b689411bed9c51,NONE,YES,
CLM-1603,Decision-oriented ensemble,8 DecisionSelectedPerBuilding Hog_office_Byron peak_quartile_MAE,EXACT_RECOVERED,A,8,outputs/phase8/test_forecast_metrics.csv,row[45].peak_quartile_MAE,Hog_office_Byron,test,DecisionSelectedPerBuilding,8 DecisionSelectedPerBuilding Hog_office_Byron peak_quartile_MAE,22.29530643490275,kW,,66d7bef9f8c671486f5f93f84141101ab04a85168726ebe813b689411bed9c51,NONE,YES,
CLM-1604,Decision-oriented ensemble,8 DecisionSelectedPerBuilding Hog_office_Byron peak_quartile_bias,EXACT_RECOVERED,A,8,outputs/phase8/test_forecast_metrics.csv,row[45].peak_quartile_bias,Hog_office_Byron,test,DecisionSelectedPerBuilding,8 DecisionSelectedPerBuilding Hog_office_Byron peak_quartile_bias,-9.829954923966639,kW,,66d7bef9f8c671486f5f93f84141101ab04a85168726ebe813b689411bed9c51,NONE,YES,
CLM-1605,Decision-oriented ensemble,8 DecisionSelectedPerBuilding Hog_office_Byron daily_peak_hour_MAE,EXACT_RECOVERED,A,8,outputs/phase8/test_forecast_metrics.csv,row[45].daily_peak_hour_MAE,Hog_office_Byron,test,DecisionSelectedPerBuilding,8 DecisionSelectedPerBuilding Hog_office_Byron daily_peak_hour_MAE,1.1,kW,,66d7bef9f8c671486f5f93f84141101ab04a85168726ebe813b689411bed9c51,NONE,YES,
CLM-1606,Decision-oriented ensemble,8 DecisionSelectedPerBuilding Hog_office_Byron daily_peak_hour_exact_rate,EXACT_RECOVERED,A,8,outputs/phase8/test_forecast_metrics.csv,row[45].daily_peak_hour_exact_rate,Hog_office_Byron,test,DecisionSelectedPerBuilding,8 DecisionSelectedPerBuilding Hog_office_Byron daily_peak_hour_exact_rate,0.3333333333333333,kW,,66d7bef9f8c671486f5f93f84141101ab04a85168726ebe813b689411bed9c51,NONE,YES,
CLM-1607,Decision-oriented ensemble,8 DecisionSelectedPerBuilding Hog_office_Byron daily_top3_overlap,EXACT_RECOVERED,A,8,outputs/phase8/test_forecast_metrics.csv,row[45].daily_top3_overlap,Hog_office_Byron,test,DecisionSelectedPerBuilding,8 DecisionSelectedPerBuilding Hog_office_Byron daily_top3_overlap,0.6444444444444444,dimensionless,,66d7bef9f8c671486f5f93f84141101ab04a85168726ebe813b689411bed9c51,NONE,YES,
CLM-1608,Decision-oriented ensemble,8 DecisionSelectedPerBuilding Hog_office_Byron normalized_MAE,EXACT_RECOVERED,A,8,outputs/phase8/test_forecast_metrics.csv,row[45].normalized_MAE,Hog_office_Byron,test,DecisionSelectedPerBuilding,8 DecisionSelectedPerBuilding Hog_office_Byron normalized_MAE,0.02526479407459098,dimensionless,,66d7bef9f8c671486f5f93f84141101ab04a85168726ebe813b689411bed9c51,NONE,YES,
CLM-1609,Decision-oriented ensemble,8 DecisionSelectedPerBuilding Hog_office_Byron normalized_RMSE,EXACT_RECOVERED,A,8,outputs/phase8/test_forecast_metrics.csv,row[45].normalized_RMSE,Hog_office_Byron,test,DecisionSelectedPerBuilding,8 DecisionSelectedPerBuilding Hog_office_Byron normalized_RMSE,0.039607902914739306,dimensionless,,66d7bef9f8c671486f5f93f84141101ab04a85168726ebe813b689411bed9c51,NONE,YES,
CLM-1610,Decision-oriented ensemble,8 ForecastSelectedGlobal Hog_office_Byron weight,EXACT_RECOVERED,A,8,outputs/phase8/test_forecast_metrics.csv,row[46].weight,Hog_office_Byron,test,ForecastSelectedGlobal,8 ForecastSelectedGlobal Hog_office_Byron weight,0.5,dimensionless,,66d7bef9f8c671486f5f93f84141101ab04a85168726ebe813b689411bed9c51,NONE,YES,
CLM-1611,Decision-oriented ensemble,8 ForecastSelectedGlobal Hog_office_Byron MAE,EXACT_RECOVERED,A,8,outputs/phase8/test_forecast_metrics.csv,row[46].MAE,Hog_office_Byron,test,ForecastSelectedGlobal,8 ForecastSelectedGlobal Hog_office_Byron MAE,25.638232909231363,kW,,66d7bef9f8c671486f5f93f84141101ab04a85168726ebe813b689411bed9c51,NONE,YES,
CLM-1612,Decision-oriented ensemble,8 ForecastSelectedGlobal Hog_office_Byron RMSE,EXACT_RECOVERED,A,8,outputs/phase8/test_forecast_metrics.csv,row[46].RMSE,Hog_office_Byron,test,ForecastSelectedGlobal,8 ForecastSelectedGlobal Hog_office_Byron RMSE,38.12997846731195,kW,,66d7bef9f8c671486f5f93f84141101ab04a85168726ebe813b689411bed9c51,NONE,YES,
CLM-1613,Decision-oriented ensemble,8 ForecastSelectedGlobal Hog_office_Byron MAPE,EXACT_RECOVERED,A,8,outputs/phase8/test_forecast_metrics.csv,row[46].MAPE,Hog_office_Byron,test,ForecastSelectedGlobal,8 ForecastSelectedGlobal Hog_office_Byron MAPE,2.7536654204323483,%,,66d7bef9f8c671486f5f93f84141101ab04a85168726ebe813b689411bed9c51,NONE,YES,
CLM-1614,Decision-oriented ensemble,8 ForecastSelectedGlobal Hog_office_Byron bias,EXACT_RECOVERED,A,8,outputs/phase8/test_forecast_metrics.csv,row[46].bias,Hog_office_Byron,test,ForecastSelectedGlobal,8 ForecastSelectedGlobal Hog_office_Byron bias,0.6063897672044801,dimensionless,,66d7bef9f8c671486f5f93f84141101ab04a85168726ebe813b689411bed9c51,NONE,YES,
CLM-1615,Decision-oriented ensemble,8 ForecastSelectedGlobal Hog_office_Byron actual_p75,EXACT_RECOVERED,A,8,outputs/phase8/test_forecast_metrics.csv,row[46].actual_p75,Hog_office_Byron,test,ForecastSelectedGlobal,8 ForecastSelectedGlobal Hog_office_Byron actual_p75,1041.28475,dimensionless,,66d7bef9f8c671486f5f93f84141101ab04a85168726ebe813b689411bed9c51,NONE,YES,
CLM-1616,Decision-oriented ensemble,8 ForecastSelectedGlobal Hog_office_Byron peak_quartile_MAE,EXACT_RECOVERED,A,8,outputs/phase8/test_forecast_metrics.csv,row[46].peak_quartile_MAE,Hog_office_Byron,test,ForecastSelectedGlobal,8 ForecastSelectedGlobal Hog_office_Byron peak_quartile_MAE,32.15514109334429,kW,,66d7bef9f8c671486f5f93f84141101ab04a85168726ebe813b689411bed9c51,NONE,YES,
CLM-1617,Decision-oriented ensemble,8 ForecastSelectedGlobal Hog_office_Byron peak_quartile_bias,EXACT_RECOVERED,A,8,outputs/phase8/test_forecast_metrics.csv,row[46].peak_quartile_bias,Hog_office_Byron,test,ForecastSelectedGlobal,8 ForecastSelectedGlobal Hog_office_Byron peak_quartile_bias,-15.028280160812486,kW,,66d7bef9f8c671486f5f93f84141101ab04a85168726ebe813b689411bed9c51,NONE,YES,
CLM-1618,Decision-oriented ensemble,8 ForecastSelectedGlobal Hog_office_Byron daily_peak_hour_MAE,EXACT_RECOVERED,A,8,outputs/phase8/test_forecast_metrics.csv,row[46].daily_peak_hour_MAE,Hog_office_Byron,test,ForecastSelectedGlobal,8 ForecastSelectedGlobal Hog_office_Byron daily_peak_hour_MAE,0.9666666666666667,kW,,66d7bef9f8c671486f5f93f84141101ab04a85168726ebe813b689411bed9c51,NONE,YES,
CLM-1619,Decision-oriented ensemble,8 ForecastSelectedGlobal Hog_office_Byron daily_peak_hour_exact_rate,EXACT_RECOVERED,A,8,outputs/phase8/test_forecast_metrics.csv,row[46].daily_peak_hour_exact_rate,Hog_office_Byron,test,ForecastSelectedGlobal,8 ForecastSelectedGlobal Hog_office_Byron daily_peak_hour_exact_rate,0.26666666666666666,kW,,66d7bef9f8c671486f5f93f84141101ab04a85168726ebe813b689411bed9c51,NONE,YES,
CLM-1620,Decision-oriented ensemble,8 ForecastSelectedGlobal Hog_office_Byron daily_top3_overlap,EXACT_RECOVERED,A,8,outputs/phase8/test_forecast_metrics.csv,row[46].daily_top3_overlap,Hog_office_Byron,test,ForecastSelectedGlobal,8 ForecastSelectedGlobal Hog_office_Byron daily_top3_overlap,0.6444444444444444,dimensionless,,66d7bef9f8c671486f5f93f84141101ab04a85168726ebe813b689411bed9c51,NONE,YES,
CLM-1621,Decision-oriented ensemble,8 ForecastSelectedGlobal Hog_office_Byron normalized_MAE,EXACT_RECOVERED,A,8,outputs/phase8/test_forecast_metrics.csv,row[46].normalized_MAE,Hog_office_Byron,test,ForecastSelectedGlobal,8 ForecastSelectedGlobal Hog_office_Byron normalized_MAE,0.026905277407068266,dimensionless,,66d7bef9f8c671486f5f93f84141101ab04a85168726ebe813b689411bed9c51,NONE,YES,
CLM-1622,Decision-oriented ensemble,8 ForecastSelectedGlobal Hog_office_Byron normalized_RMSE,EXACT_RECOVERED,A,8,outputs/phase8/test_forecast_metrics.csv,row[46].normalized_RMSE,Hog_office_Byron,test,ForecastSelectedGlobal,8 ForecastSelectedGlobal Hog_office_Byron normalized_RMSE,0.04001436650570331,dimensionless,,66d7bef9f8c671486f5f93f84141101ab04a85168726ebe813b689411bed9c51,NONE,YES,
CLM-1623,Decision-oriented ensemble,8 DecisionSelectedGlobal Hog_office_Byron weight,EXACT_RECOVERED,A,8,outputs/phase8/test_forecast_metrics.csv,row[47].weight,Hog_office_Byron,test,DecisionSelectedGlobal,8 DecisionSelectedGlobal Hog_office_Byron weight,0.8,dimensionless,,66d7bef9f8c671486f5f93f84141101ab04a85168726ebe813b689411bed9c51,NONE,YES,
CLM-1624,Decision-oriented ensemble,8 DecisionSelectedGlobal Hog_office_Byron MAE,EXACT_RECOVERED,A,8,outputs/phase8/test_forecast_metrics.csv,row[47].MAE,Hog_office_Byron,test,DecisionSelectedGlobal,8 DecisionSelectedGlobal Hog_office_Byron MAE,24.07500450889101,kW,,66d7bef9f8c671486f5f93f84141101ab04a85168726ebe813b689411bed9c51,NONE,YES,
CLM-1625,Decision-oriented ensemble,8 DecisionSelectedGlobal Hog_office_Byron RMSE,EXACT_RECOVERED,A,8,outputs/phase8/test_forecast_metrics.csv,row[47].RMSE,Hog_office_Byron,test,DecisionSelectedGlobal,8 DecisionSelectedGlobal Hog_office_Byron RMSE,37.74265637965639,kW,,66d7bef9f8c671486f5f93f84141101ab04a85168726ebe813b689411bed9c51,NONE,YES,
CLM-1626,Decision-oriented ensemble,8 DecisionSelectedGlobal Hog_office_Byron MAPE,EXACT_RECOVERED,A,8,outputs/phase8/test_forecast_metrics.csv,row[47].MAPE,Hog_office_Byron,test,DecisionSelectedGlobal,8 DecisionSelectedGlobal Hog_office_Byron MAPE,2.649281034159028,%,,66d7bef9f8c671486f5f93f84141101ab04a85168726ebe813b689411bed9c51,NONE,YES,
CLM-1627,Decision-oriented ensemble,8 DecisionSelectedGlobal Hog_office_Byron bias,EXACT_RECOVERED,A,8,outputs/phase8/test_forecast_metrics.csv,row[47].bias,Hog_office_Byron,test,DecisionSelectedGlobal,8 DecisionSelectedGlobal Hog_office_Byron bias,-2.3862247058061623,dimensionless,,66d7bef9f8c671486f5f93f84141101ab04a85168726ebe813b689411bed9c51,NONE,YES,
CLM-1628,Decision-oriented ensemble,8 DecisionSelectedGlobal Hog_office_Byron actual_p75,EXACT_RECOVERED,A,8,outputs/phase8/test_forecast_metrics.csv,row[47].actual_p75,Hog_office_Byron,test,DecisionSelectedGlobal,8 DecisionSelectedGlobal Hog_office_Byron actual_p75,1041.28475,dimensionless,,66d7bef9f8c671486f5f93f84141101ab04a85168726ebe813b689411bed9c51,NONE,YES,
CLM-1629,Decision-oriented ensemble,8 DecisionSelectedGlobal Hog_office_Byron peak_quartile_MAE,EXACT_RECOVERED,A,8,outputs/phase8/test_forecast_metrics.csv,row[47].peak_quartile_MAE,Hog_office_Byron,test,DecisionSelectedGlobal,8 DecisionSelectedGlobal Hog_office_Byron peak_quartile_MAE,22.29530643490275,kW,,66d7bef9f8c671486f5f93f84141101ab04a85168726ebe813b689411bed9c51,NONE,YES,
CLM-1630,Decision-oriented ensemble,8 DecisionSelectedGlobal Hog_office_Byron peak_quartile_bias,EXACT_RECOVERED,A,8,outputs/phase8/test_forecast_metrics.csv,row[47].peak_quartile_bias,Hog_office_Byron,test,DecisionSelectedGlobal,8 DecisionSelectedGlobal Hog_office_Byron peak_quartile_bias,-9.829954923966639,kW,,66d7bef9f8c671486f5f93f84141101ab04a85168726ebe813b689411bed9c51,NONE,YES,
CLM-1631,Decision-oriented ensemble,8 DecisionSelectedGlobal Hog_office_Byron daily_peak_hour_MAE,EXACT_RECOVERED,A,8,outputs/phase8/test_forecast_metrics.csv,row[47].daily_peak_hour_MAE,Hog_office_Byron,test,DecisionSelectedGlobal,8 DecisionSelectedGlobal Hog_office_Byron daily_peak_hour_MAE,1.1,kW,,66d7bef9f8c671486f5f93f84141101ab04a85168726ebe813b689411bed9c51,NONE,YES,
CLM-1632,Decision-oriented ensemble,8 DecisionSelectedGlobal Hog_office_Byron daily_peak_hour_exact_rate,EXACT_RECOVERED,A,8,outputs/phase8/test_forecast_metrics.csv,row[47].daily_peak_hour_exact_rate,Hog_office_Byron,test,DecisionSelectedGlobal,8 DecisionSelectedGlobal Hog_office_Byron daily_peak_hour_exact_rate,0.3333333333333333,kW,,66d7bef9f8c671486f5f93f84141101ab04a85168726ebe813b689411bed9c51,NONE,YES,
CLM-1633,Decision-oriented ensemble,8 DecisionSelectedGlobal Hog_office_Byron daily_top3_overlap,EXACT_RECOVERED,A,8,outputs/phase8/test_forecast_metrics.csv,row[47].daily_top3_overlap,Hog_office_Byron,test,DecisionSelectedGlobal,8 DecisionSelectedGlobal Hog_office_Byron daily_top3_overlap,0.6444444444444444,dimensionless,,66d7bef9f8c671486f5f93f84141101ab04a85168726ebe813b689411bed9c51,NONE,YES,
CLM-1634,Decision-oriented ensemble,8 DecisionSelectedGlobal Hog_office_Byron normalized_MAE,EXACT_RECOVERED,A,8,outputs/phase8/test_forecast_metrics.csv,row[47].normalized_MAE,Hog_office_Byron,test,DecisionSelectedGlobal,8 DecisionSelectedGlobal Hog_office_Byron normalized_MAE,0.02526479407459098,dimensionless,,66d7bef9f8c671486f5f93f84141101ab04a85168726ebe813b689411bed9c51,NONE,YES,
CLM-1635,Decision-oriented ensemble,8 DecisionSelectedGlobal Hog_office_Byron normalized_RMSE,EXACT_RECOVERED,A,8,outputs/phase8/test_forecast_metrics.csv,row[47].normalized_RMSE,Hog_office_Byron,test,DecisionSelectedGlobal,8 DecisionSelectedGlobal Hog_office_Byron normalized_RMSE,0.039607902914739306,dimensionless,,66d7bef9f8c671486f5f93f84141101ab04a85168726ebe813b689411bed9c51,NONE,YES,
CLM-1636,Decision-oriented ensemble,8 Oracle Hog_office_Rolando no_battery_peak,EXACT_RECOVERED,A,8,outputs/phase8/test_decision_metrics.csv,row[0].no_battery_peak,Hog_office_Rolando,test,Oracle,8 Oracle Hog_office_Rolando no_battery_peak,483.0,kW,,1c4667ce525a0cdada916bd11ee8c27276ec3a816aeae6b12bbd45355fdbb502,NONE,YES,
CLM-1637,Decision-oriented ensemble,8 Oracle Hog_office_Rolando post_dispatch_peak,EXACT_RECOVERED,A,8,outputs/phase8/test_decision_metrics.csv,row[0].post_dispatch_peak,Hog_office_Rolando,test,Oracle,8 Oracle Hog_office_Rolando post_dispatch_peak,441.44933920704847,kW,,1c4667ce525a0cdada916bd11ee8c27276ec3a816aeae6b12bbd45355fdbb502,NONE,YES,
CLM-1638,Decision-oriented ensemble,8 Oracle Hog_office_Rolando absolute_peak_reduction,EXACT_RECOVERED,A,8,outputs/phase8/test_decision_metrics.csv,row[0].absolute_peak_reduction,Hog_office_Rolando,test,Oracle,8 Oracle Hog_office_Rolando absolute_peak_reduction,41.55066079295153,kW,,1c4667ce525a0cdada916bd11ee8c27276ec3a816aeae6b12bbd45355fdbb502,NONE,YES,
CLM-1639,Decision-oriented ensemble,8 Oracle Hog_office_Rolando peak_reduction_percentage,EXACT_RECOVERED,A,8,outputs/phase8/test_decision_metrics.csv,row[0].peak_reduction_percentage,Hog_office_Rolando,test,Oracle,8 Oracle Hog_office_Rolando peak_reduction_percentage,8.602621282184582,%,,1c4667ce525a0cdada916bd11ee8c27276ec3a816aeae6b12bbd45355fdbb502,NONE,YES,
CLM-1640,Decision-oriented ensemble,8 Oracle Hog_office_Rolando mean_daily_peak,EXACT_RECOVERED,A,8,outputs/phase8/test_decision_metrics.csv,row[0].mean_daily_peak,Hog_office_Rolando,test,Oracle,8 Oracle Hog_office_Rolando mean_daily_peak,420.17178387713477,kW,,1c4667ce525a0cdada916bd11ee8c27276ec3a816aeae6b12bbd45355fdbb502,NONE,YES,
CLM-1641,Decision-oriented ensemble,8 Oracle Hog_office_Rolando worst_10pct_daily_peak,EXACT_RECOVERED,A,8,outputs/phase8/test_decision_metrics.csv,row[0].worst_10pct_daily_peak,Hog_office_Rolando,test,Oracle,8 Oracle Hog_office_Rolando worst_10pct_daily_peak,441.0067768638,%,,1c4667ce525a0cdada916bd11ee8c27276ec3a816aeae6b12bbd45355fdbb502,NONE,YES,
CLM-1642,Decision-oriented ensemble,8 Oracle Hog_office_Rolando mean_regret_vs_oracle,EXACT_RECOVERED,A,8,outputs/phase8/test_decision_metrics.csv,row[0].mean_regret_vs_oracle,Hog_office_Rolando,test,Oracle,8 Oracle Hog_office_Rolando mean_regret_vs_oracle,0.0,kW,,1c4667ce525a0cdada916bd11ee8c27276ec3a816aeae6b12bbd45355fdbb502,NONE,YES,
CLM-1643,Decision-oriented ensemble,8 Oracle Hog_office_Rolando p90_regret,EXACT_RECOVERED,A,8,outputs/phase8/test_decision_metrics.csv,row[0].p90_regret,Hog_office_Rolando,test,Oracle,8 Oracle Hog_office_Rolando p90_regret,0.0,kW,,1c4667ce525a0cdada916bd11ee8c27276ec3a816aeae6b12bbd45355fdbb502,NONE,YES,
CLM-1644,Decision-oriented ensemble,8 Oracle Hog_office_Rolando max_regret,EXACT_RECOVERED,A,8,outputs/phase8/test_decision_metrics.csv,row[0].max_regret,Hog_office_Rolando,test,Oracle,8 Oracle Hog_office_Rolando max_regret,0.0,kW,,1c4667ce525a0cdada916bd11ee8c27276ec3a816aeae6b12bbd45355fdbb502,NONE,YES,
CLM-1645,Decision-oriented ensemble,8 Oracle Hog_office_Rolando oracle_capture_ratio,EXACT_RECOVERED,A,8,outputs/phase8/test_decision_metrics.csv,row[0].oracle_capture_ratio,Hog_office_Rolando,test,Oracle,8 Oracle Hog_office_Rolando oracle_capture_ratio,1.0,dimensionless,,1c4667ce525a0cdada916bd11ee8c27276ec3a816aeae6b12bbd45355fdbb502,NONE,YES,
CLM-1646,Decision-oriented ensemble,8 Oracle Hog_office_Rolando battery_throughput,EXACT_RECOVERED,A,8,outputs/phase8/test_decision_metrics.csv,row[0].battery_throughput,Hog_office_Rolando,test,Oracle,8 Oracle Hog_office_Rolando battery_throughput,9570.003439204675,dimensionless,,1c4667ce525a0cdada916bd11ee8c27276ec3a816aeae6b12bbd45355fdbb502,NONE,YES,
CLM-1647,Decision-oriented ensemble,8 Oracle Hog_office_Rolando equivalent_full_cycles,EXACT_RECOVERED,A,8,outputs/phase8/test_decision_metrics.csv,row[0].equivalent_full_cycles,Hog_office_Rolando,test,Oracle,8 Oracle Hog_office_Rolando equivalent_full_cycles,6.186270084456941,dimensionless,,1c4667ce525a0cdada916bd11ee8c27276ec3a816aeae6b12bbd45355fdbb502,NONE,YES,
CLM-1648,Decision-oriented ensemble,8 DayWeek Hog_office_Rolando no_battery_peak,EXACT_RECOVERED,A,8,outputs/phase8/test_decision_metrics.csv,row[1].no_battery_peak,Hog_office_Rolando,test,DayWeek,8 DayWeek Hog_office_Rolando no_battery_peak,483.0,kW,,1c4667ce525a0cdada916bd11ee8c27276ec3a816aeae6b12bbd45355fdbb502,NONE,YES,
CLM-1649,Decision-oriented ensemble,8 DayWeek Hog_office_Rolando post_dispatch_peak,EXACT_RECOVERED,A,8,outputs/phase8/test_decision_metrics.csv,row[1].post_dispatch_peak,Hog_office_Rolando,test,DayWeek,8 DayWeek Hog_office_Rolando post_dispatch_peak,454.91008771929813,kW,,1c4667ce525a0cdada916bd11ee8c27276ec3a816aeae6b12bbd45355fdbb502,NONE,YES,
CLM-1650,Decision-oriented ensemble,8 DayWeek Hog_office_Rolando absolute_peak_reduction,EXACT_RECOVERED,A,8,outputs/phase8/test_decision_metrics.csv,row[1].absolute_peak_reduction,Hog_office_Rolando,test,DayWeek,8 DayWeek Hog_office_Rolando absolute_peak_reduction,28.089912280701867,kW,,1c4667ce525a0cdada916bd11ee8c27276ec3a816aeae6b12bbd45355fdbb502,NONE,YES,
CLM-1651,Decision-oriented ensemble,8 DayWeek Hog_office_Rolando peak_reduction_percentage,EXACT_RECOVERED,A,8,outputs/phase8/test_decision_metrics.csv,row[1].peak_reduction_percentage,Hog_office_Rolando,test,DayWeek,8 DayWeek Hog_office_Rolando peak_reduction_percentage,5.815716828302664,%,,1c4667ce525a0cdada916bd11ee8c27276ec3a816aeae6b12bbd45355fdbb502,NONE,YES,
CLM-1652,Decision-oriented ensemble,8 DayWeek Hog_office_Rolando mean_daily_peak,EXACT_RECOVERED,A,8,outputs/phase8/test_decision_metrics.csv,row[1].mean_daily_peak,Hog_office_Rolando,test,DayWeek,8 DayWeek Hog_office_Rolando mean_daily_peak,431.60041443900246,kW,,1c4667ce525a0cdada916bd11ee8c27276ec3a816aeae6b12bbd45355fdbb502,NONE,YES,
CLM-1653,Decision-oriented ensemble,8 DayWeek Hog_office_Rolando worst_10pct_daily_peak,EXACT_RECOVERED,A,8,outputs/phase8/test_decision_metrics.csv,row[1].worst_10pct_daily_peak,Hog_office_Rolando,test,DayWeek,8 DayWeek Hog_office_Rolando worst_10pct_daily_peak,452.64357997852863,%,,1c4667ce525a0cdada916bd11ee8c27276ec3a816aeae6b12bbd45355fdbb502,NONE,YES,
CLM-1654,Decision-oriented ensemble,8 DayWeek Hog_office_Rolando mean_regret_vs_oracle,EXACT_RECOVERED,A,8,outputs/phase8/test_decision_metrics.csv,row[1].mean_regret_vs_oracle,Hog_office_Rolando,test,DayWeek,8 DayWeek Hog_office_Rolando mean_regret_vs_oracle,11.428630561867672,kW,,1c4667ce525a0cdada916bd11ee8c27276ec3a816aeae6b12bbd45355fdbb502,NONE,YES,
CLM-1655,Decision-oriented ensemble,8 DayWeek Hog_office_Rolando p90_regret,EXACT_RECOVERED,A,8,outputs/phase8/test_decision_metrics.csv,row[1].p90_regret,Hog_office_Rolando,test,DayWeek,8 DayWeek Hog_office_Rolando p90_regret,18.421994551356327,kW,,1c4667ce525a0cdada916bd11ee8c27276ec3a816aeae6b12bbd45355fdbb502,NONE,YES,
CLM-1656,Decision-oriented ensemble,8 DayWeek Hog_office_Rolando max_regret,EXACT_RECOVERED,A,8,outputs/phase8/test_decision_metrics.csv,row[1].max_regret,Hog_office_Rolando,test,DayWeek,8 DayWeek Hog_office_Rolando max_regret,32.172432697014244,kW,,1c4667ce525a0cdada916bd11ee8c27276ec3a816aeae6b12bbd45355fdbb502,NONE,YES,
CLM-1657,Decision-oriented ensemble,8 DayWeek Hog_office_Rolando oracle_capture_ratio,EXACT_RECOVERED,A,8,outputs/phase8/test_decision_metrics.csv,row[1].oracle_capture_ratio,Hog_office_Rolando,test,DayWeek,8 DayWeek Hog_office_Rolando oracle_capture_ratio,0.204042779795491,dimensionless,,1c4667ce525a0cdada916bd11ee8c27276ec3a816aeae6b12bbd45355fdbb502,NONE,YES,
CLM-1658,Decision-oriented ensemble,8 DayWeek Hog_office_Rolando battery_throughput,EXACT_RECOVERED,A,8,outputs/phase8/test_decision_metrics.csv,row[1].battery_throughput,Hog_office_Rolando,test,DayWeek,8 DayWeek Hog_office_Rolando battery_throughput,10560.169525554553,dimensionless,,1c4667ce525a0cdada916bd11ee8c27276ec3a816aeae6b12bbd45355fdbb502,NONE,YES,
CLM-1659,Decision-oriented ensemble,8 DayWeek Hog_office_Rolando equivalent_full_cycles,EXACT_RECOVERED,A,8,outputs/phase8/test_decision_metrics.csv,row[1].equivalent_full_cycles,Hog_office_Rolando,test,DayWeek,8 DayWeek Hog_office_Rolando equivalent_full_cycles,6.826336190759098,dimensionless,,1c4667ce525a0cdada916bd11ee8c27276ec3a816aeae6b12bbd45355fdbb502,NONE,YES,
CLM-1660,Decision-oriented ensemble,8 LightGBM Hog_office_Rolando no_battery_peak,EXACT_RECOVERED,A,8,outputs/phase8/test_decision_metrics.csv,row[2].no_battery_peak,Hog_office_Rolando,test,LightGBM,8 LightGBM Hog_office_Rolando no_battery_peak,483.0,kW,,1c4667ce525a0cdada916bd11ee8c27276ec3a816aeae6b12bbd45355fdbb502,NONE,YES,
CLM-1661,Decision-oriented ensemble,8 LightGBM Hog_office_Rolando post_dispatch_peak,EXACT_RECOVERED,A,8,outputs/phase8/test_decision_metrics.csv,row[2].post_dispatch_peak,Hog_office_Rolando,test,LightGBM,8 LightGBM Hog_office_Rolando post_dispatch_peak,453.80183920814187,kW,,1c4667ce525a0cdada916bd11ee8c27276ec3a816aeae6b12bbd45355fdbb502,NONE,YES,
CLM-1662,Decision-oriented ensemble,8 LightGBM Hog_office_Rolando absolute_peak_reduction,EXACT_RECOVERED,A,8,outputs/phase8/test_decision_metrics.csv,row[2].absolute_peak_reduction,Hog_office_Rolando,test,LightGBM,8 LightGBM Hog_office_Rolando absolute_peak_reduction,29.19816079185813,kW,,1c4667ce525a0cdada916bd11ee8c27276ec3a816aeae6b12bbd45355fdbb502,NONE,YES,
CLM-1663,Decision-oriented ensemble,8 LightGBM Hog_office_Rolando peak_reduction_percentage,EXACT_RECOVERED,A,8,outputs/phase8/test_decision_metrics.csv,row[2].peak_reduction_percentage,Hog_office_Rolando,test,LightGBM,8 LightGBM Hog_office_Rolando peak_reduction_percentage,6.045167865809136,%,,1c4667ce525a0cdada916bd11ee8c27276ec3a816aeae6b12bbd45355fdbb502,NONE,YES,
CLM-1664,Decision-oriented ensemble,8 LightGBM Hog_office_Rolando mean_daily_peak,EXACT_RECOVERED,A,8,outputs/phase8/test_decision_metrics.csv,row[2].mean_daily_peak,Hog_office_Rolando,test,LightGBM,8 LightGBM Hog_office_Rolando mean_daily_peak,431.2991558056665,kW,,1c4667ce525a0cdada916bd11ee8c27276ec3a816aeae6b12bbd45355fdbb502,NONE,YES,
CLM-1665,Decision-oriented ensemble,8 LightGBM Hog_office_Rolando worst_10pct_daily_peak,EXACT_RECOVERED,A,8,outputs/phase8/test_decision_metrics.csv,row[2].worst_10pct_daily_peak,Hog_office_Rolando,test,LightGBM,8 LightGBM Hog_office_Rolando worst_10pct_daily_peak,453.0816582496503,%,,1c4667ce525a0cdada916bd11ee8c27276ec3a816aeae6b12bbd45355fdbb502,NONE,YES,
CLM-1666,Decision-oriented ensemble,8 LightGBM Hog_office_Rolando mean_regret_vs_oracle,EXACT_RECOVERED,A,8,outputs/phase8/test_decision_metrics.csv,row[2].mean_regret_vs_oracle,Hog_office_Rolando,test,LightGBM,8 LightGBM Hog_office_Rolando mean_regret_vs_oracle,11.127371928531794,kW,,1c4667ce525a0cdada916bd11ee8c27276ec3a816aeae6b12bbd45355fdbb502,NONE,YES,
CLM-1667,Decision-oriented ensemble,8 LightGBM Hog_office_Rolando p90_regret,EXACT_RECOVERED,A,8,outputs/phase8/test_decision_metrics.csv,row[2].p90_regret,Hog_office_Rolando,test,LightGBM,8 LightGBM Hog_office_Rolando p90_regret,17.071824054570207,kW,,1c4667ce525a0cdada916bd11ee8c27276ec3a816aeae6b12bbd45355fdbb502,NONE,YES,
CLM-1668,Decision-oriented ensemble,8 LightGBM Hog_office_Rolando max_regret,EXACT_RECOVERED,A,8,outputs/phase8/test_decision_metrics.csv,row[2].max_regret,Hog_office_Rolando,test,LightGBM,8 LightGBM Hog_office_Rolando max_regret,28.59011896170307,kW,,1c4667ce525a0cdada916bd11ee8c27276ec3a816aeae6b12bbd45355fdbb502,NONE,YES,
CLM-1669,Decision-oriented ensemble,8 LightGBM Hog_office_Rolando oracle_capture_ratio,EXACT_RECOVERED,A,8,outputs/phase8/test_decision_metrics.csv,row[2].oracle_capture_ratio,Hog_office_Rolando,test,LightGBM,8 LightGBM Hog_office_Rolando oracle_capture_ratio,0.18091394313343964,dimensionless,,1c4667ce525a0cdada916bd11ee8c27276ec3a816aeae6b12bbd45355fdbb502,NONE,YES,
CLM-1670,Decision-oriented ensemble,8 LightGBM Hog_office_Rolando battery_throughput,EXACT_RECOVERED,A,8,outputs/phase8/test_decision_metrics.csv,row[2].battery_throughput,Hog_office_Rolando,test,LightGBM,8 LightGBM Hog_office_Rolando battery_throughput,8762.38098313647,dimensionless,,1c4667ce525a0cdada916bd11ee8c27276ec3a816aeae6b12bbd45355fdbb502,NONE,YES,
CLM-1671,Decision-oriented ensemble,8 LightGBM Hog_office_Rolando equivalent_full_cycles,EXACT_RECOVERED,A,8,outputs/phase8/test_decision_metrics.csv,row[2].equivalent_full_cycles,Hog_office_Rolando,test,LightGBM,8 LightGBM Hog_office_Rolando equivalent_full_cycles,5.664204374528037,dimensionless,,1c4667ce525a0cdada916bd11ee8c27276ec3a816aeae6b12bbd45355fdbb502,NONE,YES,
CLM-1672,Decision-oriented ensemble,8 ForecastSelectedPerBuilding Hog_office_Rolando no_battery_peak,EXACT_RECOVERED,A,8,outputs/phase8/test_decision_metrics.csv,row[3].no_battery_peak,Hog_office_Rolando,test,ForecastSelectedPerBuilding,8 ForecastSelectedPerBuilding Hog_office_Rolando no_battery_peak,483.0,kW,,1c4667ce525a0cdada916bd11ee8c27276ec3a816aeae6b12bbd45355fdbb502,NONE,YES,
CLM-1673,Decision-oriented ensemble,8 ForecastSelectedPerBuilding Hog_office_Rolando post_dispatch_peak,EXACT_RECOVERED,A,8,outputs/phase8/test_decision_metrics.csv,row[3].post_dispatch_peak,Hog_office_Rolando,test,ForecastSelectedPerBuilding,8 ForecastSelectedPerBuilding Hog_office_Rolando post_dispatch_peak,453.04532785369923,kW,,1c4667ce525a0cdada916bd11ee8c27276ec3a816aeae6b12bbd45355fdbb502,NONE,YES,
CLM-1674,Decision-oriented ensemble,8 ForecastSelectedPerBuilding Hog_office_Rolando absolute_peak_reduction,EXACT_RECOVERED,A,8,outputs/phase8/test_decision_metrics.csv,row[3].absolute_peak_reduction,Hog_office_Rolando,test,ForecastSelectedPerBuilding,8 ForecastSelectedPerBuilding Hog_office_Rolando absolute_peak_reduction,29.954672146300766,kW,,1c4667ce525a0cdada916bd11ee8c27276ec3a816aeae6b12bbd45355fdbb502,NONE,YES,
CLM-1675,Decision-oriented ensemble,8 ForecastSelectedPerBuilding Hog_office_Rolando peak_reduction_percentage,EXACT_RECOVERED,A,8,outputs/phase8/test_decision_metrics.csv,row[3].peak_reduction_percentage,Hog_office_Rolando,test,ForecastSelectedPerBuilding,8 ForecastSelectedPerBuilding Hog_office_Rolando peak_reduction_percentage,6.201795475424588,%,,1c4667ce525a0cdada916bd11ee8c27276ec3a816aeae6b12bbd45355fdbb502,NONE,YES,
CLM-1676,Decision-oriented ensemble,8 ForecastSelectedPerBuilding Hog_office_Rolando mean_daily_peak,EXACT_RECOVERED,A,8,outputs/phase8/test_decision_metrics.csv,row[3].mean_daily_peak,Hog_office_Rolando,test,ForecastSelectedPerBuilding,8 ForecastSelectedPerBuilding Hog_office_Rolando mean_daily_peak,430.9571592665441,kW,,1c4667ce525a0cdada916bd11ee8c27276ec3a816aeae6b12bbd45355fdbb502,NONE,YES,
CLM-1677,Decision-oriented ensemble,8 ForecastSelectedPerBuilding Hog_office_Rolando worst_10pct_daily_peak,EXACT_RECOVERED,A,8,outputs/phase8/test_decision_metrics.csv,row[3].worst_10pct_daily_peak,Hog_office_Rolando,test,ForecastSelectedPerBuilding,8 ForecastSelectedPerBuilding Hog_office_Rolando worst_10pct_daily_peak,452.65011484356427,%,,1c4667ce525a0cdada916bd11ee8c27276ec3a816aeae6b12bbd45355fdbb502,NONE,YES,
CLM-1678,Decision-oriented ensemble,8 ForecastSelectedPerBuilding Hog_office_Rolando mean_regret_vs_oracle,EXACT_RECOVERED,A,8,outputs/phase8/test_decision_metrics.csv,row[3].mean_regret_vs_oracle,Hog_office_Rolando,test,ForecastSelectedPerBuilding,8 ForecastSelectedPerBuilding Hog_office_Rolando mean_regret_vs_oracle,10.785375389409326,kW,,1c4667ce525a0cdada916bd11ee8c27276ec3a816aeae6b12bbd45355fdbb502,NONE,YES,
CLM-1679,Decision-oriented ensemble,8 ForecastSelectedPerBuilding Hog_office_Rolando p90_regret,EXACT_RECOVERED,A,8,outputs/phase8/test_decision_metrics.csv,row[3].p90_regret,Hog_office_Rolando,test,ForecastSelectedPerBuilding,8 ForecastSelectedPerBuilding Hog_office_Rolando p90_regret,16.27819504746212,kW,,1c4667ce525a0cdada916bd11ee8c27276ec3a816aeae6b12bbd45355fdbb502,NONE,YES,
CLM-1680,Decision-oriented ensemble,8 ForecastSelectedPerBuilding Hog_office_Rolando max_regret,EXACT_RECOVERED,A,8,outputs/phase8/test_decision_metrics.csv,row[3].max_regret,Hog_office_Rolando,test,ForecastSelectedPerBuilding,8 ForecastSelectedPerBuilding Hog_office_Rolando max_regret,28.948173928856193,kW,,1c4667ce525a0cdada916bd11ee8c27276ec3a816aeae6b12bbd45355fdbb502,NONE,YES,
CLM-1681,Decision-oriented ensemble,8 ForecastSelectedPerBuilding Hog_office_Rolando oracle_capture_ratio,EXACT_RECOVERED,A,8,outputs/phase8/test_decision_metrics.csv,row[3].oracle_capture_ratio,Hog_office_Rolando,test,ForecastSelectedPerBuilding,8 ForecastSelectedPerBuilding Hog_office_Rolando oracle_capture_ratio,0.20615140249723007,dimensionless,,1c4667ce525a0cdada916bd11ee8c27276ec3a816aeae6b12bbd45355fdbb502,NONE,YES,
CLM-1682,Decision-oriented ensemble,8 ForecastSelectedPerBuilding Hog_office_Rolando battery_throughput,EXACT_RECOVERED,A,8,outputs/phase8/test_decision_metrics.csv,row[3].battery_throughput,Hog_office_Rolando,test,ForecastSelectedPerBuilding,8 ForecastSelectedPerBuilding Hog_office_Rolando battery_throughput,8859.816970431191,dimensionless,,1c4667ce525a0cdada916bd11ee8c27276ec3a816aeae6b12bbd45355fdbb502,NONE,YES,
CLM-1683,Decision-oriented ensemble,8 ForecastSelectedPerBuilding Hog_office_Rolando equivalent_full_cycles,EXACT_RECOVERED,A,8,outputs/phase8/test_decision_metrics.csv,row[3].equivalent_full_cycles,Hog_office_Rolando,test,ForecastSelectedPerBuilding,8 ForecastSelectedPerBuilding Hog_office_Rolando equivalent_full_cycles,5.727189235210697,dimensionless,,1c4667ce525a0cdada916bd11ee8c27276ec3a816aeae6b12bbd45355fdbb502,NONE,YES,
CLM-1684,Decision-oriented ensemble,8 DecisionSelectedPerBuilding Hog_office_Rolando no_battery_peak,EXACT_RECOVERED,A,8,outputs/phase8/test_decision_metrics.csv,row[4].no_battery_peak,Hog_office_Rolando,test,DecisionSelectedPerBuilding,8 DecisionSelectedPerBuilding Hog_office_Rolando no_battery_peak,483.0,kW,,1c4667ce525a0cdada916bd11ee8c27276ec3a816aeae6b12bbd45355fdbb502,NONE,YES,
CLM-1685,Decision-oriented ensemble,8 DecisionSelectedPerBuilding Hog_office_Rolando post_dispatch_peak,EXACT_RECOVERED,A,8,outputs/phase8/test_decision_metrics.csv,row[4].post_dispatch_peak,Hog_office_Rolando,test,DecisionSelectedPerBuilding,8 DecisionSelectedPerBuilding Hog_office_Rolando post_dispatch_peak,452.13083909716016,kW,,1c4667ce525a0cdada916bd11ee8c27276ec3a816aeae6b12bbd45355fdbb502,NONE,YES,
CLM-1686,Decision-oriented ensemble,8 DecisionSelectedPerBuilding Hog_office_Rolando absolute_peak_reduction,EXACT_RECOVERED,A,8,outputs/phase8/test_decision_metrics.csv,row[4].absolute_peak_reduction,Hog_office_Rolando,test,DecisionSelectedPerBuilding,8 DecisionSelectedPerBuilding Hog_office_Rolando absolute_peak_reduction,30.869160902839837,kW,,1c4667ce525a0cdada916bd11ee8c27276ec3a816aeae6b12bbd45355fdbb502,NONE,YES,
CLM-1687,Decision-oriented ensemble,8 DecisionSelectedPerBuilding Hog_office_Rolando peak_reduction_percentage,EXACT_RECOVERED,A,8,outputs/phase8/test_decision_metrics.csv,row[4].peak_reduction_percentage,Hog_office_Rolando,test,DecisionSelectedPerBuilding,8 DecisionSelectedPerBuilding Hog_office_Rolando peak_reduction_percentage,6.391130621705971,%,,1c4667ce525a0cdada916bd11ee8c27276ec3a816aeae6b12bbd45355fdbb502,NONE,YES,
CLM-1688,Decision-oriented ensemble,8 DecisionSelectedPerBuilding Hog_office_Rolando mean_daily_peak,EXACT_RECOVERED,A,8,outputs/phase8/test_decision_metrics.csv,row[4].mean_daily_peak,Hog_office_Rolando,test,DecisionSelectedPerBuilding,8 DecisionSelectedPerBuilding Hog_office_Rolando mean_daily_peak,430.57206096745296,kW,,1c4667ce525a0cdada916bd11ee8c27276ec3a816aeae6b12bbd45355fdbb502,NONE,YES,
CLM-1689,Decision-oriented ensemble,8 DecisionSelectedPerBuilding Hog_office_Rolando worst_10pct_daily_peak,EXACT_RECOVERED,A,8,outputs/phase8/test_decision_metrics.csv,row[4].worst_10pct_daily_peak,Hog_office_Rolando,test,DecisionSelectedPerBuilding,8 DecisionSelectedPerBuilding Hog_office_Rolando worst_10pct_daily_peak,451.9246461149965,%,,1c4667ce525a0cdada916bd11ee8c27276ec3a816aeae6b12bbd45355fdbb502,NONE,YES,
CLM-1690,Decision-oriented ensemble,8 DecisionSelectedPerBuilding Hog_office_Rolando mean_regret_vs_oracle,EXACT_RECOVERED,A,8,outputs/phase8/test_decision_metrics.csv,row[4].mean_regret_vs_oracle,Hog_office_Rolando,test,DecisionSelectedPerBuilding,8 DecisionSelectedPerBuilding Hog_office_Rolando mean_regret_vs_oracle,10.400277090318191,kW,,1c4667ce525a0cdada916bd11ee8c27276ec3a816aeae6b12bbd45355fdbb502,NONE,YES,
CLM-1691,Decision-oriented ensemble,8 DecisionSelectedPerBuilding Hog_office_Rolando p90_regret,EXACT_RECOVERED,A,8,outputs/phase8/test_decision_metrics.csv,row[4].p90_regret,Hog_office_Rolando,test,DecisionSelectedPerBuilding,8 DecisionSelectedPerBuilding Hog_office_Rolando p90_regret,14.692543944282566,kW,,1c4667ce525a0cdada916bd11ee8c27276ec3a816aeae6b12bbd45355fdbb502,NONE,YES,
CLM-1692,Decision-oriented ensemble,8 DecisionSelectedPerBuilding Hog_office_Rolando max_regret,EXACT_RECOVERED,A,8,outputs/phase8/test_decision_metrics.csv,row[4].max_regret,Hog_office_Rolando,test,DecisionSelectedPerBuilding,8 DecisionSelectedPerBuilding Hog_office_Rolando max_regret,29.664401953964102,kW,,1c4667ce525a0cdada916bd11ee8c27276ec3a816aeae6b12bbd45355fdbb502,NONE,YES,
CLM-1693,Decision-oriented ensemble,8 DecisionSelectedPerBuilding Hog_office_Rolando oracle_capture_ratio,EXACT_RECOVERED,A,8,outputs/phase8/test_decision_metrics.csv,row[4].oracle_capture_ratio,Hog_office_Rolando,test,DecisionSelectedPerBuilding,8 DecisionSelectedPerBuilding Hog_office_Rolando oracle_capture_ratio,0.24246395238008744,dimensionless,,1c4667ce525a0cdada916bd11ee8c27276ec3a816aeae6b12bbd45355fdbb502,NONE,YES,
CLM-1694,Decision-oriented ensemble,8 DecisionSelectedPerBuilding Hog_office_Rolando battery_throughput,EXACT_RECOVERED,A,8,outputs/phase8/test_decision_metrics.csv,row[4].battery_throughput,Hog_office_Rolando,test,DecisionSelectedPerBuilding,8 DecisionSelectedPerBuilding Hog_office_Rolando battery_throughput,9111.666819909591,dimensionless,,1c4667ce525a0cdada916bd11ee8c27276ec3a816aeae6b12bbd45355fdbb502,NONE,YES,
CLM-1695,Decision-oriented ensemble,8 DecisionSelectedPerBuilding Hog_office_Rolando equivalent_full_cycles,EXACT_RECOVERED,A,8,outputs/phase8/test_decision_metrics.csv,row[4].equivalent_full_cycles,Hog_office_Rolando,test,DecisionSelectedPerBuilding,8 DecisionSelectedPerBuilding Hog_office_Rolando equivalent_full_cycles,5.889990763914513,dimensionless,,1c4667ce525a0cdada916bd11ee8c27276ec3a816aeae6b12bbd45355fdbb502,NONE,YES,
CLM-1696,Decision-oriented ensemble,8 ForecastSelectedGlobal Hog_office_Rolando no_battery_peak,EXACT_RECOVERED,A,8,outputs/phase8/test_decision_metrics.csv,row[5].no_battery_peak,Hog_office_Rolando,test,ForecastSelectedGlobal,8 ForecastSelectedGlobal Hog_office_Rolando no_battery_peak,483.0,kW,,1c4667ce525a0cdada916bd11ee8c27276ec3a816aeae6b12bbd45355fdbb502,NONE,YES,
CLM-1697,Decision-oriented ensemble,8 ForecastSelectedGlobal Hog_office_Rolando post_dispatch_peak,EXACT_RECOVERED,A,8,outputs/phase8/test_decision_metrics.csv,row[5].post_dispatch_peak,Hog_office_Rolando,test,ForecastSelectedGlobal,8 ForecastSelectedGlobal Hog_office_Rolando post_dispatch_peak,451.9124128310815,kW,,1c4667ce525a0cdada916bd11ee8c27276ec3a816aeae6b12bbd45355fdbb502,NONE,YES,
CLM-1698,Decision-oriented ensemble,8 ForecastSelectedGlobal Hog_office_Rolando absolute_peak_reduction,EXACT_RECOVERED,A,8,outputs/phase8/test_decision_metrics.csv,row[5].absolute_peak_reduction,Hog_office_Rolando,test,ForecastSelectedGlobal,8 ForecastSelectedGlobal Hog_office_Rolando absolute_peak_reduction,31.087587168918503,kW,,1c4667ce525a0cdada916bd11ee8c27276ec3a816aeae6b12bbd45355fdbb502,NONE,YES,
CLM-1699,Decision-oriented ensemble,8 ForecastSelectedGlobal Hog_office_Rolando peak_reduction_percentage,EXACT_RECOVERED,A,8,outputs/phase8/test_decision_metrics.csv,row[5].peak_reduction_percentage,Hog_office_Rolando,test,ForecastSelectedGlobal,8 ForecastSelectedGlobal Hog_office_Rolando peak_reduction_percentage,6.436353451121843,%,,1c4667ce525a0cdada916bd11ee8c27276ec3a816aeae6b12bbd45355fdbb502,NONE,YES,
CLM-1700,Decision-oriented ensemble,8 ForecastSelectedGlobal Hog_office_Rolando mean_daily_peak,EXACT_RECOVERED,A,8,outputs/phase8/test_decision_metrics.csv,row[5].mean_daily_peak,Hog_office_Rolando,test,ForecastSelectedGlobal,8 ForecastSelectedGlobal Hog_office_Rolando mean_daily_peak,430.47449874682223,kW,,1c4667ce525a0cdada916bd11ee8c27276ec3a816aeae6b12bbd45355fdbb502,NONE,YES,
CLM-1701,Decision-oriented ensemble,8 ForecastSelectedGlobal Hog_office_Rolando worst_10pct_daily_peak,EXACT_RECOVERED,A,8,outputs/phase8/test_decision_metrics.csv,row[5].worst_10pct_daily_peak,Hog_office_Rolando,test,ForecastSelectedGlobal,8 ForecastSelectedGlobal Hog_office_Rolando worst_10pct_daily_peak,451.5549846842711,%,,1c4667ce525a0cdada916bd11ee8c27276ec3a816aeae6b12bbd45355fdbb502,NONE,YES,
CLM-1702,Decision-oriented ensemble,8 ForecastSelectedGlobal Hog_office_Rolando mean_regret_vs_oracle,EXACT_RECOVERED,A,8,outputs/phase8/test_decision_metrics.csv,row[5].mean_regret_vs_oracle,Hog_office_Rolando,test,ForecastSelectedGlobal,8 ForecastSelectedGlobal Hog_office_Rolando mean_regret_vs_oracle,10.302714869687513,kW,,1c4667ce525a0cdada916bd11ee8c27276ec3a816aeae6b12bbd45355fdbb502,NONE,YES,
CLM-1703,Decision-oriented ensemble,8 ForecastSelectedGlobal Hog_office_Rolando p90_regret,EXACT_RECOVERED,A,8,outputs/phase8/test_decision_metrics.csv,row[5].p90_regret,Hog_office_Rolando,test,ForecastSelectedGlobal,8 ForecastSelectedGlobal Hog_office_Rolando p90_regret,14.567316341442751,kW,,1c4667ce525a0cdada916bd11ee8c27276ec3a816aeae6b12bbd45355fdbb502,NONE,YES,
CLM-1704,Decision-oriented ensemble,8 ForecastSelectedGlobal Hog_office_Rolando max_regret,EXACT_RECOVERED,A,8,outputs/phase8/test_decision_metrics.csv,row[5].max_regret,Hog_office_Rolando,test,ForecastSelectedGlobal,8 ForecastSelectedGlobal Hog_office_Rolando max_regret,30.380982166263948,kW,,1c4667ce525a0cdada916bd11ee8c27276ec3a816aeae6b12bbd45355fdbb502,NONE,YES,
CLM-1705,Decision-oriented ensemble,8 ForecastSelectedGlobal Hog_office_Rolando oracle_capture_ratio,EXACT_RECOVERED,A,8,outputs/phase8/test_decision_metrics.csv,row[5].oracle_capture_ratio,Hog_office_Rolando,test,ForecastSelectedGlobal,8 ForecastSelectedGlobal Hog_office_Rolando oracle_capture_ratio,0.26240356228192,dimensionless,,1c4667ce525a0cdada916bd11ee8c27276ec3a816aeae6b12bbd45355fdbb502,NONE,YES,
CLM-1706,Decision-oriented ensemble,8 ForecastSelectedGlobal Hog_office_Rolando battery_throughput,EXACT_RECOVERED,A,8,outputs/phase8/test_decision_metrics.csv,row[5].battery_throughput,Hog_office_Rolando,test,ForecastSelectedGlobal,8 ForecastSelectedGlobal Hog_office_Rolando battery_throughput,9453.003430540322,dimensionless,,1c4667ce525a0cdada916bd11ee8c27276ec3a816aeae6b12bbd45355fdbb502,NONE,YES,
CLM-1707,Decision-oriented ensemble,8 ForecastSelectedGlobal Hog_office_Rolando equivalent_full_cycles,EXACT_RECOVERED,A,8,outputs/phase8/test_decision_metrics.csv,row[5].equivalent_full_cycles,Hog_office_Rolando,test,ForecastSelectedGlobal,8 ForecastSelectedGlobal Hog_office_Rolando equivalent_full_cycles,6.1106385908969285,dimensionless,,1c4667ce525a0cdada916bd11ee8c27276ec3a816aeae6b12bbd45355fdbb502,NONE,YES,
CLM-1708,Decision-oriented ensemble,8 DecisionSelectedGlobal Hog_office_Rolando no_battery_peak,EXACT_RECOVERED,A,8,outputs/phase8/test_decision_metrics.csv,row[6].no_battery_peak,Hog_office_Rolando,test,DecisionSelectedGlobal,8 DecisionSelectedGlobal Hog_office_Rolando no_battery_peak,483.0,kW,,1c4667ce525a0cdada916bd11ee8c27276ec3a816aeae6b12bbd45355fdbb502,NONE,YES,
CLM-1709,Decision-oriented ensemble,8 DecisionSelectedGlobal Hog_office_Rolando post_dispatch_peak,EXACT_RECOVERED,A,8,outputs/phase8/test_decision_metrics.csv,row[6].post_dispatch_peak,Hog_office_Rolando,test,DecisionSelectedGlobal,8 DecisionSelectedGlobal Hog_office_Rolando post_dispatch_peak,452.2888164992568,kW,,1c4667ce525a0cdada916bd11ee8c27276ec3a816aeae6b12bbd45355fdbb502,NONE,YES,
CLM-1710,Decision-oriented ensemble,8 DecisionSelectedGlobal Hog_office_Rolando absolute_peak_reduction,EXACT_RECOVERED,A,8,outputs/phase8/test_decision_metrics.csv,row[6].absolute_peak_reduction,Hog_office_Rolando,test,DecisionSelectedGlobal,8 DecisionSelectedGlobal Hog_office_Rolando absolute_peak_reduction,30.711183500743175,kW,,1c4667ce525a0cdada916bd11ee8c27276ec3a816aeae6b12bbd45355fdbb502,NONE,YES,
CLM-1711,Decision-oriented ensemble,8 DecisionSelectedGlobal Hog_office_Rolando peak_reduction_percentage,EXACT_RECOVERED,A,8,outputs/phase8/test_decision_metrics.csv,row[6].peak_reduction_percentage,Hog_office_Rolando,test,DecisionSelectedGlobal,8 DecisionSelectedGlobal Hog_office_Rolando peak_reduction_percentage,6.358423085039995,%,,1c4667ce525a0cdada916bd11ee8c27276ec3a816aeae6b12bbd45355fdbb502,NONE,YES,
CLM-1712,Decision-oriented ensemble,8 DecisionSelectedGlobal Hog_office_Rolando mean_daily_peak,EXACT_RECOVERED,A,8,outputs/phase8/test_decision_metrics.csv,row[6].mean_daily_peak,Hog_office_Rolando,test,DecisionSelectedGlobal,8 DecisionSelectedGlobal Hog_office_Rolando mean_daily_peak,430.73346764093003,kW,,1c4667ce525a0cdada916bd11ee8c27276ec3a816aeae6b12bbd45355fdbb502,NONE,YES,
CLM-1713,Decision-oriented ensemble,8 DecisionSelectedGlobal Hog_office_Rolando worst_10pct_daily_peak,EXACT_RECOVERED,A,8,outputs/phase8/test_decision_metrics.csv,row[6].worst_10pct_daily_peak,Hog_office_Rolando,test,DecisionSelectedGlobal,8 DecisionSelectedGlobal Hog_office_Rolando worst_10pct_daily_peak,452.21857143747826,%,,1c4667ce525a0cdada916bd11ee8c27276ec3a816aeae6b12bbd45355fdbb502,NONE,YES,
CLM-1714,Decision-oriented ensemble,8 DecisionSelectedGlobal Hog_office_Rolando mean_regret_vs_oracle,EXACT_RECOVERED,A,8,outputs/phase8/test_decision_metrics.csv,row[6].mean_regret_vs_oracle,Hog_office_Rolando,test,DecisionSelectedGlobal,8 DecisionSelectedGlobal Hog_office_Rolando mean_regret_vs_oracle,10.561683763795266,kW,,1c4667ce525a0cdada916bd11ee8c27276ec3a816aeae6b12bbd45355fdbb502,NONE,YES,
CLM-1715,Decision-oriented ensemble,8 DecisionSelectedGlobal Hog_office_Rolando p90_regret,EXACT_RECOVERED,A,8,outputs/phase8/test_decision_metrics.csv,row[6].p90_regret,Hog_office_Rolando,test,DecisionSelectedGlobal,8 DecisionSelectedGlobal Hog_office_Rolando p90_regret,15.484858676544437,kW,,1c4667ce525a0cdada916bd11ee8c27276ec3a816aeae6b12bbd45355fdbb502,NONE,YES,
CLM-1716,Decision-oriented ensemble,8 DecisionSelectedGlobal Hog_office_Rolando max_regret,EXACT_RECOVERED,A,8,outputs/phase8/test_decision_metrics.csv,row[6].max_regret,Hog_office_Rolando,test,DecisionSelectedGlobal,8 DecisionSelectedGlobal Hog_office_Rolando max_regret,29.306228896009486,kW,,1c4667ce525a0cdada916bd11ee8c27276ec3a816aeae6b12bbd45355fdbb502,NONE,YES,
CLM-1717,Decision-oriented ensemble,8 DecisionSelectedGlobal Hog_office_Rolando oracle_capture_ratio,EXACT_RECOVERED,A,8,outputs/phase8/test_decision_metrics.csv,row[6].oracle_capture_ratio,Hog_office_Rolando,test,DecisionSelectedGlobal,8 DecisionSelectedGlobal Hog_office_Rolando oracle_capture_ratio,0.22639051924361506,dimensionless,,1c4667ce525a0cdada916bd11ee8c27276ec3a816aeae6b12bbd45355fdbb502,NONE,YES,
CLM-1718,Decision-oriented ensemble,8 DecisionSelectedGlobal Hog_office_Rolando battery_throughput,EXACT_RECOVERED,A,8,outputs/phase8/test_decision_metrics.csv,row[6].battery_throughput,Hog_office_Rolando,test,DecisionSelectedGlobal,8 DecisionSelectedGlobal Hog_office_Rolando battery_throughput,8974.82438232671,dimensionless,,1c4667ce525a0cdada916bd11ee8c27276ec3a816aeae6b12bbd45355fdbb502,NONE,YES,
CLM-1719,Decision-oriented ensemble,8 DecisionSelectedGlobal Hog_office_Rolando equivalent_full_cycles,EXACT_RECOVERED,A,8,outputs/phase8/test_decision_metrics.csv,row[6].equivalent_full_cycles,Hog_office_Rolando,test,DecisionSelectedGlobal,8 DecisionSelectedGlobal Hog_office_Rolando equivalent_full_cycles,5.801532668441389,dimensionless,,1c4667ce525a0cdada916bd11ee8c27276ec3a816aeae6b12bbd45355fdbb502,NONE,YES,
CLM-1720,Decision-oriented ensemble,8 Oracle Hog_office_Lavon no_battery_peak,EXACT_RECOVERED,A,8,outputs/phase8/test_decision_metrics.csv,row[7].no_battery_peak,Hog_office_Lavon,test,Oracle,8 Oracle Hog_office_Lavon no_battery_peak,19.192,kW,,1c4667ce525a0cdada916bd11ee8c27276ec3a816aeae6b12bbd45355fdbb502,NONE,YES,
CLM-1721,Decision-oriented ensemble,8 Oracle Hog_office_Lavon post_dispatch_peak,EXACT_RECOVERED,A,8,outputs/phase8/test_decision_metrics.csv,row[7].post_dispatch_peak,Hog_office_Lavon,test,Oracle,8 Oracle Hog_office_Lavon post_dispatch_peak,15.01853913043478,kW,,1c4667ce525a0cdada916bd11ee8c27276ec3a816aeae6b12bbd45355fdbb502,NONE,YES,
CLM-1722,Decision-oriented ensemble,8 Oracle Hog_office_Lavon absolute_peak_reduction,EXACT_RECOVERED,A,8,outputs/phase8/test_decision_metrics.csv,row[7].absolute_peak_reduction,Hog_office_Lavon,test,Oracle,8 Oracle Hog_office_Lavon absolute_peak_reduction,4.17346086956522,kW,,1c4667ce525a0cdada916bd11ee8c27276ec3a816aeae6b12bbd45355fdbb502,NONE,YES,
CLM-1723,Decision-oriented ensemble,8 Oracle Hog_office_Lavon peak_reduction_percentage,EXACT_RECOVERED,A,8,outputs/phase8/test_decision_metrics.csv,row[7].peak_reduction_percentage,Hog_office_Lavon,test,Oracle,8 Oracle Hog_office_Lavon peak_reduction_percentage,21.745836127371927,%,,1c4667ce525a0cdada916bd11ee8c27276ec3a816aeae6b12bbd45355fdbb502,NONE,YES,
CLM-1724,Decision-oriented ensemble,8 Oracle Hog_office_Lavon mean_daily_peak,EXACT_RECOVERED,A,8,outputs/phase8/test_decision_metrics.csv,row[7].mean_daily_peak,Hog_office_Lavon,test,Oracle,8 Oracle Hog_office_Lavon mean_daily_peak,12.057748657819523,kW,,1c4667ce525a0cdada916bd11ee8c27276ec3a816aeae6b12bbd45355fdbb502,NONE,YES,
CLM-1725,Decision-oriented ensemble,8 Oracle Hog_office_Lavon worst_10pct_daily_peak,EXACT_RECOVERED,A,8,outputs/phase8/test_decision_metrics.csv,row[7].worst_10pct_daily_peak,Hog_office_Lavon,test,Oracle,8 Oracle Hog_office_Lavon worst_10pct_daily_peak,14.896656861956977,%,,1c4667ce525a0cdada916bd11ee8c27276ec3a816aeae6b12bbd45355fdbb502,NONE,YES,
CLM-1726,Decision-oriented ensemble,8 Oracle Hog_office_Lavon mean_regret_vs_oracle,EXACT_RECOVERED,A,8,outputs/phase8/test_decision_metrics.csv,row[7].mean_regret_vs_oracle,Hog_office_Lavon,test,Oracle,8 Oracle Hog_office_Lavon mean_regret_vs_oracle,0.0,kW,,1c4667ce525a0cdada916bd11ee8c27276ec3a816aeae6b12bbd45355fdbb502,NONE,YES,
CLM-1727,Decision-oriented ensemble,8 Oracle Hog_office_Lavon p90_regret,EXACT_RECOVERED,A,8,outputs/phase8/test_decision_metrics.csv,row[7].p90_regret,Hog_office_Lavon,test,Oracle,8 Oracle Hog_office_Lavon p90_regret,0.0,kW,,1c4667ce525a0cdada916bd11ee8c27276ec3a816aeae6b12bbd45355fdbb502,NONE,YES,
CLM-1728,Decision-oriented ensemble,8 Oracle Hog_office_Lavon max_regret,EXACT_RECOVERED,A,8,outputs/phase8/test_decision_metrics.csv,row[7].max_regret,Hog_office_Lavon,test,Oracle,8 Oracle Hog_office_Lavon max_regret,0.0,kW,,1c4667ce525a0cdada916bd11ee8c27276ec3a816aeae6b12bbd45355fdbb502,NONE,YES,
CLM-1729,Decision-oriented ensemble,8 Oracle Hog_office_Lavon oracle_capture_ratio,EXACT_RECOVERED,A,8,outputs/phase8/test_decision_metrics.csv,row[7].oracle_capture_ratio,Hog_office_Lavon,test,Oracle,8 Oracle Hog_office_Lavon oracle_capture_ratio,1.0,dimensionless,,1c4667ce525a0cdada916bd11ee8c27276ec3a816aeae6b12bbd45355fdbb502,NONE,YES,
CLM-1730,Decision-oriented ensemble,8 Oracle Hog_office_Lavon battery_throughput,EXACT_RECOVERED,A,8,outputs/phase8/test_decision_metrics.csv,row[7].battery_throughput,Hog_office_Lavon,test,Oracle,8 Oracle Hog_office_Lavon battery_throughput,1062.366638971052,dimensionless,,1c4667ce525a0cdada916bd11ee8c27276ec3a816aeae6b12bbd45355fdbb502,NONE,YES,
CLM-1731,Decision-oriented ensemble,8 Oracle Hog_office_Lavon equivalent_full_cycles,EXACT_RECOVERED,A,8,outputs/phase8/test_decision_metrics.csv,row[7].equivalent_full_cycles,Hog_office_Lavon,test,Oracle,8 Oracle Hog_office_Lavon equivalent_full_cycles,0.7047914794526234,dimensionless,,1c4667ce525a0cdada916bd11ee8c27276ec3a816aeae6b12bbd45355fdbb502,NONE,YES,
CLM-1732,Decision-oriented ensemble,8 DayWeek Hog_office_Lavon no_battery_peak,EXACT_RECOVERED,A,8,outputs/phase8/test_decision_metrics.csv,row[8].no_battery_peak,Hog_office_Lavon,test,DayWeek,8 DayWeek Hog_office_Lavon no_battery_peak,19.192,kW,,1c4667ce525a0cdada916bd11ee8c27276ec3a816aeae6b12bbd45355fdbb502,NONE,YES,
CLM-1733,Decision-oriented ensemble,8 DayWeek Hog_office_Lavon post_dispatch_peak,EXACT_RECOVERED,A,8,outputs/phase8/test_decision_metrics.csv,row[8].post_dispatch_peak,Hog_office_Lavon,test,DayWeek,8 DayWeek Hog_office_Lavon post_dispatch_peak,18.90800652173914,kW,,1c4667ce525a0cdada916bd11ee8c27276ec3a816aeae6b12bbd45355fdbb502,NONE,YES,
CLM-1734,Decision-oriented ensemble,8 DayWeek Hog_office_Lavon absolute_peak_reduction,EXACT_RECOVERED,A,8,outputs/phase8/test_decision_metrics.csv,row[8].absolute_peak_reduction,Hog_office_Lavon,test,DayWeek,8 DayWeek Hog_office_Lavon absolute_peak_reduction,0.28399347826086085,kW,,1c4667ce525a0cdada916bd11ee8c27276ec3a816aeae6b12bbd45355fdbb502,NONE,YES,
CLM-1735,Decision-oriented ensemble,8 DayWeek Hog_office_Lavon peak_reduction_percentage,EXACT_RECOVERED,A,8,outputs/phase8/test_decision_metrics.csv,row[8].peak_reduction_percentage,Hog_office_Lavon,test,DayWeek,8 DayWeek Hog_office_Lavon peak_reduction_percentage,1.4797492614675951,%,,1c4667ce525a0cdada916bd11ee8c27276ec3a816aeae6b12bbd45355fdbb502,NONE,YES,
CLM-1736,Decision-oriented ensemble,8 DayWeek Hog_office_Lavon mean_daily_peak,EXACT_RECOVERED,A,8,outputs/phase8/test_decision_metrics.csv,row[8].mean_daily_peak,Hog_office_Lavon,test,DayWeek,8 DayWeek Hog_office_Lavon mean_daily_peak,15.65111823437829,kW,,1c4667ce525a0cdada916bd11ee8c27276ec3a816aeae6b12bbd45355fdbb502,NONE,YES,
CLM-1737,Decision-oriented ensemble,8 DayWeek Hog_office_Lavon worst_10pct_daily_peak,EXACT_RECOVERED,A,8,outputs/phase8/test_decision_metrics.csv,row[8].worst_10pct_daily_peak,Hog_office_Lavon,test,DayWeek,8 DayWeek Hog_office_Lavon worst_10pct_daily_peak,18.568389119559985,%,,1c4667ce525a0cdada916bd11ee8c27276ec3a816aeae6b12bbd45355fdbb502,NONE,YES,
CLM-1738,Decision-oriented ensemble,8 DayWeek Hog_office_Lavon mean_regret_vs_oracle,EXACT_RECOVERED,A,8,outputs/phase8/test_decision_metrics.csv,row[8].mean_regret_vs_oracle,Hog_office_Lavon,test,DayWeek,8 DayWeek Hog_office_Lavon mean_regret_vs_oracle,3.5933695765587657,kW,,1c4667ce525a0cdada916bd11ee8c27276ec3a816aeae6b12bbd45355fdbb502,NONE,YES,
CLM-1739,Decision-oriented ensemble,8 DayWeek Hog_office_Lavon p90_regret,EXACT_RECOVERED,A,8,outputs/phase8/test_decision_metrics.csv,row[8].p90_regret,Hog_office_Lavon,test,DayWeek,8 DayWeek Hog_office_Lavon p90_regret,6.163925364511197,kW,,1c4667ce525a0cdada916bd11ee8c27276ec3a816aeae6b12bbd45355fdbb502,NONE,YES,
CLM-1740,Decision-oriented ensemble,8 DayWeek Hog_office_Lavon max_regret,EXACT_RECOVERED,A,8,outputs/phase8/test_decision_metrics.csv,row[8].max_regret,Hog_office_Lavon,test,DayWeek,8 DayWeek Hog_office_Lavon max_regret,7.482843961352653,kW,,1c4667ce525a0cdada916bd11ee8c27276ec3a816aeae6b12bbd45355fdbb502,NONE,YES,
CLM-1741,Decision-oriented ensemble,8 DayWeek Hog_office_Lavon oracle_capture_ratio,EXACT_RECOVERED,A,8,outputs/phase8/test_decision_metrics.csv,row[8].oracle_capture_ratio,Hog_office_Lavon,test,DayWeek,8 DayWeek Hog_office_Lavon oracle_capture_ratio,-0.12636612378092166,dimensionless,,1c4667ce525a0cdada916bd11ee8c27276ec3a816aeae6b12bbd45355fdbb502,NONE,YES,
CLM-1742,Decision-oriented ensemble,8 DayWeek Hog_office_Lavon battery_throughput,EXACT_RECOVERED,A,8,outputs/phase8/test_decision_metrics.csv,row[8].battery_throughput,Hog_office_Lavon,test,DayWeek,8 DayWeek Hog_office_Lavon battery_throughput,923.1554462949765,dimensionless,,1c4667ce525a0cdada916bd11ee8c27276ec3a816aeae6b12bbd45355fdbb502,NONE,YES,
CLM-1743,Decision-oriented ensemble,8 DayWeek Hog_office_Lavon equivalent_full_cycles,EXACT_RECOVERED,A,8,outputs/phase8/test_decision_metrics.csv,row[8].equivalent_full_cycles,Hog_office_Lavon,test,DayWeek,8 DayWeek Hog_office_Lavon equivalent_full_cycles,0.6124364874532854,dimensionless,,1c4667ce525a0cdada916bd11ee8c27276ec3a816aeae6b12bbd45355fdbb502,NONE,YES,
CLM-1744,Decision-oriented ensemble,8 LightGBM Hog_office_Lavon no_battery_peak,EXACT_RECOVERED,A,8,outputs/phase8/test_decision_metrics.csv,row[9].no_battery_peak,Hog_office_Lavon,test,LightGBM,8 LightGBM Hog_office_Lavon no_battery_peak,19.192,kW,,1c4667ce525a0cdada916bd11ee8c27276ec3a816aeae6b12bbd45355fdbb502,NONE,YES,
CLM-1745,Decision-oriented ensemble,8 LightGBM Hog_office_Lavon post_dispatch_peak,EXACT_RECOVERED,A,8,outputs/phase8/test_decision_metrics.csv,row[9].post_dispatch_peak,Hog_office_Lavon,test,LightGBM,8 LightGBM Hog_office_Lavon post_dispatch_peak,27.097590099287032,kW,,1c4667ce525a0cdada916bd11ee8c27276ec3a816aeae6b12bbd45355fdbb502,NONE,YES,
CLM-1746,Decision-oriented ensemble,8 LightGBM Hog_office_Lavon absolute_peak_reduction,EXACT_RECOVERED,A,8,outputs/phase8/test_decision_metrics.csv,row[9].absolute_peak_reduction,Hog_office_Lavon,test,LightGBM,8 LightGBM Hog_office_Lavon absolute_peak_reduction,-7.905590099287032,kW,,1c4667ce525a0cdada916bd11ee8c27276ec3a816aeae6b12bbd45355fdbb502,NONE,YES,
CLM-1747,Decision-oriented ensemble,8 LightGBM Hog_office_Lavon peak_reduction_percentage,EXACT_RECOVERED,A,8,outputs/phase8/test_decision_metrics.csv,row[9].peak_reduction_percentage,Hog_office_Lavon,test,LightGBM,8 LightGBM Hog_office_Lavon peak_reduction_percentage,-41.192111813709005,%,,1c4667ce525a0cdada916bd11ee8c27276ec3a816aeae6b12bbd45355fdbb502,NONE,YES,
CLM-1748,Decision-oriented ensemble,8 LightGBM Hog_office_Lavon mean_daily_peak,EXACT_RECOVERED,A,8,outputs/phase8/test_decision_metrics.csv,row[9].mean_daily_peak,Hog_office_Lavon,test,LightGBM,8 LightGBM Hog_office_Lavon mean_daily_peak,17.622390689980172,kW,,1c4667ce525a0cdada916bd11ee8c27276ec3a816aeae6b12bbd45355fdbb502,NONE,YES,
CLM-1749,Decision-oriented ensemble,8 LightGBM Hog_office_Lavon worst_10pct_daily_peak,EXACT_RECOVERED,A,8,outputs/phase8/test_decision_metrics.csv,row[9].worst_10pct_daily_peak,Hog_office_Lavon,test,LightGBM,8 LightGBM Hog_office_Lavon worst_10pct_daily_peak,23.803711741403415,%,,1c4667ce525a0cdada916bd11ee8c27276ec3a816aeae6b12bbd45355fdbb502,NONE,YES,
CLM-1750,Decision-oriented ensemble,8 LightGBM Hog_office_Lavon mean_regret_vs_oracle,EXACT_RECOVERED,A,8,outputs/phase8/test_decision_metrics.csv,row[9].mean_regret_vs_oracle,Hog_office_Lavon,test,LightGBM,8 LightGBM Hog_office_Lavon mean_regret_vs_oracle,5.564642032160647,kW,,1c4667ce525a0cdada916bd11ee8c27276ec3a816aeae6b12bbd45355fdbb502,NONE,YES,
CLM-1751,Decision-oriented ensemble,8 LightGBM Hog_office_Lavon p90_regret,EXACT_RECOVERED,A,8,outputs/phase8/test_decision_metrics.csv,row[9].p90_regret,Hog_office_Lavon,test,LightGBM,8 LightGBM Hog_office_Lavon p90_regret,8.391884029795499,kW,,1c4667ce525a0cdada916bd11ee8c27276ec3a816aeae6b12bbd45355fdbb502,NONE,YES,
CLM-1752,Decision-oriented ensemble,8 LightGBM Hog_office_Lavon max_regret,EXACT_RECOVERED,A,8,outputs/phase8/test_decision_metrics.csv,row[9].max_regret,Hog_office_Lavon,test,LightGBM,8 LightGBM Hog_office_Lavon max_regret,12.869603257181765,kW,,1c4667ce525a0cdada916bd11ee8c27276ec3a816aeae6b12bbd45355fdbb502,NONE,YES,
CLM-1753,Decision-oriented ensemble,8 LightGBM Hog_office_Lavon oracle_capture_ratio,EXACT_RECOVERED,A,8,outputs/phase8/test_decision_metrics.csv,row[9].oracle_capture_ratio,Hog_office_Lavon,test,LightGBM,8 LightGBM Hog_office_Lavon oracle_capture_ratio,-0.7475760055449054,dimensionless,,1c4667ce525a0cdada916bd11ee8c27276ec3a816aeae6b12bbd45355fdbb502,NONE,YES,
CLM-1754,Decision-oriented ensemble,8 LightGBM Hog_office_Lavon battery_throughput,EXACT_RECOVERED,A,8,outputs/phase8/test_decision_metrics.csv,row[9].battery_throughput,Hog_office_Lavon,test,LightGBM,8 LightGBM Hog_office_Lavon battery_throughput,1901.9490667978741,dimensionless,,1c4667ce525a0cdada916bd11ee8c27276ec3a816aeae6b12bbd45355fdbb502,NONE,YES,
CLM-1755,Decision-oriented ensemble,8 LightGBM Hog_office_Lavon equivalent_full_cycles,EXACT_RECOVERED,A,8,outputs/phase8/test_decision_metrics.csv,row[9].equivalent_full_cycles,Hog_office_Lavon,test,LightGBM,8 LightGBM Hog_office_Lavon equivalent_full_cycles,1.2617842536267174,dimensionless,,1c4667ce525a0cdada916bd11ee8c27276ec3a816aeae6b12bbd45355fdbb502,NONE,YES,
CLM-1756,Decision-oriented ensemble,8 ForecastSelectedPerBuilding Hog_office_Lavon no_battery_peak,EXACT_RECOVERED,A,8,outputs/phase8/test_decision_metrics.csv,row[10].no_battery_peak,Hog_office_Lavon,test,ForecastSelectedPerBuilding,8 ForecastSelectedPerBuilding Hog_office_Lavon no_battery_peak,19.192,kW,,1c4667ce525a0cdada916bd11ee8c27276ec3a816aeae6b12bbd45355fdbb502,NONE,YES,
CLM-1757,Decision-oriented ensemble,8 ForecastSelectedPerBuilding Hog_office_Lavon post_dispatch_peak,EXACT_RECOVERED,A,8,outputs/phase8/test_decision_metrics.csv,row[10].post_dispatch_peak,Hog_office_Lavon,test,ForecastSelectedPerBuilding,8 ForecastSelectedPerBuilding Hog_office_Lavon post_dispatch_peak,18.90800652173914,kW,,1c4667ce525a0cdada916bd11ee8c27276ec3a816aeae6b12bbd45355fdbb502,NONE,YES,
CLM-1758,Decision-oriented ensemble,8 ForecastSelectedPerBuilding Hog_office_Lavon absolute_peak_reduction,EXACT_RECOVERED,A,8,outputs/phase8/test_decision_metrics.csv,row[10].absolute_peak_reduction,Hog_office_Lavon,test,ForecastSelectedPerBuilding,8 ForecastSelectedPerBuilding Hog_office_Lavon absolute_peak_reduction,0.28399347826086085,kW,,1c4667ce525a0cdada916bd11ee8c27276ec3a816aeae6b12bbd45355fdbb502,NONE,YES,
CLM-1759,Decision-oriented ensemble,8 ForecastSelectedPerBuilding Hog_office_Lavon peak_reduction_percentage,EXACT_RECOVERED,A,8,outputs/phase8/test_decision_metrics.csv,row[10].peak_reduction_percentage,Hog_office_Lavon,test,ForecastSelectedPerBuilding,8 ForecastSelectedPerBuilding Hog_office_Lavon peak_reduction_percentage,1.4797492614675951,%,,1c4667ce525a0cdada916bd11ee8c27276ec3a816aeae6b12bbd45355fdbb502,NONE,YES,
CLM-1760,Decision-oriented ensemble,8 ForecastSelectedPerBuilding Hog_office_Lavon mean_daily_peak,EXACT_RECOVERED,A,8,outputs/phase8/test_decision_metrics.csv,row[10].mean_daily_peak,Hog_office_Lavon,test,ForecastSelectedPerBuilding,8 ForecastSelectedPerBuilding Hog_office_Lavon mean_daily_peak,15.65111823437829,kW,,1c4667ce525a0cdada916bd11ee8c27276ec3a816aeae6b12bbd45355fdbb502,NONE,YES,
CLM-1761,Decision-oriented ensemble,8 ForecastSelectedPerBuilding Hog_office_Lavon worst_10pct_daily_peak,EXACT_RECOVERED,A,8,outputs/phase8/test_decision_metrics.csv,row[10].worst_10pct_daily_peak,Hog_office_Lavon,test,ForecastSelectedPerBuilding,8 ForecastSelectedPerBuilding Hog_office_Lavon worst_10pct_daily_peak,18.568389119559985,%,,1c4667ce525a0cdada916bd11ee8c27276ec3a816aeae6b12bbd45355fdbb502,NONE,YES,
CLM-1762,Decision-oriented ensemble,8 ForecastSelectedPerBuilding Hog_office_Lavon mean_regret_vs_oracle,EXACT_RECOVERED,A,8,outputs/phase8/test_decision_metrics.csv,row[10].mean_regret_vs_oracle,Hog_office_Lavon,test,ForecastSelectedPerBuilding,8 ForecastSelectedPerBuilding Hog_office_Lavon mean_regret_vs_oracle,3.5933695765587657,kW,,1c4667ce525a0cdada916bd11ee8c27276ec3a816aeae6b12bbd45355fdbb502,NONE,YES,
CLM-1763,Decision-oriented ensemble,8 ForecastSelectedPerBuilding Hog_office_Lavon p90_regret,EXACT_RECOVERED,A,8,outputs/phase8/test_decision_metrics.csv,row[10].p90_regret,Hog_office_Lavon,test,ForecastSelectedPerBuilding,8 ForecastSelectedPerBuilding Hog_office_Lavon p90_regret,6.163925364511197,kW,,1c4667ce525a0cdada916bd11ee8c27276ec3a816aeae6b12bbd45355fdbb502,NONE,YES,
CLM-1764,Decision-oriented ensemble,8 ForecastSelectedPerBuilding Hog_office_Lavon max_regret,EXACT_RECOVERED,A,8,outputs/phase8/test_decision_metrics.csv,row[10].max_regret,Hog_office_Lavon,test,ForecastSelectedPerBuilding,8 ForecastSelectedPerBuilding Hog_office_Lavon max_regret,7.482843961352653,kW,,1c4667ce525a0cdada916bd11ee8c27276ec3a816aeae6b12bbd45355fdbb502,NONE,YES,
CLM-1765,Decision-oriented ensemble,8 ForecastSelectedPerBuilding Hog_office_Lavon oracle_capture_ratio,EXACT_RECOVERED,A,8,outputs/phase8/test_decision_metrics.csv,row[10].oracle_capture_ratio,Hog_office_Lavon,test,ForecastSelectedPerBuilding,8 ForecastSelectedPerBuilding Hog_office_Lavon oracle_capture_ratio,-0.12636612378092166,dimensionless,,1c4667ce525a0cdada916bd11ee8c27276ec3a816aeae6b12bbd45355fdbb502,NONE,YES,
CLM-1766,Decision-oriented ensemble,8 ForecastSelectedPerBuilding Hog_office_Lavon battery_throughput,EXACT_RECOVERED,A,8,outputs/phase8/test_decision_metrics.csv,row[10].battery_throughput,Hog_office_Lavon,test,ForecastSelectedPerBuilding,8 ForecastSelectedPerBuilding Hog_office_Lavon battery_throughput,923.1554462949765,dimensionless,,1c4667ce525a0cdada916bd11ee8c27276ec3a816aeae6b12bbd45355fdbb502,NONE,YES,
CLM-1767,Decision-oriented ensemble,8 ForecastSelectedPerBuilding Hog_office_Lavon equivalent_full_cycles,EXACT_RECOVERED,A,8,outputs/phase8/test_decision_metrics.csv,row[10].equivalent_full_cycles,Hog_office_Lavon,test,ForecastSelectedPerBuilding,8 ForecastSelectedPerBuilding Hog_office_Lavon equivalent_full_cycles,0.6124364874532854,dimensionless,,1c4667ce525a0cdada916bd11ee8c27276ec3a816aeae6b12bbd45355fdbb502,NONE,YES,
CLM-1768,Decision-oriented ensemble,8 DecisionSelectedPerBuilding Hog_office_Lavon no_battery_peak,EXACT_RECOVERED,A,8,outputs/phase8/test_decision_metrics.csv,row[11].no_battery_peak,Hog_office_Lavon,test,DecisionSelectedPerBuilding,8 DecisionSelectedPerBuilding Hog_office_Lavon no_battery_peak,19.192,kW,,1c4667ce525a0cdada916bd11ee8c27276ec3a816aeae6b12bbd45355fdbb502,NONE,YES,
CLM-1769,Decision-oriented ensemble,8 DecisionSelectedPerBuilding Hog_office_Lavon post_dispatch_peak,EXACT_RECOVERED,A,8,outputs/phase8/test_decision_metrics.csv,row[11].post_dispatch_peak,Hog_office_Lavon,test,DecisionSelectedPerBuilding,8 DecisionSelectedPerBuilding Hog_office_Lavon post_dispatch_peak,18.90800652173914,kW,,1c4667ce525a0cdada916bd11ee8c27276ec3a816aeae6b12bbd45355fdbb502,NONE,YES,
CLM-1770,Decision-oriented ensemble,8 DecisionSelectedPerBuilding Hog_office_Lavon absolute_peak_reduction,EXACT_RECOVERED,A,8,outputs/phase8/test_decision_metrics.csv,row[11].absolute_peak_reduction,Hog_office_Lavon,test,DecisionSelectedPerBuilding,8 DecisionSelectedPerBuilding Hog_office_Lavon absolute_peak_reduction,0.28399347826086085,kW,,1c4667ce525a0cdada916bd11ee8c27276ec3a816aeae6b12bbd45355fdbb502,NONE,YES,
CLM-1771,Decision-oriented ensemble,8 DecisionSelectedPerBuilding Hog_office_Lavon peak_reduction_percentage,EXACT_RECOVERED,A,8,outputs/phase8/test_decision_metrics.csv,row[11].peak_reduction_percentage,Hog_office_Lavon,test,DecisionSelectedPerBuilding,8 DecisionSelectedPerBuilding Hog_office_Lavon peak_reduction_percentage,1.4797492614675951,%,,1c4667ce525a0cdada916bd11ee8c27276ec3a816aeae6b12bbd45355fdbb502,NONE,YES,
CLM-1772,Decision-oriented ensemble,8 DecisionSelectedPerBuilding Hog_office_Lavon mean_daily_peak,EXACT_RECOVERED,A,8,outputs/phase8/test_decision_metrics.csv,row[11].mean_daily_peak,Hog_office_Lavon,test,DecisionSelectedPerBuilding,8 DecisionSelectedPerBuilding Hog_office_Lavon mean_daily_peak,15.65111823437829,kW,,1c4667ce525a0cdada916bd11ee8c27276ec3a816aeae6b12bbd45355fdbb502,NONE,YES,
CLM-1773,Decision-oriented ensemble,8 DecisionSelectedPerBuilding Hog_office_Lavon worst_10pct_daily_peak,EXACT_RECOVERED,A,8,outputs/phase8/test_decision_metrics.csv,row[11].worst_10pct_daily_peak,Hog_office_Lavon,test,DecisionSelectedPerBuilding,8 DecisionSelectedPerBuilding Hog_office_Lavon worst_10pct_daily_peak,18.568389119559985,%,,1c4667ce525a0cdada916bd11ee8c27276ec3a816aeae6b12bbd45355fdbb502,NONE,YES,
CLM-1774,Decision-oriented ensemble,8 DecisionSelectedPerBuilding Hog_office_Lavon mean_regret_vs_oracle,EXACT_RECOVERED,A,8,outputs/phase8/test_decision_metrics.csv,row[11].mean_regret_vs_oracle,Hog_office_Lavon,test,DecisionSelectedPerBuilding,8 DecisionSelectedPerBuilding Hog_office_Lavon mean_regret_vs_oracle,3.5933695765587657,kW,,1c4667ce525a0cdada916bd11ee8c27276ec3a816aeae6b12bbd45355fdbb502,NONE,YES,
CLM-1775,Decision-oriented ensemble,8 DecisionSelectedPerBuilding Hog_office_Lavon p90_regret,EXACT_RECOVERED,A,8,outputs/phase8/test_decision_metrics.csv,row[11].p90_regret,Hog_office_Lavon,test,DecisionSelectedPerBuilding,8 DecisionSelectedPerBuilding Hog_office_Lavon p90_regret,6.163925364511197,kW,,1c4667ce525a0cdada916bd11ee8c27276ec3a816aeae6b12bbd45355fdbb502,NONE,YES,
CLM-1776,Decision-oriented ensemble,8 DecisionSelectedPerBuilding Hog_office_Lavon max_regret,EXACT_RECOVERED,A,8,outputs/phase8/test_decision_metrics.csv,row[11].max_regret,Hog_office_Lavon,test,DecisionSelectedPerBuilding,8 DecisionSelectedPerBuilding Hog_office_Lavon max_regret,7.482843961352653,kW,,1c4667ce525a0cdada916bd11ee8c27276ec3a816aeae6b12bbd45355fdbb502,NONE,YES,
CLM-1777,Decision-oriented ensemble,8 DecisionSelectedPerBuilding Hog_office_Lavon oracle_capture_ratio,EXACT_RECOVERED,A,8,outputs/phase8/test_decision_metrics.csv,row[11].oracle_capture_ratio,Hog_office_Lavon,test,DecisionSelectedPerBuilding,8 DecisionSelectedPerBuilding Hog_office_Lavon oracle_capture_ratio,-0.12636612378092166,dimensionless,,1c4667ce525a0cdada916bd11ee8c27276ec3a816aeae6b12bbd45355fdbb502,NONE,YES,
CLM-1778,Decision-oriented ensemble,8 DecisionSelectedPerBuilding Hog_office_Lavon battery_throughput,EXACT_RECOVERED,A,8,outputs/phase8/test_decision_metrics.csv,row[11].battery_throughput,Hog_office_Lavon,test,DecisionSelectedPerBuilding,8 DecisionSelectedPerBuilding Hog_office_Lavon battery_throughput,923.1554462949765,dimensionless,,1c4667ce525a0cdada916bd11ee8c27276ec3a816aeae6b12bbd45355fdbb502,NONE,YES,
CLM-1779,Decision-oriented ensemble,8 DecisionSelectedPerBuilding Hog_office_Lavon equivalent_full_cycles,EXACT_RECOVERED,A,8,outputs/phase8/test_decision_metrics.csv,row[11].equivalent_full_cycles,Hog_office_Lavon,test,DecisionSelectedPerBuilding,8 DecisionSelectedPerBuilding Hog_office_Lavon equivalent_full_cycles,0.6124364874532854,dimensionless,,1c4667ce525a0cdada916bd11ee8c27276ec3a816aeae6b12bbd45355fdbb502,NONE,YES,
CLM-1780,Decision-oriented ensemble,8 ForecastSelectedGlobal Hog_office_Lavon no_battery_peak,EXACT_RECOVERED,A,8,outputs/phase8/test_decision_metrics.csv,row[12].no_battery_peak,Hog_office_Lavon,test,ForecastSelectedGlobal,8 ForecastSelectedGlobal Hog_office_Lavon no_battery_peak,19.192,kW,,1c4667ce525a0cdada916bd11ee8c27276ec3a816aeae6b12bbd45355fdbb502,NONE,YES,
CLM-1781,Decision-oriented ensemble,8 ForecastSelectedGlobal Hog_office_Lavon post_dispatch_peak,EXACT_RECOVERED,A,8,outputs/phase8/test_decision_metrics.csv,row[12].post_dispatch_peak,Hog_office_Lavon,test,ForecastSelectedGlobal,8 ForecastSelectedGlobal Hog_office_Lavon post_dispatch_peak,20.56434691890222,kW,,1c4667ce525a0cdada916bd11ee8c27276ec3a816aeae6b12bbd45355fdbb502,NONE,YES,
CLM-1782,Decision-oriented ensemble,8 ForecastSelectedGlobal Hog_office_Lavon absolute_peak_reduction,EXACT_RECOVERED,A,8,outputs/phase8/test_decision_metrics.csv,row[12].absolute_peak_reduction,Hog_office_Lavon,test,ForecastSelectedGlobal,8 ForecastSelectedGlobal Hog_office_Lavon absolute_peak_reduction,-1.3723469189022204,kW,,1c4667ce525a0cdada916bd11ee8c27276ec3a816aeae6b12bbd45355fdbb502,NONE,YES,
CLM-1783,Decision-oriented ensemble,8 ForecastSelectedGlobal Hog_office_Lavon peak_reduction_percentage,EXACT_RECOVERED,A,8,outputs/phase8/test_decision_metrics.csv,row[12].peak_reduction_percentage,Hog_office_Lavon,test,ForecastSelectedGlobal,8 ForecastSelectedGlobal Hog_office_Lavon peak_reduction_percentage,-7.150619627460507,%,,1c4667ce525a0cdada916bd11ee8c27276ec3a816aeae6b12bbd45355fdbb502,NONE,YES,
CLM-1784,Decision-oriented ensemble,8 ForecastSelectedGlobal Hog_office_Lavon mean_daily_peak,EXACT_RECOVERED,A,8,outputs/phase8/test_decision_metrics.csv,row[12].mean_daily_peak,Hog_office_Lavon,test,ForecastSelectedGlobal,8 ForecastSelectedGlobal Hog_office_Lavon mean_daily_peak,16.25092739244919,kW,,1c4667ce525a0cdada916bd11ee8c27276ec3a816aeae6b12bbd45355fdbb502,NONE,YES,
CLM-1785,Decision-oriented ensemble,8 ForecastSelectedGlobal Hog_office_Lavon worst_10pct_daily_peak,EXACT_RECOVERED,A,8,outputs/phase8/test_decision_metrics.csv,row[12].worst_10pct_daily_peak,Hog_office_Lavon,test,ForecastSelectedGlobal,8 ForecastSelectedGlobal Hog_office_Lavon worst_10pct_daily_peak,19.952766321401274,%,,1c4667ce525a0cdada916bd11ee8c27276ec3a816aeae6b12bbd45355fdbb502,NONE,YES,
CLM-1786,Decision-oriented ensemble,8 ForecastSelectedGlobal Hog_office_Lavon mean_regret_vs_oracle,EXACT_RECOVERED,A,8,outputs/phase8/test_decision_metrics.csv,row[12].mean_regret_vs_oracle,Hog_office_Lavon,test,ForecastSelectedGlobal,8 ForecastSelectedGlobal Hog_office_Lavon mean_regret_vs_oracle,4.193178734629665,kW,,1c4667ce525a0cdada916bd11ee8c27276ec3a816aeae6b12bbd45355fdbb502,NONE,YES,
CLM-1787,Decision-oriented ensemble,8 ForecastSelectedGlobal Hog_office_Lavon p90_regret,EXACT_RECOVERED,A,8,outputs/phase8/test_decision_metrics.csv,row[12].p90_regret,Hog_office_Lavon,test,ForecastSelectedGlobal,8 ForecastSelectedGlobal Hog_office_Lavon p90_regret,6.348573295696387,kW,,1c4667ce525a0cdada916bd11ee8c27276ec3a816aeae6b12bbd45355fdbb502,NONE,YES,
CLM-1788,Decision-oriented ensemble,8 ForecastSelectedGlobal Hog_office_Lavon max_regret,EXACT_RECOVERED,A,8,outputs/phase8/test_decision_metrics.csv,row[12].max_regret,Hog_office_Lavon,test,ForecastSelectedGlobal,8 ForecastSelectedGlobal Hog_office_Lavon max_regret,8.423939287659271,kW,,1c4667ce525a0cdada916bd11ee8c27276ec3a816aeae6b12bbd45355fdbb502,NONE,YES,
CLM-1789,Decision-oriented ensemble,8 ForecastSelectedGlobal Hog_office_Lavon oracle_capture_ratio,EXACT_RECOVERED,A,8,outputs/phase8/test_decision_metrics.csv,row[12].oracle_capture_ratio,Hog_office_Lavon,test,ForecastSelectedGlobal,8 ForecastSelectedGlobal Hog_office_Lavon oracle_capture_ratio,-0.2893314326474884,dimensionless,,1c4667ce525a0cdada916bd11ee8c27276ec3a816aeae6b12bbd45355fdbb502,NONE,YES,
CLM-1790,Decision-oriented ensemble,8 ForecastSelectedGlobal Hog_office_Lavon battery_throughput,EXACT_RECOVERED,A,8,outputs/phase8/test_decision_metrics.csv,row[12].battery_throughput,Hog_office_Lavon,test,ForecastSelectedGlobal,8 ForecastSelectedGlobal Hog_office_Lavon battery_throughput,965.3830040762285,dimensionless,,1c4667ce525a0cdada916bd11ee8c27276ec3a816aeae6b12bbd45355fdbb502,NONE,YES,
CLM-1791,Decision-oriented ensemble,8 ForecastSelectedGlobal Hog_office_Lavon equivalent_full_cycles,EXACT_RECOVERED,A,8,outputs/phase8/test_decision_metrics.csv,row[12].equivalent_full_cycles,Hog_office_Lavon,test,ForecastSelectedGlobal,8 ForecastSelectedGlobal Hog_office_Lavon equivalent_full_cycles,0.6404509429440443,dimensionless,,1c4667ce525a0cdada916bd11ee8c27276ec3a816aeae6b12bbd45355fdbb502,NONE,YES,
CLM-1792,Decision-oriented ensemble,8 DecisionSelectedGlobal Hog_office_Lavon no_battery_peak,EXACT_RECOVERED,A,8,outputs/phase8/test_decision_metrics.csv,row[13].no_battery_peak,Hog_office_Lavon,test,DecisionSelectedGlobal,8 DecisionSelectedGlobal Hog_office_Lavon no_battery_peak,19.192,kW,,1c4667ce525a0cdada916bd11ee8c27276ec3a816aeae6b12bbd45355fdbb502,NONE,YES,
CLM-1793,Decision-oriented ensemble,8 DecisionSelectedGlobal Hog_office_Lavon post_dispatch_peak,EXACT_RECOVERED,A,8,outputs/phase8/test_decision_metrics.csv,row[13].post_dispatch_peak,Hog_office_Lavon,test,DecisionSelectedGlobal,8 DecisionSelectedGlobal Hog_office_Lavon post_dispatch_peak,24.484122723206454,kW,,1c4667ce525a0cdada916bd11ee8c27276ec3a816aeae6b12bbd45355fdbb502,NONE,YES,
CLM-1794,Decision-oriented ensemble,8 DecisionSelectedGlobal Hog_office_Lavon absolute_peak_reduction,EXACT_RECOVERED,A,8,outputs/phase8/test_decision_metrics.csv,row[13].absolute_peak_reduction,Hog_office_Lavon,test,DecisionSelectedGlobal,8 DecisionSelectedGlobal Hog_office_Lavon absolute_peak_reduction,-5.292122723206454,kW,,1c4667ce525a0cdada916bd11ee8c27276ec3a816aeae6b12bbd45355fdbb502,NONE,YES,
CLM-1795,Decision-oriented ensemble,8 DecisionSelectedGlobal Hog_office_Lavon peak_reduction_percentage,EXACT_RECOVERED,A,8,outputs/phase8/test_decision_metrics.csv,row[13].peak_reduction_percentage,Hog_office_Lavon,test,DecisionSelectedGlobal,8 DecisionSelectedGlobal Hog_office_Lavon peak_reduction_percentage,-27.574628611955262,%,,1c4667ce525a0cdada916bd11ee8c27276ec3a816aeae6b12bbd45355fdbb502,NONE,YES,
CLM-1796,Decision-oriented ensemble,8 DecisionSelectedGlobal Hog_office_Lavon mean_daily_peak,EXACT_RECOVERED,A,8,outputs/phase8/test_decision_metrics.csv,row[13].mean_daily_peak,Hog_office_Lavon,test,DecisionSelectedGlobal,8 DecisionSelectedGlobal Hog_office_Lavon mean_daily_peak,17.021197472168158,kW,,1c4667ce525a0cdada916bd11ee8c27276ec3a816aeae6b12bbd45355fdbb502,NONE,YES,
CLM-1797,Decision-oriented ensemble,8 DecisionSelectedGlobal Hog_office_Lavon worst_10pct_daily_peak,EXACT_RECOVERED,A,8,outputs/phase8/test_decision_metrics.csv,row[13].worst_10pct_daily_peak,Hog_office_Lavon,test,DecisionSelectedGlobal,8 DecisionSelectedGlobal Hog_office_Lavon worst_10pct_daily_peak,22.126200322223145,%,,1c4667ce525a0cdada916bd11ee8c27276ec3a816aeae6b12bbd45355fdbb502,NONE,YES,
CLM-1798,Decision-oriented ensemble,8 DecisionSelectedGlobal Hog_office_Lavon mean_regret_vs_oracle,EXACT_RECOVERED,A,8,outputs/phase8/test_decision_metrics.csv,row[13].mean_regret_vs_oracle,Hog_office_Lavon,test,DecisionSelectedGlobal,8 DecisionSelectedGlobal Hog_office_Lavon mean_regret_vs_oracle,4.963448814348635,kW,,1c4667ce525a0cdada916bd11ee8c27276ec3a816aeae6b12bbd45355fdbb502,NONE,YES,
CLM-1799,Decision-oriented ensemble,8 DecisionSelectedGlobal Hog_office_Lavon p90_regret,EXACT_RECOVERED,A,8,outputs/phase8/test_decision_metrics.csv,row[13].p90_regret,Hog_office_Lavon,test,DecisionSelectedGlobal,8 DecisionSelectedGlobal Hog_office_Lavon p90_regret,7.1592002690656615,kW,,1c4667ce525a0cdada916bd11ee8c27276ec3a816aeae6b12bbd45355fdbb502,NONE,YES,
CLM-1800,Decision-oriented ensemble,8 DecisionSelectedGlobal Hog_office_Lavon max_regret,EXACT_RECOVERED,A,8,outputs/phase8/test_decision_metrics.csv,row[13].max_regret,Hog_office_Lavon,test,DecisionSelectedGlobal,8 DecisionSelectedGlobal Hog_office_Lavon max_regret,10.256135881101187,kW,,1c4667ce525a0cdada916bd11ee8c27276ec3a816aeae6b12bbd45355fdbb502,NONE,YES,
CLM-1801,Decision-oriented ensemble,8 DecisionSelectedGlobal Hog_office_Lavon oracle_capture_ratio,EXACT_RECOVERED,A,8,outputs/phase8/test_decision_metrics.csv,row[13].oracle_capture_ratio,Hog_office_Lavon,test,DecisionSelectedGlobal,8 DecisionSelectedGlobal Hog_office_Lavon oracle_capture_ratio,-0.5509534490089415,dimensionless,,1c4667ce525a0cdada916bd11ee8c27276ec3a816aeae6b12bbd45355fdbb502,NONE,YES,
CLM-1802,Decision-oriented ensemble,8 DecisionSelectedGlobal Hog_office_Lavon battery_throughput,EXACT_RECOVERED,A,8,outputs/phase8/test_decision_metrics.csv,row[13].battery_throughput,Hog_office_Lavon,test,DecisionSelectedGlobal,8 DecisionSelectedGlobal Hog_office_Lavon battery_throughput,1499.9343468941963,dimensionless,,1c4667ce525a0cdada916bd11ee8c27276ec3a816aeae6b12bbd45355fdbb502,NONE,YES,
CLM-1803,Decision-oriented ensemble,8 DecisionSelectedGlobal Hog_office_Lavon equivalent_full_cycles,EXACT_RECOVERED,A,8,outputs/phase8/test_decision_metrics.csv,row[13].equivalent_full_cycles,Hog_office_Lavon,test,DecisionSelectedGlobal,8 DecisionSelectedGlobal Hog_office_Lavon equivalent_full_cycles,0.995081084674548,dimensionless,,1c4667ce525a0cdada916bd11ee8c27276ec3a816aeae6b12bbd45355fdbb502,NONE,YES,
CLM-1804,Decision-oriented ensemble,8 Oracle Hog_office_Joey no_battery_peak,EXACT_RECOVERED,A,8,outputs/phase8/test_decision_metrics.csv,row[14].no_battery_peak,Hog_office_Joey,test,Oracle,8 Oracle Hog_office_Joey no_battery_peak,1509.981,kW,,1c4667ce525a0cdada916bd11ee8c27276ec3a816aeae6b12bbd45355fdbb502,NONE,YES,
CLM-1805,Decision-oriented ensemble,8 Oracle Hog_office_Joey post_dispatch_peak,EXACT_RECOVERED,A,8,outputs/phase8/test_decision_metrics.csv,row[14].post_dispatch_peak,Hog_office_Joey,test,Oracle,8 Oracle Hog_office_Joey post_dispatch_peak,1338.730369565217,kW,,1c4667ce525a0cdada916bd11ee8c27276ec3a816aeae6b12bbd45355fdbb502,NONE,YES,
CLM-1806,Decision-oriented ensemble,8 Oracle Hog_office_Joey absolute_peak_reduction,EXACT_RECOVERED,A,8,outputs/phase8/test_decision_metrics.csv,row[14].absolute_peak_reduction,Hog_office_Joey,test,Oracle,8 Oracle Hog_office_Joey absolute_peak_reduction,171.25063043478303,kW,,1c4667ce525a0cdada916bd11ee8c27276ec3a816aeae6b12bbd45355fdbb502,NONE,YES,
CLM-1807,Decision-oriented ensemble,8 Oracle Hog_office_Joey peak_reduction_percentage,EXACT_RECOVERED,A,8,outputs/phase8/test_decision_metrics.csv,row[14].peak_reduction_percentage,Hog_office_Joey,test,Oracle,8 Oracle Hog_office_Joey peak_reduction_percentage,11.341244057692316,%,,1c4667ce525a0cdada916bd11ee8c27276ec3a816aeae6b12bbd45355fdbb502,NONE,YES,
CLM-1808,Decision-oriented ensemble,8 Oracle Hog_office_Joey mean_daily_peak,EXACT_RECOVERED,A,8,outputs/phase8/test_decision_metrics.csv,row[14].mean_daily_peak,Hog_office_Joey,test,Oracle,8 Oracle Hog_office_Joey mean_daily_peak,1249.3719076026066,kW,,1c4667ce525a0cdada916bd11ee8c27276ec3a816aeae6b12bbd45355fdbb502,NONE,YES,
CLM-1809,Decision-oriented ensemble,8 Oracle Hog_office_Joey worst_10pct_daily_peak,EXACT_RECOVERED,A,8,outputs/phase8/test_decision_metrics.csv,row[14].worst_10pct_daily_peak,Hog_office_Joey,test,Oracle,8 Oracle Hog_office_Joey worst_10pct_daily_peak,1337.4041127448388,%,,1c4667ce525a0cdada916bd11ee8c27276ec3a816aeae6b12bbd45355fdbb502,NONE,YES,
CLM-1810,Decision-oriented ensemble,8 Oracle Hog_office_Joey mean_regret_vs_oracle,EXACT_RECOVERED,A,8,outputs/phase8/test_decision_metrics.csv,row[14].mean_regret_vs_oracle,Hog_office_Joey,test,Oracle,8 Oracle Hog_office_Joey mean_regret_vs_oracle,0.0,kW,,1c4667ce525a0cdada916bd11ee8c27276ec3a816aeae6b12bbd45355fdbb502,NONE,YES,
CLM-1811,Decision-oriented ensemble,8 Oracle Hog_office_Joey p90_regret,EXACT_RECOVERED,A,8,outputs/phase8/test_decision_metrics.csv,row[14].p90_regret,Hog_office_Joey,test,Oracle,8 Oracle Hog_office_Joey p90_regret,0.0,kW,,1c4667ce525a0cdada916bd11ee8c27276ec3a816aeae6b12bbd45355fdbb502,NONE,YES,
CLM-1812,Decision-oriented ensemble,8 Oracle Hog_office_Joey max_regret,EXACT_RECOVERED,A,8,outputs/phase8/test_decision_metrics.csv,row[14].max_regret,Hog_office_Joey,test,Oracle,8 Oracle Hog_office_Joey max_regret,0.0,kW,,1c4667ce525a0cdada916bd11ee8c27276ec3a816aeae6b12bbd45355fdbb502,NONE,YES,
CLM-1813,Decision-oriented ensemble,8 Oracle Hog_office_Joey oracle_capture_ratio,EXACT_RECOVERED,A,8,outputs/phase8/test_decision_metrics.csv,row[14].oracle_capture_ratio,Hog_office_Joey,test,Oracle,8 Oracle Hog_office_Joey oracle_capture_ratio,1.0,dimensionless,,1c4667ce525a0cdada916bd11ee8c27276ec3a816aeae6b12bbd45355fdbb502,NONE,YES,
CLM-1814,Decision-oriented ensemble,8 Oracle Hog_office_Joey battery_throughput,EXACT_RECOVERED,A,8,outputs/phase8/test_decision_metrics.csv,row[14].battery_throughput,Hog_office_Joey,test,Oracle,8 Oracle Hog_office_Joey battery_throughput,50268.75271416717,dimensionless,,1c4667ce525a0cdada916bd11ee8c27276ec3a816aeae6b12bbd45355fdbb502,NONE,YES,
CLM-1815,Decision-oriented ensemble,8 Oracle Hog_office_Joey equivalent_full_cycles,EXACT_RECOVERED,A,8,outputs/phase8/test_decision_metrics.csv,row[14].equivalent_full_cycles,Hog_office_Joey,test,Oracle,8 Oracle Hog_office_Joey equivalent_full_cycles,8.332220665389357,dimensionless,,1c4667ce525a0cdada916bd11ee8c27276ec3a816aeae6b12bbd45355fdbb502,NONE,YES,
CLM-1816,Decision-oriented ensemble,8 DayWeek Hog_office_Joey no_battery_peak,EXACT_RECOVERED,A,8,outputs/phase8/test_decision_metrics.csv,row[15].no_battery_peak,Hog_office_Joey,test,DayWeek,8 DayWeek Hog_office_Joey no_battery_peak,1509.981,kW,,1c4667ce525a0cdada916bd11ee8c27276ec3a816aeae6b12bbd45355fdbb502,NONE,YES,
CLM-1817,Decision-oriented ensemble,8 DayWeek Hog_office_Joey post_dispatch_peak,EXACT_RECOVERED,A,8,outputs/phase8/test_decision_metrics.csv,row[15].post_dispatch_peak,Hog_office_Joey,test,DayWeek,8 DayWeek Hog_office_Joey post_dispatch_peak,1511.959291605847,kW,,1c4667ce525a0cdada916bd11ee8c27276ec3a816aeae6b12bbd45355fdbb502,NONE,YES,
CLM-1818,Decision-oriented ensemble,8 DayWeek Hog_office_Joey absolute_peak_reduction,EXACT_RECOVERED,A,8,outputs/phase8/test_decision_metrics.csv,row[15].absolute_peak_reduction,Hog_office_Joey,test,DayWeek,8 DayWeek Hog_office_Joey absolute_peak_reduction,-1.9782916058470619,kW,,1c4667ce525a0cdada916bd11ee8c27276ec3a816aeae6b12bbd45355fdbb502,NONE,YES,
CLM-1819,Decision-oriented ensemble,8 DayWeek Hog_office_Joey peak_reduction_percentage,EXACT_RECOVERED,A,8,outputs/phase8/test_decision_metrics.csv,row[15].peak_reduction_percentage,Hog_office_Joey,test,DayWeek,8 DayWeek Hog_office_Joey peak_reduction_percentage,-0.13101433765372292,%,,1c4667ce525a0cdada916bd11ee8c27276ec3a816aeae6b12bbd45355fdbb502,NONE,YES,
CLM-1820,Decision-oriented ensemble,8 DayWeek Hog_office_Joey mean_daily_peak,EXACT_RECOVERED,A,8,outputs/phase8/test_decision_metrics.csv,row[15].mean_daily_peak,Hog_office_Joey,test,DayWeek,8 DayWeek Hog_office_Joey mean_daily_peak,1333.2124182135651,kW,,1c4667ce525a0cdada916bd11ee8c27276ec3a816aeae6b12bbd45355fdbb502,NONE,YES,
CLM-1821,Decision-oriented ensemble,8 DayWeek Hog_office_Joey worst_10pct_daily_peak,EXACT_RECOVERED,A,8,outputs/phase8/test_decision_metrics.csv,row[15].worst_10pct_daily_peak,Hog_office_Joey,test,DayWeek,8 DayWeek Hog_office_Joey worst_10pct_daily_peak,1503.717461938136,%,,1c4667ce525a0cdada916bd11ee8c27276ec3a816aeae6b12bbd45355fdbb502,NONE,YES,
CLM-1822,Decision-oriented ensemble,8 DayWeek Hog_office_Joey mean_regret_vs_oracle,EXACT_RECOVERED,A,8,outputs/phase8/test_decision_metrics.csv,row[15].mean_regret_vs_oracle,Hog_office_Joey,test,DayWeek,8 DayWeek Hog_office_Joey mean_regret_vs_oracle,83.84051061095774,kW,,1c4667ce525a0cdada916bd11ee8c27276ec3a816aeae6b12bbd45355fdbb502,NONE,YES,
CLM-1823,Decision-oriented ensemble,8 DayWeek Hog_office_Joey p90_regret,EXACT_RECOVERED,A,8,outputs/phase8/test_decision_metrics.csv,row[15].p90_regret,Hog_office_Joey,test,DayWeek,8 DayWeek Hog_office_Joey p90_regret,166.4972604157916,kW,,1c4667ce525a0cdada916bd11ee8c27276ec3a816aeae6b12bbd45355fdbb502,NONE,YES,
CLM-1824,Decision-oriented ensemble,8 DayWeek Hog_office_Joey max_regret,EXACT_RECOVERED,A,8,outputs/phase8/test_decision_metrics.csv,row[15].max_regret,Hog_office_Joey,test,DayWeek,8 DayWeek Hog_office_Joey max_regret,195.95228532104215,kW,,1c4667ce525a0cdada916bd11ee8c27276ec3a816aeae6b12bbd45355fdbb502,NONE,YES,
CLM-1825,Decision-oriented ensemble,8 DayWeek Hog_office_Joey oracle_capture_ratio,EXACT_RECOVERED,A,8,outputs/phase8/test_decision_metrics.csv,row[15].oracle_capture_ratio,Hog_office_Joey,test,DayWeek,8 DayWeek Hog_office_Joey oracle_capture_ratio,0.2420254527558246,dimensionless,,1c4667ce525a0cdada916bd11ee8c27276ec3a816aeae6b12bbd45355fdbb502,NONE,YES,
CLM-1826,Decision-oriented ensemble,8 DayWeek Hog_office_Joey battery_throughput,EXACT_RECOVERED,A,8,outputs/phase8/test_decision_metrics.csv,row[15].battery_throughput,Hog_office_Joey,test,DayWeek,8 DayWeek Hog_office_Joey battery_throughput,51902.09139464302,dimensionless,,1c4667ce525a0cdada916bd11ee8c27276ec3a816aeae6b12bbd45355fdbb502,NONE,YES,
CLM-1827,Decision-oriented ensemble,8 DayWeek Hog_office_Joey equivalent_full_cycles,EXACT_RECOVERED,A,8,outputs/phase8/test_decision_metrics.csv,row[15].equivalent_full_cycles,Hog_office_Joey,test,DayWeek,8 DayWeek Hog_office_Joey equivalent_full_cycles,8.602952234649182,dimensionless,,1c4667ce525a0cdada916bd11ee8c27276ec3a816aeae6b12bbd45355fdbb502,NONE,YES,
CLM-1828,Decision-oriented ensemble,8 LightGBM Hog_office_Joey no_battery_peak,EXACT_RECOVERED,A,8,outputs/phase8/test_decision_metrics.csv,row[16].no_battery_peak,Hog_office_Joey,test,LightGBM,8 LightGBM Hog_office_Joey no_battery_peak,1509.981,kW,,1c4667ce525a0cdada916bd11ee8c27276ec3a816aeae6b12bbd45355fdbb502,NONE,YES,
CLM-1829,Decision-oriented ensemble,8 LightGBM Hog_office_Joey post_dispatch_peak,EXACT_RECOVERED,A,8,outputs/phase8/test_decision_metrics.csv,row[16].post_dispatch_peak,Hog_office_Joey,test,LightGBM,8 LightGBM Hog_office_Joey post_dispatch_peak,1518.8915827260519,kW,,1c4667ce525a0cdada916bd11ee8c27276ec3a816aeae6b12bbd45355fdbb502,NONE,YES,
CLM-1830,Decision-oriented ensemble,8 LightGBM Hog_office_Joey absolute_peak_reduction,EXACT_RECOVERED,A,8,outputs/phase8/test_decision_metrics.csv,row[16].absolute_peak_reduction,Hog_office_Joey,test,LightGBM,8 LightGBM Hog_office_Joey absolute_peak_reduction,-8.91058272605187,kW,,1c4667ce525a0cdada916bd11ee8c27276ec3a816aeae6b12bbd45355fdbb502,NONE,YES,
CLM-1831,Decision-oriented ensemble,8 LightGBM Hog_office_Joey peak_reduction_percentage,EXACT_RECOVERED,A,8,outputs/phase8/test_decision_metrics.csv,row[16].peak_reduction_percentage,Hog_office_Joey,test,LightGBM,8 LightGBM Hog_office_Joey peak_reduction_percentage,-0.5901122415481964,%,,1c4667ce525a0cdada916bd11ee8c27276ec3a816aeae6b12bbd45355fdbb502,NONE,YES,
CLM-1832,Decision-oriented ensemble,8 LightGBM Hog_office_Joey mean_daily_peak,EXACT_RECOVERED,A,8,outputs/phase8/test_decision_metrics.csv,row[16].mean_daily_peak,Hog_office_Joey,test,LightGBM,8 LightGBM Hog_office_Joey mean_daily_peak,1334.8763451896439,kW,,1c4667ce525a0cdada916bd11ee8c27276ec3a816aeae6b12bbd45355fdbb502,NONE,YES,
CLM-1833,Decision-oriented ensemble,8 LightGBM Hog_office_Joey worst_10pct_daily_peak,EXACT_RECOVERED,A,8,outputs/phase8/test_decision_metrics.csv,row[16].worst_10pct_daily_peak,Hog_office_Joey,test,LightGBM,8 LightGBM Hog_office_Joey worst_10pct_daily_peak,1498.1988451117313,%,,1c4667ce525a0cdada916bd11ee8c27276ec3a816aeae6b12bbd45355fdbb502,NONE,YES,
CLM-1834,Decision-oriented ensemble,8 LightGBM Hog_office_Joey mean_regret_vs_oracle,EXACT_RECOVERED,A,8,outputs/phase8/test_decision_metrics.csv,row[16].mean_regret_vs_oracle,Hog_office_Joey,test,LightGBM,8 LightGBM Hog_office_Joey mean_regret_vs_oracle,85.5044375870371,kW,,1c4667ce525a0cdada916bd11ee8c27276ec3a816aeae6b12bbd45355fdbb502,NONE,YES,
CLM-1835,Decision-oriented ensemble,8 LightGBM Hog_office_Joey p90_regret,EXACT_RECOVERED,A,8,outputs/phase8/test_decision_metrics.csv,row[16].p90_regret,Hog_office_Joey,test,LightGBM,8 LightGBM Hog_office_Joey p90_regret,161.70405824035137,kW,,1c4667ce525a0cdada916bd11ee8c27276ec3a816aeae6b12bbd45355fdbb502,NONE,YES,
CLM-1836,Decision-oriented ensemble,8 LightGBM Hog_office_Joey max_regret,EXACT_RECOVERED,A,8,outputs/phase8/test_decision_metrics.csv,row[16].max_regret,Hog_office_Joey,test,LightGBM,8 LightGBM Hog_office_Joey max_regret,197.62818625028103,kW,,1c4667ce525a0cdada916bd11ee8c27276ec3a816aeae6b12bbd45355fdbb502,NONE,YES,
CLM-1837,Decision-oriented ensemble,8 LightGBM Hog_office_Joey oracle_capture_ratio,EXACT_RECOVERED,A,8,outputs/phase8/test_decision_metrics.csv,row[16].oracle_capture_ratio,Hog_office_Joey,test,LightGBM,8 LightGBM Hog_office_Joey oracle_capture_ratio,0.22738571212033715,dimensionless,,1c4667ce525a0cdada916bd11ee8c27276ec3a816aeae6b12bbd45355fdbb502,NONE,YES,
CLM-1838,Decision-oriented ensemble,8 LightGBM Hog_office_Joey battery_throughput,EXACT_RECOVERED,A,8,outputs/phase8/test_decision_metrics.csv,row[16].battery_throughput,Hog_office_Joey,test,LightGBM,8 LightGBM Hog_office_Joey battery_throughput,51666.9126459528,dimensionless,,1c4667ce525a0cdada916bd11ee8c27276ec3a816aeae6b12bbd45355fdbb502,NONE,YES,
CLM-1839,Decision-oriented ensemble,8 LightGBM Hog_office_Joey equivalent_full_cycles,EXACT_RECOVERED,A,8,outputs/phase8/test_decision_metrics.csv,row[16].equivalent_full_cycles,Hog_office_Joey,test,LightGBM,8 LightGBM Hog_office_Joey equivalent_full_cycles,8.56397053878259,dimensionless,,1c4667ce525a0cdada916bd11ee8c27276ec3a816aeae6b12bbd45355fdbb502,NONE,YES,
CLM-1840,Decision-oriented ensemble,8 ForecastSelectedPerBuilding Hog_office_Joey no_battery_peak,EXACT_RECOVERED,A,8,outputs/phase8/test_decision_metrics.csv,row[17].no_battery_peak,Hog_office_Joey,test,ForecastSelectedPerBuilding,8 ForecastSelectedPerBuilding Hog_office_Joey no_battery_peak,1509.981,kW,,1c4667ce525a0cdada916bd11ee8c27276ec3a816aeae6b12bbd45355fdbb502,NONE,YES,
CLM-1841,Decision-oriented ensemble,8 ForecastSelectedPerBuilding Hog_office_Joey post_dispatch_peak,EXACT_RECOVERED,A,8,outputs/phase8/test_decision_metrics.csv,row[17].post_dispatch_peak,Hog_office_Joey,test,ForecastSelectedPerBuilding,8 ForecastSelectedPerBuilding Hog_office_Joey post_dispatch_peak,1512.6686865165059,kW,,1c4667ce525a0cdada916bd11ee8c27276ec3a816aeae6b12bbd45355fdbb502,NONE,YES,
CLM-1842,Decision-oriented ensemble,8 ForecastSelectedPerBuilding Hog_office_Joey absolute_peak_reduction,EXACT_RECOVERED,A,8,outputs/phase8/test_decision_metrics.csv,row[17].absolute_peak_reduction,Hog_office_Joey,test,ForecastSelectedPerBuilding,8 ForecastSelectedPerBuilding Hog_office_Joey absolute_peak_reduction,-2.6876865165058916,kW,,1c4667ce525a0cdada916bd11ee8c27276ec3a816aeae6b12bbd45355fdbb502,NONE,YES,
CLM-1843,Decision-oriented ensemble,8 ForecastSelectedPerBuilding Hog_office_Joey peak_reduction_percentage,EXACT_RECOVERED,A,8,outputs/phase8/test_decision_metrics.csv,row[17].peak_reduction_percentage,Hog_office_Joey,test,ForecastSelectedPerBuilding,8 ForecastSelectedPerBuilding Hog_office_Joey peak_reduction_percentage,-0.1779947242055292,%,,1c4667ce525a0cdada916bd11ee8c27276ec3a816aeae6b12bbd45355fdbb502,NONE,YES,
CLM-1844,Decision-oriented ensemble,8 ForecastSelectedPerBuilding Hog_office_Joey mean_daily_peak,EXACT_RECOVERED,A,8,outputs/phase8/test_decision_metrics.csv,row[17].mean_daily_peak,Hog_office_Joey,test,ForecastSelectedPerBuilding,8 ForecastSelectedPerBuilding Hog_office_Joey mean_daily_peak,1328.6240261842875,kW,,1c4667ce525a0cdada916bd11ee8c27276ec3a816aeae6b12bbd45355fdbb502,NONE,YES,
CLM-1845,Decision-oriented ensemble,8 ForecastSelectedPerBuilding Hog_office_Joey worst_10pct_daily_peak,EXACT_RECOVERED,A,8,outputs/phase8/test_decision_metrics.csv,row[17].worst_10pct_daily_peak,Hog_office_Joey,test,ForecastSelectedPerBuilding,8 ForecastSelectedPerBuilding Hog_office_Joey worst_10pct_daily_peak,1497.6001759485391,%,,1c4667ce525a0cdada916bd11ee8c27276ec3a816aeae6b12bbd45355fdbb502,NONE,YES,
CLM-1846,Decision-oriented ensemble,8 ForecastSelectedPerBuilding Hog_office_Joey mean_regret_vs_oracle,EXACT_RECOVERED,A,8,outputs/phase8/test_decision_metrics.csv,row[17].mean_regret_vs_oracle,Hog_office_Joey,test,ForecastSelectedPerBuilding,8 ForecastSelectedPerBuilding Hog_office_Joey mean_regret_vs_oracle,79.25211858168049,kW,,1c4667ce525a0cdada916bd11ee8c27276ec3a816aeae6b12bbd45355fdbb502,NONE,YES,
CLM-1847,Decision-oriented ensemble,8 ForecastSelectedPerBuilding Hog_office_Joey p90_regret,EXACT_RECOVERED,A,8,outputs/phase8/test_decision_metrics.csv,row[17].p90_regret,Hog_office_Joey,test,ForecastSelectedPerBuilding,8 ForecastSelectedPerBuilding Hog_office_Joey p90_regret,145.01766009323228,kW,,1c4667ce525a0cdada916bd11ee8c27276ec3a816aeae6b12bbd45355fdbb502,NONE,YES,
CLM-1848,Decision-oriented ensemble,8 ForecastSelectedPerBuilding Hog_office_Joey max_regret,EXACT_RECOVERED,A,8,outputs/phase8/test_decision_metrics.csv,row[17].max_regret,Hog_office_Joey,test,ForecastSelectedPerBuilding,8 ForecastSelectedPerBuilding Hog_office_Joey max_regret,196.66168023170098,kW,,1c4667ce525a0cdada916bd11ee8c27276ec3a816aeae6b12bbd45355fdbb502,NONE,YES,
CLM-1849,Decision-oriented ensemble,8 ForecastSelectedPerBuilding Hog_office_Joey oracle_capture_ratio,EXACT_RECOVERED,A,8,outputs/phase8/test_decision_metrics.csv,row[17].oracle_capture_ratio,Hog_office_Joey,test,ForecastSelectedPerBuilding,8 ForecastSelectedPerBuilding Hog_office_Joey oracle_capture_ratio,0.2967483141886256,dimensionless,,1c4667ce525a0cdada916bd11ee8c27276ec3a816aeae6b12bbd45355fdbb502,NONE,YES,
CLM-1850,Decision-oriented ensemble,8 ForecastSelectedPerBuilding Hog_office_Joey battery_throughput,EXACT_RECOVERED,A,8,outputs/phase8/test_decision_metrics.csv,row[17].battery_throughput,Hog_office_Joey,test,ForecastSelectedPerBuilding,8 ForecastSelectedPerBuilding Hog_office_Joey battery_throughput,50880.81272534484,dimensionless,,1c4667ce525a0cdada916bd11ee8c27276ec3a816aeae6b12bbd45355fdbb502,NONE,YES,
CLM-1851,Decision-oriented ensemble,8 ForecastSelectedPerBuilding Hog_office_Joey equivalent_full_cycles,EXACT_RECOVERED,A,8,outputs/phase8/test_decision_metrics.csv,row[17].equivalent_full_cycles,Hog_office_Joey,test,ForecastSelectedPerBuilding,8 ForecastSelectedPerBuilding Hog_office_Joey equivalent_full_cycles,8.433671741818316,dimensionless,,1c4667ce525a0cdada916bd11ee8c27276ec3a816aeae6b12bbd45355fdbb502,NONE,YES,
CLM-1852,Decision-oriented ensemble,8 DecisionSelectedPerBuilding Hog_office_Joey no_battery_peak,EXACT_RECOVERED,A,8,outputs/phase8/test_decision_metrics.csv,row[18].no_battery_peak,Hog_office_Joey,test,DecisionSelectedPerBuilding,8 DecisionSelectedPerBuilding Hog_office_Joey no_battery_peak,1509.981,kW,,1c4667ce525a0cdada916bd11ee8c27276ec3a816aeae6b12bbd45355fdbb502,NONE,YES,
CLM-1853,Decision-oriented ensemble,8 DecisionSelectedPerBuilding Hog_office_Joey post_dispatch_peak,EXACT_RECOVERED,A,8,outputs/phase8/test_decision_metrics.csv,row[18].post_dispatch_peak,Hog_office_Joey,test,DecisionSelectedPerBuilding,8 DecisionSelectedPerBuilding Hog_office_Joey post_dispatch_peak,1525.3382390611764,kW,,1c4667ce525a0cdada916bd11ee8c27276ec3a816aeae6b12bbd45355fdbb502,NONE,YES,
CLM-1854,Decision-oriented ensemble,8 DecisionSelectedPerBuilding Hog_office_Joey absolute_peak_reduction,EXACT_RECOVERED,A,8,outputs/phase8/test_decision_metrics.csv,row[18].absolute_peak_reduction,Hog_office_Joey,test,DecisionSelectedPerBuilding,8 DecisionSelectedPerBuilding Hog_office_Joey absolute_peak_reduction,-15.357239061176415,kW,,1c4667ce525a0cdada916bd11ee8c27276ec3a816aeae6b12bbd45355fdbb502,NONE,YES,
CLM-1855,Decision-oriented ensemble,8 DecisionSelectedPerBuilding Hog_office_Joey peak_reduction_percentage,EXACT_RECOVERED,A,8,outputs/phase8/test_decision_metrics.csv,row[18].peak_reduction_percentage,Hog_office_Joey,test,DecisionSelectedPerBuilding,8 DecisionSelectedPerBuilding Hog_office_Joey peak_reduction_percentage,-1.0170484967146218,%,,1c4667ce525a0cdada916bd11ee8c27276ec3a816aeae6b12bbd45355fdbb502,NONE,YES,
CLM-1856,Decision-oriented ensemble,8 DecisionSelectedPerBuilding Hog_office_Joey mean_daily_peak,EXACT_RECOVERED,A,8,outputs/phase8/test_decision_metrics.csv,row[18].mean_daily_peak,Hog_office_Joey,test,DecisionSelectedPerBuilding,8 DecisionSelectedPerBuilding Hog_office_Joey mean_daily_peak,1329.8076170362988,kW,,1c4667ce525a0cdada916bd11ee8c27276ec3a816aeae6b12bbd45355fdbb502,NONE,YES,
CLM-1857,Decision-oriented ensemble,8 DecisionSelectedPerBuilding Hog_office_Joey worst_10pct_daily_peak,EXACT_RECOVERED,A,8,outputs/phase8/test_decision_metrics.csv,row[18].worst_10pct_daily_peak,Hog_office_Joey,test,DecisionSelectedPerBuilding,8 DecisionSelectedPerBuilding Hog_office_Joey worst_10pct_daily_peak,1497.4220494569756,%,,1c4667ce525a0cdada916bd11ee8c27276ec3a816aeae6b12bbd45355fdbb502,NONE,YES,
CLM-1858,Decision-oriented ensemble,8 DecisionSelectedPerBuilding Hog_office_Joey mean_regret_vs_oracle,EXACT_RECOVERED,A,8,outputs/phase8/test_decision_metrics.csv,row[18].mean_regret_vs_oracle,Hog_office_Joey,test,DecisionSelectedPerBuilding,8 DecisionSelectedPerBuilding Hog_office_Joey mean_regret_vs_oracle,80.4357094336918,kW,,1c4667ce525a0cdada916bd11ee8c27276ec3a816aeae6b12bbd45355fdbb502,NONE,YES,
CLM-1859,Decision-oriented ensemble,8 DecisionSelectedPerBuilding Hog_office_Joey p90_regret,EXACT_RECOVERED,A,8,outputs/phase8/test_decision_metrics.csv,row[18].p90_regret,Hog_office_Joey,test,DecisionSelectedPerBuilding,8 DecisionSelectedPerBuilding Hog_office_Joey p90_regret,138.01626644035002,kW,,1c4667ce525a0cdada916bd11ee8c27276ec3a816aeae6b12bbd45355fdbb502,NONE,YES,
CLM-1860,Decision-oriented ensemble,8 DecisionSelectedPerBuilding Hog_office_Joey max_regret,EXACT_RECOVERED,A,8,outputs/phase8/test_decision_metrics.csv,row[18].max_regret,Hog_office_Joey,test,DecisionSelectedPerBuilding,8 DecisionSelectedPerBuilding Hog_office_Joey max_regret,209.3312327763715,kW,,1c4667ce525a0cdada916bd11ee8c27276ec3a816aeae6b12bbd45355fdbb502,NONE,YES,
CLM-1861,Decision-oriented ensemble,8 DecisionSelectedPerBuilding Hog_office_Joey oracle_capture_ratio,EXACT_RECOVERED,A,8,outputs/phase8/test_decision_metrics.csv,row[18].oracle_capture_ratio,Hog_office_Joey,test,DecisionSelectedPerBuilding,8 DecisionSelectedPerBuilding Hog_office_Joey oracle_capture_ratio,0.2842006290248963,dimensionless,,1c4667ce525a0cdada916bd11ee8c27276ec3a816aeae6b12bbd45355fdbb502,NONE,YES,
CLM-1862,Decision-oriented ensemble,8 DecisionSelectedPerBuilding Hog_office_Joey battery_throughput,EXACT_RECOVERED,A,8,outputs/phase8/test_decision_metrics.csv,row[18].battery_throughput,Hog_office_Joey,test,DecisionSelectedPerBuilding,8 DecisionSelectedPerBuilding Hog_office_Joey battery_throughput,51114.34155733375,dimensionless,,1c4667ce525a0cdada916bd11ee8c27276ec3a816aeae6b12bbd45355fdbb502,NONE,YES,
CLM-1863,Decision-oriented ensemble,8 DecisionSelectedPerBuilding Hog_office_Joey equivalent_full_cycles,EXACT_RECOVERED,A,8,outputs/phase8/test_decision_metrics.csv,row[18].equivalent_full_cycles,Hog_office_Joey,test,DecisionSelectedPerBuilding,8 DecisionSelectedPerBuilding Hog_office_Joey equivalent_full_cycles,8.472379958251008,dimensionless,,1c4667ce525a0cdada916bd11ee8c27276ec3a816aeae6b12bbd45355fdbb502,NONE,YES,
CLM-1864,Decision-oriented ensemble,8 ForecastSelectedGlobal Hog_office_Joey no_battery_peak,EXACT_RECOVERED,A,8,outputs/phase8/test_decision_metrics.csv,row[19].no_battery_peak,Hog_office_Joey,test,ForecastSelectedGlobal,8 ForecastSelectedGlobal Hog_office_Joey no_battery_peak,1509.981,kW,,1c4667ce525a0cdada916bd11ee8c27276ec3a816aeae6b12bbd45355fdbb502,NONE,YES,
CLM-1865,Decision-oriented ensemble,8 ForecastSelectedGlobal Hog_office_Joey post_dispatch_peak,EXACT_RECOVERED,A,8,outputs/phase8/test_decision_metrics.csv,row[19].post_dispatch_peak,Hog_office_Joey,test,ForecastSelectedGlobal,8 ForecastSelectedGlobal Hog_office_Joey post_dispatch_peak,1516.8918706980623,kW,,1c4667ce525a0cdada916bd11ee8c27276ec3a816aeae6b12bbd45355fdbb502,NONE,YES,
CLM-1866,Decision-oriented ensemble,8 ForecastSelectedGlobal Hog_office_Joey absolute_peak_reduction,EXACT_RECOVERED,A,8,outputs/phase8/test_decision_metrics.csv,row[19].absolute_peak_reduction,Hog_office_Joey,test,ForecastSelectedGlobal,8 ForecastSelectedGlobal Hog_office_Joey absolute_peak_reduction,-6.910870698062354,kW,,1c4667ce525a0cdada916bd11ee8c27276ec3a816aeae6b12bbd45355fdbb502,NONE,YES,
CLM-1867,Decision-oriented ensemble,8 ForecastSelectedGlobal Hog_office_Joey peak_reduction_percentage,EXACT_RECOVERED,A,8,outputs/phase8/test_decision_metrics.csv,row[19].peak_reduction_percentage,Hog_office_Joey,test,ForecastSelectedGlobal,8 ForecastSelectedGlobal Hog_office_Joey peak_reduction_percentage,-0.4576793150418683,%,,1c4667ce525a0cdada916bd11ee8c27276ec3a816aeae6b12bbd45355fdbb502,NONE,YES,
CLM-1868,Decision-oriented ensemble,8 ForecastSelectedGlobal Hog_office_Joey mean_daily_peak,EXACT_RECOVERED,A,8,outputs/phase8/test_decision_metrics.csv,row[19].mean_daily_peak,Hog_office_Joey,test,ForecastSelectedGlobal,8 ForecastSelectedGlobal Hog_office_Joey mean_daily_peak,1328.64896780394,kW,,1c4667ce525a0cdada916bd11ee8c27276ec3a816aeae6b12bbd45355fdbb502,NONE,YES,
CLM-1869,Decision-oriented ensemble,8 ForecastSelectedGlobal Hog_office_Joey worst_10pct_daily_peak,EXACT_RECOVERED,A,8,outputs/phase8/test_decision_metrics.csv,row[19].worst_10pct_daily_peak,Hog_office_Joey,test,ForecastSelectedGlobal,8 ForecastSelectedGlobal Hog_office_Joey worst_10pct_daily_peak,1496.0131319667814,%,,1c4667ce525a0cdada916bd11ee8c27276ec3a816aeae6b12bbd45355fdbb502,NONE,YES,
CLM-1870,Decision-oriented ensemble,8 ForecastSelectedGlobal Hog_office_Joey mean_regret_vs_oracle,EXACT_RECOVERED,A,8,outputs/phase8/test_decision_metrics.csv,row[19].mean_regret_vs_oracle,Hog_office_Joey,test,ForecastSelectedGlobal,8 ForecastSelectedGlobal Hog_office_Joey mean_regret_vs_oracle,79.27706020133321,kW,,1c4667ce525a0cdada916bd11ee8c27276ec3a816aeae6b12bbd45355fdbb502,NONE,YES,
CLM-1871,Decision-oriented ensemble,8 ForecastSelectedGlobal Hog_office_Joey p90_regret,EXACT_RECOVERED,A,8,outputs/phase8/test_decision_metrics.csv,row[19].p90_regret,Hog_office_Joey,test,ForecastSelectedGlobal,8 ForecastSelectedGlobal Hog_office_Joey p90_regret,141.20279820836706,kW,,1c4667ce525a0cdada916bd11ee8c27276ec3a816aeae6b12bbd45355fdbb502,NONE,YES,
CLM-1872,Decision-oriented ensemble,8 ForecastSelectedGlobal Hog_office_Joey max_regret,EXACT_RECOVERED,A,8,outputs/phase8/test_decision_metrics.csv,row[19].max_regret,Hog_office_Joey,test,ForecastSelectedGlobal,8 ForecastSelectedGlobal Hog_office_Joey max_regret,200.88486441325745,kW,,1c4667ce525a0cdada916bd11ee8c27276ec3a816aeae6b12bbd45355fdbb502,NONE,YES,
CLM-1873,Decision-oriented ensemble,8 ForecastSelectedGlobal Hog_office_Joey oracle_capture_ratio,EXACT_RECOVERED,A,8,outputs/phase8/test_decision_metrics.csv,row[19].oracle_capture_ratio,Hog_office_Joey,test,ForecastSelectedGlobal,8 ForecastSelectedGlobal Hog_office_Joey oracle_capture_ratio,0.2959384365214811,dimensionless,,1c4667ce525a0cdada916bd11ee8c27276ec3a816aeae6b12bbd45355fdbb502,NONE,YES,
CLM-1874,Decision-oriented ensemble,8 ForecastSelectedGlobal Hog_office_Joey battery_throughput,EXACT_RECOVERED,A,8,outputs/phase8/test_decision_metrics.csv,row[19].battery_throughput,Hog_office_Joey,test,ForecastSelectedGlobal,8 ForecastSelectedGlobal Hog_office_Joey battery_throughput,50949.09704354472,dimensionless,,1c4667ce525a0cdada916bd11ee8c27276ec3a816aeae6b12bbd45355fdbb502,NONE,YES,
CLM-1875,Decision-oriented ensemble,8 ForecastSelectedGlobal Hog_office_Joey equivalent_full_cycles,EXACT_RECOVERED,A,8,outputs/phase8/test_decision_metrics.csv,row[19].equivalent_full_cycles,Hog_office_Joey,test,ForecastSelectedGlobal,8 ForecastSelectedGlobal Hog_office_Joey equivalent_full_cycles,8.444990105145575,dimensionless,,1c4667ce525a0cdada916bd11ee8c27276ec3a816aeae6b12bbd45355fdbb502,NONE,YES,
CLM-1876,Decision-oriented ensemble,8 DecisionSelectedGlobal Hog_office_Joey no_battery_peak,EXACT_RECOVERED,A,8,outputs/phase8/test_decision_metrics.csv,row[20].no_battery_peak,Hog_office_Joey,test,DecisionSelectedGlobal,8 DecisionSelectedGlobal Hog_office_Joey no_battery_peak,1509.981,kW,,1c4667ce525a0cdada916bd11ee8c27276ec3a816aeae6b12bbd45355fdbb502,NONE,YES,
CLM-1877,Decision-oriented ensemble,8 DecisionSelectedGlobal Hog_office_Joey post_dispatch_peak,EXACT_RECOVERED,A,8,outputs/phase8/test_decision_metrics.csv,row[20].post_dispatch_peak,Hog_office_Joey,test,DecisionSelectedGlobal,8 DecisionSelectedGlobal Hog_office_Joey post_dispatch_peak,1513.3874893566992,kW,,1c4667ce525a0cdada916bd11ee8c27276ec3a816aeae6b12bbd45355fdbb502,NONE,YES,
CLM-1878,Decision-oriented ensemble,8 DecisionSelectedGlobal Hog_office_Joey absolute_peak_reduction,EXACT_RECOVERED,A,8,outputs/phase8/test_decision_metrics.csv,row[20].absolute_peak_reduction,Hog_office_Joey,test,DecisionSelectedGlobal,8 DecisionSelectedGlobal Hog_office_Joey absolute_peak_reduction,-3.4064893566992396,kW,,1c4667ce525a0cdada916bd11ee8c27276ec3a816aeae6b12bbd45355fdbb502,NONE,YES,
CLM-1879,Decision-oriented ensemble,8 DecisionSelectedGlobal Hog_office_Joey peak_reduction_percentage,EXACT_RECOVERED,A,8,outputs/phase8/test_decision_metrics.csv,row[20].peak_reduction_percentage,Hog_office_Joey,test,DecisionSelectedGlobal,8 DecisionSelectedGlobal Hog_office_Joey peak_reduction_percentage,-0.22559816028805924,%,,1c4667ce525a0cdada916bd11ee8c27276ec3a816aeae6b12bbd45355fdbb502,NONE,YES,
CLM-1880,Decision-oriented ensemble,8 DecisionSelectedGlobal Hog_office_Joey mean_daily_peak,EXACT_RECOVERED,A,8,outputs/phase8/test_decision_metrics.csv,row[20].mean_daily_peak,Hog_office_Joey,test,DecisionSelectedGlobal,8 DecisionSelectedGlobal Hog_office_Joey mean_daily_peak,1331.1500470672988,kW,,1c4667ce525a0cdada916bd11ee8c27276ec3a816aeae6b12bbd45355fdbb502,NONE,YES,
CLM-1881,Decision-oriented ensemble,8 DecisionSelectedGlobal Hog_office_Joey worst_10pct_daily_peak,EXACT_RECOVERED,A,8,outputs/phase8/test_decision_metrics.csv,row[20].worst_10pct_daily_peak,Hog_office_Joey,test,DecisionSelectedGlobal,8 DecisionSelectedGlobal Hog_office_Joey worst_10pct_daily_peak,1500.9235813914693,%,,1c4667ce525a0cdada916bd11ee8c27276ec3a816aeae6b12bbd45355fdbb502,NONE,YES,
CLM-1882,Decision-oriented ensemble,8 DecisionSelectedGlobal Hog_office_Joey mean_regret_vs_oracle,EXACT_RECOVERED,A,8,outputs/phase8/test_decision_metrics.csv,row[20].mean_regret_vs_oracle,Hog_office_Joey,test,DecisionSelectedGlobal,8 DecisionSelectedGlobal Hog_office_Joey mean_regret_vs_oracle,81.77813946469178,kW,,1c4667ce525a0cdada916bd11ee8c27276ec3a816aeae6b12bbd45355fdbb502,NONE,YES,
CLM-1883,Decision-oriented ensemble,8 DecisionSelectedGlobal Hog_office_Joey p90_regret,EXACT_RECOVERED,A,8,outputs/phase8/test_decision_metrics.csv,row[20].p90_regret,Hog_office_Joey,test,DecisionSelectedGlobal,8 DecisionSelectedGlobal Hog_office_Joey p90_regret,150.3375257801365,kW,,1c4667ce525a0cdada916bd11ee8c27276ec3a816aeae6b12bbd45355fdbb502,NONE,YES,
CLM-1884,Decision-oriented ensemble,8 DecisionSelectedGlobal Hog_office_Joey max_regret,EXACT_RECOVERED,A,8,outputs/phase8/test_decision_metrics.csv,row[20].max_regret,Hog_office_Joey,test,DecisionSelectedGlobal,8 DecisionSelectedGlobal Hog_office_Joey max_regret,192.1240928809284,kW,,1c4667ce525a0cdada916bd11ee8c27276ec3a816aeae6b12bbd45355fdbb502,NONE,YES,
CLM-1885,Decision-oriented ensemble,8 DecisionSelectedGlobal Hog_office_Joey oracle_capture_ratio,EXACT_RECOVERED,A,8,outputs/phase8/test_decision_metrics.csv,row[20].oracle_capture_ratio,Hog_office_Joey,test,DecisionSelectedGlobal,8 DecisionSelectedGlobal Hog_office_Joey oracle_capture_ratio,0.27271574351833416,dimensionless,,1c4667ce525a0cdada916bd11ee8c27276ec3a816aeae6b12bbd45355fdbb502,NONE,YES,
CLM-1886,Decision-oriented ensemble,8 DecisionSelectedGlobal Hog_office_Joey battery_throughput,EXACT_RECOVERED,A,8,outputs/phase8/test_decision_metrics.csv,row[20].battery_throughput,Hog_office_Joey,test,DecisionSelectedGlobal,8 DecisionSelectedGlobal Hog_office_Joey battery_throughput,51133.51924150201,dimensionless,,1c4667ce525a0cdada916bd11ee8c27276ec3a816aeae6b12bbd45355fdbb502,NONE,YES,
CLM-1887,Decision-oriented ensemble,8 DecisionSelectedGlobal Hog_office_Joey equivalent_full_cycles,EXACT_RECOVERED,A,8,outputs/phase8/test_decision_metrics.csv,row[20].equivalent_full_cycles,Hog_office_Joey,test,DecisionSelectedGlobal,8 DecisionSelectedGlobal Hog_office_Joey equivalent_full_cycles,8.475558726127934,dimensionless,,1c4667ce525a0cdada916bd11ee8c27276ec3a816aeae6b12bbd45355fdbb502,NONE,YES,
CLM-1888,Decision-oriented ensemble,8 Oracle Lamb_office_Caitlin no_battery_peak,EXACT_RECOVERED,A,8,outputs/phase8/test_decision_metrics.csv,row[21].no_battery_peak,Lamb_office_Caitlin,test,Oracle,8 Oracle Lamb_office_Caitlin no_battery_peak,166.95,kW,,1c4667ce525a0cdada916bd11ee8c27276ec3a816aeae6b12bbd45355fdbb502,NONE,YES,
CLM-1889,Decision-oriented ensemble,8 Oracle Lamb_office_Caitlin post_dispatch_peak,EXACT_RECOVERED,A,8,outputs/phase8/test_decision_metrics.csv,row[21].post_dispatch_peak,Lamb_office_Caitlin,test,Oracle,8 Oracle Lamb_office_Caitlin post_dispatch_peak,154.05341886432925,kW,,1c4667ce525a0cdada916bd11ee8c27276ec3a816aeae6b12bbd45355fdbb502,NONE,YES,
CLM-1890,Decision-oriented ensemble,8 Oracle Lamb_office_Caitlin absolute_peak_reduction,EXACT_RECOVERED,A,8,outputs/phase8/test_decision_metrics.csv,row[21].absolute_peak_reduction,Lamb_office_Caitlin,test,Oracle,8 Oracle Lamb_office_Caitlin absolute_peak_reduction,12.896581135670743,kW,,1c4667ce525a0cdada916bd11ee8c27276ec3a816aeae6b12bbd45355fdbb502,NONE,YES,
CLM-1891,Decision-oriented ensemble,8 Oracle Lamb_office_Caitlin peak_reduction_percentage,EXACT_RECOVERED,A,8,outputs/phase8/test_decision_metrics.csv,row[21].peak_reduction_percentage,Lamb_office_Caitlin,test,Oracle,8 Oracle Lamb_office_Caitlin peak_reduction_percentage,7.724816493363729,%,,1c4667ce525a0cdada916bd11ee8c27276ec3a816aeae6b12bbd45355fdbb502,NONE,YES,
CLM-1892,Decision-oriented ensemble,8 Oracle Lamb_office_Caitlin mean_daily_peak,EXACT_RECOVERED,A,8,outputs/phase8/test_decision_metrics.csv,row[21].mean_daily_peak,Lamb_office_Caitlin,test,Oracle,8 Oracle Lamb_office_Caitlin mean_daily_peak,89.32274136264799,kW,,1c4667ce525a0cdada916bd11ee8c27276ec3a816aeae6b12bbd45355fdbb502,NONE,YES,
CLM-1893,Decision-oriented ensemble,8 Oracle Lamb_office_Caitlin worst_10pct_daily_peak,EXACT_RECOVERED,A,8,outputs/phase8/test_decision_metrics.csv,row[21].worst_10pct_daily_peak,Lamb_office_Caitlin,test,Oracle,8 Oracle Lamb_office_Caitlin worst_10pct_daily_peak,147.45341886432925,%,,1c4667ce525a0cdada916bd11ee8c27276ec3a816aeae6b12bbd45355fdbb502,NONE,YES,
CLM-1894,Decision-oriented ensemble,8 Oracle Lamb_office_Caitlin mean_regret_vs_oracle,EXACT_RECOVERED,A,8,outputs/phase8/test_decision_metrics.csv,row[21].mean_regret_vs_oracle,Lamb_office_Caitlin,test,Oracle,8 Oracle Lamb_office_Caitlin mean_regret_vs_oracle,0.0,kW,,1c4667ce525a0cdada916bd11ee8c27276ec3a816aeae6b12bbd45355fdbb502,NONE,YES,
CLM-1895,Decision-oriented ensemble,8 Oracle Lamb_office_Caitlin p90_regret,EXACT_RECOVERED,A,8,outputs/phase8/test_decision_metrics.csv,row[21].p90_regret,Lamb_office_Caitlin,test,Oracle,8 Oracle Lamb_office_Caitlin p90_regret,0.0,kW,,1c4667ce525a0cdada916bd11ee8c27276ec3a816aeae6b12bbd45355fdbb502,NONE,YES,
CLM-1896,Decision-oriented ensemble,8 Oracle Lamb_office_Caitlin max_regret,EXACT_RECOVERED,A,8,outputs/phase8/test_decision_metrics.csv,row[21].max_regret,Lamb_office_Caitlin,test,Oracle,8 Oracle Lamb_office_Caitlin max_regret,0.0,kW,,1c4667ce525a0cdada916bd11ee8c27276ec3a816aeae6b12bbd45355fdbb502,NONE,YES,
CLM-1897,Decision-oriented ensemble,8 Oracle Lamb_office_Caitlin oracle_capture_ratio,EXACT_RECOVERED,A,8,outputs/phase8/test_decision_metrics.csv,row[21].oracle_capture_ratio,Lamb_office_Caitlin,test,Oracle,8 Oracle Lamb_office_Caitlin oracle_capture_ratio,1.0,dimensionless,,1c4667ce525a0cdada916bd11ee8c27276ec3a816aeae6b12bbd45355fdbb502,NONE,YES,
CLM-1898,Decision-oriented ensemble,8 Oracle Lamb_office_Caitlin battery_throughput,EXACT_RECOVERED,A,8,outputs/phase8/test_decision_metrics.csv,row[21].battery_throughput,Lamb_office_Caitlin,test,Oracle,8 Oracle Lamb_office_Caitlin battery_throughput,1636.279065606598,dimensionless,,1c4667ce525a0cdada916bd11ee8c27276ec3a816aeae6b12bbd45355fdbb502,NONE,YES,
CLM-1899,Decision-oriented ensemble,8 Oracle Lamb_office_Caitlin equivalent_full_cycles,EXACT_RECOVERED,A,8,outputs/phase8/test_decision_metrics.csv,row[21].equivalent_full_cycles,Lamb_office_Caitlin,test,Oracle,8 Oracle Lamb_office_Caitlin equivalent_full_cycles,15.024903678712207,dimensionless,,1c4667ce525a0cdada916bd11ee8c27276ec3a816aeae6b12bbd45355fdbb502,NONE,YES,
CLM-1900,Decision-oriented ensemble,8 DayWeek Lamb_office_Caitlin no_battery_peak,EXACT_RECOVERED,A,8,outputs/phase8/test_decision_metrics.csv,row[22].no_battery_peak,Lamb_office_Caitlin,test,DayWeek,8 DayWeek Lamb_office_Caitlin no_battery_peak,166.95,kW,,1c4667ce525a0cdada916bd11ee8c27276ec3a816aeae6b12bbd45355fdbb502,NONE,YES,
CLM-1901,Decision-oriented ensemble,8 DayWeek Lamb_office_Caitlin post_dispatch_peak,EXACT_RECOVERED,A,8,outputs/phase8/test_decision_metrics.csv,row[22].post_dispatch_peak,Lamb_office_Caitlin,test,DayWeek,8 DayWeek Lamb_office_Caitlin post_dispatch_peak,157.7648732398835,kW,,1c4667ce525a0cdada916bd11ee8c27276ec3a816aeae6b12bbd45355fdbb502,NONE,YES,
CLM-1902,Decision-oriented ensemble,8 DayWeek Lamb_office_Caitlin absolute_peak_reduction,EXACT_RECOVERED,A,8,outputs/phase8/test_decision_metrics.csv,row[22].absolute_peak_reduction,Lamb_office_Caitlin,test,DayWeek,8 DayWeek Lamb_office_Caitlin absolute_peak_reduction,9.185126760116475,kW,,1c4667ce525a0cdada916bd11ee8c27276ec3a816aeae6b12bbd45355fdbb502,NONE,YES,
CLM-1903,Decision-oriented ensemble,8 DayWeek Lamb_office_Caitlin peak_reduction_percentage,EXACT_RECOVERED,A,8,outputs/phase8/test_decision_metrics.csv,row[22].peak_reduction_percentage,Lamb_office_Caitlin,test,DayWeek,8 DayWeek Lamb_office_Caitlin peak_reduction_percentage,5.501723126754403,%,,1c4667ce525a0cdada916bd11ee8c27276ec3a816aeae6b12bbd45355fdbb502,NONE,YES,
CLM-1904,Decision-oriented ensemble,8 DayWeek Lamb_office_Caitlin mean_daily_peak,EXACT_RECOVERED,A,8,outputs/phase8/test_decision_metrics.csv,row[22].mean_daily_peak,Lamb_office_Caitlin,test,DayWeek,8 DayWeek Lamb_office_Caitlin mean_daily_peak,95.21907539707523,kW,,1c4667ce525a0cdada916bd11ee8c27276ec3a816aeae6b12bbd45355fdbb502,NONE,YES,
CLM-1905,Decision-oriented ensemble,8 DayWeek Lamb_office_Caitlin worst_10pct_daily_peak,EXACT_RECOVERED,A,8,outputs/phase8/test_decision_metrics.csv,row[22].worst_10pct_daily_peak,Lamb_office_Caitlin,test,DayWeek,8 DayWeek Lamb_office_Caitlin worst_10pct_daily_peak,152.66443070140426,%,,1c4667ce525a0cdada916bd11ee8c27276ec3a816aeae6b12bbd45355fdbb502,NONE,YES,
CLM-1906,Decision-oriented ensemble,8 DayWeek Lamb_office_Caitlin mean_regret_vs_oracle,EXACT_RECOVERED,A,8,outputs/phase8/test_decision_metrics.csv,row[22].mean_regret_vs_oracle,Lamb_office_Caitlin,test,DayWeek,8 DayWeek Lamb_office_Caitlin mean_regret_vs_oracle,5.896334034427241,kW,,1c4667ce525a0cdada916bd11ee8c27276ec3a816aeae6b12bbd45355fdbb502,NONE,YES,
CLM-1907,Decision-oriented ensemble,8 DayWeek Lamb_office_Caitlin p90_regret,EXACT_RECOVERED,A,8,outputs/phase8/test_decision_metrics.csv,row[22].p90_regret,Lamb_office_Caitlin,test,DayWeek,8 DayWeek Lamb_office_Caitlin p90_regret,13.282408080342755,kW,,1c4667ce525a0cdada916bd11ee8c27276ec3a816aeae6b12bbd45355fdbb502,NONE,YES,
CLM-1908,Decision-oriented ensemble,8 DayWeek Lamb_office_Caitlin max_regret,EXACT_RECOVERED,A,8,outputs/phase8/test_decision_metrics.csv,row[22].max_regret,Lamb_office_Caitlin,test,DayWeek,8 DayWeek Lamb_office_Caitlin max_regret,16.397470024559503,kW,,1c4667ce525a0cdada916bd11ee8c27276ec3a816aeae6b12bbd45355fdbb502,NONE,YES,
CLM-1909,Decision-oriented ensemble,8 DayWeek Lamb_office_Caitlin oracle_capture_ratio,EXACT_RECOVERED,A,8,outputs/phase8/test_decision_metrics.csv,row[22].oracle_capture_ratio,Lamb_office_Caitlin,test,DayWeek,8 DayWeek Lamb_office_Caitlin oracle_capture_ratio,-0.9709731470243235,dimensionless,,1c4667ce525a0cdada916bd11ee8c27276ec3a816aeae6b12bbd45355fdbb502,NONE,YES,
CLM-1910,Decision-oriented ensemble,8 DayWeek Lamb_office_Caitlin battery_throughput,EXACT_RECOVERED,A,8,outputs/phase8/test_decision_metrics.csv,row[22].battery_throughput,Lamb_office_Caitlin,test,DayWeek,8 DayWeek Lamb_office_Caitlin battery_throughput,2007.3353654257062,dimensionless,,1c4667ce525a0cdada916bd11ee8c27276ec3a816aeae6b12bbd45355fdbb502,NONE,YES,
CLM-1911,Decision-oriented ensemble,8 DayWeek Lamb_office_Caitlin equivalent_full_cycles,EXACT_RECOVERED,A,8,outputs/phase8/test_decision_metrics.csv,row[22].equivalent_full_cycles,Lamb_office_Caitlin,test,DayWeek,8 DayWeek Lamb_office_Caitlin equivalent_full_cycles,18.432076257855776,dimensionless,,1c4667ce525a0cdada916bd11ee8c27276ec3a816aeae6b12bbd45355fdbb502,NONE,YES,
CLM-1912,Decision-oriented ensemble,8 LightGBM Lamb_office_Caitlin no_battery_peak,EXACT_RECOVERED,A,8,outputs/phase8/test_decision_metrics.csv,row[23].no_battery_peak,Lamb_office_Caitlin,test,LightGBM,8 LightGBM Lamb_office_Caitlin no_battery_peak,166.95,kW,,1c4667ce525a0cdada916bd11ee8c27276ec3a816aeae6b12bbd45355fdbb502,NONE,YES,
CLM-1913,Decision-oriented ensemble,8 LightGBM Lamb_office_Caitlin post_dispatch_peak,EXACT_RECOVERED,A,8,outputs/phase8/test_decision_metrics.csv,row[23].post_dispatch_peak,Lamb_office_Caitlin,test,LightGBM,8 LightGBM Lamb_office_Caitlin post_dispatch_peak,160.1566791087682,kW,,1c4667ce525a0cdada916bd11ee8c27276ec3a816aeae6b12bbd45355fdbb502,NONE,YES,
CLM-1914,Decision-oriented ensemble,8 LightGBM Lamb_office_Caitlin absolute_peak_reduction,EXACT_RECOVERED,A,8,outputs/phase8/test_decision_metrics.csv,row[23].absolute_peak_reduction,Lamb_office_Caitlin,test,LightGBM,8 LightGBM Lamb_office_Caitlin absolute_peak_reduction,6.793320891231787,kW,,1c4667ce525a0cdada916bd11ee8c27276ec3a816aeae6b12bbd45355fdbb502,NONE,YES,
CLM-1915,Decision-oriented ensemble,8 LightGBM Lamb_office_Caitlin peak_reduction_percentage,EXACT_RECOVERED,A,8,outputs/phase8/test_decision_metrics.csv,row[23].peak_reduction_percentage,Lamb_office_Caitlin,test,LightGBM,8 LightGBM Lamb_office_Caitlin peak_reduction_percentage,4.069075107057075,%,,1c4667ce525a0cdada916bd11ee8c27276ec3a816aeae6b12bbd45355fdbb502,NONE,YES,
CLM-1916,Decision-oriented ensemble,8 LightGBM Lamb_office_Caitlin mean_daily_peak,EXACT_RECOVERED,A,8,outputs/phase8/test_decision_metrics.csv,row[23].mean_daily_peak,Lamb_office_Caitlin,test,LightGBM,8 LightGBM Lamb_office_Caitlin mean_daily_peak,94.80246848788674,kW,,1c4667ce525a0cdada916bd11ee8c27276ec3a816aeae6b12bbd45355fdbb502,NONE,YES,
CLM-1917,Decision-oriented ensemble,8 LightGBM Lamb_office_Caitlin worst_10pct_daily_peak,EXACT_RECOVERED,A,8,outputs/phase8/test_decision_metrics.csv,row[23].worst_10pct_daily_peak,Lamb_office_Caitlin,test,LightGBM,8 LightGBM Lamb_office_Caitlin worst_10pct_daily_peak,154.6962623098406,%,,1c4667ce525a0cdada916bd11ee8c27276ec3a816aeae6b12bbd45355fdbb502,NONE,YES,
CLM-1918,Decision-oriented ensemble,8 LightGBM Lamb_office_Caitlin mean_regret_vs_oracle,EXACT_RECOVERED,A,8,outputs/phase8/test_decision_metrics.csv,row[23].mean_regret_vs_oracle,Lamb_office_Caitlin,test,LightGBM,8 LightGBM Lamb_office_Caitlin mean_regret_vs_oracle,5.479727125238769,kW,,1c4667ce525a0cdada916bd11ee8c27276ec3a816aeae6b12bbd45355fdbb502,NONE,YES,
CLM-1919,Decision-oriented ensemble,8 LightGBM Lamb_office_Caitlin p90_regret,EXACT_RECOVERED,A,8,outputs/phase8/test_decision_metrics.csv,row[23].p90_regret,Lamb_office_Caitlin,test,LightGBM,8 LightGBM Lamb_office_Caitlin p90_regret,7.793997274583898,kW,,1c4667ce525a0cdada916bd11ee8c27276ec3a816aeae6b12bbd45355fdbb502,NONE,YES,
CLM-1920,Decision-oriented ensemble,8 LightGBM Lamb_office_Caitlin max_regret,EXACT_RECOVERED,A,8,outputs/phase8/test_decision_metrics.csv,row[23].max_regret,Lamb_office_Caitlin,test,LightGBM,8 LightGBM Lamb_office_Caitlin max_regret,10.839557802796975,kW,,1c4667ce525a0cdada916bd11ee8c27276ec3a816aeae6b12bbd45355fdbb502,NONE,YES,
CLM-1921,Decision-oriented ensemble,8 LightGBM Lamb_office_Caitlin oracle_capture_ratio,EXACT_RECOVERED,A,8,outputs/phase8/test_decision_metrics.csv,row[23].oracle_capture_ratio,Lamb_office_Caitlin,test,LightGBM,8 LightGBM Lamb_office_Caitlin oracle_capture_ratio,-0.52381076088881,dimensionless,,1c4667ce525a0cdada916bd11ee8c27276ec3a816aeae6b12bbd45355fdbb502,NONE,YES,
CLM-1922,Decision-oriented ensemble,8 LightGBM Lamb_office_Caitlin battery_throughput,EXACT_RECOVERED,A,8,outputs/phase8/test_decision_metrics.csv,row[23].battery_throughput,Lamb_office_Caitlin,test,LightGBM,8 LightGBM Lamb_office_Caitlin battery_throughput,2081.4446704627994,dimensionless,,1c4667ce525a0cdada916bd11ee8c27276ec3a816aeae6b12bbd45355fdbb502,NONE,YES,
CLM-1923,Decision-oriented ensemble,8 LightGBM Lamb_office_Caitlin equivalent_full_cycles,EXACT_RECOVERED,A,8,outputs/phase8/test_decision_metrics.csv,row[23].equivalent_full_cycles,Lamb_office_Caitlin,test,LightGBM,8 LightGBM Lamb_office_Caitlin equivalent_full_cycles,19.11257458682865,dimensionless,,1c4667ce525a0cdada916bd11ee8c27276ec3a816aeae6b12bbd45355fdbb502,NONE,YES,
CLM-1924,Decision-oriented ensemble,8 ForecastSelectedPerBuilding Lamb_office_Caitlin no_battery_peak,EXACT_RECOVERED,A,8,outputs/phase8/test_decision_metrics.csv,row[24].no_battery_peak,Lamb_office_Caitlin,test,ForecastSelectedPerBuilding,8 ForecastSelectedPerBuilding Lamb_office_Caitlin no_battery_peak,166.95,kW,,1c4667ce525a0cdada916bd11ee8c27276ec3a816aeae6b12bbd45355fdbb502,NONE,YES,
CLM-1925,Decision-oriented ensemble,8 ForecastSelectedPerBuilding Lamb_office_Caitlin post_dispatch_peak,EXACT_RECOVERED,A,8,outputs/phase8/test_decision_metrics.csv,row[24].post_dispatch_peak,Lamb_office_Caitlin,test,ForecastSelectedPerBuilding,8 ForecastSelectedPerBuilding Lamb_office_Caitlin post_dispatch_peak,158.294576405381,kW,,1c4667ce525a0cdada916bd11ee8c27276ec3a816aeae6b12bbd45355fdbb502,NONE,YES,
CLM-1926,Decision-oriented ensemble,8 ForecastSelectedPerBuilding Lamb_office_Caitlin absolute_peak_reduction,EXACT_RECOVERED,A,8,outputs/phase8/test_decision_metrics.csv,row[24].absolute_peak_reduction,Lamb_office_Caitlin,test,ForecastSelectedPerBuilding,8 ForecastSelectedPerBuilding Lamb_office_Caitlin absolute_peak_reduction,8.65542359461898,kW,,1c4667ce525a0cdada916bd11ee8c27276ec3a816aeae6b12bbd45355fdbb502,NONE,YES,
CLM-1927,Decision-oriented ensemble,8 ForecastSelectedPerBuilding Lamb_office_Caitlin peak_reduction_percentage,EXACT_RECOVERED,A,8,outputs/phase8/test_decision_metrics.csv,row[24].peak_reduction_percentage,Lamb_office_Caitlin,test,ForecastSelectedPerBuilding,8 ForecastSelectedPerBuilding Lamb_office_Caitlin peak_reduction_percentage,5.1844406077382335,%,,1c4667ce525a0cdada916bd11ee8c27276ec3a816aeae6b12bbd45355fdbb502,NONE,YES,
CLM-1928,Decision-oriented ensemble,8 ForecastSelectedPerBuilding Lamb_office_Caitlin mean_daily_peak,EXACT_RECOVERED,A,8,outputs/phase8/test_decision_metrics.csv,row[24].mean_daily_peak,Lamb_office_Caitlin,test,ForecastSelectedPerBuilding,8 ForecastSelectedPerBuilding Lamb_office_Caitlin mean_daily_peak,94.98024725534637,kW,,1c4667ce525a0cdada916bd11ee8c27276ec3a816aeae6b12bbd45355fdbb502,NONE,YES,
CLM-1929,Decision-oriented ensemble,8 ForecastSelectedPerBuilding Lamb_office_Caitlin worst_10pct_daily_peak,EXACT_RECOVERED,A,8,outputs/phase8/test_decision_metrics.csv,row[24].worst_10pct_daily_peak,Lamb_office_Caitlin,test,ForecastSelectedPerBuilding,8 ForecastSelectedPerBuilding Lamb_office_Caitlin worst_10pct_daily_peak,151.75270409175508,%,,1c4667ce525a0cdada916bd11ee8c27276ec3a816aeae6b12bbd45355fdbb502,NONE,YES,
CLM-1930,Decision-oriented ensemble,8 ForecastSelectedPerBuilding Lamb_office_Caitlin mean_regret_vs_oracle,EXACT_RECOVERED,A,8,outputs/phase8/test_decision_metrics.csv,row[24].mean_regret_vs_oracle,Lamb_office_Caitlin,test,ForecastSelectedPerBuilding,8 ForecastSelectedPerBuilding Lamb_office_Caitlin mean_regret_vs_oracle,5.657505892698389,kW,,1c4667ce525a0cdada916bd11ee8c27276ec3a816aeae6b12bbd45355fdbb502,NONE,YES,
CLM-1931,Decision-oriented ensemble,8 ForecastSelectedPerBuilding Lamb_office_Caitlin p90_regret,EXACT_RECOVERED,A,8,outputs/phase8/test_decision_metrics.csv,row[24].p90_regret,Lamb_office_Caitlin,test,ForecastSelectedPerBuilding,8 ForecastSelectedPerBuilding Lamb_office_Caitlin p90_regret,12.924224307476898,kW,,1c4667ce525a0cdada916bd11ee8c27276ec3a816aeae6b12bbd45355fdbb502,NONE,YES,
CLM-1932,Decision-oriented ensemble,8 ForecastSelectedPerBuilding Lamb_office_Caitlin max_regret,EXACT_RECOVERED,A,8,outputs/phase8/test_decision_metrics.csv,row[24].max_regret,Lamb_office_Caitlin,test,ForecastSelectedPerBuilding,8 ForecastSelectedPerBuilding Lamb_office_Caitlin max_regret,16.347470024559506,kW,,1c4667ce525a0cdada916bd11ee8c27276ec3a816aeae6b12bbd45355fdbb502,NONE,YES,
CLM-1933,Decision-oriented ensemble,8 ForecastSelectedPerBuilding Lamb_office_Caitlin oracle_capture_ratio,EXACT_RECOVERED,A,8,outputs/phase8/test_decision_metrics.csv,row[24].oracle_capture_ratio,Lamb_office_Caitlin,test,ForecastSelectedPerBuilding,8 ForecastSelectedPerBuilding Lamb_office_Caitlin oracle_capture_ratio,-0.9533896793393626,dimensionless,,1c4667ce525a0cdada916bd11ee8c27276ec3a816aeae6b12bbd45355fdbb502,NONE,YES,
CLM-1934,Decision-oriented ensemble,8 ForecastSelectedPerBuilding Lamb_office_Caitlin battery_throughput,EXACT_RECOVERED,A,8,outputs/phase8/test_decision_metrics.csv,row[24].battery_throughput,Lamb_office_Caitlin,test,ForecastSelectedPerBuilding,8 ForecastSelectedPerBuilding Lamb_office_Caitlin battery_throughput,2124.729068613725,dimensionless,,1c4667ce525a0cdada916bd11ee8c27276ec3a816aeae6b12bbd45355fdbb502,NONE,YES,
CLM-1935,Decision-oriented ensemble,8 ForecastSelectedPerBuilding Lamb_office_Caitlin equivalent_full_cycles,EXACT_RECOVERED,A,8,outputs/phase8/test_decision_metrics.csv,row[24].equivalent_full_cycles,Lamb_office_Caitlin,test,ForecastSelectedPerBuilding,8 ForecastSelectedPerBuilding Lamb_office_Caitlin equivalent_full_cycles,19.510027519325607,dimensionless,,1c4667ce525a0cdada916bd11ee8c27276ec3a816aeae6b12bbd45355fdbb502,NONE,YES,
CLM-1936,Decision-oriented ensemble,8 DecisionSelectedPerBuilding Lamb_office_Caitlin no_battery_peak,EXACT_RECOVERED,A,8,outputs/phase8/test_decision_metrics.csv,row[25].no_battery_peak,Lamb_office_Caitlin,test,DecisionSelectedPerBuilding,8 DecisionSelectedPerBuilding Lamb_office_Caitlin no_battery_peak,166.95,kW,,1c4667ce525a0cdada916bd11ee8c27276ec3a816aeae6b12bbd45355fdbb502,NONE,YES,
CLM-1937,Decision-oriented ensemble,8 DecisionSelectedPerBuilding Lamb_office_Caitlin post_dispatch_peak,EXACT_RECOVERED,A,8,outputs/phase8/test_decision_metrics.csv,row[25].post_dispatch_peak,Lamb_office_Caitlin,test,DecisionSelectedPerBuilding,8 DecisionSelectedPerBuilding Lamb_office_Caitlin post_dispatch_peak,158.82427957087856,kW,,1c4667ce525a0cdada916bd11ee8c27276ec3a816aeae6b12bbd45355fdbb502,NONE,YES,
CLM-1938,Decision-oriented ensemble,8 DecisionSelectedPerBuilding Lamb_office_Caitlin absolute_peak_reduction,EXACT_RECOVERED,A,8,outputs/phase8/test_decision_metrics.csv,row[25].absolute_peak_reduction,Lamb_office_Caitlin,test,DecisionSelectedPerBuilding,8 DecisionSelectedPerBuilding Lamb_office_Caitlin absolute_peak_reduction,8.12572042912143,kW,,1c4667ce525a0cdada916bd11ee8c27276ec3a816aeae6b12bbd45355fdbb502,NONE,YES,
CLM-1939,Decision-oriented ensemble,8 DecisionSelectedPerBuilding Lamb_office_Caitlin peak_reduction_percentage,EXACT_RECOVERED,A,8,outputs/phase8/test_decision_metrics.csv,row[25].peak_reduction_percentage,Lamb_office_Caitlin,test,DecisionSelectedPerBuilding,8 DecisionSelectedPerBuilding Lamb_office_Caitlin peak_reduction_percentage,4.8671580887220305,%,,1c4667ce525a0cdada916bd11ee8c27276ec3a816aeae6b12bbd45355fdbb502,NONE,YES,
CLM-1940,Decision-oriented ensemble,8 DecisionSelectedPerBuilding Lamb_office_Caitlin mean_daily_peak,EXACT_RECOVERED,A,8,outputs/phase8/test_decision_metrics.csv,row[25].mean_daily_peak,Lamb_office_Caitlin,test,DecisionSelectedPerBuilding,8 DecisionSelectedPerBuilding Lamb_office_Caitlin mean_daily_peak,94.55900325070257,kW,,1c4667ce525a0cdada916bd11ee8c27276ec3a816aeae6b12bbd45355fdbb502,NONE,YES,
CLM-1941,Decision-oriented ensemble,8 DecisionSelectedPerBuilding Lamb_office_Caitlin worst_10pct_daily_peak,EXACT_RECOVERED,A,8,outputs/phase8/test_decision_metrics.csv,row[25].worst_10pct_daily_peak,Lamb_office_Caitlin,test,DecisionSelectedPerBuilding,8 DecisionSelectedPerBuilding Lamb_office_Caitlin worst_10pct_daily_peak,153.0058385169592,%,,1c4667ce525a0cdada916bd11ee8c27276ec3a816aeae6b12bbd45355fdbb502,NONE,YES,
CLM-1942,Decision-oriented ensemble,8 DecisionSelectedPerBuilding Lamb_office_Caitlin mean_regret_vs_oracle,EXACT_RECOVERED,A,8,outputs/phase8/test_decision_metrics.csv,row[25].mean_regret_vs_oracle,Lamb_office_Caitlin,test,DecisionSelectedPerBuilding,8 DecisionSelectedPerBuilding Lamb_office_Caitlin mean_regret_vs_oracle,5.236261888054604,kW,,1c4667ce525a0cdada916bd11ee8c27276ec3a816aeae6b12bbd45355fdbb502,NONE,YES,
CLM-1943,Decision-oriented ensemble,8 DecisionSelectedPerBuilding Lamb_office_Caitlin p90_regret,EXACT_RECOVERED,A,8,outputs/phase8/test_decision_metrics.csv,row[25].p90_regret,Lamb_office_Caitlin,test,DecisionSelectedPerBuilding,8 DecisionSelectedPerBuilding Lamb_office_Caitlin p90_regret,8.44124286306848,kW,,1c4667ce525a0cdada916bd11ee8c27276ec3a816aeae6b12bbd45355fdbb502,NONE,YES,
CLM-1944,Decision-oriented ensemble,8 DecisionSelectedPerBuilding Lamb_office_Caitlin max_regret,EXACT_RECOVERED,A,8,outputs/phase8/test_decision_metrics.csv,row[25].max_regret,Lamb_office_Caitlin,test,DecisionSelectedPerBuilding,8 DecisionSelectedPerBuilding Lamb_office_Caitlin max_regret,12.921691267829322,kW,,1c4667ce525a0cdada916bd11ee8c27276ec3a816aeae6b12bbd45355fdbb502,NONE,YES,
CLM-1945,Decision-oriented ensemble,8 DecisionSelectedPerBuilding Lamb_office_Caitlin oracle_capture_ratio,EXACT_RECOVERED,A,8,outputs/phase8/test_decision_metrics.csv,row[25].oracle_capture_ratio,Lamb_office_Caitlin,test,DecisionSelectedPerBuilding,8 DecisionSelectedPerBuilding Lamb_office_Caitlin oracle_capture_ratio,-0.7506709728798726,dimensionless,,1c4667ce525a0cdada916bd11ee8c27276ec3a816aeae6b12bbd45355fdbb502,NONE,YES,
CLM-1946,Decision-oriented ensemble,8 DecisionSelectedPerBuilding Lamb_office_Caitlin battery_throughput,EXACT_RECOVERED,A,8,outputs/phase8/test_decision_metrics.csv,row[25].battery_throughput,Lamb_office_Caitlin,test,DecisionSelectedPerBuilding,8 DecisionSelectedPerBuilding Lamb_office_Caitlin battery_throughput,2042.6079168428519,dimensionless,,1c4667ce525a0cdada916bd11ee8c27276ec3a816aeae6b12bbd45355fdbb502,NONE,YES,
CLM-1947,Decision-oriented ensemble,8 DecisionSelectedPerBuilding Lamb_office_Caitlin equivalent_full_cycles,EXACT_RECOVERED,A,8,outputs/phase8/test_decision_metrics.csv,row[25].equivalent_full_cycles,Lamb_office_Caitlin,test,DecisionSelectedPerBuilding,8 DecisionSelectedPerBuilding Lamb_office_Caitlin equivalent_full_cycles,18.75596152821372,dimensionless,,1c4667ce525a0cdada916bd11ee8c27276ec3a816aeae6b12bbd45355fdbb502,NONE,YES,
CLM-1948,Decision-oriented ensemble,8 ForecastSelectedGlobal Lamb_office_Caitlin no_battery_peak,EXACT_RECOVERED,A,8,outputs/phase8/test_decision_metrics.csv,row[26].no_battery_peak,Lamb_office_Caitlin,test,ForecastSelectedGlobal,8 ForecastSelectedGlobal Lamb_office_Caitlin no_battery_peak,166.95,kW,,1c4667ce525a0cdada916bd11ee8c27276ec3a816aeae6b12bbd45355fdbb502,NONE,YES,
CLM-1949,Decision-oriented ensemble,8 ForecastSelectedGlobal Lamb_office_Caitlin post_dispatch_peak,EXACT_RECOVERED,A,8,outputs/phase8/test_decision_metrics.csv,row[26].post_dispatch_peak,Lamb_office_Caitlin,test,ForecastSelectedGlobal,8 ForecastSelectedGlobal Lamb_office_Caitlin post_dispatch_peak,158.42700219675544,kW,,1c4667ce525a0cdada916bd11ee8c27276ec3a816aeae6b12bbd45355fdbb502,NONE,YES,
CLM-1950,Decision-oriented ensemble,8 ForecastSelectedGlobal Lamb_office_Caitlin absolute_peak_reduction,EXACT_RECOVERED,A,8,outputs/phase8/test_decision_metrics.csv,row[26].absolute_peak_reduction,Lamb_office_Caitlin,test,ForecastSelectedGlobal,8 ForecastSelectedGlobal Lamb_office_Caitlin absolute_peak_reduction,8.52299780324455,kW,,1c4667ce525a0cdada916bd11ee8c27276ec3a816aeae6b12bbd45355fdbb502,NONE,YES,
CLM-1951,Decision-oriented ensemble,8 ForecastSelectedGlobal Lamb_office_Caitlin peak_reduction_percentage,EXACT_RECOVERED,A,8,outputs/phase8/test_decision_metrics.csv,row[26].peak_reduction_percentage,Lamb_office_Caitlin,test,ForecastSelectedGlobal,8 ForecastSelectedGlobal Lamb_office_Caitlin peak_reduction_percentage,5.105119977984157,%,,1c4667ce525a0cdada916bd11ee8c27276ec3a816aeae6b12bbd45355fdbb502,NONE,YES,
CLM-1952,Decision-oriented ensemble,8 ForecastSelectedGlobal Lamb_office_Caitlin mean_daily_peak,EXACT_RECOVERED,A,8,outputs/phase8/test_decision_metrics.csv,row[26].mean_daily_peak,Lamb_office_Caitlin,test,ForecastSelectedGlobal,8 ForecastSelectedGlobal Lamb_office_Caitlin mean_daily_peak,94.76720771408532,kW,,1c4667ce525a0cdada916bd11ee8c27276ec3a816aeae6b12bbd45355fdbb502,NONE,YES,
CLM-1953,Decision-oriented ensemble,8 ForecastSelectedGlobal Lamb_office_Caitlin worst_10pct_daily_peak,EXACT_RECOVERED,A,8,outputs/phase8/test_decision_metrics.csv,row[26].worst_10pct_daily_peak,Lamb_office_Caitlin,test,ForecastSelectedGlobal,8 ForecastSelectedGlobal Lamb_office_Caitlin worst_10pct_daily_peak,151.5390708673154,%,,1c4667ce525a0cdada916bd11ee8c27276ec3a816aeae6b12bbd45355fdbb502,NONE,YES,
CLM-1954,Decision-oriented ensemble,8 ForecastSelectedGlobal Lamb_office_Caitlin mean_regret_vs_oracle,EXACT_RECOVERED,A,8,outputs/phase8/test_decision_metrics.csv,row[26].mean_regret_vs_oracle,Lamb_office_Caitlin,test,ForecastSelectedGlobal,8 ForecastSelectedGlobal Lamb_office_Caitlin mean_regret_vs_oracle,5.444466351437333,kW,,1c4667ce525a0cdada916bd11ee8c27276ec3a816aeae6b12bbd45355fdbb502,NONE,YES,
CLM-1955,Decision-oriented ensemble,8 ForecastSelectedGlobal Lamb_office_Caitlin p90_regret,EXACT_RECOVERED,A,8,outputs/phase8/test_decision_metrics.csv,row[26].p90_regret,Lamb_office_Caitlin,test,ForecastSelectedGlobal,8 ForecastSelectedGlobal Lamb_office_Caitlin p90_regret,12.672069862007186,kW,,1c4667ce525a0cdada916bd11ee8c27276ec3a816aeae6b12bbd45355fdbb502,NONE,YES,
CLM-1956,Decision-oriented ensemble,8 ForecastSelectedGlobal Lamb_office_Caitlin max_regret,EXACT_RECOVERED,A,8,outputs/phase8/test_decision_metrics.csv,row[26].max_regret,Lamb_office_Caitlin,test,ForecastSelectedGlobal,8 ForecastSelectedGlobal Lamb_office_Caitlin max_regret,12.921691267829322,kW,,1c4667ce525a0cdada916bd11ee8c27276ec3a816aeae6b12bbd45355fdbb502,NONE,YES,
CLM-1957,Decision-oriented ensemble,8 ForecastSelectedGlobal Lamb_office_Caitlin oracle_capture_ratio,EXACT_RECOVERED,A,8,outputs/phase8/test_decision_metrics.csv,row[26].oracle_capture_ratio,Lamb_office_Caitlin,test,ForecastSelectedGlobal,8 ForecastSelectedGlobal Lamb_office_Caitlin oracle_capture_ratio,-0.8984429000936048,dimensionless,,1c4667ce525a0cdada916bd11ee8c27276ec3a816aeae6b12bbd45355fdbb502,NONE,YES,
CLM-1958,Decision-oriented ensemble,8 ForecastSelectedGlobal Lamb_office_Caitlin battery_throughput,EXACT_RECOVERED,A,8,outputs/phase8/test_decision_metrics.csv,row[26].battery_throughput,Lamb_office_Caitlin,test,ForecastSelectedGlobal,8 ForecastSelectedGlobal Lamb_office_Caitlin battery_throughput,2151.6784055589847,dimensionless,,1c4667ce525a0cdada916bd11ee8c27276ec3a816aeae6b12bbd45355fdbb502,NONE,YES,
CLM-1959,Decision-oriented ensemble,8 ForecastSelectedGlobal Lamb_office_Caitlin equivalent_full_cycles,EXACT_RECOVERED,A,8,outputs/phase8/test_decision_metrics.csv,row[26].equivalent_full_cycles,Lamb_office_Caitlin,test,ForecastSelectedGlobal,8 ForecastSelectedGlobal Lamb_office_Caitlin equivalent_full_cycles,19.757486036835626,dimensionless,,1c4667ce525a0cdada916bd11ee8c27276ec3a816aeae6b12bbd45355fdbb502,NONE,YES,
CLM-1960,Decision-oriented ensemble,8 DecisionSelectedGlobal Lamb_office_Caitlin no_battery_peak,EXACT_RECOVERED,A,8,outputs/phase8/test_decision_metrics.csv,row[27].no_battery_peak,Lamb_office_Caitlin,test,DecisionSelectedGlobal,8 DecisionSelectedGlobal Lamb_office_Caitlin no_battery_peak,166.95,kW,,1c4667ce525a0cdada916bd11ee8c27276ec3a816aeae6b12bbd45355fdbb502,NONE,YES,
CLM-1961,Decision-oriented ensemble,8 DecisionSelectedGlobal Lamb_office_Caitlin post_dispatch_peak,EXACT_RECOVERED,A,8,outputs/phase8/test_decision_metrics.csv,row[27].post_dispatch_peak,Lamb_office_Caitlin,test,DecisionSelectedGlobal,8 DecisionSelectedGlobal Lamb_office_Caitlin post_dispatch_peak,158.82427957087856,kW,,1c4667ce525a0cdada916bd11ee8c27276ec3a816aeae6b12bbd45355fdbb502,NONE,YES,
CLM-1962,Decision-oriented ensemble,8 DecisionSelectedGlobal Lamb_office_Caitlin absolute_peak_reduction,EXACT_RECOVERED,A,8,outputs/phase8/test_decision_metrics.csv,row[27].absolute_peak_reduction,Lamb_office_Caitlin,test,DecisionSelectedGlobal,8 DecisionSelectedGlobal Lamb_office_Caitlin absolute_peak_reduction,8.12572042912143,kW,,1c4667ce525a0cdada916bd11ee8c27276ec3a816aeae6b12bbd45355fdbb502,NONE,YES,
CLM-1963,Decision-oriented ensemble,8 DecisionSelectedGlobal Lamb_office_Caitlin peak_reduction_percentage,EXACT_RECOVERED,A,8,outputs/phase8/test_decision_metrics.csv,row[27].peak_reduction_percentage,Lamb_office_Caitlin,test,DecisionSelectedGlobal,8 DecisionSelectedGlobal Lamb_office_Caitlin peak_reduction_percentage,4.8671580887220305,%,,1c4667ce525a0cdada916bd11ee8c27276ec3a816aeae6b12bbd45355fdbb502,NONE,YES,
CLM-1964,Decision-oriented ensemble,8 DecisionSelectedGlobal Lamb_office_Caitlin mean_daily_peak,EXACT_RECOVERED,A,8,outputs/phase8/test_decision_metrics.csv,row[27].mean_daily_peak,Lamb_office_Caitlin,test,DecisionSelectedGlobal,8 DecisionSelectedGlobal Lamb_office_Caitlin mean_daily_peak,94.55900325070257,kW,,1c4667ce525a0cdada916bd11ee8c27276ec3a816aeae6b12bbd45355fdbb502,NONE,YES,
CLM-1965,Decision-oriented ensemble,8 DecisionSelectedGlobal Lamb_office_Caitlin worst_10pct_daily_peak,EXACT_RECOVERED,A,8,outputs/phase8/test_decision_metrics.csv,row[27].worst_10pct_daily_peak,Lamb_office_Caitlin,test,DecisionSelectedGlobal,8 DecisionSelectedGlobal Lamb_office_Caitlin worst_10pct_daily_peak,153.0058385169592,%,,1c4667ce525a0cdada916bd11ee8c27276ec3a816aeae6b12bbd45355fdbb502,NONE,YES,
CLM-1966,Decision-oriented ensemble,8 DecisionSelectedGlobal Lamb_office_Caitlin mean_regret_vs_oracle,EXACT_RECOVERED,A,8,outputs/phase8/test_decision_metrics.csv,row[27].mean_regret_vs_oracle,Lamb_office_Caitlin,test,DecisionSelectedGlobal,8 DecisionSelectedGlobal Lamb_office_Caitlin mean_regret_vs_oracle,5.236261888054604,kW,,1c4667ce525a0cdada916bd11ee8c27276ec3a816aeae6b12bbd45355fdbb502,NONE,YES,
CLM-1967,Decision-oriented ensemble,8 DecisionSelectedGlobal Lamb_office_Caitlin p90_regret,EXACT_RECOVERED,A,8,outputs/phase8/test_decision_metrics.csv,row[27].p90_regret,Lamb_office_Caitlin,test,DecisionSelectedGlobal,8 DecisionSelectedGlobal Lamb_office_Caitlin p90_regret,8.44124286306848,kW,,1c4667ce525a0cdada916bd11ee8c27276ec3a816aeae6b12bbd45355fdbb502,NONE,YES,
CLM-1968,Decision-oriented ensemble,8 DecisionSelectedGlobal Lamb_office_Caitlin max_regret,EXACT_RECOVERED,A,8,outputs/phase8/test_decision_metrics.csv,row[27].max_regret,Lamb_office_Caitlin,test,DecisionSelectedGlobal,8 DecisionSelectedGlobal Lamb_office_Caitlin max_regret,12.921691267829322,kW,,1c4667ce525a0cdada916bd11ee8c27276ec3a816aeae6b12bbd45355fdbb502,NONE,YES,
CLM-1969,Decision-oriented ensemble,8 DecisionSelectedGlobal Lamb_office_Caitlin oracle_capture_ratio,EXACT_RECOVERED,A,8,outputs/phase8/test_decision_metrics.csv,row[27].oracle_capture_ratio,Lamb_office_Caitlin,test,DecisionSelectedGlobal,8 DecisionSelectedGlobal Lamb_office_Caitlin oracle_capture_ratio,-0.7506709728798726,dimensionless,,1c4667ce525a0cdada916bd11ee8c27276ec3a816aeae6b12bbd45355fdbb502,NONE,YES,
CLM-1970,Decision-oriented ensemble,8 DecisionSelectedGlobal Lamb_office_Caitlin battery_throughput,EXACT_RECOVERED,A,8,outputs/phase8/test_decision_metrics.csv,row[27].battery_throughput,Lamb_office_Caitlin,test,DecisionSelectedGlobal,8 DecisionSelectedGlobal Lamb_office_Caitlin battery_throughput,2042.6079168428519,dimensionless,,1c4667ce525a0cdada916bd11ee8c27276ec3a816aeae6b12bbd45355fdbb502,NONE,YES,
CLM-1971,Decision-oriented ensemble,8 DecisionSelectedGlobal Lamb_office_Caitlin equivalent_full_cycles,EXACT_RECOVERED,A,8,outputs/phase8/test_decision_metrics.csv,row[27].equivalent_full_cycles,Lamb_office_Caitlin,test,DecisionSelectedGlobal,8 DecisionSelectedGlobal Lamb_office_Caitlin equivalent_full_cycles,18.75596152821372,dimensionless,,1c4667ce525a0cdada916bd11ee8c27276ec3a816aeae6b12bbd45355fdbb502,NONE,YES,
CLM-1972,Decision-oriented ensemble,8 Oracle Robin_office_Addie no_battery_peak,EXACT_RECOVERED,A,8,outputs/phase8/test_decision_metrics.csv,row[28].no_battery_peak,Robin_office_Addie,test,Oracle,8 Oracle Robin_office_Addie no_battery_peak,27.6,kW,,1c4667ce525a0cdada916bd11ee8c27276ec3a816aeae6b12bbd45355fdbb502,NONE,YES,
CLM-1973,Decision-oriented ensemble,8 Oracle Robin_office_Addie post_dispatch_peak,EXACT_RECOVERED,A,8,outputs/phase8/test_decision_metrics.csv,row[28].post_dispatch_peak,Robin_office_Addie,test,Oracle,8 Oracle Robin_office_Addie post_dispatch_peak,21.359568165553195,kW,,1c4667ce525a0cdada916bd11ee8c27276ec3a816aeae6b12bbd45355fdbb502,NONE,YES,
CLM-1974,Decision-oriented ensemble,8 Oracle Robin_office_Addie absolute_peak_reduction,EXACT_RECOVERED,A,8,outputs/phase8/test_decision_metrics.csv,row[28].absolute_peak_reduction,Robin_office_Addie,test,Oracle,8 Oracle Robin_office_Addie absolute_peak_reduction,6.240431834446806,kW,,1c4667ce525a0cdada916bd11ee8c27276ec3a816aeae6b12bbd45355fdbb502,NONE,YES,
CLM-1975,Decision-oriented ensemble,8 Oracle Robin_office_Addie peak_reduction_percentage,EXACT_RECOVERED,A,8,outputs/phase8/test_decision_metrics.csv,row[28].peak_reduction_percentage,Robin_office_Addie,test,Oracle,8 Oracle Robin_office_Addie peak_reduction_percentage,22.610260269734802,%,,1c4667ce525a0cdada916bd11ee8c27276ec3a816aeae6b12bbd45355fdbb502,NONE,YES,
CLM-1976,Decision-oriented ensemble,8 Oracle Robin_office_Addie mean_daily_peak,EXACT_RECOVERED,A,8,outputs/phase8/test_decision_metrics.csv,row[28].mean_daily_peak,Robin_office_Addie,test,Oracle,8 Oracle Robin_office_Addie mean_daily_peak,14.97844789544619,kW,,1c4667ce525a0cdada916bd11ee8c27276ec3a816aeae6b12bbd45355fdbb502,NONE,YES,
CLM-1977,Decision-oriented ensemble,8 Oracle Robin_office_Addie worst_10pct_daily_peak,EXACT_RECOVERED,A,8,outputs/phase8/test_decision_metrics.csv,row[28].worst_10pct_daily_peak,Robin_office_Addie,test,Oracle,8 Oracle Robin_office_Addie worst_10pct_daily_peak,20.52707934972784,%,,1c4667ce525a0cdada916bd11ee8c27276ec3a816aeae6b12bbd45355fdbb502,NONE,YES,
CLM-1978,Decision-oriented ensemble,8 Oracle Robin_office_Addie mean_regret_vs_oracle,EXACT_RECOVERED,A,8,outputs/phase8/test_decision_metrics.csv,row[28].mean_regret_vs_oracle,Robin_office_Addie,test,Oracle,8 Oracle Robin_office_Addie mean_regret_vs_oracle,0.0,kW,,1c4667ce525a0cdada916bd11ee8c27276ec3a816aeae6b12bbd45355fdbb502,NONE,YES,
CLM-1979,Decision-oriented ensemble,8 Oracle Robin_office_Addie p90_regret,EXACT_RECOVERED,A,8,outputs/phase8/test_decision_metrics.csv,row[28].p90_regret,Robin_office_Addie,test,Oracle,8 Oracle Robin_office_Addie p90_regret,0.0,kW,,1c4667ce525a0cdada916bd11ee8c27276ec3a816aeae6b12bbd45355fdbb502,NONE,YES,
CLM-1980,Decision-oriented ensemble,8 Oracle Robin_office_Addie max_regret,EXACT_RECOVERED,A,8,outputs/phase8/test_decision_metrics.csv,row[28].max_regret,Robin_office_Addie,test,Oracle,8 Oracle Robin_office_Addie max_regret,0.0,kW,,1c4667ce525a0cdada916bd11ee8c27276ec3a816aeae6b12bbd45355fdbb502,NONE,YES,
CLM-1981,Decision-oriented ensemble,8 Oracle Robin_office_Addie oracle_capture_ratio,EXACT_RECOVERED,A,8,outputs/phase8/test_decision_metrics.csv,row[28].oracle_capture_ratio,Robin_office_Addie,test,Oracle,8 Oracle Robin_office_Addie oracle_capture_ratio,1.0,dimensionless,,1c4667ce525a0cdada916bd11ee8c27276ec3a816aeae6b12bbd45355fdbb502,NONE,YES,
CLM-1982,Decision-oriented ensemble,8 Oracle Robin_office_Addie battery_throughput,EXACT_RECOVERED,A,8,outputs/phase8/test_decision_metrics.csv,row[28].battery_throughput,Robin_office_Addie,test,Oracle,8 Oracle Robin_office_Addie battery_throughput,1300.3196883757946,dimensionless,,1c4667ce525a0cdada916bd11ee8c27276ec3a816aeae6b12bbd45355fdbb502,NONE,YES,
CLM-1983,Decision-oriented ensemble,8 Oracle Robin_office_Addie equivalent_full_cycles,EXACT_RECOVERED,A,8,outputs/phase8/test_decision_metrics.csv,row[28].equivalent_full_cycles,Robin_office_Addie,test,Oracle,8 Oracle Robin_office_Addie equivalent_full_cycles,12.26254495634107,dimensionless,,1c4667ce525a0cdada916bd11ee8c27276ec3a816aeae6b12bbd45355fdbb502,NONE,YES,
CLM-1984,Decision-oriented ensemble,8 DayWeek Robin_office_Addie no_battery_peak,EXACT_RECOVERED,A,8,outputs/phase8/test_decision_metrics.csv,row[29].no_battery_peak,Robin_office_Addie,test,DayWeek,8 DayWeek Robin_office_Addie no_battery_peak,27.6,kW,,1c4667ce525a0cdada916bd11ee8c27276ec3a816aeae6b12bbd45355fdbb502,NONE,YES,
CLM-1985,Decision-oriented ensemble,8 DayWeek Robin_office_Addie post_dispatch_peak,EXACT_RECOVERED,A,8,outputs/phase8/test_decision_metrics.csv,row[29].post_dispatch_peak,Robin_office_Addie,test,DayWeek,8 DayWeek Robin_office_Addie post_dispatch_peak,25.673052647077917,kW,,1c4667ce525a0cdada916bd11ee8c27276ec3a816aeae6b12bbd45355fdbb502,NONE,YES,
CLM-1986,Decision-oriented ensemble,8 DayWeek Robin_office_Addie absolute_peak_reduction,EXACT_RECOVERED,A,8,outputs/phase8/test_decision_metrics.csv,row[29].absolute_peak_reduction,Robin_office_Addie,test,DayWeek,8 DayWeek Robin_office_Addie absolute_peak_reduction,1.9269473529220846,kW,,1c4667ce525a0cdada916bd11ee8c27276ec3a816aeae6b12bbd45355fdbb502,NONE,YES,
CLM-1987,Decision-oriented ensemble,8 DayWeek Robin_office_Addie peak_reduction_percentage,EXACT_RECOVERED,A,8,outputs/phase8/test_decision_metrics.csv,row[29].peak_reduction_percentage,Robin_office_Addie,test,DayWeek,8 DayWeek Robin_office_Addie peak_reduction_percentage,6.981693307688712,%,,1c4667ce525a0cdada916bd11ee8c27276ec3a816aeae6b12bbd45355fdbb502,NONE,YES,
CLM-1988,Decision-oriented ensemble,8 DayWeek Robin_office_Addie mean_daily_peak,EXACT_RECOVERED,A,8,outputs/phase8/test_decision_metrics.csv,row[29].mean_daily_peak,Robin_office_Addie,test,DayWeek,8 DayWeek Robin_office_Addie mean_daily_peak,18.731444745763067,kW,,1c4667ce525a0cdada916bd11ee8c27276ec3a816aeae6b12bbd45355fdbb502,NONE,YES,
CLM-1989,Decision-oriented ensemble,8 DayWeek Robin_office_Addie worst_10pct_daily_peak,EXACT_RECOVERED,A,8,outputs/phase8/test_decision_metrics.csv,row[29].worst_10pct_daily_peak,Robin_office_Addie,test,DayWeek,8 DayWeek Robin_office_Addie worst_10pct_daily_peak,24.987650348227344,%,,1c4667ce525a0cdada916bd11ee8c27276ec3a816aeae6b12bbd45355fdbb502,NONE,YES,
CLM-1990,Decision-oriented ensemble,8 DayWeek Robin_office_Addie mean_regret_vs_oracle,EXACT_RECOVERED,A,8,outputs/phase8/test_decision_metrics.csv,row[29].mean_regret_vs_oracle,Robin_office_Addie,test,DayWeek,8 DayWeek Robin_office_Addie mean_regret_vs_oracle,3.7529968503168774,kW,,1c4667ce525a0cdada916bd11ee8c27276ec3a816aeae6b12bbd45355fdbb502,NONE,YES,
CLM-1991,Decision-oriented ensemble,8 DayWeek Robin_office_Addie p90_regret,EXACT_RECOVERED,A,8,outputs/phase8/test_decision_metrics.csv,row[29].p90_regret,Robin_office_Addie,test,DayWeek,8 DayWeek Robin_office_Addie p90_regret,6.835818977492818,kW,,1c4667ce525a0cdada916bd11ee8c27276ec3a816aeae6b12bbd45355fdbb502,NONE,YES,
CLM-1992,Decision-oriented ensemble,8 DayWeek Robin_office_Addie max_regret,EXACT_RECOVERED,A,8,outputs/phase8/test_decision_metrics.csv,row[29].max_regret,Robin_office_Addie,test,DayWeek,8 DayWeek Robin_office_Addie max_regret,7.4123074279707915,kW,,1c4667ce525a0cdada916bd11ee8c27276ec3a816aeae6b12bbd45355fdbb502,NONE,YES,
CLM-1993,Decision-oriented ensemble,8 DayWeek Robin_office_Addie oracle_capture_ratio,EXACT_RECOVERED,A,8,outputs/phase8/test_decision_metrics.csv,row[29].oracle_capture_ratio,Robin_office_Addie,test,DayWeek,8 DayWeek Robin_office_Addie oracle_capture_ratio,-1.9397873940047625,dimensionless,,1c4667ce525a0cdada916bd11ee8c27276ec3a816aeae6b12bbd45355fdbb502,NONE,YES,
CLM-1994,Decision-oriented ensemble,8 DayWeek Robin_office_Addie battery_throughput,EXACT_RECOVERED,A,8,outputs/phase8/test_decision_metrics.csv,row[29].battery_throughput,Robin_office_Addie,test,DayWeek,8 DayWeek Robin_office_Addie battery_throughput,1495.1934231366672,dimensionless,,1c4667ce525a0cdada916bd11ee8c27276ec3a816aeae6b12bbd45355fdbb502,NONE,YES,
CLM-1995,Decision-oriented ensemble,8 DayWeek Robin_office_Addie equivalent_full_cycles,EXACT_RECOVERED,A,8,outputs/phase8/test_decision_metrics.csv,row[29].equivalent_full_cycles,Robin_office_Addie,test,DayWeek,8 DayWeek Robin_office_Addie equivalent_full_cycles,14.100283748330106,dimensionless,,1c4667ce525a0cdada916bd11ee8c27276ec3a816aeae6b12bbd45355fdbb502,NONE,YES,
CLM-1996,Decision-oriented ensemble,8 LightGBM Robin_office_Addie no_battery_peak,EXACT_RECOVERED,A,8,outputs/phase8/test_decision_metrics.csv,row[30].no_battery_peak,Robin_office_Addie,test,LightGBM,8 LightGBM Robin_office_Addie no_battery_peak,27.6,kW,,1c4667ce525a0cdada916bd11ee8c27276ec3a816aeae6b12bbd45355fdbb502,NONE,YES,
CLM-1997,Decision-oriented ensemble,8 LightGBM Robin_office_Addie post_dispatch_peak,EXACT_RECOVERED,A,8,outputs/phase8/test_decision_metrics.csv,row[30].post_dispatch_peak,Robin_office_Addie,test,LightGBM,8 LightGBM Robin_office_Addie post_dispatch_peak,24.49850618893199,kW,,1c4667ce525a0cdada916bd11ee8c27276ec3a816aeae6b12bbd45355fdbb502,NONE,YES,
CLM-1998,Decision-oriented ensemble,8 LightGBM Robin_office_Addie absolute_peak_reduction,EXACT_RECOVERED,A,8,outputs/phase8/test_decision_metrics.csv,row[30].absolute_peak_reduction,Robin_office_Addie,test,LightGBM,8 LightGBM Robin_office_Addie absolute_peak_reduction,3.1014938110680106,kW,,1c4667ce525a0cdada916bd11ee8c27276ec3a816aeae6b12bbd45355fdbb502,NONE,YES,
CLM-1999,Decision-oriented ensemble,8 LightGBM Robin_office_Addie peak_reduction_percentage,EXACT_RECOVERED,A,8,outputs/phase8/test_decision_metrics.csv,row[30].peak_reduction_percentage,Robin_office_Addie,test,LightGBM,8 LightGBM Robin_office_Addie peak_reduction_percentage,11.23729641691308,%,,1c4667ce525a0cdada916bd11ee8c27276ec3a816aeae6b12bbd45355fdbb502,NONE,YES,
CLM-2000,Decision-oriented ensemble,8 LightGBM Robin_office_Addie mean_daily_peak,EXACT_RECOVERED,A,8,outputs/phase8/test_decision_metrics.csv,row[30].mean_daily_peak,Robin_office_Addie,test,LightGBM,8 LightGBM Robin_office_Addie mean_daily_peak,17.50994236621859,kW,,1c4667ce525a0cdada916bd11ee8c27276ec3a816aeae6b12bbd45355fdbb502,NONE,YES,
CLM-2001,Decision-oriented ensemble,8 LightGBM Robin_office_Addie worst_10pct_daily_peak,EXACT_RECOVERED,A,8,outputs/phase8/test_decision_metrics.csv,row[30].worst_10pct_daily_peak,Robin_office_Addie,test,LightGBM,8 LightGBM Robin_office_Addie worst_10pct_daily_peak,23.861348147275134,%,,1c4667ce525a0cdada916bd11ee8c27276ec3a816aeae6b12bbd45355fdbb502,NONE,YES,
CLM-2002,Decision-oriented ensemble,8 LightGBM Robin_office_Addie mean_regret_vs_oracle,EXACT_RECOVERED,A,8,outputs/phase8/test_decision_metrics.csv,row[30].mean_regret_vs_oracle,Robin_office_Addie,test,LightGBM,8 LightGBM Robin_office_Addie mean_regret_vs_oracle,2.5314944707724,kW,,1c4667ce525a0cdada916bd11ee8c27276ec3a816aeae6b12bbd45355fdbb502,NONE,YES,
CLM-2003,Decision-oriented ensemble,8 LightGBM Robin_office_Addie p90_regret,EXACT_RECOVERED,A,8,outputs/phase8/test_decision_metrics.csv,row[30].p90_regret,Robin_office_Addie,test,LightGBM,8 LightGBM Robin_office_Addie p90_regret,4.488436644414505,kW,,1c4667ce525a0cdada916bd11ee8c27276ec3a816aeae6b12bbd45355fdbb502,NONE,YES,
CLM-2004,Decision-oriented ensemble,8 LightGBM Robin_office_Addie max_regret,EXACT_RECOVERED,A,8,outputs/phase8/test_decision_metrics.csv,row[30].max_regret,Robin_office_Addie,test,LightGBM,8 LightGBM Robin_office_Addie max_regret,5.78450703001397,kW,,1c4667ce525a0cdada916bd11ee8c27276ec3a816aeae6b12bbd45355fdbb502,NONE,YES,
CLM-2005,Decision-oriented ensemble,8 LightGBM Robin_office_Addie oracle_capture_ratio,EXACT_RECOVERED,A,8,outputs/phase8/test_decision_metrics.csv,row[30].oracle_capture_ratio,Robin_office_Addie,test,LightGBM,8 LightGBM Robin_office_Addie oracle_capture_ratio,-0.7486968428021008,dimensionless,,1c4667ce525a0cdada916bd11ee8c27276ec3a816aeae6b12bbd45355fdbb502,NONE,YES,
CLM-2006,Decision-oriented ensemble,8 LightGBM Robin_office_Addie battery_throughput,EXACT_RECOVERED,A,8,outputs/phase8/test_decision_metrics.csv,row[30].battery_throughput,Robin_office_Addie,test,LightGBM,8 LightGBM Robin_office_Addie battery_throughput,1144.870776440374,dimensionless,,1c4667ce525a0cdada916bd11ee8c27276ec3a816aeae6b12bbd45355fdbb502,NONE,YES,
CLM-2007,Decision-oriented ensemble,8 LightGBM Robin_office_Addie equivalent_full_cycles,EXACT_RECOVERED,A,8,outputs/phase8/test_decision_metrics.csv,row[30].equivalent_full_cycles,Robin_office_Addie,test,LightGBM,8 LightGBM Robin_office_Addie equivalent_full_cycles,10.796598321784309,dimensionless,,1c4667ce525a0cdada916bd11ee8c27276ec3a816aeae6b12bbd45355fdbb502,NONE,YES,
CLM-2008,Decision-oriented ensemble,8 ForecastSelectedPerBuilding Robin_office_Addie no_battery_peak,EXACT_RECOVERED,A,8,outputs/phase8/test_decision_metrics.csv,row[31].no_battery_peak,Robin_office_Addie,test,ForecastSelectedPerBuilding,8 ForecastSelectedPerBuilding Robin_office_Addie no_battery_peak,27.6,kW,,1c4667ce525a0cdada916bd11ee8c27276ec3a816aeae6b12bbd45355fdbb502,NONE,YES,
CLM-2009,Decision-oriented ensemble,8 ForecastSelectedPerBuilding Robin_office_Addie post_dispatch_peak,EXACT_RECOVERED,A,8,outputs/phase8/test_decision_metrics.csv,row[31].post_dispatch_peak,Robin_office_Addie,test,ForecastSelectedPerBuilding,8 ForecastSelectedPerBuilding Robin_office_Addie post_dispatch_peak,24.49850618893199,kW,,1c4667ce525a0cdada916bd11ee8c27276ec3a816aeae6b12bbd45355fdbb502,NONE,YES,
CLM-2010,Decision-oriented ensemble,8 ForecastSelectedPerBuilding Robin_office_Addie absolute_peak_reduction,EXACT_RECOVERED,A,8,outputs/phase8/test_decision_metrics.csv,row[31].absolute_peak_reduction,Robin_office_Addie,test,ForecastSelectedPerBuilding,8 ForecastSelectedPerBuilding Robin_office_Addie absolute_peak_reduction,3.1014938110680106,kW,,1c4667ce525a0cdada916bd11ee8c27276ec3a816aeae6b12bbd45355fdbb502,NONE,YES,
CLM-2011,Decision-oriented ensemble,8 ForecastSelectedPerBuilding Robin_office_Addie peak_reduction_percentage,EXACT_RECOVERED,A,8,outputs/phase8/test_decision_metrics.csv,row[31].peak_reduction_percentage,Robin_office_Addie,test,ForecastSelectedPerBuilding,8 ForecastSelectedPerBuilding Robin_office_Addie peak_reduction_percentage,11.23729641691308,%,,1c4667ce525a0cdada916bd11ee8c27276ec3a816aeae6b12bbd45355fdbb502,NONE,YES,
CLM-2012,Decision-oriented ensemble,8 ForecastSelectedPerBuilding Robin_office_Addie mean_daily_peak,EXACT_RECOVERED,A,8,outputs/phase8/test_decision_metrics.csv,row[31].mean_daily_peak,Robin_office_Addie,test,ForecastSelectedPerBuilding,8 ForecastSelectedPerBuilding Robin_office_Addie mean_daily_peak,17.50994236621859,kW,,1c4667ce525a0cdada916bd11ee8c27276ec3a816aeae6b12bbd45355fdbb502,NONE,YES,
CLM-2013,Decision-oriented ensemble,8 ForecastSelectedPerBuilding Robin_office_Addie worst_10pct_daily_peak,EXACT_RECOVERED,A,8,outputs/phase8/test_decision_metrics.csv,row[31].worst_10pct_daily_peak,Robin_office_Addie,test,ForecastSelectedPerBuilding,8 ForecastSelectedPerBuilding Robin_office_Addie worst_10pct_daily_peak,23.861348147275134,%,,1c4667ce525a0cdada916bd11ee8c27276ec3a816aeae6b12bbd45355fdbb502,NONE,YES,
CLM-2014,Decision-oriented ensemble,8 ForecastSelectedPerBuilding Robin_office_Addie mean_regret_vs_oracle,EXACT_RECOVERED,A,8,outputs/phase8/test_decision_metrics.csv,row[31].mean_regret_vs_oracle,Robin_office_Addie,test,ForecastSelectedPerBuilding,8 ForecastSelectedPerBuilding Robin_office_Addie mean_regret_vs_oracle,2.5314944707724,kW,,1c4667ce525a0cdada916bd11ee8c27276ec3a816aeae6b12bbd45355fdbb502,NONE,YES,
CLM-2015,Decision-oriented ensemble,8 ForecastSelectedPerBuilding Robin_office_Addie p90_regret,EXACT_RECOVERED,A,8,outputs/phase8/test_decision_metrics.csv,row[31].p90_regret,Robin_office_Addie,test,ForecastSelectedPerBuilding,8 ForecastSelectedPerBuilding Robin_office_Addie p90_regret,4.488436644414505,kW,,1c4667ce525a0cdada916bd11ee8c27276ec3a816aeae6b12bbd45355fdbb502,NONE,YES,
CLM-2016,Decision-oriented ensemble,8 ForecastSelectedPerBuilding Robin_office_Addie max_regret,EXACT_RECOVERED,A,8,outputs/phase8/test_decision_metrics.csv,row[31].max_regret,Robin_office_Addie,test,ForecastSelectedPerBuilding,8 ForecastSelectedPerBuilding Robin_office_Addie max_regret,5.78450703001397,kW,,1c4667ce525a0cdada916bd11ee8c27276ec3a816aeae6b12bbd45355fdbb502,NONE,YES,
CLM-2017,Decision-oriented ensemble,8 ForecastSelectedPerBuilding Robin_office_Addie oracle_capture_ratio,EXACT_RECOVERED,A,8,outputs/phase8/test_decision_metrics.csv,row[31].oracle_capture_ratio,Robin_office_Addie,test,ForecastSelectedPerBuilding,8 ForecastSelectedPerBuilding Robin_office_Addie oracle_capture_ratio,-0.7486968428021008,dimensionless,,1c4667ce525a0cdada916bd11ee8c27276ec3a816aeae6b12bbd45355fdbb502,NONE,YES,
CLM-2018,Decision-oriented ensemble,8 ForecastSelectedPerBuilding Robin_office_Addie battery_throughput,EXACT_RECOVERED,A,8,outputs/phase8/test_decision_metrics.csv,row[31].battery_throughput,Robin_office_Addie,test,ForecastSelectedPerBuilding,8 ForecastSelectedPerBuilding Robin_office_Addie battery_throughput,1144.870776440374,dimensionless,,1c4667ce525a0cdada916bd11ee8c27276ec3a816aeae6b12bbd45355fdbb502,NONE,YES,
CLM-2019,Decision-oriented ensemble,8 ForecastSelectedPerBuilding Robin_office_Addie equivalent_full_cycles,EXACT_RECOVERED,A,8,outputs/phase8/test_decision_metrics.csv,row[31].equivalent_full_cycles,Robin_office_Addie,test,ForecastSelectedPerBuilding,8 ForecastSelectedPerBuilding Robin_office_Addie equivalent_full_cycles,10.796598321784309,dimensionless,,1c4667ce525a0cdada916bd11ee8c27276ec3a816aeae6b12bbd45355fdbb502,NONE,YES,
CLM-2020,Decision-oriented ensemble,8 DecisionSelectedPerBuilding Robin_office_Addie no_battery_peak,EXACT_RECOVERED,A,8,outputs/phase8/test_decision_metrics.csv,row[32].no_battery_peak,Robin_office_Addie,test,DecisionSelectedPerBuilding,8 DecisionSelectedPerBuilding Robin_office_Addie no_battery_peak,27.6,kW,,1c4667ce525a0cdada916bd11ee8c27276ec3a816aeae6b12bbd45355fdbb502,NONE,YES,
CLM-2021,Decision-oriented ensemble,8 DecisionSelectedPerBuilding Robin_office_Addie post_dispatch_peak,EXACT_RECOVERED,A,8,outputs/phase8/test_decision_metrics.csv,row[32].post_dispatch_peak,Robin_office_Addie,test,DecisionSelectedPerBuilding,8 DecisionSelectedPerBuilding Robin_office_Addie post_dispatch_peak,24.49850618893199,kW,,1c4667ce525a0cdada916bd11ee8c27276ec3a816aeae6b12bbd45355fdbb502,NONE,YES,
CLM-2022,Decision-oriented ensemble,8 DecisionSelectedPerBuilding Robin_office_Addie absolute_peak_reduction,EXACT_RECOVERED,A,8,outputs/phase8/test_decision_metrics.csv,row[32].absolute_peak_reduction,Robin_office_Addie,test,DecisionSelectedPerBuilding,8 DecisionSelectedPerBuilding Robin_office_Addie absolute_peak_reduction,3.1014938110680106,kW,,1c4667ce525a0cdada916bd11ee8c27276ec3a816aeae6b12bbd45355fdbb502,NONE,YES,
CLM-2023,Decision-oriented ensemble,8 DecisionSelectedPerBuilding Robin_office_Addie peak_reduction_percentage,EXACT_RECOVERED,A,8,outputs/phase8/test_decision_metrics.csv,row[32].peak_reduction_percentage,Robin_office_Addie,test,DecisionSelectedPerBuilding,8 DecisionSelectedPerBuilding Robin_office_Addie peak_reduction_percentage,11.23729641691308,%,,1c4667ce525a0cdada916bd11ee8c27276ec3a816aeae6b12bbd45355fdbb502,NONE,YES,
CLM-2024,Decision-oriented ensemble,8 DecisionSelectedPerBuilding Robin_office_Addie mean_daily_peak,EXACT_RECOVERED,A,8,outputs/phase8/test_decision_metrics.csv,row[32].mean_daily_peak,Robin_office_Addie,test,DecisionSelectedPerBuilding,8 DecisionSelectedPerBuilding Robin_office_Addie mean_daily_peak,17.50994236621859,kW,,1c4667ce525a0cdada916bd11ee8c27276ec3a816aeae6b12bbd45355fdbb502,NONE,YES,
CLM-2025,Decision-oriented ensemble,8 DecisionSelectedPerBuilding Robin_office_Addie worst_10pct_daily_peak,EXACT_RECOVERED,A,8,outputs/phase8/test_decision_metrics.csv,row[32].worst_10pct_daily_peak,Robin_office_Addie,test,DecisionSelectedPerBuilding,8 DecisionSelectedPerBuilding Robin_office_Addie worst_10pct_daily_peak,23.861348147275134,%,,1c4667ce525a0cdada916bd11ee8c27276ec3a816aeae6b12bbd45355fdbb502,NONE,YES,
CLM-2026,Decision-oriented ensemble,8 DecisionSelectedPerBuilding Robin_office_Addie mean_regret_vs_oracle,EXACT_RECOVERED,A,8,outputs/phase8/test_decision_metrics.csv,row[32].mean_regret_vs_oracle,Robin_office_Addie,test,DecisionSelectedPerBuilding,8 DecisionSelectedPerBuilding Robin_office_Addie mean_regret_vs_oracle,2.5314944707724,kW,,1c4667ce525a0cdada916bd11ee8c27276ec3a816aeae6b12bbd45355fdbb502,NONE,YES,
CLM-2027,Decision-oriented ensemble,8 DecisionSelectedPerBuilding Robin_office_Addie p90_regret,EXACT_RECOVERED,A,8,outputs/phase8/test_decision_metrics.csv,row[32].p90_regret,Robin_office_Addie,test,DecisionSelectedPerBuilding,8 DecisionSelectedPerBuilding Robin_office_Addie p90_regret,4.488436644414505,kW,,1c4667ce525a0cdada916bd11ee8c27276ec3a816aeae6b12bbd45355fdbb502,NONE,YES,
CLM-2028,Decision-oriented ensemble,8 DecisionSelectedPerBuilding Robin_office_Addie max_regret,EXACT_RECOVERED,A,8,outputs/phase8/test_decision_metrics.csv,row[32].max_regret,Robin_office_Addie,test,DecisionSelectedPerBuilding,8 DecisionSelectedPerBuilding Robin_office_Addie max_regret,5.78450703001397,kW,,1c4667ce525a0cdada916bd11ee8c27276ec3a816aeae6b12bbd45355fdbb502,NONE,YES,
CLM-2029,Decision-oriented ensemble,8 DecisionSelectedPerBuilding Robin_office_Addie oracle_capture_ratio,EXACT_RECOVERED,A,8,outputs/phase8/test_decision_metrics.csv,row[32].oracle_capture_ratio,Robin_office_Addie,test,DecisionSelectedPerBuilding,8 DecisionSelectedPerBuilding Robin_office_Addie oracle_capture_ratio,-0.7486968428021008,dimensionless,,1c4667ce525a0cdada916bd11ee8c27276ec3a816aeae6b12bbd45355fdbb502,NONE,YES,
CLM-2030,Decision-oriented ensemble,8 DecisionSelectedPerBuilding Robin_office_Addie battery_throughput,EXACT_RECOVERED,A,8,outputs/phase8/test_decision_metrics.csv,row[32].battery_throughput,Robin_office_Addie,test,DecisionSelectedPerBuilding,8 DecisionSelectedPerBuilding Robin_office_Addie battery_throughput,1144.870776440374,dimensionless,,1c4667ce525a0cdada916bd11ee8c27276ec3a816aeae6b12bbd45355fdbb502,NONE,YES,
CLM-2031,Decision-oriented ensemble,8 DecisionSelectedPerBuilding Robin_office_Addie equivalent_full_cycles,EXACT_RECOVERED,A,8,outputs/phase8/test_decision_metrics.csv,row[32].equivalent_full_cycles,Robin_office_Addie,test,DecisionSelectedPerBuilding,8 DecisionSelectedPerBuilding Robin_office_Addie equivalent_full_cycles,10.796598321784309,dimensionless,,1c4667ce525a0cdada916bd11ee8c27276ec3a816aeae6b12bbd45355fdbb502,NONE,YES,
CLM-2032,Decision-oriented ensemble,8 ForecastSelectedGlobal Robin_office_Addie no_battery_peak,EXACT_RECOVERED,A,8,outputs/phase8/test_decision_metrics.csv,row[33].no_battery_peak,Robin_office_Addie,test,ForecastSelectedGlobal,8 ForecastSelectedGlobal Robin_office_Addie no_battery_peak,27.6,kW,,1c4667ce525a0cdada916bd11ee8c27276ec3a816aeae6b12bbd45355fdbb502,NONE,YES,
CLM-2033,Decision-oriented ensemble,8 ForecastSelectedGlobal Robin_office_Addie post_dispatch_peak,EXACT_RECOVERED,A,8,outputs/phase8/test_decision_metrics.csv,row[33].post_dispatch_peak,Robin_office_Addie,test,ForecastSelectedGlobal,8 ForecastSelectedGlobal Robin_office_Addie post_dispatch_peak,24.98229446546092,kW,,1c4667ce525a0cdada916bd11ee8c27276ec3a816aeae6b12bbd45355fdbb502,NONE,YES,
CLM-2034,Decision-oriented ensemble,8 ForecastSelectedGlobal Robin_office_Addie absolute_peak_reduction,EXACT_RECOVERED,A,8,outputs/phase8/test_decision_metrics.csv,row[33].absolute_peak_reduction,Robin_office_Addie,test,ForecastSelectedGlobal,8 ForecastSelectedGlobal Robin_office_Addie absolute_peak_reduction,2.6177055345390805,kW,,1c4667ce525a0cdada916bd11ee8c27276ec3a816aeae6b12bbd45355fdbb502,NONE,YES,
CLM-2035,Decision-oriented ensemble,8 ForecastSelectedGlobal Robin_office_Addie peak_reduction_percentage,EXACT_RECOVERED,A,8,outputs/phase8/test_decision_metrics.csv,row[33].peak_reduction_percentage,Robin_office_Addie,test,ForecastSelectedGlobal,8 ForecastSelectedGlobal Robin_office_Addie peak_reduction_percentage,9.484440342532901,%,,1c4667ce525a0cdada916bd11ee8c27276ec3a816aeae6b12bbd45355fdbb502,NONE,YES,
CLM-2036,Decision-oriented ensemble,8 ForecastSelectedGlobal Robin_office_Addie mean_daily_peak,EXACT_RECOVERED,A,8,outputs/phase8/test_decision_metrics.csv,row[33].mean_daily_peak,Robin_office_Addie,test,ForecastSelectedGlobal,8 ForecastSelectedGlobal Robin_office_Addie mean_daily_peak,17.902017558586444,kW,,1c4667ce525a0cdada916bd11ee8c27276ec3a816aeae6b12bbd45355fdbb502,NONE,YES,
CLM-2037,Decision-oriented ensemble,8 ForecastSelectedGlobal Robin_office_Addie worst_10pct_daily_peak,EXACT_RECOVERED,A,8,outputs/phase8/test_decision_metrics.csv,row[33].worst_10pct_daily_peak,Robin_office_Addie,test,ForecastSelectedGlobal,8 ForecastSelectedGlobal Robin_office_Addie worst_10pct_daily_peak,24.17236142547272,%,,1c4667ce525a0cdada916bd11ee8c27276ec3a816aeae6b12bbd45355fdbb502,NONE,YES,
CLM-2038,Decision-oriented ensemble,8 ForecastSelectedGlobal Robin_office_Addie mean_regret_vs_oracle,EXACT_RECOVERED,A,8,outputs/phase8/test_decision_metrics.csv,row[33].mean_regret_vs_oracle,Robin_office_Addie,test,ForecastSelectedGlobal,8 ForecastSelectedGlobal Robin_office_Addie mean_regret_vs_oracle,2.923569663140255,kW,,1c4667ce525a0cdada916bd11ee8c27276ec3a816aeae6b12bbd45355fdbb502,NONE,YES,
CLM-2039,Decision-oriented ensemble,8 ForecastSelectedGlobal Robin_office_Addie p90_regret,EXACT_RECOVERED,A,8,outputs/phase8/test_decision_metrics.csv,row[33].p90_regret,Robin_office_Addie,test,ForecastSelectedGlobal,8 ForecastSelectedGlobal Robin_office_Addie p90_regret,4.699828846161445,kW,,1c4667ce525a0cdada916bd11ee8c27276ec3a816aeae6b12bbd45355fdbb502,NONE,YES,
CLM-2040,Decision-oriented ensemble,8 ForecastSelectedGlobal Robin_office_Addie max_regret,EXACT_RECOVERED,A,8,outputs/phase8/test_decision_metrics.csv,row[33].max_regret,Robin_office_Addie,test,ForecastSelectedGlobal,8 ForecastSelectedGlobal Robin_office_Addie max_regret,6.454750592895991,kW,,1c4667ce525a0cdada916bd11ee8c27276ec3a816aeae6b12bbd45355fdbb502,NONE,YES,
CLM-2041,Decision-oriented ensemble,8 ForecastSelectedGlobal Robin_office_Addie oracle_capture_ratio,EXACT_RECOVERED,A,8,outputs/phase8/test_decision_metrics.csv,row[33].oracle_capture_ratio,Robin_office_Addie,test,ForecastSelectedGlobal,8 ForecastSelectedGlobal Robin_office_Addie oracle_capture_ratio,-1.107213559357871,dimensionless,,1c4667ce525a0cdada916bd11ee8c27276ec3a816aeae6b12bbd45355fdbb502,NONE,YES,
CLM-2042,Decision-oriented ensemble,8 ForecastSelectedGlobal Robin_office_Addie battery_throughput,EXACT_RECOVERED,A,8,outputs/phase8/test_decision_metrics.csv,row[33].battery_throughput,Robin_office_Addie,test,ForecastSelectedGlobal,8 ForecastSelectedGlobal Robin_office_Addie battery_throughput,1296.3134317641598,dimensionless,,1c4667ce525a0cdada916bd11ee8c27276ec3a816aeae6b12bbd45355fdbb502,NONE,YES,
CLM-2043,Decision-oriented ensemble,8 ForecastSelectedGlobal Robin_office_Addie equivalent_full_cycles,EXACT_RECOVERED,A,8,outputs/phase8/test_decision_metrics.csv,row[33].equivalent_full_cycles,Robin_office_Addie,test,ForecastSelectedGlobal,8 ForecastSelectedGlobal Robin_office_Addie equivalent_full_cycles,12.22476432266616,dimensionless,,1c4667ce525a0cdada916bd11ee8c27276ec3a816aeae6b12bbd45355fdbb502,NONE,YES,
CLM-2044,Decision-oriented ensemble,8 DecisionSelectedGlobal Robin_office_Addie no_battery_peak,EXACT_RECOVERED,A,8,outputs/phase8/test_decision_metrics.csv,row[34].no_battery_peak,Robin_office_Addie,test,DecisionSelectedGlobal,8 DecisionSelectedGlobal Robin_office_Addie no_battery_peak,27.6,kW,,1c4667ce525a0cdada916bd11ee8c27276ec3a816aeae6b12bbd45355fdbb502,NONE,YES,
CLM-2045,Decision-oriented ensemble,8 DecisionSelectedGlobal Robin_office_Addie post_dispatch_peak,EXACT_RECOVERED,A,8,outputs/phase8/test_decision_metrics.csv,row[34].post_dispatch_peak,Robin_office_Addie,test,DecisionSelectedGlobal,8 DecisionSelectedGlobal Robin_office_Addie post_dispatch_peak,24.580148327731706,kW,,1c4667ce525a0cdada916bd11ee8c27276ec3a816aeae6b12bbd45355fdbb502,NONE,YES,
CLM-2046,Decision-oriented ensemble,8 DecisionSelectedGlobal Robin_office_Addie absolute_peak_reduction,EXACT_RECOVERED,A,8,outputs/phase8/test_decision_metrics.csv,row[34].absolute_peak_reduction,Robin_office_Addie,test,DecisionSelectedGlobal,8 DecisionSelectedGlobal Robin_office_Addie absolute_peak_reduction,3.0198516722682953,kW,,1c4667ce525a0cdada916bd11ee8c27276ec3a816aeae6b12bbd45355fdbb502,NONE,YES,
CLM-2047,Decision-oriented ensemble,8 DecisionSelectedGlobal Robin_office_Addie peak_reduction_percentage,EXACT_RECOVERED,A,8,outputs/phase8/test_decision_metrics.csv,row[34].peak_reduction_percentage,Robin_office_Addie,test,DecisionSelectedGlobal,8 DecisionSelectedGlobal Robin_office_Addie peak_reduction_percentage,10.941491566189475,%,,1c4667ce525a0cdada916bd11ee8c27276ec3a816aeae6b12bbd45355fdbb502,NONE,YES,
CLM-2048,Decision-oriented ensemble,8 DecisionSelectedGlobal Robin_office_Addie mean_daily_peak,EXACT_RECOVERED,A,8,outputs/phase8/test_decision_metrics.csv,row[34].mean_daily_peak,Robin_office_Addie,test,DecisionSelectedGlobal,8 DecisionSelectedGlobal Robin_office_Addie mean_daily_peak,17.58369164850324,kW,,1c4667ce525a0cdada916bd11ee8c27276ec3a816aeae6b12bbd45355fdbb502,NONE,YES,
CLM-2049,Decision-oriented ensemble,8 DecisionSelectedGlobal Robin_office_Addie worst_10pct_daily_peak,EXACT_RECOVERED,A,8,outputs/phase8/test_decision_metrics.csv,row[34].worst_10pct_daily_peak,Robin_office_Addie,test,DecisionSelectedGlobal,8 DecisionSelectedGlobal Robin_office_Addie worst_10pct_daily_peak,23.95030818064269,%,,1c4667ce525a0cdada916bd11ee8c27276ec3a816aeae6b12bbd45355fdbb502,NONE,YES,
CLM-2050,Decision-oriented ensemble,8 DecisionSelectedGlobal Robin_office_Addie mean_regret_vs_oracle,EXACT_RECOVERED,A,8,outputs/phase8/test_decision_metrics.csv,row[34].mean_regret_vs_oracle,Robin_office_Addie,test,DecisionSelectedGlobal,8 DecisionSelectedGlobal Robin_office_Addie mean_regret_vs_oracle,2.6052437530570534,kW,,1c4667ce525a0cdada916bd11ee8c27276ec3a816aeae6b12bbd45355fdbb502,NONE,YES,
CLM-2051,Decision-oriented ensemble,8 DecisionSelectedGlobal Robin_office_Addie p90_regret,EXACT_RECOVERED,A,8,outputs/phase8/test_decision_metrics.csv,row[34].p90_regret,Robin_office_Addie,test,DecisionSelectedGlobal,8 DecisionSelectedGlobal Robin_office_Addie p90_regret,4.424940277691688,kW,,1c4667ce525a0cdada916bd11ee8c27276ec3a816aeae6b12bbd45355fdbb502,NONE,YES,
CLM-2052,Decision-oriented ensemble,8 DecisionSelectedGlobal Robin_office_Addie max_regret,EXACT_RECOVERED,A,8,outputs/phase8/test_decision_metrics.csv,row[34].max_regret,Robin_office_Addie,test,DecisionSelectedGlobal,8 DecisionSelectedGlobal Robin_office_Addie max_regret,6.052604455166776,kW,,1c4667ce525a0cdada916bd11ee8c27276ec3a816aeae6b12bbd45355fdbb502,NONE,YES,
CLM-2053,Decision-oriented ensemble,8 DecisionSelectedGlobal Robin_office_Addie oracle_capture_ratio,EXACT_RECOVERED,A,8,outputs/phase8/test_decision_metrics.csv,row[34].oracle_capture_ratio,Robin_office_Addie,test,DecisionSelectedGlobal,8 DecisionSelectedGlobal Robin_office_Addie oracle_capture_ratio,-0.7844310518202557,dimensionless,,1c4667ce525a0cdada916bd11ee8c27276ec3a816aeae6b12bbd45355fdbb502,NONE,YES,
CLM-2054,Decision-oriented ensemble,8 DecisionSelectedGlobal Robin_office_Addie battery_throughput,EXACT_RECOVERED,A,8,outputs/phase8/test_decision_metrics.csv,row[34].battery_throughput,Robin_office_Addie,test,DecisionSelectedGlobal,8 DecisionSelectedGlobal Robin_office_Addie battery_throughput,1181.3274644873843,dimensionless,,1c4667ce525a0cdada916bd11ee8c27276ec3a816aeae6b12bbd45355fdbb502,NONE,YES,
CLM-2055,Decision-oriented ensemble,8 DecisionSelectedGlobal Robin_office_Addie equivalent_full_cycles,EXACT_RECOVERED,A,8,outputs/phase8/test_decision_metrics.csv,row[34].equivalent_full_cycles,Robin_office_Addie,test,DecisionSelectedGlobal,8 DecisionSelectedGlobal Robin_office_Addie equivalent_full_cycles,11.140399757794384,dimensionless,,1c4667ce525a0cdada916bd11ee8c27276ec3a816aeae6b12bbd45355fdbb502,NONE,YES,
CLM-2056,Decision-oriented ensemble,8 Oracle Lamb_office_Gerardo no_battery_peak,EXACT_RECOVERED,A,8,outputs/phase8/test_decision_metrics.csv,row[35].no_battery_peak,Lamb_office_Gerardo,test,Oracle,8 Oracle Lamb_office_Gerardo no_battery_peak,53.61,kW,,1c4667ce525a0cdada916bd11ee8c27276ec3a816aeae6b12bbd45355fdbb502,NONE,YES,
CLM-2057,Decision-oriented ensemble,8 Oracle Lamb_office_Gerardo post_dispatch_peak,EXACT_RECOVERED,A,8,outputs/phase8/test_decision_metrics.csv,row[35].post_dispatch_peak,Lamb_office_Gerardo,test,Oracle,8 Oracle Lamb_office_Gerardo post_dispatch_peak,48.48313943280063,kW,,1c4667ce525a0cdada916bd11ee8c27276ec3a816aeae6b12bbd45355fdbb502,NONE,YES,
CLM-2058,Decision-oriented ensemble,8 Oracle Lamb_office_Gerardo absolute_peak_reduction,EXACT_RECOVERED,A,8,outputs/phase8/test_decision_metrics.csv,row[35].absolute_peak_reduction,Lamb_office_Gerardo,test,Oracle,8 Oracle Lamb_office_Gerardo absolute_peak_reduction,5.1268605671993726,kW,,1c4667ce525a0cdada916bd11ee8c27276ec3a816aeae6b12bbd45355fdbb502,NONE,YES,
CLM-2059,Decision-oriented ensemble,8 Oracle Lamb_office_Gerardo peak_reduction_percentage,EXACT_RECOVERED,A,8,outputs/phase8/test_decision_metrics.csv,row[35].peak_reduction_percentage,Lamb_office_Gerardo,test,Oracle,8 Oracle Lamb_office_Gerardo peak_reduction_percentage,9.563254182427482,%,,1c4667ce525a0cdada916bd11ee8c27276ec3a816aeae6b12bbd45355fdbb502,NONE,YES,
CLM-2060,Decision-oriented ensemble,8 Oracle Lamb_office_Gerardo mean_daily_peak,EXACT_RECOVERED,A,8,outputs/phase8/test_decision_metrics.csv,row[35].mean_daily_peak,Lamb_office_Gerardo,test,Oracle,8 Oracle Lamb_office_Gerardo mean_daily_peak,23.20587588148349,kW,,1c4667ce525a0cdada916bd11ee8c27276ec3a816aeae6b12bbd45355fdbb502,NONE,YES,
CLM-2061,Decision-oriented ensemble,8 Oracle Lamb_office_Gerardo worst_10pct_daily_peak,EXACT_RECOVERED,A,8,outputs/phase8/test_decision_metrics.csv,row[35].worst_10pct_daily_peak,Lamb_office_Gerardo,test,Oracle,8 Oracle Lamb_office_Gerardo worst_10pct_daily_peak,46.9998060994673,%,,1c4667ce525a0cdada916bd11ee8c27276ec3a816aeae6b12bbd45355fdbb502,NONE,YES,
CLM-2062,Decision-oriented ensemble,8 Oracle Lamb_office_Gerardo mean_regret_vs_oracle,EXACT_RECOVERED,A,8,outputs/phase8/test_decision_metrics.csv,row[35].mean_regret_vs_oracle,Lamb_office_Gerardo,test,Oracle,8 Oracle Lamb_office_Gerardo mean_regret_vs_oracle,0.0,kW,,1c4667ce525a0cdada916bd11ee8c27276ec3a816aeae6b12bbd45355fdbb502,NONE,YES,
CLM-2063,Decision-oriented ensemble,8 Oracle Lamb_office_Gerardo p90_regret,EXACT_RECOVERED,A,8,outputs/phase8/test_decision_metrics.csv,row[35].p90_regret,Lamb_office_Gerardo,test,Oracle,8 Oracle Lamb_office_Gerardo p90_regret,0.0,kW,,1c4667ce525a0cdada916bd11ee8c27276ec3a816aeae6b12bbd45355fdbb502,NONE,YES,
CLM-2064,Decision-oriented ensemble,8 Oracle Lamb_office_Gerardo max_regret,EXACT_RECOVERED,A,8,outputs/phase8/test_decision_metrics.csv,row[35].max_regret,Lamb_office_Gerardo,test,Oracle,8 Oracle Lamb_office_Gerardo max_regret,0.0,kW,,1c4667ce525a0cdada916bd11ee8c27276ec3a816aeae6b12bbd45355fdbb502,NONE,YES,
CLM-2065,Decision-oriented ensemble,8 Oracle Lamb_office_Gerardo oracle_capture_ratio,EXACT_RECOVERED,A,8,outputs/phase8/test_decision_metrics.csv,row[35].oracle_capture_ratio,Lamb_office_Gerardo,test,Oracle,8 Oracle Lamb_office_Gerardo oracle_capture_ratio,1.0,dimensionless,,1c4667ce525a0cdada916bd11ee8c27276ec3a816aeae6b12bbd45355fdbb502,NONE,YES,
CLM-2066,Decision-oriented ensemble,8 Oracle Lamb_office_Gerardo battery_throughput,EXACT_RECOVERED,A,8,outputs/phase8/test_decision_metrics.csv,row[35].battery_throughput,Lamb_office_Gerardo,test,Oracle,8 Oracle Lamb_office_Gerardo battery_throughput,546.4660862728532,dimensionless,,1c4667ce525a0cdada916bd11ee8c27276ec3a816aeae6b12bbd45355fdbb502,NONE,YES,
CLM-2067,Decision-oriented ensemble,8 Oracle Lamb_office_Gerardo equivalent_full_cycles,EXACT_RECOVERED,A,8,outputs/phase8/test_decision_metrics.csv,row[35].equivalent_full_cycles,Lamb_office_Gerardo,test,Oracle,8 Oracle Lamb_office_Gerardo equivalent_full_cycles,12.622361836386167,dimensionless,,1c4667ce525a0cdada916bd11ee8c27276ec3a816aeae6b12bbd45355fdbb502,NONE,YES,
CLM-2068,Decision-oriented ensemble,8 DayWeek Lamb_office_Gerardo no_battery_peak,EXACT_RECOVERED,A,8,outputs/phase8/test_decision_metrics.csv,row[36].no_battery_peak,Lamb_office_Gerardo,test,DayWeek,8 DayWeek Lamb_office_Gerardo no_battery_peak,53.61,kW,,1c4667ce525a0cdada916bd11ee8c27276ec3a816aeae6b12bbd45355fdbb502,NONE,YES,
CLM-2069,Decision-oriented ensemble,8 DayWeek Lamb_office_Gerardo post_dispatch_peak,EXACT_RECOVERED,A,8,outputs/phase8/test_decision_metrics.csv,row[36].post_dispatch_peak,Lamb_office_Gerardo,test,DayWeek,8 DayWeek Lamb_office_Gerardo post_dispatch_peak,52.19,kW,,1c4667ce525a0cdada916bd11ee8c27276ec3a816aeae6b12bbd45355fdbb502,NONE,YES,
CLM-2070,Decision-oriented ensemble,8 DayWeek Lamb_office_Gerardo absolute_peak_reduction,EXACT_RECOVERED,A,8,outputs/phase8/test_decision_metrics.csv,row[36].absolute_peak_reduction,Lamb_office_Gerardo,test,DayWeek,8 DayWeek Lamb_office_Gerardo absolute_peak_reduction,1.4200000000000017,kW,,1c4667ce525a0cdada916bd11ee8c27276ec3a816aeae6b12bbd45355fdbb502,NONE,YES,
CLM-2071,Decision-oriented ensemble,8 DayWeek Lamb_office_Gerardo peak_reduction_percentage,EXACT_RECOVERED,A,8,outputs/phase8/test_decision_metrics.csv,row[36].peak_reduction_percentage,Lamb_office_Gerardo,test,DayWeek,8 DayWeek Lamb_office_Gerardo peak_reduction_percentage,2.6487595597836258,%,,1c4667ce525a0cdada916bd11ee8c27276ec3a816aeae6b12bbd45355fdbb502,NONE,YES,
CLM-2072,Decision-oriented ensemble,8 DayWeek Lamb_office_Gerardo mean_daily_peak,EXACT_RECOVERED,A,8,outputs/phase8/test_decision_metrics.csv,row[36].mean_daily_peak,Lamb_office_Gerardo,test,DayWeek,8 DayWeek Lamb_office_Gerardo mean_daily_peak,26.33635783341203,kW,,1c4667ce525a0cdada916bd11ee8c27276ec3a816aeae6b12bbd45355fdbb502,NONE,YES,
CLM-2073,Decision-oriented ensemble,8 DayWeek Lamb_office_Gerardo worst_10pct_daily_peak,EXACT_RECOVERED,A,8,outputs/phase8/test_decision_metrics.csv,row[36].worst_10pct_daily_peak,Lamb_office_Gerardo,test,DayWeek,8 DayWeek Lamb_office_Gerardo worst_10pct_daily_peak,50.41356122686275,%,,1c4667ce525a0cdada916bd11ee8c27276ec3a816aeae6b12bbd45355fdbb502,NONE,YES,
CLM-2074,Decision-oriented ensemble,8 DayWeek Lamb_office_Gerardo mean_regret_vs_oracle,EXACT_RECOVERED,A,8,outputs/phase8/test_decision_metrics.csv,row[36].mean_regret_vs_oracle,Lamb_office_Gerardo,test,DayWeek,8 DayWeek Lamb_office_Gerardo mean_regret_vs_oracle,3.130481951928546,kW,,1c4667ce525a0cdada916bd11ee8c27276ec3a816aeae6b12bbd45355fdbb502,NONE,YES,
CLM-2075,Decision-oriented ensemble,8 DayWeek Lamb_office_Gerardo p90_regret,EXACT_RECOVERED,A,8,outputs/phase8/test_decision_metrics.csv,row[36].p90_regret,Lamb_office_Gerardo,test,DayWeek,8 DayWeek Lamb_office_Gerardo p90_regret,5.630684918654199,kW,,1c4667ce525a0cdada916bd11ee8c27276ec3a816aeae6b12bbd45355fdbb502,NONE,YES,
CLM-2076,Decision-oriented ensemble,8 DayWeek Lamb_office_Gerardo max_regret,EXACT_RECOVERED,A,8,outputs/phase8/test_decision_metrics.csv,row[36].max_regret,Lamb_office_Gerardo,test,DayWeek,8 DayWeek Lamb_office_Gerardo max_regret,7.379999999999988,kW,,1c4667ce525a0cdada916bd11ee8c27276ec3a816aeae6b12bbd45355fdbb502,NONE,YES,
CLM-2077,Decision-oriented ensemble,8 DayWeek Lamb_office_Gerardo oracle_capture_ratio,EXACT_RECOVERED,A,8,outputs/phase8/test_decision_metrics.csv,row[36].oracle_capture_ratio,Lamb_office_Gerardo,test,DayWeek,8 DayWeek Lamb_office_Gerardo oracle_capture_ratio,-0.6222282429371959,dimensionless,,1c4667ce525a0cdada916bd11ee8c27276ec3a816aeae6b12bbd45355fdbb502,NONE,YES,
CLM-2078,Decision-oriented ensemble,8 DayWeek Lamb_office_Gerardo battery_throughput,EXACT_RECOVERED,A,8,outputs/phase8/test_decision_metrics.csv,row[36].battery_throughput,Lamb_office_Gerardo,test,DayWeek,8 DayWeek Lamb_office_Gerardo battery_throughput,651.1763879383852,dimensionless,,1c4667ce525a0cdada916bd11ee8c27276ec3a816aeae6b12bbd45355fdbb502,NONE,YES,
CLM-2079,Decision-oriented ensemble,8 DayWeek Lamb_office_Gerardo equivalent_full_cycles,EXACT_RECOVERED,A,8,outputs/phase8/test_decision_metrics.csv,row[36].equivalent_full_cycles,Lamb_office_Gerardo,test,DayWeek,8 DayWeek Lamb_office_Gerardo equivalent_full_cycles,15.040977279906244,dimensionless,,1c4667ce525a0cdada916bd11ee8c27276ec3a816aeae6b12bbd45355fdbb502,NONE,YES,
CLM-2080,Decision-oriented ensemble,8 LightGBM Lamb_office_Gerardo no_battery_peak,EXACT_RECOVERED,A,8,outputs/phase8/test_decision_metrics.csv,row[37].no_battery_peak,Lamb_office_Gerardo,test,LightGBM,8 LightGBM Lamb_office_Gerardo no_battery_peak,53.61,kW,,1c4667ce525a0cdada916bd11ee8c27276ec3a816aeae6b12bbd45355fdbb502,NONE,YES,
CLM-2081,Decision-oriented ensemble,8 LightGBM Lamb_office_Gerardo post_dispatch_peak,EXACT_RECOVERED,A,8,outputs/phase8/test_decision_metrics.csv,row[37].post_dispatch_peak,Lamb_office_Gerardo,test,LightGBM,8 LightGBM Lamb_office_Gerardo post_dispatch_peak,52.19,kW,,1c4667ce525a0cdada916bd11ee8c27276ec3a816aeae6b12bbd45355fdbb502,NONE,YES,
CLM-2082,Decision-oriented ensemble,8 LightGBM Lamb_office_Gerardo absolute_peak_reduction,EXACT_RECOVERED,A,8,outputs/phase8/test_decision_metrics.csv,row[37].absolute_peak_reduction,Lamb_office_Gerardo,test,LightGBM,8 LightGBM Lamb_office_Gerardo absolute_peak_reduction,1.4200000000000017,kW,,1c4667ce525a0cdada916bd11ee8c27276ec3a816aeae6b12bbd45355fdbb502,NONE,YES,
CLM-2083,Decision-oriented ensemble,8 LightGBM Lamb_office_Gerardo peak_reduction_percentage,EXACT_RECOVERED,A,8,outputs/phase8/test_decision_metrics.csv,row[37].peak_reduction_percentage,Lamb_office_Gerardo,test,LightGBM,8 LightGBM Lamb_office_Gerardo peak_reduction_percentage,2.6487595597836258,%,,1c4667ce525a0cdada916bd11ee8c27276ec3a816aeae6b12bbd45355fdbb502,NONE,YES,
CLM-2084,Decision-oriented ensemble,8 LightGBM Lamb_office_Gerardo mean_daily_peak,EXACT_RECOVERED,A,8,outputs/phase8/test_decision_metrics.csv,row[37].mean_daily_peak,Lamb_office_Gerardo,test,LightGBM,8 LightGBM Lamb_office_Gerardo mean_daily_peak,25.437111528756326,kW,,1c4667ce525a0cdada916bd11ee8c27276ec3a816aeae6b12bbd45355fdbb502,NONE,YES,
CLM-2085,Decision-oriented ensemble,8 LightGBM Lamb_office_Gerardo worst_10pct_daily_peak,EXACT_RECOVERED,A,8,outputs/phase8/test_decision_metrics.csv,row[37].worst_10pct_daily_peak,Lamb_office_Gerardo,test,LightGBM,8 LightGBM Lamb_office_Gerardo worst_10pct_daily_peak,49.80104647760021,%,,1c4667ce525a0cdada916bd11ee8c27276ec3a816aeae6b12bbd45355fdbb502,NONE,YES,
CLM-2086,Decision-oriented ensemble,8 LightGBM Lamb_office_Gerardo mean_regret_vs_oracle,EXACT_RECOVERED,A,8,outputs/phase8/test_decision_metrics.csv,row[37].mean_regret_vs_oracle,Lamb_office_Gerardo,test,LightGBM,8 LightGBM Lamb_office_Gerardo mean_regret_vs_oracle,2.2312356472728343,kW,,1c4667ce525a0cdada916bd11ee8c27276ec3a816aeae6b12bbd45355fdbb502,NONE,YES,
CLM-2087,Decision-oriented ensemble,8 LightGBM Lamb_office_Gerardo p90_regret,EXACT_RECOVERED,A,8,outputs/phase8/test_decision_metrics.csv,row[37].p90_regret,Lamb_office_Gerardo,test,LightGBM,8 LightGBM Lamb_office_Gerardo p90_regret,4.524903111367715,kW,,1c4667ce525a0cdada916bd11ee8c27276ec3a816aeae6b12bbd45355fdbb502,NONE,YES,
CLM-2088,Decision-oriented ensemble,8 LightGBM Lamb_office_Gerardo max_regret,EXACT_RECOVERED,A,8,outputs/phase8/test_decision_metrics.csv,row[37].max_regret,Lamb_office_Gerardo,test,LightGBM,8 LightGBM Lamb_office_Gerardo max_regret,7.131227128008561,kW,,1c4667ce525a0cdada916bd11ee8c27276ec3a816aeae6b12bbd45355fdbb502,NONE,YES,
CLM-2089,Decision-oriented ensemble,8 LightGBM Lamb_office_Gerardo oracle_capture_ratio,EXACT_RECOVERED,A,8,outputs/phase8/test_decision_metrics.csv,row[37].oracle_capture_ratio,Lamb_office_Gerardo,test,LightGBM,8 LightGBM Lamb_office_Gerardo oracle_capture_ratio,-0.055435154091059397,dimensionless,,1c4667ce525a0cdada916bd11ee8c27276ec3a816aeae6b12bbd45355fdbb502,NONE,YES,
CLM-2090,Decision-oriented ensemble,8 LightGBM Lamb_office_Gerardo battery_throughput,EXACT_RECOVERED,A,8,outputs/phase8/test_decision_metrics.csv,row[37].battery_throughput,Lamb_office_Gerardo,test,LightGBM,8 LightGBM Lamb_office_Gerardo battery_throughput,610.5964888185725,dimensionless,,1c4667ce525a0cdada916bd11ee8c27276ec3a816aeae6b12bbd45355fdbb502,NONE,YES,
CLM-2091,Decision-oriented ensemble,8 LightGBM Lamb_office_Gerardo equivalent_full_cycles,EXACT_RECOVERED,A,8,outputs/phase8/test_decision_metrics.csv,row[37].equivalent_full_cycles,Lamb_office_Gerardo,test,LightGBM,8 LightGBM Lamb_office_Gerardo equivalent_full_cycles,14.103656222221113,dimensionless,,1c4667ce525a0cdada916bd11ee8c27276ec3a816aeae6b12bbd45355fdbb502,NONE,YES,
CLM-2092,Decision-oriented ensemble,8 ForecastSelectedPerBuilding Lamb_office_Gerardo no_battery_peak,EXACT_RECOVERED,A,8,outputs/phase8/test_decision_metrics.csv,row[38].no_battery_peak,Lamb_office_Gerardo,test,ForecastSelectedPerBuilding,8 ForecastSelectedPerBuilding Lamb_office_Gerardo no_battery_peak,53.61,kW,,1c4667ce525a0cdada916bd11ee8c27276ec3a816aeae6b12bbd45355fdbb502,NONE,YES,
CLM-2093,Decision-oriented ensemble,8 ForecastSelectedPerBuilding Lamb_office_Gerardo post_dispatch_peak,EXACT_RECOVERED,A,8,outputs/phase8/test_decision_metrics.csv,row[38].post_dispatch_peak,Lamb_office_Gerardo,test,ForecastSelectedPerBuilding,8 ForecastSelectedPerBuilding Lamb_office_Gerardo post_dispatch_peak,52.19,kW,,1c4667ce525a0cdada916bd11ee8c27276ec3a816aeae6b12bbd45355fdbb502,NONE,YES,
CLM-2094,Decision-oriented ensemble,8 ForecastSelectedPerBuilding Lamb_office_Gerardo absolute_peak_reduction,EXACT_RECOVERED,A,8,outputs/phase8/test_decision_metrics.csv,row[38].absolute_peak_reduction,Lamb_office_Gerardo,test,ForecastSelectedPerBuilding,8 ForecastSelectedPerBuilding Lamb_office_Gerardo absolute_peak_reduction,1.4200000000000017,kW,,1c4667ce525a0cdada916bd11ee8c27276ec3a816aeae6b12bbd45355fdbb502,NONE,YES,
CLM-2095,Decision-oriented ensemble,8 ForecastSelectedPerBuilding Lamb_office_Gerardo peak_reduction_percentage,EXACT_RECOVERED,A,8,outputs/phase8/test_decision_metrics.csv,row[38].peak_reduction_percentage,Lamb_office_Gerardo,test,ForecastSelectedPerBuilding,8 ForecastSelectedPerBuilding Lamb_office_Gerardo peak_reduction_percentage,2.6487595597836258,%,,1c4667ce525a0cdada916bd11ee8c27276ec3a816aeae6b12bbd45355fdbb502,NONE,YES,
CLM-2096,Decision-oriented ensemble,8 ForecastSelectedPerBuilding Lamb_office_Gerardo mean_daily_peak,EXACT_RECOVERED,A,8,outputs/phase8/test_decision_metrics.csv,row[38].mean_daily_peak,Lamb_office_Gerardo,test,ForecastSelectedPerBuilding,8 ForecastSelectedPerBuilding Lamb_office_Gerardo mean_daily_peak,26.33635783341203,kW,,1c4667ce525a0cdada916bd11ee8c27276ec3a816aeae6b12bbd45355fdbb502,NONE,YES,
CLM-2097,Decision-oriented ensemble,8 ForecastSelectedPerBuilding Lamb_office_Gerardo worst_10pct_daily_peak,EXACT_RECOVERED,A,8,outputs/phase8/test_decision_metrics.csv,row[38].worst_10pct_daily_peak,Lamb_office_Gerardo,test,ForecastSelectedPerBuilding,8 ForecastSelectedPerBuilding Lamb_office_Gerardo worst_10pct_daily_peak,50.41356122686275,%,,1c4667ce525a0cdada916bd11ee8c27276ec3a816aeae6b12bbd45355fdbb502,NONE,YES,
CLM-2098,Decision-oriented ensemble,8 ForecastSelectedPerBuilding Lamb_office_Gerardo mean_regret_vs_oracle,EXACT_RECOVERED,A,8,outputs/phase8/test_decision_metrics.csv,row[38].mean_regret_vs_oracle,Lamb_office_Gerardo,test,ForecastSelectedPerBuilding,8 ForecastSelectedPerBuilding Lamb_office_Gerardo mean_regret_vs_oracle,3.130481951928546,kW,,1c4667ce525a0cdada916bd11ee8c27276ec3a816aeae6b12bbd45355fdbb502,NONE,YES,
CLM-2099,Decision-oriented ensemble,8 ForecastSelectedPerBuilding Lamb_office_Gerardo p90_regret,EXACT_RECOVERED,A,8,outputs/phase8/test_decision_metrics.csv,row[38].p90_regret,Lamb_office_Gerardo,test,ForecastSelectedPerBuilding,8 ForecastSelectedPerBuilding Lamb_office_Gerardo p90_regret,5.630684918654199,kW,,1c4667ce525a0cdada916bd11ee8c27276ec3a816aeae6b12bbd45355fdbb502,NONE,YES,
CLM-2100,Decision-oriented ensemble,8 ForecastSelectedPerBuilding Lamb_office_Gerardo max_regret,EXACT_RECOVERED,A,8,outputs/phase8/test_decision_metrics.csv,row[38].max_regret,Lamb_office_Gerardo,test,ForecastSelectedPerBuilding,8 ForecastSelectedPerBuilding Lamb_office_Gerardo max_regret,7.379999999999988,kW,,1c4667ce525a0cdada916bd11ee8c27276ec3a816aeae6b12bbd45355fdbb502,NONE,YES,
CLM-2101,Decision-oriented ensemble,8 ForecastSelectedPerBuilding Lamb_office_Gerardo oracle_capture_ratio,EXACT_RECOVERED,A,8,outputs/phase8/test_decision_metrics.csv,row[38].oracle_capture_ratio,Lamb_office_Gerardo,test,ForecastSelectedPerBuilding,8 ForecastSelectedPerBuilding Lamb_office_Gerardo oracle_capture_ratio,-0.6222282429371959,dimensionless,,1c4667ce525a0cdada916bd11ee8c27276ec3a816aeae6b12bbd45355fdbb502,NONE,YES,
CLM-2102,Decision-oriented ensemble,8 ForecastSelectedPerBuilding Lamb_office_Gerardo battery_throughput,EXACT_RECOVERED,A,8,outputs/phase8/test_decision_metrics.csv,row[38].battery_throughput,Lamb_office_Gerardo,test,ForecastSelectedPerBuilding,8 ForecastSelectedPerBuilding Lamb_office_Gerardo battery_throughput,651.1763879383852,dimensionless,,1c4667ce525a0cdada916bd11ee8c27276ec3a816aeae6b12bbd45355fdbb502,NONE,YES,
CLM-2103,Decision-oriented ensemble,8 ForecastSelectedPerBuilding Lamb_office_Gerardo equivalent_full_cycles,EXACT_RECOVERED,A,8,outputs/phase8/test_decision_metrics.csv,row[38].equivalent_full_cycles,Lamb_office_Gerardo,test,ForecastSelectedPerBuilding,8 ForecastSelectedPerBuilding Lamb_office_Gerardo equivalent_full_cycles,15.040977279906244,dimensionless,,1c4667ce525a0cdada916bd11ee8c27276ec3a816aeae6b12bbd45355fdbb502,NONE,YES,
CLM-2104,Decision-oriented ensemble,8 DecisionSelectedPerBuilding Lamb_office_Gerardo no_battery_peak,EXACT_RECOVERED,A,8,outputs/phase8/test_decision_metrics.csv,row[39].no_battery_peak,Lamb_office_Gerardo,test,DecisionSelectedPerBuilding,8 DecisionSelectedPerBuilding Lamb_office_Gerardo no_battery_peak,53.61,kW,,1c4667ce525a0cdada916bd11ee8c27276ec3a816aeae6b12bbd45355fdbb502,NONE,YES,
CLM-2105,Decision-oriented ensemble,8 DecisionSelectedPerBuilding Lamb_office_Gerardo post_dispatch_peak,EXACT_RECOVERED,A,8,outputs/phase8/test_decision_metrics.csv,row[39].post_dispatch_peak,Lamb_office_Gerardo,test,DecisionSelectedPerBuilding,8 DecisionSelectedPerBuilding Lamb_office_Gerardo post_dispatch_peak,52.19,kW,,1c4667ce525a0cdada916bd11ee8c27276ec3a816aeae6b12bbd45355fdbb502,NONE,YES,
CLM-2106,Decision-oriented ensemble,8 DecisionSelectedPerBuilding Lamb_office_Gerardo absolute_peak_reduction,EXACT_RECOVERED,A,8,outputs/phase8/test_decision_metrics.csv,row[39].absolute_peak_reduction,Lamb_office_Gerardo,test,DecisionSelectedPerBuilding,8 DecisionSelectedPerBuilding Lamb_office_Gerardo absolute_peak_reduction,1.4200000000000017,kW,,1c4667ce525a0cdada916bd11ee8c27276ec3a816aeae6b12bbd45355fdbb502,NONE,YES,
CLM-2107,Decision-oriented ensemble,8 DecisionSelectedPerBuilding Lamb_office_Gerardo peak_reduction_percentage,EXACT_RECOVERED,A,8,outputs/phase8/test_decision_metrics.csv,row[39].peak_reduction_percentage,Lamb_office_Gerardo,test,DecisionSelectedPerBuilding,8 DecisionSelectedPerBuilding Lamb_office_Gerardo peak_reduction_percentage,2.6487595597836258,%,,1c4667ce525a0cdada916bd11ee8c27276ec3a816aeae6b12bbd45355fdbb502,NONE,YES,
CLM-2108,Decision-oriented ensemble,8 DecisionSelectedPerBuilding Lamb_office_Gerardo mean_daily_peak,EXACT_RECOVERED,A,8,outputs/phase8/test_decision_metrics.csv,row[39].mean_daily_peak,Lamb_office_Gerardo,test,DecisionSelectedPerBuilding,8 DecisionSelectedPerBuilding Lamb_office_Gerardo mean_daily_peak,25.437111528756326,kW,,1c4667ce525a0cdada916bd11ee8c27276ec3a816aeae6b12bbd45355fdbb502,NONE,YES,
CLM-2109,Decision-oriented ensemble,8 DecisionSelectedPerBuilding Lamb_office_Gerardo worst_10pct_daily_peak,EXACT_RECOVERED,A,8,outputs/phase8/test_decision_metrics.csv,row[39].worst_10pct_daily_peak,Lamb_office_Gerardo,test,DecisionSelectedPerBuilding,8 DecisionSelectedPerBuilding Lamb_office_Gerardo worst_10pct_daily_peak,49.80104647760021,%,,1c4667ce525a0cdada916bd11ee8c27276ec3a816aeae6b12bbd45355fdbb502,NONE,YES,
CLM-2110,Decision-oriented ensemble,8 DecisionSelectedPerBuilding Lamb_office_Gerardo mean_regret_vs_oracle,EXACT_RECOVERED,A,8,outputs/phase8/test_decision_metrics.csv,row[39].mean_regret_vs_oracle,Lamb_office_Gerardo,test,DecisionSelectedPerBuilding,8 DecisionSelectedPerBuilding Lamb_office_Gerardo mean_regret_vs_oracle,2.2312356472728343,kW,,1c4667ce525a0cdada916bd11ee8c27276ec3a816aeae6b12bbd45355fdbb502,NONE,YES,
CLM-2111,Decision-oriented ensemble,8 DecisionSelectedPerBuilding Lamb_office_Gerardo p90_regret,EXACT_RECOVERED,A,8,outputs/phase8/test_decision_metrics.csv,row[39].p90_regret,Lamb_office_Gerardo,test,DecisionSelectedPerBuilding,8 DecisionSelectedPerBuilding Lamb_office_Gerardo p90_regret,4.524903111367715,kW,,1c4667ce525a0cdada916bd11ee8c27276ec3a816aeae6b12bbd45355fdbb502,NONE,YES,
CLM-2112,Decision-oriented ensemble,8 DecisionSelectedPerBuilding Lamb_office_Gerardo max_regret,EXACT_RECOVERED,A,8,outputs/phase8/test_decision_metrics.csv,row[39].max_regret,Lamb_office_Gerardo,test,DecisionSelectedPerBuilding,8 DecisionSelectedPerBuilding Lamb_office_Gerardo max_regret,7.131227128008561,kW,,1c4667ce525a0cdada916bd11ee8c27276ec3a816aeae6b12bbd45355fdbb502,NONE,YES,
CLM-2113,Decision-oriented ensemble,8 DecisionSelectedPerBuilding Lamb_office_Gerardo oracle_capture_ratio,EXACT_RECOVERED,A,8,outputs/phase8/test_decision_metrics.csv,row[39].oracle_capture_ratio,Lamb_office_Gerardo,test,DecisionSelectedPerBuilding,8 DecisionSelectedPerBuilding Lamb_office_Gerardo oracle_capture_ratio,-0.055435154091059397,dimensionless,,1c4667ce525a0cdada916bd11ee8c27276ec3a816aeae6b12bbd45355fdbb502,NONE,YES,
CLM-2114,Decision-oriented ensemble,8 DecisionSelectedPerBuilding Lamb_office_Gerardo battery_throughput,EXACT_RECOVERED,A,8,outputs/phase8/test_decision_metrics.csv,row[39].battery_throughput,Lamb_office_Gerardo,test,DecisionSelectedPerBuilding,8 DecisionSelectedPerBuilding Lamb_office_Gerardo battery_throughput,610.5964888185725,dimensionless,,1c4667ce525a0cdada916bd11ee8c27276ec3a816aeae6b12bbd45355fdbb502,NONE,YES,
CLM-2115,Decision-oriented ensemble,8 DecisionSelectedPerBuilding Lamb_office_Gerardo equivalent_full_cycles,EXACT_RECOVERED,A,8,outputs/phase8/test_decision_metrics.csv,row[39].equivalent_full_cycles,Lamb_office_Gerardo,test,DecisionSelectedPerBuilding,8 DecisionSelectedPerBuilding Lamb_office_Gerardo equivalent_full_cycles,14.103656222221113,dimensionless,,1c4667ce525a0cdada916bd11ee8c27276ec3a816aeae6b12bbd45355fdbb502,NONE,YES,
CLM-2116,Decision-oriented ensemble,8 ForecastSelectedGlobal Lamb_office_Gerardo no_battery_peak,EXACT_RECOVERED,A,8,outputs/phase8/test_decision_metrics.csv,row[40].no_battery_peak,Lamb_office_Gerardo,test,ForecastSelectedGlobal,8 ForecastSelectedGlobal Lamb_office_Gerardo no_battery_peak,53.61,kW,,1c4667ce525a0cdada916bd11ee8c27276ec3a816aeae6b12bbd45355fdbb502,NONE,YES,
CLM-2117,Decision-oriented ensemble,8 ForecastSelectedGlobal Lamb_office_Gerardo post_dispatch_peak,EXACT_RECOVERED,A,8,outputs/phase8/test_decision_metrics.csv,row[40].post_dispatch_peak,Lamb_office_Gerardo,test,ForecastSelectedGlobal,8 ForecastSelectedGlobal Lamb_office_Gerardo post_dispatch_peak,52.19,kW,,1c4667ce525a0cdada916bd11ee8c27276ec3a816aeae6b12bbd45355fdbb502,NONE,YES,
CLM-2118,Decision-oriented ensemble,8 ForecastSelectedGlobal Lamb_office_Gerardo absolute_peak_reduction,EXACT_RECOVERED,A,8,outputs/phase8/test_decision_metrics.csv,row[40].absolute_peak_reduction,Lamb_office_Gerardo,test,ForecastSelectedGlobal,8 ForecastSelectedGlobal Lamb_office_Gerardo absolute_peak_reduction,1.4200000000000017,kW,,1c4667ce525a0cdada916bd11ee8c27276ec3a816aeae6b12bbd45355fdbb502,NONE,YES,
CLM-2119,Decision-oriented ensemble,8 ForecastSelectedGlobal Lamb_office_Gerardo peak_reduction_percentage,EXACT_RECOVERED,A,8,outputs/phase8/test_decision_metrics.csv,row[40].peak_reduction_percentage,Lamb_office_Gerardo,test,ForecastSelectedGlobal,8 ForecastSelectedGlobal Lamb_office_Gerardo peak_reduction_percentage,2.6487595597836258,%,,1c4667ce525a0cdada916bd11ee8c27276ec3a816aeae6b12bbd45355fdbb502,NONE,YES,
CLM-2120,Decision-oriented ensemble,8 ForecastSelectedGlobal Lamb_office_Gerardo mean_daily_peak,EXACT_RECOVERED,A,8,outputs/phase8/test_decision_metrics.csv,row[40].mean_daily_peak,Lamb_office_Gerardo,test,ForecastSelectedGlobal,8 ForecastSelectedGlobal Lamb_office_Gerardo mean_daily_peak,26.03170338380501,kW,,1c4667ce525a0cdada916bd11ee8c27276ec3a816aeae6b12bbd45355fdbb502,NONE,YES,
CLM-2121,Decision-oriented ensemble,8 ForecastSelectedGlobal Lamb_office_Gerardo worst_10pct_daily_peak,EXACT_RECOVERED,A,8,outputs/phase8/test_decision_metrics.csv,row[40].worst_10pct_daily_peak,Lamb_office_Gerardo,test,ForecastSelectedGlobal,8 ForecastSelectedGlobal Lamb_office_Gerardo worst_10pct_daily_peak,48.95298693651131,%,,1c4667ce525a0cdada916bd11ee8c27276ec3a816aeae6b12bbd45355fdbb502,NONE,YES,
CLM-2122,Decision-oriented ensemble,8 ForecastSelectedGlobal Lamb_office_Gerardo mean_regret_vs_oracle,EXACT_RECOVERED,A,8,outputs/phase8/test_decision_metrics.csv,row[40].mean_regret_vs_oracle,Lamb_office_Gerardo,test,ForecastSelectedGlobal,8 ForecastSelectedGlobal Lamb_office_Gerardo mean_regret_vs_oracle,2.8258275023215247,kW,,1c4667ce525a0cdada916bd11ee8c27276ec3a816aeae6b12bbd45355fdbb502,NONE,YES,
CLM-2123,Decision-oriented ensemble,8 ForecastSelectedGlobal Lamb_office_Gerardo p90_regret,EXACT_RECOVERED,A,8,outputs/phase8/test_decision_metrics.csv,row[40].p90_regret,Lamb_office_Gerardo,test,ForecastSelectedGlobal,8 ForecastSelectedGlobal Lamb_office_Gerardo p90_regret,5.342014505373457,kW,,1c4667ce525a0cdada916bd11ee8c27276ec3a816aeae6b12bbd45355fdbb502,NONE,YES,
CLM-2124,Decision-oriented ensemble,8 ForecastSelectedGlobal Lamb_office_Gerardo max_regret,EXACT_RECOVERED,A,8,outputs/phase8/test_decision_metrics.csv,row[40].max_regret,Lamb_office_Gerardo,test,ForecastSelectedGlobal,8 ForecastSelectedGlobal Lamb_office_Gerardo max_regret,5.94346849671479,kW,,1c4667ce525a0cdada916bd11ee8c27276ec3a816aeae6b12bbd45355fdbb502,NONE,YES,
CLM-2125,Decision-oriented ensemble,8 ForecastSelectedGlobal Lamb_office_Gerardo oracle_capture_ratio,EXACT_RECOVERED,A,8,outputs/phase8/test_decision_metrics.csv,row[40].oracle_capture_ratio,Lamb_office_Gerardo,test,ForecastSelectedGlobal,8 ForecastSelectedGlobal Lamb_office_Gerardo oracle_capture_ratio,-0.5449159560888898,dimensionless,,1c4667ce525a0cdada916bd11ee8c27276ec3a816aeae6b12bbd45355fdbb502,NONE,YES,
CLM-2126,Decision-oriented ensemble,8 ForecastSelectedGlobal Lamb_office_Gerardo battery_throughput,EXACT_RECOVERED,A,8,outputs/phase8/test_decision_metrics.csv,row[40].battery_throughput,Lamb_office_Gerardo,test,ForecastSelectedGlobal,8 ForecastSelectedGlobal Lamb_office_Gerardo battery_throughput,718.8216489913124,dimensionless,,1c4667ce525a0cdada916bd11ee8c27276ec3a816aeae6b12bbd45355fdbb502,NONE,YES,
CLM-2127,Decision-oriented ensemble,8 ForecastSelectedGlobal Lamb_office_Gerardo equivalent_full_cycles,EXACT_RECOVERED,A,8,outputs/phase8/test_decision_metrics.csv,row[40].equivalent_full_cycles,Lamb_office_Gerardo,test,ForecastSelectedGlobal,8 ForecastSelectedGlobal Lamb_office_Gerardo equivalent_full_cycles,16.603458434684654,dimensionless,,1c4667ce525a0cdada916bd11ee8c27276ec3a816aeae6b12bbd45355fdbb502,NONE,YES,
CLM-2128,Decision-oriented ensemble,8 DecisionSelectedGlobal Lamb_office_Gerardo no_battery_peak,EXACT_RECOVERED,A,8,outputs/phase8/test_decision_metrics.csv,row[41].no_battery_peak,Lamb_office_Gerardo,test,DecisionSelectedGlobal,8 DecisionSelectedGlobal Lamb_office_Gerardo no_battery_peak,53.61,kW,,1c4667ce525a0cdada916bd11ee8c27276ec3a816aeae6b12bbd45355fdbb502,NONE,YES,
CLM-2129,Decision-oriented ensemble,8 DecisionSelectedGlobal Lamb_office_Gerardo post_dispatch_peak,EXACT_RECOVERED,A,8,outputs/phase8/test_decision_metrics.csv,row[41].post_dispatch_peak,Lamb_office_Gerardo,test,DecisionSelectedGlobal,8 DecisionSelectedGlobal Lamb_office_Gerardo post_dispatch_peak,52.19,kW,,1c4667ce525a0cdada916bd11ee8c27276ec3a816aeae6b12bbd45355fdbb502,NONE,YES,
CLM-2130,Decision-oriented ensemble,8 DecisionSelectedGlobal Lamb_office_Gerardo absolute_peak_reduction,EXACT_RECOVERED,A,8,outputs/phase8/test_decision_metrics.csv,row[41].absolute_peak_reduction,Lamb_office_Gerardo,test,DecisionSelectedGlobal,8 DecisionSelectedGlobal Lamb_office_Gerardo absolute_peak_reduction,1.4200000000000017,kW,,1c4667ce525a0cdada916bd11ee8c27276ec3a816aeae6b12bbd45355fdbb502,NONE,YES,
CLM-2131,Decision-oriented ensemble,8 DecisionSelectedGlobal Lamb_office_Gerardo peak_reduction_percentage,EXACT_RECOVERED,A,8,outputs/phase8/test_decision_metrics.csv,row[41].peak_reduction_percentage,Lamb_office_Gerardo,test,DecisionSelectedGlobal,8 DecisionSelectedGlobal Lamb_office_Gerardo peak_reduction_percentage,2.6487595597836258,%,,1c4667ce525a0cdada916bd11ee8c27276ec3a816aeae6b12bbd45355fdbb502,NONE,YES,
CLM-2132,Decision-oriented ensemble,8 DecisionSelectedGlobal Lamb_office_Gerardo mean_daily_peak,EXACT_RECOVERED,A,8,outputs/phase8/test_decision_metrics.csv,row[41].mean_daily_peak,Lamb_office_Gerardo,test,DecisionSelectedGlobal,8 DecisionSelectedGlobal Lamb_office_Gerardo mean_daily_peak,25.562248609328794,kW,,1c4667ce525a0cdada916bd11ee8c27276ec3a816aeae6b12bbd45355fdbb502,NONE,YES,
CLM-2133,Decision-oriented ensemble,8 DecisionSelectedGlobal Lamb_office_Gerardo worst_10pct_daily_peak,EXACT_RECOVERED,A,8,outputs/phase8/test_decision_metrics.csv,row[41].worst_10pct_daily_peak,Lamb_office_Gerardo,test,DecisionSelectedGlobal,8 DecisionSelectedGlobal Lamb_office_Gerardo worst_10pct_daily_peak,49.467523325297854,%,,1c4667ce525a0cdada916bd11ee8c27276ec3a816aeae6b12bbd45355fdbb502,NONE,YES,
CLM-2134,Decision-oriented ensemble,8 DecisionSelectedGlobal Lamb_office_Gerardo mean_regret_vs_oracle,EXACT_RECOVERED,A,8,outputs/phase8/test_decision_metrics.csv,row[41].mean_regret_vs_oracle,Lamb_office_Gerardo,test,DecisionSelectedGlobal,8 DecisionSelectedGlobal Lamb_office_Gerardo mean_regret_vs_oracle,2.35637272784531,kW,,1c4667ce525a0cdada916bd11ee8c27276ec3a816aeae6b12bbd45355fdbb502,NONE,YES,
CLM-2135,Decision-oriented ensemble,8 DecisionSelectedGlobal Lamb_office_Gerardo p90_regret,EXACT_RECOVERED,A,8,outputs/phase8/test_decision_metrics.csv,row[41].p90_regret,Lamb_office_Gerardo,test,DecisionSelectedGlobal,8 DecisionSelectedGlobal Lamb_office_Gerardo p90_regret,4.462015843844569,kW,,1c4667ce525a0cdada916bd11ee8c27276ec3a816aeae6b12bbd45355fdbb502,NONE,YES,
CLM-2136,Decision-oriented ensemble,8 DecisionSelectedGlobal Lamb_office_Gerardo max_regret,EXACT_RECOVERED,A,8,outputs/phase8/test_decision_metrics.csv,row[41].max_regret,Lamb_office_Gerardo,test,DecisionSelectedGlobal,8 DecisionSelectedGlobal Lamb_office_Gerardo max_regret,6.439981702406847,kW,,1c4667ce525a0cdada916bd11ee8c27276ec3a816aeae6b12bbd45355fdbb502,NONE,YES,
CLM-2137,Decision-oriented ensemble,8 DecisionSelectedGlobal Lamb_office_Gerardo oracle_capture_ratio,EXACT_RECOVERED,A,8,outputs/phase8/test_decision_metrics.csv,row[41].oracle_capture_ratio,Lamb_office_Gerardo,test,DecisionSelectedGlobal,8 DecisionSelectedGlobal Lamb_office_Gerardo oracle_capture_ratio,-0.19424475313664702,dimensionless,,1c4667ce525a0cdada916bd11ee8c27276ec3a816aeae6b12bbd45355fdbb502,NONE,YES,
CLM-2138,Decision-oriented ensemble,8 DecisionSelectedGlobal Lamb_office_Gerardo battery_throughput,EXACT_RECOVERED,A,8,outputs/phase8/test_decision_metrics.csv,row[41].battery_throughput,Lamb_office_Gerardo,test,DecisionSelectedGlobal,8 DecisionSelectedGlobal Lamb_office_Gerardo battery_throughput,698.0741913067436,dimensionless,,1c4667ce525a0cdada916bd11ee8c27276ec3a816aeae6b12bbd45355fdbb502,NONE,YES,
CLM-2139,Decision-oriented ensemble,8 DecisionSelectedGlobal Lamb_office_Gerardo equivalent_full_cycles,EXACT_RECOVERED,A,8,outputs/phase8/test_decision_metrics.csv,row[41].equivalent_full_cycles,Lamb_office_Gerardo,test,DecisionSelectedGlobal,8 DecisionSelectedGlobal Lamb_office_Gerardo equivalent_full_cycles,16.124230309356886,dimensionless,,1c4667ce525a0cdada916bd11ee8c27276ec3a816aeae6b12bbd45355fdbb502,NONE,YES,
CLM-2140,Decision-oriented ensemble,8 Oracle Hog_office_Alexis no_battery_peak,EXACT_RECOVERED,A,8,outputs/phase8/test_decision_metrics.csv,row[42].no_battery_peak,Hog_office_Alexis,test,Oracle,8 Oracle Hog_office_Alexis no_battery_peak,40.164,kW,,1c4667ce525a0cdada916bd11ee8c27276ec3a816aeae6b12bbd45355fdbb502,NONE,YES,
CLM-2141,Decision-oriented ensemble,8 Oracle Hog_office_Alexis post_dispatch_peak,EXACT_RECOVERED,A,8,outputs/phase8/test_decision_metrics.csv,row[42].post_dispatch_peak,Hog_office_Alexis,test,Oracle,8 Oracle Hog_office_Alexis post_dispatch_peak,33.16512084057908,kW,,1c4667ce525a0cdada916bd11ee8c27276ec3a816aeae6b12bbd45355fdbb502,NONE,YES,
CLM-2142,Decision-oriented ensemble,8 Oracle Hog_office_Alexis absolute_peak_reduction,EXACT_RECOVERED,A,8,outputs/phase8/test_decision_metrics.csv,row[42].absolute_peak_reduction,Hog_office_Alexis,test,Oracle,8 Oracle Hog_office_Alexis absolute_peak_reduction,6.998879159420923,kW,,1c4667ce525a0cdada916bd11ee8c27276ec3a816aeae6b12bbd45355fdbb502,NONE,YES,
CLM-2143,Decision-oriented ensemble,8 Oracle Hog_office_Alexis peak_reduction_percentage,EXACT_RECOVERED,A,8,outputs/phase8/test_decision_metrics.csv,row[42].peak_reduction_percentage,Hog_office_Alexis,test,Oracle,8 Oracle Hog_office_Alexis peak_reduction_percentage,17.425752314064642,%,,1c4667ce525a0cdada916bd11ee8c27276ec3a816aeae6b12bbd45355fdbb502,NONE,YES,
CLM-2144,Decision-oriented ensemble,8 Oracle Hog_office_Alexis mean_daily_peak,EXACT_RECOVERED,A,8,outputs/phase8/test_decision_metrics.csv,row[42].mean_daily_peak,Hog_office_Alexis,test,Oracle,8 Oracle Hog_office_Alexis mean_daily_peak,23.19053591609092,kW,,1c4667ce525a0cdada916bd11ee8c27276ec3a816aeae6b12bbd45355fdbb502,NONE,YES,
CLM-2145,Decision-oriented ensemble,8 Oracle Hog_office_Alexis worst_10pct_daily_peak,EXACT_RECOVERED,A,8,outputs/phase8/test_decision_metrics.csv,row[42].worst_10pct_daily_peak,Hog_office_Alexis,test,Oracle,8 Oracle Hog_office_Alexis worst_10pct_daily_peak,32.60983512629337,%,,1c4667ce525a0cdada916bd11ee8c27276ec3a816aeae6b12bbd45355fdbb502,NONE,YES,
CLM-2146,Decision-oriented ensemble,8 Oracle Hog_office_Alexis mean_regret_vs_oracle,EXACT_RECOVERED,A,8,outputs/phase8/test_decision_metrics.csv,row[42].mean_regret_vs_oracle,Hog_office_Alexis,test,Oracle,8 Oracle Hog_office_Alexis mean_regret_vs_oracle,0.0,kW,,1c4667ce525a0cdada916bd11ee8c27276ec3a816aeae6b12bbd45355fdbb502,NONE,YES,
CLM-2147,Decision-oriented ensemble,8 Oracle Hog_office_Alexis p90_regret,EXACT_RECOVERED,A,8,outputs/phase8/test_decision_metrics.csv,row[42].p90_regret,Hog_office_Alexis,test,Oracle,8 Oracle Hog_office_Alexis p90_regret,0.0,kW,,1c4667ce525a0cdada916bd11ee8c27276ec3a816aeae6b12bbd45355fdbb502,NONE,YES,
CLM-2148,Decision-oriented ensemble,8 Oracle Hog_office_Alexis max_regret,EXACT_RECOVERED,A,8,outputs/phase8/test_decision_metrics.csv,row[42].max_regret,Hog_office_Alexis,test,Oracle,8 Oracle Hog_office_Alexis max_regret,0.0,kW,,1c4667ce525a0cdada916bd11ee8c27276ec3a816aeae6b12bbd45355fdbb502,NONE,YES,
CLM-2149,Decision-oriented ensemble,8 Oracle Hog_office_Alexis oracle_capture_ratio,EXACT_RECOVERED,A,8,outputs/phase8/test_decision_metrics.csv,row[42].oracle_capture_ratio,Hog_office_Alexis,test,Oracle,8 Oracle Hog_office_Alexis oracle_capture_ratio,1.0,dimensionless,,1c4667ce525a0cdada916bd11ee8c27276ec3a816aeae6b12bbd45355fdbb502,NONE,YES,
CLM-2150,Decision-oriented ensemble,8 Oracle Hog_office_Alexis battery_throughput,EXACT_RECOVERED,A,8,outputs/phase8/test_decision_metrics.csv,row[42].battery_throughput,Hog_office_Alexis,test,Oracle,8 Oracle Hog_office_Alexis battery_throughput,1565.0062049708522,dimensionless,,1c4667ce525a0cdada916bd11ee8c27276ec3a816aeae6b12bbd45355fdbb502,NONE,YES,
CLM-2151,Decision-oriented ensemble,8 Oracle Hog_office_Alexis equivalent_full_cycles,EXACT_RECOVERED,A,8,outputs/phase8/test_decision_metrics.csv,row[42].equivalent_full_cycles,Hog_office_Alexis,test,Oracle,8 Oracle Hog_office_Alexis equivalent_full_cycles,15.957650900781395,dimensionless,,1c4667ce525a0cdada916bd11ee8c27276ec3a816aeae6b12bbd45355fdbb502,NONE,YES,
CLM-2152,Decision-oriented ensemble,8 DayWeek Hog_office_Alexis no_battery_peak,EXACT_RECOVERED,A,8,outputs/phase8/test_decision_metrics.csv,row[43].no_battery_peak,Hog_office_Alexis,test,DayWeek,8 DayWeek Hog_office_Alexis no_battery_peak,40.164,kW,,1c4667ce525a0cdada916bd11ee8c27276ec3a816aeae6b12bbd45355fdbb502,NONE,YES,
CLM-2153,Decision-oriented ensemble,8 DayWeek Hog_office_Alexis post_dispatch_peak,EXACT_RECOVERED,A,8,outputs/phase8/test_decision_metrics.csv,row[43].post_dispatch_peak,Hog_office_Alexis,test,DayWeek,8 DayWeek Hog_office_Alexis post_dispatch_peak,37.89647798343622,kW,,1c4667ce525a0cdada916bd11ee8c27276ec3a816aeae6b12bbd45355fdbb502,NONE,YES,
CLM-2154,Decision-oriented ensemble,8 DayWeek Hog_office_Alexis absolute_peak_reduction,EXACT_RECOVERED,A,8,outputs/phase8/test_decision_metrics.csv,row[43].absolute_peak_reduction,Hog_office_Alexis,test,DayWeek,8 DayWeek Hog_office_Alexis absolute_peak_reduction,2.267522016563781,kW,,1c4667ce525a0cdada916bd11ee8c27276ec3a816aeae6b12bbd45355fdbb502,NONE,YES,
CLM-2155,Decision-oriented ensemble,8 DayWeek Hog_office_Alexis peak_reduction_percentage,EXACT_RECOVERED,A,8,outputs/phase8/test_decision_metrics.csv,row[43].peak_reduction_percentage,Hog_office_Alexis,test,DayWeek,8 DayWeek Hog_office_Alexis peak_reduction_percentage,5.645657844248036,%,,1c4667ce525a0cdada916bd11ee8c27276ec3a816aeae6b12bbd45355fdbb502,NONE,YES,
CLM-2156,Decision-oriented ensemble,8 DayWeek Hog_office_Alexis mean_daily_peak,EXACT_RECOVERED,A,8,outputs/phase8/test_decision_metrics.csv,row[43].mean_daily_peak,Hog_office_Alexis,test,DayWeek,8 DayWeek Hog_office_Alexis mean_daily_peak,26.186381509390557,kW,,1c4667ce525a0cdada916bd11ee8c27276ec3a816aeae6b12bbd45355fdbb502,NONE,YES,
CLM-2157,Decision-oriented ensemble,8 DayWeek Hog_office_Alexis worst_10pct_daily_peak,EXACT_RECOVERED,A,8,outputs/phase8/test_decision_metrics.csv,row[43].worst_10pct_daily_peak,Hog_office_Alexis,test,DayWeek,8 DayWeek Hog_office_Alexis worst_10pct_daily_peak,36.52754013101811,%,,1c4667ce525a0cdada916bd11ee8c27276ec3a816aeae6b12bbd45355fdbb502,NONE,YES,
CLM-2158,Decision-oriented ensemble,8 DayWeek Hog_office_Alexis mean_regret_vs_oracle,EXACT_RECOVERED,A,8,outputs/phase8/test_decision_metrics.csv,row[43].mean_regret_vs_oracle,Hog_office_Alexis,test,DayWeek,8 DayWeek Hog_office_Alexis mean_regret_vs_oracle,2.9958455932996433,kW,,1c4667ce525a0cdada916bd11ee8c27276ec3a816aeae6b12bbd45355fdbb502,NONE,YES,
CLM-2159,Decision-oriented ensemble,8 DayWeek Hog_office_Alexis p90_regret,EXACT_RECOVERED,A,8,outputs/phase8/test_decision_metrics.csv,row[43].p90_regret,Hog_office_Alexis,test,DayWeek,8 DayWeek Hog_office_Alexis p90_regret,6.384266112566979,kW,,1c4667ce525a0cdada916bd11ee8c27276ec3a816aeae6b12bbd45355fdbb502,NONE,YES,
CLM-2160,Decision-oriented ensemble,8 DayWeek Hog_office_Alexis max_regret,EXACT_RECOVERED,A,8,outputs/phase8/test_decision_metrics.csv,row[43].max_regret,Hog_office_Alexis,test,DayWeek,8 DayWeek Hog_office_Alexis max_regret,10.741227396504328,kW,,1c4667ce525a0cdada916bd11ee8c27276ec3a816aeae6b12bbd45355fdbb502,NONE,YES,
CLM-2161,Decision-oriented ensemble,8 DayWeek Hog_office_Alexis oracle_capture_ratio,EXACT_RECOVERED,A,8,outputs/phase8/test_decision_metrics.csv,row[43].oracle_capture_ratio,Hog_office_Alexis,test,DayWeek,8 DayWeek Hog_office_Alexis oracle_capture_ratio,-0.6875055264131974,dimensionless,,1c4667ce525a0cdada916bd11ee8c27276ec3a816aeae6b12bbd45355fdbb502,NONE,YES,
CLM-2162,Decision-oriented ensemble,8 DayWeek Hog_office_Alexis battery_throughput,EXACT_RECOVERED,A,8,outputs/phase8/test_decision_metrics.csv,row[43].battery_throughput,Hog_office_Alexis,test,DayWeek,8 DayWeek Hog_office_Alexis battery_throughput,1765.4154696950768,dimensionless,,1c4667ce525a0cdada916bd11ee8c27276ec3a816aeae6b12bbd45355fdbb502,NONE,YES,
CLM-2163,Decision-oriented ensemble,8 DayWeek Hog_office_Alexis equivalent_full_cycles,EXACT_RECOVERED,A,8,outputs/phase8/test_decision_metrics.csv,row[43].equivalent_full_cycles,Hog_office_Alexis,test,DayWeek,8 DayWeek Hog_office_Alexis equivalent_full_cycles,18.001132309093787,dimensionless,,1c4667ce525a0cdada916bd11ee8c27276ec3a816aeae6b12bbd45355fdbb502,NONE,YES,
CLM-2164,Decision-oriented ensemble,8 LightGBM Hog_office_Alexis no_battery_peak,EXACT_RECOVERED,A,8,outputs/phase8/test_decision_metrics.csv,row[44].no_battery_peak,Hog_office_Alexis,test,LightGBM,8 LightGBM Hog_office_Alexis no_battery_peak,40.164,kW,,1c4667ce525a0cdada916bd11ee8c27276ec3a816aeae6b12bbd45355fdbb502,NONE,YES,
CLM-2165,Decision-oriented ensemble,8 LightGBM Hog_office_Alexis post_dispatch_peak,EXACT_RECOVERED,A,8,outputs/phase8/test_decision_metrics.csv,row[44].post_dispatch_peak,Hog_office_Alexis,test,LightGBM,8 LightGBM Hog_office_Alexis post_dispatch_peak,35.27688580281207,kW,,1c4667ce525a0cdada916bd11ee8c27276ec3a816aeae6b12bbd45355fdbb502,NONE,YES,
CLM-2166,Decision-oriented ensemble,8 LightGBM Hog_office_Alexis absolute_peak_reduction,EXACT_RECOVERED,A,8,outputs/phase8/test_decision_metrics.csv,row[44].absolute_peak_reduction,Hog_office_Alexis,test,LightGBM,8 LightGBM Hog_office_Alexis absolute_peak_reduction,4.887114197187934,kW,,1c4667ce525a0cdada916bd11ee8c27276ec3a816aeae6b12bbd45355fdbb502,NONE,YES,
CLM-2167,Decision-oriented ensemble,8 LightGBM Hog_office_Alexis peak_reduction_percentage,EXACT_RECOVERED,A,8,outputs/phase8/test_decision_metrics.csv,row[44].peak_reduction_percentage,Hog_office_Alexis,test,LightGBM,8 LightGBM Hog_office_Alexis peak_reduction_percentage,12.167897114799159,%,,1c4667ce525a0cdada916bd11ee8c27276ec3a816aeae6b12bbd45355fdbb502,NONE,YES,
CLM-2168,Decision-oriented ensemble,8 LightGBM Hog_office_Alexis mean_daily_peak,EXACT_RECOVERED,A,8,outputs/phase8/test_decision_metrics.csv,row[44].mean_daily_peak,Hog_office_Alexis,test,LightGBM,8 LightGBM Hog_office_Alexis mean_daily_peak,25.66416283652036,kW,,1c4667ce525a0cdada916bd11ee8c27276ec3a816aeae6b12bbd45355fdbb502,NONE,YES,
CLM-2169,Decision-oriented ensemble,8 LightGBM Hog_office_Alexis worst_10pct_daily_peak,EXACT_RECOVERED,A,8,outputs/phase8/test_decision_metrics.csv,row[44].worst_10pct_daily_peak,Hog_office_Alexis,test,LightGBM,8 LightGBM Hog_office_Alexis worst_10pct_daily_peak,35.13191201681087,%,,1c4667ce525a0cdada916bd11ee8c27276ec3a816aeae6b12bbd45355fdbb502,NONE,YES,
CLM-2170,Decision-oriented ensemble,8 LightGBM Hog_office_Alexis mean_regret_vs_oracle,EXACT_RECOVERED,A,8,outputs/phase8/test_decision_metrics.csv,row[44].mean_regret_vs_oracle,Hog_office_Alexis,test,LightGBM,8 LightGBM Hog_office_Alexis mean_regret_vs_oracle,2.4736269204294503,kW,,1c4667ce525a0cdada916bd11ee8c27276ec3a816aeae6b12bbd45355fdbb502,NONE,YES,
CLM-2171,Decision-oriented ensemble,8 LightGBM Hog_office_Alexis p90_regret,EXACT_RECOVERED,A,8,outputs/phase8/test_decision_metrics.csv,row[44].p90_regret,Hog_office_Alexis,test,LightGBM,8 LightGBM Hog_office_Alexis p90_regret,4.658393154300694,kW,,1c4667ce525a0cdada916bd11ee8c27276ec3a816aeae6b12bbd45355fdbb502,NONE,YES,
CLM-2172,Decision-oriented ensemble,8 LightGBM Hog_office_Alexis max_regret,EXACT_RECOVERED,A,8,outputs/phase8/test_decision_metrics.csv,row[44].max_regret,Hog_office_Alexis,test,LightGBM,8 LightGBM Hog_office_Alexis max_regret,8.39313367838924,kW,,1c4667ce525a0cdada916bd11ee8c27276ec3a816aeae6b12bbd45355fdbb502,NONE,YES,
CLM-2173,Decision-oriented ensemble,8 LightGBM Hog_office_Alexis oracle_capture_ratio,EXACT_RECOVERED,A,8,outputs/phase8/test_decision_metrics.csv,row[44].oracle_capture_ratio,Hog_office_Alexis,test,LightGBM,8 LightGBM Hog_office_Alexis oracle_capture_ratio,-0.22194658555729285,dimensionless,,1c4667ce525a0cdada916bd11ee8c27276ec3a816aeae6b12bbd45355fdbb502,NONE,YES,
CLM-2174,Decision-oriented ensemble,8 LightGBM Hog_office_Alexis battery_throughput,EXACT_RECOVERED,A,8,outputs/phase8/test_decision_metrics.csv,row[44].battery_throughput,Hog_office_Alexis,test,LightGBM,8 LightGBM Hog_office_Alexis battery_throughput,1690.787841569035,dimensionless,,1c4667ce525a0cdada916bd11ee8c27276ec3a816aeae6b12bbd45355fdbb502,NONE,YES,
CLM-2175,Decision-oriented ensemble,8 LightGBM Hog_office_Alexis equivalent_full_cycles,EXACT_RECOVERED,A,8,outputs/phase8/test_decision_metrics.csv,row[44].equivalent_full_cycles,Hog_office_Alexis,test,LightGBM,8 LightGBM Hog_office_Alexis equivalent_full_cycles,17.240188593084117,dimensionless,,1c4667ce525a0cdada916bd11ee8c27276ec3a816aeae6b12bbd45355fdbb502,NONE,YES,
CLM-2176,Decision-oriented ensemble,8 ForecastSelectedPerBuilding Hog_office_Alexis no_battery_peak,EXACT_RECOVERED,A,8,outputs/phase8/test_decision_metrics.csv,row[45].no_battery_peak,Hog_office_Alexis,test,ForecastSelectedPerBuilding,8 ForecastSelectedPerBuilding Hog_office_Alexis no_battery_peak,40.164,kW,,1c4667ce525a0cdada916bd11ee8c27276ec3a816aeae6b12bbd45355fdbb502,NONE,YES,
CLM-2177,Decision-oriented ensemble,8 ForecastSelectedPerBuilding Hog_office_Alexis post_dispatch_peak,EXACT_RECOVERED,A,8,outputs/phase8/test_decision_metrics.csv,row[45].post_dispatch_peak,Hog_office_Alexis,test,ForecastSelectedPerBuilding,8 ForecastSelectedPerBuilding Hog_office_Alexis post_dispatch_peak,35.427007858603304,kW,,1c4667ce525a0cdada916bd11ee8c27276ec3a816aeae6b12bbd45355fdbb502,NONE,YES,
CLM-2178,Decision-oriented ensemble,8 ForecastSelectedPerBuilding Hog_office_Alexis absolute_peak_reduction,EXACT_RECOVERED,A,8,outputs/phase8/test_decision_metrics.csv,row[45].absolute_peak_reduction,Hog_office_Alexis,test,ForecastSelectedPerBuilding,8 ForecastSelectedPerBuilding Hog_office_Alexis absolute_peak_reduction,4.736992141396698,kW,,1c4667ce525a0cdada916bd11ee8c27276ec3a816aeae6b12bbd45355fdbb502,NONE,YES,
CLM-2179,Decision-oriented ensemble,8 ForecastSelectedPerBuilding Hog_office_Alexis peak_reduction_percentage,EXACT_RECOVERED,A,8,outputs/phase8/test_decision_metrics.csv,row[45].peak_reduction_percentage,Hog_office_Alexis,test,ForecastSelectedPerBuilding,8 ForecastSelectedPerBuilding Hog_office_Alexis peak_reduction_percentage,11.794124443274319,%,,1c4667ce525a0cdada916bd11ee8c27276ec3a816aeae6b12bbd45355fdbb502,NONE,YES,
CLM-2180,Decision-oriented ensemble,8 ForecastSelectedPerBuilding Hog_office_Alexis mean_daily_peak,EXACT_RECOVERED,A,8,outputs/phase8/test_decision_metrics.csv,row[45].mean_daily_peak,Hog_office_Alexis,test,ForecastSelectedPerBuilding,8 ForecastSelectedPerBuilding Hog_office_Alexis mean_daily_peak,25.572505218618986,kW,,1c4667ce525a0cdada916bd11ee8c27276ec3a816aeae6b12bbd45355fdbb502,NONE,YES,
CLM-2181,Decision-oriented ensemble,8 ForecastSelectedPerBuilding Hog_office_Alexis worst_10pct_daily_peak,EXACT_RECOVERED,A,8,outputs/phase8/test_decision_metrics.csv,row[45].worst_10pct_daily_peak,Hog_office_Alexis,test,ForecastSelectedPerBuilding,8 ForecastSelectedPerBuilding Hog_office_Alexis worst_10pct_daily_peak,35.024108723731935,%,,1c4667ce525a0cdada916bd11ee8c27276ec3a816aeae6b12bbd45355fdbb502,NONE,YES,
CLM-2182,Decision-oriented ensemble,8 ForecastSelectedPerBuilding Hog_office_Alexis mean_regret_vs_oracle,EXACT_RECOVERED,A,8,outputs/phase8/test_decision_metrics.csv,row[45].mean_regret_vs_oracle,Hog_office_Alexis,test,ForecastSelectedPerBuilding,8 ForecastSelectedPerBuilding Hog_office_Alexis mean_regret_vs_oracle,2.3819693025280695,kW,,1c4667ce525a0cdada916bd11ee8c27276ec3a816aeae6b12bbd45355fdbb502,NONE,YES,
CLM-2183,Decision-oriented ensemble,8 ForecastSelectedPerBuilding Hog_office_Alexis p90_regret,EXACT_RECOVERED,A,8,outputs/phase8/test_decision_metrics.csv,row[45].p90_regret,Hog_office_Alexis,test,ForecastSelectedPerBuilding,8 ForecastSelectedPerBuilding Hog_office_Alexis p90_regret,4.356230560916857,kW,,1c4667ce525a0cdada916bd11ee8c27276ec3a816aeae6b12bbd45355fdbb502,NONE,YES,
CLM-2184,Decision-oriented ensemble,8 ForecastSelectedPerBuilding Hog_office_Alexis max_regret,EXACT_RECOVERED,A,8,outputs/phase8/test_decision_metrics.csv,row[45].max_regret,Hog_office_Alexis,test,ForecastSelectedPerBuilding,8 ForecastSelectedPerBuilding Hog_office_Alexis max_regret,8.524911636287278,kW,,1c4667ce525a0cdada916bd11ee8c27276ec3a816aeae6b12bbd45355fdbb502,NONE,YES,
CLM-2185,Decision-oriented ensemble,8 ForecastSelectedPerBuilding Hog_office_Alexis oracle_capture_ratio,EXACT_RECOVERED,A,8,outputs/phase8/test_decision_metrics.csv,row[45].oracle_capture_ratio,Hog_office_Alexis,test,ForecastSelectedPerBuilding,8 ForecastSelectedPerBuilding Hog_office_Alexis oracle_capture_ratio,-0.21898406126443695,dimensionless,,1c4667ce525a0cdada916bd11ee8c27276ec3a816aeae6b12bbd45355fdbb502,NONE,YES,
CLM-2186,Decision-oriented ensemble,8 ForecastSelectedPerBuilding Hog_office_Alexis battery_throughput,EXACT_RECOVERED,A,8,outputs/phase8/test_decision_metrics.csv,row[45].battery_throughput,Hog_office_Alexis,test,ForecastSelectedPerBuilding,8 ForecastSelectedPerBuilding Hog_office_Alexis battery_throughput,1651.5724652041931,dimensionless,,1c4667ce525a0cdada916bd11ee8c27276ec3a816aeae6b12bbd45355fdbb502,NONE,YES,
CLM-2187,Decision-oriented ensemble,8 ForecastSelectedPerBuilding Hog_office_Alexis equivalent_full_cycles,EXACT_RECOVERED,A,8,outputs/phase8/test_decision_metrics.csv,row[45].equivalent_full_cycles,Hog_office_Alexis,test,ForecastSelectedPerBuilding,8 ForecastSelectedPerBuilding Hog_office_Alexis equivalent_full_cycles,16.840327375930308,dimensionless,,1c4667ce525a0cdada916bd11ee8c27276ec3a816aeae6b12bbd45355fdbb502,NONE,YES,
CLM-2188,Decision-oriented ensemble,8 DecisionSelectedPerBuilding Hog_office_Alexis no_battery_peak,EXACT_RECOVERED,A,8,outputs/phase8/test_decision_metrics.csv,row[46].no_battery_peak,Hog_office_Alexis,test,DecisionSelectedPerBuilding,8 DecisionSelectedPerBuilding Hog_office_Alexis no_battery_peak,40.164,kW,,1c4667ce525a0cdada916bd11ee8c27276ec3a816aeae6b12bbd45355fdbb502,NONE,YES,
CLM-2189,Decision-oriented ensemble,8 DecisionSelectedPerBuilding Hog_office_Alexis post_dispatch_peak,EXACT_RECOVERED,A,8,outputs/phase8/test_decision_metrics.csv,row[46].post_dispatch_peak,Hog_office_Alexis,test,DecisionSelectedPerBuilding,8 DecisionSelectedPerBuilding Hog_office_Alexis post_dispatch_peak,35.378314462452735,kW,,1c4667ce525a0cdada916bd11ee8c27276ec3a816aeae6b12bbd45355fdbb502,NONE,YES,
CLM-2190,Decision-oriented ensemble,8 DecisionSelectedPerBuilding Hog_office_Alexis absolute_peak_reduction,EXACT_RECOVERED,A,8,outputs/phase8/test_decision_metrics.csv,row[46].absolute_peak_reduction,Hog_office_Alexis,test,DecisionSelectedPerBuilding,8 DecisionSelectedPerBuilding Hog_office_Alexis absolute_peak_reduction,4.785685537547266,kW,,1c4667ce525a0cdada916bd11ee8c27276ec3a816aeae6b12bbd45355fdbb502,NONE,YES,
CLM-2191,Decision-oriented ensemble,8 DecisionSelectedPerBuilding Hog_office_Alexis peak_reduction_percentage,EXACT_RECOVERED,A,8,outputs/phase8/test_decision_metrics.csv,row[46].peak_reduction_percentage,Hog_office_Alexis,test,DecisionSelectedPerBuilding,8 DecisionSelectedPerBuilding Hog_office_Alexis peak_reduction_percentage,11.915360864324436,%,,1c4667ce525a0cdada916bd11ee8c27276ec3a816aeae6b12bbd45355fdbb502,NONE,YES,
CLM-2192,Decision-oriented ensemble,8 DecisionSelectedPerBuilding Hog_office_Alexis mean_daily_peak,EXACT_RECOVERED,A,8,outputs/phase8/test_decision_metrics.csv,row[46].mean_daily_peak,Hog_office_Alexis,test,DecisionSelectedPerBuilding,8 DecisionSelectedPerBuilding Hog_office_Alexis mean_daily_peak,25.526491266585698,kW,,1c4667ce525a0cdada916bd11ee8c27276ec3a816aeae6b12bbd45355fdbb502,NONE,YES,
CLM-2193,Decision-oriented ensemble,8 DecisionSelectedPerBuilding Hog_office_Alexis worst_10pct_daily_peak,EXACT_RECOVERED,A,8,outputs/phase8/test_decision_metrics.csv,row[46].worst_10pct_daily_peak,Hog_office_Alexis,test,DecisionSelectedPerBuilding,8 DecisionSelectedPerBuilding Hog_office_Alexis worst_10pct_daily_peak,34.92008178076891,%,,1c4667ce525a0cdada916bd11ee8c27276ec3a816aeae6b12bbd45355fdbb502,NONE,YES,
CLM-2194,Decision-oriented ensemble,8 DecisionSelectedPerBuilding Hog_office_Alexis mean_regret_vs_oracle,EXACT_RECOVERED,A,8,outputs/phase8/test_decision_metrics.csv,row[46].mean_regret_vs_oracle,Hog_office_Alexis,test,DecisionSelectedPerBuilding,8 DecisionSelectedPerBuilding Hog_office_Alexis mean_regret_vs_oracle,2.3359553504947903,kW,,1c4667ce525a0cdada916bd11ee8c27276ec3a816aeae6b12bbd45355fdbb502,NONE,YES,
CLM-2195,Decision-oriented ensemble,8 DecisionSelectedPerBuilding Hog_office_Alexis p90_regret,EXACT_RECOVERED,A,8,outputs/phase8/test_decision_metrics.csv,row[46].p90_regret,Hog_office_Alexis,test,DecisionSelectedPerBuilding,8 DecisionSelectedPerBuilding Hog_office_Alexis p90_regret,4.179011410973429,kW,,1c4667ce525a0cdada916bd11ee8c27276ec3a816aeae6b12bbd45355fdbb502,NONE,YES,
CLM-2196,Decision-oriented ensemble,8 DecisionSelectedPerBuilding Hog_office_Alexis max_regret,EXACT_RECOVERED,A,8,outputs/phase8/test_decision_metrics.csv,row[46].max_regret,Hog_office_Alexis,test,DecisionSelectedPerBuilding,8 DecisionSelectedPerBuilding Hog_office_Alexis max_regret,8.491967146812769,kW,,1c4667ce525a0cdada916bd11ee8c27276ec3a816aeae6b12bbd45355fdbb502,NONE,YES,
CLM-2197,Decision-oriented ensemble,8 DecisionSelectedPerBuilding Hog_office_Alexis oracle_capture_ratio,EXACT_RECOVERED,A,8,outputs/phase8/test_decision_metrics.csv,row[46].oracle_capture_ratio,Hog_office_Alexis,test,DecisionSelectedPerBuilding,8 DecisionSelectedPerBuilding Hog_office_Alexis oracle_capture_ratio,-0.158198328857565,dimensionless,,1c4667ce525a0cdada916bd11ee8c27276ec3a816aeae6b12bbd45355fdbb502,NONE,YES,
CLM-2198,Decision-oriented ensemble,8 DecisionSelectedPerBuilding Hog_office_Alexis battery_throughput,EXACT_RECOVERED,A,8,outputs/phase8/test_decision_metrics.csv,row[46].battery_throughput,Hog_office_Alexis,test,DecisionSelectedPerBuilding,8 DecisionSelectedPerBuilding Hog_office_Alexis battery_throughput,1633.933424491339,dimensionless,,1c4667ce525a0cdada916bd11ee8c27276ec3a816aeae6b12bbd45355fdbb502,NONE,YES,
CLM-2199,Decision-oriented ensemble,8 DecisionSelectedPerBuilding Hog_office_Alexis equivalent_full_cycles,EXACT_RECOVERED,A,8,outputs/phase8/test_decision_metrics.csv,row[46].equivalent_full_cycles,Hog_office_Alexis,test,DecisionSelectedPerBuilding,8 DecisionSelectedPerBuilding Hog_office_Alexis equivalent_full_cycles,16.660470163207215,dimensionless,,1c4667ce525a0cdada916bd11ee8c27276ec3a816aeae6b12bbd45355fdbb502,NONE,YES,
CLM-2200,Decision-oriented ensemble,8 ForecastSelectedGlobal Hog_office_Alexis no_battery_peak,EXACT_RECOVERED,A,8,outputs/phase8/test_decision_metrics.csv,row[47].no_battery_peak,Hog_office_Alexis,test,ForecastSelectedGlobal,8 ForecastSelectedGlobal Hog_office_Alexis no_battery_peak,40.164,kW,,1c4667ce525a0cdada916bd11ee8c27276ec3a816aeae6b12bbd45355fdbb502,NONE,YES,
CLM-2201,Decision-oriented ensemble,8 ForecastSelectedGlobal Hog_office_Alexis post_dispatch_peak,EXACT_RECOVERED,A,8,outputs/phase8/test_decision_metrics.csv,row[47].post_dispatch_peak,Hog_office_Alexis,test,ForecastSelectedGlobal,8 ForecastSelectedGlobal Hog_office_Alexis post_dispatch_peak,35.475701254753865,kW,,1c4667ce525a0cdada916bd11ee8c27276ec3a816aeae6b12bbd45355fdbb502,NONE,YES,
CLM-2202,Decision-oriented ensemble,8 ForecastSelectedGlobal Hog_office_Alexis absolute_peak_reduction,EXACT_RECOVERED,A,8,outputs/phase8/test_decision_metrics.csv,row[47].absolute_peak_reduction,Hog_office_Alexis,test,ForecastSelectedGlobal,8 ForecastSelectedGlobal Hog_office_Alexis absolute_peak_reduction,4.688298745246136,kW,,1c4667ce525a0cdada916bd11ee8c27276ec3a816aeae6b12bbd45355fdbb502,NONE,YES,
CLM-2203,Decision-oriented ensemble,8 ForecastSelectedGlobal Hog_office_Alexis peak_reduction_percentage,EXACT_RECOVERED,A,8,outputs/phase8/test_decision_metrics.csv,row[47].peak_reduction_percentage,Hog_office_Alexis,test,ForecastSelectedGlobal,8 ForecastSelectedGlobal Hog_office_Alexis peak_reduction_percentage,11.672888022224221,%,,1c4667ce525a0cdada916bd11ee8c27276ec3a816aeae6b12bbd45355fdbb502,NONE,YES,
CLM-2204,Decision-oriented ensemble,8 ForecastSelectedGlobal Hog_office_Alexis mean_daily_peak,EXACT_RECOVERED,A,8,outputs/phase8/test_decision_metrics.csv,row[47].mean_daily_peak,Hog_office_Alexis,test,ForecastSelectedGlobal,8 ForecastSelectedGlobal Hog_office_Alexis mean_daily_peak,25.638564704011394,kW,,1c4667ce525a0cdada916bd11ee8c27276ec3a816aeae6b12bbd45355fdbb502,NONE,YES,
CLM-2205,Decision-oriented ensemble,8 ForecastSelectedGlobal Hog_office_Alexis worst_10pct_daily_peak,EXACT_RECOVERED,A,8,outputs/phase8/test_decision_metrics.csv,row[47].worst_10pct_daily_peak,Hog_office_Alexis,test,ForecastSelectedGlobal,8 ForecastSelectedGlobal Hog_office_Alexis worst_10pct_daily_peak,35.20849283677992,%,,1c4667ce525a0cdada916bd11ee8c27276ec3a816aeae6b12bbd45355fdbb502,NONE,YES,
CLM-2206,Decision-oriented ensemble,8 ForecastSelectedGlobal Hog_office_Alexis mean_regret_vs_oracle,EXACT_RECOVERED,A,8,outputs/phase8/test_decision_metrics.csv,row[47].mean_regret_vs_oracle,Hog_office_Alexis,test,ForecastSelectedGlobal,8 ForecastSelectedGlobal Hog_office_Alexis mean_regret_vs_oracle,2.4480287879204825,kW,,1c4667ce525a0cdada916bd11ee8c27276ec3a816aeae6b12bbd45355fdbb502,NONE,YES,
CLM-2207,Decision-oriented ensemble,8 ForecastSelectedGlobal Hog_office_Alexis p90_regret,EXACT_RECOVERED,A,8,outputs/phase8/test_decision_metrics.csv,row[47].p90_regret,Hog_office_Alexis,test,ForecastSelectedGlobal,8 ForecastSelectedGlobal Hog_office_Alexis p90_regret,4.839198557293841,kW,,1c4667ce525a0cdada916bd11ee8c27276ec3a816aeae6b12bbd45355fdbb502,NONE,YES,
CLM-2208,Decision-oriented ensemble,8 ForecastSelectedGlobal Hog_office_Alexis max_regret,EXACT_RECOVERED,A,8,outputs/phase8/test_decision_metrics.csv,row[47].max_regret,Hog_office_Alexis,test,ForecastSelectedGlobal,8 ForecastSelectedGlobal Hog_office_Alexis max_regret,8.706356042268247,kW,,1c4667ce525a0cdada916bd11ee8c27276ec3a816aeae6b12bbd45355fdbb502,NONE,YES,
CLM-2209,Decision-oriented ensemble,8 ForecastSelectedGlobal Hog_office_Alexis oracle_capture_ratio,EXACT_RECOVERED,A,8,outputs/phase8/test_decision_metrics.csv,row[47].oracle_capture_ratio,Hog_office_Alexis,test,ForecastSelectedGlobal,8 ForecastSelectedGlobal Hog_office_Alexis oracle_capture_ratio,-0.28369887556196066,dimensionless,,1c4667ce525a0cdada916bd11ee8c27276ec3a816aeae6b12bbd45355fdbb502,NONE,YES,
CLM-2210,Decision-oriented ensemble,8 ForecastSelectedGlobal Hog_office_Alexis battery_throughput,EXACT_RECOVERED,A,8,outputs/phase8/test_decision_metrics.csv,row[47].battery_throughput,Hog_office_Alexis,test,ForecastSelectedGlobal,8 ForecastSelectedGlobal Hog_office_Alexis battery_throughput,1671.651896932315,dimensionless,,1c4667ce525a0cdada916bd11ee8c27276ec3a816aeae6b12bbd45355fdbb502,NONE,YES,
CLM-2211,Decision-oriented ensemble,8 ForecastSelectedGlobal Hog_office_Alexis equivalent_full_cycles,EXACT_RECOVERED,A,8,outputs/phase8/test_decision_metrics.csv,row[47].equivalent_full_cycles,Hog_office_Alexis,test,ForecastSelectedGlobal,8 ForecastSelectedGlobal Hog_office_Alexis equivalent_full_cycles,17.045068137203778,dimensionless,,1c4667ce525a0cdada916bd11ee8c27276ec3a816aeae6b12bbd45355fdbb502,NONE,YES,
CLM-2212,Decision-oriented ensemble,8 DecisionSelectedGlobal Hog_office_Alexis no_battery_peak,EXACT_RECOVERED,A,8,outputs/phase8/test_decision_metrics.csv,row[48].no_battery_peak,Hog_office_Alexis,test,DecisionSelectedGlobal,8 DecisionSelectedGlobal Hog_office_Alexis no_battery_peak,40.164,kW,,1c4667ce525a0cdada916bd11ee8c27276ec3a816aeae6b12bbd45355fdbb502,NONE,YES,
CLM-2213,Decision-oriented ensemble,8 DecisionSelectedGlobal Hog_office_Alexis post_dispatch_peak,EXACT_RECOVERED,A,8,outputs/phase8/test_decision_metrics.csv,row[48].post_dispatch_peak,Hog_office_Alexis,test,DecisionSelectedGlobal,8 DecisionSelectedGlobal Hog_office_Alexis post_dispatch_peak,35.336460773006394,kW,,1c4667ce525a0cdada916bd11ee8c27276ec3a816aeae6b12bbd45355fdbb502,NONE,YES,
CLM-2214,Decision-oriented ensemble,8 DecisionSelectedGlobal Hog_office_Alexis absolute_peak_reduction,EXACT_RECOVERED,A,8,outputs/phase8/test_decision_metrics.csv,row[48].absolute_peak_reduction,Hog_office_Alexis,test,DecisionSelectedGlobal,8 DecisionSelectedGlobal Hog_office_Alexis absolute_peak_reduction,4.827539226993608,kW,,1c4667ce525a0cdada916bd11ee8c27276ec3a816aeae6b12bbd45355fdbb502,NONE,YES,
CLM-2215,Decision-oriented ensemble,8 DecisionSelectedGlobal Hog_office_Alexis peak_reduction_percentage,EXACT_RECOVERED,A,8,outputs/phase8/test_decision_metrics.csv,row[48].peak_reduction_percentage,Hog_office_Alexis,test,DecisionSelectedGlobal,8 DecisionSelectedGlobal Hog_office_Alexis peak_reduction_percentage,12.019567839342713,%,,1c4667ce525a0cdada916bd11ee8c27276ec3a816aeae6b12bbd45355fdbb502,NONE,YES,
CLM-2216,Decision-oriented ensemble,8 DecisionSelectedGlobal Hog_office_Alexis mean_daily_peak,EXACT_RECOVERED,A,8,outputs/phase8/test_decision_metrics.csv,row[48].mean_daily_peak,Hog_office_Alexis,test,DecisionSelectedGlobal,8 DecisionSelectedGlobal Hog_office_Alexis mean_daily_peak,25.620621445778678,kW,,1c4667ce525a0cdada916bd11ee8c27276ec3a816aeae6b12bbd45355fdbb502,NONE,YES,
CLM-2217,Decision-oriented ensemble,8 DecisionSelectedGlobal Hog_office_Alexis worst_10pct_daily_peak,EXACT_RECOVERED,A,8,outputs/phase8/test_decision_metrics.csv,row[48].worst_10pct_daily_peak,Hog_office_Alexis,test,DecisionSelectedGlobal,8 DecisionSelectedGlobal Hog_office_Alexis worst_10pct_daily_peak,34.96941878124249,%,,1c4667ce525a0cdada916bd11ee8c27276ec3a816aeae6b12bbd45355fdbb502,NONE,YES,
CLM-2218,Decision-oriented ensemble,8 DecisionSelectedGlobal Hog_office_Alexis mean_regret_vs_oracle,EXACT_RECOVERED,A,8,outputs/phase8/test_decision_metrics.csv,row[48].mean_regret_vs_oracle,Hog_office_Alexis,test,DecisionSelectedGlobal,8 DecisionSelectedGlobal Hog_office_Alexis mean_regret_vs_oracle,2.430085529687766,kW,,1c4667ce525a0cdada916bd11ee8c27276ec3a816aeae6b12bbd45355fdbb502,NONE,YES,
CLM-2219,Decision-oriented ensemble,8 DecisionSelectedGlobal Hog_office_Alexis p90_regret,EXACT_RECOVERED,A,8,outputs/phase8/test_decision_metrics.csv,row[48].p90_regret,Hog_office_Alexis,test,DecisionSelectedGlobal,8 DecisionSelectedGlobal Hog_office_Alexis p90_regret,4.488106148305175,kW,,1c4667ce525a0cdada916bd11ee8c27276ec3a816aeae6b12bbd45355fdbb502,NONE,YES,
CLM-2220,Decision-oriented ensemble,8 DecisionSelectedGlobal Hog_office_Alexis max_regret,EXACT_RECOVERED,A,8,outputs/phase8/test_decision_metrics.csv,row[48].max_regret,Hog_office_Alexis,test,DecisionSelectedGlobal,8 DecisionSelectedGlobal Hog_office_Alexis max_regret,9.933908504208969,kW,,1c4667ce525a0cdada916bd11ee8c27276ec3a816aeae6b12bbd45355fdbb502,NONE,YES,
CLM-2221,Decision-oriented ensemble,8 DecisionSelectedGlobal Hog_office_Alexis oracle_capture_ratio,EXACT_RECOVERED,A,8,outputs/phase8/test_decision_metrics.csv,row[48].oracle_capture_ratio,Hog_office_Alexis,test,DecisionSelectedGlobal,8 DecisionSelectedGlobal Hog_office_Alexis oracle_capture_ratio,-0.15225316112315238,dimensionless,,1c4667ce525a0cdada916bd11ee8c27276ec3a816aeae6b12bbd45355fdbb502,NONE,YES,
CLM-2222,Decision-oriented ensemble,8 DecisionSelectedGlobal Hog_office_Alexis battery_throughput,EXACT_RECOVERED,A,8,outputs/phase8/test_decision_metrics.csv,row[48].battery_throughput,Hog_office_Alexis,test,DecisionSelectedGlobal,8 DecisionSelectedGlobal Hog_office_Alexis battery_throughput,1646.5055635219574,dimensionless,,1c4667ce525a0cdada916bd11ee8c27276ec3a816aeae6b12bbd45355fdbb502,NONE,YES,
CLM-2223,Decision-oriented ensemble,8 DecisionSelectedGlobal Hog_office_Alexis equivalent_full_cycles,EXACT_RECOVERED,A,8,outputs/phase8/test_decision_metrics.csv,row[48].equivalent_full_cycles,Hog_office_Alexis,test,DecisionSelectedGlobal,8 DecisionSelectedGlobal Hog_office_Alexis equivalent_full_cycles,16.788662502055107,dimensionless,,1c4667ce525a0cdada916bd11ee8c27276ec3a816aeae6b12bbd45355fdbb502,NONE,YES,
CLM-2224,Decision-oriented ensemble,8 Oracle Hog_office_Byron no_battery_peak,EXACT_RECOVERED,A,8,outputs/phase8/test_decision_metrics.csv,row[49].no_battery_peak,Hog_office_Byron,test,Oracle,8 Oracle Hog_office_Byron no_battery_peak,1299.828,kW,,1c4667ce525a0cdada916bd11ee8c27276ec3a816aeae6b12bbd45355fdbb502,NONE,YES,
CLM-2225,Decision-oriented ensemble,8 Oracle Hog_office_Byron post_dispatch_peak,EXACT_RECOVERED,A,8,outputs/phase8/test_decision_metrics.csv,row[49].post_dispatch_peak,Hog_office_Byron,test,Oracle,8 Oracle Hog_office_Byron post_dispatch_peak,1077.9169760470024,kW,,1c4667ce525a0cdada916bd11ee8c27276ec3a816aeae6b12bbd45355fdbb502,NONE,YES,
CLM-2226,Decision-oriented ensemble,8 Oracle Hog_office_Byron absolute_peak_reduction,EXACT_RECOVERED,A,8,outputs/phase8/test_decision_metrics.csv,row[49].absolute_peak_reduction,Hog_office_Byron,test,Oracle,8 Oracle Hog_office_Byron absolute_peak_reduction,221.91102395299754,kW,,1c4667ce525a0cdada916bd11ee8c27276ec3a816aeae6b12bbd45355fdbb502,NONE,YES,
CLM-2227,Decision-oriented ensemble,8 Oracle Hog_office_Byron peak_reduction_percentage,EXACT_RECOVERED,A,8,outputs/phase8/test_decision_metrics.csv,row[49].peak_reduction_percentage,Hog_office_Byron,test,Oracle,8 Oracle Hog_office_Byron peak_reduction_percentage,17.07233756720101,%,,1c4667ce525a0cdada916bd11ee8c27276ec3a816aeae6b12bbd45355fdbb502,NONE,YES,
CLM-2228,Decision-oriented ensemble,8 Oracle Hog_office_Byron mean_daily_peak,EXACT_RECOVERED,A,8,outputs/phase8/test_decision_metrics.csv,row[49].mean_daily_peak,Hog_office_Byron,test,Oracle,8 Oracle Hog_office_Byron mean_daily_peak,942.4179608256364,kW,,1c4667ce525a0cdada916bd11ee8c27276ec3a816aeae6b12bbd45355fdbb502,NONE,YES,
CLM-2229,Decision-oriented ensemble,8 Oracle Hog_office_Byron worst_10pct_daily_peak,EXACT_RECOVERED,A,8,outputs/phase8/test_decision_metrics.csv,row[49].worst_10pct_daily_peak,Hog_office_Byron,test,Oracle,8 Oracle Hog_office_Byron worst_10pct_daily_peak,1067.1737608875321,%,,1c4667ce525a0cdada916bd11ee8c27276ec3a816aeae6b12bbd45355fdbb502,NONE,YES,
CLM-2230,Decision-oriented ensemble,8 Oracle Hog_office_Byron mean_regret_vs_oracle,EXACT_RECOVERED,A,8,outputs/phase8/test_decision_metrics.csv,row[49].mean_regret_vs_oracle,Hog_office_Byron,test,Oracle,8 Oracle Hog_office_Byron mean_regret_vs_oracle,0.0,kW,,1c4667ce525a0cdada916bd11ee8c27276ec3a816aeae6b12bbd45355fdbb502,NONE,YES,
CLM-2231,Decision-oriented ensemble,8 Oracle Hog_office_Byron p90_regret,EXACT_RECOVERED,A,8,outputs/phase8/test_decision_metrics.csv,row[49].p90_regret,Hog_office_Byron,test,Oracle,8 Oracle Hog_office_Byron p90_regret,0.0,kW,,1c4667ce525a0cdada916bd11ee8c27276ec3a816aeae6b12bbd45355fdbb502,NONE,YES,
CLM-2232,Decision-oriented ensemble,8 Oracle Hog_office_Byron max_regret,EXACT_RECOVERED,A,8,outputs/phase8/test_decision_metrics.csv,row[49].max_regret,Hog_office_Byron,test,Oracle,8 Oracle Hog_office_Byron max_regret,0.0,kW,,1c4667ce525a0cdada916bd11ee8c27276ec3a816aeae6b12bbd45355fdbb502,NONE,YES,
CLM-2233,Decision-oriented ensemble,8 Oracle Hog_office_Byron oracle_capture_ratio,EXACT_RECOVERED,A,8,outputs/phase8/test_decision_metrics.csv,row[49].oracle_capture_ratio,Hog_office_Byron,test,Oracle,8 Oracle Hog_office_Byron oracle_capture_ratio,1.0,dimensionless,,1c4667ce525a0cdada916bd11ee8c27276ec3a816aeae6b12bbd45355fdbb502,NONE,YES,
CLM-2234,Decision-oriented ensemble,8 Oracle Hog_office_Byron battery_throughput,EXACT_RECOVERED,A,8,outputs/phase8/test_decision_metrics.csv,row[49].battery_throughput,Hog_office_Byron,test,Oracle,8 Oracle Hog_office_Byron battery_throughput,64573.45465484566,dimensionless,,1c4667ce525a0cdada916bd11ee8c27276ec3a816aeae6b12bbd45355fdbb502,NONE,YES,
CLM-2235,Decision-oriented ensemble,8 Oracle Hog_office_Byron equivalent_full_cycles,EXACT_RECOVERED,A,8,outputs/phase8/test_decision_metrics.csv,row[49].equivalent_full_cycles,Hog_office_Byron,test,Oracle,8 Oracle Hog_office_Byron equivalent_full_cycles,13.374608370192224,dimensionless,,1c4667ce525a0cdada916bd11ee8c27276ec3a816aeae6b12bbd45355fdbb502,NONE,YES,
CLM-2236,Decision-oriented ensemble,8 DayWeek Hog_office_Byron no_battery_peak,EXACT_RECOVERED,A,8,outputs/phase8/test_decision_metrics.csv,row[50].no_battery_peak,Hog_office_Byron,test,DayWeek,8 DayWeek Hog_office_Byron no_battery_peak,1299.828,kW,,1c4667ce525a0cdada916bd11ee8c27276ec3a816aeae6b12bbd45355fdbb502,NONE,YES,
CLM-2237,Decision-oriented ensemble,8 DayWeek Hog_office_Byron post_dispatch_peak,EXACT_RECOVERED,A,8,outputs/phase8/test_decision_metrics.csv,row[50].post_dispatch_peak,Hog_office_Byron,test,DayWeek,8 DayWeek Hog_office_Byron post_dispatch_peak,1152.7797916666666,kW,,1c4667ce525a0cdada916bd11ee8c27276ec3a816aeae6b12bbd45355fdbb502,NONE,YES,
CLM-2238,Decision-oriented ensemble,8 DayWeek Hog_office_Byron absolute_peak_reduction,EXACT_RECOVERED,A,8,outputs/phase8/test_decision_metrics.csv,row[50].absolute_peak_reduction,Hog_office_Byron,test,DayWeek,8 DayWeek Hog_office_Byron absolute_peak_reduction,147.04820833333338,kW,,1c4667ce525a0cdada916bd11ee8c27276ec3a816aeae6b12bbd45355fdbb502,NONE,YES,
CLM-2239,Decision-oriented ensemble,8 DayWeek Hog_office_Byron peak_reduction_percentage,EXACT_RECOVERED,A,8,outputs/phase8/test_decision_metrics.csv,row[50].peak_reduction_percentage,Hog_office_Byron,test,DayWeek,8 DayWeek Hog_office_Byron peak_reduction_percentage,11.312897424377178,%,,1c4667ce525a0cdada916bd11ee8c27276ec3a816aeae6b12bbd45355fdbb502,NONE,YES,
CLM-2240,Decision-oriented ensemble,8 DayWeek Hog_office_Byron mean_daily_peak,EXACT_RECOVERED,A,8,outputs/phase8/test_decision_metrics.csv,row[50].mean_daily_peak,Hog_office_Byron,test,DayWeek,8 DayWeek Hog_office_Byron mean_daily_peak,989.5411648648777,kW,,1c4667ce525a0cdada916bd11ee8c27276ec3a816aeae6b12bbd45355fdbb502,NONE,YES,
CLM-2241,Decision-oriented ensemble,8 DayWeek Hog_office_Byron worst_10pct_daily_peak,EXACT_RECOVERED,A,8,outputs/phase8/test_decision_metrics.csv,row[50].worst_10pct_daily_peak,Hog_office_Byron,test,DayWeek,8 DayWeek Hog_office_Byron worst_10pct_daily_peak,1124.8758990100453,%,,1c4667ce525a0cdada916bd11ee8c27276ec3a816aeae6b12bbd45355fdbb502,NONE,YES,
CLM-2242,Decision-oriented ensemble,8 DayWeek Hog_office_Byron mean_regret_vs_oracle,EXACT_RECOVERED,A,8,outputs/phase8/test_decision_metrics.csv,row[50].mean_regret_vs_oracle,Hog_office_Byron,test,DayWeek,8 DayWeek Hog_office_Byron mean_regret_vs_oracle,47.12320403924129,kW,,1c4667ce525a0cdada916bd11ee8c27276ec3a816aeae6b12bbd45355fdbb502,NONE,YES,
CLM-2243,Decision-oriented ensemble,8 DayWeek Hog_office_Byron p90_regret,EXACT_RECOVERED,A,8,outputs/phase8/test_decision_metrics.csv,row[50].p90_regret,Hog_office_Byron,test,DayWeek,8 DayWeek Hog_office_Byron p90_regret,86.6843838348358,kW,,1c4667ce525a0cdada916bd11ee8c27276ec3a816aeae6b12bbd45355fdbb502,NONE,YES,
CLM-2244,Decision-oriented ensemble,8 DayWeek Hog_office_Byron max_regret,EXACT_RECOVERED,A,8,outputs/phase8/test_decision_metrics.csv,row[50].max_regret,Hog_office_Byron,test,DayWeek,8 DayWeek Hog_office_Byron max_regret,115.45693820031192,kW,,1c4667ce525a0cdada916bd11ee8c27276ec3a816aeae6b12bbd45355fdbb502,NONE,YES,
CLM-2245,Decision-oriented ensemble,8 DayWeek Hog_office_Byron oracle_capture_ratio,EXACT_RECOVERED,A,8,outputs/phase8/test_decision_metrics.csv,row[50].oracle_capture_ratio,Hog_office_Byron,test,DayWeek,8 DayWeek Hog_office_Byron oracle_capture_ratio,0.32640984659061184,dimensionless,,1c4667ce525a0cdada916bd11ee8c27276ec3a816aeae6b12bbd45355fdbb502,NONE,YES,
CLM-2246,Decision-oriented ensemble,8 DayWeek Hog_office_Byron battery_throughput,EXACT_RECOVERED,A,8,outputs/phase8/test_decision_metrics.csv,row[50].battery_throughput,Hog_office_Byron,test,DayWeek,8 DayWeek Hog_office_Byron battery_throughput,71523.50832952159,dimensionless,,1c4667ce525a0cdada916bd11ee8c27276ec3a816aeae6b12bbd45355fdbb502,NONE,YES,
CLM-2247,Decision-oriented ensemble,8 DayWeek Hog_office_Byron equivalent_full_cycles,EXACT_RECOVERED,A,8,outputs/phase8/test_decision_metrics.csv,row[50].equivalent_full_cycles,Hog_office_Byron,test,DayWeek,8 DayWeek Hog_office_Byron equivalent_full_cycles,14.814120109922714,dimensionless,,1c4667ce525a0cdada916bd11ee8c27276ec3a816aeae6b12bbd45355fdbb502,NONE,YES,
CLM-2248,Decision-oriented ensemble,8 LightGBM Hog_office_Byron no_battery_peak,EXACT_RECOVERED,A,8,outputs/phase8/test_decision_metrics.csv,row[51].no_battery_peak,Hog_office_Byron,test,LightGBM,8 LightGBM Hog_office_Byron no_battery_peak,1299.828,kW,,1c4667ce525a0cdada916bd11ee8c27276ec3a816aeae6b12bbd45355fdbb502,NONE,YES,
CLM-2249,Decision-oriented ensemble,8 LightGBM Hog_office_Byron post_dispatch_peak,EXACT_RECOVERED,A,8,outputs/phase8/test_decision_metrics.csv,row[51].post_dispatch_peak,Hog_office_Byron,test,LightGBM,8 LightGBM Hog_office_Byron post_dispatch_peak,1121.992193029682,kW,,1c4667ce525a0cdada916bd11ee8c27276ec3a816aeae6b12bbd45355fdbb502,NONE,YES,
CLM-2250,Decision-oriented ensemble,8 LightGBM Hog_office_Byron absolute_peak_reduction,EXACT_RECOVERED,A,8,outputs/phase8/test_decision_metrics.csv,row[51].absolute_peak_reduction,Hog_office_Byron,test,LightGBM,8 LightGBM Hog_office_Byron absolute_peak_reduction,177.8358069703179,kW,,1c4667ce525a0cdada916bd11ee8c27276ec3a816aeae6b12bbd45355fdbb502,NONE,YES,
CLM-2251,Decision-oriented ensemble,8 LightGBM Hog_office_Byron peak_reduction_percentage,EXACT_RECOVERED,A,8,outputs/phase8/test_decision_metrics.csv,row[51].peak_reduction_percentage,Hog_office_Byron,test,LightGBM,8 LightGBM Hog_office_Byron peak_reduction_percentage,13.681487625310265,%,,1c4667ce525a0cdada916bd11ee8c27276ec3a816aeae6b12bbd45355fdbb502,NONE,YES,
CLM-2252,Decision-oriented ensemble,8 LightGBM Hog_office_Byron mean_daily_peak,EXACT_RECOVERED,A,8,outputs/phase8/test_decision_metrics.csv,row[51].mean_daily_peak,Hog_office_Byron,test,LightGBM,8 LightGBM Hog_office_Byron mean_daily_peak,977.9091706882898,kW,,1c4667ce525a0cdada916bd11ee8c27276ec3a816aeae6b12bbd45355fdbb502,NONE,YES,
CLM-2253,Decision-oriented ensemble,8 LightGBM Hog_office_Byron worst_10pct_daily_peak,EXACT_RECOVERED,A,8,outputs/phase8/test_decision_metrics.csv,row[51].worst_10pct_daily_peak,Hog_office_Byron,test,LightGBM,8 LightGBM Hog_office_Byron worst_10pct_daily_peak,1113.479089435042,%,,1c4667ce525a0cdada916bd11ee8c27276ec3a816aeae6b12bbd45355fdbb502,NONE,YES,
CLM-2254,Decision-oriented ensemble,8 LightGBM Hog_office_Byron mean_regret_vs_oracle,EXACT_RECOVERED,A,8,outputs/phase8/test_decision_metrics.csv,row[51].mean_regret_vs_oracle,Hog_office_Byron,test,LightGBM,8 LightGBM Hog_office_Byron mean_regret_vs_oracle,35.49120986265348,kW,,1c4667ce525a0cdada916bd11ee8c27276ec3a816aeae6b12bbd45355fdbb502,NONE,YES,
CLM-2255,Decision-oriented ensemble,8 LightGBM Hog_office_Byron p90_regret,EXACT_RECOVERED,A,8,outputs/phase8/test_decision_metrics.csv,row[51].p90_regret,Hog_office_Byron,test,LightGBM,8 LightGBM Hog_office_Byron p90_regret,56.57478399620435,kW,,1c4667ce525a0cdada916bd11ee8c27276ec3a816aeae6b12bbd45355fdbb502,NONE,YES,
CLM-2256,Decision-oriented ensemble,8 LightGBM Hog_office_Byron max_regret,EXACT_RECOVERED,A,8,outputs/phase8/test_decision_metrics.csv,row[51].max_regret,Hog_office_Byron,test,LightGBM,8 LightGBM Hog_office_Byron max_regret,144.13889713874505,kW,,1c4667ce525a0cdada916bd11ee8c27276ec3a816aeae6b12bbd45355fdbb502,NONE,YES,
CLM-2257,Decision-oriented ensemble,8 LightGBM Hog_office_Byron oracle_capture_ratio,EXACT_RECOVERED,A,8,outputs/phase8/test_decision_metrics.csv,row[51].oracle_capture_ratio,Hog_office_Byron,test,LightGBM,8 LightGBM Hog_office_Byron oracle_capture_ratio,0.5705478242942726,dimensionless,,1c4667ce525a0cdada916bd11ee8c27276ec3a816aeae6b12bbd45355fdbb502,NONE,YES,
CLM-2258,Decision-oriented ensemble,8 LightGBM Hog_office_Byron battery_throughput,EXACT_RECOVERED,A,8,outputs/phase8/test_decision_metrics.csv,row[51].battery_throughput,Hog_office_Byron,test,LightGBM,8 LightGBM Hog_office_Byron battery_throughput,66390.43150262015,dimensionless,,1c4667ce525a0cdada916bd11ee8c27276ec3a816aeae6b12bbd45355fdbb502,NONE,YES,
CLM-2259,Decision-oriented ensemble,8 LightGBM Hog_office_Byron equivalent_full_cycles,EXACT_RECOVERED,A,8,outputs/phase8/test_decision_metrics.csv,row[51].equivalent_full_cycles,Hog_office_Byron,test,LightGBM,8 LightGBM Hog_office_Byron equivalent_full_cycles,13.750944960616017,dimensionless,,1c4667ce525a0cdada916bd11ee8c27276ec3a816aeae6b12bbd45355fdbb502,NONE,YES,
CLM-2260,Decision-oriented ensemble,8 ForecastSelectedPerBuilding Hog_office_Byron no_battery_peak,EXACT_RECOVERED,A,8,outputs/phase8/test_decision_metrics.csv,row[52].no_battery_peak,Hog_office_Byron,test,ForecastSelectedPerBuilding,8 ForecastSelectedPerBuilding Hog_office_Byron no_battery_peak,1299.828,kW,,1c4667ce525a0cdada916bd11ee8c27276ec3a816aeae6b12bbd45355fdbb502,NONE,YES,
CLM-2261,Decision-oriented ensemble,8 ForecastSelectedPerBuilding Hog_office_Byron post_dispatch_peak,EXACT_RECOVERED,A,8,outputs/phase8/test_decision_metrics.csv,row[52].post_dispatch_peak,Hog_office_Byron,test,ForecastSelectedPerBuilding,8 ForecastSelectedPerBuilding Hog_office_Byron post_dispatch_peak,1119.8165448798009,kW,,1c4667ce525a0cdada916bd11ee8c27276ec3a816aeae6b12bbd45355fdbb502,NONE,YES,
CLM-2262,Decision-oriented ensemble,8 ForecastSelectedPerBuilding Hog_office_Byron absolute_peak_reduction,EXACT_RECOVERED,A,8,outputs/phase8/test_decision_metrics.csv,row[52].absolute_peak_reduction,Hog_office_Byron,test,ForecastSelectedPerBuilding,8 ForecastSelectedPerBuilding Hog_office_Byron absolute_peak_reduction,180.01145512019912,kW,,1c4667ce525a0cdada916bd11ee8c27276ec3a816aeae6b12bbd45355fdbb502,NONE,YES,
CLM-2263,Decision-oriented ensemble,8 ForecastSelectedPerBuilding Hog_office_Byron peak_reduction_percentage,EXACT_RECOVERED,A,8,outputs/phase8/test_decision_metrics.csv,row[52].peak_reduction_percentage,Hog_office_Byron,test,ForecastSelectedPerBuilding,8 ForecastSelectedPerBuilding Hog_office_Byron peak_reduction_percentage,13.848867320922391,%,,1c4667ce525a0cdada916bd11ee8c27276ec3a816aeae6b12bbd45355fdbb502,NONE,YES,
CLM-2264,Decision-oriented ensemble,8 ForecastSelectedPerBuilding Hog_office_Byron mean_daily_peak,EXACT_RECOVERED,A,8,outputs/phase8/test_decision_metrics.csv,row[52].mean_daily_peak,Hog_office_Byron,test,ForecastSelectedPerBuilding,8 ForecastSelectedPerBuilding Hog_office_Byron mean_daily_peak,976.2932536203843,kW,,1c4667ce525a0cdada916bd11ee8c27276ec3a816aeae6b12bbd45355fdbb502,NONE,YES,
CLM-2265,Decision-oriented ensemble,8 ForecastSelectedPerBuilding Hog_office_Byron worst_10pct_daily_peak,EXACT_RECOVERED,A,8,outputs/phase8/test_decision_metrics.csv,row[52].worst_10pct_daily_peak,Hog_office_Byron,test,ForecastSelectedPerBuilding,8 ForecastSelectedPerBuilding Hog_office_Byron worst_10pct_daily_peak,1112.0450107201711,%,,1c4667ce525a0cdada916bd11ee8c27276ec3a816aeae6b12bbd45355fdbb502,NONE,YES,
CLM-2266,Decision-oriented ensemble,8 ForecastSelectedPerBuilding Hog_office_Byron mean_regret_vs_oracle,EXACT_RECOVERED,A,8,outputs/phase8/test_decision_metrics.csv,row[52].mean_regret_vs_oracle,Hog_office_Byron,test,ForecastSelectedPerBuilding,8 ForecastSelectedPerBuilding Hog_office_Byron mean_regret_vs_oracle,33.87529279474779,kW,,1c4667ce525a0cdada916bd11ee8c27276ec3a816aeae6b12bbd45355fdbb502,NONE,YES,
CLM-2267,Decision-oriented ensemble,8 ForecastSelectedPerBuilding Hog_office_Byron p90_regret,EXACT_RECOVERED,A,8,outputs/phase8/test_decision_metrics.csv,row[52].p90_regret,Hog_office_Byron,test,ForecastSelectedPerBuilding,8 ForecastSelectedPerBuilding Hog_office_Byron p90_regret,51.22157867010621,kW,,1c4667ce525a0cdada916bd11ee8c27276ec3a816aeae6b12bbd45355fdbb502,NONE,YES,
CLM-2268,Decision-oriented ensemble,8 ForecastSelectedPerBuilding Hog_office_Byron max_regret,EXACT_RECOVERED,A,8,outputs/phase8/test_decision_metrics.csv,row[52].max_regret,Hog_office_Byron,test,ForecastSelectedPerBuilding,8 ForecastSelectedPerBuilding Hog_office_Byron max_regret,135.85844432111003,kW,,1c4667ce525a0cdada916bd11ee8c27276ec3a816aeae6b12bbd45355fdbb502,NONE,YES,
CLM-2269,Decision-oriented ensemble,8 ForecastSelectedPerBuilding Hog_office_Byron oracle_capture_ratio,EXACT_RECOVERED,A,8,outputs/phase8/test_decision_metrics.csv,row[52].oracle_capture_ratio,Hog_office_Byron,test,ForecastSelectedPerBuilding,8 ForecastSelectedPerBuilding Hog_office_Byron oracle_capture_ratio,0.5920977877424126,dimensionless,,1c4667ce525a0cdada916bd11ee8c27276ec3a816aeae6b12bbd45355fdbb502,NONE,YES,
CLM-2270,Decision-oriented ensemble,8 ForecastSelectedPerBuilding Hog_office_Byron battery_throughput,EXACT_RECOVERED,A,8,outputs/phase8/test_decision_metrics.csv,row[52].battery_throughput,Hog_office_Byron,test,ForecastSelectedPerBuilding,8 ForecastSelectedPerBuilding Hog_office_Byron battery_throughput,66760.8263289359,dimensionless,,1c4667ce525a0cdada916bd11ee8c27276ec3a816aeae6b12bbd45355fdbb502,NONE,YES,
CLM-2271,Decision-oriented ensemble,8 ForecastSelectedPerBuilding Hog_office_Byron equivalent_full_cycles,EXACT_RECOVERED,A,8,outputs/phase8/test_decision_metrics.csv,row[52].equivalent_full_cycles,Hog_office_Byron,test,ForecastSelectedPerBuilding,8 ForecastSelectedPerBuilding Hog_office_Byron equivalent_full_cycles,13.827662022925862,dimensionless,,1c4667ce525a0cdada916bd11ee8c27276ec3a816aeae6b12bbd45355fdbb502,NONE,YES,
CLM-2272,Decision-oriented ensemble,8 DecisionSelectedPerBuilding Hog_office_Byron no_battery_peak,EXACT_RECOVERED,A,8,outputs/phase8/test_decision_metrics.csv,row[53].no_battery_peak,Hog_office_Byron,test,DecisionSelectedPerBuilding,8 DecisionSelectedPerBuilding Hog_office_Byron no_battery_peak,1299.828,kW,,1c4667ce525a0cdada916bd11ee8c27276ec3a816aeae6b12bbd45355fdbb502,NONE,YES,
CLM-2273,Decision-oriented ensemble,8 DecisionSelectedPerBuilding Hog_office_Byron post_dispatch_peak,EXACT_RECOVERED,A,8,outputs/phase8/test_decision_metrics.csv,row[53].post_dispatch_peak,Hog_office_Byron,test,DecisionSelectedPerBuilding,8 DecisionSelectedPerBuilding Hog_office_Byron post_dispatch_peak,1117.6408967299199,kW,,1c4667ce525a0cdada916bd11ee8c27276ec3a816aeae6b12bbd45355fdbb502,NONE,YES,
CLM-2274,Decision-oriented ensemble,8 DecisionSelectedPerBuilding Hog_office_Byron absolute_peak_reduction,EXACT_RECOVERED,A,8,outputs/phase8/test_decision_metrics.csv,row[53].absolute_peak_reduction,Hog_office_Byron,test,DecisionSelectedPerBuilding,8 DecisionSelectedPerBuilding Hog_office_Byron absolute_peak_reduction,182.18710327008012,kW,,1c4667ce525a0cdada916bd11ee8c27276ec3a816aeae6b12bbd45355fdbb502,NONE,YES,
CLM-2275,Decision-oriented ensemble,8 DecisionSelectedPerBuilding Hog_office_Byron peak_reduction_percentage,EXACT_RECOVERED,A,8,outputs/phase8/test_decision_metrics.csv,row[53].peak_reduction_percentage,Hog_office_Byron,test,DecisionSelectedPerBuilding,8 DecisionSelectedPerBuilding Hog_office_Byron peak_reduction_percentage,14.016247016534505,%,,1c4667ce525a0cdada916bd11ee8c27276ec3a816aeae6b12bbd45355fdbb502,NONE,YES,
CLM-2276,Decision-oriented ensemble,8 DecisionSelectedPerBuilding Hog_office_Byron mean_daily_peak,EXACT_RECOVERED,A,8,outputs/phase8/test_decision_metrics.csv,row[53].mean_daily_peak,Hog_office_Byron,test,DecisionSelectedPerBuilding,8 DecisionSelectedPerBuilding Hog_office_Byron mean_daily_peak,976.1204420578802,kW,,1c4667ce525a0cdada916bd11ee8c27276ec3a816aeae6b12bbd45355fdbb502,NONE,YES,
CLM-2277,Decision-oriented ensemble,8 DecisionSelectedPerBuilding Hog_office_Byron worst_10pct_daily_peak,EXACT_RECOVERED,A,8,outputs/phase8/test_decision_metrics.csv,row[53].worst_10pct_daily_peak,Hog_office_Byron,test,DecisionSelectedPerBuilding,8 DecisionSelectedPerBuilding Hog_office_Byron worst_10pct_daily_peak,1110.6537650110033,%,,1c4667ce525a0cdada916bd11ee8c27276ec3a816aeae6b12bbd45355fdbb502,NONE,YES,
CLM-2278,Decision-oriented ensemble,8 DecisionSelectedPerBuilding Hog_office_Byron mean_regret_vs_oracle,EXACT_RECOVERED,A,8,outputs/phase8/test_decision_metrics.csv,row[53].mean_regret_vs_oracle,Hog_office_Byron,test,DecisionSelectedPerBuilding,8 DecisionSelectedPerBuilding Hog_office_Byron mean_regret_vs_oracle,33.70248123224396,kW,,1c4667ce525a0cdada916bd11ee8c27276ec3a816aeae6b12bbd45355fdbb502,NONE,YES,
CLM-2279,Decision-oriented ensemble,8 DecisionSelectedPerBuilding Hog_office_Byron p90_regret,EXACT_RECOVERED,A,8,outputs/phase8/test_decision_metrics.csv,row[53].p90_regret,Hog_office_Byron,test,DecisionSelectedPerBuilding,8 DecisionSelectedPerBuilding Hog_office_Byron p90_regret,51.582456572248994,kW,,1c4667ce525a0cdada916bd11ee8c27276ec3a816aeae6b12bbd45355fdbb502,NONE,YES,
CLM-2280,Decision-oriented ensemble,8 DecisionSelectedPerBuilding Hog_office_Byron max_regret,EXACT_RECOVERED,A,8,outputs/phase8/test_decision_metrics.csv,row[53].max_regret,Hog_office_Byron,test,DecisionSelectedPerBuilding,8 DecisionSelectedPerBuilding Hog_office_Byron max_regret,127.82326882652683,kW,,1c4667ce525a0cdada916bd11ee8c27276ec3a816aeae6b12bbd45355fdbb502,NONE,YES,
CLM-2281,Decision-oriented ensemble,8 DecisionSelectedPerBuilding Hog_office_Byron oracle_capture_ratio,EXACT_RECOVERED,A,8,outputs/phase8/test_decision_metrics.csv,row[53].oracle_capture_ratio,Hog_office_Byron,test,DecisionSelectedPerBuilding,8 DecisionSelectedPerBuilding Hog_office_Byron oracle_capture_ratio,0.583732295401235,dimensionless,,1c4667ce525a0cdada916bd11ee8c27276ec3a816aeae6b12bbd45355fdbb502,NONE,YES,
CLM-2282,Decision-oriented ensemble,8 DecisionSelectedPerBuilding Hog_office_Byron battery_throughput,EXACT_RECOVERED,A,8,outputs/phase8/test_decision_metrics.csv,row[53].battery_throughput,Hog_office_Byron,test,DecisionSelectedPerBuilding,8 DecisionSelectedPerBuilding Hog_office_Byron battery_throughput,67202.09146531973,dimensionless,,1c4667ce525a0cdada916bd11ee8c27276ec3a816aeae6b12bbd45355fdbb502,NONE,YES,
CLM-2283,Decision-oriented ensemble,8 DecisionSelectedPerBuilding Hog_office_Byron equivalent_full_cycles,EXACT_RECOVERED,A,8,outputs/phase8/test_decision_metrics.csv,row[53].equivalent_full_cycles,Hog_office_Byron,test,DecisionSelectedPerBuilding,8 DecisionSelectedPerBuilding Hog_office_Byron equivalent_full_cycles,13.919057913359474,dimensionless,,1c4667ce525a0cdada916bd11ee8c27276ec3a816aeae6b12bbd45355fdbb502,NONE,YES,
CLM-2284,Decision-oriented ensemble,8 ForecastSelectedGlobal Hog_office_Byron no_battery_peak,EXACT_RECOVERED,A,8,outputs/phase8/test_decision_metrics.csv,row[54].no_battery_peak,Hog_office_Byron,test,ForecastSelectedGlobal,8 ForecastSelectedGlobal Hog_office_Byron no_battery_peak,1299.828,kW,,1c4667ce525a0cdada916bd11ee8c27276ec3a816aeae6b12bbd45355fdbb502,NONE,YES,
CLM-2285,Decision-oriented ensemble,8 ForecastSelectedGlobal Hog_office_Byron post_dispatch_peak,EXACT_RECOVERED,A,8,outputs/phase8/test_decision_metrics.csv,row[54].post_dispatch_peak,Hog_office_Byron,test,ForecastSelectedGlobal,8 ForecastSelectedGlobal Hog_office_Byron post_dispatch_peak,1111.1139522802764,kW,,1c4667ce525a0cdada916bd11ee8c27276ec3a816aeae6b12bbd45355fdbb502,NONE,YES,
CLM-2286,Decision-oriented ensemble,8 ForecastSelectedGlobal Hog_office_Byron absolute_peak_reduction,EXACT_RECOVERED,A,8,outputs/phase8/test_decision_metrics.csv,row[54].absolute_peak_reduction,Hog_office_Byron,test,ForecastSelectedGlobal,8 ForecastSelectedGlobal Hog_office_Byron absolute_peak_reduction,188.71404771972357,kW,,1c4667ce525a0cdada916bd11ee8c27276ec3a816aeae6b12bbd45355fdbb502,NONE,YES,
CLM-2287,Decision-oriented ensemble,8 ForecastSelectedGlobal Hog_office_Byron peak_reduction_percentage,EXACT_RECOVERED,A,8,outputs/phase8/test_decision_metrics.csv,row[54].peak_reduction_percentage,Hog_office_Byron,test,ForecastSelectedGlobal,8 ForecastSelectedGlobal Hog_office_Byron peak_reduction_percentage,14.518386103370874,%,,1c4667ce525a0cdada916bd11ee8c27276ec3a816aeae6b12bbd45355fdbb502,NONE,YES,
CLM-2288,Decision-oriented ensemble,8 ForecastSelectedGlobal Hog_office_Byron mean_daily_peak,EXACT_RECOVERED,A,8,outputs/phase8/test_decision_metrics.csv,row[54].mean_daily_peak,Hog_office_Byron,test,ForecastSelectedGlobal,8 ForecastSelectedGlobal Hog_office_Byron mean_daily_peak,977.919308359747,kW,,1c4667ce525a0cdada916bd11ee8c27276ec3a816aeae6b12bbd45355fdbb502,NONE,YES,
CLM-2289,Decision-oriented ensemble,8 ForecastSelectedGlobal Hog_office_Byron worst_10pct_daily_peak,EXACT_RECOVERED,A,8,outputs/phase8/test_decision_metrics.csv,row[54].worst_10pct_daily_peak,Hog_office_Byron,test,ForecastSelectedGlobal,8 ForecastSelectedGlobal Hog_office_Byron worst_10pct_daily_peak,1109.5939236652716,%,,1c4667ce525a0cdada916bd11ee8c27276ec3a816aeae6b12bbd45355fdbb502,NONE,YES,
CLM-2290,Decision-oriented ensemble,8 ForecastSelectedGlobal Hog_office_Byron mean_regret_vs_oracle,EXACT_RECOVERED,A,8,outputs/phase8/test_decision_metrics.csv,row[54].mean_regret_vs_oracle,Hog_office_Byron,test,ForecastSelectedGlobal,8 ForecastSelectedGlobal Hog_office_Byron mean_regret_vs_oracle,35.50134753411031,kW,,1c4667ce525a0cdada916bd11ee8c27276ec3a816aeae6b12bbd45355fdbb502,NONE,YES,
CLM-2291,Decision-oriented ensemble,8 ForecastSelectedGlobal Hog_office_Byron p90_regret,EXACT_RECOVERED,A,8,outputs/phase8/test_decision_metrics.csv,row[54].p90_regret,Hog_office_Byron,test,ForecastSelectedGlobal,8 ForecastSelectedGlobal Hog_office_Byron p90_regret,60.82551863604087,kW,,1c4667ce525a0cdada916bd11ee8c27276ec3a816aeae6b12bbd45355fdbb502,NONE,YES,
CLM-2292,Decision-oriented ensemble,8 ForecastSelectedGlobal Hog_office_Byron max_regret,EXACT_RECOVERED,A,8,outputs/phase8/test_decision_metrics.csv,row[54].max_regret,Hog_office_Byron,test,ForecastSelectedGlobal,8 ForecastSelectedGlobal Hog_office_Byron max_regret,103.7177423427778,kW,,1c4667ce525a0cdada916bd11ee8c27276ec3a816aeae6b12bbd45355fdbb502,NONE,YES,
CLM-2293,Decision-oriented ensemble,8 ForecastSelectedGlobal Hog_office_Byron oracle_capture_ratio,EXACT_RECOVERED,A,8,outputs/phase8/test_decision_metrics.csv,row[54].oracle_capture_ratio,Hog_office_Byron,test,ForecastSelectedGlobal,8 ForecastSelectedGlobal Hog_office_Byron oracle_capture_ratio,0.5280305497063766,dimensionless,,1c4667ce525a0cdada916bd11ee8c27276ec3a816aeae6b12bbd45355fdbb502,NONE,YES,
CLM-2294,Decision-oriented ensemble,8 ForecastSelectedGlobal Hog_office_Byron battery_throughput,EXACT_RECOVERED,A,8,outputs/phase8/test_decision_metrics.csv,row[54].battery_throughput,Hog_office_Byron,test,ForecastSelectedGlobal,8 ForecastSelectedGlobal Hog_office_Byron battery_throughput,68814.40267549054,dimensionless,,1c4667ce525a0cdada916bd11ee8c27276ec3a816aeae6b12bbd45355fdbb502,NONE,YES,
CLM-2295,Decision-oriented ensemble,8 ForecastSelectedGlobal Hog_office_Byron equivalent_full_cycles,EXACT_RECOVERED,A,8,outputs/phase8/test_decision_metrics.csv,row[54].equivalent_full_cycles,Hog_office_Byron,test,ForecastSelectedGlobal,8 ForecastSelectedGlobal Hog_office_Byron equivalent_full_cycles,14.253003667418435,dimensionless,,1c4667ce525a0cdada916bd11ee8c27276ec3a816aeae6b12bbd45355fdbb502,NONE,YES,
CLM-2296,Decision-oriented ensemble,8 DecisionSelectedGlobal Hog_office_Byron no_battery_peak,EXACT_RECOVERED,A,8,outputs/phase8/test_decision_metrics.csv,row[55].no_battery_peak,Hog_office_Byron,test,DecisionSelectedGlobal,8 DecisionSelectedGlobal Hog_office_Byron no_battery_peak,1299.828,kW,,1c4667ce525a0cdada916bd11ee8c27276ec3a816aeae6b12bbd45355fdbb502,NONE,YES,
CLM-2297,Decision-oriented ensemble,8 DecisionSelectedGlobal Hog_office_Byron post_dispatch_peak,EXACT_RECOVERED,A,8,outputs/phase8/test_decision_metrics.csv,row[55].post_dispatch_peak,Hog_office_Byron,test,DecisionSelectedGlobal,8 DecisionSelectedGlobal Hog_office_Byron post_dispatch_peak,1117.6408967299199,kW,,1c4667ce525a0cdada916bd11ee8c27276ec3a816aeae6b12bbd45355fdbb502,NONE,YES,
CLM-2298,Decision-oriented ensemble,8 DecisionSelectedGlobal Hog_office_Byron absolute_peak_reduction,EXACT_RECOVERED,A,8,outputs/phase8/test_decision_metrics.csv,row[55].absolute_peak_reduction,Hog_office_Byron,test,DecisionSelectedGlobal,8 DecisionSelectedGlobal Hog_office_Byron absolute_peak_reduction,182.18710327008012,kW,,1c4667ce525a0cdada916bd11ee8c27276ec3a816aeae6b12bbd45355fdbb502,NONE,YES,
CLM-2299,Decision-oriented ensemble,8 DecisionSelectedGlobal Hog_office_Byron peak_reduction_percentage,EXACT_RECOVERED,A,8,outputs/phase8/test_decision_metrics.csv,row[55].peak_reduction_percentage,Hog_office_Byron,test,DecisionSelectedGlobal,8 DecisionSelectedGlobal Hog_office_Byron peak_reduction_percentage,14.016247016534505,%,,1c4667ce525a0cdada916bd11ee8c27276ec3a816aeae6b12bbd45355fdbb502,NONE,YES,
CLM-2300,Decision-oriented ensemble,8 DecisionSelectedGlobal Hog_office_Byron mean_daily_peak,EXACT_RECOVERED,A,8,outputs/phase8/test_decision_metrics.csv,row[55].mean_daily_peak,Hog_office_Byron,test,DecisionSelectedGlobal,8 DecisionSelectedGlobal Hog_office_Byron mean_daily_peak,976.1204420578802,kW,,1c4667ce525a0cdada916bd11ee8c27276ec3a816aeae6b12bbd45355fdbb502,NONE,YES,
CLM-2301,Decision-oriented ensemble,8 DecisionSelectedGlobal Hog_office_Byron worst_10pct_daily_peak,EXACT_RECOVERED,A,8,outputs/phase8/test_decision_metrics.csv,row[55].worst_10pct_daily_peak,Hog_office_Byron,test,DecisionSelectedGlobal,8 DecisionSelectedGlobal Hog_office_Byron worst_10pct_daily_peak,1110.6537650110033,%,,1c4667ce525a0cdada916bd11ee8c27276ec3a816aeae6b12bbd45355fdbb502,NONE,YES,
CLM-2302,Decision-oriented ensemble,8 DecisionSelectedGlobal Hog_office_Byron mean_regret_vs_oracle,EXACT_RECOVERED,A,8,outputs/phase8/test_decision_metrics.csv,row[55].mean_regret_vs_oracle,Hog_office_Byron,test,DecisionSelectedGlobal,8 DecisionSelectedGlobal Hog_office_Byron mean_regret_vs_oracle,33.70248123224396,kW,,1c4667ce525a0cdada916bd11ee8c27276ec3a816aeae6b12bbd45355fdbb502,NONE,YES,
CLM-2303,Decision-oriented ensemble,8 DecisionSelectedGlobal Hog_office_Byron p90_regret,EXACT_RECOVERED,A,8,outputs/phase8/test_decision_metrics.csv,row[55].p90_regret,Hog_office_Byron,test,DecisionSelectedGlobal,8 DecisionSelectedGlobal Hog_office_Byron p90_regret,51.582456572248994,kW,,1c4667ce525a0cdada916bd11ee8c27276ec3a816aeae6b12bbd45355fdbb502,NONE,YES,
CLM-2304,Decision-oriented ensemble,8 DecisionSelectedGlobal Hog_office_Byron max_regret,EXACT_RECOVERED,A,8,outputs/phase8/test_decision_metrics.csv,row[55].max_regret,Hog_office_Byron,test,DecisionSelectedGlobal,8 DecisionSelectedGlobal Hog_office_Byron max_regret,127.82326882652683,kW,,1c4667ce525a0cdada916bd11ee8c27276ec3a816aeae6b12bbd45355fdbb502,NONE,YES,
CLM-2305,Decision-oriented ensemble,8 DecisionSelectedGlobal Hog_office_Byron oracle_capture_ratio,EXACT_RECOVERED,A,8,outputs/phase8/test_decision_metrics.csv,row[55].oracle_capture_ratio,Hog_office_Byron,test,DecisionSelectedGlobal,8 DecisionSelectedGlobal Hog_office_Byron oracle_capture_ratio,0.583732295401235,dimensionless,,1c4667ce525a0cdada916bd11ee8c27276ec3a816aeae6b12bbd45355fdbb502,NONE,YES,
CLM-2306,Decision-oriented ensemble,8 DecisionSelectedGlobal Hog_office_Byron battery_throughput,EXACT_RECOVERED,A,8,outputs/phase8/test_decision_metrics.csv,row[55].battery_throughput,Hog_office_Byron,test,DecisionSelectedGlobal,8 DecisionSelectedGlobal Hog_office_Byron battery_throughput,67202.09146531973,dimensionless,,1c4667ce525a0cdada916bd11ee8c27276ec3a816aeae6b12bbd45355fdbb502,NONE,YES,
CLM-2307,Decision-oriented ensemble,8 DecisionSelectedGlobal Hog_office_Byron equivalent_full_cycles,EXACT_RECOVERED,A,8,outputs/phase8/test_decision_metrics.csv,row[55].equivalent_full_cycles,Hog_office_Byron,test,DecisionSelectedGlobal,8 DecisionSelectedGlobal Hog_office_Byron equivalent_full_cycles,13.919057913359474,dimensionless,,1c4667ce525a0cdada916bd11ee8c27276ec3a816aeae6b12bbd45355fdbb502,NONE,YES,
CLM-2308,Decision-oriented ensemble,8 DayWeek 8-building aggregate building_count,EXACT_RECOVERED,A,8,outputs/phase8/global_test_summary.csv,row[0].building_count,8-building aggregate,test,DayWeek,8 DayWeek 8-building aggregate building_count,8,dimensionless,,42d8930a4c3799951bdffeb8d8bb525dbcd462962cf88f37e71caae3eeab919a,NONE,YES,
CLM-2309,Decision-oriented ensemble,8 DayWeek 8-building aggregate mean_normalized_MAE,EXACT_RECOVERED,A,8,outputs/phase8/global_test_summary.csv,row[0].mean_normalized_MAE,8-building aggregate,test,DayWeek,8 DayWeek 8-building aggregate mean_normalized_MAE,0.18347751457949066,dimensionless,,42d8930a4c3799951bdffeb8d8bb525dbcd462962cf88f37e71caae3eeab919a,NONE,YES,
CLM-2310,Decision-oriented ensemble,8 DayWeek 8-building aggregate median_normalized_MAE,EXACT_RECOVERED,A,8,outputs/phase8/global_test_summary.csv,row[0].median_normalized_MAE,8-building aggregate,test,DayWeek,8 DayWeek 8-building aggregate median_normalized_MAE,0.0934492738014127,dimensionless,,42d8930a4c3799951bdffeb8d8bb525dbcd462962cf88f37e71caae3eeab919a,NONE,YES,
CLM-2311,Decision-oriented ensemble,8 DayWeek 8-building aggregate mean_normalized_RMSE,EXACT_RECOVERED,A,8,outputs/phase8/global_test_summary.csv,row[0].mean_normalized_RMSE,8-building aggregate,test,DayWeek,8 DayWeek 8-building aggregate mean_normalized_RMSE,0.2966208944834146,dimensionless,,42d8930a4c3799951bdffeb8d8bb525dbcd462962cf88f37e71caae3eeab919a,NONE,YES,
CLM-2312,Decision-oriented ensemble,8 DayWeek 8-building aggregate mean_normalized_peak_quartile_MAE,EXACT_RECOVERED,A,8,outputs/phase8/global_test_summary.csv,row[0].mean_normalized_peak_quartile_MAE,8-building aggregate,test,DayWeek,8 DayWeek 8-building aggregate mean_normalized_peak_quartile_MAE,0.2636585700909476,dimensionless,,42d8930a4c3799951bdffeb8d8bb525dbcd462962cf88f37e71caae3eeab919a,NONE,YES,
CLM-2313,Decision-oriented ensemble,8 DayWeek 8-building aggregate mean_bias_kw,EXACT_RECOVERED,A,8,outputs/phase8/global_test_summary.csv,row[0].mean_bias_kw,8-building aggregate,test,DayWeek,8 DayWeek 8-building aggregate mean_bias_kw,-2.87829111111111,dimensionless,,42d8930a4c3799951bdffeb8d8bb525dbcd462962cf88f37e71caae3eeab919a,NONE,YES,
CLM-2314,Decision-oriented ensemble,8 DayWeek 8-building aggregate mean_daily_peak_hour_MAE,EXACT_RECOVERED,A,8,outputs/phase8/global_test_summary.csv,row[0].mean_daily_peak_hour_MAE,8-building aggregate,test,DayWeek,8 DayWeek 8-building aggregate mean_daily_peak_hour_MAE,3.4458333333333333,kW,,42d8930a4c3799951bdffeb8d8bb525dbcd462962cf88f37e71caae3eeab919a,NONE,YES,
CLM-2315,Decision-oriented ensemble,8 DayWeek 8-building aggregate mean_daily_peak_hour_exact_rate,EXACT_RECOVERED,A,8,outputs/phase8/global_test_summary.csv,row[0].mean_daily_peak_hour_exact_rate,8-building aggregate,test,DayWeek,8 DayWeek 8-building aggregate mean_daily_peak_hour_exact_rate,0.21666666666666665,kW,,42d8930a4c3799951bdffeb8d8bb525dbcd462962cf88f37e71caae3eeab919a,NONE,YES,
CLM-2316,Decision-oriented ensemble,8 DayWeek 8-building aggregate mean_daily_top3_overlap,EXACT_RECOVERED,A,8,outputs/phase8/global_test_summary.csv,row[0].mean_daily_top3_overlap,8-building aggregate,test,DayWeek,8 DayWeek 8-building aggregate mean_daily_top3_overlap,0.4736111111111111,dimensionless,,42d8930a4c3799951bdffeb8d8bb525dbcd462962cf88f37e71caae3eeab919a,NONE,YES,
CLM-2317,Decision-oriented ensemble,8 DayWeek 8-building aggregate mean_daily_realized_peak_kw,EXACT_RECOVERED,A,8,outputs/phase8/global_test_summary.csv,row[0].mean_daily_realized_peak_kw,8-building aggregate,test,DayWeek,8 DayWeek 8-building aggregate mean_daily_realized_peak_kw,367.059796904683,kW,,42d8930a4c3799951bdffeb8d8bb525dbcd462962cf88f37e71caae3eeab919a,NONE,YES,
CLM-2318,Decision-oriented ensemble,8 DayWeek 8-building aggregate mean_normalized_daily_realized_peak,EXACT_RECOVERED,A,8,outputs/phase8/global_test_summary.csv,row[0].mean_normalized_daily_realized_peak,8-building aggregate,test,DayWeek,8 DayWeek 8-building aggregate mean_normalized_daily_realized_peak,1.6730344485895712,dimensionless,,42d8930a4c3799951bdffeb8d8bb525dbcd462962cf88f37e71caae3eeab919a,NONE,YES,
CLM-2319,Decision-oriented ensemble,8 DayWeek 8-building aggregate mean_worst_10pct_daily_peak_kw,EXACT_RECOVERED,A,8,outputs/phase8/global_test_summary.csv,row[0].mean_worst_10pct_daily_peak_kw,8-building aggregate,test,DayWeek,8 DayWeek 8-building aggregate mean_worst_10pct_daily_peak_kw,420.54981405672277,%,,42d8930a4c3799951bdffeb8d8bb525dbcd462962cf88f37e71caae3eeab919a,NONE,YES,
CLM-2320,Decision-oriented ensemble,8 DayWeek 8-building aggregate mean_normalized_worst_10pct_daily_peak,EXACT_RECOVERED,A,8,outputs/phase8/global_test_summary.csv,row[0].mean_normalized_worst_10pct_daily_peak,8-building aggregate,test,DayWeek,8 DayWeek 8-building aggregate mean_normalized_worst_10pct_daily_peak,2.5089689009335805,%,,42d8930a4c3799951bdffeb8d8bb525dbcd462962cf88f37e71caae3eeab919a,NONE,YES,
CLM-2321,Decision-oriented ensemble,8 DayWeek 8-building aggregate mean_regret_vs_oracle_kw,EXACT_RECOVERED,A,8,outputs/phase8/global_test_summary.csv,row[0].mean_regret_vs_oracle_kw,8-building aggregate,test,DayWeek,8 DayWeek 8-building aggregate mean_regret_vs_oracle_kw,20.22017165232472,kW,,42d8930a4c3799951bdffeb8d8bb525dbcd462962cf88f37e71caae3eeab919a,NONE,YES,
CLM-2322,Decision-oriented ensemble,8 DayWeek 8-building aggregate mean_normalized_regret,EXACT_RECOVERED,A,8,outputs/phase8/global_test_summary.csv,row[0].mean_normalized_regret,8-building aggregate,test,DayWeek,8 DayWeek 8-building aggregate mean_normalized_regret,0.14301866949576675,dimensionless,,42d8930a4c3799951bdffeb8d8bb525dbcd462962cf88f37e71caae3eeab919a,NONE,YES,
CLM-2323,Decision-oriented ensemble,8 DayWeek 8-building aggregate mean_p90_regret_kw,EXACT_RECOVERED,A,8,outputs/phase8/global_test_summary.csv,row[0].mean_p90_regret_kw,8-building aggregate,test,DayWeek,8 DayWeek 8-building aggregate mean_p90_regret_kw,38.73759278194396,kW,,42d8930a4c3799951bdffeb8d8bb525dbcd462962cf88f37e71caae3eeab919a,NONE,YES,
CLM-2324,Decision-oriented ensemble,8 DayWeek 8-building aggregate mean_normalized_p90_regret,EXACT_RECOVERED,A,8,outputs/phase8/global_test_summary.csv,row[0].mean_normalized_p90_regret,8-building aggregate,test,DayWeek,8 DayWeek 8-building aggregate mean_normalized_p90_regret,0.28065137259597045,dimensionless,,42d8930a4c3799951bdffeb8d8bb525dbcd462962cf88f37e71caae3eeab919a,NONE,YES,
CLM-2325,Decision-oriented ensemble,8 DayWeek 8-building aggregate mean_max_regret_kw,EXACT_RECOVERED,A,8,outputs/phase8/global_test_summary.csv,row[0].mean_max_regret_kw,8-building aggregate,test,DayWeek,8 DayWeek 8-building aggregate mean_max_regret_kw,49.12443812859445,kW,,42d8930a4c3799951bdffeb8d8bb525dbcd462962cf88f37e71caae3eeab919a,NONE,YES,
CLM-2326,Decision-oriented ensemble,8 DayWeek 8-building aggregate mean_oracle_capture_ratio,EXACT_RECOVERED,A,8,outputs/phase8/global_test_summary.csv,row[0].mean_oracle_capture_ratio,8-building aggregate,test,DayWeek,8 DayWeek 8-building aggregate mean_oracle_capture_ratio,-0.44679779437730915,dimensionless,,42d8930a4c3799951bdffeb8d8bb525dbcd462962cf88f37e71caae3eeab919a,NONE,YES,
CLM-2327,Decision-oriented ensemble,8 DayWeek 8-building aggregate mean_equivalent_full_cycles,EXACT_RECOVERED,A,8,outputs/phase8/global_test_summary.csv,row[0].mean_equivalent_full_cycles,8-building aggregate,test,DayWeek,8 DayWeek 8-building aggregate mean_equivalent_full_cycles,12.053789327246275,dimensionless,,42d8930a4c3799951bdffeb8d8bb525dbcd462962cf88f37e71caae3eeab919a,NONE,YES,
CLM-2328,Decision-oriented ensemble,8 LightGBM 8-building aggregate building_count,EXACT_RECOVERED,A,8,outputs/phase8/global_test_summary.csv,row[1].building_count,8-building aggregate,test,LightGBM,8 LightGBM 8-building aggregate building_count,8,dimensionless,,42d8930a4c3799951bdffeb8d8bb525dbcd462962cf88f37e71caae3eeab919a,NONE,YES,
CLM-2329,Decision-oriented ensemble,8 LightGBM 8-building aggregate mean_normalized_MAE,EXACT_RECOVERED,A,8,outputs/phase8/global_test_summary.csv,row[1].mean_normalized_MAE,8-building aggregate,test,LightGBM,8 LightGBM 8-building aggregate mean_normalized_MAE,0.14733802767768817,dimensionless,,42d8930a4c3799951bdffeb8d8bb525dbcd462962cf88f37e71caae3eeab919a,NONE,YES,
CLM-2330,Decision-oriented ensemble,8 LightGBM 8-building aggregate median_normalized_MAE,EXACT_RECOVERED,A,8,outputs/phase8/global_test_summary.csv,row[1].median_normalized_MAE,8-building aggregate,test,LightGBM,8 LightGBM 8-building aggregate median_normalized_MAE,0.0849925613653012,dimensionless,,42d8930a4c3799951bdffeb8d8bb525dbcd462962cf88f37e71caae3eeab919a,NONE,YES,
CLM-2331,Decision-oriented ensemble,8 LightGBM 8-building aggregate mean_normalized_RMSE,EXACT_RECOVERED,A,8,outputs/phase8/global_test_summary.csv,row[1].mean_normalized_RMSE,8-building aggregate,test,LightGBM,8 LightGBM 8-building aggregate mean_normalized_RMSE,0.2169419587841403,dimensionless,,42d8930a4c3799951bdffeb8d8bb525dbcd462962cf88f37e71caae3eeab919a,NONE,YES,
CLM-2332,Decision-oriented ensemble,8 LightGBM 8-building aggregate mean_normalized_peak_quartile_MAE,EXACT_RECOVERED,A,8,outputs/phase8/global_test_summary.csv,row[1].mean_normalized_peak_quartile_MAE,8-building aggregate,test,LightGBM,8 LightGBM 8-building aggregate mean_normalized_peak_quartile_MAE,0.217359814952041,dimensionless,,42d8930a4c3799951bdffeb8d8bb525dbcd462962cf88f37e71caae3eeab919a,NONE,YES,
CLM-2333,Decision-oriented ensemble,8 LightGBM 8-building aggregate mean_bias_kw,EXACT_RECOVERED,A,8,outputs/phase8/global_test_summary.csv,row[1].mean_bias_kw,8-building aggregate,test,LightGBM,8 LightGBM 8-building aggregate mean_bias_kw,-4.6065725750816675,dimensionless,,42d8930a4c3799951bdffeb8d8bb525dbcd462962cf88f37e71caae3eeab919a,NONE,YES,
CLM-2334,Decision-oriented ensemble,8 LightGBM 8-building aggregate mean_daily_peak_hour_MAE,EXACT_RECOVERED,A,8,outputs/phase8/global_test_summary.csv,row[1].mean_daily_peak_hour_MAE,8-building aggregate,test,LightGBM,8 LightGBM 8-building aggregate mean_daily_peak_hour_MAE,3.9124999999999996,kW,,42d8930a4c3799951bdffeb8d8bb525dbcd462962cf88f37e71caae3eeab919a,NONE,YES,
CLM-2335,Decision-oriented ensemble,8 LightGBM 8-building aggregate mean_daily_peak_hour_exact_rate,EXACT_RECOVERED,A,8,outputs/phase8/global_test_summary.csv,row[1].mean_daily_peak_hour_exact_rate,8-building aggregate,test,LightGBM,8 LightGBM 8-building aggregate mean_daily_peak_hour_exact_rate,0.2083333333333333,kW,,42d8930a4c3799951bdffeb8d8bb525dbcd462962cf88f37e71caae3eeab919a,NONE,YES,
CLM-2336,Decision-oriented ensemble,8 LightGBM 8-building aggregate mean_daily_top3_overlap,EXACT_RECOVERED,A,8,outputs/phase8/global_test_summary.csv,row[1].mean_daily_top3_overlap,8-building aggregate,test,LightGBM,8 LightGBM 8-building aggregate mean_daily_top3_overlap,0.42361111111111105,dimensionless,,42d8930a4c3799951bdffeb8d8bb525dbcd462962cf88f37e71caae3eeab919a,NONE,YES,
CLM-2337,Decision-oriented ensemble,8 LightGBM 8-building aggregate mean_daily_realized_peak_kw,EXACT_RECOVERED,A,8,outputs/phase8/global_test_summary.csv,row[1].mean_daily_realized_peak_kw,8-building aggregate,test,LightGBM,8 LightGBM 8-building aggregate mean_daily_realized_peak_kw,365.6400934491203,kW,,42d8930a4c3799951bdffeb8d8bb525dbcd462962cf88f37e71caae3eeab919a,NONE,YES,
CLM-2338,Decision-oriented ensemble,8 LightGBM 8-building aggregate mean_normalized_daily_realized_peak,EXACT_RECOVERED,A,8,outputs/phase8/global_test_summary.csv,row[1].mean_normalized_daily_realized_peak,8-building aggregate,test,LightGBM,8 LightGBM 8-building aggregate mean_normalized_daily_realized_peak,1.6461425631876394,dimensionless,,42d8930a4c3799951bdffeb8d8bb525dbcd462962cf88f37e71caae3eeab919a,NONE,YES,
CLM-2339,Decision-oriented ensemble,8 LightGBM 8-building aggregate mean_worst_10pct_daily_peak_kw,EXACT_RECOVERED,A,8,outputs/phase8/global_test_summary.csv,row[1].mean_worst_10pct_daily_peak_kw,8-building aggregate,test,LightGBM,8 LightGBM 8-building aggregate mean_worst_10pct_daily_peak_kw,419.0067341861692,%,,42d8930a4c3799951bdffeb8d8bb525dbcd462962cf88f37e71caae3eeab919a,NONE,YES,
CLM-2340,Decision-oriented ensemble,8 LightGBM 8-building aggregate mean_normalized_worst_10pct_daily_peak,EXACT_RECOVERED,A,8,outputs/phase8/global_test_summary.csv,row[1].mean_normalized_worst_10pct_daily_peak,8-building aggregate,test,LightGBM,8 LightGBM 8-building aggregate mean_normalized_worst_10pct_daily_peak,2.496389694008054,%,,42d8930a4c3799951bdffeb8d8bb525dbcd462962cf88f37e71caae3eeab919a,NONE,YES,
CLM-2341,Decision-oriented ensemble,8 LightGBM 8-building aggregate mean_regret_vs_oracle_kw,EXACT_RECOVERED,A,8,outputs/phase8/global_test_summary.csv,row[1].mean_regret_vs_oracle_kw,8-building aggregate,test,LightGBM,8 LightGBM 8-building aggregate mean_regret_vs_oracle_kw,18.80046819676206,kW,,42d8930a4c3799951bdffeb8d8bb525dbcd462962cf88f37e71caae3eeab919a,NONE,YES,
CLM-2342,Decision-oriented ensemble,8 LightGBM 8-building aggregate mean_normalized_regret,EXACT_RECOVERED,A,8,outputs/phase8/global_test_summary.csv,row[1].mean_normalized_regret,8-building aggregate,test,LightGBM,8 LightGBM 8-building aggregate mean_normalized_regret,0.11612678409383506,dimensionless,,42d8930a4c3799951bdffeb8d8bb525dbcd462962cf88f37e71caae3eeab919a,NONE,YES,
CLM-2343,Decision-oriented ensemble,8 LightGBM 8-building aggregate mean_p90_regret_kw,EXACT_RECOVERED,A,8,outputs/phase8/global_test_summary.csv,row[1].mean_p90_regret_kw,8-building aggregate,test,LightGBM,8 LightGBM 8-building aggregate mean_p90_regret_kw,33.151035063198535,kW,,42d8930a4c3799951bdffeb8d8bb525dbcd462962cf88f37e71caae3eeab919a,NONE,YES,
CLM-2344,Decision-oriented ensemble,8 LightGBM 8-building aggregate mean_normalized_p90_regret,EXACT_RECOVERED,A,8,outputs/phase8/global_test_summary.csv,row[1].mean_normalized_p90_regret,8-building aggregate,test,LightGBM,8 LightGBM 8-building aggregate mean_normalized_p90_regret,0.2033223995277137,dimensionless,,42d8930a4c3799951bdffeb8d8bb525dbcd462962cf88f37e71caae3eeab919a,NONE,YES,
CLM-2345,Decision-oriented ensemble,8 LightGBM 8-building aggregate mean_max_regret_kw,EXACT_RECOVERED,A,8,outputs/phase8/global_test_summary.csv,row[1].mean_max_regret_kw,8-building aggregate,test,LightGBM,8 LightGBM 8-building aggregate mean_max_regret_kw,51.921903905889955,kW,,42d8930a4c3799951bdffeb8d8bb525dbcd462962cf88f37e71caae3eeab919a,NONE,YES,
CLM-2346,Decision-oriented ensemble,8 LightGBM 8-building aggregate mean_oracle_capture_ratio,EXACT_RECOVERED,A,8,outputs/phase8/global_test_summary.csv,row[1].mean_oracle_capture_ratio,8-building aggregate,test,LightGBM,8 LightGBM 8-building aggregate mean_oracle_capture_ratio,-0.16482723366701488,dimensionless,,42d8930a4c3799951bdffeb8d8bb525dbcd462962cf88f37e71caae3eeab919a,NONE,YES,
CLM-2347,Decision-oriented ensemble,8 LightGBM 8-building aggregate mean_equivalent_full_cycles,EXACT_RECOVERED,A,8,outputs/phase8/global_test_summary.csv,row[1].mean_equivalent_full_cycles,8-building aggregate,test,LightGBM,8 LightGBM 8-building aggregate mean_equivalent_full_cycles,11.311740231433944,dimensionless,,42d8930a4c3799951bdffeb8d8bb525dbcd462962cf88f37e71caae3eeab919a,NONE,YES,
CLM-2348,Decision-oriented ensemble,8 ForecastSelectedPerBuilding 8-building aggregate building_count,EXACT_RECOVERED,A,8,outputs/phase8/global_test_summary.csv,row[2].building_count,8-building aggregate,test,ForecastSelectedPerBuilding,8 ForecastSelectedPerBuilding 8-building aggregate building_count,8,dimensionless,,42d8930a4c3799951bdffeb8d8bb525dbcd462962cf88f37e71caae3eeab919a,NONE,YES,
CLM-2349,Decision-oriented ensemble,8 ForecastSelectedPerBuilding 8-building aggregate mean_normalized_MAE,EXACT_RECOVERED,A,8,outputs/phase8/global_test_summary.csv,row[2].mean_normalized_MAE,8-building aggregate,test,ForecastSelectedPerBuilding,8 ForecastSelectedPerBuilding 8-building aggregate mean_normalized_MAE,0.16829722538872455,dimensionless,,42d8930a4c3799951bdffeb8d8bb525dbcd462962cf88f37e71caae3eeab919a,NONE,YES,
CLM-2350,Decision-oriented ensemble,8 ForecastSelectedPerBuilding 8-building aggregate median_normalized_MAE,EXACT_RECOVERED,A,8,outputs/phase8/global_test_summary.csv,row[2].median_normalized_MAE,8-building aggregate,test,ForecastSelectedPerBuilding,8 ForecastSelectedPerBuilding 8-building aggregate median_normalized_MAE,0.08061226049307145,dimensionless,,42d8930a4c3799951bdffeb8d8bb525dbcd462962cf88f37e71caae3eeab919a,NONE,YES,
CLM-2351,Decision-oriented ensemble,8 ForecastSelectedPerBuilding 8-building aggregate mean_normalized_RMSE,EXACT_RECOVERED,A,8,outputs/phase8/global_test_summary.csv,row[2].mean_normalized_RMSE,8-building aggregate,test,ForecastSelectedPerBuilding,8 ForecastSelectedPerBuilding 8-building aggregate mean_normalized_RMSE,0.26946885209548077,dimensionless,,42d8930a4c3799951bdffeb8d8bb525dbcd462962cf88f37e71caae3eeab919a,NONE,YES,
CLM-2352,Decision-oriented ensemble,8 ForecastSelectedPerBuilding 8-building aggregate mean_normalized_peak_quartile_MAE,EXACT_RECOVERED,A,8,outputs/phase8/global_test_summary.csv,row[2].mean_normalized_peak_quartile_MAE,8-building aggregate,test,ForecastSelectedPerBuilding,8 ForecastSelectedPerBuilding 8-building aggregate mean_normalized_peak_quartile_MAE,0.24539618249420186,dimensionless,,42d8930a4c3799951bdffeb8d8bb525dbcd462962cf88f37e71caae3eeab919a,NONE,YES,
CLM-2353,Decision-oriented ensemble,8 ForecastSelectedPerBuilding 8-building aggregate mean_bias_kw,EXACT_RECOVERED,A,8,outputs/phase8/global_test_summary.csv,row[2].mean_bias_kw,8-building aggregate,test,ForecastSelectedPerBuilding,8 ForecastSelectedPerBuilding 8-building aggregate mean_bias_kw,-4.87860116382402,dimensionless,,42d8930a4c3799951bdffeb8d8bb525dbcd462962cf88f37e71caae3eeab919a,NONE,YES,
CLM-2354,Decision-oriented ensemble,8 ForecastSelectedPerBuilding 8-building aggregate mean_daily_peak_hour_MAE,EXACT_RECOVERED,A,8,outputs/phase8/global_test_summary.csv,row[2].mean_daily_peak_hour_MAE,8-building aggregate,test,ForecastSelectedPerBuilding,8 ForecastSelectedPerBuilding 8-building aggregate mean_daily_peak_hour_MAE,3.6833333333333336,kW,,42d8930a4c3799951bdffeb8d8bb525dbcd462962cf88f37e71caae3eeab919a,NONE,YES,
CLM-2355,Decision-oriented ensemble,8 ForecastSelectedPerBuilding 8-building aggregate mean_daily_peak_hour_exact_rate,EXACT_RECOVERED,A,8,outputs/phase8/global_test_summary.csv,row[2].mean_daily_peak_hour_exact_rate,8-building aggregate,test,ForecastSelectedPerBuilding,8 ForecastSelectedPerBuilding 8-building aggregate mean_daily_peak_hour_exact_rate,0.21249999999999997,kW,,42d8930a4c3799951bdffeb8d8bb525dbcd462962cf88f37e71caae3eeab919a,NONE,YES,
CLM-2356,Decision-oriented ensemble,8 ForecastSelectedPerBuilding 8-building aggregate mean_daily_top3_overlap,EXACT_RECOVERED,A,8,outputs/phase8/global_test_summary.csv,row[2].mean_daily_top3_overlap,8-building aggregate,test,ForecastSelectedPerBuilding,8 ForecastSelectedPerBuilding 8-building aggregate mean_daily_top3_overlap,0.4597222222222222,dimensionless,,42d8930a4c3799951bdffeb8d8bb525dbcd462962cf88f37e71caae3eeab919a,NONE,YES,
CLM-2357,Decision-oriented ensemble,8 ForecastSelectedPerBuilding 8-building aggregate mean_daily_realized_peak_kw,EXACT_RECOVERED,A,8,outputs/phase8/global_test_summary.csv,row[2].mean_daily_realized_peak_kw,8-building aggregate,test,ForecastSelectedPerBuilding,8 ForecastSelectedPerBuilding 8-building aggregate mean_daily_realized_peak_kw,364.4905762473988,kW,,42d8930a4c3799951bdffeb8d8bb525dbcd462962cf88f37e71caae3eeab919a,NONE,YES,
CLM-2358,Decision-oriented ensemble,8 ForecastSelectedPerBuilding 8-building aggregate mean_normalized_daily_realized_peak,EXACT_RECOVERED,A,8,outputs/phase8/global_test_summary.csv,row[2].mean_normalized_daily_realized_peak,8-building aggregate,test,ForecastSelectedPerBuilding,8 ForecastSelectedPerBuilding 8-building aggregate mean_normalized_daily_realized_peak,1.6579028595617724,dimensionless,,42d8930a4c3799951bdffeb8d8bb525dbcd462962cf88f37e71caae3eeab919a,NONE,YES,
CLM-2359,Decision-oriented ensemble,8 ForecastSelectedPerBuilding 8-building aggregate mean_worst_10pct_daily_peak_kw,EXACT_RECOVERED,A,8,outputs/phase8/global_test_summary.csv,row[2].mean_worst_10pct_daily_peak_kw,8-building aggregate,test,ForecastSelectedPerBuilding,8 ForecastSelectedPerBuilding 8-building aggregate mean_worst_10pct_daily_peak_kw,417.73942660268244,%,,42d8930a4c3799951bdffeb8d8bb525dbcd462962cf88f37e71caae3eeab919a,NONE,YES,
CLM-2360,Decision-oriented ensemble,8 ForecastSelectedPerBuilding 8-building aggregate mean_normalized_worst_10pct_daily_peak,EXACT_RECOVERED,A,8,outputs/phase8/global_test_summary.csv,row[2].mean_normalized_worst_10pct_daily_peak,8-building aggregate,test,ForecastSelectedPerBuilding,8 ForecastSelectedPerBuilding 8-building aggregate mean_normalized_worst_10pct_daily_peak,2.4849083183832548,%,,42d8930a4c3799951bdffeb8d8bb525dbcd462962cf88f37e71caae3eeab919a,NONE,YES,
CLM-2361,Decision-oriented ensemble,8 ForecastSelectedPerBuilding 8-building aggregate mean_regret_vs_oracle_kw,EXACT_RECOVERED,A,8,outputs/phase8/global_test_summary.csv,row[2].mean_regret_vs_oracle_kw,8-building aggregate,test,ForecastSelectedPerBuilding,8 ForecastSelectedPerBuilding 8-building aggregate mean_regret_vs_oracle_kw,17.650950995040475,kW,,42d8930a4c3799951bdffeb8d8bb525dbcd462962cf88f37e71caae3eeab919a,NONE,YES,
CLM-2362,Decision-oriented ensemble,8 ForecastSelectedPerBuilding 8-building aggregate mean_normalized_regret,EXACT_RECOVERED,A,8,outputs/phase8/global_test_summary.csv,row[2].mean_normalized_regret,8-building aggregate,test,ForecastSelectedPerBuilding,8 ForecastSelectedPerBuilding 8-building aggregate mean_normalized_regret,0.1278870804679682,dimensionless,,42d8930a4c3799951bdffeb8d8bb525dbcd462962cf88f37e71caae3eeab919a,NONE,YES,
CLM-2363,Decision-oriented ensemble,8 ForecastSelectedPerBuilding 8-building aggregate mean_p90_regret_kw,EXACT_RECOVERED,A,8,outputs/phase8/global_test_summary.csv,row[2].mean_p90_regret_kw,8-building aggregate,test,ForecastSelectedPerBuilding,8 ForecastSelectedPerBuilding 8-building aggregate mean_p90_regret_kw,30.760116950846783,kW,,42d8930a4c3799951bdffeb8d8bb525dbcd462962cf88f37e71caae3eeab919a,NONE,YES,
CLM-2364,Decision-oriented ensemble,8 ForecastSelectedPerBuilding 8-building aggregate mean_normalized_p90_regret,EXACT_RECOVERED,A,8,outputs/phase8/global_test_summary.csv,row[2].mean_normalized_p90_regret,8-building aggregate,test,ForecastSelectedPerBuilding,8 ForecastSelectedPerBuilding 8-building aggregate mean_normalized_p90_regret,0.24366726790473833,dimensionless,,42d8930a4c3799951bdffeb8d8bb525dbcd462962cf88f37e71caae3eeab919a,NONE,YES,
CLM-2365,Decision-oriented ensemble,8 ForecastSelectedPerBuilding 8-building aggregate mean_max_regret_kw,EXACT_RECOVERED,A,8,outputs/phase8/global_test_summary.csv,row[2].mean_max_regret_kw,8-building aggregate,test,ForecastSelectedPerBuilding,8 ForecastSelectedPerBuilding 8-building aggregate mean_max_regret_kw,50.87350389173507,kW,,42d8930a4c3799951bdffeb8d8bb525dbcd462962cf88f37e71caae3eeab919a,NONE,YES,
CLM-2366,Decision-oriented ensemble,8 ForecastSelectedPerBuilding 8-building aggregate mean_oracle_capture_ratio,EXACT_RECOVERED,A,8,outputs/phase8/global_test_summary.csv,row[2].mean_oracle_capture_ratio,8-building aggregate,test,ForecastSelectedPerBuilding,8 ForecastSelectedPerBuilding 8-building aggregate mean_oracle_capture_ratio,-0.1968334307119687,dimensionless,,42d8930a4c3799951bdffeb8d8bb525dbcd462962cf88f37e71caae3eeab919a,NONE,YES,
CLM-2367,Decision-oriented ensemble,8 ForecastSelectedPerBuilding 8-building aggregate mean_equivalent_full_cycles,EXACT_RECOVERED,A,8,outputs/phase8/global_test_summary.csv,row[2].mean_equivalent_full_cycles,8-building aggregate,test,ForecastSelectedPerBuilding,8 ForecastSelectedPerBuilding 8-building aggregate mean_equivalent_full_cycles,11.348611248044328,dimensionless,,42d8930a4c3799951bdffeb8d8bb525dbcd462962cf88f37e71caae3eeab919a,NONE,YES,
CLM-2368,Decision-oriented ensemble,8 DecisionSelectedPerBuilding 8-building aggregate building_count,EXACT_RECOVERED,A,8,outputs/phase8/global_test_summary.csv,row[3].building_count,8-building aggregate,test,DecisionSelectedPerBuilding,8 DecisionSelectedPerBuilding 8-building aggregate building_count,8,dimensionless,,42d8930a4c3799951bdffeb8d8bb525dbcd462962cf88f37e71caae3eeab919a,NONE,YES,
CLM-2369,Decision-oriented ensemble,8 DecisionSelectedPerBuilding 8-building aggregate mean_normalized_MAE,EXACT_RECOVERED,A,8,outputs/phase8/global_test_summary.csv,row[3].mean_normalized_MAE,8-building aggregate,test,DecisionSelectedPerBuilding,8 DecisionSelectedPerBuilding 8-building aggregate mean_normalized_MAE,0.1379695350007493,dimensionless,,42d8930a4c3799951bdffeb8d8bb525dbcd462962cf88f37e71caae3eeab919a,NONE,YES,
CLM-2370,Decision-oriented ensemble,8 DecisionSelectedPerBuilding 8-building aggregate median_normalized_MAE,EXACT_RECOVERED,A,8,outputs/phase8/global_test_summary.csv,row[3].median_normalized_MAE,8-building aggregate,test,DecisionSelectedPerBuilding,8 DecisionSelectedPerBuilding 8-building aggregate median_normalized_MAE,0.07970413609282825,dimensionless,,42d8930a4c3799951bdffeb8d8bb525dbcd462962cf88f37e71caae3eeab919a,NONE,YES,
CLM-2371,Decision-oriented ensemble,8 DecisionSelectedPerBuilding 8-building aggregate mean_normalized_RMSE,EXACT_RECOVERED,A,8,outputs/phase8/global_test_summary.csv,row[3].mean_normalized_RMSE,8-building aggregate,test,DecisionSelectedPerBuilding,8 DecisionSelectedPerBuilding 8-building aggregate mean_normalized_RMSE,0.20782229133066976,dimensionless,,42d8930a4c3799951bdffeb8d8bb525dbcd462962cf88f37e71caae3eeab919a,NONE,YES,
CLM-2372,Decision-oriented ensemble,8 DecisionSelectedPerBuilding 8-building aggregate mean_normalized_peak_quartile_MAE,EXACT_RECOVERED,A,8,outputs/phase8/global_test_summary.csv,row[3].mean_normalized_peak_quartile_MAE,8-building aggregate,test,DecisionSelectedPerBuilding,8 DecisionSelectedPerBuilding 8-building aggregate mean_normalized_peak_quartile_MAE,0.20719639038283857,dimensionless,,42d8930a4c3799951bdffeb8d8bb525dbcd462962cf88f37e71caae3eeab919a,NONE,YES,
CLM-2373,Decision-oriented ensemble,8 DecisionSelectedPerBuilding 8-building aggregate mean_bias_kw,EXACT_RECOVERED,A,8,outputs/phase8/global_test_summary.csv,row[3].mean_bias_kw,8-building aggregate,test,DecisionSelectedPerBuilding,8 DecisionSelectedPerBuilding 8-building aggregate mean_bias_kw,-4.62367212612166,dimensionless,,42d8930a4c3799951bdffeb8d8bb525dbcd462962cf88f37e71caae3eeab919a,NONE,YES,
CLM-2374,Decision-oriented ensemble,8 DecisionSelectedPerBuilding 8-building aggregate mean_daily_peak_hour_MAE,EXACT_RECOVERED,A,8,outputs/phase8/global_test_summary.csv,row[3].mean_daily_peak_hour_MAE,8-building aggregate,test,DecisionSelectedPerBuilding,8 DecisionSelectedPerBuilding 8-building aggregate mean_daily_peak_hour_MAE,3.6333333333333337,kW,,42d8930a4c3799951bdffeb8d8bb525dbcd462962cf88f37e71caae3eeab919a,NONE,YES,
CLM-2375,Decision-oriented ensemble,8 DecisionSelectedPerBuilding 8-building aggregate mean_daily_peak_hour_exact_rate,EXACT_RECOVERED,A,8,outputs/phase8/global_test_summary.csv,row[3].mean_daily_peak_hour_exact_rate,8-building aggregate,test,DecisionSelectedPerBuilding,8 DecisionSelectedPerBuilding 8-building aggregate mean_daily_peak_hour_exact_rate,0.22499999999999998,kW,,42d8930a4c3799951bdffeb8d8bb525dbcd462962cf88f37e71caae3eeab919a,NONE,YES,
CLM-2376,Decision-oriented ensemble,8 DecisionSelectedPerBuilding 8-building aggregate mean_daily_top3_overlap,EXACT_RECOVERED,A,8,outputs/phase8/global_test_summary.csv,row[3].mean_daily_top3_overlap,8-building aggregate,test,DecisionSelectedPerBuilding,8 DecisionSelectedPerBuilding 8-building aggregate mean_daily_top3_overlap,0.46527777777777773,dimensionless,,42d8930a4c3799951bdffeb8d8bb525dbcd462962cf88f37e71caae3eeab919a,NONE,YES,
CLM-2377,Decision-oriented ensemble,8 DecisionSelectedPerBuilding 8-building aggregate mean_daily_realized_peak_kw,EXACT_RECOVERED,A,8,outputs/phase8/global_test_summary.csv,row[3].mean_daily_realized_peak_kw,8-building aggregate,test,DecisionSelectedPerBuilding,8 DecisionSelectedPerBuilding 8-building aggregate mean_daily_realized_peak_kw,364.39797333853414,kW,,42d8930a4c3799951bdffeb8d8bb525dbcd462962cf88f37e71caae3eeab919a,NONE,YES,
CLM-2378,Decision-oriented ensemble,8 DecisionSelectedPerBuilding 8-building aggregate mean_normalized_daily_realized_peak,EXACT_RECOVERED,A,8,outputs/phase8/global_test_summary.csv,row[3].mean_normalized_daily_realized_peak,8-building aggregate,test,DecisionSelectedPerBuilding,8 DecisionSelectedPerBuilding 8-building aggregate mean_normalized_daily_realized_peak,1.641944962981772,dimensionless,,42d8930a4c3799951bdffeb8d8bb525dbcd462962cf88f37e71caae3eeab919a,NONE,YES,
CLM-2379,Decision-oriented ensemble,8 DecisionSelectedPerBuilding 8-building aggregate mean_worst_10pct_daily_peak_kw,EXACT_RECOVERED,A,8,outputs/phase8/global_test_summary.csv,row[3].mean_worst_10pct_daily_peak_kw,8-building aggregate,test,DecisionSelectedPerBuilding,8 DecisionSelectedPerBuilding 8-building aggregate mean_worst_10pct_daily_peak_kw,417.51964557814233,%,,42d8930a4c3799951bdffeb8d8bb525dbcd462962cf88f37e71caae3eeab919a,NONE,YES,
CLM-2380,Decision-oriented ensemble,8 DecisionSelectedPerBuilding 8-building aggregate mean_normalized_worst_10pct_daily_peak,EXACT_RECOVERED,A,8,outputs/phase8/global_test_summary.csv,row[3].mean_normalized_worst_10pct_daily_peak,8-building aggregate,test,DecisionSelectedPerBuilding,8 DecisionSelectedPerBuilding 8-building aggregate mean_normalized_worst_10pct_daily_peak,2.4820655441848682,%,,42d8930a4c3799951bdffeb8d8bb525dbcd462962cf88f37e71caae3eeab919a,NONE,YES,
CLM-2381,Decision-oriented ensemble,8 DecisionSelectedPerBuilding 8-building aggregate mean_regret_vs_oracle_kw,EXACT_RECOVERED,A,8,outputs/phase8/global_test_summary.csv,row[3].mean_regret_vs_oracle_kw,8-building aggregate,test,DecisionSelectedPerBuilding,8 DecisionSelectedPerBuilding 8-building aggregate mean_regret_vs_oracle_kw,17.55834808617592,kW,,42d8930a4c3799951bdffeb8d8bb525dbcd462962cf88f37e71caae3eeab919a,NONE,YES,
CLM-2382,Decision-oriented ensemble,8 DecisionSelectedPerBuilding 8-building aggregate mean_normalized_regret,EXACT_RECOVERED,A,8,outputs/phase8/global_test_summary.csv,row[3].mean_normalized_regret,8-building aggregate,test,DecisionSelectedPerBuilding,8 DecisionSelectedPerBuilding 8-building aggregate mean_normalized_regret,0.11192918388796776,dimensionless,,42d8930a4c3799951bdffeb8d8bb525dbcd462962cf88f37e71caae3eeab919a,NONE,YES,
CLM-2383,Decision-oriented ensemble,8 DecisionSelectedPerBuilding 8-building aggregate mean_p90_regret_kw,EXACT_RECOVERED,A,8,outputs/phase8/global_test_summary.csv,row[3].mean_p90_regret_kw,8-building aggregate,test,DecisionSelectedPerBuilding,8 DecisionSelectedPerBuilding 8-building aggregate mean_p90_regret_kw,29.011098293902116,kW,,42d8930a4c3799951bdffeb8d8bb525dbcd462962cf88f37e71caae3eeab919a,NONE,YES,
CLM-2384,Decision-oriented ensemble,8 DecisionSelectedPerBuilding 8-building aggregate mean_normalized_p90_regret,EXACT_RECOVERED,A,8,outputs/phase8/global_test_summary.csv,row[3].mean_normalized_p90_regret,8-building aggregate,test,DecisionSelectedPerBuilding,8 DecisionSelectedPerBuilding 8-building aggregate mean_normalized_p90_regret,0.19893894992962302,dimensionless,,42d8930a4c3799951bdffeb8d8bb525dbcd462962cf88f37e71caae3eeab919a,NONE,YES,
CLM-2385,Decision-oriented ensemble,8 DecisionSelectedPerBuilding 8-building aggregate mean_max_regret_kw,EXACT_RECOVERED,A,8,outputs/phase8/global_test_summary.csv,row[3].mean_max_regret_kw,8-building aggregate,test,DecisionSelectedPerBuilding,8 DecisionSelectedPerBuilding 8-building aggregate mean_max_regret_kw,51.07889251135997,kW,,42d8930a4c3799951bdffeb8d8bb525dbcd462962cf88f37e71caae3eeab919a,NONE,YES,
CLM-2386,Decision-oriented ensemble,8 DecisionSelectedPerBuilding 8-building aggregate mean_oracle_capture_ratio,EXACT_RECOVERED,A,8,outputs/phase8/global_test_summary.csv,row[3].mean_oracle_capture_ratio,8-building aggregate,test,DecisionSelectedPerBuilding,8 DecisionSelectedPerBuilding 8-building aggregate mean_oracle_capture_ratio,-0.09112131820066258,dimensionless,,42d8930a4c3799951bdffeb8d8bb525dbcd462962cf88f37e71caae3eeab919a,NONE,YES,
CLM-2387,Decision-oriented ensemble,8 DecisionSelectedPerBuilding 8-building aggregate mean_equivalent_full_cycles,EXACT_RECOVERED,A,8,outputs/phase8/global_test_summary.csv,row[3].mean_equivalent_full_cycles,8-building aggregate,test,DecisionSelectedPerBuilding,8 DecisionSelectedPerBuilding 8-building aggregate mean_equivalent_full_cycles,11.15131891980058,dimensionless,,42d8930a4c3799951bdffeb8d8bb525dbcd462962cf88f37e71caae3eeab919a,NONE,YES,
CLM-2388,Decision-oriented ensemble,8 ForecastSelectedGlobal 8-building aggregate building_count,EXACT_RECOVERED,A,8,outputs/phase8/global_test_summary.csv,row[4].building_count,8-building aggregate,test,ForecastSelectedGlobal,8 ForecastSelectedGlobal 8-building aggregate building_count,8,dimensionless,,42d8930a4c3799951bdffeb8d8bb525dbcd462962cf88f37e71caae3eeab919a,NONE,YES,
CLM-2389,Decision-oriented ensemble,8 ForecastSelectedGlobal 8-building aggregate mean_normalized_MAE,EXACT_RECOVERED,A,8,outputs/phase8/global_test_summary.csv,row[4].mean_normalized_MAE,8-building aggregate,test,ForecastSelectedGlobal,8 ForecastSelectedGlobal 8-building aggregate mean_normalized_MAE,0.1517904331174638,dimensionless,,42d8930a4c3799951bdffeb8d8bb525dbcd462962cf88f37e71caae3eeab919a,NONE,YES,
CLM-2390,Decision-oriented ensemble,8 ForecastSelectedGlobal 8-building aggregate median_normalized_MAE,EXACT_RECOVERED,A,8,outputs/phase8/global_test_summary.csv,row[4].median_normalized_MAE,8-building aggregate,test,ForecastSelectedGlobal,8 ForecastSelectedGlobal 8-building aggregate median_normalized_MAE,0.0814585909890953,dimensionless,,42d8930a4c3799951bdffeb8d8bb525dbcd462962cf88f37e71caae3eeab919a,NONE,YES,
CLM-2391,Decision-oriented ensemble,8 ForecastSelectedGlobal 8-building aggregate mean_normalized_RMSE,EXACT_RECOVERED,A,8,outputs/phase8/global_test_summary.csv,row[4].mean_normalized_RMSE,8-building aggregate,test,ForecastSelectedGlobal,8 ForecastSelectedGlobal 8-building aggregate mean_normalized_RMSE,0.23057733910671036,dimensionless,,42d8930a4c3799951bdffeb8d8bb525dbcd462962cf88f37e71caae3eeab919a,NONE,YES,
CLM-2392,Decision-oriented ensemble,8 ForecastSelectedGlobal 8-building aggregate mean_normalized_peak_quartile_MAE,EXACT_RECOVERED,A,8,outputs/phase8/global_test_summary.csv,row[4].mean_normalized_peak_quartile_MAE,8-building aggregate,test,ForecastSelectedGlobal,8 ForecastSelectedGlobal 8-building aggregate mean_normalized_peak_quartile_MAE,0.2226274229522121,dimensionless,,42d8930a4c3799951bdffeb8d8bb525dbcd462962cf88f37e71caae3eeab919a,NONE,YES,
CLM-2393,Decision-oriented ensemble,8 ForecastSelectedGlobal 8-building aggregate mean_bias_kw,EXACT_RECOVERED,A,8,outputs/phase8/global_test_summary.csv,row[4].mean_bias_kw,8-building aggregate,test,ForecastSelectedGlobal,8 ForecastSelectedGlobal 8-building aggregate mean_bias_kw,-3.742431843096389,dimensionless,,42d8930a4c3799951bdffeb8d8bb525dbcd462962cf88f37e71caae3eeab919a,NONE,YES,
CLM-2394,Decision-oriented ensemble,8 ForecastSelectedGlobal 8-building aggregate mean_daily_peak_hour_MAE,EXACT_RECOVERED,A,8,outputs/phase8/global_test_summary.csv,row[4].mean_daily_peak_hour_MAE,8-building aggregate,test,ForecastSelectedGlobal,8 ForecastSelectedGlobal 8-building aggregate mean_daily_peak_hour_MAE,3.2625,kW,,42d8930a4c3799951bdffeb8d8bb525dbcd462962cf88f37e71caae3eeab919a,NONE,YES,
CLM-2395,Decision-oriented ensemble,8 ForecastSelectedGlobal 8-building aggregate mean_daily_peak_hour_exact_rate,EXACT_RECOVERED,A,8,outputs/phase8/global_test_summary.csv,row[4].mean_daily_peak_hour_exact_rate,8-building aggregate,test,ForecastSelectedGlobal,8 ForecastSelectedGlobal 8-building aggregate mean_daily_peak_hour_exact_rate,0.21666666666666665,kW,,42d8930a4c3799951bdffeb8d8bb525dbcd462962cf88f37e71caae3eeab919a,NONE,YES,
CLM-2396,Decision-oriented ensemble,8 ForecastSelectedGlobal 8-building aggregate mean_daily_top3_overlap,EXACT_RECOVERED,A,8,outputs/phase8/global_test_summary.csv,row[4].mean_daily_top3_overlap,8-building aggregate,test,ForecastSelectedGlobal,8 ForecastSelectedGlobal 8-building aggregate mean_daily_top3_overlap,0.45972222222222214,dimensionless,,42d8930a4c3799951bdffeb8d8bb525dbcd462962cf88f37e71caae3eeab919a,NONE,YES,
CLM-2397,Decision-oriented ensemble,8 ForecastSelectedGlobal 8-building aggregate mean_daily_realized_peak_kw,EXACT_RECOVERED,A,8,outputs/phase8/global_test_summary.csv,row[4].mean_daily_realized_peak_kw,8-building aggregate,test,ForecastSelectedGlobal,8 ForecastSelectedGlobal 8-building aggregate mean_daily_realized_peak_kw,364.70414945793084,kW,,42d8930a4c3799951bdffeb8d8bb525dbcd462962cf88f37e71caae3eeab919a,NONE,YES,
CLM-2398,Decision-oriented ensemble,8 ForecastSelectedGlobal 8-building aggregate mean_normalized_daily_realized_peak,EXACT_RECOVERED,A,8,outputs/phase8/global_test_summary.csv,row[4].mean_normalized_daily_realized_peak,8-building aggregate,test,ForecastSelectedGlobal,8 ForecastSelectedGlobal 8-building aggregate mean_normalized_daily_realized_peak,1.6552458303577402,dimensionless,,42d8930a4c3799951bdffeb8d8bb525dbcd462962cf88f37e71caae3eeab919a,NONE,YES,
CLM-2399,Decision-oriented ensemble,8 ForecastSelectedGlobal 8-building aggregate mean_worst_10pct_daily_peak_kw,EXACT_RECOVERED,A,8,outputs/phase8/global_test_summary.csv,row[4].mean_worst_10pct_daily_peak_kw,8-building aggregate,test,ForecastSelectedGlobal,8 ForecastSelectedGlobal 8-building aggregate mean_worst_10pct_daily_peak_kw,417.1234648379756,%,,42d8930a4c3799951bdffeb8d8bb525dbcd462962cf88f37e71caae3eeab919a,NONE,YES,
CLM-2400,Decision-oriented ensemble,8 ForecastSelectedGlobal 8-building aggregate mean_normalized_worst_10pct_daily_peak,EXACT_RECOVERED,A,8,outputs/phase8/global_test_summary.csv,row[4].mean_normalized_worst_10pct_daily_peak,8-building aggregate,test,ForecastSelectedGlobal,8 ForecastSelectedGlobal 8-building aggregate mean_normalized_worst_10pct_daily_peak,2.464992893761664,%,,42d8930a4c3799951bdffeb8d8bb525dbcd462962cf88f37e71caae3eeab919a,NONE,YES,
CLM-2401,Decision-oriented ensemble,8 ForecastSelectedGlobal 8-building aggregate mean_regret_vs_oracle_kw,EXACT_RECOVERED,A,8,outputs/phase8/global_test_summary.csv,row[4].mean_regret_vs_oracle_kw,8-building aggregate,test,ForecastSelectedGlobal,8 ForecastSelectedGlobal 8-building aggregate mean_regret_vs_oracle_kw,17.864524205572536,kW,,42d8930a4c3799951bdffeb8d8bb525dbcd462962cf88f37e71caae3eeab919a,NONE,YES,
CLM-2402,Decision-oriented ensemble,8 ForecastSelectedGlobal 8-building aggregate mean_normalized_regret,EXACT_RECOVERED,A,8,outputs/phase8/global_test_summary.csv,row[4].mean_normalized_regret,8-building aggregate,test,ForecastSelectedGlobal,8 ForecastSelectedGlobal 8-building aggregate mean_normalized_regret,0.12523005126393588,dimensionless,,42d8930a4c3799951bdffeb8d8bb525dbcd462962cf88f37e71caae3eeab919a,NONE,YES,
CLM-2403,Decision-oriented ensemble,8 ForecastSelectedGlobal 8-building aggregate mean_p90_regret_kw,EXACT_RECOVERED,A,8,outputs/phase8/global_test_summary.csv,row[4].mean_p90_regret_kw,8-building aggregate,test,ForecastSelectedGlobal,8 ForecastSelectedGlobal 8-building aggregate mean_p90_regret_kw,31.312164781547875,kW,,42d8930a4c3799951bdffeb8d8bb525dbcd462962cf88f37e71caae3eeab919a,NONE,YES,
CLM-2404,Decision-oriented ensemble,8 ForecastSelectedGlobal 8-building aggregate mean_normalized_p90_regret,EXACT_RECOVERED,A,8,outputs/phase8/global_test_summary.csv,row[4].mean_normalized_p90_regret,8-building aggregate,test,ForecastSelectedGlobal,8 ForecastSelectedGlobal 8-building aggregate mean_normalized_p90_regret,0.24259592173613964,dimensionless,,42d8930a4c3799951bdffeb8d8bb525dbcd462962cf88f37e71caae3eeab919a,NONE,YES,
CLM-2405,Decision-oriented ensemble,8 ForecastSelectedGlobal 8-building aggregate mean_max_regret_kw,EXACT_RECOVERED,A,8,outputs/phase8/global_test_summary.csv,row[4].mean_max_regret_kw,8-building aggregate,test,ForecastSelectedGlobal,8 ForecastSelectedGlobal 8-building aggregate mean_max_regret_kw,47.17922432620835,kW,,42d8930a4c3799951bdffeb8d8bb525dbcd462962cf88f37e71caae3eeab919a,NONE,YES,
CLM-2406,Decision-oriented ensemble,8 ForecastSelectedGlobal 8-building aggregate mean_oracle_capture_ratio,EXACT_RECOVERED,A,8,outputs/phase8/global_test_summary.csv,row[4].mean_oracle_capture_ratio,8-building aggregate,test,ForecastSelectedGlobal,8 ForecastSelectedGlobal 8-building aggregate mean_oracle_capture_ratio,-0.2546537719050046,dimensionless,,42d8930a4c3799951bdffeb8d8bb525dbcd462962cf88f37e71caae3eeab919a,NONE,YES,
CLM-2407,Decision-oriented ensemble,8 ForecastSelectedGlobal 8-building aggregate mean_equivalent_full_cycles,EXACT_RECOVERED,A,8,outputs/phase8/global_test_summary.csv,row[4].mean_equivalent_full_cycles,8-building aggregate,test,ForecastSelectedGlobal,8 ForecastSelectedGlobal 8-building aggregate mean_equivalent_full_cycles,11.8849825297244,dimensionless,,42d8930a4c3799951bdffeb8d8bb525dbcd462962cf88f37e71caae3eeab919a,NONE,YES,
CLM-2408,Decision-oriented ensemble,8 DecisionSelectedGlobal 8-building aggregate building_count,EXACT_RECOVERED,A,8,outputs/phase8/global_test_summary.csv,row[5].building_count,8-building aggregate,test,DecisionSelectedGlobal,8 DecisionSelectedGlobal 8-building aggregate building_count,8,dimensionless,,42d8930a4c3799951bdffeb8d8bb525dbcd462962cf88f37e71caae3eeab919a,NONE,YES,
CLM-2409,Decision-oriented ensemble,8 DecisionSelectedGlobal 8-building aggregate mean_normalized_MAE,EXACT_RECOVERED,A,8,outputs/phase8/global_test_summary.csv,row[5].mean_normalized_MAE,8-building aggregate,test,DecisionSelectedGlobal,8 DecisionSelectedGlobal 8-building aggregate mean_normalized_MAE,0.14346968906291385,dimensionless,,42d8930a4c3799951bdffeb8d8bb525dbcd462962cf88f37e71caae3eeab919a,NONE,YES,
CLM-2410,Decision-oriented ensemble,8 DecisionSelectedGlobal 8-building aggregate median_normalized_MAE,EXACT_RECOVERED,A,8,outputs/phase8/global_test_summary.csv,row[5].median_normalized_MAE,8-building aggregate,test,DecisionSelectedGlobal,8 DecisionSelectedGlobal 8-building aggregate median_normalized_MAE,0.08086153842590295,dimensionless,,42d8930a4c3799951bdffeb8d8bb525dbcd462962cf88f37e71caae3eeab919a,NONE,YES,
CLM-2411,Decision-oriented ensemble,8 DecisionSelectedGlobal 8-building aggregate mean_normalized_RMSE,EXACT_RECOVERED,A,8,outputs/phase8/global_test_summary.csv,row[5].mean_normalized_RMSE,8-building aggregate,test,DecisionSelectedGlobal,8 DecisionSelectedGlobal 8-building aggregate mean_normalized_RMSE,0.21439569244367085,dimensionless,,42d8930a4c3799951bdffeb8d8bb525dbcd462962cf88f37e71caae3eeab919a,NONE,YES,
CLM-2412,Decision-oriented ensemble,8 DecisionSelectedGlobal 8-building aggregate mean_normalized_peak_quartile_MAE,EXACT_RECOVERED,A,8,outputs/phase8/global_test_summary.csv,row[5].mean_normalized_peak_quartile_MAE,8-building aggregate,test,DecisionSelectedGlobal,8 DecisionSelectedGlobal 8-building aggregate mean_normalized_peak_quartile_MAE,0.21440956818372425,dimensionless,,42d8930a4c3799951bdffeb8d8bb525dbcd462962cf88f37e71caae3eeab919a,NONE,YES,
CLM-2413,Decision-oriented ensemble,8 DecisionSelectedGlobal 8-building aggregate mean_bias_kw,EXACT_RECOVERED,A,8,outputs/phase8/global_test_summary.csv,row[5].mean_bias_kw,8-building aggregate,test,DecisionSelectedGlobal,8 DecisionSelectedGlobal 8-building aggregate mean_bias_kw,-4.260916282287556,dimensionless,,42d8930a4c3799951bdffeb8d8bb525dbcd462962cf88f37e71caae3eeab919a,NONE,YES,
CLM-2414,Decision-oriented ensemble,8 DecisionSelectedGlobal 8-building aggregate mean_daily_peak_hour_MAE,EXACT_RECOVERED,A,8,outputs/phase8/global_test_summary.csv,row[5].mean_daily_peak_hour_MAE,8-building aggregate,test,DecisionSelectedGlobal,8 DecisionSelectedGlobal 8-building aggregate mean_daily_peak_hour_MAE,3.4375,kW,,42d8930a4c3799951bdffeb8d8bb525dbcd462962cf88f37e71caae3eeab919a,NONE,YES,
CLM-2415,Decision-oriented ensemble,8 DecisionSelectedGlobal 8-building aggregate mean_daily_peak_hour_exact_rate,EXACT_RECOVERED,A,8,outputs/phase8/global_test_summary.csv,row[5].mean_daily_peak_hour_exact_rate,8-building aggregate,test,DecisionSelectedGlobal,8 DecisionSelectedGlobal 8-building aggregate mean_daily_peak_hour_exact_rate,0.22499999999999998,kW,,42d8930a4c3799951bdffeb8d8bb525dbcd462962cf88f37e71caae3eeab919a,NONE,YES,
CLM-2416,Decision-oriented ensemble,8 DecisionSelectedGlobal 8-building aggregate mean_daily_top3_overlap,EXACT_RECOVERED,A,8,outputs/phase8/global_test_summary.csv,row[5].mean_daily_top3_overlap,8-building aggregate,test,DecisionSelectedGlobal,8 DecisionSelectedGlobal 8-building aggregate mean_daily_top3_overlap,0.4541666666666666,dimensionless,,42d8930a4c3799951bdffeb8d8bb525dbcd462962cf88f37e71caae3eeab919a,NONE,YES,
CLM-2417,Decision-oriented ensemble,8 DecisionSelectedGlobal 8-building aggregate mean_daily_realized_peak_kw,EXACT_RECOVERED,A,8,outputs/phase8/global_test_summary.csv,row[5].mean_daily_realized_peak_kw,8-building aggregate,test,DecisionSelectedGlobal,8 DecisionSelectedGlobal 8-building aggregate mean_daily_realized_peak_kw,364.79383989907376,kW,,42d8930a4c3799951bdffeb8d8bb525dbcd462962cf88f37e71caae3eeab919a,NONE,YES,
CLM-2418,Decision-oriented ensemble,8 DecisionSelectedGlobal 8-building aggregate mean_normalized_daily_realized_peak,EXACT_RECOVERED,A,8,outputs/phase8/global_test_summary.csv,row[5].mean_normalized_daily_realized_peak,8-building aggregate,test,DecisionSelectedGlobal,8 DecisionSelectedGlobal 8-building aggregate mean_normalized_daily_realized_peak,1.645606584131895,dimensionless,,42d8930a4c3799951bdffeb8d8bb525dbcd462962cf88f37e71caae3eeab919a,NONE,YES,
CLM-2419,Decision-oriented ensemble,8 DecisionSelectedGlobal 8-building aggregate mean_worst_10pct_daily_peak_kw,EXACT_RECOVERED,A,8,outputs/phase8/global_test_summary.csv,row[5].mean_worst_10pct_daily_peak_kw,8-building aggregate,test,DecisionSelectedGlobal,8 DecisionSelectedGlobal 8-building aggregate mean_worst_10pct_daily_peak_kw,418.41440087078945,%,,42d8930a4c3799951bdffeb8d8bb525dbcd462962cf88f37e71caae3eeab919a,NONE,YES,
CLM-2420,Decision-oriented ensemble,8 DecisionSelectedGlobal 8-building aggregate mean_normalized_worst_10pct_daily_peak,EXACT_RECOVERED,A,8,outputs/phase8/global_test_summary.csv,row[5].mean_normalized_worst_10pct_daily_peak,8-building aggregate,test,DecisionSelectedGlobal,8 DecisionSelectedGlobal 8-building aggregate mean_normalized_worst_10pct_daily_peak,2.480019197420911,%,,42d8930a4c3799951bdffeb8d8bb525dbcd462962cf88f37e71caae3eeab919a,NONE,YES,
CLM-2421,Decision-oriented ensemble,8 DecisionSelectedGlobal 8-building aggregate mean_regret_vs_oracle_kw,EXACT_RECOVERED,A,8,outputs/phase8/global_test_summary.csv,row[5].mean_regret_vs_oracle_kw,8-building aggregate,test,DecisionSelectedGlobal,8 DecisionSelectedGlobal 8-building aggregate mean_regret_vs_oracle_kw,17.954214646715545,kW,,42d8930a4c3799951bdffeb8d8bb525dbcd462962cf88f37e71caae3eeab919a,NONE,YES,
CLM-2422,Decision-oriented ensemble,8 DecisionSelectedGlobal 8-building aggregate mean_normalized_regret,EXACT_RECOVERED,A,8,outputs/phase8/global_test_summary.csv,row[5].mean_normalized_regret,8-building aggregate,test,DecisionSelectedGlobal,8 DecisionSelectedGlobal 8-building aggregate mean_normalized_regret,0.11559080503809091,dimensionless,,42d8930a4c3799951bdffeb8d8bb525dbcd462962cf88f37e71caae3eeab919a,NONE,YES,
CLM-2423,Decision-oriented ensemble,8 DecisionSelectedGlobal 8-building aggregate mean_p90_regret_kw,EXACT_RECOVERED,A,8,outputs/phase8/global_test_summary.csv,row[5].mean_p90_regret_kw,8-building aggregate,test,DecisionSelectedGlobal,8 DecisionSelectedGlobal 8-building aggregate mean_p90_regret_kw,30.79754330386319,kW,,42d8930a4c3799951bdffeb8d8bb525dbcd462962cf88f37e71caae3eeab919a,NONE,YES,
CLM-2424,Decision-oriented ensemble,8 DecisionSelectedGlobal 8-building aggregate mean_normalized_p90_regret,EXACT_RECOVERED,A,8,outputs/phase8/global_test_summary.csv,row[5].mean_normalized_p90_regret,8-building aggregate,test,DecisionSelectedGlobal,8 DecisionSelectedGlobal 8-building aggregate mean_normalized_p90_regret,0.20167182394781313,dimensionless,,42d8930a4c3799951bdffeb8d8bb525dbcd462962cf88f37e71caae3eeab919a,NONE,YES,
CLM-2425,Decision-oriented ensemble,8 DecisionSelectedGlobal 8-building aggregate mean_max_regret_kw,EXACT_RECOVERED,A,8,outputs/phase8/global_test_summary.csv,row[5].mean_max_regret_kw,8-building aggregate,test,DecisionSelectedGlobal,8 DecisionSelectedGlobal 8-building aggregate mean_max_regret_kw,49.357239051772225,kW,,42d8930a4c3799951bdffeb8d8bb525dbcd462962cf88f37e71caae3eeab919a,NONE,YES,
CLM-2426,Decision-oriented ensemble,8 DecisionSelectedGlobal 8-building aggregate mean_oracle_capture_ratio,EXACT_RECOVERED,A,8,outputs/phase8/global_test_summary.csv,row[5].mean_oracle_capture_ratio,8-building aggregate,test,DecisionSelectedGlobal,8 DecisionSelectedGlobal 8-building aggregate mean_oracle_capture_ratio,-0.16871435372571064,dimensionless,,42d8930a4c3799951bdffeb8d8bb525dbcd462962cf88f37e71caae3eeab919a,NONE,YES,
CLM-2427,Decision-oriented ensemble,8 DecisionSelectedGlobal 8-building aggregate mean_equivalent_full_cycles,EXACT_RECOVERED,A,8,outputs/phase8/global_test_summary.csv,row[5].mean_equivalent_full_cycles,8-building aggregate,test,DecisionSelectedGlobal,8 DecisionSelectedGlobal 8-building aggregate mean_equivalent_full_cycles,11.50006056125293,dimensionless,,42d8930a4c3799951bdffeb8d8bb525dbcd462962cf88f37e71caae3eeab919a,NONE,YES,
CLM-2428,Decision-oriented ensemble,8 Oracle 8-building aggregate building_count,EXACT_RECOVERED,A,8,outputs/phase8/global_test_summary.csv,row[6].building_count,8-building aggregate,test,Oracle,8 Oracle 8-building aggregate building_count,8,dimensionless,,42d8930a4c3799951bdffeb8d8bb525dbcd462962cf88f37e71caae3eeab919a,NONE,YES,
CLM-2429,Decision-oriented ensemble,8 Oracle 8-building aggregate mean_daily_realized_peak_kw,EXACT_RECOVERED,A,8,outputs/phase8/global_test_summary.csv,row[6].mean_daily_realized_peak_kw,8-building aggregate,test,Oracle,8 Oracle 8-building aggregate mean_daily_realized_peak_kw,346.83962525235825,kW,,42d8930a4c3799951bdffeb8d8bb525dbcd462962cf88f37e71caae3eeab919a,NONE,YES,
CLM-2430,Decision-oriented ensemble,8 Oracle 8-building aggregate mean_normalized_daily_realized_peak,EXACT_RECOVERED,A,8,outputs/phase8/global_test_summary.csv,row[6].mean_normalized_daily_realized_peak,8-building aggregate,test,Oracle,8 Oracle 8-building aggregate mean_normalized_daily_realized_peak,1.5300157790938045,dimensionless,,42d8930a4c3799951bdffeb8d8bb525dbcd462962cf88f37e71caae3eeab919a,NONE,YES,
CLM-2431,Decision-oriented ensemble,8 Oracle 8-building aggregate mean_worst_10pct_daily_peak_kw,EXACT_RECOVERED,A,8,outputs/phase8/global_test_summary.csv,row[6].mean_worst_10pct_daily_peak_kw,8-building aggregate,test,Oracle,8 Oracle 8-building aggregate mean_worst_10pct_daily_peak_kw,388.50893084974314,%,,42d8930a4c3799951bdffeb8d8bb525dbcd462962cf88f37e71caae3eeab919a,NONE,YES,
CLM-2432,Decision-oriented ensemble,8 Oracle 8-building aggregate mean_normalized_worst_10pct_daily_peak,EXACT_RECOVERED,A,8,outputs/phase8/global_test_summary.csv,row[6].mean_normalized_worst_10pct_daily_peak,8-building aggregate,test,Oracle,8 Oracle 8-building aggregate mean_normalized_worst_10pct_daily_peak,2.345448880821837,%,,42d8930a4c3799951bdffeb8d8bb525dbcd462962cf88f37e71caae3eeab919a,NONE,YES,
CLM-2433,Decision-oriented ensemble,8 Oracle 8-building aggregate mean_regret_vs_oracle_kw,EXACT_RECOVERED,A,8,outputs/phase8/global_test_summary.csv,row[6].mean_regret_vs_oracle_kw,8-building aggregate,test,Oracle,8 Oracle 8-building aggregate mean_regret_vs_oracle_kw,0.0,kW,,42d8930a4c3799951bdffeb8d8bb525dbcd462962cf88f37e71caae3eeab919a,NONE,YES,
CLM-2434,Decision-oriented ensemble,8 Oracle 8-building aggregate mean_normalized_regret,EXACT_RECOVERED,A,8,outputs/phase8/global_test_summary.csv,row[6].mean_normalized_regret,8-building aggregate,test,Oracle,8 Oracle 8-building aggregate mean_normalized_regret,0.0,dimensionless,,42d8930a4c3799951bdffeb8d8bb525dbcd462962cf88f37e71caae3eeab919a,NONE,YES,
CLM-2435,Decision-oriented ensemble,8 Oracle 8-building aggregate mean_p90_regret_kw,EXACT_RECOVERED,A,8,outputs/phase8/global_test_summary.csv,row[6].mean_p90_regret_kw,8-building aggregate,test,Oracle,8 Oracle 8-building aggregate mean_p90_regret_kw,0.0,kW,,42d8930a4c3799951bdffeb8d8bb525dbcd462962cf88f37e71caae3eeab919a,NONE,YES,
CLM-2436,Decision-oriented ensemble,8 Oracle 8-building aggregate mean_normalized_p90_regret,EXACT_RECOVERED,A,8,outputs/phase8/global_test_summary.csv,row[6].mean_normalized_p90_regret,8-building aggregate,test,Oracle,8 Oracle 8-building aggregate mean_normalized_p90_regret,0.0,dimensionless,,42d8930a4c3799951bdffeb8d8bb525dbcd462962cf88f37e71caae3eeab919a,NONE,YES,
CLM-2437,Decision-oriented ensemble,8 Oracle 8-building aggregate mean_max_regret_kw,EXACT_RECOVERED,A,8,outputs/phase8/global_test_summary.csv,row[6].mean_max_regret_kw,8-building aggregate,test,Oracle,8 Oracle 8-building aggregate mean_max_regret_kw,0.0,kW,,42d8930a4c3799951bdffeb8d8bb525dbcd462962cf88f37e71caae3eeab919a,NONE,YES,
CLM-2438,Decision-oriented ensemble,8 Oracle 8-building aggregate mean_oracle_capture_ratio,EXACT_RECOVERED,A,8,outputs/phase8/global_test_summary.csv,row[6].mean_oracle_capture_ratio,8-building aggregate,test,Oracle,8 Oracle 8-building aggregate mean_oracle_capture_ratio,1.0,dimensionless,,42d8930a4c3799951bdffeb8d8bb525dbcd462962cf88f37e71caae3eeab919a,NONE,YES,
CLM-2439,Decision-oriented ensemble,8 Oracle 8-building aggregate mean_equivalent_full_cycles,EXACT_RECOVERED,A,8,outputs/phase8/global_test_summary.csv,row[6].mean_equivalent_full_cycles,8-building aggregate,test,Oracle,8 Oracle 8-building aggregate mean_equivalent_full_cycles,10.558168996463998,dimensionless,,42d8930a4c3799951bdffeb8d8bb525dbcd462962cf88f37e71caae3eeab919a,NONE,YES,
CLM-2440,Final DOEF,9 Day Persistence 8-building aggregate normalized_mae_mean,EXACT_RECOVERED,A,9,outputs/phase9/final_benchmark.csv,row[0].normalized_mae_mean,8-building aggregate,test,Day Persistence,9 Day Persistence 8-building aggregate normalized_mae_mean,0.2258845988864577,dimensionless,,b2cd308f3a4bc45329f79e8eedd45579ab1877c74b6cb02968a687dc1624801c,NONE,YES,
CLM-2441,Final DOEF,9 Day Persistence 8-building aggregate normalized_mae_median,EXACT_RECOVERED,A,9,outputs/phase9/final_benchmark.csv,row[0].normalized_mae_median,8-building aggregate,test,Day Persistence,9 Day Persistence 8-building aggregate normalized_mae_median,0.1034397769027117,dimensionless,,b2cd308f3a4bc45329f79e8eedd45579ab1877c74b6cb02968a687dc1624801c,NONE,YES,
CLM-2442,Final DOEF,9 Day Persistence 8-building aggregate normalized_rmse_mean,EXACT_RECOVERED,A,9,outputs/phase9/final_benchmark.csv,row[0].normalized_rmse_mean,8-building aggregate,test,Day Persistence,9 Day Persistence 8-building aggregate normalized_rmse_mean,0.4301930787029329,dimensionless,,b2cd308f3a4bc45329f79e8eedd45579ab1877c74b6cb02968a687dc1624801c,NONE,YES,
CLM-2443,Final DOEF,9 Day Persistence 8-building aggregate normalized_peak_mae_mean,EXACT_RECOVERED,A,9,outputs/phase9/final_benchmark.csv,row[0].normalized_peak_mae_mean,8-building aggregate,test,Day Persistence,9 Day Persistence 8-building aggregate normalized_peak_mae_mean,0.3611890635536578,dimensionless,,b2cd308f3a4bc45329f79e8eedd45579ab1877c74b6cb02968a687dc1624801c,NONE,YES,
CLM-2444,Final DOEF,9 Day Persistence 8-building aggregate normalized_decision_regret_mean,EXACT_RECOVERED,A,9,outputs/phase9/final_benchmark.csv,row[0].normalized_decision_regret_mean,8-building aggregate,test,Day Persistence,9 Day Persistence 8-building aggregate normalized_decision_regret_mean,0.1629860984277617,dimensionless,,b2cd308f3a4bc45329f79e8eedd45579ab1877c74b6cb02968a687dc1624801c,NONE,YES,
CLM-2445,Final DOEF,9 Day Persistence 8-building aggregate normalized_decision_regret_median,EXACT_RECOVERED,A,9,outputs/phase9/final_benchmark.csv,row[0].normalized_decision_regret_median,8-building aggregate,test,Day Persistence,9 Day Persistence 8-building aggregate normalized_decision_regret_median,0.1501103905958921,dimensionless,,b2cd308f3a4bc45329f79e8eedd45579ab1877c74b6cb02968a687dc1624801c,NONE,YES,
CLM-2446,Final DOEF,9 Day Persistence 8-building aggregate peak_reduction_mean_pct,EXACT_RECOVERED,A,9,outputs/phase9/final_benchmark.csv,row[0].peak_reduction_mean_pct,8-building aggregate,test,Day Persistence,9 Day Persistence 8-building aggregate peak_reduction_mean_pct,-1.8784522306447489,%,,b2cd308f3a4bc45329f79e8eedd45579ab1877c74b6cb02968a687dc1624801c,NONE,YES,
CLM-2447,Final DOEF,9 Day Persistence 8-building aggregate peak_reduction_median_pct,EXACT_RECOVERED,A,9,outputs/phase9/final_benchmark.csv,row[0].peak_reduction_median_pct,8-building aggregate,test,Day Persistence,9 Day Persistence 8-building aggregate peak_reduction_median_pct,0.6351631356196247,%,,b2cd308f3a4bc45329f79e8eedd45579ab1877c74b6cb02968a687dc1624801c,NONE,YES,
CLM-2448,Final DOEF,9 Day Persistence 8-building aggregate peak_reduction_min_pct,EXACT_RECOVERED,A,9,outputs/phase9/final_benchmark.csv,row[0].peak_reduction_min_pct,8-building aggregate,test,Day Persistence,9 Day Persistence 8-building aggregate peak_reduction_min_pct,-11.568875080690914,%,,b2cd308f3a4bc45329f79e8eedd45579ab1877c74b6cb02968a687dc1624801c,NONE,YES,
CLM-2449,Final DOEF,9 Day Persistence 8-building aggregate peak_reduction_max_pct,EXACT_RECOVERED,A,9,outputs/phase9/final_benchmark.csv,row[0].peak_reduction_max_pct,8-building aggregate,test,Day Persistence,9 Day Persistence 8-building aggregate peak_reduction_max_pct,3.642312132954678,%,,b2cd308f3a4bc45329f79e8eedd45579ab1877c74b6cb02968a687dc1624801c,NONE,YES,
CLM-2450,Final DOEF,9 Week 8-building aggregate normalized_mae_mean,EXACT_RECOVERED,A,9,outputs/phase9/final_benchmark.csv,row[1].normalized_mae_mean,8-building aggregate,test,Week,9 Week 8-building aggregate normalized_mae_mean,0.2015782033719362,dimensionless,,b2cd308f3a4bc45329f79e8eedd45579ab1877c74b6cb02968a687dc1624801c,NONE,YES,
CLM-2451,Final DOEF,9 Week 8-building aggregate normalized_mae_median,EXACT_RECOVERED,A,9,outputs/phase9/final_benchmark.csv,row[1].normalized_mae_median,8-building aggregate,test,Week,9 Week 8-building aggregate normalized_mae_median,0.1166171013637299,dimensionless,,b2cd308f3a4bc45329f79e8eedd45579ab1877c74b6cb02968a687dc1624801c,NONE,YES,
CLM-2452,Final DOEF,9 Week 8-building aggregate normalized_rmse_mean,EXACT_RECOVERED,A,9,outputs/phase9/final_benchmark.csv,row[1].normalized_rmse_mean,8-building aggregate,test,Week,9 Week 8-building aggregate normalized_rmse_mean,0.3284141789770246,dimensionless,,b2cd308f3a4bc45329f79e8eedd45579ab1877c74b6cb02968a687dc1624801c,NONE,YES,
CLM-2453,Final DOEF,9 Week 8-building aggregate normalized_peak_mae_mean,EXACT_RECOVERED,A,9,outputs/phase9/final_benchmark.csv,row[1].normalized_peak_mae_mean,8-building aggregate,test,Week,9 Week 8-building aggregate normalized_peak_mae_mean,0.2576295302735708,dimensionless,,b2cd308f3a4bc45329f79e8eedd45579ab1877c74b6cb02968a687dc1624801c,NONE,YES,
CLM-2454,Final DOEF,9 Week 8-building aggregate normalized_decision_regret_mean,EXACT_RECOVERED,A,9,outputs/phase9/final_benchmark.csv,row[1].normalized_decision_regret_mean,8-building aggregate,test,Week,9 Week 8-building aggregate normalized_decision_regret_mean,0.144323002826905,dimensionless,,b2cd308f3a4bc45329f79e8eedd45579ab1877c74b6cb02968a687dc1624801c,NONE,YES,
CLM-2455,Final DOEF,9 Week 8-building aggregate normalized_decision_regret_median,EXACT_RECOVERED,A,9,outputs/phase9/final_benchmark.csv,row[1].normalized_decision_regret_median,8-building aggregate,test,Week,9 Week 8-building aggregate normalized_decision_regret_median,0.1376602079079792,dimensionless,,b2cd308f3a4bc45329f79e8eedd45579ab1877c74b6cb02968a687dc1624801c,NONE,YES,
CLM-2456,Final DOEF,9 Week 8-building aggregate peak_reduction_mean_pct,EXACT_RECOVERED,A,9,outputs/phase9/final_benchmark.csv,row[1].peak_reduction_mean_pct,8-building aggregate,test,Week,9 Week 8-building aggregate peak_reduction_mean_pct,3.085462929586199,%,,b2cd308f3a4bc45329f79e8eedd45579ab1877c74b6cb02968a687dc1624801c,NONE,YES,
CLM-2457,Final DOEF,9 Week 8-building aggregate peak_reduction_median_pct,EXACT_RECOVERED,A,9,outputs/phase9/final_benchmark.csv,row[1].peak_reduction_median_pct,8-building aggregate,test,Week,9 Week 8-building aggregate peak_reduction_median_pct,4.7720764135384375,%,,b2cd308f3a4bc45329f79e8eedd45579ab1877c74b6cb02968a687dc1624801c,NONE,YES,
CLM-2458,Final DOEF,9 Week 8-building aggregate peak_reduction_min_pct,EXACT_RECOVERED,A,9,outputs/phase9/final_benchmark.csv,row[1].peak_reduction_min_pct,8-building aggregate,test,Week,9 Week 8-building aggregate peak_reduction_min_pct,-10.509524002763452,%,,b2cd308f3a4bc45329f79e8eedd45579ab1877c74b6cb02968a687dc1624801c,NONE,YES,
CLM-2459,Final DOEF,9 Week 8-building aggregate peak_reduction_max_pct,EXACT_RECOVERED,A,9,outputs/phase9/final_benchmark.csv,row[1].peak_reduction_max_pct,8-building aggregate,test,Week,9 Week 8-building aggregate peak_reduction_max_pct,14.742243197967438,%,,b2cd308f3a4bc45329f79e8eedd45579ab1877c74b6cb02968a687dc1624801c,NONE,YES,
CLM-2460,Final DOEF,9 DayWeek 8-building aggregate normalized_mae_mean,EXACT_RECOVERED,A,9,outputs/phase9/final_benchmark.csv,row[2].normalized_mae_mean,8-building aggregate,test,DayWeek,9 DayWeek 8-building aggregate normalized_mae_mean,0.1834775145794906,dimensionless,,b2cd308f3a4bc45329f79e8eedd45579ab1877c74b6cb02968a687dc1624801c,NONE,YES,
CLM-2461,Final DOEF,9 DayWeek 8-building aggregate normalized_mae_median,EXACT_RECOVERED,A,9,outputs/phase9/final_benchmark.csv,row[2].normalized_mae_median,8-building aggregate,test,DayWeek,9 DayWeek 8-building aggregate normalized_mae_median,0.0934492738014127,dimensionless,,b2cd308f3a4bc45329f79e8eedd45579ab1877c74b6cb02968a687dc1624801c,NONE,YES,
CLM-2462,Final DOEF,9 DayWeek 8-building aggregate normalized_rmse_mean,EXACT_RECOVERED,A,9,outputs/phase9/final_benchmark.csv,row[2].normalized_rmse_mean,8-building aggregate,test,DayWeek,9 DayWeek 8-building aggregate normalized_rmse_mean,0.2966208944834146,dimensionless,,b2cd308f3a4bc45329f79e8eedd45579ab1877c74b6cb02968a687dc1624801c,NONE,YES,
CLM-2463,Final DOEF,9 DayWeek 8-building aggregate normalized_peak_mae_mean,EXACT_RECOVERED,A,9,outputs/phase9/final_benchmark.csv,row[2].normalized_peak_mae_mean,8-building aggregate,test,DayWeek,9 DayWeek 8-building aggregate normalized_peak_mae_mean,0.2636585700909476,dimensionless,,b2cd308f3a4bc45329f79e8eedd45579ab1877c74b6cb02968a687dc1624801c,NONE,YES,
CLM-2464,Final DOEF,9 DayWeek 8-building aggregate normalized_decision_regret_mean,EXACT_RECOVERED,A,9,outputs/phase9/final_benchmark.csv,row[2].normalized_decision_regret_mean,8-building aggregate,test,DayWeek,9 DayWeek 8-building aggregate normalized_decision_regret_mean,0.1430186694957667,dimensionless,,b2cd308f3a4bc45329f79e8eedd45579ab1877c74b6cb02968a687dc1624801c,NONE,YES,
CLM-2465,Final DOEF,9 DayWeek 8-building aggregate normalized_decision_regret_median,EXACT_RECOVERED,A,9,outputs/phase9/final_benchmark.csv,row[2].normalized_decision_regret_median,8-building aggregate,test,DayWeek,9 DayWeek 8-building aggregate normalized_decision_regret_median,0.1125917722295761,dimensionless,,b2cd308f3a4bc45329f79e8eedd45579ab1877c74b6cb02968a687dc1624801c,NONE,YES,
CLM-2466,Final DOEF,9 DayWeek 8-building aggregate peak_reduction_mean_pct,EXACT_RECOVERED,A,9,outputs/phase9/final_benchmark.csv,row[2].peak_reduction_mean_pct,8-building aggregate,test,DayWeek,9 DayWeek 8-building aggregate peak_reduction_mean_pct,4.906897876871062,%,,b2cd308f3a4bc45329f79e8eedd45579ab1877c74b6cb02968a687dc1624801c,NONE,YES,
CLM-2467,Final DOEF,9 DayWeek 8-building aggregate peak_reduction_median_pct,EXACT_RECOVERED,A,9,outputs/phase9/final_benchmark.csv,row[2].peak_reduction_median_pct,8-building aggregate,test,DayWeek,9 DayWeek 8-building aggregate peak_reduction_median_pct,5.573690485501219,%,,b2cd308f3a4bc45329f79e8eedd45579ab1877c74b6cb02968a687dc1624801c,NONE,YES,
CLM-2468,Final DOEF,9 DayWeek 8-building aggregate peak_reduction_min_pct,EXACT_RECOVERED,A,9,outputs/phase9/final_benchmark.csv,row[2].peak_reduction_min_pct,8-building aggregate,test,DayWeek,9 DayWeek 8-building aggregate peak_reduction_min_pct,-0.1310143376537229,%,,b2cd308f3a4bc45329f79e8eedd45579ab1877c74b6cb02968a687dc1624801c,NONE,YES,
CLM-2469,Final DOEF,9 DayWeek 8-building aggregate peak_reduction_max_pct,EXACT_RECOVERED,A,9,outputs/phase9/final_benchmark.csv,row[2].peak_reduction_max_pct,8-building aggregate,test,DayWeek,9 DayWeek 8-building aggregate peak_reduction_max_pct,11.312897424377178,%,,b2cd308f3a4bc45329f79e8eedd45579ab1877c74b6cb02968a687dc1624801c,NONE,YES,
CLM-2470,Final DOEF,9 LightGBM 8-building aggregate normalized_mae_mean,EXACT_RECOVERED,A,9,outputs/phase9/final_benchmark.csv,row[3].normalized_mae_mean,8-building aggregate,test,LightGBM,9 LightGBM 8-building aggregate normalized_mae_mean,0.1473380276776882,dimensionless,,b2cd308f3a4bc45329f79e8eedd45579ab1877c74b6cb02968a687dc1624801c,NONE,YES,
CLM-2471,Final DOEF,9 LightGBM 8-building aggregate normalized_mae_median,EXACT_RECOVERED,A,9,outputs/phase9/final_benchmark.csv,row[3].normalized_mae_median,8-building aggregate,test,LightGBM,9 LightGBM 8-building aggregate normalized_mae_median,0.0849925613653012,dimensionless,,b2cd308f3a4bc45329f79e8eedd45579ab1877c74b6cb02968a687dc1624801c,NONE,YES,
CLM-2472,Final DOEF,9 LightGBM 8-building aggregate normalized_rmse_mean,EXACT_RECOVERED,A,9,outputs/phase9/final_benchmark.csv,row[3].normalized_rmse_mean,8-building aggregate,test,LightGBM,9 LightGBM 8-building aggregate normalized_rmse_mean,0.2169419587841403,dimensionless,,b2cd308f3a4bc45329f79e8eedd45579ab1877c74b6cb02968a687dc1624801c,NONE,YES,
CLM-2473,Final DOEF,9 LightGBM 8-building aggregate normalized_peak_mae_mean,EXACT_RECOVERED,A,9,outputs/phase9/final_benchmark.csv,row[3].normalized_peak_mae_mean,8-building aggregate,test,LightGBM,9 LightGBM 8-building aggregate normalized_peak_mae_mean,0.217359814952041,dimensionless,,b2cd308f3a4bc45329f79e8eedd45579ab1877c74b6cb02968a687dc1624801c,NONE,YES,
CLM-2474,Final DOEF,9 LightGBM 8-building aggregate normalized_decision_regret_mean,EXACT_RECOVERED,A,9,outputs/phase9/final_benchmark.csv,row[3].normalized_decision_regret_mean,8-building aggregate,test,LightGBM,9 LightGBM 8-building aggregate normalized_decision_regret_mean,0.116126784093835,dimensionless,,b2cd308f3a4bc45329f79e8eedd45579ab1877c74b6cb02968a687dc1624801c,NONE,YES,
CLM-2475,Final DOEF,9 LightGBM 8-building aggregate normalized_decision_regret_median,EXACT_RECOVERED,A,9,outputs/phase9/final_benchmark.csv,row[3].normalized_decision_regret_median,8-building aggregate,test,LightGBM,9 LightGBM 8-building aggregate normalized_decision_regret_median,0.0963823976460824,dimensionless,,b2cd308f3a4bc45329f79e8eedd45579ab1877c74b6cb02968a687dc1624801c,NONE,YES,
CLM-2476,Final DOEF,9 LightGBM 8-building aggregate peak_reduction_mean_pct,EXACT_RECOVERED,A,9,outputs/phase9/final_benchmark.csv,row[3].peak_reduction_mean_pct,8-building aggregate,test,LightGBM,9 LightGBM 8-building aggregate peak_reduction_mean_pct,1.0084324543018925,%,,b2cd308f3a4bc45329f79e8eedd45579ab1877c74b6cb02968a687dc1624801c,NONE,YES,
CLM-2477,Final DOEF,9 LightGBM 8-building aggregate peak_reduction_median_pct,EXACT_RECOVERED,A,9,outputs/phase9/final_benchmark.csv,row[3].peak_reduction_median_pct,8-building aggregate,test,LightGBM,9 LightGBM 8-building aggregate peak_reduction_median_pct,5.057121486433106,%,,b2cd308f3a4bc45329f79e8eedd45579ab1877c74b6cb02968a687dc1624801c,NONE,YES,
CLM-2478,Final DOEF,9 LightGBM 8-building aggregate peak_reduction_min_pct,EXACT_RECOVERED,A,9,outputs/phase9/final_benchmark.csv,row[3].peak_reduction_min_pct,8-building aggregate,test,LightGBM,9 LightGBM 8-building aggregate peak_reduction_min_pct,-41.192111813709005,%,,b2cd308f3a4bc45329f79e8eedd45579ab1877c74b6cb02968a687dc1624801c,NONE,YES,
CLM-2479,Final DOEF,9 LightGBM 8-building aggregate peak_reduction_max_pct,EXACT_RECOVERED,A,9,outputs/phase9/final_benchmark.csv,row[3].peak_reduction_max_pct,8-building aggregate,test,LightGBM,9 LightGBM 8-building aggregate peak_reduction_max_pct,13.681487625310265,%,,b2cd308f3a4bc45329f79e8eedd45579ab1877c74b6cb02968a687dc1624801c,NONE,YES,
CLM-2480,Final DOEF,9 XGBoost 8-building aggregate normalized_mae_mean,EXACT_RECOVERED,A,9,outputs/phase9/final_benchmark.csv,row[4].normalized_mae_mean,8-building aggregate,test,XGBoost,9 XGBoost 8-building aggregate normalized_mae_mean,0.1497806938494076,dimensionless,,b2cd308f3a4bc45329f79e8eedd45579ab1877c74b6cb02968a687dc1624801c,NONE,YES,
CLM-2481,Final DOEF,9 XGBoost 8-building aggregate normalized_mae_median,EXACT_RECOVERED,A,9,outputs/phase9/final_benchmark.csv,row[4].normalized_mae_median,8-building aggregate,test,XGBoost,9 XGBoost 8-building aggregate normalized_mae_median,0.0883794846413225,dimensionless,,b2cd308f3a4bc45329f79e8eedd45579ab1877c74b6cb02968a687dc1624801c,NONE,YES,
CLM-2482,Final DOEF,9 XGBoost 8-building aggregate normalized_rmse_mean,EXACT_RECOVERED,A,9,outputs/phase9/final_benchmark.csv,row[4].normalized_rmse_mean,8-building aggregate,test,XGBoost,9 XGBoost 8-building aggregate normalized_rmse_mean,0.2167511842160507,dimensionless,,b2cd308f3a4bc45329f79e8eedd45579ab1877c74b6cb02968a687dc1624801c,NONE,YES,
CLM-2483,Final DOEF,9 XGBoost 8-building aggregate normalized_peak_mae_mean,EXACT_RECOVERED,A,9,outputs/phase9/final_benchmark.csv,row[4].normalized_peak_mae_mean,8-building aggregate,test,XGBoost,9 XGBoost 8-building aggregate normalized_peak_mae_mean,0.2114395161100171,dimensionless,,b2cd308f3a4bc45329f79e8eedd45579ab1877c74b6cb02968a687dc1624801c,NONE,YES,
CLM-2484,Final DOEF,9 XGBoost 8-building aggregate normalized_decision_regret_mean,EXACT_RECOVERED,A,9,outputs/phase9/final_benchmark.csv,row[4].normalized_decision_regret_mean,8-building aggregate,test,XGBoost,9 XGBoost 8-building aggregate normalized_decision_regret_mean,0.1175341513618143,dimensionless,,b2cd308f3a4bc45329f79e8eedd45579ab1877c74b6cb02968a687dc1624801c,NONE,YES,
CLM-2485,Final DOEF,9 XGBoost 8-building aggregate normalized_decision_regret_median,EXACT_RECOVERED,A,9,outputs/phase9/final_benchmark.csv,row[4].normalized_decision_regret_median,8-building aggregate,test,XGBoost,9 XGBoost 8-building aggregate normalized_decision_regret_median,0.0926794108424905,dimensionless,,b2cd308f3a4bc45329f79e8eedd45579ab1877c74b6cb02968a687dc1624801c,NONE,YES,
CLM-2486,Final DOEF,9 XGBoost 8-building aggregate peak_reduction_mean_pct,EXACT_RECOVERED,A,9,outputs/phase9/final_benchmark.csv,row[4].peak_reduction_mean_pct,8-building aggregate,test,XGBoost,9 XGBoost 8-building aggregate peak_reduction_mean_pct,0.4528337144682357,%,,b2cd308f3a4bc45329f79e8eedd45579ab1877c74b6cb02968a687dc1624801c,NONE,YES,
CLM-2487,Final DOEF,9 XGBoost 8-building aggregate peak_reduction_median_pct,EXACT_RECOVERED,A,9,outputs/phase9/final_benchmark.csv,row[4].peak_reduction_median_pct,8-building aggregate,test,XGBoost,9 XGBoost 8-building aggregate peak_reduction_median_pct,4.588389692040035,%,,b2cd308f3a4bc45329f79e8eedd45579ab1877c74b6cb02968a687dc1624801c,NONE,YES,
CLM-2488,Final DOEF,9 XGBoost 8-building aggregate peak_reduction_min_pct,EXACT_RECOVERED,A,9,outputs/phase9/final_benchmark.csv,row[4].peak_reduction_min_pct,8-building aggregate,test,XGBoost,9 XGBoost 8-building aggregate peak_reduction_min_pct,-44.35689885669765,%,,b2cd308f3a4bc45329f79e8eedd45579ab1877c74b6cb02968a687dc1624801c,NONE,YES,
CLM-2489,Final DOEF,9 XGBoost 8-building aggregate peak_reduction_max_pct,EXACT_RECOVERED,A,9,outputs/phase9/final_benchmark.csv,row[4].peak_reduction_max_pct,8-building aggregate,test,XGBoost,9 XGBoost 8-building aggregate peak_reduction_max_pct,12.89310878140217,%,,b2cd308f3a4bc45329f79e8eedd45579ab1877c74b6cb02968a687dc1624801c,NONE,YES,
CLM-2490,Final DOEF,9 CatBoost 8-building aggregate normalized_mae_mean,EXACT_RECOVERED,A,9,outputs/phase9/final_benchmark.csv,row[5].normalized_mae_mean,8-building aggregate,test,CatBoost,9 CatBoost 8-building aggregate normalized_mae_mean,0.1736043750545097,dimensionless,,b2cd308f3a4bc45329f79e8eedd45579ab1877c74b6cb02968a687dc1624801c,NONE,YES,
CLM-2491,Final DOEF,9 CatBoost 8-building aggregate normalized_mae_median,EXACT_RECOVERED,A,9,outputs/phase9/final_benchmark.csv,row[5].normalized_mae_median,8-building aggregate,test,CatBoost,9 CatBoost 8-building aggregate normalized_mae_median,0.0923214179056432,dimensionless,,b2cd308f3a4bc45329f79e8eedd45579ab1877c74b6cb02968a687dc1624801c,NONE,YES,
CLM-2492,Final DOEF,9 CatBoost 8-building aggregate normalized_rmse_mean,EXACT_RECOVERED,A,9,outputs/phase9/final_benchmark.csv,row[5].normalized_rmse_mean,8-building aggregate,test,CatBoost,9 CatBoost 8-building aggregate normalized_rmse_mean,0.239210962621775,dimensionless,,b2cd308f3a4bc45329f79e8eedd45579ab1877c74b6cb02968a687dc1624801c,NONE,YES,
CLM-2493,Final DOEF,9 CatBoost 8-building aggregate normalized_peak_mae_mean,EXACT_RECOVERED,A,9,outputs/phase9/final_benchmark.csv,row[5].normalized_peak_mae_mean,8-building aggregate,test,CatBoost,9 CatBoost 8-building aggregate normalized_peak_mae_mean,0.2313820094294375,dimensionless,,b2cd308f3a4bc45329f79e8eedd45579ab1877c74b6cb02968a687dc1624801c,NONE,YES,
CLM-2494,Final DOEF,9 CatBoost 8-building aggregate normalized_decision_regret_mean,EXACT_RECOVERED,A,9,outputs/phase9/final_benchmark.csv,row[5].normalized_decision_regret_mean,8-building aggregate,test,CatBoost,9 CatBoost 8-building aggregate normalized_decision_regret_mean,0.1187404081252623,dimensionless,,b2cd308f3a4bc45329f79e8eedd45579ab1877c74b6cb02968a687dc1624801c,NONE,YES,
CLM-2495,Final DOEF,9 CatBoost 8-building aggregate normalized_decision_regret_median,EXACT_RECOVERED,A,9,outputs/phase9/final_benchmark.csv,row[5].normalized_decision_regret_median,8-building aggregate,test,CatBoost,9 CatBoost 8-building aggregate normalized_decision_regret_median,0.0942749361144157,dimensionless,,b2cd308f3a4bc45329f79e8eedd45579ab1877c74b6cb02968a687dc1624801c,NONE,YES,
CLM-2496,Final DOEF,9 CatBoost 8-building aggregate peak_reduction_mean_pct,EXACT_RECOVERED,A,9,outputs/phase9/final_benchmark.csv,row[5].peak_reduction_mean_pct,8-building aggregate,test,CatBoost,9 CatBoost 8-building aggregate peak_reduction_mean_pct,-24.48241606779646,%,,b2cd308f3a4bc45329f79e8eedd45579ab1877c74b6cb02968a687dc1624801c,NONE,YES,
CLM-2497,Final DOEF,9 CatBoost 8-building aggregate peak_reduction_median_pct,EXACT_RECOVERED,A,9,outputs/phase9/final_benchmark.csv,row[5].peak_reduction_median_pct,8-building aggregate,test,CatBoost,9 CatBoost 8-building aggregate peak_reduction_median_pct,4.820860917002948,%,,b2cd308f3a4bc45329f79e8eedd45579ab1877c74b6cb02968a687dc1624801c,NONE,YES,
CLM-2498,Final DOEF,9 CatBoost 8-building aggregate peak_reduction_min_pct,EXACT_RECOVERED,A,9,outputs/phase9/final_benchmark.csv,row[5].peak_reduction_min_pct,8-building aggregate,test,CatBoost,9 CatBoost 8-building aggregate peak_reduction_min_pct,-245.94331246534048,%,,b2cd308f3a4bc45329f79e8eedd45579ab1877c74b6cb02968a687dc1624801c,NONE,YES,
CLM-2499,Final DOEF,9 CatBoost 8-building aggregate peak_reduction_max_pct,EXACT_RECOVERED,A,9,outputs/phase9/final_benchmark.csv,row[5].peak_reduction_max_pct,8-building aggregate,test,CatBoost,9 CatBoost 8-building aggregate peak_reduction_max_pct,13.236691454892531,%,,b2cd308f3a4bc45329f79e8eedd45579ab1877c74b6cb02968a687dc1624801c,NONE,YES,
CLM-2500,Final DOEF,9 DOEF 8-building aggregate normalized_mae_mean,EXACT_RECOVERED,A,9,outputs/phase9/final_benchmark.csv,row[6].normalized_mae_mean,8-building aggregate,test,DOEF,9 DOEF 8-building aggregate normalized_mae_mean,0.1379695350007493,dimensionless,,b2cd308f3a4bc45329f79e8eedd45579ab1877c74b6cb02968a687dc1624801c,NONE,YES,
CLM-2501,Final DOEF,9 DOEF 8-building aggregate normalized_mae_median,EXACT_RECOVERED,A,9,outputs/phase9/final_benchmark.csv,row[6].normalized_mae_median,8-building aggregate,test,DOEF,9 DOEF 8-building aggregate normalized_mae_median,0.0797041360928283,dimensionless,,b2cd308f3a4bc45329f79e8eedd45579ab1877c74b6cb02968a687dc1624801c,NONE,YES,
CLM-2502,Final DOEF,9 DOEF 8-building aggregate normalized_rmse_mean,EXACT_RECOVERED,A,9,outputs/phase9/final_benchmark.csv,row[6].normalized_rmse_mean,8-building aggregate,test,DOEF,9 DOEF 8-building aggregate normalized_rmse_mean,0.2078222913306698,dimensionless,,b2cd308f3a4bc45329f79e8eedd45579ab1877c74b6cb02968a687dc1624801c,NONE,YES,
CLM-2503,Final DOEF,9 DOEF 8-building aggregate normalized_peak_mae_mean,EXACT_RECOVERED,A,9,outputs/phase9/final_benchmark.csv,row[6].normalized_peak_mae_mean,8-building aggregate,test,DOEF,9 DOEF 8-building aggregate normalized_peak_mae_mean,0.2071963903828385,dimensionless,,b2cd308f3a4bc45329f79e8eedd45579ab1877c74b6cb02968a687dc1624801c,NONE,YES,
CLM-2504,Final DOEF,9 DOEF 8-building aggregate normalized_decision_regret_mean,EXACT_RECOVERED,A,9,outputs/phase9/final_benchmark.csv,row[6].normalized_decision_regret_mean,8-building aggregate,test,DOEF,9 DOEF 8-building aggregate normalized_decision_regret_mean,0.1119291838879677,dimensionless,,b2cd308f3a4bc45329f79e8eedd45579ab1877c74b6cb02968a687dc1624801c,NONE,YES,
CLM-2505,Final DOEF,9 DOEF 8-building aggregate normalized_decision_regret_median,EXACT_RECOVERED,A,9,outputs/phase9/final_benchmark.csv,row[6].normalized_decision_regret_median,8-building aggregate,test,DOEF,9 DOEF 8-building aggregate normalized_decision_regret_median,0.0941162837837408,dimensionless,,b2cd308f3a4bc45329f79e8eedd45579ab1877c74b6cb02968a687dc1624801c,NONE,YES,
CLM-2506,Final DOEF,9 DOEF 8-building aggregate peak_reduction_mean_pct,EXACT_RECOVERED,A,9,outputs/phase9/final_benchmark.csv,row[6].peak_reduction_mean_pct,8-building aggregate,test,DOEF,9 DOEF 8-building aggregate peak_reduction_mean_pct,6.442331666592077,%,,b2cd308f3a4bc45329f79e8eedd45579ab1877c74b6cb02968a687dc1624801c,NONE,YES,
CLM-2507,Final DOEF,9 DOEF 8-building aggregate peak_reduction_median_pct,EXACT_RECOVERED,A,9,outputs/phase9/final_benchmark.csv,row[6].peak_reduction_median_pct,8-building aggregate,test,DOEF,9 DOEF 8-building aggregate peak_reduction_median_pct,5.629144355214001,%,,b2cd308f3a4bc45329f79e8eedd45579ab1877c74b6cb02968a687dc1624801c,NONE,YES,
CLM-2508,Final DOEF,9 DOEF 8-building aggregate peak_reduction_min_pct,EXACT_RECOVERED,A,9,outputs/phase9/final_benchmark.csv,row[6].peak_reduction_min_pct,8-building aggregate,test,DOEF,9 DOEF 8-building aggregate peak_reduction_min_pct,-1.0170484967146218,%,,b2cd308f3a4bc45329f79e8eedd45579ab1877c74b6cb02968a687dc1624801c,NONE,YES,
CLM-2509,Final DOEF,9 DOEF 8-building aggregate peak_reduction_max_pct,EXACT_RECOVERED,A,9,outputs/phase9/final_benchmark.csv,row[6].peak_reduction_max_pct,8-building aggregate,test,DOEF,9 DOEF 8-building aggregate peak_reduction_max_pct,14.016247016534503,%,,b2cd308f3a4bc45329f79e8eedd45579ab1877c74b6cb02968a687dc1624801c,NONE,YES,
CLM-2510,Final DOEF,9 DOEF 8-building aggregate decision_wins_vs_lightgbm,EXACT_RECOVERED,A,9,outputs/phase9/final_benchmark.csv,row[6].decision_wins_vs_lightgbm,8-building aggregate,test,DOEF,9 DOEF 8-building aggregate decision_wins_vs_lightgbm,6.0,dimensionless,,b2cd308f3a4bc45329f79e8eedd45579ab1877c74b6cb02968a687dc1624801c,NONE,YES,
CLM-2511,Final DOEF,9 DOEF 8-building aggregate decision_ties_vs_lightgbm,EXACT_RECOVERED,A,9,outputs/phase9/final_benchmark.csv,row[6].decision_ties_vs_lightgbm,8-building aggregate,test,DOEF,9 DOEF 8-building aggregate decision_ties_vs_lightgbm,2.0,dimensionless,,b2cd308f3a4bc45329f79e8eedd45579ab1877c74b6cb02968a687dc1624801c,NONE,YES,
CLM-2512,Final DOEF,9 DOEF 8-building aggregate decision_losses_vs_lightgbm,EXACT_RECOVERED,A,9,outputs/phase9/final_benchmark.csv,row[6].decision_losses_vs_lightgbm,8-building aggregate,test,DOEF,9 DOEF 8-building aggregate decision_losses_vs_lightgbm,0.0,dimensionless,,b2cd308f3a4bc45329f79e8eedd45579ab1877c74b6cb02968a687dc1624801c,NONE,YES,
CLM-2513,Final DOEF,9 Peak-aware LightGBM 8-building aggregate normalized_mae_mean,EXACT_RECOVERED,A,9,outputs/phase9/final_benchmark.csv,row[7].normalized_mae_mean,8-building aggregate,test,Peak-aware LightGBM,9 Peak-aware LightGBM 8-building aggregate normalized_mae_mean,0.147586770563029,dimensionless,,b2cd308f3a4bc45329f79e8eedd45579ab1877c74b6cb02968a687dc1624801c,NONE,YES,
CLM-2514,Final DOEF,9 Peak-aware LightGBM 8-building aggregate normalized_mae_median,EXACT_RECOVERED,A,9,outputs/phase9/final_benchmark.csv,row[7].normalized_mae_median,8-building aggregate,test,Peak-aware LightGBM,9 Peak-aware LightGBM 8-building aggregate normalized_mae_median,0.0849925613653012,dimensionless,,b2cd308f3a4bc45329f79e8eedd45579ab1877c74b6cb02968a687dc1624801c,NONE,YES,
CLM-2515,Final DOEF,9 Peak-aware LightGBM 8-building aggregate normalized_rmse_mean,EXACT_RECOVERED,A,9,outputs/phase9/final_benchmark.csv,row[7].normalized_rmse_mean,8-building aggregate,test,Peak-aware LightGBM,9 Peak-aware LightGBM 8-building aggregate normalized_rmse_mean,0.2172835091296721,dimensionless,,b2cd308f3a4bc45329f79e8eedd45579ab1877c74b6cb02968a687dc1624801c,NONE,YES,
CLM-2516,Final DOEF,9 Peak-aware LightGBM 8-building aggregate normalized_peak_mae_mean,EXACT_RECOVERED,A,9,outputs/phase9/final_benchmark.csv,row[7].normalized_peak_mae_mean,8-building aggregate,test,Peak-aware LightGBM,9 Peak-aware LightGBM 8-building aggregate normalized_peak_mae_mean,0.2173714596985529,dimensionless,,b2cd308f3a4bc45329f79e8eedd45579ab1877c74b6cb02968a687dc1624801c,NONE,YES,
CLM-2517,Final DOEF,9 Peak-aware LightGBM 8-building aggregate normalized_decision_regret_mean,EXACT_RECOVERED,A,9,outputs/phase9/final_benchmark.csv,row[7].normalized_decision_regret_mean,8-building aggregate,test,Peak-aware LightGBM,9 Peak-aware LightGBM 8-building aggregate normalized_decision_regret_mean,0.1162024576163798,dimensionless,,b2cd308f3a4bc45329f79e8eedd45579ab1877c74b6cb02968a687dc1624801c,NONE,YES,
CLM-2518,Final DOEF,9 Peak-aware LightGBM 8-building aggregate normalized_decision_regret_median,EXACT_RECOVERED,A,9,outputs/phase9/final_benchmark.csv,row[7].normalized_decision_regret_median,8-building aggregate,test,Peak-aware LightGBM,9 Peak-aware LightGBM 8-building aggregate normalized_decision_regret_median,0.0963823976460824,dimensionless,,b2cd308f3a4bc45329f79e8eedd45579ab1877c74b6cb02968a687dc1624801c,NONE,YES,
CLM-2519,Final DOEF,9 Peak-aware LightGBM 8-building aggregate peak_reduction_mean_pct,EXACT_RECOVERED,A,9,outputs/phase9/final_benchmark.csv,row[7].peak_reduction_mean_pct,8-building aggregate,test,Peak-aware LightGBM,9 Peak-aware LightGBM 8-building aggregate peak_reduction_mean_pct,1.1288134828307546,%,,b2cd308f3a4bc45329f79e8eedd45579ab1877c74b6cb02968a687dc1624801c,NONE,YES,
CLM-2520,Final DOEF,9 Peak-aware LightGBM 8-building aggregate peak_reduction_median_pct,EXACT_RECOVERED,A,9,outputs/phase9/final_benchmark.csv,row[7].peak_reduction_median_pct,8-building aggregate,test,Peak-aware LightGBM,9 Peak-aware LightGBM 8-building aggregate peak_reduction_median_pct,5.057121486433106,%,,b2cd308f3a4bc45329f79e8eedd45579ab1877c74b6cb02968a687dc1624801c,NONE,YES,
CLM-2521,Final DOEF,9 Peak-aware LightGBM 8-building aggregate peak_reduction_min_pct,EXACT_RECOVERED,A,9,outputs/phase9/final_benchmark.csv,row[7].peak_reduction_min_pct,8-building aggregate,test,Peak-aware LightGBM,9 Peak-aware LightGBM 8-building aggregate peak_reduction_min_pct,-41.192111813709005,%,,b2cd308f3a4bc45329f79e8eedd45579ab1877c74b6cb02968a687dc1624801c,NONE,YES,
CLM-2522,Final DOEF,9 Peak-aware LightGBM 8-building aggregate peak_reduction_max_pct,EXACT_RECOVERED,A,9,outputs/phase9/final_benchmark.csv,row[7].peak_reduction_max_pct,8-building aggregate,test,Peak-aware LightGBM,9 Peak-aware LightGBM 8-building aggregate peak_reduction_max_pct,14.644535853541162,%,,b2cd308f3a4bc45329f79e8eedd45579ab1877c74b6cb02968a687dc1624801c,NONE,YES,
CLM-2523,Final DOEF,9 Peak-aware LightGBM 8-building aggregate decision_wins_vs_lightgbm,EXACT_RECOVERED,A,9,outputs/phase9/final_benchmark.csv,row[7].decision_wins_vs_lightgbm,8-building aggregate,test,Peak-aware LightGBM,9 Peak-aware LightGBM 8-building aggregate decision_wins_vs_lightgbm,0.0,dimensionless,,b2cd308f3a4bc45329f79e8eedd45579ab1877c74b6cb02968a687dc1624801c,NONE,YES,
CLM-2524,Final DOEF,9 Peak-aware LightGBM 8-building aggregate decision_ties_vs_lightgbm,EXACT_RECOVERED,A,9,outputs/phase9/final_benchmark.csv,row[7].decision_ties_vs_lightgbm,8-building aggregate,test,Peak-aware LightGBM,9 Peak-aware LightGBM 8-building aggregate decision_ties_vs_lightgbm,7.0,dimensionless,,b2cd308f3a4bc45329f79e8eedd45579ab1877c74b6cb02968a687dc1624801c,NONE,YES,
CLM-2525,Final DOEF,9 Peak-aware LightGBM 8-building aggregate decision_losses_vs_lightgbm,EXACT_RECOVERED,A,9,outputs/phase9/final_benchmark.csv,row[7].decision_losses_vs_lightgbm,8-building aggregate,test,Peak-aware LightGBM,9 Peak-aware LightGBM 8-building aggregate decision_losses_vs_lightgbm,1.0,dimensionless,,b2cd308f3a4bc45329f79e8eedd45579ab1877c74b6cb02968a687dc1624801c,NONE,YES,
CLM-2526,Decision-oriented ensemble,Phase 8 ensemble candidate-weight count,DETERMINISTIC_DERIVED,A,8,outputs/phase8/run_config.json,count(candidate_weights),,,,Phase 8 ensemble candidate-weight count,11,weights,"{""formula"": ""count(candidate_weights)"", ""operands"": [{""path"": ""outputs/phase8/run_config.json"", ""field"": ""candidate_weights""}]}",b4f7b7011df0e2a845dc75ccd8c4fbb716fdaf098794fd8b1861711064c4ad78,NONE,YES,
CLM-2527,Decision-oriented ensemble,Hog_office_Rolando w_forecast,EXACT_RECOVERED,A,8,outputs/phase8/selected_weights.csv,row(building=Hog_office_Rolando).w_forecast,Hog_office_Rolando,validation,DayWeek/LightGBM ensemble,Hog_office_Rolando w_forecast,0.9,ensemble LightGBM weight,,2c0069968f31917c3b4be6d2989bf88f23401be8ddaea779181dbeeceb238959,NONE,YES,
CLM-2528,Decision-oriented ensemble,Hog_office_Rolando w_decision,EXACT_RECOVERED,A,8,outputs/phase8/selected_weights.csv,row(building=Hog_office_Rolando).w_decision,Hog_office_Rolando,validation,DayWeek/LightGBM ensemble,Hog_office_Rolando w_decision,0.7,ensemble LightGBM weight,,2c0069968f31917c3b4be6d2989bf88f23401be8ddaea779181dbeeceb238959,NONE,YES,
CLM-2529,Decision-oriented ensemble,Hog_office_Lavon w_forecast,EXACT_RECOVERED,A,8,outputs/phase8/selected_weights.csv,row(building=Hog_office_Lavon).w_forecast,Hog_office_Lavon,validation,DayWeek/LightGBM ensemble,Hog_office_Lavon w_forecast,0.0,ensemble LightGBM weight,,2c0069968f31917c3b4be6d2989bf88f23401be8ddaea779181dbeeceb238959,NONE,YES,
CLM-2530,Decision-oriented ensemble,Hog_office_Lavon w_decision,EXACT_RECOVERED,A,8,outputs/phase8/selected_weights.csv,row(building=Hog_office_Lavon).w_decision,Hog_office_Lavon,validation,DayWeek/LightGBM ensemble,Hog_office_Lavon w_decision,0.0,ensemble LightGBM weight,,2c0069968f31917c3b4be6d2989bf88f23401be8ddaea779181dbeeceb238959,NONE,YES,
CLM-2531,Decision-oriented ensemble,Hog_office_Joey w_forecast,EXACT_RECOVERED,A,8,outputs/phase8/selected_weights.csv,row(building=Hog_office_Joey).w_forecast,Hog_office_Joey,validation,DayWeek/LightGBM ensemble,Hog_office_Joey w_forecast,0.6,ensemble LightGBM weight,,2c0069968f31917c3b4be6d2989bf88f23401be8ddaea779181dbeeceb238959,NONE,YES,
CLM-2532,Decision-oriented ensemble,Hog_office_Joey w_decision,EXACT_RECOVERED,A,8,outputs/phase8/selected_weights.csv,row(building=Hog_office_Joey).w_decision,Hog_office_Joey,validation,DayWeek/LightGBM ensemble,Hog_office_Joey w_decision,0.3,ensemble LightGBM weight,,2c0069968f31917c3b4be6d2989bf88f23401be8ddaea779181dbeeceb238959,NONE,YES,
CLM-2533,Decision-oriented ensemble,Lamb_office_Caitlin w_forecast,EXACT_RECOVERED,A,8,outputs/phase8/selected_weights.csv,row(building=Lamb_office_Caitlin).w_forecast,Lamb_office_Caitlin,validation,DayWeek/LightGBM ensemble,Lamb_office_Caitlin w_forecast,0.4,ensemble LightGBM weight,,2c0069968f31917c3b4be6d2989bf88f23401be8ddaea779181dbeeceb238959,NONE,YES,
CLM-2534,Decision-oriented ensemble,Lamb_office_Caitlin w_decision,EXACT_RECOVERED,A,8,outputs/phase8/selected_weights.csv,row(building=Lamb_office_Caitlin).w_decision,Lamb_office_Caitlin,validation,DayWeek/LightGBM ensemble,Lamb_office_Caitlin w_decision,0.8,ensemble LightGBM weight,,2c0069968f31917c3b4be6d2989bf88f23401be8ddaea779181dbeeceb238959,NONE,YES,
CLM-2535,Decision-oriented ensemble,Robin_office_Addie w_forecast,EXACT_RECOVERED,A,8,outputs/phase8/selected_weights.csv,row(building=Robin_office_Addie).w_forecast,Robin_office_Addie,validation,DayWeek/LightGBM ensemble,Robin_office_Addie w_forecast,1.0,ensemble LightGBM weight,,2c0069968f31917c3b4be6d2989bf88f23401be8ddaea779181dbeeceb238959,NONE,YES,
CLM-2536,Decision-oriented ensemble,Robin_office_Addie w_decision,EXACT_RECOVERED,A,8,outputs/phase8/selected_weights.csv,row(building=Robin_office_Addie).w_decision,Robin_office_Addie,validation,DayWeek/LightGBM ensemble,Robin_office_Addie w_decision,1.0,ensemble LightGBM weight,,2c0069968f31917c3b4be6d2989bf88f23401be8ddaea779181dbeeceb238959,NONE,YES,
CLM-2537,Decision-oriented ensemble,Lamb_office_Gerardo w_forecast,EXACT_RECOVERED,A,8,outputs/phase8/selected_weights.csv,row(building=Lamb_office_Gerardo).w_forecast,Lamb_office_Gerardo,validation,DayWeek/LightGBM ensemble,Lamb_office_Gerardo w_forecast,0.0,ensemble LightGBM weight,,2c0069968f31917c3b4be6d2989bf88f23401be8ddaea779181dbeeceb238959,NONE,YES,
CLM-2538,Decision-oriented ensemble,Lamb_office_Gerardo w_decision,EXACT_RECOVERED,A,8,outputs/phase8/selected_weights.csv,row(building=Lamb_office_Gerardo).w_decision,Lamb_office_Gerardo,validation,DayWeek/LightGBM ensemble,Lamb_office_Gerardo w_decision,1.0,ensemble LightGBM weight,,2c0069968f31917c3b4be6d2989bf88f23401be8ddaea779181dbeeceb238959,NONE,YES,
CLM-2539,Decision-oriented ensemble,Hog_office_Alexis w_forecast,EXACT_RECOVERED,A,8,outputs/phase8/selected_weights.csv,row(building=Hog_office_Alexis).w_forecast,Hog_office_Alexis,validation,DayWeek/LightGBM ensemble,Hog_office_Alexis w_forecast,0.6,ensemble LightGBM weight,,2c0069968f31917c3b4be6d2989bf88f23401be8ddaea779181dbeeceb238959,NONE,YES,
CLM-2540,Decision-oriented ensemble,Hog_office_Alexis w_decision,EXACT_RECOVERED,A,8,outputs/phase8/selected_weights.csv,row(building=Hog_office_Alexis).w_decision,Hog_office_Alexis,validation,DayWeek/LightGBM ensemble,Hog_office_Alexis w_decision,0.7,ensemble LightGBM weight,,2c0069968f31917c3b4be6d2989bf88f23401be8ddaea779181dbeeceb238959,NONE,YES,
CLM-2541,Decision-oriented ensemble,Hog_office_Byron w_forecast,EXACT_RECOVERED,A,8,outputs/phase8/selected_weights.csv,row(building=Hog_office_Byron).w_forecast,Hog_office_Byron,validation,DayWeek/LightGBM ensemble,Hog_office_Byron w_forecast,0.9,ensemble LightGBM weight,,2c0069968f31917c3b4be6d2989bf88f23401be8ddaea779181dbeeceb238959,NONE,YES,
CLM-2542,Decision-oriented ensemble,Hog_office_Byron w_decision,EXACT_RECOVERED,A,8,outputs/phase8/selected_weights.csv,row(building=Hog_office_Byron).w_decision,Hog_office_Byron,validation,DayWeek/LightGBM ensemble,Hog_office_Byron w_decision,0.8,ensemble LightGBM weight,,2c0069968f31917c3b4be6d2989bf88f23401be8ddaea779181dbeeceb238959,NONE,YES,
CLM-2543,Decision-oriented ensemble,All per-building ensemble weights were selected exclusively on Validation; Test was evaluated only after weight files were written,EXACT_RECOVERED,A,8,outputs/phase8/run_config.json,test_used_for_selection + test_evaluated_after_weight_files_written,8 fixed office buildings,validation,DOEF,,,,,b4f7b7011df0e2a845dc75ccd8c4fbb716fdaf098794fd8b1861711064c4ad78,NONE,YES,
CLM-2544,Final DOEF,DOEF v1.0 expands to Decision-Oriented Ensemble Forecasting,EXACT_RECOVERED,A,9,outputs/phase9/final_algorithm.json,name + acronym + algorithm_version,,,DOEF v1.0,,,,,9ada55af2ce3b217df78c3f0697a551d6d3d87ace892356163d5a13dd6025125,NONE,YES,
CLM-2545,Final DOEF,DOEF v1.0 is frozen and algorithm development is ended/frozen,EXACT_RECOVERED,A,9,outputs/phase9/final_algorithm.json,freeze_status + algorithm_development_status,,,DOEF v1.0,,,,,9ada55af2ce3b217df78c3f0697a551d6d3d87ace892356163d5a13dd6025125,NONE,YES,
CLM-2546,Final DOEF,Doef Mean Normalized Mae,EXACT_RECOVERED,A,9.1,outputs/phase9_1/final_reporting_summary.json,doef_vs_lightgbm.doef_mean_normalized_mae,8-building equal-building aggregate,test,DOEF v1.0 vs LightGBM,Doef Mean Normalized Mae,0.1379695350007493,dimensionless,,16de5296be9b0798860a85bb8e28116095e80e1bd21df811d87c40940d27fe36,NONE,YES,
CLM-2547,Final DOEF,Lightgbm Mean Normalized Mae,EXACT_RECOVERED,A,9.1,outputs/phase9_1/final_reporting_summary.json,doef_vs_lightgbm.lightgbm_mean_normalized_mae,8-building equal-building aggregate,test,DOEF v1.0 vs LightGBM,Lightgbm Mean Normalized Mae,0.1473380276776882,dimensionless,,16de5296be9b0798860a85bb8e28116095e80e1bd21df811d87c40940d27fe36,NONE,YES,
CLM-2548,Final DOEF,Doef Mean Normalized Regret,EXACT_RECOVERED,A,9.1,outputs/phase9_1/final_reporting_summary.json,doef_vs_lightgbm.doef_mean_normalized_regret,8-building equal-building aggregate,test,DOEF v1.0 vs LightGBM,Doef Mean Normalized Regret,0.1119291838879677,dimensionless,,16de5296be9b0798860a85bb8e28116095e80e1bd21df811d87c40940d27fe36,NONE,YES,
CLM-2549,Final DOEF,Lightgbm Mean Normalized Regret,EXACT_RECOVERED,A,9.1,outputs/phase9_1/final_reporting_summary.json,doef_vs_lightgbm.lightgbm_mean_normalized_regret,8-building equal-building aggregate,test,DOEF v1.0 vs LightGBM,Lightgbm Mean Normalized Regret,0.116126784093835,dimensionless,,16de5296be9b0798860a85bb8e28116095e80e1bd21df811d87c40940d27fe36,NONE,YES,
CLM-2550,Final DOEF,Normalized Mae Relative Improvement Pct,EXACT_RECOVERED,A,9.1,outputs/phase9_1/final_reporting_summary.json,doef_vs_lightgbm.normalized_mae_relative_improvement_pct,8-building equal-building aggregate,test,DOEF v1.0 vs LightGBM,Normalized Mae Relative Improvement Pct,6.358502841800696,%,,16de5296be9b0798860a85bb8e28116095e80e1bd21df811d87c40940d27fe36,NONE,YES,
CLM-2551,Final DOEF,Normalized Regret Relative Improvement Pct,EXACT_RECOVERED,A,9.1,outputs/phase9_1/final_reporting_summary.json,doef_vs_lightgbm.normalized_regret_relative_improvement_pct,8-building equal-building aggregate,test,DOEF v1.0 vs LightGBM,Normalized Regret Relative Improvement Pct,3.6146701543680733,%,,16de5296be9b0798860a85bb8e28116095e80e1bd21df811d87c40940d27fe36,NONE,YES,
CLM-2552,Final DOEF,DOEF decision regret wins versus LightGBM,EXACT_RECOVERED,A,9.1,outputs/phase9_1/final_reporting_summary.json,doef_vs_lightgbm.decision_regret_win_tie_loss.wins,8 buildings,test,DOEF v1.0 vs LightGBM,DOEF decision regret wins versus LightGBM,6,buildings,,16de5296be9b0798860a85bb8e28116095e80e1bd21df811d87c40940d27fe36,NONE,YES,
CLM-2553,Final DOEF,DOEF decision regret ties versus LightGBM,EXACT_RECOVERED,A,9.1,outputs/phase9_1/final_reporting_summary.json,doef_vs_lightgbm.decision_regret_win_tie_loss.ties,8 buildings,test,DOEF v1.0 vs LightGBM,DOEF decision regret ties versus LightGBM,2,buildings,,16de5296be9b0798860a85bb8e28116095e80e1bd21df811d87c40940d27fe36,NONE,YES,
CLM-2554,Final DOEF,DOEF decision regret losses versus LightGBM,EXACT_RECOVERED,A,9.1,outputs/phase9_1/final_reporting_summary.json,doef_vs_lightgbm.decision_regret_win_tie_loss.losses,8 buildings,test,DOEF v1.0 vs LightGBM,DOEF decision regret losses versus LightGBM,0,buildings,,16de5296be9b0798860a85bb8e28116095e80e1bd21df811d87c40940d27fe36,NONE,YES,
CLM-2555,Final test evidence,Building-level bootstrap resamples,EXACT_RECOVERED,A,9.1,outputs/phase9_1/final_reporting_summary.json,building_level_bootstrap.resamples,8 buildings,test,DOEF v1.0 minus LightGBM,Building-level bootstrap resamples,10000,resamples,,16de5296be9b0798860a85bb8e28116095e80e1bd21df811d87c40940d27fe36,NONE,YES,
CLM-2556,Final test evidence,Building-level bootstrap point_estimate,EXACT_RECOVERED,A,9.1,outputs/phase9_1/final_reporting_summary.json,building_level_bootstrap.point_estimate,8 buildings,test,DOEF v1.0 minus LightGBM,Building-level bootstrap point_estimate,-0.0041976002058672825,normalized regret difference,,16de5296be9b0798860a85bb8e28116095e80e1bd21df811d87c40940d27fe36,NONE,YES,
CLM-2557,Final test evidence,Building-level bootstrap ci95_lower,EXACT_RECOVERED,A,9.1,outputs/phase9_1/final_reporting_summary.json,building_level_bootstrap.ci95_lower,8 buildings,test,DOEF v1.0 minus LightGBM,Building-level bootstrap ci95_lower,-0.0068502135531734835,normalized regret difference,,16de5296be9b0798860a85bb8e28116095e80e1bd21df811d87c40940d27fe36,NONE,YES,
CLM-2558,Final test evidence,Building-level bootstrap ci95_upper,EXACT_RECOVERED,A,9.1,outputs/phase9_1/final_reporting_summary.json,building_level_bootstrap.ci95_upper,8 buildings,test,DOEF v1.0 minus LightGBM,Building-level bootstrap ci95_upper,-0.0017190447979306138,normalized regret difference,,16de5296be9b0798860a85bb8e28116095e80e1bd21df811d87c40940d27fe36,NONE,YES,
CLM-2559,Final test evidence,Building-level bootstrap probability_mean_less_than_zero,EXACT_RECOVERED,A,9.1,outputs/phase9_1/final_reporting_summary.json,building_level_bootstrap.probability_mean_less_than_zero,8 buildings,test,DOEF v1.0 minus LightGBM,Building-level bootstrap probability_mean_less_than_zero,1.0,probability,,16de5296be9b0798860a85bb8e28116095e80e1bd21df811d87c40940d27fe36,NONE,YES,
CLM-2560,Reproducibility,DOEF prediction invariance samples,EXACT_RECOVERED,A,9.1,outputs/phase9_1/doef_prediction_invariance.json,samples,8 buildings,test,DOEF v1.0,DOEF prediction invariance samples,5760,predictions,,85bcf0cf3d0c5ef9ec12d48ef2f7a601dcdfbf1845b0e821ca6cd6ddf9844a42,NONE,YES,
CLM-2561,Reproducibility,DOEF prediction invariance maximum absolute delta,EXACT_RECOVERED,A,9.1,outputs/phase9_1/doef_prediction_invariance.json,max_absolute_delta,8 buildings,test,DOEF v1.0,DOEF prediction invariance maximum absolute delta,0.0,kW,,85bcf0cf3d0c5ef9ec12d48ef2f7a601dcdfbf1845b0e821ca6cd6ddf9844a42,NONE,YES,
CLM-2562,Reproducibility,Canonical Phase 7-9 artifact hash audit count,EXACT_RECOVERED,A,9.1,outputs/phase9_1/artifact_hash_audit.json,artifact_count,,,,Canonical Phase 7-9 artifact hash audit count,76,artifacts,,3f246b62a1d4938dfb6835dd57036694bb877868b09725e0f3298aa2cfa7f9aa,NONE,YES,
CLM-2563,Reproducibility,Automated tests in Phase 9.1 baseline full test,EXACT_RECOVERED,A,9.1,outputs/phase9_1/artifact_hash_audit.json,baseline_full_test.tests_run,,,,Automated tests in Phase 9.1 baseline full test,112,tests,,3f246b62a1d4938dfb6835dd57036694bb877868b09725e0f3298aa2cfa7f9aa,NONE,YES,Historical frozen test evidence; Phase 13.0A performs its own structural/readability checks without rerunning algorithms.
CLM-2564,Problem / dataset,"The external BDG2 release universally contains exactly 1,578 buildings",AMBIGUOUS,A,3,outputs/phase3/building_selection.csv,count(data rows),,,,,1578,buildings,,36a089b8b8ff50193be54c525c5ec0dacb56006fbe4bea876e94b377a0dd629e,SCOPE_AMBIGUITY,CONDITIONAL,"The frozen table proves 1,578 represented building series in this project selection universe, not an invariant count for every external dataset release/version."
CLM-2565,Forecast comparison,The LightGBM Test MAE is a single unique number,AMBIGUOUS,A/B,3-7,outputs/phase3/run_report.json,metrics / multiple protocol versions,Hog_office_Rolando,test,LightGBM,,,,,f3dfd5afe5e7475231714bfede9e249a294ddc8b0c3b62fb246c0ade58678927,MULTIPLE_MODEL_PROTOCOLS,NO,"Phase 3, Phase 4, Phase 4.5, and Phase 7 values differ by model/protocol; cite phase and model version."
CLM-2566,Forecast task,Train/Validation/Test dates without stating feature-time versus target-time semantics,AMBIGUOUS,A,3-7,outputs/phase4_5/final_config.json,feature_time_boundaries,,,,,,,,414bce43e889b78940ebf0f17588d66eff624b4348e144ce424816801786fffa,TIMESTAMP_SCOPE,NO,Use feature timestamps plus explicit target=feature+24h; historical Phase 3 labels differ.
CLM-2567,Decision-oriented evaluation,Peak reduction is a single cross-project scalar,AMBIGUOUS,A,5-9,outputs/phase9_1/metric_semantics.json,peak_reduction_percentage,,,,,,,,ff07f2ee0d96b2676f84ab13f6302543cb1b51defb8f8420dfb6ba6d634de574,BUILDING_AND_AGGREGATION_SCOPE,NO,"Values vary by building, method, split, whole-window versus daily scope, and aggregation."
CLM-2568,Multi-building generalization,DOEF demonstrates unseen-building transfer,UNRECOVERABLE,A,9.1,outputs/phase9_1/final_reporting_summary.json,evaluation_scope.not_unseen_building_transfer,,,,,,,,16de5296be9b0798860a85bb8e28116095e80e1bd21df811d87c40940d27fe36,NONE,NO,"Frozen evaluation is eight fixed buildings, not unseen-building transfer."
CLM-2569,Battery optimization,Tariff or monetary savings,UNRECOVERABLE,A,9.1,outputs/phase9_1/final_reporting_summary.json,limitations / test_protocol,,,,,,,,16de5296be9b0798860a85bb8e28116095e80e1bd21df811d87c40940d27fe36,NONE,NO,UNRECOVERABLE_WITHOUT_NEW_EXPERIMENT or absent frozen outcome model.
CLM-2570,Battery optimization,Carbon-emission reduction,UNRECOVERABLE,A,9.1,outputs/phase9_1/final_reporting_summary.json,limitations / test_protocol,,,,,,,,16de5296be9b0798860a85bb8e28116095e80e1bd21df811d87c40940d27fe36,NONE,NO,UNRECOVERABLE_WITHOUT_NEW_EXPERIMENT or absent frozen outcome model.
CLM-2571,Battery optimization,Energy-use reduction,UNRECOVERABLE,A,9.1,outputs/phase9_1/final_reporting_summary.json,limitations / test_protocol,,,,,,,,16de5296be9b0798860a85bb8e28116095e80e1bd21df811d87c40940d27fe36,NONE,NO,UNRECOVERABLE_WITHOUT_NEW_EXPERIMENT or absent frozen outcome model.
CLM-2572,Multi-building generalization,Results beyond the eight fixed office buildings,UNRECOVERABLE,A,9.1,outputs/phase9_1/final_reporting_summary.json,limitations / test_protocol,,,,,,,,16de5296be9b0798860a85bb8e28116095e80e1bd21df811d87c40940d27fe36,NONE,NO,UNRECOVERABLE_WITHOUT_NEW_EXPERIMENT or absent frozen outcome model.
CLM-2573,Final test evidence,Results beyond one fixed future Test month per building,UNRECOVERABLE,A,9.1,outputs/phase9_1/final_reporting_summary.json,limitations / test_protocol,,,,,,,,16de5296be9b0798860a85bb8e28116095e80e1bd21df811d87c40940d27fe36,NONE,NO,UNRECOVERABLE_WITHOUT_NEW_EXPERIMENT or absent frozen outcome model.
CLM-2574,Final test evidence,A pristine never-before-viewed Test set,UNRECOVERABLE,A,9.1,outputs/phase9_1/final_reporting_summary.json,limitations / test_protocol,,,,,,,,16de5296be9b0798860a85bb8e28116095e80e1bd21df811d87c40940d27fe36,NONE,NO,UNRECOVERABLE_WITHOUT_NEW_EXPERIMENT or absent frozen outcome model.
CLM-2575,Existing figure,Reusable frozen figure: Feature Importance,FIGURE_REUSABLE_ONLY,C,3,outputs/phase3/feature_importance.png,image,,,,,,,,1935bd333f3134afcf5f3f5fa489b305b57fd59986a0491e279f45b6f1d30a6b,NONE,CONDITIONAL,SCIENTIFIC_ONLY; underlying data: outputs/phase4_5/feature_importance.csv
CLM-2576,Existing figure,Reusable frozen figure: Forecast Plot,FIGURE_REUSABLE_ONLY,C,3,outputs/phase3/forecast_plot.png,image,,,,,,,,f3605f7593ed442cc2017e18308c405ece3d6b59ac246c9d11aa9d0bd8595627,NONE,CONDITIONAL,LOW_VALUE; underlying data: outputs/phase3/predictions.csv
CLM-2577,Existing figure,Reusable frozen figure: 01 Test Actual Vs Prediction,FIGURE_REUSABLE_ONLY,C,4,outputs/phase4/figures/01_test_actual_vs_prediction.png,image,,,,,,,,a2bcad62f5135525a4d53fb9fa8cddc12a66b819033d0483b60ead29a23e2fd6,NONE,CONDITIONAL,LOW_VALUE; underlying data: outputs/phase4/model_comparison.csv
CLM-2578,Existing figure,Reusable frozen figure: 02 Test Scatter,FIGURE_REUSABLE_ONLY,C,4,outputs/phase4/figures/02_test_scatter.png,image,,,,,,,,5ae33b95eeae5418a17966c9ad872c4003472f139e88ec3fb895e3dc0a56edb8,NONE,CONDITIONAL,SCIENTIFIC_ONLY; underlying data: outputs/phase4/model_comparison.csv
CLM-2579,Existing figure,Reusable frozen figure: 03 Error Distribution,FIGURE_REUSABLE_ONLY,C,4,outputs/phase4/figures/03_error_distribution.png,image,,,,,,,,f4eaf30124af3a8f17d7360ce65ba893dba27f93f1ed3c83990a856a072f2dd2,NONE,CONDITIONAL,SCIENTIFIC_ONLY; underlying data: outputs/phase4/model_comparison.csv
CLM-2580,Existing figure,Reusable frozen figure: 04 Feature Importance,FIGURE_REUSABLE_ONLY,C,4,outputs/phase4/figures/04_feature_importance.png,image,,,,,,,,ef46f278bc4a2f48926a8e89288ecbd43620c8eaca573893624e3ad93da8b6d1,NONE,CONDITIONAL,SCIENTIFIC_ONLY; underlying data: outputs/phase4_5/feature_importance.csv
CLM-2581,Existing figure,Reusable frozen figure: 05 Week Example,FIGURE_REUSABLE_ONLY,C,4,outputs/phase4/figures/05_week_example.png,image,,,,,,,,554ecfa8e71b70268e2d1c1ef421fcbc7f7b3794490f169a27f30020846fc578,NONE,CONDITIONAL,LOW_VALUE; underlying data: outputs/phase4/model_comparison.csv
CLM-2582,Existing figure,Reusable frozen figure: Error By Dayofweek,FIGURE_REUSABLE_ONLY,C,4_5,outputs/phase4_5/error_by_dayofweek.png,image,,,,,,,,5366009f85bda1380f7f735cbbcf8cf08ed5e3901d47662735da1be1078b9320,NONE,CONDITIONAL,SCIENTIFIC_ONLY; underlying data: outputs/phase4_5/error_by_dayofweek.csv
CLM-2583,Existing figure,Reusable frozen figure: Error By Hour,FIGURE_REUSABLE_ONLY,C,4_5,outputs/phase4_5/error_by_hour.png,image,,,,,,,,55f89b084f26763d492c6f0be9ad3ce378ed3f7c10546cdf4eda89a3d112a7f8,NONE,CONDITIONAL,SCIENTIFIC_ONLY; underlying data: outputs/phase4_5/error_by_hour.csv
CLM-2584,Existing figure,Reusable frozen figure: Feature Importance,FIGURE_REUSABLE_ONLY,C,4_5,outputs/phase4_5/feature_importance.png,image,,,,,,,,388e860c578ec6181e6833eb65720c1d89e68e6086f8b35bfd6071ed61677cdb,NONE,CONDITIONAL,SCIENTIFIC_ONLY; underlying data: outputs/phase4_5/feature_importance.csv
CLM-2585,Existing figure,Reusable frozen figure: Test Prediction,FIGURE_REUSABLE_ONLY,C,4_5,outputs/phase4_5/test_prediction.png,image,,,,,,,,8c92bbd8ee945ca9f9673dd164e3a2ada5191aa9a08e0de7d248400216f17802,NONE,CONDITIONAL,LOW_VALUE; underlying data: outputs/phase4_5/final_predictions.csv
CLM-2586,Existing figure,Reusable frozen figure: Test Prediction 7Days,FIGURE_REUSABLE_ONLY,C,4_5,outputs/phase4_5/test_prediction_7days.png,image,,,,,,,,024a535615005b25827b8821fdc1948c08f378e926b24446a854a10c8f977c87,NONE,CONDITIONAL,LOW_VALUE; underlying data: outputs/phase4_5/final_predictions.csv
CLM-2587,Existing figure,Reusable frozen figure: Validation Prediction,FIGURE_REUSABLE_ONLY,C,4_5,outputs/phase4_5/validation_prediction.png,image,,,,,,,,08de28b8963a3ed6384b8e621bb174557a7fc16027a5157109c836d048fd52b5,NONE,CONDITIONAL,LOW_VALUE; underlying data: outputs/phase4_5/final_predictions.csv
CLM-2588,Existing figure,Reusable frozen figure: Battery Size Sensitivity,FIGURE_REUSABLE_ONLY,C,5,outputs/phase5/battery_size_sensitivity.png,image,,,,,,,,4eb717ee48d77af410a6b6f01ae8358710d5a950209077a5f9586c72d117f561,NONE,CONDITIONAL,SCIENTIFIC_ONLY; underlying data: outputs/phase5/battery_size_sensitivity.csv
CLM-2589,Existing figure,Reusable frozen figure: Daily Peak Reduction,FIGURE_REUSABLE_ONLY,C,5,outputs/phase5/daily_peak_reduction.png,image,,,,,,,,b6d0a3ff400f280b60a9d1d7c825bf5b2a849ca7264cbfbbe3160f719d0f3522,NONE,CONDITIONAL,LOW_VALUE; underlying data: outputs/phase5/daily_metrics.csv
CLM-2590,Existing figure,Reusable frozen figure: Example Day Dispatch,FIGURE_REUSABLE_ONLY,C,5,outputs/phase5/example_day_dispatch.png,image,,,,,,,,362b4f338bc3aa6831ae7495267c008b6e5da10a38f5aa147982a9ccd8778a99,NONE,CONDITIONAL,LOW_VALUE; underlying data: outputs/phase5/daily_metrics.csv
CLM-2591,Existing figure,Reusable frozen figure: Example Day Soc,FIGURE_REUSABLE_ONLY,C,5,outputs/phase5/example_day_soc.png,image,,,,,,,,b0983dd27936c1c0fc3c2708d4ba88e4f7fd6f4a2669175b7f32d03e2c978485,NONE,CONDITIONAL,LOW_VALUE; underlying data: outputs/phase5/daily_metrics.csv
CLM-2592,Existing figure,Reusable frozen figure: Peak Comparison,FIGURE_REUSABLE_ONLY,C,5,outputs/phase5/peak_comparison.png,image,,,,,,,,6633f40cc61ad37ce7e3213d44e409862845ddef7b3beb47f6d91564c90fde98,NONE,CONDITIONAL,LOW_VALUE; underlying data: outputs/phase5/daily_metrics.csv
CLM-2593,Existing figure,Reusable frozen figure: Case Failure Day,FIGURE_REUSABLE_ONLY,C,5_7,outputs/phase5_7/case_failure_day.png,image,,,,,,,,2287ccd70ccd35ee693dd3a8d8a844931eae69802ee218cb0e9936b318a2b99b,NONE,CONDITIONAL,SCIENTIFIC_ONLY; underlying data: outputs/phase5_7/test_daily_metrics.csv
CLM-2594,Existing figure,Reusable frozen figure: Case Success Day,FIGURE_REUSABLE_ONLY,C,5_7,outputs/phase5_7/case_success_day.png,image,,,,,,,,a0d067a9f54b242ba0aac1415a3725064a2ed7fadfb9ff1f39d4d4d37bf6d294,NONE,CONDITIONAL,LOW_VALUE; underlying data: outputs/phase5_7/test_daily_metrics.csv
CLM-2595,Existing figure,Reusable frozen figure: Daily Regret Comparison,FIGURE_REUSABLE_ONLY,C,5_7,outputs/phase5_7/daily_regret_comparison.png,image,,,,,,,,55063503219711f22dcc867bc543062325f391a42b68a69fda20b4ed51305402,NONE,CONDITIONAL,LOW_VALUE; underlying data: outputs/phase5_7/test_daily_metrics.csv
CLM-2596,Existing figure,Reusable frozen figure: Deterministic Vs Robust Daily Peaks,FIGURE_REUSABLE_ONLY,C,5_7,outputs/phase5_7/deterministic_vs_robust_daily_peaks.png,image,,,,,,,,6f1fb3c5e6c71d5e9c150cd8c9f88f16cfe03ff37b812c7f24045d781e79a7f6,NONE,CONDITIONAL,LOW_VALUE; underlying data: outputs/phase5_7/test_daily_metrics.csv
CLM-2597,Existing figure,Reusable frozen figure: Lambda Sensitivity,FIGURE_REUSABLE_ONLY,C,5_7,outputs/phase5_7/lambda_sensitivity.png,image,,,,,,,,523b6d8f9c1020e06007a2b8bc914cef49fcd4f2b3b89de27e122c1c31c4e8a4,NONE,CONDITIONAL,SCIENTIFIC_ONLY; underlying data: outputs/phase5_7/test_daily_metrics.csv
CLM-2598,Existing figure,Reusable frozen figure: 01 Morphology Map,FIGURE_REUSABLE_ONLY,C,7,outputs/phase7/figures/01_morphology_map.png,image,,,,,,,,11e7c3543cd4bc15efcb9225d1c6f141841fc98033e4f075799f8c2f17c7e178,NONE,YES,PPT_READY; underlying data: outputs/phase7/building_candidate_statistics.csv
CLM-2599,Existing figure,Reusable frozen figure: 02 Normalized Forecast Comparison,FIGURE_REUSABLE_ONLY,C,7,outputs/phase7/figures/02_normalized_forecast_comparison.png,image,,,,,,,,dd53673c537c77117e661f80074305e8fa4cbdf6e9e198cdc7dfbdff9c46c3f5,NONE,YES,PPT_READY; underlying data: outputs/phase7/model_test_forecast_metrics.csv
CLM-2600,Existing figure,Reusable frozen figure: 03 Decision Comparison,FIGURE_REUSABLE_ONLY,C,7,outputs/phase7/figures/03_decision_comparison.png,image,,,,,,,,ac5554bd5bb0999ab948b4e01147843898f11b0e7a66fcbc30cd2e53f1e72a2d,NONE,YES,PPT_READY; underlying data: outputs/phase7/model_test_decision_metrics.csv
CLM-2601,Existing figure,Reusable frozen figure: 04 Forecast Vs Decision Rank,FIGURE_REUSABLE_ONLY,C,7,outputs/phase7/figures/04_forecast_vs_decision_rank.png,image,,,,,,,,163e16ba4804830af1bae45153f7788433ad8186213a39836eef48a1f5944598,NONE,CONDITIONAL,PPT_REFORMAT_RECOMMENDED; underlying data: outputs/phase7/paired_model_comparison.csv
CLM-2602,Existing figure,Reusable frozen figure: 05 Average Rank,FIGURE_REUSABLE_ONLY,C,7,outputs/phase7/figures/05_average_rank.png,image,,,,,,,,3d1a208783b7f6249a9b3e5df100be76ca2acb7c2d3eede1cd4e6fe3bda15a80,NONE,CONDITIONAL,LOW_VALUE; underlying data: outputs/phase7/model_test_forecast_metrics.csv
CLM-2603,Existing figure,Reusable frozen figure: 06 Success Case,FIGURE_REUSABLE_ONLY,C,7,outputs/phase7/figures/06_success_case.png,image,,,,,,,,05d9a6b9d9537143fc9354e933db73e133354a89858f70deacf24bc490c3bfc8,NONE,CONDITIONAL,LOW_VALUE; underlying data: outputs/phase7/model_test_forecast_metrics.csv
CLM-2604,Existing figure,Reusable frozen figure: 07 Failure Case,FIGURE_REUSABLE_ONLY,C,7,outputs/phase7/figures/07_failure_case.png,image,,,,,,,,2c65392092079729ff7e1d0f43c87f3782fdf9d02032904837a87cd47f1c7835,NONE,CONDITIONAL,SCIENTIFIC_ONLY; underlying data: outputs/phase7/model_test_forecast_metrics.csv
CLM-2605,Existing figure,Reusable frozen figure: 08 Ensemble Improvement,FIGURE_REUSABLE_ONLY,C,7,outputs/phase7/figures/08_ensemble_improvement.png,image,,,,,,,,1a46c68fe0e8bc28a1916eff3e9a29a50efaed5896bc2881a682f8eb531dd584,NONE,CONDITIONAL,LOW_VALUE; underlying data: outputs/phase7/model_test_forecast_metrics.csv
CLM-2606,Existing figure,Reusable frozen figure: 01 Validation Weight Vs Mae,FIGURE_REUSABLE_ONLY,C,8,outputs/phase8/figures/01_validation_weight_vs_mae.png,image,,,,,,,,fd5060d1c37c38a696c9c23a5929396fb6c261e342d18eb356f31f103396dbe7,NONE,YES,PPT_READY; underlying data: outputs/phase8/validation_weight_search.csv
CLM-2607,Existing figure,Reusable frozen figure: 02 Validation Weight Vs Regret,FIGURE_REUSABLE_ONLY,C,8,outputs/phase8/figures/02_validation_weight_vs_regret.png,image,,,,,,,,5a3ca07d87033671c69d8a39f0a11bb9ca9a1f393d1d9691abed7ff8b3822046,NONE,YES,PPT_READY; underlying data: outputs/phase8/validation_weight_search.csv
CLM-2608,Existing figure,Reusable frozen figure: 03 Selected Weights,FIGURE_REUSABLE_ONLY,C,8,outputs/phase8/figures/03_selected_weights.png,image,,,,,,,,281d12edca9dfee3b31cd2ee5e4f643fda0f7e90848698670e2e7f310499c889,NONE,YES,PPT_READY; underlying data: outputs/phase8/selected_weights.csv
CLM-2609,Existing figure,Reusable frozen figure: 04 Test Decision Regret,FIGURE_REUSABLE_ONLY,C,8,outputs/phase8/figures/04_test_decision_regret.png,image,,,,,,,,1bbd66bd870d6612f4b9790bd35036bee84d0bc853b38501e8ed0fb54885099e,NONE,YES,PPT_READY; underlying data: outputs/phase8/test_daily_decision_metrics.csv
CLM-2610,Existing figure,Reusable frozen figure: 05 Forecast Vs Decision Effect,FIGURE_REUSABLE_ONLY,C,8,outputs/phase8/figures/05_forecast_vs_decision_effect.png,image,,,,,,,,6bc5ba0250724df336f2836bb465e913a9356f4109d5c4cd20e4abff6b90608c,NONE,YES,PPT_READY; underlying data: outputs/phase8/test_daily_decision_metrics.csv
CLM-2611,Existing figure,Reusable frozen figure: 06 Representative Dispatch,FIGURE_REUSABLE_ONLY,C,8,outputs/phase8/figures/06_representative_dispatch.png,image,,,,,,,,a0bb0ec0cc353021314112ccfa36b9e4f2c74dd18b03905e1f9dd121be1b12ca,NONE,YES,PPT_READY; underlying data: outputs/phase8/test_daily_decision_metrics.csv
CLM-2612,Existing figure,Reusable frozen figure: 01 Forecast Vs Decision,FIGURE_REUSABLE_ONLY,C,9,outputs/phase9/figures/01_forecast_vs_decision.png,image,,,,,,,,a1171e0e948089af290e1ed3f68da58cb26966fea7e7ff694c35afb63d54f8e9,NONE,YES,PPT_READY; underlying data: outputs/phase9/final_benchmark.csv
CLM-2613,Existing figure,Reusable frozen figure: 02 Building Decision Comparison,FIGURE_REUSABLE_ONLY,C,9,outputs/phase9/figures/02_building_decision_comparison.png,image,,,,,,,,a1eb1784f528cb096f12417463604b0411d1c95229c5ea043652e656ba7104d6,NONE,YES,PPT_READY; underlying data: outputs/phase7/model_test_decision_metrics.csv
CLM-2614,Existing figure,Reusable frozen figure: 03 Core Improvements,FIGURE_REUSABLE_ONLY,C,9,outputs/phase9/figures/03_core_improvements.png,image,,,,,,,,991f41101af7d8fe1a6e4603de444057849ce865e695006d9c18c053877cf81e,NONE,YES,PPT_READY; underlying data: outputs/phase9/final_benchmark.csv
CLM-2615,Existing figure,Reusable frozen figure: 04 Peak Quality Vs Decision,FIGURE_REUSABLE_ONLY,C,9,outputs/phase9/figures/04_peak_quality_vs_decision.png,image,,,,,,,,fdfa7382f1ec47a7cc81264faa751bc976a415956e12c004555c64bb23d2dc3f,NONE,YES,PPT_READY; underlying data: outputs/phase9/final_benchmark.csv
CLM-2616,Existing figure,Reusable frozen figure: 05 Efficiency,FIGURE_REUSABLE_ONLY,C,9,outputs/phase9/figures/05_efficiency.png,image,,,,,,,,775d6f9e73750297b9ed45e6d397d7a52c9c8998c33f22089ec67aeb89ac7921,NONE,YES,PPT_READY; underlying data: outputs/phase9/efficiency_metrics.csv
CLM-2617,Existing figure,Reusable frozen figure: 06 Validation Search,FIGURE_REUSABLE_ONLY,C,9,outputs/phase9/figures/06_validation_search.png,image,,,,,,,,76184f282f68591dbab694ef3d5280e1fae1304a29e05591046a74ce31a9b9d1,NONE,YES,PPT_READY; underlying data: outputs/phase9/validation_search.csv
CLM-2618,Existing figure,Reusable frozen figure: .Gitkeep,FIGURE_REUSABLE_ONLY,C,data,reports/figures/.gitkeep,image,,,,,,,,01ba4719c80b6fe911b091a7c05124b64eeece964e09c058ef8f9805daca546b,NONE,CONDITIONAL,LOW_VALUE; underlying data: data/processed/campus_hourly.csv
CLM-2619,Existing figure,Reusable frozen figure: 01 Full Load Overview,FIGURE_REUSABLE_ONLY,C,data,reports/figures/01_full_load_overview.png,image,,,,,,,,59f93444378b8b02621cef992feb4c9c910f0ba6357d13102ef7c9d59769dc20,NONE,CONDITIONAL,LOW_VALUE; underlying data: data/processed/campus_hourly.csv
CLM-2620,Existing figure,Reusable frozen figure: 02 Seven Day Load,FIGURE_REUSABLE_ONLY,C,data,reports/figures/02_seven_day_load.png,image,,,,,,,,4d13d58a89854ee44be8e8ca70da24855921221b41a388e5d30216afcfe9395e,NONE,CONDITIONAL,LOW_VALUE; underlying data: data/processed/campus_hourly.csv
CLM-2621,Existing figure,Reusable frozen figure: 03 Mean 24H Profile,FIGURE_REUSABLE_ONLY,C,data,reports/figures/03_mean_24h_profile.png,image,,,,,,,,acdf363d940e7ce914774f80ad46dd0b605c68e86014b5f4f345a529deca66e4,NONE,CONDITIONAL,LOW_VALUE; underlying data: data/processed/campus_hourly.csv
CLM-2622,Existing figure,Reusable frozen figure: 04 Weekday Mean Load,FIGURE_REUSABLE_ONLY,C,data,reports/figures/04_weekday_mean_load.png,image,,,,,,,,c54f2f7b9dd6ea8b869c2e4b3170ff935a8736ec92644fa0ca93088b17d31bea,NONE,CONDITIONAL,LOW_VALUE; underlying data: data/processed/campus_hourly.csv
CLM-2623,Existing figure,Reusable frozen figure: 05 Temperature Vs Load,FIGURE_REUSABLE_ONLY,C,data,reports/figures/05_temperature_vs_load.png,image,,,,,,,,5efa95da87e8e9d8e97275bf5bb5bc5c01075aaabfef0309d3fea6d9e7e507dc,NONE,CONDITIONAL,LOW_VALUE; underlying data: data/processed/campus_hourly.csv
