building,split,date,method,solver_success,soc_violations,power_violations,simultaneous_charge_discharge_violations,soc_transition_violations,max_abs_soc_transition_error,initial_soc_error,terminal_soc_error,nan_or_inf_count
Hog_office_Rolando,validation,2017-11-02,Oracle,True,0,0,0,0,2.6147972675971687e-12,0.0,0.0,0
Hog_office_Rolando,validation,2017-11-03,Oracle,True,0,0,0,0,5.002220859751105e-12,0.0,0.0,0
Hog_office_Rolando,validation,2017-11-04,Oracle,True,0,0,0,0,1.9895196601282805e-12,0.0,0.0,0
Hog_office_Rolando,validation,2017-11-05,Oracle,True,0,0,0,0,0.0,0.0,0.0,0
Hog_office_Rolando,validation,2017-11-06,Oracle,True,0,0,0,0,2.6147972675971687e-12,0.0,0.0,0
Hog_office_Rolando,validation,2017-11-07,Oracle,True,0,0,0,0,5.115907697472721e-12,0.0,0.0,0
Hog_office_Rolando,validation,2017-11-08,Oracle,True,0,0,0,0,4.547473508864641e-12,0.0,0.0,0
Hog_office_Rolando,validation,2017-11-09,Oracle,True,0,0,0,0,4.092726157978177e-12,0.0,0.0,0
Hog_office_Rolando,validation,2017-11-10,Oracle,True,0,0,0,0,3.751665644813329e-12,0.0,0.0,0
Hog_office_Rolando,validation,2017-11-11,Oracle,True,0,0,0,0,7.958078640513122e-13,0.0,0.0,0
Hog_office_Rolando,validation,2017-11-12,Oracle,True,0,0,0,0,2.5011104298755527e-12,0.0,0.0,0
Hog_office_Rolando,validation,2017-11-13,Oracle,True,0,0,0,0,3.808509063674137e-12,0.0,0.0,0
Hog_office_Rolando,validation,2017-11-14,Oracle,True,0,0,0,0,6.423306331271306e-12,0.0,0.0,0
Hog_office_Rolando,validation,2017-11-15,Oracle,True,0,0,0,0,1.3642420526593924e-12,0.0,0.0,0
Hog_office_Rolando,validation,2017-11-16,Oracle,True,0,0,0,0,5.059064278611913e-12,0.0,0.0,0
Hog_office_Rolando,validation,2017-11-17,Oracle,True,0,0,0,0,4.320099833421409e-12,0.0,0.0,0
Hog_office_Rolando,validation,2017-11-18,Oracle,True,0,0,0,0,3.922195901395753e-12,0.0,0.0,0
Hog_office_Rolando,validation,2017-11-19,Oracle,True,0,0,0,0,5.684341886080801e-13,0.0,0.0,0
Hog_office_Rolando,validation,2017-11-20,Oracle,True,0,0,0,0,4.263256414560601e-12,0.0,0.0,0
Hog_office_Rolando,validation,2017-11-21,Oracle,True,0,0,0,0,2.3305801732931286e-12,0.0,0.0,0
Hog_office_Rolando,validation,2017-11-22,Oracle,True,0,0,0,0,3.069544618483633e-12,0.0,0.0,0
Hog_office_Rolando,validation,2017-11-23,Oracle,True,0,0,0,0,5.4569682106375694e-12,0.0,0.0,0
Hog_office_Rolando,validation,2017-11-24,Oracle,True,0,0,0,0,1.4210854715202004e-12,0.0,0.0,0
Hog_office_Rolando,validation,2017-11-25,Oracle,True,0,0,0,0,1.1368683772161603e-12,0.0,0.0,0
Hog_office_Rolando,validation,2017-11-26,Oracle,True,0,0,0,0,3.240074875066057e-12,0.0,0.0,0
Hog_office_Rolando,validation,2017-11-27,Oracle,True,0,0,0,0,6.536993168992922e-12,0.0,0.0,0
Hog_office_Rolando,validation,2017-11-28,Oracle,True,0,0,0,0,4.206412995699793e-12,0.0,0.0,0
Hog_office_Rolando,validation,2017-11-29,Oracle,True,0,0,0,0,4.263256414560601e-12,0.0,0.0,0
Hog_office_Rolando,validation,2017-11-30,Oracle,True,0,0,0,0,3.637978807091713e-12,0.0,0.0,0
Hog_office_Rolando,validation,2017-11-02,Weight_0.0,True,0,0,0,0,3.0127011996228248e-12,0.0,0.0,0
Hog_office_Rolando,validation,2017-11-03,Weight_0.0,True,0,0,0,0,3.865352482534945e-12,0.0,0.0,0
Hog_office_Rolando,validation,2017-11-04,Weight_0.0,True,0,0,0,0,3.524291969370097e-12,0.0,0.0,0
Hog_office_Rolando,validation,2017-11-05,Weight_0.0,True,0,0,0,0,3.296918293926865e-12,0.0,0.0,0
Hog_office_Rolando,validation,2017-11-06,Weight_0.0,True,0,0,0,0,2.1032064978498966e-12,0.0,0.0,0
Hog_office_Rolando,validation,2017-11-07,Weight_0.0,True,0,0,0,0,1.3642420526593924e-12,0.0,0.0,0
Hog_office_Rolando,validation,2017-11-08,Weight_0.0,True,0,0,0,0,4.661160346586257e-12,0.0,0.0,0
Hog_office_Rolando,validation,2017-11-09,Weight_0.0,True,0,0,0,0,3.467448550509289e-12,0.0,0.0,0
Hog_office_Rolando,validation,2017-11-10,Weight_0.0,True,0,0,0,0,3.808509063674137e-12,0.0,0.0,0
Hog_office_Rolando,validation,2017-11-11,Weight_0.0,True,0,0,0,0,5.7411853049416095e-12,0.0,0.0,0
Hog_office_Rolando,validation,2017-11-12,Weight_0.0,True,0,0,0,0,5.684341886080802e-14,0.0,0.0,0
Hog_office_Rolando,validation,2017-11-13,Weight_0.0,True,0,0,0,0,4.604316927725449e-12,0.0,0.0,0
Hog_office_Rolando,validation,2017-11-14,Weight_0.0,True,0,0,0,0,5.002220859751105e-12,0.0,0.0,0
Hog_office_Rolando,validation,2017-11-15,Weight_0.0,True,0,0,0,0,1.7621459846850485e-12,0.0,0.0,0
Hog_office_Rolando,validation,2017-11-16,Weight_0.0,True,0,0,0,0,4.774847184307873e-12,0.0,0.0,0
Hog_office_Rolando,validation,2017-11-17,Weight_0.0,True,0,0,0,0,3.524291969370097e-12,0.0,0.0,0
Hog_office_Rolando,validation,2017-11-18,Weight_0.0,True,0,0,0,0,3.126388037344441e-12,0.0,0.0,0
Hog_office_Rolando,validation,2017-11-19,Weight_0.0,True,0,0,0,0,2.3874235921539366e-12,0.0,0.0,0
Hog_office_Rolando,validation,2017-11-20,Weight_0.0,True,0,0,0,0,4.831690603168681e-12,0.0,0.0,0
Hog_office_Rolando,validation,2017-11-21,Weight_0.0,True,0,0,0,0,5.059064278611913e-12,0.0,0.0,0
Hog_office_Rolando,validation,2017-11-22,Weight_0.0,True,0,0,0,0,1.8189894035458565e-12,0.0,0.0,0
Hog_office_Rolando,validation,2017-11-23,Weight_0.0,True,0,0,0,0,3.751665644813329e-12,0.0,0.0,0
Hog_office_Rolando,validation,2017-11-24,Weight_0.0,True,0,0,0,0,3.353761712787673e-12,0.0,0.0,0
Hog_office_Rolando,validation,2017-11-25,Weight_0.0,True,0,0,0,0,4.490630090003833e-12,0.0,0.0,0
Hog_office_Rolando,validation,2017-11-26,Weight_0.0,True,0,0,0,0,3.808509063674137e-12,0.0,0.0,0
Hog_office_Rolando,validation,2017-11-27,Weight_0.0,True,0,0,0,0,1.9326762412674725e-12,0.0,0.0,0
Hog_office_Rolando,validation,2017-11-28,Weight_0.0,True,0,0,0,0,1.3642420526593924e-12,0.0,0.0,0
Hog_office_Rolando,validation,2017-11-29,Weight_0.0,True,0,0,0,0,2.4442670110147446e-12,0.0,0.0,0
Hog_office_Rolando,validation,2017-11-30,Weight_0.0,True,0,0,0,0,2.8990143619012088e-12,0.0,0.0,0
Hog_office_Rolando,validation,2017-11-02,Weight_0.1,True,0,0,0,0,1.9326762412674725e-12,0.0,0.0,0
Hog_office_Rolando,validation,2017-11-03,Weight_0.1,True,0,0,0,0,3.694822225952521e-12,0.0,0.0,0
Hog_office_Rolando,validation,2017-11-04,Weight_0.1,True,0,0,0,0,2.3305801732931286e-12,0.0,0.0,0
Hog_office_Rolando,validation,2017-11-05,Weight_0.1,True,0,0,0,0,3.410605131648481e-12,0.0,0.0,0
Hog_office_Rolando,validation,2017-11-06,Weight_0.1,True,0,0,0,0,1.2505552149377763e-12,0.0,0.0,0
Hog_office_Rolando,validation,2017-11-07,Weight_0.1,True,0,0,0,0,2.2737367544323206e-12,0.0,0.0,0
Hog_office_Rolando,validation,2017-11-08,Weight_0.1,True,0,0,0,0,3.865352482534945e-12,0.0,0.0,0
Hog_office_Rolando,validation,2017-11-09,Weight_0.1,True,0,0,0,0,3.069544618483633e-12,0.0,0.0,0
Hog_office_Rolando,validation,2017-11-10,Weight_0.1,True,0,0,0,0,4.661160346586257e-12,0.0,0.0,0
Hog_office_Rolando,validation,2017-11-11,Weight_0.1,True,0,0,0,0,8.526512829121202e-13,0.0,0.0,0
Hog_office_Rolando,validation,2017-11-12,Weight_0.1,True,0,0,0,0,2.9274360713316128e-12,0.0,0.0,0
Hog_office_Rolando,validation,2017-11-13,Weight_0.1,True,0,0,0,0,3.296918293926865e-12,0.0,0.0,0
Hog_office_Rolando,validation,2017-11-14,Weight_0.1,True,0,0,0,0,2.6147972675971687e-12,0.0,0.0,0
Hog_office_Rolando,validation,2017-11-15,Weight_0.1,True,0,0,0,0,2.6147972675971687e-12,0.0,0.0,0
Hog_office_Rolando,validation,2017-11-16,Weight_0.1,True,0,0,0,0,6.650680006714538e-12,0.0,0.0,0
Hog_office_Rolando,validation,2017-11-17,Weight_0.1,True,0,0,0,0,3.808509063674137e-12,0.0,0.0,0
Hog_office_Rolando,validation,2017-11-18,Weight_0.1,True,0,0,0,0,3.751665644813329e-12,0.0,0.0,0
Hog_office_Rolando,validation,2017-11-19,Weight_0.1,True,0,0,0,0,2.8990143619012088e-12,0.0,0.0,0
Hog_office_Rolando,validation,2017-11-20,Weight_0.1,True,0,0,0,0,3.240074875066057e-12,0.0,0.0,0
Hog_office_Rolando,validation,2017-11-21,Weight_0.1,True,0,0,0,0,2.6147972675971687e-12,0.0,0.0,0
Hog_office_Rolando,validation,2017-11-22,Weight_0.1,True,0,0,0,0,2.2168933355715126e-12,0.0,0.0,0
Hog_office_Rolando,validation,2017-11-23,Weight_0.1,True,0,0,0,0,3.694822225952521e-12,0.0,0.0,0
Hog_office_Rolando,validation,2017-11-24,Weight_0.1,True,0,0,0,0,4.831690603168681e-12,0.0,0.0,0
Hog_office_Rolando,validation,2017-11-25,Weight_0.1,True,0,0,0,0,4.092726157978177e-12,0.0,0.0,0
Hog_office_Rolando,validation,2017-11-26,Weight_0.1,True,0,0,0,0,4.320099833421409e-12,0.0,0.0,0
Hog_office_Rolando,validation,2017-11-27,Weight_0.1,True,0,0,0,0,4.320099833421409e-12,0.0,0.0,0
Hog_office_Rolando,validation,2017-11-28,Weight_0.1,True,0,0,0,0,3.183231456205249e-12,0.0,0.0,0
Hog_office_Rolando,validation,2017-11-29,Weight_0.1,True,0,0,0,0,2.3305801732931286e-12,0.0,0.0,0
Hog_office_Rolando,validation,2017-11-30,Weight_0.1,True,0,0,0,0,1.3642420526593924e-12,0.0,0.0,0
Hog_office_Rolando,validation,2017-11-02,Weight_0.2,True,0,0,0,0,5.172751116333529e-12,0.0,0.0,0
Hog_office_Rolando,validation,2017-11-03,Weight_0.2,True,0,0,0,0,3.694822225952521e-12,0.0,0.0,0
Hog_office_Rolando,validation,2017-11-04,Weight_0.2,True,0,0,0,0,1.5916157281026244e-12,0.0,0.0,0
Hog_office_Rolando,validation,2017-11-05,Weight_0.2,True,0,0,0,0,3.410605131648481e-12,0.0,0.0,0
Hog_office_Rolando,validation,2017-11-06,Weight_0.2,True,0,0,0,0,3.581135388230905e-12,0.0,0.0,0
Hog_office_Rolando,validation,2017-11-07,Weight_0.2,True,0,0,0,0,2.5011104298755527e-12,0.0,0.0,0
Hog_office_Rolando,validation,2017-11-08,Weight_0.2,True,0,0,0,0,3.808509063674137e-12,0.0,0.0,0
Hog_office_Rolando,validation,2017-11-09,Weight_0.2,True,0,0,0,0,2.7853275241795927e-12,0.0,0.0,0
Hog_office_Rolando,validation,2017-11-10,Weight_0.2,True,0,0,0,0,4.945377440890297e-12,0.0,0.0,0
Hog_office_Rolando,validation,2017-11-11,Weight_0.2,True,0,0,0,0,1.1937117960769683e-12,0.0,0.0,0
Hog_office_Rolando,validation,2017-11-12,Weight_0.2,True,0,0,0,0,1.4779288903810084e-12,0.0,0.0,0
Hog_office_Rolando,validation,2017-11-13,Weight_0.2,True,0,0,0,0,1.5916157281026244e-12,0.0,0.0,0
Hog_office_Rolando,validation,2017-11-14,Weight_0.2,True,0,0,0,0,5.4001247917767614e-12,0.0,0.0,0
Hog_office_Rolando,validation,2017-11-15,Weight_0.2,True,0,0,0,0,4.547473508864641e-12,0.0,0.0,0
Hog_office_Rolando,validation,2017-11-16,Weight_0.2,True,0,0,0,0,5.002220859751105e-12,0.0,0.0,0
Hog_office_Rolando,validation,2017-11-17,Weight_0.2,True,0,0,0,0,5.5138116294983774e-12,0.0,0.0,0
Hog_office_Rolando,validation,2017-11-18,Weight_0.2,True,0,0,0,0,1.7621459846850485e-12,0.0,0.0,0
Hog_office_Rolando,validation,2017-11-19,Weight_0.2,True,0,0,0,0,1.8758328224066645e-12,0.0,0.0,0
Hog_office_Rolando,validation,2017-11-20,Weight_0.2,True,0,0,0,0,4.945377440890297e-12,0.0,0.0,0
Hog_office_Rolando,validation,2017-11-21,Weight_0.2,True,0,0,0,0,3.637978807091713e-12,0.0,0.0,0
Hog_office_Rolando,validation,2017-11-22,Weight_0.2,True,0,0,0,0,2.3305801732931286e-12,0.0,0.0,0
Hog_office_Rolando,validation,2017-11-23,Weight_0.2,True,0,0,0,0,1.9326762412674725e-12,0.0,0.0,0
Hog_office_Rolando,validation,2017-11-24,Weight_0.2,True,0,0,0,0,2.9558577807620168e-12,0.0,0.0,0
Hog_office_Rolando,validation,2017-11-25,Weight_0.2,True,0,0,0,0,2.8421709430404007e-12,0.0,0.0,0
Hog_office_Rolando,validation,2017-11-26,Weight_0.2,True,0,0,0,0,1.8758328224066645e-12,0.0,0.0,0
Hog_office_Rolando,validation,2017-11-27,Weight_0.2,True,0,0,0,0,2.9558577807620168e-12,0.0,0.0,0
Hog_office_Rolando,validation,2017-11-28,Weight_0.2,True,0,0,0,0,9.094947017729282e-13,0.0,0.0,0
Hog_office_Rolando,validation,2017-11-29,Weight_0.2,True,0,0,0,0,4.320099833421409e-12,0.0,0.0,0
Hog_office_Rolando,validation,2017-11-30,Weight_0.2,True,0,0,0,0,1.4779288903810084e-12,0.0,0.0,0
Hog_office_Rolando,validation,2017-11-02,Weight_0.3,True,0,0,0,0,3.240074875066057e-12,0.0,0.0,0
Hog_office_Rolando,validation,2017-11-03,Weight_0.3,True,0,0,0,0,3.069544618483633e-12,0.0,0.0,0
Hog_office_Rolando,validation,2017-11-04,Weight_0.3,True,0,0,0,0,3.069544618483633e-12,0.0,0.0,0
Hog_office_Rolando,validation,2017-11-05,Weight_0.3,True,0,0,0,0,2.1032064978498966e-12,0.0,0.0,0
Hog_office_Rolando,validation,2017-11-06,Weight_0.3,True,0,0,0,0,3.865352482534945e-12,0.0,0.0,0
Hog_office_Rolando,validation,2017-11-07,Weight_0.3,True,0,0,0,0,2.5011104298755527e-12,0.0,0.0,0
Hog_office_Rolando,validation,2017-11-08,Weight_0.3,True,0,0,0,0,1.7621459846850485e-12,0.0,0.0,0
Hog_office_Rolando,validation,2017-11-09,Weight_0.3,True,0,0,0,0,2.1032064978498966e-12,0.0,0.0,0
Hog_office_Rolando,validation,2017-11-10,Weight_0.3,True,0,0,0,0,2.8990143619012088e-12,0.0,0.0,0
Hog_office_Rolando,validation,2017-11-11,Weight_0.3,True,0,0,0,0,2.8421709430404007e-12,0.0,0.0,0
Hog_office_Rolando,validation,2017-11-12,Weight_0.3,True,0,0,0,0,1.8189894035458565e-12,0.0,0.0,0
Hog_office_Rolando,validation,2017-11-13,Weight_0.3,True,0,0,0,0,2.2168933355715126e-12,0.0,0.0,0
Hog_office_Rolando,validation,2017-11-14,Weight_0.3,True,0,0,0,0,5.002220859751105e-12,0.0,0.0,0
Hog_office_Rolando,validation,2017-11-15,Weight_0.3,True,0,0,0,0,2.6716406864579767e-12,0.0,0.0,0
Hog_office_Rolando,validation,2017-11-16,Weight_0.3,True,0,0,0,0,4.490630090003833e-12,0.0,0.0,0
Hog_office_Rolando,validation,2017-11-17,Weight_0.3,True,0,0,0,0,6.252776074688882e-13,0.0,0.0,0
Hog_office_Rolando,validation,2017-11-18,Weight_0.3,True,0,0,0,0,2.8421709430404007e-12,0.0,0.0,0
Hog_office_Rolando,validation,2017-11-19,Weight_0.3,True,0,0,0,0,5.8548721426632255e-12,0.0,0.0,0
Hog_office_Rolando,validation,2017-11-20,Weight_0.3,True,0,0,0,0,1.2505552149377763e-12,0.0,0.0,0
Hog_office_Rolando,validation,2017-11-21,Weight_0.3,True,0,0,0,0,5.229594535194337e-12,0.0,0.0,0
Hog_office_Rolando,validation,2017-11-22,Weight_0.3,True,0,0,0,0,3.069544618483633e-12,0.0,0.0,0
Hog_office_Rolando,validation,2017-11-23,Weight_0.3,True,0,0,0,0,3.751665644813329e-12,0.0,0.0,0
Hog_office_Rolando,validation,2017-11-24,Weight_0.3,True,0,0,0,0,1.8758328224066645e-12,0.0,0.0,0
Hog_office_Rolando,validation,2017-11-25,Weight_0.3,True,0,0,0,0,2.2737367544323206e-12,0.0,0.0,0
Hog_office_Rolando,validation,2017-11-26,Weight_0.3,True,0,0,0,0,3.865352482534945e-12,0.0,0.0,0
Hog_office_Rolando,validation,2017-11-27,Weight_0.3,True,0,0,0,0,1.8189894035458565e-12,0.0,0.0,0
Hog_office_Rolando,validation,2017-11-28,Weight_0.3,True,0,0,0,0,5.4001247917767614e-12,0.0,0.0,0
Hog_office_Rolando,validation,2017-11-29,Weight_0.3,True,0,0,0,0,5.172751116333529e-12,0.0,0.0,0
Hog_office_Rolando,validation,2017-11-30,Weight_0.3,True,0,0,0,0,3.069544618483633e-12,0.0,0.0,0
Hog_office_Rolando,validation,2017-11-02,Weight_0.4,True,0,0,0,0,1.8189894035458565e-12,0.0,0.0,0
Hog_office_Rolando,validation,2017-11-03,Weight_0.4,True,0,0,0,0,3.751665644813329e-12,0.0,0.0,0
Hog_office_Rolando,validation,2017-11-04,Weight_0.4,True,0,0,0,0,1.1937117960769683e-12,0.0,0.0,0
Hog_office_Rolando,validation,2017-11-05,Weight_0.4,True,0,0,0,0,2.8421709430404007e-12,0.0,0.0,0
Hog_office_Rolando,validation,2017-11-06,Weight_0.4,True,0,0,0,0,4.547473508864641e-12,0.0,0.0,0
Hog_office_Rolando,validation,2017-11-07,Weight_0.4,True,0,0,0,0,4.320099833421409e-12,0.0,0.0,0
Hog_office_Rolando,validation,2017-11-08,Weight_0.4,True,0,0,0,0,3.694822225952521e-12,0.0,0.0,0
Hog_office_Rolando,validation,2017-11-09,Weight_0.4,True,0,0,0,0,1.0231815394945443e-12,0.0,0.0,0
Hog_office_Rolando,validation,2017-11-10,Weight_0.4,True,0,0,0,0,2.9558577807620168e-12,0.0,0.0,0
Hog_office_Rolando,validation,2017-11-11,Weight_0.4,True,0,0,0,0,6.366462912410498e-12,0.0,0.0,0
Hog_office_Rolando,validation,2017-11-12,Weight_0.4,True,0,0,0,0,1.8189894035458565e-12,0.0,0.0,0
Hog_office_Rolando,validation,2017-11-13,Weight_0.4,True,0,0,0,0,3.808509063674137e-12,0.0,0.0,0
Hog_office_Rolando,validation,2017-11-14,Weight_0.4,True,0,0,0,0,6.366462912410498e-12,0.0,0.0,0
Hog_office_Rolando,validation,2017-11-15,Weight_0.4,True,0,0,0,0,2.3874235921539366e-12,0.0,0.0,0
Hog_office_Rolando,validation,2017-11-16,Weight_0.4,True,0,0,0,0,5.5706550483591855e-12,0.0,0.0,0
Hog_office_Rolando,validation,2017-11-17,Weight_0.4,True,0,0,0,0,5.9117155615240335e-12,0.0,0.0,0
Hog_office_Rolando,validation,2017-11-18,Weight_0.4,True,0,0,0,0,2.3874235921539366e-12,0.0,0.0,0
Hog_office_Rolando,validation,2017-11-19,Weight_0.4,True,0,0,0,0,1.9895196601282805e-12,0.0,0.0,0
Hog_office_Rolando,validation,2017-11-20,Weight_0.4,True,0,0,0,0,4.490630090003833e-12,0.0,0.0,0
Hog_office_Rolando,validation,2017-11-21,Weight_0.4,True,0,0,0,0,1.9895196601282805e-12,0.0,0.0,0
Hog_office_Rolando,validation,2017-11-22,Weight_0.4,True,0,0,0,0,2.9558577807620168e-12,0.0,0.0,0
Hog_office_Rolando,validation,2017-11-23,Weight_0.4,True,0,0,0,0,4.149569576838985e-12,0.0,0.0,0
Hog_office_Rolando,validation,2017-11-24,Weight_0.4,True,0,0,0,0,2.8421709430404007e-12,0.0,0.0,0
Hog_office_Rolando,validation,2017-11-25,Weight_0.4,True,0,0,0,0,4.433786671143025e-12,0.0,0.0,0
Hog_office_Rolando,validation,2017-11-26,Weight_0.4,True,0,0,0,0,1.7053025658242404e-12,0.0,0.0,0
Hog_office_Rolando,validation,2017-11-27,Weight_0.4,True,0,0,0,0,3.865352482534945e-12,0.0,0.0,0
Hog_office_Rolando,validation,2017-11-28,Weight_0.4,True,0,0,0,0,7.389644451905042e-13,0.0,0.0,0
Hog_office_Rolando,validation,2017-11-29,Weight_0.4,True,0,0,0,0,5.9685589803848416e-12,0.0,0.0,0
Hog_office_Rolando,validation,2017-11-30,Weight_0.4,True,0,0,0,0,2.8990143619012088e-12,0.0,0.0,0
Hog_office_Rolando,validation,2017-11-02,Weight_0.5,True,0,0,0,0,2.5011104298755527e-12,0.0,0.0,0
Hog_office_Rolando,validation,2017-11-03,Weight_0.5,True,0,0,0,0,1.9895196601282805e-12,0.0,0.0,0
Hog_office_Rolando,validation,2017-11-04,Weight_0.5,True,0,0,0,0,3.240074875066057e-12,0.0,0.0,0
Hog_office_Rolando,validation,2017-11-05,Weight_0.5,True,0,0,0,0,2.6147972675971687e-12,0.0,0.0,0
Hog_office_Rolando,validation,2017-11-06,Weight_0.5,True,0,0,0,0,4.149569576838985e-12,0.0,0.0,0
Hog_office_Rolando,validation,2017-11-07,Weight_0.5,True,0,0,0,0,9.663381206337363e-13,0.0,0.0,0
Hog_office_Rolando,validation,2017-11-08,Weight_0.5,True,0,0,0,0,2.8421709430404007e-12,0.0,0.0,0
Hog_office_Rolando,validation,2017-11-09,Weight_0.5,True,0,0,0,0,3.069544618483633e-12,0.0,0.0,0
Hog_office_Rolando,validation,2017-11-10,Weight_0.5,True,0,0,0,0,1.7621459846850485e-12,0.0,0.0,0
Hog_office_Rolando,validation,2017-11-11,Weight_0.5,True,0,0,0,0,3.410605131648481e-12,0.0,0.0,0
Hog_office_Rolando,validation,2017-11-12,Weight_0.5,True,0,0,0,0,8.526512829121202e-13,0.0,0.0,0
Hog_office_Rolando,validation,2017-11-13,Weight_0.5,True,0,0,0,0,5.4001247917767614e-12,0.0,0.0,0
Hog_office_Rolando,validation,2017-11-14,Weight_0.5,True,0,0,0,0,1.0800249583553523e-12,0.0,0.0,0
Hog_office_Rolando,validation,2017-11-15,Weight_0.5,True,0,0,0,0,2.3305801732931286e-12,0.0,0.0,0
Hog_office_Rolando,validation,2017-11-16,Weight_0.5,True,0,0,0,0,5.286437954055145e-12,0.0,0.0,0
Hog_office_Rolando,validation,2017-11-17,Weight_0.5,True,0,0,0,0,2.6147972675971687e-12,0.0,0.0,0
Hog_office_Rolando,validation,2017-11-18,Weight_0.5,True,0,0,0,0,1.8758328224066645e-12,0.0,0.0,0
Hog_office_Rolando,validation,2017-11-19,Weight_0.5,True,0,0,0,0,1.2505552149377763e-12,0.0,0.0,0
Hog_office_Rolando,validation,2017-11-20,Weight_0.5,True,0,0,0,0,4.263256414560601e-12,0.0,0.0,0
Hog_office_Rolando,validation,2017-11-21,Weight_0.5,True,0,0,0,0,4.149569576838985e-12,0.0,0.0,0
Hog_office_Rolando,validation,2017-11-22,Weight_0.5,True,0,0,0,0,2.5011104298755527e-12,0.0,0.0,0
Hog_office_Rolando,validation,2017-11-23,Weight_0.5,True,0,0,0,0,5.343281372915953e-12,0.0,0.0,0
Hog_office_Rolando,validation,2017-11-24,Weight_0.5,True,0,0,0,0,3.637978807091713e-12,0.0,0.0,0
Hog_office_Rolando,validation,2017-11-25,Weight_0.5,True,0,0,0,0,2.2168933355715126e-12,0.0,0.0,0
Hog_office_Rolando,validation,2017-11-26,Weight_0.5,True,0,0,0,0,2.4442670110147446e-12,0.0,0.0,0
Hog_office_Rolando,validation,2017-11-27,Weight_0.5,True,0,0,0,0,4.433786671143025e-12,0.0,0.0,0
Hog_office_Rolando,validation,2017-11-28,Weight_0.5,True,0,0,0,0,1.2505552149377763e-12,0.0,0.0,0
Hog_office_Rolando,validation,2017-11-29,Weight_0.5,True,0,0,0,0,2.8990143619012088e-12,0.0,0.0,0
Hog_office_Rolando,validation,2017-11-30,Weight_0.5,True,0,0,0,0,3.0127011996228248e-12,0.0,0.0,0
Hog_office_Rolando,validation,2017-11-02,Weight_0.6,True,0,0,0,0,5.9685589803848416e-12,0.0,0.0,0
Hog_office_Rolando,validation,2017-11-03,Weight_0.6,True,0,0,0,0,3.922195901395753e-12,0.0,0.0,0
Hog_office_Rolando,validation,2017-11-04,Weight_0.6,True,0,0,0,0,3.240074875066057e-12,0.0,0.0,0
Hog_office_Rolando,validation,2017-11-05,Weight_0.6,True,0,0,0,0,3.524291969370097e-12,0.0,0.0,0
Hog_office_Rolando,validation,2017-11-06,Weight_0.6,True,0,0,0,0,1.3073986337985843e-12,0.0,0.0,0
Hog_office_Rolando,validation,2017-11-07,Weight_0.6,True,0,0,0,0,2.6147972675971687e-12,0.0,0.0,0
Hog_office_Rolando,validation,2017-11-08,Weight_0.6,True,0,0,0,0,2.2737367544323206e-12,0.0,0.0,0
Hog_office_Rolando,validation,2017-11-09,Weight_0.6,True,0,0,0,0,2.6716406864579767e-12,0.0,0.0,0
Hog_office_Rolando,validation,2017-11-10,Weight_0.6,True,0,0,0,0,2.8990143619012088e-12,0.0,0.0,0
Hog_office_Rolando,validation,2017-11-11,Weight_0.6,True,0,0,0,0,1.0800249583553523e-12,0.0,0.0,0
Hog_office_Rolando,validation,2017-11-12,Weight_0.6,True,0,0,0,0,1.9326762412674725e-12,0.0,0.0,0
Hog_office_Rolando,validation,2017-11-13,Weight_0.6,True,0,0,0,0,3.126388037344441e-12,0.0,0.0,0
Hog_office_Rolando,validation,2017-11-14,Weight_0.6,True,0,0,0,0,5.7980287238024175e-12,0.0,0.0,0
Hog_office_Rolando,validation,2017-11-15,Weight_0.6,True,0,0,0,0,6.0822458181064576e-12,0.0,0.0,0
Hog_office_Rolando,validation,2017-11-16,Weight_0.6,True,0,0,0,0,1.8758328224066645e-12,0.0,0.0,0
Hog_office_Rolando,validation,2017-11-17,Weight_0.6,True,0,0,0,0,5.059064278611913e-12,0.0,0.0,0
Hog_office_Rolando,validation,2017-11-18,Weight_0.6,True,0,0,0,0,5.343281372915953e-12,0.0,0.0,0
Hog_office_Rolando,validation,2017-11-19,Weight_0.6,True,0,0,0,0,3.126388037344441e-12,0.0,0.0,0
Hog_office_Rolando,validation,2017-11-20,Weight_0.6,True,0,0,0,0,2.7284841053187847e-12,0.0,0.0,0
Hog_office_Rolando,validation,2017-11-21,Weight_0.6,True,0,0,0,0,2.0463630789890885e-12,0.0,0.0,0
Hog_office_Rolando,validation,2017-11-22,Weight_0.6,True,0,0,0,0,5.115907697472721e-12,0.0,0.0,0
Hog_office_Rolando,validation,2017-11-23,Weight_0.6,True,0,0,0,0,5.9117155615240335e-12,0.0,0.0,0
Hog_office_Rolando,validation,2017-11-24,Weight_0.6,True,0,0,0,0,4.888534022029489e-12,0.0,0.0,0
Hog_office_Rolando,validation,2017-11-25,Weight_0.6,True,0,0,0,0,4.547473508864641e-12,0.0,0.0,0
Hog_office_Rolando,validation,2017-11-26,Weight_0.6,True,0,0,0,0,2.3305801732931286e-12,0.0,0.0,0
Hog_office_Rolando,validation,2017-11-27,Weight_0.6,True,0,0,0,0,9.094947017729282e-13,0.0,0.0,0
Hog_office_Rolando,validation,2017-11-28,Weight_0.6,True,0,0,0,0,5.172751116333529e-12,0.0,0.0,0
Hog_office_Rolando,validation,2017-11-29,Weight_0.6,True,0,0,0,0,3.637978807091713e-12,0.0,0.0,0
Hog_office_Rolando,validation,2017-11-30,Weight_0.6,True,0,0,0,0,3.126388037344441e-12,0.0,0.0,0
Hog_office_Rolando,validation,2017-11-02,Weight_0.7,True,0,0,0,0,2.4442670110147446e-12,0.0,0.0,0
Hog_office_Rolando,validation,2017-11-03,Weight_0.7,True,0,0,0,0,1.4779288903810084e-12,0.0,0.0,0
Hog_office_Rolando,validation,2017-11-04,Weight_0.7,True,0,0,0,0,3.637978807091713e-12,0.0,0.0,0
Hog_office_Rolando,validation,2017-11-05,Weight_0.7,True,0,0,0,0,2.6147972675971687e-12,0.0,0.0,0
Hog_office_Rolando,validation,2017-11-06,Weight_0.7,True,0,0,0,0,1.2505552149377763e-12,0.0,0.0,0
Hog_office_Rolando,validation,2017-11-07,Weight_0.7,True,0,0,0,0,4.888534022029489e-12,0.0,0.0,0
Hog_office_Rolando,validation,2017-11-08,Weight_0.7,True,0,0,0,0,3.0127011996228248e-12,0.0,0.0,0
Hog_office_Rolando,validation,2017-11-09,Weight_0.7,True,0,0,0,0,4.945377440890297e-12,0.0,0.0,0
Hog_office_Rolando,validation,2017-11-10,Weight_0.7,True,0,0,0,0,3.865352482534945e-12,0.0,0.0,0
Hog_office_Rolando,validation,2017-11-11,Weight_0.7,True,0,0,0,0,4.206412995699793e-12,0.0,0.0,0
Hog_office_Rolando,validation,2017-11-12,Weight_0.7,True,0,0,0,0,2.3874235921539366e-12,0.0,0.0,0
Hog_office_Rolando,validation,2017-11-13,Weight_0.7,True,0,0,0,0,3.183231456205249e-12,0.0,0.0,0
Hog_office_Rolando,validation,2017-11-14,Weight_0.7,True,0,0,0,0,1.4779288903810084e-12,0.0,0.0,0
Hog_office_Rolando,validation,2017-11-15,Weight_0.7,True,0,0,0,0,6.536993168992922e-12,0.0,0.0,0
Hog_office_Rolando,validation,2017-11-16,Weight_0.7,True,0,0,0,0,4.263256414560601e-12,0.0,0.0,0
Hog_office_Rolando,validation,2017-11-17,Weight_0.7,True,0,0,0,0,6.821210263296962e-13,0.0,0.0,0
Hog_office_Rolando,validation,2017-11-18,Weight_0.7,True,0,0,0,0,4.433786671143025e-12,0.0,0.0,0
Hog_office_Rolando,validation,2017-11-19,Weight_0.7,True,0,0,0,0,3.240074875066057e-12,0.0,0.0,0
Hog_office_Rolando,validation,2017-11-20,Weight_0.7,True,0,0,0,0,1.9895196601282805e-12,0.0,0.0,0
Hog_office_Rolando,validation,2017-11-21,Weight_0.7,True,0,0,0,0,1.5916157281026244e-12,0.0,0.0,0
Hog_office_Rolando,validation,2017-11-22,Weight_0.7,True,0,0,0,0,6.252776074688882e-12,0.0,0.0,0
Hog_office_Rolando,validation,2017-11-23,Weight_0.7,True,0,0,0,0,1.8758328224066645e-12,0.0,0.0,0
Hog_office_Rolando,validation,2017-11-24,Weight_0.7,True,0,0,0,0,5.9685589803848416e-12,0.0,0.0,0
Hog_office_Rolando,validation,2017-11-25,Weight_0.7,True,0,0,0,0,3.126388037344441e-12,0.0,0.0,0
Hog_office_Rolando,validation,2017-11-26,Weight_0.7,True,0,0,0,0,2.4442670110147446e-12,0.0,0.0,0
Hog_office_Rolando,validation,2017-11-27,Weight_0.7,True,0,0,0,0,2.6147972675971687e-12,0.0,0.0,0
Hog_office_Rolando,validation,2017-11-28,Weight_0.7,True,0,0,0,0,4.888534022029489e-12,0.0,0.0,0
Hog_office_Rolando,validation,2017-11-29,Weight_0.7,True,0,0,0,0,5.4569682106375694e-12,0.0,0.0,0
Hog_office_Rolando,validation,2017-11-30,Weight_0.7,True,0,0,0,0,2.1032064978498966e-12,0.0,0.0,0
Hog_office_Rolando,validation,2017-11-02,Weight_0.8,True,0,0,0,0,3.808509063674137e-12,0.0,0.0,0
Hog_office_Rolando,validation,2017-11-03,Weight_0.8,True,0,0,0,0,6.423306331271306e-12,0.0,0.0,0
Hog_office_Rolando,validation,2017-11-04,Weight_0.8,True,0,0,0,0,2.3305801732931286e-12,0.0,0.0,0
Hog_office_Rolando,validation,2017-11-05,Weight_0.8,True,0,0,0,0,9.663381206337363e-13,0.0,0.0,0
Hog_office_Rolando,validation,2017-11-06,Weight_0.8,True,0,0,0,0,2.7284841053187847e-12,0.0,0.0,0
Hog_office_Rolando,validation,2017-11-07,Weight_0.8,True,0,0,0,0,2.6147972675971687e-12,0.0,0.0,0
Hog_office_Rolando,validation,2017-11-08,Weight_0.8,True,0,0,0,0,3.694822225952521e-12,0.0,0.0,0
Hog_office_Rolando,validation,2017-11-09,Weight_0.8,True,0,0,0,0,3.751665644813329e-12,0.0,0.0,0
Hog_office_Rolando,validation,2017-11-10,Weight_0.8,True,0,0,0,0,3.581135388230905e-12,0.0,0.0,0
Hog_office_Rolando,validation,2017-11-11,Weight_0.8,True,0,0,0,0,2.2168933355715126e-12,0.0,0.0,0
Hog_office_Rolando,validation,2017-11-12,Weight_0.8,True,0,0,0,0,2.0463630789890885e-12,0.0,0.0,0
Hog_office_Rolando,validation,2017-11-13,Weight_0.8,True,0,0,0,0,1.5916157281026244e-12,0.0,0.0,0
Hog_office_Rolando,validation,2017-11-14,Weight_0.8,True,0,0,0,0,2.6147972675971687e-12,0.0,0.0,0
Hog_office_Rolando,validation,2017-11-15,Weight_0.8,True,0,0,0,0,3.808509063674137e-12,0.0,0.0,0
Hog_office_Rolando,validation,2017-11-16,Weight_0.8,True,0,0,0,0,4.547473508864641e-12,0.0,0.0,0
Hog_office_Rolando,validation,2017-11-17,Weight_0.8,True,0,0,0,0,1.5347723092418164e-12,0.0,0.0,0
Hog_office_Rolando,validation,2017-11-18,Weight_0.8,True,0,0,0,0,2.8421709430404007e-12,0.0,0.0,0
Hog_office_Rolando,validation,2017-11-19,Weight_0.8,True,0,0,0,0,4.149569576838985e-12,0.0,0.0,0
Hog_office_Rolando,validation,2017-11-20,Weight_0.8,True,0,0,0,0,4.433786671143025e-12,0.0,0.0,0
Hog_office_Rolando,validation,2017-11-21,Weight_0.8,True,0,0,0,0,5.172751116333529e-12,0.0,0.0,0
Hog_office_Rolando,validation,2017-11-22,Weight_0.8,True,0,0,0,0,5.002220859751105e-12,0.0,0.0,0
Hog_office_Rolando,validation,2017-11-23,Weight_0.8,True,0,0,0,0,2.3874235921539366e-12,0.0,0.0,0
Hog_office_Rolando,validation,2017-11-24,Weight_0.8,True,0,0,0,0,1.4779288903810084e-12,0.0,0.0,0
Hog_office_Rolando,validation,2017-11-25,Weight_0.8,True,0,0,0,0,2.7284841053187847e-12,0.0,0.0,0
Hog_office_Rolando,validation,2017-11-26,Weight_0.8,True,0,0,0,0,2.8990143619012088e-12,0.0,0.0,0
Hog_office_Rolando,validation,2017-11-27,Weight_0.8,True,0,0,0,0,4.263256414560601e-12,0.0,0.0,0
Hog_office_Rolando,validation,2017-11-28,Weight_0.8,True,0,0,0,0,5.002220859751105e-12,0.0,0.0,0
Hog_office_Rolando,validation,2017-11-29,Weight_0.8,True,0,0,0,0,6.195932655828074e-12,0.0,0.0,0
Hog_office_Rolando,validation,2017-11-30,Weight_0.8,True,0,0,0,0,2.9558577807620168e-12,0.0,0.0,0
Hog_office_Rolando,validation,2017-11-02,Weight_0.9,True,0,0,0,0,4.661160346586257e-12,0.0,0.0,0
Hog_office_Rolando,validation,2017-11-03,Weight_0.9,True,0,0,0,0,3.524291969370097e-12,0.0,0.0,0
Hog_office_Rolando,validation,2017-11-04,Weight_0.9,True,0,0,0,0,4.206412995699793e-12,0.0,0.0,0
Hog_office_Rolando,validation,2017-11-05,Weight_0.9,True,0,0,0,0,3.524291969370097e-12,0.0,0.0,0
Hog_office_Rolando,validation,2017-11-06,Weight_0.9,True,0,0,0,0,3.524291969370097e-12,0.0,0.0,0
Hog_office_Rolando,validation,2017-11-07,Weight_0.9,True,0,0,0,0,2.2737367544323206e-12,0.0,0.0,0
Hog_office_Rolando,validation,2017-11-08,Weight_0.9,True,0,0,0,0,2.2737367544323206e-12,0.0,0.0,0
Hog_office_Rolando,validation,2017-11-09,Weight_0.9,True,0,0,0,0,4.376943252282217e-12,0.0,0.0,0
Hog_office_Rolando,validation,2017-11-10,Weight_0.9,True,0,0,0,0,1.9895196601282805e-12,0.0,0.0,0
Hog_office_Rolando,validation,2017-11-11,Weight_0.9,True,0,0,0,0,1.9326762412674725e-12,0.0,0.0,0
Hog_office_Rolando,validation,2017-11-12,Weight_0.9,True,0,0,0,0,6.252776074688882e-13,0.0,0.0,0
Hog_office_Rolando,validation,2017-11-13,Weight_0.9,True,0,0,0,0,2.7853275241795927e-12,0.0,0.0,0
Hog_office_Rolando,validation,2017-11-14,Weight_0.9,True,0,0,0,0,1.4779288903810084e-12,0.0,0.0,0
Hog_office_Rolando,validation,2017-11-15,Weight_0.9,True,0,0,0,0,5.229594535194337e-12,0.0,0.0,0
Hog_office_Rolando,validation,2017-11-16,Weight_0.9,True,0,0,0,0,1.7053025658242404e-12,0.0,0.0,0
Hog_office_Rolando,validation,2017-11-17,Weight_0.9,True,0,0,0,0,4.888534022029489e-12,0.0,0.0,0
Hog_office_Rolando,validation,2017-11-18,Weight_0.9,True,0,0,0,0,1.9895196601282805e-12,0.0,0.0,0
Hog_office_Rolando,validation,2017-11-19,Weight_0.9,True,0,0,0,0,2.3305801732931286e-12,0.0,0.0,0
Hog_office_Rolando,validation,2017-11-20,Weight_0.9,True,0,0,0,0,3.410605131648481e-12,0.0,0.0,0
Hog_office_Rolando,validation,2017-11-21,Weight_0.9,True,0,0,0,0,7.389644451905042e-13,0.0,0.0,0
Hog_office_Rolando,validation,2017-11-22,Weight_0.9,True,0,0,0,0,2.2168933355715126e-12,0.0,0.0,0
Hog_office_Rolando,validation,2017-11-23,Weight_0.9,True,0,0,0,0,3.240074875066057e-12,0.0,0.0,0
Hog_office_Rolando,validation,2017-11-24,Weight_0.9,True,0,0,0,0,4.945377440890297e-12,0.0,0.0,0
Hog_office_Rolando,validation,2017-11-25,Weight_0.9,True,0,0,0,0,5.6274984672199935e-12,0.0,0.0,0
Hog_office_Rolando,validation,2017-11-26,Weight_0.9,True,0,0,0,0,2.0463630789890885e-12,0.0,0.0,0
Hog_office_Rolando,validation,2017-11-27,Weight_0.9,True,0,0,0,0,1.9326762412674725e-12,0.0,0.0,0
Hog_office_Rolando,validation,2017-11-28,Weight_0.9,True,0,0,0,0,4.774847184307873e-12,0.0,0.0,0
Hog_office_Rolando,validation,2017-11-29,Weight_0.9,True,0,0,0,0,3.922195901395753e-12,0.0,0.0,0
Hog_office_Rolando,validation,2017-11-30,Weight_0.9,True,0,0,0,0,4.320099833421409e-12,0.0,0.0,0
Hog_office_Rolando,validation,2017-11-02,Weight_1.0,True,0,0,0,0,2.1600499167107046e-12,0.0,0.0,0
Hog_office_Rolando,validation,2017-11-03,Weight_1.0,True,0,0,0,0,5.172751116333529e-12,0.0,0.0,0
Hog_office_Rolando,validation,2017-11-04,Weight_1.0,True,0,0,0,0,2.7853275241795927e-12,0.0,0.0,0
Hog_office_Rolando,validation,2017-11-05,Weight_1.0,True,0,0,0,0,1.2505552149377763e-12,0.0,0.0,0
Hog_office_Rolando,validation,2017-11-06,Weight_1.0,True,0,0,0,0,2.6716406864579767e-12,0.0,0.0,0
Hog_office_Rolando,validation,2017-11-07,Weight_1.0,True,0,0,0,0,2.5011104298755527e-12,0.0,0.0,0
Hog_office_Rolando,validation,2017-11-08,Weight_1.0,True,0,0,0,0,2.6147972675971687e-12,0.0,0.0,0
Hog_office_Rolando,validation,2017-11-09,Weight_1.0,True,0,0,0,0,5.229594535194337e-12,0.0,0.0,0
Hog_office_Rolando,validation,2017-11-10,Weight_1.0,True,0,0,0,0,2.5579538487363607e-12,0.0,0.0,0
Hog_office_Rolando,validation,2017-11-11,Weight_1.0,True,0,0,0,0,9.094947017729282e-13,0.0,0.0,0
Hog_office_Rolando,validation,2017-11-12,Weight_1.0,True,0,0,0,0,1.2505552149377763e-12,0.0,0.0,0
Hog_office_Rolando,validation,2017-11-13,Weight_1.0,True,0,0,0,0,3.353761712787673e-12,0.0,0.0,0
Hog_office_Rolando,validation,2017-11-14,Weight_1.0,True,0,0,0,0,3.808509063674137e-12,0.0,0.0,0
Hog_office_Rolando,validation,2017-11-15,Weight_1.0,True,0,0,0,0,7.105427357601002e-12,0.0,0.0,0
Hog_office_Rolando,validation,2017-11-16,Weight_1.0,True,0,0,0,0,2.3305801732931286e-12,0.0,0.0,0
Hog_office_Rolando,validation,2017-11-17,Weight_1.0,True,0,0,0,0,1.8758328224066645e-12,0.0,0.0,0
Hog_office_Rolando,validation,2017-11-18,Weight_1.0,True,0,0,0,0,1.9895196601282805e-12,0.0,0.0,0
Hog_office_Rolando,validation,2017-11-19,Weight_1.0,True,0,0,0,0,3.183231456205249e-12,0.0,0.0,0
Hog_office_Rolando,validation,2017-11-20,Weight_1.0,True,0,0,0,0,5.6274984672199935e-12,0.0,0.0,0
Hog_office_Rolando,validation,2017-11-21,Weight_1.0,True,0,0,0,0,7.105427357601002e-12,0.0,0.0,0
Hog_office_Rolando,validation,2017-11-22,Weight_1.0,True,0,0,0,0,4.888534022029489e-12,0.0,0.0,0
Hog_office_Rolando,validation,2017-11-23,Weight_1.0,True,0,0,0,0,4.774847184307873e-12,0.0,0.0,0
Hog_office_Rolando,validation,2017-11-24,Weight_1.0,True,0,0,0,0,3.524291969370097e-12,0.0,0.0,0
Hog_office_Rolando,validation,2017-11-25,Weight_1.0,True,0,0,0,0,2.5011104298755527e-12,0.0,0.0,0
Hog_office_Rolando,validation,2017-11-26,Weight_1.0,True,0,0,0,0,2.6716406864579767e-12,0.0,0.0,0
Hog_office_Rolando,validation,2017-11-27,Weight_1.0,True,0,0,0,0,4.774847184307873e-12,0.0,0.0,0
Hog_office_Rolando,validation,2017-11-28,Weight_1.0,True,0,0,0,0,4.661160346586257e-12,0.0,0.0,0
Hog_office_Rolando,validation,2017-11-29,Weight_1.0,True,0,0,0,0,2.3305801732931286e-12,0.0,0.0,0
Hog_office_Rolando,validation,2017-11-30,Weight_1.0,True,0,0,0,0,1.4779288903810084e-12,0.0,0.0,0
Hog_office_Lavon,validation,2017-11-02,Oracle,True,0,0,0,0,1.7053025658242404e-13,0.0,0.0,0
Hog_office_Lavon,validation,2017-11-03,Oracle,True,0,0,0,0,1.1368683772161603e-13,0.0,0.0,0
Hog_office_Lavon,validation,2017-11-04,Oracle,True,0,0,0,0,5.684341886080802e-14,0.0,0.0,0
Hog_office_Lavon,validation,2017-11-05,Oracle,True,0,0,0,0,5.684341886080802e-14,0.0,0.0,0
Hog_office_Lavon,validation,2017-11-06,Oracle,True,0,0,0,0,1.1368683772161603e-13,0.0,0.0,0
Hog_office_Lavon,validation,2017-11-07,Oracle,True,0,0,0,0,2.2737367544323206e-13,0.0,0.0,0
Hog_office_Lavon,validation,2017-11-08,Oracle,True,0,0,0,0,1.1368683772161603e-13,0.0,0.0,0
Hog_office_Lavon,validation,2017-11-09,Oracle,True,0,0,0,0,5.684341886080802e-14,0.0,0.0,0
Hog_office_Lavon,validation,2017-11-10,Oracle,True,0,0,0,0,5.684341886080802e-14,0.0,0.0,0
Hog_office_Lavon,validation,2017-11-11,Oracle,True,0,0,0,0,1.1368683772161603e-13,0.0,0.0,0
Hog_office_Lavon,validation,2017-11-12,Oracle,True,0,0,0,0,5.684341886080802e-14,0.0,0.0,0
Hog_office_Lavon,validation,2017-11-13,Oracle,True,0,0,0,0,5.684341886080802e-14,0.0,0.0,0
Hog_office_Lavon,validation,2017-11-14,Oracle,True,0,0,0,0,5.684341886080802e-14,0.0,0.0,0
Hog_office_Lavon,validation,2017-11-15,Oracle,True,0,0,0,0,1.1368683772161603e-13,0.0,0.0,0
Hog_office_Lavon,validation,2017-11-16,Oracle,True,0,0,0,0,2.2737367544323206e-13,0.0,0.0,0
Hog_office_Lavon,validation,2017-11-17,Oracle,True,0,0,0,0,5.684341886080802e-14,0.0,0.0,0
Hog_office_Lavon,validation,2017-11-18,Oracle,True,0,0,0,0,1.7053025658242404e-13,0.0,0.0,0
Hog_office_Lavon,validation,2017-11-19,Oracle,True,0,0,0,0,1.7053025658242404e-13,0.0,0.0,0
Hog_office_Lavon,validation,2017-11-20,Oracle,True,0,0,0,0,5.684341886080802e-14,0.0,0.0,0
Hog_office_Lavon,validation,2017-11-21,Oracle,True,0,0,0,0,1.1368683772161603e-13,0.0,0.0,0
Hog_office_Lavon,validation,2017-11-22,Oracle,True,0,0,0,0,2.8421709430404007e-13,0.0,0.0,0
Hog_office_Lavon,validation,2017-11-23,Oracle,True,0,0,0,0,1.1368683772161603e-13,0.0,0.0,0
Hog_office_Lavon,validation,2017-11-24,Oracle,True,0,0,0,0,5.684341886080802e-14,0.0,0.0,0
Hog_office_Lavon,validation,2017-11-25,Oracle,True,0,0,0,0,1.1368683772161603e-13,0.0,0.0,0
Hog_office_Lavon,validation,2017-11-26,Oracle,True,0,0,0,0,5.684341886080802e-14,0.0,0.0,0
Hog_office_Lavon,validation,2017-11-27,Oracle,True,0,0,0,0,1.1368683772161603e-13,0.0,0.0,0
Hog_office_Lavon,validation,2017-11-28,Oracle,True,0,0,0,0,1.1368683772161603e-13,0.0,0.0,0
Hog_office_Lavon,validation,2017-11-29,Oracle,True,0,0,0,0,1.1368683772161603e-13,0.0,0.0,0
Hog_office_Lavon,validation,2017-11-30,Oracle,True,0,0,0,0,5.684341886080802e-14,0.0,0.0,0
Hog_office_Lavon,validation,2017-11-02,Weight_0.0,True,0,0,0,0,5.684341886080802e-14,0.0,0.0,0
Hog_office_Lavon,validation,2017-11-03,Weight_0.0,True,0,0,0,0,1.1368683772161603e-13,0.0,0.0,0
Hog_office_Lavon,validation,2017-11-04,Weight_0.0,True,0,0,0,0,1.1368683772161603e-13,0.0,0.0,0
Hog_office_Lavon,validation,2017-11-05,Weight_0.0,True,0,0,0,0,5.684341886080802e-14,0.0,0.0,0
Hog_office_Lavon,validation,2017-11-06,Weight_0.0,True,0,0,0,0,1.1368683772161603e-13,0.0,0.0,0
Hog_office_Lavon,validation,2017-11-07,Weight_0.0,True,0,0,0,0,1.1368683772161603e-13,0.0,0.0,0
Hog_office_Lavon,validation,2017-11-08,Weight_0.0,True,0,0,0,0,1.7053025658242404e-13,0.0,0.0,0
Hog_office_Lavon,validation,2017-11-09,Weight_0.0,True,0,0,0,0,5.684341886080802e-14,0.0,0.0,0
Hog_office_Lavon,validation,2017-11-10,Weight_0.0,True,0,0,0,0,1.1368683772161603e-13,0.0,0.0,0
Hog_office_Lavon,validation,2017-11-11,Weight_0.0,True,0,0,0,0,1.1368683772161603e-13,0.0,0.0,0
Hog_office_Lavon,validation,2017-11-12,Weight_0.0,True,0,0,0,0,1.1368683772161603e-13,0.0,0.0,0
Hog_office_Lavon,validation,2017-11-13,Weight_0.0,True,0,0,0,0,5.684341886080802e-14,0.0,0.0,0
Hog_office_Lavon,validation,2017-11-14,Weight_0.0,True,0,0,0,0,1.1368683772161603e-13,0.0,0.0,0
Hog_office_Lavon,validation,2017-11-15,Weight_0.0,True,0,0,0,0,5.684341886080802e-14,0.0,0.0,0
Hog_office_Lavon,validation,2017-11-16,Weight_0.0,True,0,0,0,0,1.1368683772161603e-13,0.0,0.0,0
Hog_office_Lavon,validation,2017-11-17,Weight_0.0,True,0,0,0,0,1.1368683772161603e-13,0.0,0.0,0
Hog_office_Lavon,validation,2017-11-18,Weight_0.0,True,0,0,0,0,1.1368683772161603e-13,0.0,0.0,0
Hog_office_Lavon,validation,2017-11-19,Weight_0.0,True,0,0,0,0,5.684341886080802e-14,0.0,0.0,0
Hog_office_Lavon,validation,2017-11-20,Weight_0.0,True,0,0,0,0,1.1368683772161603e-13,0.0,0.0,0
Hog_office_Lavon,validation,2017-11-21,Weight_0.0,True,0,0,0,0,5.684341886080802e-14,0.0,0.0,0
Hog_office_Lavon,validation,2017-11-22,Weight_0.0,True,0,0,0,0,1.1368683772161603e-13,0.0,0.0,0
Hog_office_Lavon,validation,2017-11-23,Weight_0.0,True,0,0,0,0,5.684341886080802e-14,0.0,0.0,0
Hog_office_Lavon,validation,2017-11-24,Weight_0.0,True,0,0,0,0,1.1368683772161603e-13,0.0,0.0,0
Hog_office_Lavon,validation,2017-11-25,Weight_0.0,True,0,0,0,0,5.684341886080802e-14,0.0,0.0,0
Hog_office_Lavon,validation,2017-11-26,Weight_0.0,True,0,0,0,0,5.684341886080802e-14,0.0,0.0,0
Hog_office_Lavon,validation,2017-11-27,Weight_0.0,True,0,0,0,0,5.684341886080802e-14,0.0,0.0,0
Hog_office_Lavon,validation,2017-11-28,Weight_0.0,True,0,0,0,0,5.684341886080802e-14,0.0,0.0,0
Hog_office_Lavon,validation,2017-11-29,Weight_0.0,True,0,0,0,0,1.1368683772161603e-13,0.0,0.0,0
Hog_office_Lavon,validation,2017-11-30,Weight_0.0,True,0,0,0,0,1.1368683772161603e-13,0.0,0.0,0
Hog_office_Lavon,validation,2017-11-02,Weight_0.1,True,0,0,0,0,1.1368683772161603e-13,0.0,0.0,0
Hog_office_Lavon,validation,2017-11-03,Weight_0.1,True,0,0,0,0,1.1368683772161603e-13,0.0,0.0,0
Hog_office_Lavon,validation,2017-11-04,Weight_0.1,True,0,0,0,0,1.1368683772161603e-13,0.0,0.0,0
Hog_office_Lavon,validation,2017-11-05,Weight_0.1,True,0,0,0,0,1.1368683772161603e-13,0.0,0.0,0
Hog_office_Lavon,validation,2017-11-06,Weight_0.1,True,0,0,0,0,5.684341886080802e-14,0.0,0.0,0
Hog_office_Lavon,validation,2017-11-07,Weight_0.1,True,0,0,0,0,1.1368683772161603e-13,0.0,0.0,0
Hog_office_Lavon,validation,2017-11-08,Weight_0.1,True,0,0,0,0,5.684341886080802e-14,0.0,0.0,0
Hog_office_Lavon,validation,2017-11-09,Weight_0.1,True,0,0,0,0,5.684341886080802e-14,0.0,0.0,0
Hog_office_Lavon,validation,2017-11-10,Weight_0.1,True,0,0,0,0,1.1368683772161603e-13,0.0,0.0,0
Hog_office_Lavon,validation,2017-11-11,Weight_0.1,True,0,0,0,0,5.684341886080802e-14,0.0,0.0,0
Hog_office_Lavon,validation,2017-11-12,Weight_0.1,True,0,0,0,0,1.1368683772161603e-13,0.0,0.0,0
Hog_office_Lavon,validation,2017-11-13,Weight_0.1,True,0,0,0,0,1.1368683772161603e-13,0.0,0.0,0
Hog_office_Lavon,validation,2017-11-14,Weight_0.1,True,0,0,0,0,1.1368683772161603e-13,0.0,0.0,0
Hog_office_Lavon,validation,2017-11-15,Weight_0.1,True,0,0,0,0,5.684341886080802e-14,0.0,0.0,0
Hog_office_Lavon,validation,2017-11-16,Weight_0.1,True,0,0,0,0,5.684341886080802e-14,0.0,0.0,0
Hog_office_Lavon,validation,2017-11-17,Weight_0.1,True,0,0,0,0,5.684341886080802e-14,0.0,0.0,0
Hog_office_Lavon,validation,2017-11-18,Weight_0.1,True,0,0,0,0,1.1368683772161603e-13,0.0,0.0,0
Hog_office_Lavon,validation,2017-11-19,Weight_0.1,True,0,0,0,0,1.1368683772161603e-13,0.0,0.0,0
Hog_office_Lavon,validation,2017-11-20,Weight_0.1,True,0,0,0,0,1.1368683772161603e-13,0.0,0.0,0
Hog_office_Lavon,validation,2017-11-21,Weight_0.1,True,0,0,0,0,1.1368683772161603e-13,0.0,0.0,0
Hog_office_Lavon,validation,2017-11-22,Weight_0.1,True,0,0,0,0,1.1368683772161603e-13,0.0,0.0,0
Hog_office_Lavon,validation,2017-11-23,Weight_0.1,True,0,0,0,0,1.1368683772161603e-13,0.0,0.0,0
Hog_office_Lavon,validation,2017-11-24,Weight_0.1,True,0,0,0,0,1.1368683772161603e-13,0.0,0.0,0
Hog_office_Lavon,validation,2017-11-25,Weight_0.1,True,0,0,0,0,2.8421709430404007e-13,0.0,0.0,0
Hog_office_Lavon,validation,2017-11-26,Weight_0.1,True,0,0,0,0,1.1368683772161603e-13,0.0,0.0,0
Hog_office_Lavon,validation,2017-11-27,Weight_0.1,True,0,0,0,0,1.1368683772161603e-13,0.0,0.0,0
Hog_office_Lavon,validation,2017-11-28,Weight_0.1,True,0,0,0,0,5.684341886080802e-14,0.0,0.0,0
Hog_office_Lavon,validation,2017-11-29,Weight_0.1,True,0,0,0,0,5.684341886080802e-14,0.0,0.0,0
Hog_office_Lavon,validation,2017-11-30,Weight_0.1,True,0,0,0,0,1.1368683772161603e-13,0.0,0.0,0
Hog_office_Lavon,validation,2017-11-02,Weight_0.2,True,0,0,0,0,5.684341886080802e-14,0.0,0.0,0
Hog_office_Lavon,validation,2017-11-03,Weight_0.2,True,0,0,0,0,1.1368683772161603e-13,0.0,0.0,0
Hog_office_Lavon,validation,2017-11-04,Weight_0.2,True,0,0,0,0,1.1368683772161603e-13,0.0,0.0,0
Hog_office_Lavon,validation,2017-11-05,Weight_0.2,True,0,0,0,0,5.684341886080802e-14,0.0,0.0,0
Hog_office_Lavon,validation,2017-11-06,Weight_0.2,True,0,0,0,0,1.1368683772161603e-13,0.0,0.0,0
Hog_office_Lavon,validation,2017-11-07,Weight_0.2,True,0,0,0,0,5.684341886080802e-14,0.0,0.0,0
Hog_office_Lavon,validation,2017-11-08,Weight_0.2,True,0,0,0,0,5.684341886080802e-14,0.0,0.0,0
Hog_office_Lavon,validation,2017-11-09,Weight_0.2,True,0,0,0,0,1.1368683772161603e-13,0.0,0.0,0
Hog_office_Lavon,validation,2017-11-10,Weight_0.2,True,0,0,0,0,0.0,0.0,0.0,0
Hog_office_Lavon,validation,2017-11-11,Weight_0.2,True,0,0,0,0,1.1368683772161603e-13,0.0,0.0,0
Hog_office_Lavon,validation,2017-11-12,Weight_0.2,True,0,0,0,0,1.1368683772161603e-13,0.0,0.0,0
Hog_office_Lavon,validation,2017-11-13,Weight_0.2,True,0,0,0,0,5.684341886080802e-14,0.0,0.0,0
Hog_office_Lavon,validation,2017-11-14,Weight_0.2,True,0,0,0,0,1.1368683772161603e-13,0.0,0.0,0
Hog_office_Lavon,validation,2017-11-15,Weight_0.2,True,0,0,0,0,1.7053025658242404e-13,0.0,0.0,0
Hog_office_Lavon,validation,2017-11-16,Weight_0.2,True,0,0,0,0,1.1368683772161603e-13,0.0,0.0,0
Hog_office_Lavon,validation,2017-11-17,Weight_0.2,True,0,0,0,0,5.684341886080802e-14,0.0,0.0,0
Hog_office_Lavon,validation,2017-11-18,Weight_0.2,True,0,0,0,0,1.1368683772161603e-13,0.0,0.0,0
Hog_office_Lavon,validation,2017-11-19,Weight_0.2,True,0,0,0,0,5.684341886080802e-14,0.0,0.0,0
Hog_office_Lavon,validation,2017-11-20,Weight_0.2,True,0,0,0,0,1.7053025658242404e-13,0.0,0.0,0
Hog_office_Lavon,validation,2017-11-21,Weight_0.2,True,0,0,0,0,2.2737367544323206e-13,0.0,0.0,0
Hog_office_Lavon,validation,2017-11-22,Weight_0.2,True,0,0,0,0,1.1368683772161603e-13,0.0,0.0,0
Hog_office_Lavon,validation,2017-11-23,Weight_0.2,True,0,0,0,0,1.1368683772161603e-13,0.0,0.0,0
Hog_office_Lavon,validation,2017-11-24,Weight_0.2,True,0,0,0,0,1.1368683772161603e-13,0.0,0.0,0
Hog_office_Lavon,validation,2017-11-25,Weight_0.2,True,0,0,0,0,5.684341886080802e-14,0.0,0.0,0
Hog_office_Lavon,validation,2017-11-26,Weight_0.2,True,0,0,0,0,1.1368683772161603e-13,0.0,0.0,0
Hog_office_Lavon,validation,2017-11-27,Weight_0.2,True,0,0,0,0,5.684341886080802e-14,0.0,0.0,0
Hog_office_Lavon,validation,2017-11-28,Weight_0.2,True,0,0,0,0,1.1368683772161603e-13,0.0,0.0,0
Hog_office_Lavon,validation,2017-11-29,Weight_0.2,True,0,0,0,0,1.1368683772161603e-13,0.0,0.0,0
Hog_office_Lavon,validation,2017-11-30,Weight_0.2,True,0,0,0,0,2.2737367544323206e-13,0.0,0.0,0
Hog_office_Lavon,validation,2017-11-02,Weight_0.3,True,0,0,0,0,1.1368683772161603e-13,0.0,0.0,0
Hog_office_Lavon,validation,2017-11-03,Weight_0.3,True,0,0,0,0,5.684341886080802e-14,0.0,0.0,0
Hog_office_Lavon,validation,2017-11-04,Weight_0.3,True,0,0,0,0,1.7053025658242404e-13,0.0,0.0,0
Hog_office_Lavon,validation,2017-11-05,Weight_0.3,True,0,0,0,0,1.1368683772161603e-13,0.0,0.0,0
Hog_office_Lavon,validation,2017-11-06,Weight_0.3,True,0,0,0,0,1.1368683772161603e-13,0.0,0.0,0
Hog_office_Lavon,validation,2017-11-07,Weight_0.3,True,0,0,0,0,2.2737367544323206e-13,0.0,0.0,0
Hog_office_Lavon,validation,2017-11-08,Weight_0.3,True,0,0,0,0,5.684341886080802e-14,0.0,0.0,0
Hog_office_Lavon,validation,2017-11-09,Weight_0.3,True,0,0,0,0,1.1368683772161603e-13,0.0,0.0,0
Hog_office_Lavon,validation,2017-11-10,Weight_0.3,True,0,0,0,0,0.0,0.0,0.0,0
Hog_office_Lavon,validation,2017-11-11,Weight_0.3,True,0,0,0,0,1.1368683772161603e-13,0.0,0.0,0
Hog_office_Lavon,validation,2017-11-12,Weight_0.3,True,0,0,0,0,1.1368683772161603e-13,0.0,0.0,0
Hog_office_Lavon,validation,2017-11-13,Weight_0.3,True,0,0,0,0,1.1368683772161603e-13,0.0,0.0,0
Hog_office_Lavon,validation,2017-11-14,Weight_0.3,True,0,0,0,0,1.7053025658242404e-13,0.0,0.0,0
Hog_office_Lavon,validation,2017-11-15,Weight_0.3,True,0,0,0,0,1.1368683772161603e-13,0.0,0.0,0
Hog_office_Lavon,validation,2017-11-16,Weight_0.3,True,0,0,0,0,5.684341886080802e-14,0.0,0.0,0
Hog_office_Lavon,validation,2017-11-17,Weight_0.3,True,0,0,0,0,2.2737367544323206e-13,0.0,0.0,0
Hog_office_Lavon,validation,2017-11-18,Weight_0.3,True,0,0,0,0,1.1368683772161603e-13,0.0,0.0,0
Hog_office_Lavon,validation,2017-11-19,Weight_0.3,True,0,0,0,0,2.2737367544323206e-13,0.0,0.0,0
Hog_office_Lavon,validation,2017-11-20,Weight_0.3,True,0,0,0,0,1.7053025658242404e-13,0.0,0.0,0
Hog_office_Lavon,validation,2017-11-21,Weight_0.3,True,0,0,0,0,1.1368683772161603e-13,0.0,0.0,0
Hog_office_Lavon,validation,2017-11-22,Weight_0.3,True,0,0,0,0,5.684341886080802e-14,0.0,0.0,0
Hog_office_Lavon,validation,2017-11-23,Weight_0.3,True,0,0,0,0,1.1368683772161603e-13,0.0,0.0,0
Hog_office_Lavon,validation,2017-11-24,Weight_0.3,True,0,0,0,0,5.684341886080802e-14,0.0,0.0,0
Hog_office_Lavon,validation,2017-11-25,Weight_0.3,True,0,0,0,0,5.684341886080802e-14,0.0,0.0,0
Hog_office_Lavon,validation,2017-11-26,Weight_0.3,True,0,0,0,0,1.1368683772161603e-13,0.0,0.0,0
Hog_office_Lavon,validation,2017-11-27,Weight_0.3,True,0,0,0,0,5.684341886080802e-14,0.0,0.0,0
Hog_office_Lavon,validation,2017-11-28,Weight_0.3,True,0,0,0,0,1.1368683772161603e-13,0.0,0.0,0
Hog_office_Lavon,validation,2017-11-29,Weight_0.3,True,0,0,0,0,5.684341886080802e-14,0.0,0.0,0
Hog_office_Lavon,validation,2017-11-30,Weight_0.3,True,0,0,0,0,5.684341886080802e-14,0.0,0.0,0
Hog_office_Lavon,validation,2017-11-02,Weight_0.4,True,0,0,0,0,5.684341886080802e-14,0.0,0.0,0
Hog_office_Lavon,validation,2017-11-03,Weight_0.4,True,0,0,0,0,1.7053025658242404e-13,0.0,0.0,0
Hog_office_Lavon,validation,2017-11-04,Weight_0.4,True,0,0,0,0,1.1368683772161603e-13,0.0,0.0,0
Hog_office_Lavon,validation,2017-11-05,Weight_0.4,True,0,0,0,0,1.1368683772161603e-13,0.0,0.0,0
Hog_office_Lavon,validation,2017-11-06,Weight_0.4,True,0,0,0,0,1.7053025658242404e-13,0.0,0.0,0
Hog_office_Lavon,validation,2017-11-07,Weight_0.4,True,0,0,0,0,1.1368683772161603e-13,0.0,0.0,0
Hog_office_Lavon,validation,2017-11-08,Weight_0.4,True,0,0,0,0,5.684341886080802e-14,0.0,0.0,0
Hog_office_Lavon,validation,2017-11-09,Weight_0.4,True,0,0,0,0,1.1368683772161603e-13,0.0,0.0,0
Hog_office_Lavon,validation,2017-11-10,Weight_0.4,True,0,0,0,0,1.1368683772161603e-13,0.0,0.0,0
Hog_office_Lavon,validation,2017-11-11,Weight_0.4,True,0,0,0,0,1.7053025658242404e-13,0.0,0.0,0
Hog_office_Lavon,validation,2017-11-12,Weight_0.4,True,0,0,0,0,2.2737367544323206e-13,0.0,0.0,0
Hog_office_Lavon,validation,2017-11-13,Weight_0.4,True,0,0,0,0,1.1368683772161603e-13,0.0,0.0,0
Hog_office_Lavon,validation,2017-11-14,Weight_0.4,True,0,0,0,0,1.1368683772161603e-13,0.0,0.0,0
Hog_office_Lavon,validation,2017-11-15,Weight_0.4,True,0,0,0,0,1.1368683772161603e-13,0.0,0.0,0
Hog_office_Lavon,validation,2017-11-16,Weight_0.4,True,0,0,0,0,1.1368683772161603e-13,0.0,0.0,0
Hog_office_Lavon,validation,2017-11-17,Weight_0.4,True,0,0,0,0,1.1368683772161603e-13,0.0,0.0,0
Hog_office_Lavon,validation,2017-11-18,Weight_0.4,True,0,0,0,0,1.1368683772161603e-13,0.0,0.0,0
Hog_office_Lavon,validation,2017-11-19,Weight_0.4,True,0,0,0,0,1.1368683772161603e-13,0.0,0.0,0
Hog_office_Lavon,validation,2017-11-20,Weight_0.4,True,0,0,0,0,1.7053025658242404e-13,0.0,0.0,0
Hog_office_Lavon,validation,2017-11-21,Weight_0.4,True,0,0,0,0,1.1368683772161603e-13,0.0,0.0,0
Hog_office_Lavon,validation,2017-11-22,Weight_0.4,True,0,0,0,0,5.684341886080802e-14,0.0,0.0,0
Hog_office_Lavon,validation,2017-11-23,Weight_0.4,True,0,0,0,0,5.684341886080802e-14,0.0,0.0,0
Hog_office_Lavon,validation,2017-11-24,Weight_0.4,True,0,0,0,0,1.1368683772161603e-13,0.0,0.0,0
Hog_office_Lavon,validation,2017-11-25,Weight_0.4,True,0,0,0,0,1.1368683772161603e-13,0.0,0.0,0
Hog_office_Lavon,validation,2017-11-26,Weight_0.4,True,0,0,0,0,1.1368683772161603e-13,0.0,0.0,0
Hog_office_Lavon,validation,2017-11-27,Weight_0.4,True,0,0,0,0,5.684341886080802e-14,0.0,0.0,0
Hog_office_Lavon,validation,2017-11-28,Weight_0.4,True,0,0,0,0,5.684341886080802e-14,0.0,0.0,0
Hog_office_Lavon,validation,2017-11-29,Weight_0.4,True,0,0,0,0,0.0,0.0,0.0,0
Hog_office_Lavon,validation,2017-11-30,Weight_0.4,True,0,0,0,0,2.2737367544323206e-13,0.0,0.0,0
Hog_office_Lavon,validation,2017-11-02,Weight_0.5,True,0,0,0,0,1.1368683772161603e-13,0.0,0.0,0
Hog_office_Lavon,validation,2017-11-03,Weight_0.5,True,0,0,0,0,5.684341886080802e-14,0.0,0.0,0
Hog_office_Lavon,validation,2017-11-04,Weight_0.5,True,0,0,0,0,1.1368683772161603e-13,0.0,0.0,0
Hog_office_Lavon,validation,2017-11-05,Weight_0.5,True,0,0,0,0,1.1368683772161603e-13,0.0,0.0,0
Hog_office_Lavon,validation,2017-11-06,Weight_0.5,True,0,0,0,0,1.1368683772161603e-13,0.0,0.0,0
Hog_office_Lavon,validation,2017-11-07,Weight_0.5,True,0,0,0,0,5.684341886080802e-14,0.0,0.0,0
Hog_office_Lavon,validation,2017-11-08,Weight_0.5,True,0,0,0,0,1.7053025658242404e-13,0.0,0.0,0
Hog_office_Lavon,validation,2017-11-09,Weight_0.5,True,0,0,0,0,5.684341886080802e-14,0.0,0.0,0
Hog_office_Lavon,validation,2017-11-10,Weight_0.5,True,0,0,0,0,5.684341886080802e-14,0.0,0.0,0
Hog_office_Lavon,validation,2017-11-11,Weight_0.5,True,0,0,0,0,2.2737367544323206e-13,0.0,0.0,0
Hog_office_Lavon,validation,2017-11-12,Weight_0.5,True,0,0,0,0,2.2737367544323206e-13,0.0,0.0,0
Hog_office_Lavon,validation,2017-11-13,Weight_0.5,True,0,0,0,0,1.7053025658242404e-13,0.0,0.0,0
Hog_office_Lavon,validation,2017-11-14,Weight_0.5,True,0,0,0,0,1.1368683772161603e-13,0.0,0.0,0
Hog_office_Lavon,validation,2017-11-15,Weight_0.5,True,0,0,0,0,1.1368683772161603e-13,0.0,0.0,0
Hog_office_Lavon,validation,2017-11-16,Weight_0.5,True,0,0,0,0,1.1368683772161603e-13,0.0,0.0,0
Hog_office_Lavon,validation,2017-11-17,Weight_0.5,True,0,0,0,0,1.7053025658242404e-13,0.0,0.0,0
Hog_office_Lavon,validation,2017-11-18,Weight_0.5,True,0,0,0,0,1.1368683772161603e-13,0.0,0.0,0
Hog_office_Lavon,validation,2017-11-19,Weight_0.5,True,0,0,0,0,5.684341886080802e-14,0.0,0.0,0
Hog_office_Lavon,validation,2017-11-20,Weight_0.5,True,0,0,0,0,5.684341886080802e-14,0.0,0.0,0
Hog_office_Lavon,validation,2017-11-21,Weight_0.5,True,0,0,0,0,1.1368683772161603e-13,0.0,0.0,0
Hog_office_Lavon,validation,2017-11-22,Weight_0.5,True,0,0,0,0,5.684341886080802e-14,0.0,0.0,0
Hog_office_Lavon,validation,2017-11-23,Weight_0.5,True,0,0,0,0,2.2737367544323206e-13,0.0,0.0,0
Hog_office_Lavon,validation,2017-11-24,Weight_0.5,True,0,0,0,0,5.684341886080802e-14,0.0,0.0,0
Hog_office_Lavon,validation,2017-11-25,Weight_0.5,True,0,0,0,0,1.7053025658242404e-13,0.0,0.0,0
Hog_office_Lavon,validation,2017-11-26,Weight_0.5,True,0,0,0,0,1.1368683772161603e-13,0.0,0.0,0
Hog_office_Lavon,validation,2017-11-27,Weight_0.5,True,0,0,0,0,1.1368683772161603e-13,0.0,0.0,0
Hog_office_Lavon,validation,2017-11-28,Weight_0.5,True,0,0,0,0,5.684341886080802e-14,0.0,0.0,0
Hog_office_Lavon,validation,2017-11-29,Weight_0.5,True,0,0,0,0,1.1368683772161603e-13,0.0,0.0,0
Hog_office_Lavon,validation,2017-11-30,Weight_0.5,True,0,0,0,0,5.684341886080802e-14,0.0,0.0,0
Hog_office_Lavon,validation,2017-11-02,Weight_0.6,True,0,0,0,0,1.1368683772161603e-13,0.0,0.0,0
Hog_office_Lavon,validation,2017-11-03,Weight_0.6,True,0,0,0,0,5.684341886080802e-14,0.0,0.0,0
Hog_office_Lavon,validation,2017-11-04,Weight_0.6,True,0,0,0,0,1.1368683772161603e-13,0.0,0.0,0
Hog_office_Lavon,validation,2017-11-05,Weight_0.6,True,0,0,0,0,1.1368683772161603e-13,0.0,0.0,0
Hog_office_Lavon,validation,2017-11-06,Weight_0.6,True,0,0,0,0,5.684341886080802e-14,0.0,0.0,0
Hog_office_Lavon,validation,2017-11-07,Weight_0.6,True,0,0,0,0,5.684341886080802e-14,0.0,0.0,0
Hog_office_Lavon,validation,2017-11-08,Weight_0.6,True,0,0,0,0,1.1368683772161603e-13,0.0,0.0,0
Hog_office_Lavon,validation,2017-11-09,Weight_0.6,True,0,0,0,0,5.684341886080802e-14,0.0,0.0,0
Hog_office_Lavon,validation,2017-11-10,Weight_0.6,True,0,0,0,0,1.1368683772161603e-13,0.0,0.0,0
Hog_office_Lavon,validation,2017-11-11,Weight_0.6,True,0,0,0,0,1.7053025658242404e-13,0.0,0.0,0
Hog_office_Lavon,validation,2017-11-12,Weight_0.6,True,0,0,0,0,1.1368683772161603e-13,0.0,0.0,0
Hog_office_Lavon,validation,2017-11-13,Weight_0.6,True,0,0,0,0,1.1368683772161603e-13,0.0,0.0,0
Hog_office_Lavon,validation,2017-11-14,Weight_0.6,True,0,0,0,0,1.7053025658242404e-13,0.0,0.0,0
Hog_office_Lavon,validation,2017-11-15,Weight_0.6,True,0,0,0,0,1.1368683772161603e-13,0.0,0.0,0
Hog_office_Lavon,validation,2017-11-16,Weight_0.6,True,0,0,0,0,1.1368683772161603e-13,0.0,0.0,0
Hog_office_Lavon,validation,2017-11-17,Weight_0.6,True,0,0,0,0,1.1368683772161603e-13,0.0,0.0,0
Hog_office_Lavon,validation,2017-11-18,Weight_0.6,True,0,0,0,0,2.2737367544323206e-13,0.0,0.0,0
Hog_office_Lavon,validation,2017-11-19,Weight_0.6,True,0,0,0,0,1.1368683772161603e-13,0.0,0.0,0
Hog_office_Lavon,validation,2017-11-20,Weight_0.6,True,0,0,0,0,5.684341886080802e-14,0.0,0.0,0
Hog_office_Lavon,validation,2017-11-21,Weight_0.6,True,0,0,0,0,1.1368683772161603e-13,0.0,0.0,0
Hog_office_Lavon,validation,2017-11-22,Weight_0.6,True,0,0,0,0,5.684341886080802e-14,0.0,0.0,0
Hog_office_Lavon,validation,2017-11-23,Weight_0.6,True,0,0,0,0,5.684341886080802e-14,0.0,0.0,0
Hog_office_Lavon,validation,2017-11-24,Weight_0.6,True,0,0,0,0,1.1368683772161603e-13,0.0,0.0,0
Hog_office_Lavon,validation,2017-11-25,Weight_0.6,True,0,0,0,0,5.684341886080802e-14,0.0,0.0,0
Hog_office_Lavon,validation,2017-11-26,Weight_0.6,True,0,0,0,0,1.1368683772161603e-13,0.0,0.0,0
Hog_office_Lavon,validation,2017-11-27,Weight_0.6,True,0,0,0,0,1.1368683772161603e-13,0.0,0.0,0
Hog_office_Lavon,validation,2017-11-28,Weight_0.6,True,0,0,0,0,1.7053025658242404e-13,0.0,0.0,0
Hog_office_Lavon,validation,2017-11-29,Weight_0.6,True,0,0,0,0,1.1368683772161603e-13,0.0,0.0,0
Hog_office_Lavon,validation,2017-11-30,Weight_0.6,True,0,0,0,0,1.1368683772161603e-13,0.0,0.0,0
Hog_office_Lavon,validation,2017-11-02,Weight_0.7,True,0,0,0,0,5.684341886080802e-14,0.0,0.0,0
Hog_office_Lavon,validation,2017-11-03,Weight_0.7,True,0,0,0,0,1.1368683772161603e-13,0.0,0.0,0
Hog_office_Lavon,validation,2017-11-04,Weight_0.7,True,0,0,0,0,1.1368683772161603e-13,0.0,0.0,0
Hog_office_Lavon,validation,2017-11-05,Weight_0.7,True,0,0,0,0,1.7053025658242404e-13,0.0,0.0,0
Hog_office_Lavon,validation,2017-11-06,Weight_0.7,True,0,0,0,0,1.1368683772161603e-13,0.0,0.0,0
Hog_office_Lavon,validation,2017-11-07,Weight_0.7,True,0,0,0,0,1.1368683772161603e-13,0.0,0.0,0
Hog_office_Lavon,validation,2017-11-08,Weight_0.7,True,0,0,0,0,1.1368683772161603e-13,0.0,0.0,0
Hog_office_Lavon,validation,2017-11-09,Weight_0.7,True,0,0,0,0,1.1368683772161603e-13,0.0,0.0,0
Hog_office_Lavon,validation,2017-11-10,Weight_0.7,True,0,0,0,0,5.684341886080802e-14,0.0,0.0,0
Hog_office_Lavon,validation,2017-11-11,Weight_0.7,True,0,0,0,0,1.1368683772161603e-13,0.0,0.0,0
Hog_office_Lavon,validation,2017-11-12,Weight_0.7,True,0,0,0,0,1.7053025658242404e-13,0.0,0.0,0
Hog_office_Lavon,validation,2017-11-13,Weight_0.7,True,0,0,0,0,1.7053025658242404e-13,0.0,0.0,0
Hog_office_Lavon,validation,2017-11-14,Weight_0.7,True,0,0,0,0,5.684341886080802e-14,0.0,0.0,0
Hog_office_Lavon,validation,2017-11-15,Weight_0.7,True,0,0,0,0,1.1368683772161603e-13,0.0,0.0,0
Hog_office_Lavon,validation,2017-11-16,Weight_0.7,True,0,0,0,0,1.1368683772161603e-13,0.0,0.0,0
Hog_office_Lavon,validation,2017-11-17,Weight_0.7,True,0,0,0,0,2.2737367544323206e-13,0.0,0.0,0
Hog_office_Lavon,validation,2017-11-18,Weight_0.7,True,0,0,0,0,1.7053025658242404e-13,0.0,0.0,0
Hog_office_Lavon,validation,2017-11-19,Weight_0.7,True,0,0,0,0,1.1368683772161603e-13,0.0,0.0,0
Hog_office_Lavon,validation,2017-11-20,Weight_0.7,True,0,0,0,0,1.7053025658242404e-13,0.0,0.0,0
Hog_office_Lavon,validation,2017-11-21,Weight_0.7,True,0,0,0,0,5.684341886080802e-14,0.0,0.0,0
Hog_office_Lavon,validation,2017-11-22,Weight_0.7,True,0,0,0,0,1.1368683772161603e-13,0.0,0.0,0
Hog_office_Lavon,validation,2017-11-23,Weight_0.7,True,0,0,0,0,1.7053025658242404e-13,0.0,0.0,0
Hog_office_Lavon,validation,2017-11-24,Weight_0.7,True,0,0,0,0,1.1368683772161603e-13,0.0,0.0,0
Hog_office_Lavon,validation,2017-11-25,Weight_0.7,True,0,0,0,0,1.1368683772161603e-13,0.0,0.0,0
Hog_office_Lavon,validation,2017-11-26,Weight_0.7,True,0,0,0,0,1.1368683772161603e-13,0.0,0.0,0
Hog_office_Lavon,validation,2017-11-27,Weight_0.7,True,0,0,0,0,1.1368683772161603e-13,0.0,0.0,0
Hog_office_Lavon,validation,2017-11-28,Weight_0.7,True,0,0,0,0,5.684341886080802e-14,0.0,0.0,0
Hog_office_Lavon,validation,2017-11-29,Weight_0.7,True,0,0,0,0,5.684341886080802e-14,0.0,0.0,0
Hog_office_Lavon,validation,2017-11-30,Weight_0.7,True,0,0,0,0,1.1368683772161603e-13,0.0,0.0,0
Hog_office_Lavon,validation,2017-11-02,Weight_0.8,True,0,0,0,0,1.1368683772161603e-13,0.0,0.0,0
Hog_office_Lavon,validation,2017-11-03,Weight_0.8,True,0,0,0,0,1.1368683772161603e-13,0.0,0.0,0
Hog_office_Lavon,validation,2017-11-04,Weight_0.8,True,0,0,0,0,1.1368683772161603e-13,0.0,0.0,0
Hog_office_Lavon,validation,2017-11-05,Weight_0.8,True,0,0,0,0,1.1368683772161603e-13,0.0,0.0,0
Hog_office_Lavon,validation,2017-11-06,Weight_0.8,True,0,0,0,0,1.1368683772161603e-13,0.0,0.0,0
Hog_office_Lavon,validation,2017-11-07,Weight_0.8,True,0,0,0,0,5.684341886080802e-14,0.0,0.0,0
Hog_office_Lavon,validation,2017-11-08,Weight_0.8,True,0,0,0,0,2.2737367544323206e-13,0.0,0.0,0
Hog_office_Lavon,validation,2017-11-09,Weight_0.8,True,0,0,0,0,1.1368683772161603e-13,0.0,0.0,0
Hog_office_Lavon,validation,2017-11-10,Weight_0.8,True,0,0,0,0,1.7053025658242404e-13,0.0,0.0,0
Hog_office_Lavon,validation,2017-11-11,Weight_0.8,True,0,0,0,0,2.8421709430404007e-13,0.0,0.0,0
Hog_office_Lavon,validation,2017-11-12,Weight_0.8,True,0,0,0,0,0.0,0.0,0.0,0
Hog_office_Lavon,validation,2017-11-13,Weight_0.8,True,0,0,0,0,1.7053025658242404e-13,0.0,0.0,0
Hog_office_Lavon,validation,2017-11-14,Weight_0.8,True,0,0,0,0,1.1368683772161603e-13,0.0,0.0,0
Hog_office_Lavon,validation,2017-11-15,Weight_0.8,True,0,0,0,0,2.2737367544323206e-13,0.0,0.0,0
Hog_office_Lavon,validation,2017-11-16,Weight_0.8,True,0,0,0,0,1.1368683772161603e-13,0.0,0.0,0
Hog_office_Lavon,validation,2017-11-17,Weight_0.8,True,0,0,0,0,1.7053025658242404e-13,0.0,0.0,0
Hog_office_Lavon,validation,2017-11-18,Weight_0.8,True,0,0,0,0,1.7053025658242404e-13,0.0,0.0,0
Hog_office_Lavon,validation,2017-11-19,Weight_0.8,True,0,0,0,0,5.684341886080802e-14,0.0,0.0,0
Hog_office_Lavon,validation,2017-11-20,Weight_0.8,True,0,0,0,0,1.7053025658242404e-13,0.0,0.0,0
Hog_office_Lavon,validation,2017-11-21,Weight_0.8,True,0,0,0,0,2.2737367544323206e-13,0.0,0.0,0
Hog_office_Lavon,validation,2017-11-22,Weight_0.8,True,0,0,0,0,2.2737367544323206e-13,0.0,0.0,0
Hog_office_Lavon,validation,2017-11-23,Weight_0.8,True,0,0,0,0,5.684341886080802e-14,0.0,0.0,0
Hog_office_Lavon,validation,2017-11-24,Weight_0.8,True,0,0,0,0,1.1368683772161603e-13,0.0,0.0,0
Hog_office_Lavon,validation,2017-11-25,Weight_0.8,True,0,0,0,0,5.684341886080802e-14,0.0,0.0,0
Hog_office_Lavon,validation,2017-11-26,Weight_0.8,True,0,0,0,0,1.1368683772161603e-13,0.0,0.0,0
Hog_office_Lavon,validation,2017-11-27,Weight_0.8,True,0,0,0,0,5.684341886080802e-14,0.0,0.0,0
Hog_office_Lavon,validation,2017-11-28,Weight_0.8,True,0,0,0,0,1.1368683772161603e-13,0.0,0.0,0
Hog_office_Lavon,validation,2017-11-29,Weight_0.8,True,0,0,0,0,5.684341886080802e-14,0.0,0.0,0
Hog_office_Lavon,validation,2017-11-30,Weight_0.8,True,0,0,0,0,5.684341886080802e-14,0.0,0.0,0
Hog_office_Lavon,validation,2017-11-02,Weight_0.9,True,0,0,0,0,1.7053025658242404e-13,0.0,0.0,0
Hog_office_Lavon,validation,2017-11-03,Weight_0.9,True,0,0,0,0,1.7053025658242404e-13,0.0,0.0,0
Hog_office_Lavon,validation,2017-11-04,Weight_0.9,True,0,0,0,0,1.7053025658242404e-13,0.0,0.0,0
Hog_office_Lavon,validation,2017-11-05,Weight_0.9,True,0,0,0,0,2.2737367544323206e-13,0.0,0.0,0
Hog_office_Lavon,validation,2017-11-06,Weight_0.9,True,0,0,0,0,1.1368683772161603e-13,0.0,0.0,0
Hog_office_Lavon,validation,2017-11-07,Weight_0.9,True,0,0,0,0,5.684341886080802e-14,0.0,0.0,0
Hog_office_Lavon,validation,2017-11-08,Weight_0.9,True,0,0,0,0,1.1368683772161603e-13,0.0,0.0,0
Hog_office_Lavon,validation,2017-11-09,Weight_0.9,True,0,0,0,0,2.2737367544323206e-13,0.0,0.0,0
Hog_office_Lavon,validation,2017-11-10,Weight_0.9,True,0,0,0,0,1.1368683772161603e-13,0.0,0.0,0
Hog_office_Lavon,validation,2017-11-11,Weight_0.9,True,0,0,0,0,5.684341886080802e-14,0.0,0.0,0
Hog_office_Lavon,validation,2017-11-12,Weight_0.9,True,0,0,0,0,2.2737367544323206e-13,0.0,0.0,0
Hog_office_Lavon,validation,2017-11-13,Weight_0.9,True,0,0,0,0,2.2737367544323206e-13,0.0,0.0,0
Hog_office_Lavon,validation,2017-11-14,Weight_0.9,True,0,0,0,0,3.410605131648481e-13,0.0,0.0,0
Hog_office_Lavon,validation,2017-11-15,Weight_0.9,True,0,0,0,0,1.1368683772161603e-13,0.0,0.0,0
Hog_office_Lavon,validation,2017-11-16,Weight_0.9,True,0,0,0,0,5.684341886080802e-14,0.0,0.0,0
Hog_office_Lavon,validation,2017-11-17,Weight_0.9,True,0,0,0,0,1.1368683772161603e-13,0.0,0.0,0
Hog_office_Lavon,validation,2017-11-18,Weight_0.9,True,0,0,0,0,1.7053025658242404e-13,0.0,0.0,0
Hog_office_Lavon,validation,2017-11-19,Weight_0.9,True,0,0,0,0,5.684341886080802e-14,0.0,0.0,0
Hog_office_Lavon,validation,2017-11-20,Weight_0.9,True,0,0,0,0,2.8421709430404007e-13,0.0,0.0,0
Hog_office_Lavon,validation,2017-11-21,Weight_0.9,True,0,0,0,0,2.2737367544323206e-13,0.0,0.0,0
Hog_office_Lavon,validation,2017-11-22,Weight_0.9,True,0,0,0,0,1.1368683772161603e-13,0.0,0.0,0
Hog_office_Lavon,validation,2017-11-23,Weight_0.9,True,0,0,0,0,5.684341886080802e-14,0.0,0.0,0
Hog_office_Lavon,validation,2017-11-24,Weight_0.9,True,0,0,0,0,1.1368683772161603e-13,0.0,0.0,0
Hog_office_Lavon,validation,2017-11-25,Weight_0.9,True,0,0,0,0,1.1368683772161603e-13,0.0,0.0,0
Hog_office_Lavon,validation,2017-11-26,Weight_0.9,True,0,0,0,0,1.1368683772161603e-13,0.0,0.0,0
Hog_office_Lavon,validation,2017-11-27,Weight_0.9,True,0,0,0,0,1.1368683772161603e-13,0.0,0.0,0
Hog_office_Lavon,validation,2017-11-28,Weight_0.9,True,0,0,0,0,1.1368683772161603e-13,0.0,0.0,0
Hog_office_Lavon,validation,2017-11-29,Weight_0.9,True,0,0,0,0,1.1368683772161603e-13,0.0,0.0,0
Hog_office_Lavon,validation,2017-11-30,Weight_0.9,True,0,0,0,0,5.684341886080802e-14,0.0,0.0,0
Hog_office_Lavon,validation,2017-11-02,Weight_1.0,True,0,0,0,0,1.7053025658242404e-13,0.0,0.0,0
Hog_office_Lavon,validation,2017-11-03,Weight_1.0,True,0,0,0,0,2.2737367544323206e-13,0.0,0.0,0
Hog_office_Lavon,validation,2017-11-04,Weight_1.0,True,0,0,0,0,1.1368683772161603e-13,0.0,0.0,0
Hog_office_Lavon,validation,2017-11-05,Weight_1.0,True,0,0,0,0,1.7053025658242404e-13,0.0,0.0,0
Hog_office_Lavon,validation,2017-11-06,Weight_1.0,True,0,0,0,0,2.2737367544323206e-13,0.0,0.0,0
Hog_office_Lavon,validation,2017-11-07,Weight_1.0,True,0,0,0,0,1.7053025658242404e-13,0.0,0.0,0
Hog_office_Lavon,validation,2017-11-08,Weight_1.0,True,0,0,0,0,1.1368683772161603e-13,0.0,0.0,0
Hog_office_Lavon,validation,2017-11-09,Weight_1.0,True,0,0,0,0,1.7053025658242404e-13,0.0,0.0,0
Hog_office_Lavon,validation,2017-11-10,Weight_1.0,True,0,0,0,0,5.684341886080802e-14,0.0,0.0,0
Hog_office_Lavon,validation,2017-11-11,Weight_1.0,True,0,0,0,0,2.2737367544323206e-13,0.0,0.0,0
Hog_office_Lavon,validation,2017-11-12,Weight_1.0,True,0,0,0,0,2.8421709430404007e-13,0.0,0.0,0
Hog_office_Lavon,validation,2017-11-13,Weight_1.0,True,0,0,0,0,5.684341886080802e-14,0.0,0.0,0
Hog_office_Lavon,validation,2017-11-14,Weight_1.0,True,0,0,0,0,2.2737367544323206e-13,0.0,0.0,0
Hog_office_Lavon,validation,2017-11-15,Weight_1.0,True,0,0,0,0,5.684341886080802e-14,0.0,0.0,0
Hog_office_Lavon,validation,2017-11-16,Weight_1.0,True,0,0,0,0,1.1368683772161603e-13,0.0,0.0,0
Hog_office_Lavon,validation,2017-11-17,Weight_1.0,True,0,0,0,0,1.7053025658242404e-13,0.0,0.0,0
Hog_office_Lavon,validation,2017-11-18,Weight_1.0,True,0,0,0,0,1.1368683772161603e-13,0.0,0.0,0
Hog_office_Lavon,validation,2017-11-19,Weight_1.0,True,0,0,0,0,1.1368683772161603e-13,0.0,0.0,0
Hog_office_Lavon,validation,2017-11-20,Weight_1.0,True,0,0,0,0,5.684341886080802e-14,0.0,0.0,0
Hog_office_Lavon,validation,2017-11-21,Weight_1.0,True,0,0,0,0,2.2737367544323206e-13,0.0,0.0,0
Hog_office_Lavon,validation,2017-11-22,Weight_1.0,True,0,0,0,0,5.684341886080802e-14,0.0,0.0,0
Hog_office_Lavon,validation,2017-11-23,Weight_1.0,True,0,0,0,0,1.1368683772161603e-13,0.0,0.0,0
Hog_office_Lavon,validation,2017-11-24,Weight_1.0,True,0,0,0,0,1.1368683772161603e-13,0.0,0.0,0
Hog_office_Lavon,validation,2017-11-25,Weight_1.0,True,0,0,0,0,1.1368683772161603e-13,0.0,0.0,0
Hog_office_Lavon,validation,2017-11-26,Weight_1.0,True,0,0,0,0,1.7053025658242404e-13,0.0,0.0,0
Hog_office_Lavon,validation,2017-11-27,Weight_1.0,True,0,0,0,0,5.684341886080802e-14,0.0,0.0,0
Hog_office_Lavon,validation,2017-11-28,Weight_1.0,True,0,0,0,0,1.1368683772161603e-13,0.0,0.0,0
Hog_office_Lavon,validation,2017-11-29,Weight_1.0,True,0,0,0,0,1.7053025658242404e-13,0.0,0.0,0
Hog_office_Lavon,validation,2017-11-30,Weight_1.0,True,0,0,0,0,2.2737367544323206e-13,0.0,0.0,0
Hog_office_Joey,validation,2017-11-02,Oracle,True,0,0,0,0,4.092726157978177e-12,0.0,0.0,0
Hog_office_Joey,validation,2017-11-03,Oracle,True,0,0,0,0,5.229594535194337e-12,0.0,0.0,0
Hog_office_Joey,validation,2017-11-04,Oracle,True,0,0,0,0,3.865352482534945e-12,0.0,0.0,0
Hog_office_Joey,validation,2017-11-05,Oracle,True,0,0,0,0,1.1368683772161603e-13,0.0,0.0,0
Hog_office_Joey,validation,2017-11-06,Oracle,True,0,0,0,0,4.320099833421409e-12,0.0,0.0,0
Hog_office_Joey,validation,2017-11-07,Oracle,True,0,0,0,0,4.320099833421409e-12,0.0,0.0,0
Hog_office_Joey,validation,2017-11-08,Oracle,True,0,0,0,0,4.092726157978177e-12,0.0,0.0,0
Hog_office_Joey,validation,2017-11-09,Oracle,True,0,0,0,0,3.637978807091713e-12,0.0,0.0,0
Hog_office_Joey,validation,2017-11-10,Oracle,True,0,0,0,0,7.958078640513122e-12,0.0,0.0,0
Hog_office_Joey,validation,2017-11-11,Oracle,True,0,0,0,0,6.139089236967266e-12,0.0,0.0,0
Hog_office_Joey,validation,2017-11-12,Oracle,True,0,0,0,0,2.5011104298755527e-12,0.0,0.0,0
Hog_office_Joey,validation,2017-11-13,Oracle,True,0,0,0,0,2.7284841053187847e-12,0.0,0.0,0
Hog_office_Joey,validation,2017-11-14,Oracle,True,0,0,0,0,4.092726157978177e-12,0.0,0.0,0
Hog_office_Joey,validation,2017-11-15,Oracle,True,0,0,0,0,2.9558577807620168e-12,0.0,0.0,0
Hog_office_Joey,validation,2017-11-16,Oracle,True,0,0,0,0,5.4569682106375694e-12,0.0,0.0,0
Hog_office_Joey,validation,2017-11-17,Oracle,True,0,0,0,0,1.2505552149377763e-11,0.0,0.0,0
Hog_office_Joey,validation,2017-11-18,Oracle,True,0,0,0,0,3.637978807091713e-12,0.0,0.0,0
Hog_office_Joey,validation,2017-11-19,Oracle,True,0,0,0,0,7.048583938740194e-12,0.0,0.0,0
Hog_office_Joey,validation,2017-11-20,Oracle,True,0,0,0,0,5.002220859751105e-12,0.0,0.0,0
Hog_office_Joey,validation,2017-11-21,Oracle,True,0,0,0,0,1.000444171950221e-11,0.0,0.0,0
Hog_office_Joey,validation,2017-11-22,Oracle,True,0,0,0,0,3.410605131648481e-12,0.0,0.0,0
Hog_office_Joey,validation,2017-11-23,Oracle,True,0,0,0,0,4.774847184307873e-12,0.0,0.0,0
Hog_office_Joey,validation,2017-11-24,Oracle,True,0,0,0,0,2.9558577807620168e-12,0.0,0.0,0
Hog_office_Joey,validation,2017-11-25,Oracle,True,0,0,0,0,3.637978807091713e-12,0.0,0.0,0
Hog_office_Joey,validation,2017-11-26,Oracle,True,0,0,0,0,1.8189894035458565e-12,0.0,0.0,0
Hog_office_Joey,validation,2017-11-27,Oracle,True,0,0,0,0,2.2737367544323206e-12,0.0,0.0,0
Hog_office_Joey,validation,2017-11-28,Oracle,True,0,0,0,0,3.637978807091713e-12,0.0,0.0,0
Hog_office_Joey,validation,2017-11-29,Oracle,True,0,0,0,0,4.774847184307873e-12,0.0,0.0,0
Hog_office_Joey,validation,2017-11-30,Oracle,True,0,0,0,0,2.0463630789890885e-12,0.0,0.0,0
Hog_office_Joey,validation,2017-11-02,Weight_0.0,True,0,0,0,0,1.3642420526593924e-12,0.0,0.0,0
Hog_office_Joey,validation,2017-11-03,Weight_0.0,True,0,0,0,0,1.3642420526593924e-12,0.0,0.0,0
Hog_office_Joey,validation,2017-11-04,Weight_0.0,True,0,0,0,0,6.366462912410498e-12,0.0,0.0,0
Hog_office_Joey,validation,2017-11-05,Weight_0.0,True,0,0,0,0,5.002220859751105e-12,0.0,0.0,0
Hog_office_Joey,validation,2017-11-06,Weight_0.0,True,0,0,0,0,2.9558577807620168e-12,0.0,0.0,0
Hog_office_Joey,validation,2017-11-07,Weight_0.0,True,0,0,0,0,5.4569682106375694e-12,0.0,0.0,0
Hog_office_Joey,validation,2017-11-08,Weight_0.0,True,0,0,0,0,2.7284841053187847e-12,0.0,0.0,0
Hog_office_Joey,validation,2017-11-09,Weight_0.0,True,0,0,0,0,7.275957614183426e-12,0.0,0.0,0
Hog_office_Joey,validation,2017-11-10,Weight_0.0,True,0,0,0,0,4.547473508864641e-12,0.0,0.0,0
Hog_office_Joey,validation,2017-11-11,Weight_0.0,True,0,0,0,0,6.366462912410498e-12,0.0,0.0,0
Hog_office_Joey,validation,2017-11-12,Weight_0.0,True,0,0,0,0,3.183231456205249e-12,0.0,0.0,0
Hog_office_Joey,validation,2017-11-13,Weight_0.0,True,0,0,0,0,5.4569682106375694e-12,0.0,0.0,0
Hog_office_Joey,validation,2017-11-14,Weight_0.0,True,0,0,0,0,2.7284841053187847e-12,0.0,0.0,0
Hog_office_Joey,validation,2017-11-15,Weight_0.0,True,0,0,0,0,3.410605131648481e-12,0.0,0.0,0
Hog_office_Joey,validation,2017-11-16,Weight_0.0,True,0,0,0,0,2.5011104298755527e-12,0.0,0.0,0
Hog_office_Joey,validation,2017-11-17,Weight_0.0,True,0,0,0,0,2.2737367544323206e-12,0.0,0.0,0
Hog_office_Joey,validation,2017-11-18,Weight_0.0,True,0,0,0,0,7.048583938740194e-12,0.0,0.0,0
Hog_office_Joey,validation,2017-11-19,Weight_0.0,True,0,0,0,0,3.183231456205249e-12,0.0,0.0,0
Hog_office_Joey,validation,2017-11-20,Weight_0.0,True,0,0,0,0,2.9558577807620168e-12,0.0,0.0,0
Hog_office_Joey,validation,2017-11-21,Weight_0.0,True,0,0,0,0,8.412825991399586e-12,0.0,0.0,0
Hog_office_Joey,validation,2017-11-22,Weight_0.0,True,0,0,0,0,3.183231456205249e-12,0.0,0.0,0
Hog_office_Joey,validation,2017-11-23,Weight_0.0,True,0,0,0,0,7.048583938740194e-12,0.0,0.0,0
Hog_office_Joey,validation,2017-11-24,Weight_0.0,True,0,0,0,0,6.821210263296962e-12,0.0,0.0,0
Hog_office_Joey,validation,2017-11-25,Weight_0.0,True,0,0,0,0,3.410605131648481e-12,0.0,0.0,0
Hog_office_Joey,validation,2017-11-26,Weight_0.0,True,0,0,0,0,2.9558577807620168e-12,0.0,0.0,0
Hog_office_Joey,validation,2017-11-27,Weight_0.0,True,0,0,0,0,4.774847184307873e-12,0.0,0.0,0
Hog_office_Joey,validation,2017-11-28,Weight_0.0,True,0,0,0,0,1.8189894035458565e-12,0.0,0.0,0
Hog_office_Joey,validation,2017-11-29,Weight_0.0,True,0,0,0,0,5.4569682106375694e-12,0.0,0.0,0
Hog_office_Joey,validation,2017-11-30,Weight_0.0,True,0,0,0,0,3.637978807091713e-12,0.0,0.0,0
Hog_office_Joey,validation,2017-11-02,Weight_0.1,True,0,0,0,0,2.7284841053187847e-12,0.0,0.0,0
Hog_office_Joey,validation,2017-11-03,Weight_0.1,True,0,0,0,0,1.8189894035458565e-12,0.0,0.0,0
Hog_office_Joey,validation,2017-11-04,Weight_0.1,True,0,0,0,0,6.139089236967266e-12,0.0,0.0,0
Hog_office_Joey,validation,2017-11-05,Weight_0.1,True,0,0,0,0,3.183231456205249e-12,0.0,0.0,0
Hog_office_Joey,validation,2017-11-06,Weight_0.1,True,0,0,0,0,1.1596057447604835e-11,0.0,0.0,0
Hog_office_Joey,validation,2017-11-07,Weight_0.1,True,0,0,0,0,4.092726157978177e-12,0.0,0.0,0
Hog_office_Joey,validation,2017-11-08,Weight_0.1,True,0,0,0,0,3.865352482534945e-12,0.0,0.0,0
Hog_office_Joey,validation,2017-11-09,Weight_0.1,True,0,0,0,0,4.092726157978177e-12,0.0,0.0,0
Hog_office_Joey,validation,2017-11-10,Weight_0.1,True,0,0,0,0,5.4569682106375694e-12,0.0,0.0,0
Hog_office_Joey,validation,2017-11-11,Weight_0.1,True,0,0,0,0,6.821210263296962e-12,0.0,0.0,0
Hog_office_Joey,validation,2017-11-12,Weight_0.1,True,0,0,0,0,3.183231456205249e-12,0.0,0.0,0
Hog_office_Joey,validation,2017-11-13,Weight_0.1,True,0,0,0,0,3.637978807091713e-12,0.0,0.0,0
Hog_office_Joey,validation,2017-11-14,Weight_0.1,True,0,0,0,0,9.094947017729282e-12,0.0,0.0,0
Hog_office_Joey,validation,2017-11-15,Weight_0.1,True,0,0,0,0,4.547473508864641e-12,0.0,0.0,0
Hog_office_Joey,validation,2017-11-16,Weight_0.1,True,0,0,0,0,3.865352482534945e-12,0.0,0.0,0
Hog_office_Joey,validation,2017-11-17,Weight_0.1,True,0,0,0,0,1.546140993013978e-11,0.0,0.0,0
Hog_office_Joey,validation,2017-11-18,Weight_0.1,True,0,0,0,0,4.320099833421409e-12,0.0,0.0,0
Hog_office_Joey,validation,2017-11-19,Weight_0.1,True,0,0,0,0,2.9558577807620168e-12,0.0,0.0,0
Hog_office_Joey,validation,2017-11-20,Weight_0.1,True,0,0,0,0,3.637978807091713e-12,0.0,0.0,0
Hog_office_Joey,validation,2017-11-21,Weight_0.1,True,0,0,0,0,1.5688783605583012e-11,0.0,0.0,0
Hog_office_Joey,validation,2017-11-22,Weight_0.1,True,0,0,0,0,2.2737367544323206e-12,0.0,0.0,0
Hog_office_Joey,validation,2017-11-23,Weight_0.1,True,0,0,0,0,5.229594535194337e-12,0.0,0.0,0
Hog_office_Joey,validation,2017-11-24,Weight_0.1,True,0,0,0,0,1.2960299500264227e-11,0.0,0.0,0
Hog_office_Joey,validation,2017-11-25,Weight_0.1,True,0,0,0,0,4.320099833421409e-12,0.0,0.0,0
Hog_office_Joey,validation,2017-11-26,Weight_0.1,True,0,0,0,0,2.9558577807620168e-12,0.0,0.0,0
Hog_office_Joey,validation,2017-11-27,Weight_0.1,True,0,0,0,0,6.139089236967266e-12,0.0,0.0,0
Hog_office_Joey,validation,2017-11-28,Weight_0.1,True,0,0,0,0,2.2737367544323206e-13,0.0,0.0,0
Hog_office_Joey,validation,2017-11-29,Weight_0.1,True,0,0,0,0,5.6843418860808015e-12,0.0,0.0,0
Hog_office_Joey,validation,2017-11-30,Weight_0.1,True,0,0,0,0,7.73070496506989e-12,0.0,0.0,0
Hog_office_Joey,validation,2017-11-02,Weight_0.2,True,0,0,0,0,2.9558577807620168e-12,0.0,0.0,0
Hog_office_Joey,validation,2017-11-03,Weight_0.2,True,0,0,0,0,1.8189894035458565e-12,0.0,0.0,0
Hog_office_Joey,validation,2017-11-04,Weight_0.2,True,0,0,0,0,2.7284841053187847e-12,0.0,0.0,0
Hog_office_Joey,validation,2017-11-05,Weight_0.2,True,0,0,0,0,5.229594535194337e-12,0.0,0.0,0
Hog_office_Joey,validation,2017-11-06,Weight_0.2,True,0,0,0,0,3.637978807091713e-12,0.0,0.0,0
Hog_office_Joey,validation,2017-11-07,Weight_0.2,True,0,0,0,0,2.7284841053187847e-12,0.0,0.0,0
Hog_office_Joey,validation,2017-11-08,Weight_0.2,True,0,0,0,0,6.59383658785373e-12,0.0,0.0,0
Hog_office_Joey,validation,2017-11-09,Weight_0.2,True,0,0,0,0,4.547473508864641e-12,0.0,0.0,0
Hog_office_Joey,validation,2017-11-10,Weight_0.2,True,0,0,0,0,7.503331289626658e-12,0.0,0.0,0
Hog_office_Joey,validation,2017-11-11,Weight_0.2,True,0,0,0,0,6.366462912410498e-12,0.0,0.0,0
Hog_office_Joey,validation,2017-11-12,Weight_0.2,True,0,0,0,0,2.5011104298755527e-12,0.0,0.0,0
Hog_office_Joey,validation,2017-11-13,Weight_0.2,True,0,0,0,0,4.320099833421409e-12,0.0,0.0,0
Hog_office_Joey,validation,2017-11-14,Weight_0.2,True,0,0,0,0,4.547473508864641e-13,0.0,0.0,0
Hog_office_Joey,validation,2017-11-15,Weight_0.2,True,0,0,0,0,2.7284841053187847e-12,0.0,0.0,0
Hog_office_Joey,validation,2017-11-16,Weight_0.2,True,0,0,0,0,1.8189894035458565e-12,0.0,0.0,0
Hog_office_Joey,validation,2017-11-17,Weight_0.2,True,0,0,0,0,1.4779288903810084e-11,0.0,0.0,0
Hog_office_Joey,validation,2017-11-18,Weight_0.2,True,0,0,0,0,4.092726157978177e-12,0.0,0.0,0
Hog_office_Joey,validation,2017-11-19,Weight_0.2,True,0,0,0,0,5.6843418860808015e-12,0.0,0.0,0
Hog_office_Joey,validation,2017-11-20,Weight_0.2,True,0,0,0,0,4.547473508864641e-12,0.0,0.0,0
Hog_office_Joey,validation,2017-11-21,Weight_0.2,True,0,0,0,0,1.750777300912887e-11,0.0,0.0,0
Hog_office_Joey,validation,2017-11-22,Weight_0.2,True,0,0,0,0,9.094947017729282e-13,0.0,0.0,0
Hog_office_Joey,validation,2017-11-23,Weight_0.2,True,0,0,0,0,9.549694368615746e-12,0.0,0.0,0
Hog_office_Joey,validation,2017-11-24,Weight_0.2,True,0,0,0,0,9.322320693172514e-12,0.0,0.0,0
Hog_office_Joey,validation,2017-11-25,Weight_0.2,True,0,0,0,0,3.637978807091713e-12,0.0,0.0,0
Hog_office_Joey,validation,2017-11-26,Weight_0.2,True,0,0,0,0,3.865352482534945e-12,0.0,0.0,0
Hog_office_Joey,validation,2017-11-27,Weight_0.2,True,0,0,0,0,5.9117155615240335e-12,0.0,0.0,0
Hog_office_Joey,validation,2017-11-28,Weight_0.2,True,0,0,0,0,4.092726157978177e-12,0.0,0.0,0
Hog_office_Joey,validation,2017-11-29,Weight_0.2,True,0,0,0,0,5.229594535194337e-12,0.0,0.0,0
Hog_office_Joey,validation,2017-11-30,Weight_0.2,True,0,0,0,0,2.2737367544323206e-12,0.0,0.0,0
Hog_office_Joey,validation,2017-11-02,Weight_0.3,True,0,0,0,0,2.2737367544323206e-12,0.0,0.0,0
Hog_office_Joey,validation,2017-11-03,Weight_0.3,True,0,0,0,0,1.8189894035458565e-12,0.0,0.0,0
Hog_office_Joey,validation,2017-11-04,Weight_0.3,True,0,0,0,0,9.322320693172514e-12,0.0,0.0,0
Hog_office_Joey,validation,2017-11-05,Weight_0.3,True,0,0,0,0,3.865352482534945e-12,0.0,0.0,0
Hog_office_Joey,validation,2017-11-06,Weight_0.3,True,0,0,0,0,5.002220859751105e-12,0.0,0.0,0
Hog_office_Joey,validation,2017-11-07,Weight_0.3,True,0,0,0,0,5.002220859751105e-12,0.0,0.0,0
Hog_office_Joey,validation,2017-11-08,Weight_0.3,True,0,0,0,0,3.183231456205249e-12,0.0,0.0,0
Hog_office_Joey,validation,2017-11-09,Weight_0.3,True,0,0,0,0,6.366462912410498e-12,0.0,0.0,0
Hog_office_Joey,validation,2017-11-10,Weight_0.3,True,0,0,0,0,3.637978807091713e-12,0.0,0.0,0
Hog_office_Joey,validation,2017-11-11,Weight_0.3,True,0,0,0,0,7.048583938740194e-12,0.0,0.0,0
Hog_office_Joey,validation,2017-11-12,Weight_0.3,True,0,0,0,0,6.366462912410498e-12,0.0,0.0,0
Hog_office_Joey,validation,2017-11-13,Weight_0.3,True,0,0,0,0,4.092726157978177e-12,0.0,0.0,0
Hog_office_Joey,validation,2017-11-14,Weight_0.3,True,0,0,0,0,1.4551915228366852e-11,0.0,0.0,0
Hog_office_Joey,validation,2017-11-15,Weight_0.3,True,0,0,0,0,1.8189894035458565e-12,0.0,0.0,0
Hog_office_Joey,validation,2017-11-16,Weight_0.3,True,0,0,0,0,2.7284841053187847e-12,0.0,0.0,0
Hog_office_Joey,validation,2017-11-17,Weight_0.3,True,0,0,0,0,1.0686562745831907e-11,0.0,0.0,0
Hog_office_Joey,validation,2017-11-18,Weight_0.3,True,0,0,0,0,3.637978807091713e-12,0.0,0.0,0
Hog_office_Joey,validation,2017-11-19,Weight_0.3,True,0,0,0,0,4.774847184307873e-12,0.0,0.0,0
Hog_office_Joey,validation,2017-11-20,Weight_0.3,True,0,0,0,0,3.637978807091713e-12,0.0,0.0,0
Hog_office_Joey,validation,2017-11-21,Weight_0.3,True,0,0,0,0,1.546140993013978e-11,0.0,0.0,0
Hog_office_Joey,validation,2017-11-22,Weight_0.3,True,0,0,0,0,1.8189894035458565e-12,0.0,0.0,0
Hog_office_Joey,validation,2017-11-23,Weight_0.3,True,0,0,0,0,9.549694368615746e-12,0.0,0.0,0
Hog_office_Joey,validation,2017-11-24,Weight_0.3,True,0,0,0,0,5.4569682106375694e-12,0.0,0.0,0
Hog_office_Joey,validation,2017-11-25,Weight_0.3,True,0,0,0,0,4.092726157978177e-12,0.0,0.0,0
Hog_office_Joey,validation,2017-11-26,Weight_0.3,True,0,0,0,0,4.092726157978177e-12,0.0,0.0,0
Hog_office_Joey,validation,2017-11-27,Weight_0.3,True,0,0,0,0,4.320099833421409e-12,0.0,0.0,0
Hog_office_Joey,validation,2017-11-28,Weight_0.3,True,0,0,0,0,5.6843418860808015e-12,0.0,0.0,0
Hog_office_Joey,validation,2017-11-29,Weight_0.3,True,0,0,0,0,1.000444171950221e-11,0.0,0.0,0
Hog_office_Joey,validation,2017-11-30,Weight_0.3,True,0,0,0,0,3.183231456205249e-12,0.0,0.0,0
Hog_office_Joey,validation,2017-11-02,Weight_0.4,True,0,0,0,0,2.0463630789890885e-12,0.0,0.0,0
Hog_office_Joey,validation,2017-11-03,Weight_0.4,True,0,0,0,0,6.59383658785373e-12,0.0,0.0,0
Hog_office_Joey,validation,2017-11-04,Weight_0.4,True,0,0,0,0,4.320099833421409e-12,0.0,0.0,0
Hog_office_Joey,validation,2017-11-05,Weight_0.4,True,0,0,0,0,4.774847184307873e-12,0.0,0.0,0
Hog_office_Joey,validation,2017-11-06,Weight_0.4,True,0,0,0,0,4.092726157978177e-12,0.0,0.0,0
Hog_office_Joey,validation,2017-11-07,Weight_0.4,True,0,0,0,0,2.2737367544323206e-12,0.0,0.0,0
Hog_office_Joey,validation,2017-11-08,Weight_0.4,True,0,0,0,0,9.094947017729282e-13,0.0,0.0,0
Hog_office_Joey,validation,2017-11-09,Weight_0.4,True,0,0,0,0,1.3642420526593924e-12,0.0,0.0,0
Hog_office_Joey,validation,2017-11-10,Weight_0.4,True,0,0,0,0,7.048583938740194e-12,0.0,0.0,0
Hog_office_Joey,validation,2017-11-11,Weight_0.4,True,0,0,0,0,5.229594535194337e-12,0.0,0.0,0
Hog_office_Joey,validation,2017-11-12,Weight_0.4,True,0,0,0,0,5.9117155615240335e-12,0.0,0.0,0
Hog_office_Joey,validation,2017-11-13,Weight_0.4,True,0,0,0,0,4.092726157978177e-12,0.0,0.0,0
Hog_office_Joey,validation,2017-11-14,Weight_0.4,True,0,0,0,0,9.094947017729282e-13,0.0,0.0,0
Hog_office_Joey,validation,2017-11-15,Weight_0.4,True,0,0,0,0,2.7284841053187847e-12,0.0,0.0,0
Hog_office_Joey,validation,2017-11-16,Weight_0.4,True,0,0,0,0,4.320099833421409e-12,0.0,0.0,0
Hog_office_Joey,validation,2017-11-17,Weight_0.4,True,0,0,0,0,1.318767317570746e-11,0.0,0.0,0
Hog_office_Joey,validation,2017-11-18,Weight_0.4,True,0,0,0,0,7.275957614183426e-12,0.0,0.0,0
Hog_office_Joey,validation,2017-11-19,Weight_0.4,True,0,0,0,0,2.9558577807620168e-12,0.0,0.0,0
Hog_office_Joey,validation,2017-11-20,Weight_0.4,True,0,0,0,0,3.410605131648481e-12,0.0,0.0,0
Hog_office_Joey,validation,2017-11-21,Weight_0.4,True,0,0,0,0,5.9117155615240335e-12,0.0,0.0,0
Hog_office_Joey,validation,2017-11-22,Weight_0.4,True,0,0,0,0,2.2737367544323206e-12,0.0,0.0,0
Hog_office_Joey,validation,2017-11-23,Weight_0.4,True,0,0,0,0,8.640199666842818e-12,0.0,0.0,0
Hog_office_Joey,validation,2017-11-24,Weight_0.4,True,0,0,0,0,2.7284841053187847e-12,0.0,0.0,0
Hog_office_Joey,validation,2017-11-25,Weight_0.4,True,0,0,0,0,4.092726157978177e-12,0.0,0.0,0
Hog_office_Joey,validation,2017-11-26,Weight_0.4,True,0,0,0,0,3.183231456205249e-12,0.0,0.0,0
Hog_office_Joey,validation,2017-11-27,Weight_0.4,True,0,0,0,0,4.320099833421409e-12,0.0,0.0,0
Hog_office_Joey,validation,2017-11-28,Weight_0.4,True,0,0,0,0,5.9117155615240335e-12,0.0,0.0,0
Hog_office_Joey,validation,2017-11-29,Weight_0.4,True,0,0,0,0,1.000444171950221e-11,0.0,0.0,0
Hog_office_Joey,validation,2017-11-30,Weight_0.4,True,0,0,0,0,2.7284841053187847e-12,0.0,0.0,0
Hog_office_Joey,validation,2017-11-02,Weight_0.5,True,0,0,0,0,2.2737367544323206e-12,0.0,0.0,0
Hog_office_Joey,validation,2017-11-03,Weight_0.5,True,0,0,0,0,3.183231456205249e-12,0.0,0.0,0
Hog_office_Joey,validation,2017-11-04,Weight_0.5,True,0,0,0,0,3.410605131648481e-12,0.0,0.0,0
Hog_office_Joey,validation,2017-11-05,Weight_0.5,True,0,0,0,0,3.637978807091713e-12,0.0,0.0,0
Hog_office_Joey,validation,2017-11-06,Weight_0.5,True,0,0,0,0,4.547473508864641e-12,0.0,0.0,0
Hog_office_Joey,validation,2017-11-07,Weight_0.5,True,0,0,0,0,2.7284841053187847e-12,0.0,0.0,0
Hog_office_Joey,validation,2017-11-08,Weight_0.5,True,0,0,0,0,4.092726157978177e-12,0.0,0.0,0
Hog_office_Joey,validation,2017-11-09,Weight_0.5,True,0,0,0,0,2.9558577807620168e-12,0.0,0.0,0
Hog_office_Joey,validation,2017-11-10,Weight_0.5,True,0,0,0,0,1.2960299500264227e-11,0.0,0.0,0
Hog_office_Joey,validation,2017-11-11,Weight_0.5,True,0,0,0,0,1.1368683772161603e-11,0.0,0.0,0
Hog_office_Joey,validation,2017-11-12,Weight_0.5,True,0,0,0,0,2.7284841053187847e-12,0.0,0.0,0
Hog_office_Joey,validation,2017-11-13,Weight_0.5,True,0,0,0,0,4.774847184307873e-12,0.0,0.0,0
Hog_office_Joey,validation,2017-11-14,Weight_0.5,True,0,0,0,0,1.1368683772161603e-12,0.0,0.0,0
Hog_office_Joey,validation,2017-11-15,Weight_0.5,True,0,0,0,0,5.229594535194337e-12,0.0,0.0,0
Hog_office_Joey,validation,2017-11-16,Weight_0.5,True,0,0,0,0,9.094947017729282e-13,0.0,0.0,0
Hog_office_Joey,validation,2017-11-17,Weight_0.5,True,0,0,0,0,5.002220859751105e-12,0.0,0.0,0
Hog_office_Joey,validation,2017-11-18,Weight_0.5,True,0,0,0,0,4.547473508864641e-12,0.0,0.0,0
Hog_office_Joey,validation,2017-11-19,Weight_0.5,True,0,0,0,0,4.547473508864641e-12,0.0,0.0,0
Hog_office_Joey,validation,2017-11-20,Weight_0.5,True,0,0,0,0,3.183231456205249e-12,0.0,0.0,0
Hog_office_Joey,validation,2017-11-21,Weight_0.5,True,0,0,0,0,3.183231456205249e-12,0.0,0.0,0
Hog_office_Joey,validation,2017-11-22,Weight_0.5,True,0,0,0,0,7.503331289626658e-12,0.0,0.0,0
Hog_office_Joey,validation,2017-11-23,Weight_0.5,True,0,0,0,0,3.637978807091713e-12,0.0,0.0,0
Hog_office_Joey,validation,2017-11-24,Weight_0.5,True,0,0,0,0,9.322320693172514e-12,0.0,0.0,0
Hog_office_Joey,validation,2017-11-25,Weight_0.5,True,0,0,0,0,4.547473508864641e-12,0.0,0.0,0
Hog_office_Joey,validation,2017-11-26,Weight_0.5,True,0,0,0,0,4.320099833421409e-12,0.0,0.0,0
Hog_office_Joey,validation,2017-11-27,Weight_0.5,True,0,0,0,0,4.092726157978177e-12,0.0,0.0,0
Hog_office_Joey,validation,2017-11-28,Weight_0.5,True,0,0,0,0,5.229594535194337e-12,0.0,0.0,0
Hog_office_Joey,validation,2017-11-29,Weight_0.5,True,0,0,0,0,9.094947017729282e-12,0.0,0.0,0
Hog_office_Joey,validation,2017-11-30,Weight_0.5,True,0,0,0,0,6.821210263296962e-12,0.0,0.0,0
Hog_office_Joey,validation,2017-11-02,Weight_0.6,True,0,0,0,0,1.5234036254696548e-11,0.0,0.0,0
Hog_office_Joey,validation,2017-11-03,Weight_0.6,True,0,0,0,0,5.4569682106375694e-12,0.0,0.0,0
Hog_office_Joey,validation,2017-11-04,Weight_0.6,True,0,0,0,0,6.821210263296962e-12,0.0,0.0,0
Hog_office_Joey,validation,2017-11-05,Weight_0.6,True,0,0,0,0,3.410605131648481e-12,0.0,0.0,0
Hog_office_Joey,validation,2017-11-06,Weight_0.6,True,0,0,0,0,4.774847184307873e-12,0.0,0.0,0
Hog_office_Joey,validation,2017-11-07,Weight_0.6,True,0,0,0,0,9.549694368615746e-12,0.0,0.0,0
Hog_office_Joey,validation,2017-11-08,Weight_0.6,True,0,0,0,0,1.3642420526593924e-12,0.0,0.0,0
Hog_office_Joey,validation,2017-11-09,Weight_0.6,True,0,0,0,0,6.821210263296962e-12,0.0,0.0,0
Hog_office_Joey,validation,2017-11-10,Weight_0.6,True,0,0,0,0,3.637978807091713e-12,0.0,0.0,0
Hog_office_Joey,validation,2017-11-11,Weight_0.6,True,0,0,0,0,3.410605131648481e-12,0.0,0.0,0
Hog_office_Joey,validation,2017-11-12,Weight_0.6,True,0,0,0,0,5.002220859751105e-12,0.0,0.0,0
Hog_office_Joey,validation,2017-11-13,Weight_0.6,True,0,0,0,0,5.002220859751105e-12,0.0,0.0,0
Hog_office_Joey,validation,2017-11-14,Weight_0.6,True,0,0,0,0,6.366462912410498e-12,0.0,0.0,0
Hog_office_Joey,validation,2017-11-15,Weight_0.6,True,0,0,0,0,1.8189894035458565e-12,0.0,0.0,0
Hog_office_Joey,validation,2017-11-16,Weight_0.6,True,0,0,0,0,2.7284841053187847e-12,0.0,0.0,0
Hog_office_Joey,validation,2017-11-17,Weight_0.6,True,0,0,0,0,3.183231456205249e-12,0.0,0.0,0
Hog_office_Joey,validation,2017-11-18,Weight_0.6,True,0,0,0,0,2.5011104298755527e-12,0.0,0.0,0
Hog_office_Joey,validation,2017-11-19,Weight_0.6,True,0,0,0,0,5.002220859751105e-12,0.0,0.0,0
Hog_office_Joey,validation,2017-11-20,Weight_0.6,True,0,0,0,0,3.637978807091713e-12,0.0,0.0,0
Hog_office_Joey,validation,2017-11-21,Weight_0.6,True,0,0,0,0,2.2737367544323206e-12,0.0,0.0,0
Hog_office_Joey,validation,2017-11-22,Weight_0.6,True,0,0,0,0,4.774847184307873e-12,0.0,0.0,0
Hog_office_Joey,validation,2017-11-23,Weight_0.6,True,0,0,0,0,2.2737367544323206e-12,0.0,0.0,0
Hog_office_Joey,validation,2017-11-24,Weight_0.6,True,0,0,0,0,4.092726157978177e-12,0.0,0.0,0
Hog_office_Joey,validation,2017-11-25,Weight_0.6,True,0,0,0,0,4.320099833421409e-12,0.0,0.0,0
Hog_office_Joey,validation,2017-11-26,Weight_0.6,True,0,0,0,0,3.865352482534945e-12,0.0,0.0,0
Hog_office_Joey,validation,2017-11-27,Weight_0.6,True,0,0,0,0,6.821210263296962e-12,0.0,0.0,0
Hog_office_Joey,validation,2017-11-28,Weight_0.6,True,0,0,0,0,4.547473508864641e-12,0.0,0.0,0
Hog_office_Joey,validation,2017-11-29,Weight_0.6,True,0,0,0,0,3.637978807091713e-12,0.0,0.0,0
Hog_office_Joey,validation,2017-11-30,Weight_0.6,True,0,0,0,0,3.183231456205249e-12,0.0,0.0,0
Hog_office_Joey,validation,2017-11-02,Weight_0.7,True,0,0,0,0,2.7284841053187847e-12,0.0,0.0,0
Hog_office_Joey,validation,2017-11-03,Weight_0.7,True,0,0,0,0,5.4569682106375694e-12,0.0,0.0,0
Hog_office_Joey,validation,2017-11-04,Weight_0.7,True,0,0,0,0,5.6843418860808015e-12,0.0,0.0,0
Hog_office_Joey,validation,2017-11-05,Weight_0.7,True,0,0,0,0,3.183231456205249e-12,0.0,0.0,0
Hog_office_Joey,validation,2017-11-06,Weight_0.7,True,0,0,0,0,5.002220859751105e-12,0.0,0.0,0
Hog_office_Joey,validation,2017-11-07,Weight_0.7,True,0,0,0,0,4.547473508864641e-12,0.0,0.0,0
Hog_office_Joey,validation,2017-11-08,Weight_0.7,True,0,0,0,0,4.774847184307873e-12,0.0,0.0,0
Hog_office_Joey,validation,2017-11-09,Weight_0.7,True,0,0,0,0,5.002220859751105e-12,0.0,0.0,0
Hog_office_Joey,validation,2017-11-10,Weight_0.7,True,0,0,0,0,5.002220859751105e-12,0.0,0.0,0
Hog_office_Joey,validation,2017-11-11,Weight_0.7,True,0,0,0,0,8.185452315956354e-12,0.0,0.0,0
Hog_office_Joey,validation,2017-11-12,Weight_0.7,True,0,0,0,0,3.865352482534945e-12,0.0,0.0,0
Hog_office_Joey,validation,2017-11-13,Weight_0.7,True,0,0,0,0,4.320099833421409e-12,0.0,0.0,0
Hog_office_Joey,validation,2017-11-14,Weight_0.7,True,0,0,0,0,2.7284841053187847e-12,0.0,0.0,0
Hog_office_Joey,validation,2017-11-15,Weight_0.7,True,0,0,0,0,4.547473508864641e-12,0.0,0.0,0
Hog_office_Joey,validation,2017-11-16,Weight_0.7,True,0,0,0,0,2.7284841053187847e-12,0.0,0.0,0
Hog_office_Joey,validation,2017-11-17,Weight_0.7,True,0,0,0,0,5.6843418860808015e-12,0.0,0.0,0
Hog_office_Joey,validation,2017-11-18,Weight_0.7,True,0,0,0,0,9.777068044058979e-12,0.0,0.0,0
Hog_office_Joey,validation,2017-11-19,Weight_0.7,True,0,0,0,0,3.865352482534945e-12,0.0,0.0,0
Hog_office_Joey,validation,2017-11-20,Weight_0.7,True,0,0,0,0,6.821210263296962e-12,0.0,0.0,0
Hog_office_Joey,validation,2017-11-21,Weight_0.7,True,0,0,0,0,1.8189894035458565e-12,0.0,0.0,0
Hog_office_Joey,validation,2017-11-22,Weight_0.7,True,0,0,0,0,3.637978807091713e-12,0.0,0.0,0
Hog_office_Joey,validation,2017-11-23,Weight_0.7,True,0,0,0,0,6.821210263296962e-13,0.0,0.0,0
Hog_office_Joey,validation,2017-11-24,Weight_0.7,True,0,0,0,0,3.183231456205249e-12,0.0,0.0,0
Hog_office_Joey,validation,2017-11-25,Weight_0.7,True,0,0,0,0,5.6843418860808015e-12,0.0,0.0,0
Hog_office_Joey,validation,2017-11-26,Weight_0.7,True,0,0,0,0,3.637978807091713e-12,0.0,0.0,0
Hog_office_Joey,validation,2017-11-27,Weight_0.7,True,0,0,0,0,7.503331289626658e-12,0.0,0.0,0
Hog_office_Joey,validation,2017-11-28,Weight_0.7,True,0,0,0,0,5.229594535194337e-12,0.0,0.0,0
Hog_office_Joey,validation,2017-11-29,Weight_0.7,True,0,0,0,0,3.637978807091713e-12,0.0,0.0,0
Hog_office_Joey,validation,2017-11-30,Weight_0.7,True,0,0,0,0,6.821210263296962e-12,0.0,0.0,0
Hog_office_Joey,validation,2017-11-02,Weight_0.8,True,0,0,0,0,1.8189894035458565e-12,0.0,0.0,0
Hog_office_Joey,validation,2017-11-03,Weight_0.8,True,0,0,0,0,7.503331289626658e-12,0.0,0.0,0
Hog_office_Joey,validation,2017-11-04,Weight_0.8,True,0,0,0,0,4.547473508864641e-12,0.0,0.0,0
Hog_office_Joey,validation,2017-11-05,Weight_0.8,True,0,0,0,0,3.183231456205249e-12,0.0,0.0,0
Hog_office_Joey,validation,2017-11-06,Weight_0.8,True,0,0,0,0,4.320099833421409e-12,0.0,0.0,0
Hog_office_Joey,validation,2017-11-07,Weight_0.8,True,0,0,0,0,3.865352482534945e-12,0.0,0.0,0
Hog_office_Joey,validation,2017-11-08,Weight_0.8,True,0,0,0,0,9.094947017729282e-13,0.0,0.0,0
Hog_office_Joey,validation,2017-11-09,Weight_0.8,True,0,0,0,0,1.8189894035458565e-12,0.0,0.0,0
Hog_office_Joey,validation,2017-11-10,Weight_0.8,True,0,0,0,0,4.547473508864641e-12,0.0,0.0,0
Hog_office_Joey,validation,2017-11-11,Weight_0.8,True,0,0,0,0,4.092726157978177e-12,0.0,0.0,0
Hog_office_Joey,validation,2017-11-12,Weight_0.8,True,0,0,0,0,6.821210263296962e-12,0.0,0.0,0
Hog_office_Joey,validation,2017-11-13,Weight_0.8,True,0,0,0,0,1.8189894035458565e-12,0.0,0.0,0
Hog_office_Joey,validation,2017-11-14,Weight_0.8,True,0,0,0,0,3.637978807091713e-12,0.0,0.0,0
Hog_office_Joey,validation,2017-11-15,Weight_0.8,True,0,0,0,0,4.320099833421409e-12,0.0,0.0,0
Hog_office_Joey,validation,2017-11-16,Weight_0.8,True,0,0,0,0,2.7284841053187847e-12,0.0,0.0,0
Hog_office_Joey,validation,2017-11-17,Weight_0.8,True,0,0,0,0,1.0231815394945443e-11,0.0,0.0,0
Hog_office_Joey,validation,2017-11-18,Weight_0.8,True,0,0,0,0,8.185452315956354e-12,0.0,0.0,0
Hog_office_Joey,validation,2017-11-19,Weight_0.8,True,0,0,0,0,4.092726157978177e-12,0.0,0.0,0
Hog_office_Joey,validation,2017-11-20,Weight_0.8,True,0,0,0,0,4.092726157978177e-12,0.0,0.0,0
Hog_office_Joey,validation,2017-11-21,Weight_0.8,True,0,0,0,0,4.092726157978177e-12,0.0,0.0,0
Hog_office_Joey,validation,2017-11-22,Weight_0.8,True,0,0,0,0,1.1368683772161603e-12,0.0,0.0,0
Hog_office_Joey,validation,2017-11-23,Weight_0.8,True,0,0,0,0,7.503331289626658e-12,0.0,0.0,0
Hog_office_Joey,validation,2017-11-24,Weight_0.8,True,0,0,0,0,4.092726157978177e-12,0.0,0.0,0
Hog_office_Joey,validation,2017-11-25,Weight_0.8,True,0,0,0,0,4.774847184307873e-12,0.0,0.0,0
Hog_office_Joey,validation,2017-11-26,Weight_0.8,True,0,0,0,0,4.092726157978177e-12,0.0,0.0,0
Hog_office_Joey,validation,2017-11-27,Weight_0.8,True,0,0,0,0,4.320099833421409e-12,0.0,0.0,0
Hog_office_Joey,validation,2017-11-28,Weight_0.8,True,0,0,0,0,4.547473508864641e-12,0.0,0.0,0
Hog_office_Joey,validation,2017-11-29,Weight_0.8,True,0,0,0,0,1.2050804798491299e-11,0.0,0.0,0
Hog_office_Joey,validation,2017-11-30,Weight_0.8,True,0,0,0,0,8.185452315956354e-12,0.0,0.0,0
Hog_office_Joey,validation,2017-11-02,Weight_0.9,True,0,0,0,0,2.7284841053187847e-12,0.0,0.0,0
Hog_office_Joey,validation,2017-11-03,Weight_0.9,True,0,0,0,0,7.275957614183426e-12,0.0,0.0,0
Hog_office_Joey,validation,2017-11-04,Weight_0.9,True,0,0,0,0,6.366462912410498e-12,0.0,0.0,0
Hog_office_Joey,validation,2017-11-05,Weight_0.9,True,0,0,0,0,5.002220859751105e-12,0.0,0.0,0
Hog_office_Joey,validation,2017-11-06,Weight_0.9,True,0,0,0,0,4.092726157978177e-12,0.0,0.0,0
Hog_office_Joey,validation,2017-11-07,Weight_0.9,True,0,0,0,0,2.2737367544323206e-12,0.0,0.0,0
Hog_office_Joey,validation,2017-11-08,Weight_0.9,True,0,0,0,0,1.8189894035458565e-12,0.0,0.0,0
Hog_office_Joey,validation,2017-11-09,Weight_0.9,True,0,0,0,0,2.2737367544323206e-12,0.0,0.0,0
Hog_office_Joey,validation,2017-11-10,Weight_0.9,True,0,0,0,0,3.637978807091713e-12,0.0,0.0,0
Hog_office_Joey,validation,2017-11-11,Weight_0.9,True,0,0,0,0,5.229594535194337e-12,0.0,0.0,0
Hog_office_Joey,validation,2017-11-12,Weight_0.9,True,0,0,0,0,5.9117155615240335e-12,0.0,0.0,0
Hog_office_Joey,validation,2017-11-13,Weight_0.9,True,0,0,0,0,2.2737367544323206e-12,0.0,0.0,0
Hog_office_Joey,validation,2017-11-14,Weight_0.9,True,0,0,0,0,2.2737367544323206e-12,0.0,0.0,0
Hog_office_Joey,validation,2017-11-15,Weight_0.9,True,0,0,0,0,6.366462912410498e-12,0.0,0.0,0
Hog_office_Joey,validation,2017-11-16,Weight_0.9,True,0,0,0,0,6.821210263296962e-12,0.0,0.0,0
Hog_office_Joey,validation,2017-11-17,Weight_0.9,True,0,0,0,0,7.048583938740194e-12,0.0,0.0,0
Hog_office_Joey,validation,2017-11-18,Weight_0.9,True,0,0,0,0,7.048583938740194e-12,0.0,0.0,0
Hog_office_Joey,validation,2017-11-19,Weight_0.9,True,0,0,0,0,5.4569682106375694e-12,0.0,0.0,0
Hog_office_Joey,validation,2017-11-20,Weight_0.9,True,0,0,0,0,5.4569682106375694e-12,0.0,0.0,0
Hog_office_Joey,validation,2017-11-21,Weight_0.9,True,0,0,0,0,9.094947017729282e-13,0.0,0.0,0
Hog_office_Joey,validation,2017-11-22,Weight_0.9,True,0,0,0,0,4.320099833421409e-12,0.0,0.0,0
Hog_office_Joey,validation,2017-11-23,Weight_0.9,True,0,0,0,0,2.2737367544323206e-12,0.0,0.0,0
Hog_office_Joey,validation,2017-11-24,Weight_0.9,True,0,0,0,0,4.547473508864641e-12,0.0,0.0,0
Hog_office_Joey,validation,2017-11-25,Weight_0.9,True,0,0,0,0,5.229594535194337e-12,0.0,0.0,0
Hog_office_Joey,validation,2017-11-26,Weight_0.9,True,0,0,0,0,4.774847184307873e-12,0.0,0.0,0
Hog_office_Joey,validation,2017-11-27,Weight_0.9,True,0,0,0,0,7.958078640513122e-12,0.0,0.0,0
Hog_office_Joey,validation,2017-11-28,Weight_0.9,True,0,0,0,0,2.9558577807620168e-12,0.0,0.0,0
Hog_office_Joey,validation,2017-11-29,Weight_0.9,True,0,0,0,0,7.73070496506989e-12,0.0,0.0,0
Hog_office_Joey,validation,2017-11-30,Weight_0.9,True,0,0,0,0,8.185452315956354e-12,0.0,0.0,0
Hog_office_Joey,validation,2017-11-02,Weight_1.0,True,0,0,0,0,3.637978807091713e-12,0.0,0.0,0
Hog_office_Joey,validation,2017-11-03,Weight_1.0,True,0,0,0,0,4.547473508864641e-12,0.0,0.0,0
Hog_office_Joey,validation,2017-11-04,Weight_1.0,True,0,0,0,0,4.774847184307873e-12,0.0,0.0,0
Hog_office_Joey,validation,2017-11-05,Weight_1.0,True,0,0,0,0,4.092726157978177e-12,0.0,0.0,0
Hog_office_Joey,validation,2017-11-06,Weight_1.0,True,0,0,0,0,6.821210263296962e-12,0.0,0.0,0
Hog_office_Joey,validation,2017-11-07,Weight_1.0,True,0,0,0,0,2.2737367544323206e-12,0.0,0.0,0
Hog_office_Joey,validation,2017-11-08,Weight_1.0,True,0,0,0,0,1.3642420526593924e-12,0.0,0.0,0
Hog_office_Joey,validation,2017-11-09,Weight_1.0,True,0,0,0,0,2.7284841053187847e-12,0.0,0.0,0
Hog_office_Joey,validation,2017-11-10,Weight_1.0,True,0,0,0,0,5.9117155615240335e-12,0.0,0.0,0
Hog_office_Joey,validation,2017-11-11,Weight_1.0,True,0,0,0,0,4.092726157978177e-12,0.0,0.0,0
Hog_office_Joey,validation,2017-11-12,Weight_1.0,True,0,0,0,0,3.865352482534945e-12,0.0,0.0,0
Hog_office_Joey,validation,2017-11-13,Weight_1.0,True,0,0,0,0,3.865352482534945e-12,0.0,0.0,0
Hog_office_Joey,validation,2017-11-14,Weight_1.0,True,0,0,0,0,4.320099833421409e-12,0.0,0.0,0
Hog_office_Joey,validation,2017-11-15,Weight_1.0,True,0,0,0,0,3.637978807091713e-12,0.0,0.0,0
Hog_office_Joey,validation,2017-11-16,Weight_1.0,True,0,0,0,0,3.637978807091713e-12,0.0,0.0,0
Hog_office_Joey,validation,2017-11-17,Weight_1.0,True,0,0,0,0,4.774847184307873e-12,0.0,0.0,0
Hog_office_Joey,validation,2017-11-18,Weight_1.0,True,0,0,0,0,2.5011104298755527e-12,0.0,0.0,0
Hog_office_Joey,validation,2017-11-19,Weight_1.0,True,0,0,0,0,4.774847184307873e-12,0.0,0.0,0
Hog_office_Joey,validation,2017-11-20,Weight_1.0,True,0,0,0,0,3.637978807091713e-12,0.0,0.0,0
Hog_office_Joey,validation,2017-11-21,Weight_1.0,True,0,0,0,0,1.8189894035458565e-12,0.0,0.0,0
Hog_office_Joey,validation,2017-11-22,Weight_1.0,True,0,0,0,0,3.637978807091713e-12,0.0,0.0,0
Hog_office_Joey,validation,2017-11-23,Weight_1.0,True,0,0,0,0,2.2737367544323206e-12,0.0,0.0,0
Hog_office_Joey,validation,2017-11-24,Weight_1.0,True,0,0,0,0,4.092726157978177e-12,0.0,0.0,0
Hog_office_Joey,validation,2017-11-25,Weight_1.0,True,0,0,0,0,4.774847184307873e-12,0.0,0.0,0
Hog_office_Joey,validation,2017-11-26,Weight_1.0,True,0,0,0,0,2.7284841053187847e-12,0.0,0.0,0
Hog_office_Joey,validation,2017-11-27,Weight_1.0,True,0,0,0,0,6.139089236967266e-12,0.0,0.0,0
Hog_office_Joey,validation,2017-11-28,Weight_1.0,True,0,0,0,0,2.2737367544323206e-12,0.0,0.0,0
Hog_office_Joey,validation,2017-11-29,Weight_1.0,True,0,0,0,0,5.002220859751105e-12,0.0,0.0,0
Hog_office_Joey,validation,2017-11-30,Weight_1.0,True,0,0,0,0,5.4569682106375694e-12,0.0,0.0,0
Lamb_office_Caitlin,validation,2017-11-02,Oracle,True,0,0,0,0,3.552713678800501e-15,0.0,0.0,0
Lamb_office_Caitlin,validation,2017-11-03,Oracle,True,0,0,0,0,6.039613253960852e-14,0.0,0.0,0
Lamb_office_Caitlin,validation,2017-11-04,Oracle,True,0,0,0,0,3.197442310920451e-14,0.0,0.0,0
Lamb_office_Caitlin,validation,2017-11-05,Oracle,True,0,0,0,0,5.3290705182007514e-14,0.0,0.0,0
Lamb_office_Caitlin,validation,2017-11-06,Oracle,True,0,0,0,0,0.0,0.0,0.0,0
Lamb_office_Caitlin,validation,2017-11-07,Oracle,True,0,0,0,0,9.947598300641403e-14,0.0,0.0,0
Lamb_office_Caitlin,validation,2017-11-08,Oracle,True,0,0,0,0,3.552713678800501e-15,0.0,0.0,0
Lamb_office_Caitlin,validation,2017-11-09,Oracle,True,0,0,0,0,4.618527782440651e-14,0.0,0.0,0
Lamb_office_Caitlin,validation,2017-11-10,Oracle,True,0,0,0,0,7.105427357601002e-15,0.0,0.0,0
Lamb_office_Caitlin,validation,2017-11-11,Oracle,True,0,0,0,0,9.237055564881302e-14,0.0,0.0,0
Lamb_office_Caitlin,validation,2017-11-12,Oracle,True,0,0,0,0,8.526512829121202e-14,0.0,0.0,0
Lamb_office_Caitlin,validation,2017-11-13,Oracle,True,0,0,0,0,1.1723955140041653e-13,0.0,0.0,0
Lamb_office_Caitlin,validation,2017-11-14,Oracle,True,0,0,0,0,1.687538997430238e-13,0.0,0.0,0
Lamb_office_Caitlin,validation,2017-11-15,Oracle,True,0,0,0,0,3.552713678800501e-14,0.0,0.0,0
Lamb_office_Caitlin,validation,2017-11-16,Oracle,True,0,0,0,0,3.552713678800501e-15,0.0,0.0,0
Lamb_office_Caitlin,validation,2017-11-17,Oracle,True,0,0,0,0,8.881784197001252e-16,0.0,0.0,0
Lamb_office_Caitlin,validation,2017-11-18,Oracle,True,0,0,0,0,8.881784197001252e-14,0.0,0.0,0
Lamb_office_Caitlin,validation,2017-11-19,Oracle,True,0,0,0,0,1.3500311979441904e-13,0.0,0.0,0
Lamb_office_Caitlin,validation,2017-11-20,Oracle,True,0,0,0,0,9.947598300641403e-14,0.0,0.0,0
Lamb_office_Caitlin,validation,2017-11-21,Oracle,True,0,0,0,0,1.0658141036401503e-14,0.0,0.0,0
Lamb_office_Caitlin,validation,2017-11-22,Oracle,True,0,0,0,0,6.750155989720952e-14,0.0,0.0,0
Lamb_office_Caitlin,validation,2017-11-23,Oracle,True,0,0,0,0,1.7763568394002505e-15,0.0,0.0,0
Lamb_office_Caitlin,validation,2017-11-24,Oracle,True,0,0,0,0,0.0,0.0,0.0,0
Lamb_office_Caitlin,validation,2017-11-25,Oracle,True,0,0,0,0,2.2026824808563106e-13,0.0,0.0,0
Lamb_office_Caitlin,validation,2017-11-26,Oracle,True,0,0,0,0,1.3500311979441904e-13,0.0,0.0,0
Lamb_office_Caitlin,validation,2017-11-27,Oracle,True,0,0,0,0,3.197442310920451e-14,0.0,0.0,0
Lamb_office_Caitlin,validation,2017-11-28,Oracle,True,0,0,0,0,0.0,0.0,0.0,0
Lamb_office_Caitlin,validation,2017-11-29,Oracle,True,0,0,0,0,0.0,0.0,0.0,0
Lamb_office_Caitlin,validation,2017-11-30,Oracle,True,0,0,0,0,0.0,0.0,0.0,0
Lamb_office_Caitlin,validation,2017-11-02,Weight_0.0,True,0,0,0,0,5.3290705182007514e-14,0.0,0.0,0
Lamb_office_Caitlin,validation,2017-11-03,Weight_0.0,True,0,0,0,0,4.618527782440651e-14,0.0,0.0,0
Lamb_office_Caitlin,validation,2017-11-04,Weight_0.0,True,0,0,0,0,6.394884621840902e-14,0.0,0.0,0
Lamb_office_Caitlin,validation,2017-11-05,Weight_0.0,True,0,0,0,0,4.973799150320701e-14,0.0,0.0,0
Lamb_office_Caitlin,validation,2017-11-06,Weight_0.0,True,0,0,0,0,4.263256414560601e-14,0.0,0.0,0
Lamb_office_Caitlin,validation,2017-11-07,Weight_0.0,True,0,0,0,0,8.881784197001252e-16,0.0,0.0,0
Lamb_office_Caitlin,validation,2017-11-08,Weight_0.0,True,0,0,0,0,2.4868995751603507e-14,0.0,0.0,0
Lamb_office_Caitlin,validation,2017-11-09,Weight_0.0,True,0,0,0,0,5.684341886080802e-14,0.0,0.0,0
Lamb_office_Caitlin,validation,2017-11-10,Weight_0.0,True,0,0,0,0,7.815970093361102e-14,0.0,0.0,0
Lamb_office_Caitlin,validation,2017-11-11,Weight_0.0,True,0,0,0,0,2.1316282072803006e-14,0.0,0.0,0
Lamb_office_Caitlin,validation,2017-11-12,Weight_0.0,True,0,0,0,0,7.460698725481052e-14,0.0,0.0,0
Lamb_office_Caitlin,validation,2017-11-13,Weight_0.0,True,0,0,0,0,3.552713678800501e-15,0.0,0.0,0
Lamb_office_Caitlin,validation,2017-11-14,Weight_0.0,True,0,0,0,0,7.105427357601002e-14,0.0,0.0,0
Lamb_office_Caitlin,validation,2017-11-15,Weight_0.0,True,0,0,0,0,3.907985046680551e-14,0.0,0.0,0
Lamb_office_Caitlin,validation,2017-11-16,Weight_0.0,True,0,0,0,0,1.2256862191861728e-13,0.0,0.0,0
Lamb_office_Caitlin,validation,2017-11-17,Weight_0.0,True,0,0,0,0,6.039613253960852e-14,0.0,0.0,0
Lamb_office_Caitlin,validation,2017-11-18,Weight_0.0,True,0,0,0,0,8.881784197001252e-16,0.0,0.0,0
Lamb_office_Caitlin,validation,2017-11-19,Weight_0.0,True,0,0,0,0,7.460698725481052e-14,0.0,0.0,0
Lamb_office_Caitlin,validation,2017-11-20,Weight_0.0,True,0,0,0,0,5.684341886080802e-14,0.0,0.0,0
Lamb_office_Caitlin,validation,2017-11-21,Weight_0.0,True,0,0,0,0,6.394884621840902e-14,0.0,0.0,0
Lamb_office_Caitlin,validation,2017-11-22,Weight_0.0,True,0,0,0,0,1.9539925233402755e-14,0.0,0.0,0
Lamb_office_Caitlin,validation,2017-11-23,Weight_0.0,True,0,0,0,0,9.237055564881302e-14,0.0,0.0,0
Lamb_office_Caitlin,validation,2017-11-24,Weight_0.0,True,0,0,0,0,0.0,0.0,0.0,0
Lamb_office_Caitlin,validation,2017-11-25,Weight_0.0,True,0,0,0,0,3.197442310920451e-14,0.0,0.0,0
Lamb_office_Caitlin,validation,2017-11-26,Weight_0.0,True,0,0,0,0,1.1723955140041653e-13,0.0,0.0,0
Lamb_office_Caitlin,validation,2017-11-27,Weight_0.0,True,0,0,0,0,9.947598300641403e-14,0.0,0.0,0
Lamb_office_Caitlin,validation,2017-11-28,Weight_0.0,True,0,0,0,0,7.105427357601002e-15,0.0,0.0,0
Lamb_office_Caitlin,validation,2017-11-29,Weight_0.0,True,0,0,0,0,3.907985046680551e-14,0.0,0.0,0
Lamb_office_Caitlin,validation,2017-11-30,Weight_0.0,True,0,0,0,0,1.7763568394002505e-15,0.0,0.0,0
Lamb_office_Caitlin,validation,2017-11-02,Weight_0.1,True,0,0,0,0,7.460698725481052e-14,0.0,0.0,0
Lamb_office_Caitlin,validation,2017-11-03,Weight_0.1,True,0,0,0,0,3.197442310920451e-14,0.0,0.0,0
Lamb_office_Caitlin,validation,2017-11-04,Weight_0.1,True,0,0,0,0,4.973799150320701e-14,0.0,0.0,0
Lamb_office_Caitlin,validation,2017-11-05,Weight_0.1,True,0,0,0,0,3.552713678800501e-14,0.0,0.0,0
Lamb_office_Caitlin,validation,2017-11-06,Weight_0.1,True,0,0,0,0,2.5757174171303632e-14,0.0,0.0,0
Lamb_office_Caitlin,validation,2017-11-07,Weight_0.1,True,0,0,0,0,3.552713678800501e-15,0.0,0.0,0
Lamb_office_Caitlin,validation,2017-11-08,Weight_0.1,True,0,0,0,0,3.197442310920451e-14,0.0,0.0,0
Lamb_office_Caitlin,validation,2017-11-09,Weight_0.1,True,0,0,0,0,3.730349362740526e-14,0.0,0.0,0
Lamb_office_Caitlin,validation,2017-11-10,Weight_0.1,True,0,0,0,0,1.0658141036401503e-13,0.0,0.0,0
Lamb_office_Caitlin,validation,2017-11-11,Weight_0.1,True,0,0,0,0,6.128431095930864e-14,0.0,0.0,0
Lamb_office_Caitlin,validation,2017-11-12,Weight_0.1,True,0,0,0,0,7.105427357601002e-14,0.0,0.0,0
Lamb_office_Caitlin,validation,2017-11-13,Weight_0.1,True,0,0,0,0,3.552713678800501e-14,0.0,0.0,0
Lamb_office_Caitlin,validation,2017-11-14,Weight_0.1,True,0,0,0,0,8.526512829121202e-14,0.0,0.0,0
Lamb_office_Caitlin,validation,2017-11-15,Weight_0.1,True,0,0,0,0,3.907985046680551e-14,0.0,0.0,0
Lamb_office_Caitlin,validation,2017-11-16,Weight_0.1,True,0,0,0,0,4.263256414560601e-14,0.0,0.0,0
Lamb_office_Caitlin,validation,2017-11-17,Weight_0.1,True,0,0,0,0,7.105427357601002e-14,0.0,0.0,0
Lamb_office_Caitlin,validation,2017-11-18,Weight_0.1,True,0,0,0,0,0.0,0.0,0.0,0
Lamb_office_Caitlin,validation,2017-11-19,Weight_0.1,True,0,0,0,0,9.592326932761353e-14,0.0,0.0,0
Lamb_office_Caitlin,validation,2017-11-20,Weight_0.1,True,0,0,0,0,4.973799150320701e-14,0.0,0.0,0
Lamb_office_Caitlin,validation,2017-11-21,Weight_0.1,True,0,0,0,0,5.062616992290714e-14,0.0,0.0,0
Lamb_office_Caitlin,validation,2017-11-22,Weight_0.1,True,0,0,0,0,1.0658141036401503e-14,0.0,0.0,0
Lamb_office_Caitlin,validation,2017-11-23,Weight_0.1,True,0,0,0,0,3.375077994860476e-14,0.0,0.0,0
Lamb_office_Caitlin,validation,2017-11-24,Weight_0.1,True,0,0,0,0,8.881784197001252e-16,0.0,0.0,0
Lamb_office_Caitlin,validation,2017-11-25,Weight_0.1,True,0,0,0,0,4.227729277772596e-13,0.0,0.0,0
Lamb_office_Caitlin,validation,2017-11-26,Weight_0.1,True,0,0,0,0,1.5987211554602254e-13,0.0,0.0,0
Lamb_office_Caitlin,validation,2017-11-27,Weight_0.1,True,0,0,0,0,1.4210854715202004e-13,0.0,0.0,0
Lamb_office_Caitlin,validation,2017-11-28,Weight_0.1,True,0,0,0,0,3.907985046680551e-14,0.0,0.0,0
Lamb_office_Caitlin,validation,2017-11-29,Weight_0.1,True,0,0,0,0,1.758593271006248e-13,0.0,0.0,0
Lamb_office_Caitlin,validation,2017-11-30,Weight_0.1,True,0,0,0,0,0.0,0.0,0.0,0
Lamb_office_Caitlin,validation,2017-11-02,Weight_0.2,True,0,0,0,0,2.842170943040401e-14,0.0,0.0,0
Lamb_office_Caitlin,validation,2017-11-03,Weight_0.2,True,0,0,0,0,5.684341886080802e-14,0.0,0.0,0
Lamb_office_Caitlin,validation,2017-11-04,Weight_0.2,True,0,0,0,0,8.526512829121202e-14,0.0,0.0,0
Lamb_office_Caitlin,validation,2017-11-05,Weight_0.2,True,0,0,0,0,7.815970093361102e-14,0.0,0.0,0
Lamb_office_Caitlin,validation,2017-11-06,Weight_0.2,True,0,0,0,0,1.4210854715202004e-14,0.0,0.0,0
Lamb_office_Caitlin,validation,2017-11-07,Weight_0.2,True,0,0,0,0,0.0,0.0,0.0,0
Lamb_office_Caitlin,validation,2017-11-08,Weight_0.2,True,0,0,0,0,6.394884621840902e-14,0.0,0.0,0
Lamb_office_Caitlin,validation,2017-11-09,Weight_0.2,True,0,0,0,0,4.618527782440651e-14,0.0,0.0,0
Lamb_office_Caitlin,validation,2017-11-10,Weight_0.2,True,0,0,0,0,8.171241461241152e-14,0.0,0.0,0
Lamb_office_Caitlin,validation,2017-11-11,Weight_0.2,True,0,0,0,0,4.263256414560601e-14,0.0,0.0,0
Lamb_office_Caitlin,validation,2017-11-12,Weight_0.2,True,0,0,0,0,9.237055564881302e-14,0.0,0.0,0
Lamb_office_Caitlin,validation,2017-11-13,Weight_0.2,True,0,0,0,0,1.3500311979441904e-13,0.0,0.0,0
Lamb_office_Caitlin,validation,2017-11-14,Weight_0.2,True,0,0,0,0,1.1368683772161603e-13,0.0,0.0,0
Lamb_office_Caitlin,validation,2017-11-15,Weight_0.2,True,0,0,0,0,4.263256414560601e-14,0.0,0.0,0
Lamb_office_Caitlin,validation,2017-11-16,Weight_0.2,True,0,0,0,0,8.08242361927114e-14,0.0,0.0,0
Lamb_office_Caitlin,validation,2017-11-17,Weight_0.2,True,0,0,0,0,1.0658141036401503e-13,0.0,0.0,0
Lamb_office_Caitlin,validation,2017-11-18,Weight_0.2,True,0,0,0,0,3.552713678800501e-15,0.0,0.0,0
Lamb_office_Caitlin,validation,2017-11-19,Weight_0.2,True,0,0,0,0,7.815970093361102e-14,0.0,0.0,0
Lamb_office_Caitlin,validation,2017-11-20,Weight_0.2,True,0,0,0,0,7.815970093361102e-14,0.0,0.0,0
Lamb_office_Caitlin,validation,2017-11-21,Weight_0.2,True,0,0,0,0,4.973799150320701e-14,0.0,0.0,0
Lamb_office_Caitlin,validation,2017-11-22,Weight_0.2,True,0,0,0,0,2.6645352591003757e-14,0.0,0.0,0
Lamb_office_Caitlin,validation,2017-11-23,Weight_0.2,True,0,0,0,0,8.526512829121202e-14,0.0,0.0,0
Lamb_office_Caitlin,validation,2017-11-24,Weight_0.2,True,0,0,0,0,8.881784197001252e-16,0.0,0.0,0
Lamb_office_Caitlin,validation,2017-11-25,Weight_0.2,True,0,0,0,0,2.842170943040401e-14,0.0,0.0,0
Lamb_office_Caitlin,validation,2017-11-26,Weight_0.2,True,0,0,0,0,1.0658141036401503e-13,0.0,0.0,0
Lamb_office_Caitlin,validation,2017-11-27,Weight_0.2,True,0,0,0,0,1.1368683772161603e-13,0.0,0.0,0
Lamb_office_Caitlin,validation,2017-11-28,Weight_0.2,True,0,0,0,0,3.907985046680551e-14,0.0,0.0,0
Lamb_office_Caitlin,validation,2017-11-29,Weight_0.2,True,0,0,0,0,1.0658141036401503e-13,0.0,0.0,0
Lamb_office_Caitlin,validation,2017-11-30,Weight_0.2,True,0,0,0,0,3.552713678800501e-15,0.0,0.0,0
Lamb_office_Caitlin,validation,2017-11-02,Weight_0.3,True,0,0,0,0,7.815970093361102e-14,0.0,0.0,0
Lamb_office_Caitlin,validation,2017-11-03,Weight_0.3,True,0,0,0,0,2.3092638912203256e-14,0.0,0.0,0
Lamb_office_Caitlin,validation,2017-11-04,Weight_0.3,True,0,0,0,0,2.1316282072803006e-14,0.0,0.0,0
Lamb_office_Caitlin,validation,2017-11-05,Weight_0.3,True,0,0,0,0,2.4868995751603507e-14,0.0,0.0,0
Lamb_office_Caitlin,validation,2017-11-06,Weight_0.3,True,0,0,0,0,5.684341886080802e-14,0.0,0.0,0
Lamb_office_Caitlin,validation,2017-11-07,Weight_0.3,True,0,0,0,0,0.0,0.0,0.0,0
Lamb_office_Caitlin,validation,2017-11-08,Weight_0.3,True,0,0,0,0,2.842170943040401e-14,0.0,0.0,0
Lamb_office_Caitlin,validation,2017-11-09,Weight_0.3,True,0,0,0,0,5.684341886080802e-14,0.0,0.0,0
Lamb_office_Caitlin,validation,2017-11-10,Weight_0.3,True,0,0,0,0,6.750155989720952e-14,0.0,0.0,0
Lamb_office_Caitlin,validation,2017-11-11,Weight_0.3,True,0,0,0,0,3.552713678800501e-14,0.0,0.0,0
Lamb_office_Caitlin,validation,2017-11-12,Weight_0.3,True,0,0,0,0,8.881784197001252e-14,0.0,0.0,0
Lamb_office_Caitlin,validation,2017-11-13,Weight_0.3,True,0,0,0,0,4.263256414560601e-14,0.0,0.0,0
Lamb_office_Caitlin,validation,2017-11-14,Weight_0.3,True,0,0,0,0,7.815970093361102e-14,0.0,0.0,0
Lamb_office_Caitlin,validation,2017-11-15,Weight_0.3,True,0,0,0,0,3.552713678800501e-14,0.0,0.0,0
Lamb_office_Caitlin,validation,2017-11-16,Weight_0.3,True,0,0,0,0,8.526512829121202e-14,0.0,0.0,0
Lamb_office_Caitlin,validation,2017-11-17,Weight_0.3,True,0,0,0,0,1.4210854715202004e-13,0.0,0.0,0
Lamb_office_Caitlin,validation,2017-11-18,Weight_0.3,True,0,0,0,0,3.6415315207705135e-14,0.0,0.0,0
Lamb_office_Caitlin,validation,2017-11-19,Weight_0.3,True,0,0,0,0,1.1368683772161603e-13,0.0,0.0,0
Lamb_office_Caitlin,validation,2017-11-20,Weight_0.3,True,0,0,0,0,4.263256414560601e-14,0.0,0.0,0
Lamb_office_Caitlin,validation,2017-11-21,Weight_0.3,True,0,0,0,0,1.1723955140041653e-13,0.0,0.0,0
Lamb_office_Caitlin,validation,2017-11-22,Weight_0.3,True,0,0,0,0,4.973799150320701e-14,0.0,0.0,0
Lamb_office_Caitlin,validation,2017-11-23,Weight_0.3,True,0,0,0,0,4.973799150320701e-14,0.0,0.0,0
Lamb_office_Caitlin,validation,2017-11-24,Weight_0.3,True,0,0,0,0,3.552713678800501e-15,0.0,0.0,0
Lamb_office_Caitlin,validation,2017-11-25,Weight_0.3,True,0,0,0,0,2.842170943040401e-14,0.0,0.0,0
Lamb_office_Caitlin,validation,2017-11-26,Weight_0.3,True,0,0,0,0,9.237055564881302e-14,0.0,0.0,0
Lamb_office_Caitlin,validation,2017-11-27,Weight_0.3,True,0,0,0,0,1.3500311979441904e-13,0.0,0.0,0
Lamb_office_Caitlin,validation,2017-11-28,Weight_0.3,True,0,0,0,0,3.552713678800501e-14,0.0,0.0,0
Lamb_office_Caitlin,validation,2017-11-29,Weight_0.3,True,0,0,0,0,5.3290705182007514e-14,0.0,0.0,0
Lamb_office_Caitlin,validation,2017-11-30,Weight_0.3,True,0,0,0,0,3.552713678800501e-15,0.0,0.0,0
Lamb_office_Caitlin,validation,2017-11-02,Weight_0.4,True,0,0,0,0,5.684341886080802e-14,0.0,0.0,0
Lamb_office_Caitlin,validation,2017-11-03,Weight_0.4,True,0,0,0,0,3.907985046680551e-14,0.0,0.0,0
Lamb_office_Caitlin,validation,2017-11-04,Weight_0.4,True,0,0,0,0,9.237055564881302e-14,0.0,0.0,0
Lamb_office_Caitlin,validation,2017-11-05,Weight_0.4,True,0,0,0,0,6.750155989720952e-14,0.0,0.0,0
Lamb_office_Caitlin,validation,2017-11-06,Weight_0.4,True,0,0,0,0,6.394884621840902e-14,0.0,0.0,0
Lamb_office_Caitlin,validation,2017-11-07,Weight_0.4,True,0,0,0,0,7.993605777301127e-15,0.0,0.0,0
Lamb_office_Caitlin,validation,2017-11-08,Weight_0.4,True,0,0,0,0,1.1368683772161603e-13,0.0,0.0,0
Lamb_office_Caitlin,validation,2017-11-09,Weight_0.4,True,0,0,0,0,2.1316282072803006e-14,0.0,0.0,0
Lamb_office_Caitlin,validation,2017-11-10,Weight_0.4,True,0,0,0,0,1.1368683772161603e-13,0.0,0.0,0
Lamb_office_Caitlin,validation,2017-11-11,Weight_0.4,True,0,0,0,0,7.105427357601002e-14,0.0,0.0,0
Lamb_office_Caitlin,validation,2017-11-12,Weight_0.4,True,0,0,0,0,6.039613253960852e-14,0.0,0.0,0
Lamb_office_Caitlin,validation,2017-11-13,Weight_0.4,True,0,0,0,0,3.552713678800501e-14,0.0,0.0,0
Lamb_office_Caitlin,validation,2017-11-14,Weight_0.4,True,0,0,0,0,9.947598300641403e-14,0.0,0.0,0
Lamb_office_Caitlin,validation,2017-11-15,Weight_0.4,True,0,0,0,0,7.105427357601002e-14,0.0,0.0,0
Lamb_office_Caitlin,validation,2017-11-16,Weight_0.4,True,0,0,0,0,1.0658141036401503e-13,0.0,0.0,0
Lamb_office_Caitlin,validation,2017-11-17,Weight_0.4,True,0,0,0,0,1.3855583347321954e-13,0.0,0.0,0
Lamb_office_Caitlin,validation,2017-11-18,Weight_0.4,True,0,0,0,0,4.1744385725905886e-14,0.0,0.0,0
Lamb_office_Caitlin,validation,2017-11-19,Weight_0.4,True,0,0,0,0,1.5276668818842154e-13,0.0,0.0,0
Lamb_office_Caitlin,validation,2017-11-20,Weight_0.4,True,0,0,0,0,3.552713678800501e-14,0.0,0.0,0
Lamb_office_Caitlin,validation,2017-11-21,Weight_0.4,True,0,0,0,0,7.460698725481052e-14,0.0,0.0,0
Lamb_office_Caitlin,validation,2017-11-22,Weight_0.4,True,0,0,0,0,2.1316282072803006e-14,0.0,0.0,0
Lamb_office_Caitlin,validation,2017-11-23,Weight_0.4,True,0,0,0,0,3.019806626980426e-14,0.0,0.0,0
Lamb_office_Caitlin,validation,2017-11-24,Weight_0.4,True,0,0,0,0,3.552713678800501e-15,0.0,0.0,0
Lamb_office_Caitlin,validation,2017-11-25,Weight_0.4,True,0,0,0,0,7.993605777301127e-14,0.0,0.0,0
Lamb_office_Caitlin,validation,2017-11-26,Weight_0.4,True,0,0,0,0,1.3855583347321954e-13,0.0,0.0,0
Lamb_office_Caitlin,validation,2017-11-27,Weight_0.4,True,0,0,0,0,9.947598300641403e-14,0.0,0.0,0
Lamb_office_Caitlin,validation,2017-11-28,Weight_0.4,True,0,0,0,0,3.019806626980426e-14,0.0,0.0,0
Lamb_office_Caitlin,validation,2017-11-29,Weight_0.4,True,0,0,0,0,6.217248937900877e-14,0.0,0.0,0
Lamb_office_Caitlin,validation,2017-11-30,Weight_0.4,True,0,0,0,0,3.552713678800501e-15,0.0,0.0,0
Lamb_office_Caitlin,validation,2017-11-02,Weight_0.5,True,0,0,0,0,2.4868995751603507e-14,0.0,0.0,0
Lamb_office_Caitlin,validation,2017-11-03,Weight_0.5,True,0,0,0,0,3.552713678800501e-14,0.0,0.0,0
Lamb_office_Caitlin,validation,2017-11-04,Weight_0.5,True,0,0,0,0,4.618527782440651e-14,0.0,0.0,0
Lamb_office_Caitlin,validation,2017-11-05,Weight_0.5,True,0,0,0,0,1.1723955140041653e-13,0.0,0.0,0
Lamb_office_Caitlin,validation,2017-11-06,Weight_0.5,True,0,0,0,0,2.1316282072803006e-14,0.0,0.0,0
Lamb_office_Caitlin,validation,2017-11-07,Weight_0.5,True,0,0,0,0,5.329070518200751e-15,0.0,0.0,0
Lamb_office_Caitlin,validation,2017-11-08,Weight_0.5,True,0,0,0,0,8.526512829121202e-14,0.0,0.0,0
Lamb_office_Caitlin,validation,2017-11-09,Weight_0.5,True,0,0,0,0,4.618527782440651e-14,0.0,0.0,0
Lamb_office_Caitlin,validation,2017-11-10,Weight_0.5,True,0,0,0,0,6.039613253960852e-14,0.0,0.0,0
Lamb_office_Caitlin,validation,2017-11-11,Weight_0.5,True,0,0,0,0,4.263256414560601e-14,0.0,0.0,0
Lamb_office_Caitlin,validation,2017-11-12,Weight_0.5,True,0,0,0,0,6.039613253960852e-14,0.0,0.0,0
Lamb_office_Caitlin,validation,2017-11-13,Weight_0.5,True,0,0,0,0,6.394884621840902e-14,0.0,0.0,0
Lamb_office_Caitlin,validation,2017-11-14,Weight_0.5,True,0,0,0,0,5.3290705182007514e-14,0.0,0.0,0
Lamb_office_Caitlin,validation,2017-11-15,Weight_0.5,True,0,0,0,0,1.0658141036401503e-13,0.0,0.0,0
Lamb_office_Caitlin,validation,2017-11-16,Weight_0.5,True,0,0,0,0,6.039613253960852e-14,0.0,0.0,0
Lamb_office_Caitlin,validation,2017-11-17,Weight_0.5,True,0,0,0,0,1.6342482922482304e-13,0.0,0.0,0
Lamb_office_Caitlin,validation,2017-11-18,Weight_0.5,True,0,0,0,0,3.907985046680551e-14,0.0,0.0,0
Lamb_office_Caitlin,validation,2017-11-19,Weight_0.5,True,0,0,0,0,8.526512829121202e-14,0.0,0.0,0
Lamb_office_Caitlin,validation,2017-11-20,Weight_0.5,True,0,0,0,0,7.815970093361102e-14,0.0,0.0,0
Lamb_office_Caitlin,validation,2017-11-21,Weight_0.5,True,0,0,0,0,1.6342482922482304e-13,0.0,0.0,0
Lamb_office_Caitlin,validation,2017-11-22,Weight_0.5,True,0,0,0,0,2.842170943040401e-14,0.0,0.0,0
Lamb_office_Caitlin,validation,2017-11-23,Weight_0.5,True,0,0,0,0,7.105427357601002e-14,0.0,0.0,0
Lamb_office_Caitlin,validation,2017-11-24,Weight_0.5,True,0,0,0,0,3.552713678800501e-15,0.0,0.0,0
Lamb_office_Caitlin,validation,2017-11-25,Weight_0.5,True,0,0,0,0,7.283063041541027e-14,0.0,0.0,0
Lamb_office_Caitlin,validation,2017-11-26,Weight_0.5,True,0,0,0,0,2.0961010704922955e-13,0.0,0.0,0
Lamb_office_Caitlin,validation,2017-11-27,Weight_0.5,True,0,0,0,0,1.2789769243681803e-13,0.0,0.0,0
Lamb_office_Caitlin,validation,2017-11-28,Weight_0.5,True,0,0,0,0,4.973799150320701e-14,0.0,0.0,0
Lamb_office_Caitlin,validation,2017-11-29,Weight_0.5,True,0,0,0,0,5.3290705182007514e-14,0.0,0.0,0
Lamb_office_Caitlin,validation,2017-11-30,Weight_0.5,True,0,0,0,0,3.552713678800501e-15,0.0,0.0,0
Lamb_office_Caitlin,validation,2017-11-02,Weight_0.6,True,0,0,0,0,2.4868995751603507e-14,0.0,0.0,0
Lamb_office_Caitlin,validation,2017-11-03,Weight_0.6,True,0,0,0,0,3.552713678800501e-14,0.0,0.0,0
Lamb_office_Caitlin,validation,2017-11-04,Weight_0.6,True,0,0,0,0,2.1316282072803006e-14,0.0,0.0,0
Lamb_office_Caitlin,validation,2017-11-05,Weight_0.6,True,0,0,0,0,7.815970093361102e-14,0.0,0.0,0
Lamb_office_Caitlin,validation,2017-11-06,Weight_0.6,True,0,0,0,0,3.019806626980426e-14,0.0,0.0,0
Lamb_office_Caitlin,validation,2017-11-07,Weight_0.6,True,0,0,0,0,2.842170943040401e-14,0.0,0.0,0
Lamb_office_Caitlin,validation,2017-11-08,Weight_0.6,True,0,0,0,0,1.1368683772161603e-13,0.0,0.0,0
Lamb_office_Caitlin,validation,2017-11-09,Weight_0.6,True,0,0,0,0,7.460698725481052e-14,0.0,0.0,0
Lamb_office_Caitlin,validation,2017-11-10,Weight_0.6,True,0,0,0,0,1.0658141036401503e-13,0.0,0.0,0
Lamb_office_Caitlin,validation,2017-11-11,Weight_0.6,True,0,0,0,0,5.684341886080802e-14,0.0,0.0,0
Lamb_office_Caitlin,validation,2017-11-12,Weight_0.6,True,0,0,0,0,6.750155989720952e-14,0.0,0.0,0
Lamb_office_Caitlin,validation,2017-11-13,Weight_0.6,True,0,0,0,0,7.105427357601002e-14,0.0,0.0,0
Lamb_office_Caitlin,validation,2017-11-14,Weight_0.6,True,0,0,0,0,1.2789769243681803e-13,0.0,0.0,0
Lamb_office_Caitlin,validation,2017-11-15,Weight_0.6,True,0,0,0,0,8.526512829121202e-14,0.0,0.0,0
Lamb_office_Caitlin,validation,2017-11-16,Weight_0.6,True,0,0,0,0,9.14823772291129e-14,0.0,0.0,0
Lamb_office_Caitlin,validation,2017-11-17,Weight_0.6,True,0,0,0,0,6.750155989720952e-14,0.0,0.0,0
Lamb_office_Caitlin,validation,2017-11-18,Weight_0.6,True,0,0,0,0,2.6645352591003757e-14,0.0,0.0,0
Lamb_office_Caitlin,validation,2017-11-19,Weight_0.6,True,0,0,0,0,9.947598300641403e-14,0.0,0.0,0
Lamb_office_Caitlin,validation,2017-11-20,Weight_0.6,True,0,0,0,0,4.263256414560601e-14,0.0,0.0,0
Lamb_office_Caitlin,validation,2017-11-21,Weight_0.6,True,0,0,0,0,8.171241461241152e-14,0.0,0.0,0
Lamb_office_Caitlin,validation,2017-11-22,Weight_0.6,True,0,0,0,0,2.4868995751603507e-14,0.0,0.0,0
Lamb_office_Caitlin,validation,2017-11-23,Weight_0.6,True,0,0,0,0,6.750155989720952e-14,0.0,0.0,0
Lamb_office_Caitlin,validation,2017-11-24,Weight_0.6,True,0,0,0,0,3.552713678800501e-15,0.0,0.0,0
Lamb_office_Caitlin,validation,2017-11-25,Weight_0.6,True,0,0,0,0,4.618527782440651e-14,0.0,0.0,0
Lamb_office_Caitlin,validation,2017-11-26,Weight_0.6,True,0,0,0,0,1.7763568394002505e-13,0.0,0.0,0
Lamb_office_Caitlin,validation,2017-11-27,Weight_0.6,True,0,0,0,0,5.950795411990839e-14,0.0,0.0,0
Lamb_office_Caitlin,validation,2017-11-28,Weight_0.6,True,0,0,0,0,7.105427357601002e-14,0.0,0.0,0
Lamb_office_Caitlin,validation,2017-11-29,Weight_0.6,True,0,0,0,0,1.0302869668521453e-13,0.0,0.0,0
Lamb_office_Caitlin,validation,2017-11-30,Weight_0.6,True,0,0,0,0,3.552713678800501e-15,0.0,0.0,0
Lamb_office_Caitlin,validation,2017-11-02,Weight_0.7,True,0,0,0,0,1.3145040611561853e-13,0.0,0.0,0
Lamb_office_Caitlin,validation,2017-11-03,Weight_0.7,True,0,0,0,0,1.3145040611561853e-13,0.0,0.0,0
Lamb_office_Caitlin,validation,2017-11-04,Weight_0.7,True,0,0,0,0,2.220446049250313e-14,0.0,0.0,0
Lamb_office_Caitlin,validation,2017-11-05,Weight_0.7,True,0,0,0,0,2.1316282072803006e-14,0.0,0.0,0
Lamb_office_Caitlin,validation,2017-11-06,Weight_0.7,True,0,0,0,0,4.973799150320701e-14,0.0,0.0,0
Lamb_office_Caitlin,validation,2017-11-07,Weight_0.7,True,0,0,0,0,6.394884621840902e-14,0.0,0.0,0
Lamb_office_Caitlin,validation,2017-11-08,Weight_0.7,True,0,0,0,0,9.947598300641403e-14,0.0,0.0,0
Lamb_office_Caitlin,validation,2017-11-09,Weight_0.7,True,0,0,0,0,2.1316282072803006e-14,0.0,0.0,0
Lamb_office_Caitlin,validation,2017-11-10,Weight_0.7,True,0,0,0,0,8.526512829121202e-14,0.0,0.0,0
Lamb_office_Caitlin,validation,2017-11-11,Weight_0.7,True,0,0,0,0,2.1316282072803006e-14,0.0,0.0,0
Lamb_office_Caitlin,validation,2017-11-12,Weight_0.7,True,0,0,0,0,9.592326932761353e-14,0.0,0.0,0
Lamb_office_Caitlin,validation,2017-11-13,Weight_0.7,True,0,0,0,0,4.263256414560601e-14,0.0,0.0,0
Lamb_office_Caitlin,validation,2017-11-14,Weight_0.7,True,0,0,0,0,5.684341886080802e-14,0.0,0.0,0
Lamb_office_Caitlin,validation,2017-11-15,Weight_0.7,True,0,0,0,0,9.947598300641403e-14,0.0,0.0,0
Lamb_office_Caitlin,validation,2017-11-16,Weight_0.7,True,0,0,0,0,5.684341886080802e-14,0.0,0.0,0
Lamb_office_Caitlin,validation,2017-11-17,Weight_0.7,True,0,0,0,0,1.5987211554602254e-13,0.0,0.0,0
Lamb_office_Caitlin,validation,2017-11-18,Weight_0.7,True,0,0,0,0,1.1723955140041653e-13,0.0,0.0,0
Lamb_office_Caitlin,validation,2017-11-19,Weight_0.7,True,0,0,0,0,8.171241461241152e-14,0.0,0.0,0
Lamb_office_Caitlin,validation,2017-11-20,Weight_0.7,True,0,0,0,0,5.3290705182007514e-14,0.0,0.0,0
Lamb_office_Caitlin,validation,2017-11-21,Weight_0.7,True,0,0,0,0,6.750155989720952e-14,0.0,0.0,0
Lamb_office_Caitlin,validation,2017-11-22,Weight_0.7,True,0,0,0,0,3.197442310920451e-14,0.0,0.0,0
Lamb_office_Caitlin,validation,2017-11-23,Weight_0.7,True,0,0,0,0,5.684341886080802e-14,0.0,0.0,0
Lamb_office_Caitlin,validation,2017-11-24,Weight_0.7,True,0,0,0,0,1.7763568394002505e-15,0.0,0.0,0
Lamb_office_Caitlin,validation,2017-11-25,Weight_0.7,True,0,0,0,0,6.394884621840902e-14,0.0,0.0,0
Lamb_office_Caitlin,validation,2017-11-26,Weight_0.7,True,0,0,0,0,8.171241461241152e-14,0.0,0.0,0
Lamb_office_Caitlin,validation,2017-11-27,Weight_0.7,True,0,0,0,0,7.549516567451064e-14,0.0,0.0,0
Lamb_office_Caitlin,validation,2017-11-28,Weight_0.7,True,0,0,0,0,1.270095140171179e-13,0.0,0.0,0
Lamb_office_Caitlin,validation,2017-11-29,Weight_0.7,True,0,0,0,0,1.3500311979441904e-13,0.0,0.0,0
Lamb_office_Caitlin,validation,2017-11-30,Weight_0.7,True,0,0,0,0,4.263256414560601e-14,0.0,0.0,0
Lamb_office_Caitlin,validation,2017-11-02,Weight_0.8,True,0,0,0,0,2.842170943040401e-14,0.0,0.0,0
Lamb_office_Caitlin,validation,2017-11-03,Weight_0.8,True,0,0,0,0,6.750155989720952e-14,0.0,0.0,0
Lamb_office_Caitlin,validation,2017-11-04,Weight_0.8,True,0,0,0,0,2.4868995751603507e-14,0.0,0.0,0
Lamb_office_Caitlin,validation,2017-11-05,Weight_0.8,True,0,0,0,0,7.815970093361102e-14,0.0,0.0,0
Lamb_office_Caitlin,validation,2017-11-06,Weight_0.8,True,0,0,0,0,5.684341886080802e-14,0.0,0.0,0
Lamb_office_Caitlin,validation,2017-11-07,Weight_0.8,True,0,0,0,0,3.552713678800501e-14,0.0,0.0,0
Lamb_office_Caitlin,validation,2017-11-08,Weight_0.8,True,0,0,0,0,9.237055564881302e-14,0.0,0.0,0
Lamb_office_Caitlin,validation,2017-11-09,Weight_0.8,True,0,0,0,0,5.684341886080802e-14,0.0,0.0,0
Lamb_office_Caitlin,validation,2017-11-10,Weight_0.8,True,0,0,0,0,6.039613253960852e-14,0.0,0.0,0
Lamb_office_Caitlin,validation,2017-11-11,Weight_0.8,True,0,0,0,0,7.105427357601002e-14,0.0,0.0,0
Lamb_office_Caitlin,validation,2017-11-12,Weight_0.8,True,0,0,0,0,6.394884621840902e-14,0.0,0.0,0
Lamb_office_Caitlin,validation,2017-11-13,Weight_0.8,True,0,0,0,0,5.684341886080802e-14,0.0,0.0,0
Lamb_office_Caitlin,validation,2017-11-14,Weight_0.8,True,0,0,0,0,7.815970093361102e-14,0.0,0.0,0
Lamb_office_Caitlin,validation,2017-11-15,Weight_0.8,True,0,0,0,0,1.2079226507921703e-13,0.0,0.0,0
Lamb_office_Caitlin,validation,2017-11-16,Weight_0.8,True,0,0,0,0,7.105427357601002e-14,0.0,0.0,0
Lamb_office_Caitlin,validation,2017-11-17,Weight_0.8,True,0,0,0,0,1.2079226507921703e-13,0.0,0.0,0
Lamb_office_Caitlin,validation,2017-11-18,Weight_0.8,True,0,0,0,0,2.842170943040401e-14,0.0,0.0,0
Lamb_office_Caitlin,validation,2017-11-19,Weight_0.8,True,0,0,0,0,1.2789769243681803e-13,0.0,0.0,0
Lamb_office_Caitlin,validation,2017-11-20,Weight_0.8,True,0,0,0,0,5.3290705182007514e-14,0.0,0.0,0
Lamb_office_Caitlin,validation,2017-11-21,Weight_0.8,True,0,0,0,0,1.4921397450962104e-13,0.0,0.0,0
Lamb_office_Caitlin,validation,2017-11-22,Weight_0.8,True,0,0,0,0,2.1316282072803006e-14,0.0,0.0,0
Lamb_office_Caitlin,validation,2017-11-23,Weight_0.8,True,0,0,0,0,9.237055564881302e-14,0.0,0.0,0
Lamb_office_Caitlin,validation,2017-11-24,Weight_0.8,True,0,0,0,0,3.552713678800501e-15,0.0,0.0,0
Lamb_office_Caitlin,validation,2017-11-25,Weight_0.8,True,0,0,0,0,8.171241461241152e-14,0.0,0.0,0
Lamb_office_Caitlin,validation,2017-11-26,Weight_0.8,True,0,0,0,0,8.881784197001252e-14,0.0,0.0,0
Lamb_office_Caitlin,validation,2017-11-27,Weight_0.8,True,0,0,0,0,8.881784197001252e-14,0.0,0.0,0
Lamb_office_Caitlin,validation,2017-11-28,Weight_0.8,True,0,0,0,0,1.0658141036401503e-13,0.0,0.0,0
Lamb_office_Caitlin,validation,2017-11-29,Weight_0.8,True,0,0,0,0,1.2256862191861728e-13,0.0,0.0,0
Lamb_office_Caitlin,validation,2017-11-30,Weight_0.8,True,0,0,0,0,4.973799150320701e-14,0.0,0.0,0
Lamb_office_Caitlin,validation,2017-11-02,Weight_0.9,True,0,0,0,0,1.9451107391432743e-13,0.0,0.0,0
Lamb_office_Caitlin,validation,2017-11-03,Weight_0.9,True,0,0,0,0,6.394884621840902e-14,0.0,0.0,0
Lamb_office_Caitlin,validation,2017-11-04,Weight_0.9,True,0,0,0,0,2.1316282072803006e-14,0.0,0.0,0
Lamb_office_Caitlin,validation,2017-11-05,Weight_0.9,True,0,0,0,0,7.460698725481052e-14,0.0,0.0,0
Lamb_office_Caitlin,validation,2017-11-06,Weight_0.9,True,0,0,0,0,9.947598300641403e-14,0.0,0.0,0
Lamb_office_Caitlin,validation,2017-11-07,Weight_0.9,True,0,0,0,0,1.1368683772161603e-13,0.0,0.0,0
Lamb_office_Caitlin,validation,2017-11-08,Weight_0.9,True,0,0,0,0,1.2789769243681803e-13,0.0,0.0,0
Lamb_office_Caitlin,validation,2017-11-09,Weight_0.9,True,0,0,0,0,3.552713678800501e-14,0.0,0.0,0
Lamb_office_Caitlin,validation,2017-11-10,Weight_0.9,True,0,0,0,0,7.460698725481052e-14,0.0,0.0,0
Lamb_office_Caitlin,validation,2017-11-11,Weight_0.9,True,0,0,0,0,9.237055564881302e-14,0.0,0.0,0
Lamb_office_Caitlin,validation,2017-11-12,Weight_0.9,True,0,0,0,0,1.2079226507921703e-13,0.0,0.0,0
Lamb_office_Caitlin,validation,2017-11-13,Weight_0.9,True,0,0,0,0,4.263256414560601e-14,0.0,0.0,0
Lamb_office_Caitlin,validation,2017-11-14,Weight_0.9,True,0,0,0,0,7.105427357601002e-14,0.0,0.0,0
Lamb_office_Caitlin,validation,2017-11-15,Weight_0.9,True,0,0,0,0,1.1368683772161603e-13,0.0,0.0,0
Lamb_office_Caitlin,validation,2017-11-16,Weight_0.9,True,0,0,0,0,7.815970093361102e-14,0.0,0.0,0
Lamb_office_Caitlin,validation,2017-11-17,Weight_0.9,True,0,0,0,0,6.394884621840902e-14,0.0,0.0,0
Lamb_office_Caitlin,validation,2017-11-18,Weight_0.9,True,0,0,0,0,6.394884621840902e-14,0.0,0.0,0
Lamb_office_Caitlin,validation,2017-11-19,Weight_0.9,True,0,0,0,0,2.1671553440683056e-13,0.0,0.0,0
Lamb_office_Caitlin,validation,2017-11-20,Weight_0.9,True,0,0,0,0,6.039613253960852e-14,0.0,0.0,0
Lamb_office_Caitlin,validation,2017-11-21,Weight_0.9,True,0,0,0,0,8.526512829121202e-14,0.0,0.0,0
Lamb_office_Caitlin,validation,2017-11-22,Weight_0.9,True,0,0,0,0,1.7763568394002505e-14,0.0,0.0,0
Lamb_office_Caitlin,validation,2017-11-23,Weight_0.9,True,0,0,0,0,7.460698725481052e-14,0.0,0.0,0
Lamb_office_Caitlin,validation,2017-11-24,Weight_0.9,True,0,0,0,0,3.552713678800501e-15,0.0,0.0,0
Lamb_office_Caitlin,validation,2017-11-25,Weight_0.9,True,0,0,0,0,3.197442310920451e-14,0.0,0.0,0
Lamb_office_Caitlin,validation,2017-11-26,Weight_0.9,True,0,0,0,0,2.4868995751603507e-14,0.0,0.0,0
Lamb_office_Caitlin,validation,2017-11-27,Weight_0.9,True,0,0,0,0,7.105427357601002e-14,0.0,0.0,0
Lamb_office_Caitlin,validation,2017-11-28,Weight_0.9,True,0,0,0,0,1.1368683772161603e-13,0.0,0.0,0
Lamb_office_Caitlin,validation,2017-11-29,Weight_0.9,True,0,0,0,0,7.283063041541027e-14,0.0,0.0,0
Lamb_office_Caitlin,validation,2017-11-30,Weight_0.9,True,0,0,0,0,1.0835776720341528e-13,0.0,0.0,0
Lamb_office_Caitlin,validation,2017-11-02,Weight_1.0,True,0,0,0,0,9.592326932761353e-14,0.0,0.0,0
Lamb_office_Caitlin,validation,2017-11-03,Weight_1.0,True,0,0,0,0,6.394884621840902e-14,0.0,0.0,0
Lamb_office_Caitlin,validation,2017-11-04,Weight_1.0,True,0,0,0,0,1.1368683772161603e-13,0.0,0.0,0
Lamb_office_Caitlin,validation,2017-11-05,Weight_1.0,True,0,0,0,0,7.460698725481052e-14,0.0,0.0,0
Lamb_office_Caitlin,validation,2017-11-06,Weight_1.0,True,0,0,0,0,9.237055564881302e-14,0.0,0.0,0
Lamb_office_Caitlin,validation,2017-11-07,Weight_1.0,True,0,0,0,0,4.263256414560601e-14,0.0,0.0,0
Lamb_office_Caitlin,validation,2017-11-08,Weight_1.0,True,0,0,0,0,4.973799150320701e-14,0.0,0.0,0
Lamb_office_Caitlin,validation,2017-11-09,Weight_1.0,True,0,0,0,0,1.4921397450962104e-13,0.0,0.0,0
Lamb_office_Caitlin,validation,2017-11-10,Weight_1.0,True,0,0,0,0,5.5067062021407764e-14,0.0,0.0,0
Lamb_office_Caitlin,validation,2017-11-11,Weight_1.0,True,0,0,0,0,4.085620730620576e-14,0.0,0.0,0
Lamb_office_Caitlin,validation,2017-11-12,Weight_1.0,True,0,0,0,0,2.842170943040401e-14,0.0,0.0,0
Lamb_office_Caitlin,validation,2017-11-13,Weight_1.0,True,0,0,0,0,3.552713678800501e-14,0.0,0.0,0
Lamb_office_Caitlin,validation,2017-11-14,Weight_1.0,True,0,0,0,0,9.237055564881302e-14,0.0,0.0,0
Lamb_office_Caitlin,validation,2017-11-15,Weight_1.0,True,0,0,0,0,1.8474111129762605e-13,0.0,0.0,0
Lamb_office_Caitlin,validation,2017-11-16,Weight_1.0,True,0,0,0,0,1.2789769243681803e-13,0.0,0.0,0
Lamb_office_Caitlin,validation,2017-11-17,Weight_1.0,True,0,0,0,0,2.1316282072803006e-14,0.0,0.0,0
Lamb_office_Caitlin,validation,2017-11-18,Weight_1.0,True,0,0,0,0,1.4210854715202004e-14,0.0,0.0,0
Lamb_office_Caitlin,validation,2017-11-19,Weight_1.0,True,0,0,0,0,1.9895196601282805e-13,0.0,0.0,0
Lamb_office_Caitlin,validation,2017-11-20,Weight_1.0,True,0,0,0,0,7.638334409421077e-14,0.0,0.0,0
Lamb_office_Caitlin,validation,2017-11-21,Weight_1.0,True,0,0,0,0,8.171241461241152e-14,0.0,0.0,0
Lamb_office_Caitlin,validation,2017-11-22,Weight_1.0,True,0,0,0,0,5.684341886080802e-14,0.0,0.0,0
Lamb_office_Caitlin,validation,2017-11-23,Weight_1.0,True,0,0,0,0,8.881784197001252e-14,0.0,0.0,0
Lamb_office_Caitlin,validation,2017-11-24,Weight_1.0,True,0,0,0,0,3.552713678800501e-15,0.0,0.0,0
Lamb_office_Caitlin,validation,2017-11-25,Weight_1.0,True,0,0,0,0,1.4210854715202004e-14,0.0,0.0,0
Lamb_office_Caitlin,validation,2017-11-26,Weight_1.0,True,0,0,0,0,6.039613253960852e-14,0.0,0.0,0
Lamb_office_Caitlin,validation,2017-11-27,Weight_1.0,True,0,0,0,0,3.907985046680551e-14,0.0,0.0,0
Lamb_office_Caitlin,validation,2017-11-28,Weight_1.0,True,0,0,0,0,1.1723955140041653e-13,0.0,0.0,0
Lamb_office_Caitlin,validation,2017-11-29,Weight_1.0,True,0,0,0,0,1.3145040611561853e-13,0.0,0.0,0
Lamb_office_Caitlin,validation,2017-11-30,Weight_1.0,True,0,0,0,0,1.0125233984581428e-13,0.0,0.0,0
Robin_office_Addie,validation,2017-11-02,Oracle,True,0,0,0,0,2.842170943040401e-14,0.0,0.0,0
Robin_office_Addie,validation,2017-11-03,Oracle,True,0,0,0,0,1.4210854715202004e-14,0.0,0.0,0
Robin_office_Addie,validation,2017-11-04,Oracle,True,0,0,0,0,3.197442310920451e-14,0.0,0.0,0
Robin_office_Addie,validation,2017-11-05,Oracle,True,0,0,0,0,4.973799150320701e-14,0.0,0.0,0
Robin_office_Addie,validation,2017-11-06,Oracle,True,0,0,0,0,2.7533531010703882e-14,0.0,0.0,0
Robin_office_Addie,validation,2017-11-07,Oracle,True,0,0,0,0,3.907985046680551e-14,0.0,0.0,0
Robin_office_Addie,validation,2017-11-08,Oracle,True,0,0,0,0,1.4210854715202004e-14,0.0,0.0,0
Robin_office_Addie,validation,2017-11-09,Oracle,True,0,0,0,0,9.592326932761353e-14,0.0,0.0,0
Robin_office_Addie,validation,2017-11-10,Oracle,True,0,0,0,0,1.0302869668521453e-13,0.0,0.0,0
Robin_office_Addie,validation,2017-11-11,Oracle,True,0,0,0,0,1.0658141036401503e-14,0.0,0.0,0
Robin_office_Addie,validation,2017-11-12,Oracle,True,0,0,0,0,5.684341886080802e-14,0.0,0.0,0
Robin_office_Addie,validation,2017-11-13,Oracle,True,0,0,0,0,2.6645352591003757e-14,0.0,0.0,0
Robin_office_Addie,validation,2017-11-14,Oracle,True,0,0,0,0,1.4210854715202004e-14,0.0,0.0,0
Robin_office_Addie,validation,2017-11-15,Oracle,True,0,0,0,0,2.842170943040401e-14,0.0,0.0,0
Robin_office_Addie,validation,2017-11-16,Oracle,True,0,0,0,0,3.552713678800501e-15,0.0,0.0,0
Robin_office_Addie,validation,2017-11-17,Oracle,True,0,0,0,0,4.618527782440651e-14,0.0,0.0,0
Robin_office_Addie,validation,2017-11-18,Oracle,True,0,0,0,0,4.973799150320701e-14,0.0,0.0,0
Robin_office_Addie,validation,2017-11-19,Oracle,True,0,0,0,0,3.552713678800501e-14,0.0,0.0,0
Robin_office_Addie,validation,2017-11-20,Oracle,True,0,0,0,0,3.552713678800501e-14,0.0,0.0,0
Robin_office_Addie,validation,2017-11-21,Oracle,True,0,0,0,0,5.684341886080802e-14,0.0,0.0,0
Robin_office_Addie,validation,2017-11-22,Oracle,True,0,0,0,0,1.2079226507921703e-13,0.0,0.0,0
Robin_office_Addie,validation,2017-11-23,Oracle,True,0,0,0,0,3.552713678800501e-14,0.0,0.0,0
Robin_office_Addie,validation,2017-11-24,Oracle,True,0,0,0,0,4.440892098500626e-14,0.0,0.0,0
Robin_office_Addie,validation,2017-11-25,Oracle,True,0,0,0,0,3.907985046680551e-14,0.0,0.0,0
Robin_office_Addie,validation,2017-11-26,Oracle,True,0,0,0,0,2.1316282072803006e-14,0.0,0.0,0
Robin_office_Addie,validation,2017-11-27,Oracle,True,0,0,0,0,2.842170943040401e-14,0.0,0.0,0
Robin_office_Addie,validation,2017-11-28,Oracle,True,0,0,0,0,2.842170943040401e-14,0.0,0.0,0
Robin_office_Addie,validation,2017-11-29,Oracle,True,0,0,0,0,7.815970093361102e-14,0.0,0.0,0
Robin_office_Addie,validation,2017-11-30,Oracle,True,0,0,0,0,2.842170943040401e-14,0.0,0.0,0
Robin_office_Addie,validation,2017-11-02,Weight_0.0,True,0,0,0,0,6.394884621840902e-14,0.0,0.0,0
Robin_office_Addie,validation,2017-11-03,Weight_0.0,True,0,0,0,0,5.684341886080802e-14,0.0,0.0,0
Robin_office_Addie,validation,2017-11-04,Weight_0.0,True,0,0,0,0,2.1316282072803006e-14,0.0,0.0,0
Robin_office_Addie,validation,2017-11-05,Weight_0.0,True,0,0,0,0,7.460698725481052e-14,0.0,0.0,0
Robin_office_Addie,validation,2017-11-06,Weight_0.0,True,0,0,0,0,8.171241461241152e-14,0.0,0.0,0
Robin_office_Addie,validation,2017-11-07,Weight_0.0,True,0,0,0,0,2.842170943040401e-14,0.0,0.0,0
Robin_office_Addie,validation,2017-11-08,Weight_0.0,True,0,0,0,0,3.197442310920451e-14,0.0,0.0,0
Robin_office_Addie,validation,2017-11-09,Weight_0.0,True,0,0,0,0,5.684341886080802e-14,0.0,0.0,0
Robin_office_Addie,validation,2017-11-10,Weight_0.0,True,0,0,0,0,4.263256414560601e-14,0.0,0.0,0
Robin_office_Addie,validation,2017-11-11,Weight_0.0,True,0,0,0,0,9.947598300641403e-14,0.0,0.0,0
Robin_office_Addie,validation,2017-11-12,Weight_0.0,True,0,0,0,0,5.684341886080802e-14,0.0,0.0,0
Robin_office_Addie,validation,2017-11-13,Weight_0.0,True,0,0,0,0,4.263256414560601e-14,0.0,0.0,0
Robin_office_Addie,validation,2017-11-14,Weight_0.0,True,0,0,0,0,2.220446049250313e-14,0.0,0.0,0
Robin_office_Addie,validation,2017-11-15,Weight_0.0,True,0,0,0,0,3.552713678800501e-14,0.0,0.0,0
Robin_office_Addie,validation,2017-11-16,Weight_0.0,True,0,0,0,0,2.4868995751603507e-14,0.0,0.0,0
Robin_office_Addie,validation,2017-11-17,Weight_0.0,True,0,0,0,0,1.1368683772161603e-13,0.0,0.0,0
Robin_office_Addie,validation,2017-11-18,Weight_0.0,True,0,0,0,0,2.5579538487363607e-13,0.0,0.0,0
Robin_office_Addie,validation,2017-11-19,Weight_0.0,True,0,0,0,0,4.973799150320701e-14,0.0,0.0,0
Robin_office_Addie,validation,2017-11-20,Weight_0.0,True,0,0,0,0,1.3500311979441904e-13,0.0,0.0,0
Robin_office_Addie,validation,2017-11-21,Weight_0.0,True,0,0,0,0,5.062616992290714e-14,0.0,0.0,0
Robin_office_Addie,validation,2017-11-22,Weight_0.0,True,0,0,0,0,4.085620730620576e-14,0.0,0.0,0
Robin_office_Addie,validation,2017-11-23,Weight_0.0,True,0,0,0,0,7.283063041541027e-14,0.0,0.0,0
Robin_office_Addie,validation,2017-11-24,Weight_0.0,True,0,0,0,0,6.039613253960852e-14,0.0,0.0,0
Robin_office_Addie,validation,2017-11-25,Weight_0.0,True,0,0,0,0,8.171241461241152e-14,0.0,0.0,0
Robin_office_Addie,validation,2017-11-26,Weight_0.0,True,0,0,0,0,4.263256414560601e-14,0.0,0.0,0
Robin_office_Addie,validation,2017-11-27,Weight_0.0,True,0,0,0,0,2.1316282072803006e-14,0.0,0.0,0
Robin_office_Addie,validation,2017-11-28,Weight_0.0,True,0,0,0,0,2.4868995751603507e-14,0.0,0.0,0
Robin_office_Addie,validation,2017-11-29,Weight_0.0,True,0,0,0,0,2.842170943040401e-14,0.0,0.0,0
Robin_office_Addie,validation,2017-11-30,Weight_0.0,True,0,0,0,0,1.3500311979441904e-13,0.0,0.0,0
Robin_office_Addie,validation,2017-11-02,Weight_0.1,True,0,0,0,0,2.842170943040401e-14,0.0,0.0,0
Robin_office_Addie,validation,2017-11-03,Weight_0.1,True,0,0,0,0,4.973799150320701e-14,0.0,0.0,0
Robin_office_Addie,validation,2017-11-04,Weight_0.1,True,0,0,0,0,3.197442310920451e-14,0.0,0.0,0
Robin_office_Addie,validation,2017-11-05,Weight_0.1,True,0,0,0,0,9.237055564881302e-14,0.0,0.0,0
Robin_office_Addie,validation,2017-11-06,Weight_0.1,True,0,0,0,0,4.973799150320701e-14,0.0,0.0,0
Robin_office_Addie,validation,2017-11-07,Weight_0.1,True,0,0,0,0,1.5987211554602254e-14,0.0,0.0,0
Robin_office_Addie,validation,2017-11-08,Weight_0.1,True,0,0,0,0,3.552713678800501e-14,0.0,0.0,0
Robin_office_Addie,validation,2017-11-09,Weight_0.1,True,0,0,0,0,2.1316282072803006e-14,0.0,0.0,0
Robin_office_Addie,validation,2017-11-10,Weight_0.1,True,0,0,0,0,3.197442310920451e-14,0.0,0.0,0
Robin_office_Addie,validation,2017-11-11,Weight_0.1,True,0,0,0,0,7.105427357601002e-14,0.0,0.0,0
Robin_office_Addie,validation,2017-11-12,Weight_0.1,True,0,0,0,0,1.4210854715202004e-14,0.0,0.0,0
Robin_office_Addie,validation,2017-11-13,Weight_0.1,True,0,0,0,0,3.552713678800501e-14,0.0,0.0,0
Robin_office_Addie,validation,2017-11-14,Weight_0.1,True,0,0,0,0,3.552713678800501e-14,0.0,0.0,0
Robin_office_Addie,validation,2017-11-15,Weight_0.1,True,0,0,0,0,3.552713678800501e-14,0.0,0.0,0
Robin_office_Addie,validation,2017-11-16,Weight_0.1,True,0,0,0,0,4.263256414560601e-14,0.0,0.0,0
Robin_office_Addie,validation,2017-11-17,Weight_0.1,True,0,0,0,0,6.750155989720952e-14,0.0,0.0,0
Robin_office_Addie,validation,2017-11-18,Weight_0.1,True,0,0,0,0,8.881784197001252e-14,0.0,0.0,0
Robin_office_Addie,validation,2017-11-19,Weight_0.1,True,0,0,0,0,5.684341886080802e-14,0.0,0.0,0
Robin_office_Addie,validation,2017-11-20,Weight_0.1,True,0,0,0,0,8.526512829121202e-14,0.0,0.0,0
Robin_office_Addie,validation,2017-11-21,Weight_0.1,True,0,0,0,0,1.9539925233402755e-14,0.0,0.0,0
Robin_office_Addie,validation,2017-11-22,Weight_0.1,True,0,0,0,0,1.1368683772161603e-13,0.0,0.0,0
Robin_office_Addie,validation,2017-11-23,Weight_0.1,True,0,0,0,0,8.704148513061227e-14,0.0,0.0,0
Robin_office_Addie,validation,2017-11-24,Weight_0.1,True,0,0,0,0,5.684341886080802e-14,0.0,0.0,0
Robin_office_Addie,validation,2017-11-25,Weight_0.1,True,0,0,0,0,6.039613253960852e-14,0.0,0.0,0
Robin_office_Addie,validation,2017-11-26,Weight_0.1,True,0,0,0,0,4.973799150320701e-14,0.0,0.0,0
Robin_office_Addie,validation,2017-11-27,Weight_0.1,True,0,0,0,0,1.7763568394002505e-14,0.0,0.0,0
Robin_office_Addie,validation,2017-11-28,Weight_0.1,True,0,0,0,0,8.171241461241152e-14,0.0,0.0,0
Robin_office_Addie,validation,2017-11-29,Weight_0.1,True,0,0,0,0,1.1368683772161603e-13,0.0,0.0,0
Robin_office_Addie,validation,2017-11-30,Weight_0.1,True,0,0,0,0,4.263256414560601e-14,0.0,0.0,0
Robin_office_Addie,validation,2017-11-02,Weight_0.2,True,0,0,0,0,4.263256414560601e-14,0.0,0.0,0
Robin_office_Addie,validation,2017-11-03,Weight_0.2,True,0,0,0,0,3.197442310920451e-14,0.0,0.0,0
Robin_office_Addie,validation,2017-11-04,Weight_0.2,True,0,0,0,0,2.842170943040401e-14,0.0,0.0,0
Robin_office_Addie,validation,2017-11-05,Weight_0.2,True,0,0,0,0,8.171241461241152e-14,0.0,0.0,0
Robin_office_Addie,validation,2017-11-06,Weight_0.2,True,0,0,0,0,2.4868995751603507e-14,0.0,0.0,0
Robin_office_Addie,validation,2017-11-07,Weight_0.2,True,0,0,0,0,4.263256414560601e-14,0.0,0.0,0
Robin_office_Addie,validation,2017-11-08,Weight_0.2,True,0,0,0,0,3.197442310920451e-14,0.0,0.0,0
Robin_office_Addie,validation,2017-11-09,Weight_0.2,True,0,0,0,0,3.552713678800501e-14,0.0,0.0,0
Robin_office_Addie,validation,2017-11-10,Weight_0.2,True,0,0,0,0,3.019806626980426e-14,0.0,0.0,0
Robin_office_Addie,validation,2017-11-11,Weight_0.2,True,0,0,0,0,1.2079226507921703e-13,0.0,0.0,0
Robin_office_Addie,validation,2017-11-12,Weight_0.2,True,0,0,0,0,3.552713678800501e-14,0.0,0.0,0
Robin_office_Addie,validation,2017-11-13,Weight_0.2,True,0,0,0,0,3.907985046680551e-14,0.0,0.0,0
Robin_office_Addie,validation,2017-11-14,Weight_0.2,True,0,0,0,0,4.618527782440651e-14,0.0,0.0,0
Robin_office_Addie,validation,2017-11-15,Weight_0.2,True,0,0,0,0,3.197442310920451e-14,0.0,0.0,0
Robin_office_Addie,validation,2017-11-16,Weight_0.2,True,0,0,0,0,3.552713678800501e-14,0.0,0.0,0
Robin_office_Addie,validation,2017-11-17,Weight_0.2,True,0,0,0,0,7.105427357601002e-14,0.0,0.0,0
Robin_office_Addie,validation,2017-11-18,Weight_0.2,True,0,0,0,0,7.105427357601002e-14,0.0,0.0,0
Robin_office_Addie,validation,2017-11-19,Weight_0.2,True,0,0,0,0,7.460698725481052e-14,0.0,0.0,0
Robin_office_Addie,validation,2017-11-20,Weight_0.2,True,0,0,0,0,3.197442310920451e-14,0.0,0.0,0
Robin_office_Addie,validation,2017-11-21,Weight_0.2,True,0,0,0,0,3.2862601528904634e-14,0.0,0.0,0
Robin_office_Addie,validation,2017-11-22,Weight_0.2,True,0,0,0,0,4.263256414560601e-14,0.0,0.0,0
Robin_office_Addie,validation,2017-11-23,Weight_0.2,True,0,0,0,0,5.062616992290714e-14,0.0,0.0,0
Robin_office_Addie,validation,2017-11-24,Weight_0.2,True,0,0,0,0,4.263256414560601e-14,0.0,0.0,0
Robin_office_Addie,validation,2017-11-25,Weight_0.2,True,0,0,0,0,7.460698725481052e-14,0.0,0.0,0
Robin_office_Addie,validation,2017-11-26,Weight_0.2,True,0,0,0,0,3.552713678800501e-14,0.0,0.0,0
Robin_office_Addie,validation,2017-11-27,Weight_0.2,True,0,0,0,0,1.1901590823981678e-12,0.0,0.0,0
Robin_office_Addie,validation,2017-11-28,Weight_0.2,True,0,0,0,0,3.552713678800501e-14,0.0,0.0,0
Robin_office_Addie,validation,2017-11-29,Weight_0.2,True,0,0,0,0,1.3500311979441904e-13,0.0,0.0,0
Robin_office_Addie,validation,2017-11-30,Weight_0.2,True,0,0,0,0,1.3500311979441904e-13,0.0,0.0,0
Robin_office_Addie,validation,2017-11-02,Weight_0.3,True,0,0,0,0,2.1316282072803006e-14,0.0,0.0,0
Robin_office_Addie,validation,2017-11-03,Weight_0.3,True,0,0,0,0,5.062616992290714e-14,0.0,0.0,0
Robin_office_Addie,validation,2017-11-04,Weight_0.3,True,0,0,0,0,8.881784197001252e-14,0.0,0.0,0
Robin_office_Addie,validation,2017-11-05,Weight_0.3,True,0,0,0,0,8.526512829121202e-14,0.0,0.0,0
Robin_office_Addie,validation,2017-11-06,Weight_0.3,True,0,0,0,0,4.973799150320701e-14,0.0,0.0,0
Robin_office_Addie,validation,2017-11-07,Weight_0.3,True,0,0,0,0,3.552713678800501e-14,0.0,0.0,0
Robin_office_Addie,validation,2017-11-08,Weight_0.3,True,0,0,0,0,4.263256414560601e-14,0.0,0.0,0
Robin_office_Addie,validation,2017-11-09,Weight_0.3,True,0,0,0,0,3.552713678800501e-14,0.0,0.0,0
Robin_office_Addie,validation,2017-11-10,Weight_0.3,True,0,0,0,0,2.4868995751603507e-14,0.0,0.0,0
Robin_office_Addie,validation,2017-11-11,Weight_0.3,True,0,0,0,0,6.394884621840902e-14,0.0,0.0,0
Robin_office_Addie,validation,2017-11-12,Weight_0.3,True,0,0,0,0,2.1316282072803006e-14,0.0,0.0,0
Robin_office_Addie,validation,2017-11-13,Weight_0.3,True,0,0,0,0,4.263256414560601e-14,0.0,0.0,0
Robin_office_Addie,validation,2017-11-14,Weight_0.3,True,0,0,0,0,1.7763568394002505e-14,0.0,0.0,0
Robin_office_Addie,validation,2017-11-15,Weight_0.3,True,0,0,0,0,2.1316282072803006e-14,0.0,0.0,0
Robin_office_Addie,validation,2017-11-16,Weight_0.3,True,0,0,0,0,5.684341886080802e-14,0.0,0.0,0
Robin_office_Addie,validation,2017-11-17,Weight_0.3,True,0,0,0,0,2.6645352591003757e-14,0.0,0.0,0
Robin_office_Addie,validation,2017-11-18,Weight_0.3,True,0,0,0,0,6.750155989720952e-14,0.0,0.0,0
Robin_office_Addie,validation,2017-11-19,Weight_0.3,True,0,0,0,0,6.039613253960852e-14,0.0,0.0,0
Robin_office_Addie,validation,2017-11-20,Weight_0.3,True,0,0,0,0,3.552713678800501e-14,0.0,0.0,0
Robin_office_Addie,validation,2017-11-21,Weight_0.3,True,0,0,0,0,2.4868995751603507e-14,0.0,0.0,0
Robin_office_Addie,validation,2017-11-22,Weight_0.3,True,0,0,0,0,4.440892098500626e-14,0.0,0.0,0
Robin_office_Addie,validation,2017-11-23,Weight_0.3,True,0,0,0,0,3.6415315207705135e-14,0.0,0.0,0
Robin_office_Addie,validation,2017-11-24,Weight_0.3,True,0,0,0,0,3.552713678800501e-14,0.0,0.0,0
Robin_office_Addie,validation,2017-11-25,Weight_0.3,True,0,0,0,0,8.526512829121202e-14,0.0,0.0,0
Robin_office_Addie,validation,2017-11-26,Weight_0.3,True,0,0,0,0,4.973799150320701e-14,0.0,0.0,0
Robin_office_Addie,validation,2017-11-27,Weight_0.3,True,0,0,0,0,2.1316282072803006e-14,0.0,0.0,0
Robin_office_Addie,validation,2017-11-28,Weight_0.3,True,0,0,0,0,2.4868995751603507e-14,0.0,0.0,0
Robin_office_Addie,validation,2017-11-29,Weight_0.3,True,0,0,0,0,9.947598300641403e-14,0.0,0.0,0
Robin_office_Addie,validation,2017-11-30,Weight_0.3,True,0,0,0,0,9.237055564881302e-14,0.0,0.0,0
Robin_office_Addie,validation,2017-11-02,Weight_0.4,True,0,0,0,0,3.197442310920451e-14,0.0,0.0,0
Robin_office_Addie,validation,2017-11-03,Weight_0.4,True,0,0,0,0,3.552713678800501e-14,0.0,0.0,0
Robin_office_Addie,validation,2017-11-04,Weight_0.4,True,0,0,0,0,7.105427357601002e-15,0.0,0.0,0
Robin_office_Addie,validation,2017-11-05,Weight_0.4,True,0,0,0,0,9.592326932761353e-14,0.0,0.0,0
Robin_office_Addie,validation,2017-11-06,Weight_0.4,True,0,0,0,0,6.394884621840902e-14,0.0,0.0,0
Robin_office_Addie,validation,2017-11-07,Weight_0.4,True,0,0,0,0,2.1316282072803006e-14,0.0,0.0,0
Robin_office_Addie,validation,2017-11-08,Weight_0.4,True,0,0,0,0,3.552713678800501e-14,0.0,0.0,0
Robin_office_Addie,validation,2017-11-09,Weight_0.4,True,0,0,0,0,2.842170943040401e-14,0.0,0.0,0
Robin_office_Addie,validation,2017-11-10,Weight_0.4,True,0,0,0,0,3.907985046680551e-14,0.0,0.0,0
Robin_office_Addie,validation,2017-11-11,Weight_0.4,True,0,0,0,0,1.0302869668521453e-13,0.0,0.0,0
Robin_office_Addie,validation,2017-11-12,Weight_0.4,True,0,0,0,0,3.552713678800501e-14,0.0,0.0,0
Robin_office_Addie,validation,2017-11-13,Weight_0.4,True,0,0,0,0,2.4868995751603507e-14,0.0,0.0,0
Robin_office_Addie,validation,2017-11-14,Weight_0.4,True,0,0,0,0,5.3290705182007514e-14,0.0,0.0,0
Robin_office_Addie,validation,2017-11-15,Weight_0.4,True,0,0,0,0,4.263256414560601e-14,0.0,0.0,0
Robin_office_Addie,validation,2017-11-16,Weight_0.4,True,0,0,0,0,4.263256414560601e-14,0.0,0.0,0
Robin_office_Addie,validation,2017-11-17,Weight_0.4,True,0,0,0,0,3.552713678800501e-14,0.0,0.0,0
Robin_office_Addie,validation,2017-11-18,Weight_0.4,True,0,0,0,0,1.0658141036401503e-13,0.0,0.0,0
Robin_office_Addie,validation,2017-11-19,Weight_0.4,True,0,0,0,0,3.907985046680551e-14,0.0,0.0,0
Robin_office_Addie,validation,2017-11-20,Weight_0.4,True,0,0,0,0,4.263256414560601e-14,0.0,0.0,0
Robin_office_Addie,validation,2017-11-21,Weight_0.4,True,0,0,0,0,2.1316282072803006e-14,0.0,0.0,0
Robin_office_Addie,validation,2017-11-22,Weight_0.4,True,0,0,0,0,4.973799150320701e-14,0.0,0.0,0
Robin_office_Addie,validation,2017-11-23,Weight_0.4,True,0,0,0,0,9.592326932761353e-14,0.0,0.0,0
Robin_office_Addie,validation,2017-11-24,Weight_0.4,True,0,0,0,0,9.592326932761353e-14,0.0,0.0,0
Robin_office_Addie,validation,2017-11-25,Weight_0.4,True,0,0,0,0,3.552713678800501e-14,0.0,0.0,0
Robin_office_Addie,validation,2017-11-26,Weight_0.4,True,0,0,0,0,5.684341886080802e-14,0.0,0.0,0
Robin_office_Addie,validation,2017-11-27,Weight_0.4,True,0,0,0,0,1.7763568394002505e-14,0.0,0.0,0
Robin_office_Addie,validation,2017-11-28,Weight_0.4,True,0,0,0,0,3.019806626980426e-14,0.0,0.0,0
Robin_office_Addie,validation,2017-11-29,Weight_0.4,True,0,0,0,0,5.684341886080802e-14,0.0,0.0,0
Robin_office_Addie,validation,2017-11-30,Weight_0.4,True,0,0,0,0,7.105427357601002e-14,0.0,0.0,0
Robin_office_Addie,validation,2017-11-02,Weight_0.5,True,0,0,0,0,2.842170943040401e-14,0.0,0.0,0
Robin_office_Addie,validation,2017-11-03,Weight_0.5,True,0,0,0,0,2.842170943040401e-14,0.0,0.0,0
Robin_office_Addie,validation,2017-11-04,Weight_0.5,True,0,0,0,0,4.973799150320701e-14,0.0,0.0,0
Robin_office_Addie,validation,2017-11-05,Weight_0.5,True,0,0,0,0,8.171241461241152e-14,0.0,0.0,0
Robin_office_Addie,validation,2017-11-06,Weight_0.5,True,0,0,0,0,4.263256414560601e-14,0.0,0.0,0
Robin_office_Addie,validation,2017-11-07,Weight_0.5,True,0,0,0,0,3.552713678800501e-14,0.0,0.0,0
Robin_office_Addie,validation,2017-11-08,Weight_0.5,True,0,0,0,0,3.197442310920451e-14,0.0,0.0,0
Robin_office_Addie,validation,2017-11-09,Weight_0.5,True,0,0,0,0,4.263256414560601e-14,0.0,0.0,0
Robin_office_Addie,validation,2017-11-10,Weight_0.5,True,0,0,0,0,2.842170943040401e-14,0.0,0.0,0
Robin_office_Addie,validation,2017-11-11,Weight_0.5,True,0,0,0,0,6.394884621840902e-14,0.0,0.0,0
Robin_office_Addie,validation,2017-11-12,Weight_0.5,True,0,0,0,0,3.197442310920451e-14,0.0,0.0,0
Robin_office_Addie,validation,2017-11-13,Weight_0.5,True,0,0,0,0,4.973799150320701e-14,0.0,0.0,0
Robin_office_Addie,validation,2017-11-14,Weight_0.5,True,0,0,0,0,3.552713678800501e-14,0.0,0.0,0
Robin_office_Addie,validation,2017-11-15,Weight_0.5,True,0,0,0,0,3.197442310920451e-14,0.0,0.0,0
Robin_office_Addie,validation,2017-11-16,Weight_0.5,True,0,0,0,0,3.552713678800501e-14,0.0,0.0,0
Robin_office_Addie,validation,2017-11-17,Weight_0.5,True,0,0,0,0,5.684341886080802e-14,0.0,0.0,0
Robin_office_Addie,validation,2017-11-18,Weight_0.5,True,0,0,0,0,1.1723955140041653e-13,0.0,0.0,0
Robin_office_Addie,validation,2017-11-19,Weight_0.5,True,0,0,0,0,8.171241461241152e-14,0.0,0.0,0
Robin_office_Addie,validation,2017-11-20,Weight_0.5,True,0,0,0,0,4.796163466380676e-14,0.0,0.0,0
Robin_office_Addie,validation,2017-11-21,Weight_0.5,True,0,0,0,0,5.3290705182007514e-14,0.0,0.0,0
Robin_office_Addie,validation,2017-11-22,Weight_0.5,True,0,0,0,0,7.105427357601002e-14,0.0,0.0,0
Robin_office_Addie,validation,2017-11-23,Weight_0.5,True,0,0,0,0,2.4868995751603507e-14,0.0,0.0,0
Robin_office_Addie,validation,2017-11-24,Weight_0.5,True,0,0,0,0,4.973799150320701e-14,0.0,0.0,0
Robin_office_Addie,validation,2017-11-25,Weight_0.5,True,0,0,0,0,5.684341886080802e-14,0.0,0.0,0
Robin_office_Addie,validation,2017-11-26,Weight_0.5,True,0,0,0,0,4.263256414560601e-14,0.0,0.0,0
Robin_office_Addie,validation,2017-11-27,Weight_0.5,True,0,0,0,0,2.4868995751603507e-14,0.0,0.0,0
Robin_office_Addie,validation,2017-11-28,Weight_0.5,True,0,0,0,0,2.1316282072803006e-14,0.0,0.0,0
Robin_office_Addie,validation,2017-11-29,Weight_0.5,True,0,0,0,0,7.815970093361102e-14,0.0,0.0,0
Robin_office_Addie,validation,2017-11-30,Weight_0.5,True,0,0,0,0,1.1368683772161603e-13,0.0,0.0,0
Robin_office_Addie,validation,2017-11-02,Weight_0.6,True,0,0,0,0,1.4210854715202004e-14,0.0,0.0,0
Robin_office_Addie,validation,2017-11-03,Weight_0.6,True,0,0,0,0,4.263256414560601e-14,0.0,0.0,0
Robin_office_Addie,validation,2017-11-04,Weight_0.6,True,0,0,0,0,6.394884621840902e-14,0.0,0.0,0
Robin_office_Addie,validation,2017-11-05,Weight_0.6,True,0,0,0,0,9.947598300641403e-14,0.0,0.0,0
Robin_office_Addie,validation,2017-11-06,Weight_0.6,True,0,0,0,0,5.684341886080802e-14,0.0,0.0,0
Robin_office_Addie,validation,2017-11-07,Weight_0.6,True,0,0,0,0,3.907985046680551e-14,0.0,0.0,0
Robin_office_Addie,validation,2017-11-08,Weight_0.6,True,0,0,0,0,2.842170943040401e-14,0.0,0.0,0
Robin_office_Addie,validation,2017-11-09,Weight_0.6,True,0,0,0,0,2.842170943040401e-14,0.0,0.0,0
Robin_office_Addie,validation,2017-11-10,Weight_0.6,True,0,0,0,0,4.796163466380676e-14,0.0,0.0,0
Robin_office_Addie,validation,2017-11-11,Weight_0.6,True,0,0,0,0,2.842170943040401e-14,0.0,0.0,0
Robin_office_Addie,validation,2017-11-12,Weight_0.6,True,0,0,0,0,1.3500311979441904e-13,0.0,0.0,0
Robin_office_Addie,validation,2017-11-13,Weight_0.6,True,0,0,0,0,4.618527782440651e-14,0.0,0.0,0
Robin_office_Addie,validation,2017-11-14,Weight_0.6,True,0,0,0,0,1.7763568394002505e-14,0.0,0.0,0
Robin_office_Addie,validation,2017-11-15,Weight_0.6,True,0,0,0,0,3.552713678800501e-14,0.0,0.0,0
Robin_office_Addie,validation,2017-11-16,Weight_0.6,True,0,0,0,0,6.394884621840902e-14,0.0,0.0,0
Robin_office_Addie,validation,2017-11-17,Weight_0.6,True,0,0,0,0,3.375077994860476e-14,0.0,0.0,0
Robin_office_Addie,validation,2017-11-18,Weight_0.6,True,0,0,0,0,6.394884621840902e-14,0.0,0.0,0
Robin_office_Addie,validation,2017-11-19,Weight_0.6,True,0,0,0,0,1.0658141036401503e-13,0.0,0.0,0
Robin_office_Addie,validation,2017-11-20,Weight_0.6,True,0,0,0,0,3.552713678800501e-14,0.0,0.0,0
Robin_office_Addie,validation,2017-11-21,Weight_0.6,True,0,0,0,0,2.4868995751603507e-14,0.0,0.0,0
Robin_office_Addie,validation,2017-11-22,Weight_0.6,True,0,0,0,0,3.552713678800501e-14,0.0,0.0,0
Robin_office_Addie,validation,2017-11-23,Weight_0.6,True,0,0,0,0,3.2862601528904634e-14,0.0,0.0,0
Robin_office_Addie,validation,2017-11-24,Weight_0.6,True,0,0,0,0,2.4868995751603507e-14,0.0,0.0,0
Robin_office_Addie,validation,2017-11-25,Weight_0.6,True,0,0,0,0,2.0961010704922955e-13,0.0,0.0,0
Robin_office_Addie,validation,2017-11-26,Weight_0.6,True,0,0,0,0,5.3290705182007514e-14,0.0,0.0,0
Robin_office_Addie,validation,2017-11-27,Weight_0.6,True,0,0,0,0,2.4868995751603507e-14,0.0,0.0,0
Robin_office_Addie,validation,2017-11-28,Weight_0.6,True,0,0,0,0,3.197442310920451e-14,0.0,0.0,0
Robin_office_Addie,validation,2017-11-29,Weight_0.6,True,0,0,0,0,7.815970093361102e-14,0.0,0.0,0
Robin_office_Addie,validation,2017-11-30,Weight_0.6,True,0,0,0,0,4.263256414560601e-14,0.0,0.0,0
Robin_office_Addie,validation,2017-11-02,Weight_0.7,True,0,0,0,0,3.552713678800501e-14,0.0,0.0,0
Robin_office_Addie,validation,2017-11-03,Weight_0.7,True,0,0,0,0,4.263256414560601e-14,0.0,0.0,0
Robin_office_Addie,validation,2017-11-04,Weight_0.7,True,0,0,0,0,9.237055564881302e-14,0.0,0.0,0
Robin_office_Addie,validation,2017-11-05,Weight_0.7,True,0,0,0,0,1.2434497875801753e-13,0.0,0.0,0
Robin_office_Addie,validation,2017-11-06,Weight_0.7,True,0,0,0,0,7.105427357601002e-14,0.0,0.0,0
Robin_office_Addie,validation,2017-11-07,Weight_0.7,True,0,0,0,0,4.263256414560601e-14,0.0,0.0,0
Robin_office_Addie,validation,2017-11-08,Weight_0.7,True,0,0,0,0,2.1316282072803006e-14,0.0,0.0,0
Robin_office_Addie,validation,2017-11-09,Weight_0.7,True,0,0,0,0,3.552713678800501e-14,0.0,0.0,0
Robin_office_Addie,validation,2017-11-10,Weight_0.7,True,0,0,0,0,1.7763568394002505e-15,0.0,0.0,0
Robin_office_Addie,validation,2017-11-11,Weight_0.7,True,0,0,0,0,1.2789769243681803e-13,0.0,0.0,0
Robin_office_Addie,validation,2017-11-12,Weight_0.7,True,0,0,0,0,3.552713678800501e-14,0.0,0.0,0
Robin_office_Addie,validation,2017-11-13,Weight_0.7,True,0,0,0,0,2.842170943040401e-14,0.0,0.0,0
Robin_office_Addie,validation,2017-11-14,Weight_0.7,True,0,0,0,0,3.907985046680551e-14,0.0,0.0,0
Robin_office_Addie,validation,2017-11-15,Weight_0.7,True,0,0,0,0,2.842170943040401e-14,0.0,0.0,0
Robin_office_Addie,validation,2017-11-16,Weight_0.7,True,0,0,0,0,3.552713678800501e-14,0.0,0.0,0
Robin_office_Addie,validation,2017-11-17,Weight_0.7,True,0,0,0,0,2.842170943040401e-14,0.0,0.0,0
Robin_office_Addie,validation,2017-11-18,Weight_0.7,True,0,0,0,0,5.684341886080802e-14,0.0,0.0,0
Robin_office_Addie,validation,2017-11-19,Weight_0.7,True,0,0,0,0,1.4210854715202004e-13,0.0,0.0,0
Robin_office_Addie,validation,2017-11-20,Weight_0.7,True,0,0,0,0,2.842170943040401e-14,0.0,0.0,0
Robin_office_Addie,validation,2017-11-21,Weight_0.7,True,0,0,0,0,2.842170943040401e-14,0.0,0.0,0
Robin_office_Addie,validation,2017-11-22,Weight_0.7,True,0,0,0,0,3.907985046680551e-14,0.0,0.0,0
Robin_office_Addie,validation,2017-11-23,Weight_0.7,True,0,0,0,0,4.973799150320701e-14,0.0,0.0,0
Robin_office_Addie,validation,2017-11-24,Weight_0.7,True,0,0,0,0,6.394884621840902e-14,0.0,0.0,0
Robin_office_Addie,validation,2017-11-25,Weight_0.7,True,0,0,0,0,6.394884621840902e-14,0.0,0.0,0
Robin_office_Addie,validation,2017-11-26,Weight_0.7,True,0,0,0,0,3.197442310920451e-14,0.0,0.0,0
Robin_office_Addie,validation,2017-11-27,Weight_0.7,True,0,0,0,0,2.842170943040401e-14,0.0,0.0,0
Robin_office_Addie,validation,2017-11-28,Weight_0.7,True,0,0,0,0,1.5987211554602254e-14,0.0,0.0,0
Robin_office_Addie,validation,2017-11-29,Weight_0.7,True,0,0,0,0,1.9895196601282805e-13,0.0,0.0,0
Robin_office_Addie,validation,2017-11-30,Weight_0.7,True,0,0,0,0,3.552713678800501e-14,0.0,0.0,0
Robin_office_Addie,validation,2017-11-02,Weight_0.8,True,0,0,0,0,4.263256414560601e-14,0.0,0.0,0
Robin_office_Addie,validation,2017-11-03,Weight_0.8,True,0,0,0,0,1.7763568394002505e-14,0.0,0.0,0
Robin_office_Addie,validation,2017-11-04,Weight_0.8,True,0,0,0,0,2.984279490192421e-13,0.0,0.0,0
Robin_office_Addie,validation,2017-11-05,Weight_0.8,True,0,0,0,0,9.237055564881302e-14,0.0,0.0,0
Robin_office_Addie,validation,2017-11-06,Weight_0.8,True,0,0,0,0,4.263256414560601e-14,0.0,0.0,0
Robin_office_Addie,validation,2017-11-07,Weight_0.8,True,0,0,0,0,4.973799150320701e-14,0.0,0.0,0
Robin_office_Addie,validation,2017-11-08,Weight_0.8,True,0,0,0,0,3.552713678800501e-14,0.0,0.0,0
Robin_office_Addie,validation,2017-11-09,Weight_0.8,True,0,0,0,0,1.7763568394002505e-14,0.0,0.0,0
Robin_office_Addie,validation,2017-11-10,Weight_0.8,True,0,0,0,0,4.440892098500626e-14,0.0,0.0,0
Robin_office_Addie,validation,2017-11-11,Weight_0.8,True,0,0,0,0,6.394884621840902e-14,0.0,0.0,0
Robin_office_Addie,validation,2017-11-12,Weight_0.8,True,0,0,0,0,1.8474111129762605e-13,0.0,0.0,0
Robin_office_Addie,validation,2017-11-13,Weight_0.8,True,0,0,0,0,3.552713678800501e-14,0.0,0.0,0
Robin_office_Addie,validation,2017-11-14,Weight_0.8,True,0,0,0,0,3.730349362740526e-14,0.0,0.0,0
Robin_office_Addie,validation,2017-11-15,Weight_0.8,True,0,0,0,0,5.684341886080802e-14,0.0,0.0,0
Robin_office_Addie,validation,2017-11-16,Weight_0.8,True,0,0,0,0,4.973799150320701e-14,0.0,0.0,0
Robin_office_Addie,validation,2017-11-17,Weight_0.8,True,0,0,0,0,1.4210854715202004e-14,0.0,0.0,0
Robin_office_Addie,validation,2017-11-18,Weight_0.8,True,0,0,0,0,4.618527782440651e-14,0.0,0.0,0
Robin_office_Addie,validation,2017-11-19,Weight_0.8,True,0,0,0,0,9.237055564881302e-14,0.0,0.0,0
Robin_office_Addie,validation,2017-11-20,Weight_0.8,True,0,0,0,0,3.197442310920451e-14,0.0,0.0,0
Robin_office_Addie,validation,2017-11-21,Weight_0.8,True,0,0,0,0,4.263256414560601e-14,0.0,0.0,0
Robin_office_Addie,validation,2017-11-22,Weight_0.8,True,0,0,0,0,4.263256414560601e-14,0.0,0.0,0
Robin_office_Addie,validation,2017-11-23,Weight_0.8,True,0,0,0,0,4.263256414560601e-14,0.0,0.0,0
Robin_office_Addie,validation,2017-11-24,Weight_0.8,True,0,0,0,0,1.9539925233402755e-14,0.0,0.0,0
Robin_office_Addie,validation,2017-11-25,Weight_0.8,True,0,0,0,0,8.881784197001252e-14,0.0,0.0,0
Robin_office_Addie,validation,2017-11-26,Weight_0.8,True,0,0,0,0,3.197442310920451e-14,0.0,0.0,0
Robin_office_Addie,validation,2017-11-27,Weight_0.8,True,0,0,0,0,2.4868995751603507e-14,0.0,0.0,0
Robin_office_Addie,validation,2017-11-28,Weight_0.8,True,0,0,0,0,2.6645352591003757e-14,0.0,0.0,0
Robin_office_Addie,validation,2017-11-29,Weight_0.8,True,0,0,0,0,8.526512829121202e-14,0.0,0.0,0
Robin_office_Addie,validation,2017-11-30,Weight_0.8,True,0,0,0,0,3.552713678800501e-14,0.0,0.0,0
Robin_office_Addie,validation,2017-11-02,Weight_0.9,True,0,0,0,0,3.552713678800501e-14,0.0,0.0,0
Robin_office_Addie,validation,2017-11-03,Weight_0.9,True,0,0,0,0,1.1368683772161603e-13,0.0,0.0,0
Robin_office_Addie,validation,2017-11-04,Weight_0.9,True,0,0,0,0,1.2789769243681803e-13,0.0,0.0,0
Robin_office_Addie,validation,2017-11-05,Weight_0.9,True,0,0,0,0,3.907985046680551e-14,0.0,0.0,0
Robin_office_Addie,validation,2017-11-06,Weight_0.9,True,0,0,0,0,5.684341886080802e-14,0.0,0.0,0
Robin_office_Addie,validation,2017-11-07,Weight_0.9,True,0,0,0,0,4.3520742565306136e-14,0.0,0.0,0
Robin_office_Addie,validation,2017-11-08,Weight_0.9,True,0,0,0,0,5.684341886080802e-14,0.0,0.0,0
Robin_office_Addie,validation,2017-11-09,Weight_0.9,True,0,0,0,0,2.4868995751603507e-14,0.0,0.0,0
Robin_office_Addie,validation,2017-11-10,Weight_0.9,True,0,0,0,0,1.7763568394002505e-14,0.0,0.0,0
Robin_office_Addie,validation,2017-11-11,Weight_0.9,True,0,0,0,0,4.618527782440651e-14,0.0,0.0,0
Robin_office_Addie,validation,2017-11-12,Weight_0.9,True,0,0,0,0,8.526512829121202e-14,0.0,0.0,0
Robin_office_Addie,validation,2017-11-13,Weight_0.9,True,0,0,0,0,2.842170943040401e-14,0.0,0.0,0
Robin_office_Addie,validation,2017-11-14,Weight_0.9,True,0,0,0,0,2.4868995751603507e-14,0.0,0.0,0
Robin_office_Addie,validation,2017-11-15,Weight_0.9,True,0,0,0,0,1.4210854715202004e-13,0.0,0.0,0
Robin_office_Addie,validation,2017-11-16,Weight_0.9,True,0,0,0,0,1.0658141036401503e-14,0.0,0.0,0
Robin_office_Addie,validation,2017-11-17,Weight_0.9,True,0,0,0,0,2.1316282072803006e-14,0.0,0.0,0
Robin_office_Addie,validation,2017-11-18,Weight_0.9,True,0,0,0,0,7.460698725481052e-14,0.0,0.0,0
Robin_office_Addie,validation,2017-11-19,Weight_0.9,True,0,0,0,0,1.0302869668521453e-13,0.0,0.0,0
Robin_office_Addie,validation,2017-11-20,Weight_0.9,True,0,0,0,0,3.197442310920451e-14,0.0,0.0,0
Robin_office_Addie,validation,2017-11-21,Weight_0.9,True,0,0,0,0,2.1316282072803006e-14,0.0,0.0,0
Robin_office_Addie,validation,2017-11-22,Weight_0.9,True,0,0,0,0,3.108624468950438e-14,0.0,0.0,0
Robin_office_Addie,validation,2017-11-23,Weight_0.9,True,0,0,0,0,4.263256414560601e-14,0.0,0.0,0
Robin_office_Addie,validation,2017-11-24,Weight_0.9,True,0,0,0,0,3.730349362740526e-14,0.0,0.0,0
Robin_office_Addie,validation,2017-11-25,Weight_0.9,True,0,0,0,0,8.881784197001252e-14,0.0,0.0,0
Robin_office_Addie,validation,2017-11-26,Weight_0.9,True,0,0,0,0,8.171241461241152e-14,0.0,0.0,0
Robin_office_Addie,validation,2017-11-27,Weight_0.9,True,0,0,0,0,4.973799150320701e-14,0.0,0.0,0
Robin_office_Addie,validation,2017-11-28,Weight_0.9,True,0,0,0,0,5.5067062021407764e-14,0.0,0.0,0
Robin_office_Addie,validation,2017-11-29,Weight_0.9,True,0,0,0,0,1.4921397450962104e-13,0.0,0.0,0
Robin_office_Addie,validation,2017-11-30,Weight_0.9,True,0,0,0,0,2.842170943040401e-14,0.0,0.0,0
Robin_office_Addie,validation,2017-11-02,Weight_1.0,True,0,0,0,0,2.842170943040401e-14,0.0,0.0,0
Robin_office_Addie,validation,2017-11-03,Weight_1.0,True,0,0,0,0,3.552713678800501e-14,0.0,0.0,0
Robin_office_Addie,validation,2017-11-04,Weight_1.0,True,0,0,0,0,7.815970093361102e-14,0.0,0.0,0
Robin_office_Addie,validation,2017-11-05,Weight_1.0,True,0,0,0,0,4.263256414560601e-14,0.0,0.0,0
Robin_office_Addie,validation,2017-11-06,Weight_1.0,True,0,0,0,0,4.973799150320701e-14,0.0,0.0,0
Robin_office_Addie,validation,2017-11-07,Weight_1.0,True,0,0,0,0,4.973799150320701e-14,0.0,0.0,0
Robin_office_Addie,validation,2017-11-08,Weight_1.0,True,0,0,0,0,2.1316282072803006e-14,0.0,0.0,0
Robin_office_Addie,validation,2017-11-09,Weight_1.0,True,0,0,0,0,1.4210854715202004e-14,0.0,0.0,0
Robin_office_Addie,validation,2017-11-10,Weight_1.0,True,0,0,0,0,3.197442310920451e-14,0.0,0.0,0
Robin_office_Addie,validation,2017-11-11,Weight_1.0,True,0,0,0,0,1.0302869668521453e-13,0.0,0.0,0
Robin_office_Addie,validation,2017-11-12,Weight_1.0,True,0,0,0,0,2.842170943040401e-14,0.0,0.0,0
Robin_office_Addie,validation,2017-11-13,Weight_1.0,True,0,0,0,0,3.552713678800501e-14,0.0,0.0,0
Robin_office_Addie,validation,2017-11-14,Weight_1.0,True,0,0,0,0,3.907985046680551e-14,0.0,0.0,0
Robin_office_Addie,validation,2017-11-15,Weight_1.0,True,0,0,0,0,2.1316282072803006e-14,0.0,0.0,0
Robin_office_Addie,validation,2017-11-16,Weight_1.0,True,0,0,0,0,4.263256414560601e-14,0.0,0.0,0
Robin_office_Addie,validation,2017-11-17,Weight_1.0,True,0,0,0,0,1.7763568394002505e-14,0.0,0.0,0
Robin_office_Addie,validation,2017-11-18,Weight_1.0,True,0,0,0,0,3.197442310920451e-14,0.0,0.0,0
Robin_office_Addie,validation,2017-11-19,Weight_1.0,True,0,0,0,0,3.197442310920451e-14,0.0,0.0,0
Robin_office_Addie,validation,2017-11-20,Weight_1.0,True,0,0,0,0,2.1316282072803006e-14,0.0,0.0,0
Robin_office_Addie,validation,2017-11-21,Weight_1.0,True,0,0,0,0,8.171241461241152e-14,0.0,0.0,0
Robin_office_Addie,validation,2017-11-22,Weight_1.0,True,0,0,0,0,1.9895196601282805e-13,0.0,0.0,0
Robin_office_Addie,validation,2017-11-23,Weight_1.0,True,0,0,0,0,4.973799150320701e-14,0.0,0.0,0
Robin_office_Addie,validation,2017-11-24,Weight_1.0,True,0,0,0,0,1.2434497875801753e-14,0.0,0.0,0
Robin_office_Addie,validation,2017-11-25,Weight_1.0,True,0,0,0,0,2.842170943040401e-14,0.0,0.0,0
Robin_office_Addie,validation,2017-11-26,Weight_1.0,True,0,0,0,0,1.9184653865522705e-13,0.0,0.0,0
Robin_office_Addie,validation,2017-11-27,Weight_1.0,True,0,0,0,0,2.1316282072803006e-14,0.0,0.0,0
Robin_office_Addie,validation,2017-11-28,Weight_1.0,True,0,0,0,0,3.552713678800501e-14,0.0,0.0,0
Robin_office_Addie,validation,2017-11-29,Weight_1.0,True,0,0,0,0,1.2079226507921703e-13,0.0,0.0,0
Robin_office_Addie,validation,2017-11-30,Weight_1.0,True,0,0,0,0,3.907985046680551e-14,0.0,0.0,0
Lamb_office_Gerardo,validation,2017-11-02,Oracle,True,0,0,0,0,1.7763568394002505e-15,0.0,0.0,0
Lamb_office_Gerardo,validation,2017-11-03,Oracle,True,0,0,0,0,1.7763568394002505e-15,0.0,0.0,0
Lamb_office_Gerardo,validation,2017-11-04,Oracle,True,0,0,0,0,1.7763568394002505e-15,0.0,0.0,0
Lamb_office_Gerardo,validation,2017-11-05,Oracle,True,0,0,0,0,1.7763568394002505e-15,0.0,0.0,0
Lamb_office_Gerardo,validation,2017-11-06,Oracle,True,0,0,0,0,1.7763568394002505e-15,0.0,0.0,0
Lamb_office_Gerardo,validation,2017-11-07,Oracle,True,0,0,0,0,1.7763568394002505e-15,0.0,0.0,0
Lamb_office_Gerardo,validation,2017-11-08,Oracle,True,0,0,0,0,1.7763568394002505e-15,0.0,0.0,0
Lamb_office_Gerardo,validation,2017-11-09,Oracle,True,0,0,0,0,1.7763568394002505e-15,0.0,0.0,0
Lamb_office_Gerardo,validation,2017-11-10,Oracle,True,0,0,0,0,1.7763568394002505e-15,0.0,0.0,0
Lamb_office_Gerardo,validation,2017-11-11,Oracle,True,0,0,0,0,1.7763568394002505e-15,0.0,0.0,0
Lamb_office_Gerardo,validation,2017-11-12,Oracle,True,0,0,0,0,1.7763568394002505e-15,0.0,0.0,0
Lamb_office_Gerardo,validation,2017-11-13,Oracle,True,0,0,0,0,1.7763568394002505e-15,0.0,0.0,0
Lamb_office_Gerardo,validation,2017-11-14,Oracle,True,0,0,0,0,1.7763568394002505e-15,0.0,0.0,0
Lamb_office_Gerardo,validation,2017-11-15,Oracle,True,0,0,0,0,1.7763568394002505e-15,0.0,0.0,0
Lamb_office_Gerardo,validation,2017-11-16,Oracle,True,0,0,0,0,1.7763568394002505e-15,0.0,0.0,0
Lamb_office_Gerardo,validation,2017-11-17,Oracle,True,0,0,0,0,1.7763568394002505e-15,0.0,0.0,0
Lamb_office_Gerardo,validation,2017-11-18,Oracle,True,0,0,0,0,1.7763568394002505e-15,0.0,0.0,0
Lamb_office_Gerardo,validation,2017-11-19,Oracle,True,0,0,0,0,1.7763568394002505e-15,0.0,0.0,0
Lamb_office_Gerardo,validation,2017-11-20,Oracle,True,0,0,0,0,1.7763568394002505e-15,0.0,0.0,0
Lamb_office_Gerardo,validation,2017-11-21,Oracle,True,0,0,0,0,1.7763568394002505e-15,0.0,0.0,0
Lamb_office_Gerardo,validation,2017-11-22,Oracle,True,0,0,0,0,1.7763568394002505e-15,0.0,0.0,0
Lamb_office_Gerardo,validation,2017-11-23,Oracle,True,0,0,0,0,1.7763568394002505e-15,0.0,0.0,0
Lamb_office_Gerardo,validation,2017-11-24,Oracle,True,0,0,0,0,1.7763568394002505e-15,0.0,0.0,0
Lamb_office_Gerardo,validation,2017-11-25,Oracle,True,0,0,0,0,1.7763568394002505e-15,0.0,0.0,0
Lamb_office_Gerardo,validation,2017-11-26,Oracle,True,0,0,0,0,1.7763568394002505e-15,0.0,0.0,0
Lamb_office_Gerardo,validation,2017-11-27,Oracle,True,0,0,0,0,1.7763568394002505e-15,0.0,0.0,0
Lamb_office_Gerardo,validation,2017-11-28,Oracle,True,0,0,0,0,0.0,0.0,0.0,0
Lamb_office_Gerardo,validation,2017-11-29,Oracle,True,0,0,0,0,0.0,0.0,0.0,0
Lamb_office_Gerardo,validation,2017-11-30,Oracle,True,0,0,0,0,1.7763568394002505e-15,0.0,0.0,0
Lamb_office_Gerardo,validation,2017-11-02,Weight_0.0,True,0,0,0,0,1.7763568394002505e-15,0.0,0.0,0
Lamb_office_Gerardo,validation,2017-11-03,Weight_0.0,True,0,0,0,0,1.7763568394002505e-15,0.0,0.0,0
Lamb_office_Gerardo,validation,2017-11-04,Weight_0.0,True,0,0,0,0,1.7763568394002505e-15,0.0,0.0,0
Lamb_office_Gerardo,validation,2017-11-05,Weight_0.0,True,0,0,0,0,1.7763568394002505e-15,0.0,0.0,0
Lamb_office_Gerardo,validation,2017-11-06,Weight_0.0,True,0,0,0,0,1.7763568394002505e-15,0.0,0.0,0
Lamb_office_Gerardo,validation,2017-11-07,Weight_0.0,True,0,0,0,0,1.7763568394002505e-15,0.0,0.0,0
Lamb_office_Gerardo,validation,2017-11-08,Weight_0.0,True,0,0,0,0,1.7763568394002505e-15,0.0,0.0,0
Lamb_office_Gerardo,validation,2017-11-09,Weight_0.0,True,0,0,0,0,1.7763568394002505e-15,0.0,0.0,0
Lamb_office_Gerardo,validation,2017-11-10,Weight_0.0,True,0,0,0,0,1.7763568394002505e-15,0.0,0.0,0
Lamb_office_Gerardo,validation,2017-11-11,Weight_0.0,True,0,0,0,0,1.7763568394002505e-15,0.0,0.0,0
Lamb_office_Gerardo,validation,2017-11-12,Weight_0.0,True,0,0,0,0,1.7763568394002505e-15,0.0,0.0,0
Lamb_office_Gerardo,validation,2017-11-13,Weight_0.0,True,0,0,0,0,1.7763568394002505e-15,0.0,0.0,0
Lamb_office_Gerardo,validation,2017-11-14,Weight_0.0,True,0,0,0,0,1.7763568394002505e-15,0.0,0.0,0
Lamb_office_Gerardo,validation,2017-11-15,Weight_0.0,True,0,0,0,0,1.7763568394002505e-15,0.0,0.0,0
Lamb_office_Gerardo,validation,2017-11-16,Weight_0.0,True,0,0,0,0,1.7763568394002505e-15,0.0,0.0,0
Lamb_office_Gerardo,validation,2017-11-17,Weight_0.0,True,0,0,0,0,1.7763568394002505e-15,0.0,0.0,0
Lamb_office_Gerardo,validation,2017-11-18,Weight_0.0,True,0,0,0,0,1.7763568394002505e-15,0.0,0.0,0
Lamb_office_Gerardo,validation,2017-11-19,Weight_0.0,True,0,0,0,0,1.7763568394002505e-15,0.0,0.0,0
Lamb_office_Gerardo,validation,2017-11-20,Weight_0.0,True,0,0,0,0,1.7763568394002505e-15,0.0,0.0,0
Lamb_office_Gerardo,validation,2017-11-21,Weight_0.0,True,0,0,0,0,1.7763568394002505e-15,0.0,0.0,0
Lamb_office_Gerardo,validation,2017-11-22,Weight_0.0,True,0,0,0,0,1.7763568394002505e-15,0.0,0.0,0
Lamb_office_Gerardo,validation,2017-11-23,Weight_0.0,True,0,0,0,0,1.7763568394002505e-15,0.0,0.0,0
Lamb_office_Gerardo,validation,2017-11-24,Weight_0.0,True,0,0,0,0,1.7763568394002505e-15,0.0,0.0,0
Lamb_office_Gerardo,validation,2017-11-25,Weight_0.0,True,0,0,0,0,1.7763568394002505e-15,0.0,0.0,0
Lamb_office_Gerardo,validation,2017-11-26,Weight_0.0,True,0,0,0,0,1.7763568394002505e-15,0.0,0.0,0
Lamb_office_Gerardo,validation,2017-11-27,Weight_0.0,True,0,0,0,0,1.7763568394002505e-15,0.0,0.0,0
Lamb_office_Gerardo,validation,2017-11-28,Weight_0.0,True,0,0,0,0,1.7763568394002505e-15,0.0,0.0,0
Lamb_office_Gerardo,validation,2017-11-29,Weight_0.0,True,0,0,0,0,1.7763568394002505e-15,0.0,0.0,0
Lamb_office_Gerardo,validation,2017-11-30,Weight_0.0,True,0,0,0,0,1.7763568394002505e-15,0.0,0.0,0
Lamb_office_Gerardo,validation,2017-11-02,Weight_0.1,True,0,0,0,0,1.7763568394002505e-15,0.0,0.0,0
Lamb_office_Gerardo,validation,2017-11-03,Weight_0.1,True,0,0,0,0,1.7763568394002505e-15,0.0,0.0,0
Lamb_office_Gerardo,validation,2017-11-04,Weight_0.1,True,0,0,0,0,1.7763568394002505e-15,0.0,0.0,0
Lamb_office_Gerardo,validation,2017-11-05,Weight_0.1,True,0,0,0,0,1.7763568394002505e-15,0.0,0.0,0
Lamb_office_Gerardo,validation,2017-11-06,Weight_0.1,True,0,0,0,0,1.7763568394002505e-15,0.0,0.0,0
Lamb_office_Gerardo,validation,2017-11-07,Weight_0.1,True,0,0,0,0,1.7763568394002505e-15,0.0,0.0,0
Lamb_office_Gerardo,validation,2017-11-08,Weight_0.1,True,0,0,0,0,1.7763568394002505e-15,0.0,0.0,0
Lamb_office_Gerardo,validation,2017-11-09,Weight_0.1,True,0,0,0,0,3.552713678800501e-15,0.0,0.0,0
Lamb_office_Gerardo,validation,2017-11-10,Weight_0.1,True,0,0,0,0,3.552713678800501e-15,0.0,0.0,0
Lamb_office_Gerardo,validation,2017-11-11,Weight_0.1,True,0,0,0,0,3.552713678800501e-15,0.0,0.0,0
Lamb_office_Gerardo,validation,2017-11-12,Weight_0.1,True,0,0,0,0,3.552713678800501e-15,0.0,0.0,0
Lamb_office_Gerardo,validation,2017-11-13,Weight_0.1,True,0,0,0,0,3.552713678800501e-15,0.0,0.0,0
Lamb_office_Gerardo,validation,2017-11-14,Weight_0.1,True,0,0,0,0,3.552713678800501e-15,0.0,0.0,0
Lamb_office_Gerardo,validation,2017-11-15,Weight_0.1,True,0,0,0,0,3.552713678800501e-15,0.0,0.0,0
Lamb_office_Gerardo,validation,2017-11-16,Weight_0.1,True,0,0,0,0,3.552713678800501e-15,0.0,0.0,0
Lamb_office_Gerardo,validation,2017-11-17,Weight_0.1,True,0,0,0,0,3.552713678800501e-15,0.0,0.0,0
Lamb_office_Gerardo,validation,2017-11-18,Weight_0.1,True,0,0,0,0,3.552713678800501e-15,0.0,0.0,0
Lamb_office_Gerardo,validation,2017-11-19,Weight_0.1,True,0,0,0,0,3.552713678800501e-15,0.0,0.0,0
Lamb_office_Gerardo,validation,2017-11-20,Weight_0.1,True,0,0,0,0,3.552713678800501e-15,0.0,0.0,0
Lamb_office_Gerardo,validation,2017-11-21,Weight_0.1,True,0,0,0,0,3.552713678800501e-15,0.0,0.0,0
Lamb_office_Gerardo,validation,2017-11-22,Weight_0.1,True,0,0,0,0,3.552713678800501e-15,0.0,0.0,0
Lamb_office_Gerardo,validation,2017-11-23,Weight_0.1,True,0,0,0,0,3.552713678800501e-15,0.0,0.0,0
Lamb_office_Gerardo,validation,2017-11-24,Weight_0.1,True,0,0,0,0,3.552713678800501e-15,0.0,0.0,0
Lamb_office_Gerardo,validation,2017-11-25,Weight_0.1,True,0,0,0,0,3.552713678800501e-15,0.0,0.0,0
Lamb_office_Gerardo,validation,2017-11-26,Weight_0.1,True,0,0,0,0,3.552713678800501e-15,0.0,0.0,0
Lamb_office_Gerardo,validation,2017-11-27,Weight_0.1,True,0,0,0,0,3.552713678800501e-15,0.0,0.0,0
Lamb_office_Gerardo,validation,2017-11-28,Weight_0.1,True,0,0,0,0,3.552713678800501e-15,0.0,0.0,0
Lamb_office_Gerardo,validation,2017-11-29,Weight_0.1,True,0,0,0,0,8.881784197001252e-16,0.0,0.0,0
Lamb_office_Gerardo,validation,2017-11-30,Weight_0.1,True,0,0,0,0,0.0,0.0,0.0,0
Lamb_office_Gerardo,validation,2017-11-02,Weight_0.2,True,0,0,0,0,1.7763568394002505e-15,0.0,0.0,0
Lamb_office_Gerardo,validation,2017-11-03,Weight_0.2,True,0,0,0,0,1.7763568394002505e-15,0.0,0.0,0
Lamb_office_Gerardo,validation,2017-11-04,Weight_0.2,True,0,0,0,0,1.7763568394002505e-15,0.0,0.0,0
Lamb_office_Gerardo,validation,2017-11-05,Weight_0.2,True,0,0,0,0,1.7763568394002505e-15,0.0,0.0,0
Lamb_office_Gerardo,validation,2017-11-06,Weight_0.2,True,0,0,0,0,1.7763568394002505e-15,0.0,0.0,0
Lamb_office_Gerardo,validation,2017-11-07,Weight_0.2,True,0,0,0,0,1.7763568394002505e-15,0.0,0.0,0
Lamb_office_Gerardo,validation,2017-11-08,Weight_0.2,True,0,0,0,0,1.7763568394002505e-15,0.0,0.0,0
Lamb_office_Gerardo,validation,2017-11-09,Weight_0.2,True,0,0,0,0,1.7763568394002505e-15,0.0,0.0,0
Lamb_office_Gerardo,validation,2017-11-10,Weight_0.2,True,0,0,0,0,1.7763568394002505e-15,0.0,0.0,0
Lamb_office_Gerardo,validation,2017-11-11,Weight_0.2,True,0,0,0,0,1.7763568394002505e-15,0.0,0.0,0
Lamb_office_Gerardo,validation,2017-11-12,Weight_0.2,True,0,0,0,0,1.7763568394002505e-15,0.0,0.0,0
Lamb_office_Gerardo,validation,2017-11-13,Weight_0.2,True,0,0,0,0,1.7763568394002505e-15,0.0,0.0,0
Lamb_office_Gerardo,validation,2017-11-14,Weight_0.2,True,0,0,0,0,1.7763568394002505e-15,0.0,0.0,0
Lamb_office_Gerardo,validation,2017-11-15,Weight_0.2,True,0,0,0,0,1.7763568394002505e-15,0.0,0.0,0
Lamb_office_Gerardo,validation,2017-11-16,Weight_0.2,True,0,0,0,0,1.7763568394002505e-15,0.0,0.0,0
Lamb_office_Gerardo,validation,2017-11-17,Weight_0.2,True,0,0,0,0,1.7763568394002505e-15,0.0,0.0,0
Lamb_office_Gerardo,validation,2017-11-18,Weight_0.2,True,0,0,0,0,1.7763568394002505e-15,0.0,0.0,0
Lamb_office_Gerardo,validation,2017-11-19,Weight_0.2,True,0,0,0,0,1.7763568394002505e-15,0.0,0.0,0
Lamb_office_Gerardo,validation,2017-11-20,Weight_0.2,True,0,0,0,0,1.7763568394002505e-15,0.0,0.0,0
Lamb_office_Gerardo,validation,2017-11-21,Weight_0.2,True,0,0,0,0,1.7763568394002505e-15,0.0,0.0,0
Lamb_office_Gerardo,validation,2017-11-22,Weight_0.2,True,0,0,0,0,1.7763568394002505e-15,0.0,0.0,0
Lamb_office_Gerardo,validation,2017-11-23,Weight_0.2,True,0,0,0,0,1.7763568394002505e-15,0.0,0.0,0
Lamb_office_Gerardo,validation,2017-11-24,Weight_0.2,True,0,0,0,0,1.7763568394002505e-15,0.0,0.0,0
Lamb_office_Gerardo,validation,2017-11-25,Weight_0.2,True,0,0,0,0,1.7763568394002505e-15,0.0,0.0,0
Lamb_office_Gerardo,validation,2017-11-26,Weight_0.2,True,0,0,0,0,1.7763568394002505e-15,0.0,0.0,0
Lamb_office_Gerardo,validation,2017-11-27,Weight_0.2,True,0,0,0,0,1.7763568394002505e-15,0.0,0.0,0
Lamb_office_Gerardo,validation,2017-11-28,Weight_0.2,True,0,0,0,0,1.7763568394002505e-15,0.0,0.0,0
Lamb_office_Gerardo,validation,2017-11-29,Weight_0.2,True,0,0,0,0,1.7763568394002505e-15,0.0,0.0,0
Lamb_office_Gerardo,validation,2017-11-30,Weight_0.2,True,0,0,0,0,4.440892098500626e-16,0.0,0.0,0
Lamb_office_Gerardo,validation,2017-11-02,Weight_0.3,True,0,0,0,0,1.7763568394002505e-15,0.0,0.0,0
Lamb_office_Gerardo,validation,2017-11-03,Weight_0.3,True,0,0,0,0,1.7763568394002505e-15,0.0,0.0,0
Lamb_office_Gerardo,validation,2017-11-04,Weight_0.3,True,0,0,0,0,1.7763568394002505e-15,0.0,0.0,0
Lamb_office_Gerardo,validation,2017-11-05,Weight_0.3,True,0,0,0,0,1.7763568394002505e-15,0.0,0.0,0
Lamb_office_Gerardo,validation,2017-11-06,Weight_0.3,True,0,0,0,0,1.7763568394002505e-15,0.0,0.0,0
Lamb_office_Gerardo,validation,2017-11-07,Weight_0.3,True,0,0,0,0,1.7763568394002505e-15,0.0,0.0,0
Lamb_office_Gerardo,validation,2017-11-08,Weight_0.3,True,0,0,0,0,1.7763568394002505e-15,0.0,0.0,0
Lamb_office_Gerardo,validation,2017-11-09,Weight_0.3,True,0,0,0,0,1.7763568394002505e-15,0.0,0.0,0
Lamb_office_Gerardo,validation,2017-11-10,Weight_0.3,True,0,0,0,0,1.7763568394002505e-15,0.0,0.0,0
Lamb_office_Gerardo,validation,2017-11-11,Weight_0.3,True,0,0,0,0,1.7763568394002505e-15,0.0,0.0,0
Lamb_office_Gerardo,validation,2017-11-12,Weight_0.3,True,0,0,0,0,1.7763568394002505e-15,0.0,0.0,0
Lamb_office_Gerardo,validation,2017-11-13,Weight_0.3,True,0,0,0,0,1.7763568394002505e-15,0.0,0.0,0
Lamb_office_Gerardo,validation,2017-11-14,Weight_0.3,True,0,0,0,0,1.7763568394002505e-15,0.0,0.0,0
Lamb_office_Gerardo,validation,2017-11-15,Weight_0.3,True,0,0,0,0,1.7763568394002505e-15,0.0,0.0,0
Lamb_office_Gerardo,validation,2017-11-16,Weight_0.3,True,0,0,0,0,1.7763568394002505e-15,0.0,0.0,0
Lamb_office_Gerardo,validation,2017-11-17,Weight_0.3,True,0,0,0,0,1.7763568394002505e-15,0.0,0.0,0
Lamb_office_Gerardo,validation,2017-11-18,Weight_0.3,True,0,0,0,0,1.7763568394002505e-15,0.0,0.0,0
Lamb_office_Gerardo,validation,2017-11-19,Weight_0.3,True,0,0,0,0,1.7763568394002505e-15,0.0,0.0,0
Lamb_office_Gerardo,validation,2017-11-20,Weight_0.3,True,0,0,0,0,1.7763568394002505e-15,0.0,0.0,0
Lamb_office_Gerardo,validation,2017-11-21,Weight_0.3,True,0,0,0,0,1.7763568394002505e-15,0.0,0.0,0
Lamb_office_Gerardo,validation,2017-11-22,Weight_0.3,True,0,0,0,0,1.7763568394002505e-15,0.0,0.0,0
Lamb_office_Gerardo,validation,2017-11-23,Weight_0.3,True,0,0,0,0,1.7763568394002505e-15,0.0,0.0,0
Lamb_office_Gerardo,validation,2017-11-24,Weight_0.3,True,0,0,0,0,1.7763568394002505e-15,0.0,0.0,0
Lamb_office_Gerardo,validation,2017-11-25,Weight_0.3,True,0,0,0,0,1.7763568394002505e-15,0.0,0.0,0
Lamb_office_Gerardo,validation,2017-11-26,Weight_0.3,True,0,0,0,0,1.7763568394002505e-15,0.0,0.0,0
Lamb_office_Gerardo,validation,2017-11-27,Weight_0.3,True,0,0,0,0,1.7763568394002505e-15,0.0,0.0,0
Lamb_office_Gerardo,validation,2017-11-28,Weight_0.3,True,0,0,0,0,1.7763568394002505e-15,0.0,0.0,0
Lamb_office_Gerardo,validation,2017-11-29,Weight_0.3,True,0,0,0,0,8.881784197001252e-16,0.0,0.0,0
Lamb_office_Gerardo,validation,2017-11-30,Weight_0.3,True,0,0,0,0,8.881784197001252e-16,0.0,0.0,0
Lamb_office_Gerardo,validation,2017-11-02,Weight_0.4,True,0,0,0,0,1.7763568394002505e-15,0.0,0.0,0
Lamb_office_Gerardo,validation,2017-11-03,Weight_0.4,True,0,0,0,0,1.7763568394002505e-15,0.0,0.0,0
Lamb_office_Gerardo,validation,2017-11-04,Weight_0.4,True,0,0,0,0,1.7763568394002505e-15,0.0,0.0,0
Lamb_office_Gerardo,validation,2017-11-05,Weight_0.4,True,0,0,0,0,1.7763568394002505e-15,0.0,0.0,0
Lamb_office_Gerardo,validation,2017-11-06,Weight_0.4,True,0,0,0,0,1.7763568394002505e-15,0.0,0.0,0
Lamb_office_Gerardo,validation,2017-11-07,Weight_0.4,True,0,0,0,0,1.7763568394002505e-15,0.0,0.0,0
Lamb_office_Gerardo,validation,2017-11-08,Weight_0.4,True,0,0,0,0,1.7763568394002505e-15,0.0,0.0,0
Lamb_office_Gerardo,validation,2017-11-09,Weight_0.4,True,0,0,0,0,1.7763568394002505e-15,0.0,0.0,0
Lamb_office_Gerardo,validation,2017-11-10,Weight_0.4,True,0,0,0,0,1.7763568394002505e-15,0.0,0.0,0
Lamb_office_Gerardo,validation,2017-11-11,Weight_0.4,True,0,0,0,0,1.7763568394002505e-15,0.0,0.0,0
Lamb_office_Gerardo,validation,2017-11-12,Weight_0.4,True,0,0,0,0,1.7763568394002505e-15,0.0,0.0,0
Lamb_office_Gerardo,validation,2017-11-13,Weight_0.4,True,0,0,0,0,1.7763568394002505e-15,0.0,0.0,0
Lamb_office_Gerardo,validation,2017-11-14,Weight_0.4,True,0,0,0,0,1.7763568394002505e-15,0.0,0.0,0
Lamb_office_Gerardo,validation,2017-11-15,Weight_0.4,True,0,0,0,0,1.7763568394002505e-15,0.0,0.0,0
Lamb_office_Gerardo,validation,2017-11-16,Weight_0.4,True,0,0,0,0,1.7763568394002505e-15,0.0,0.0,0
Lamb_office_Gerardo,validation,2017-11-17,Weight_0.4,True,0,0,0,0,1.7763568394002505e-15,0.0,0.0,0
Lamb_office_Gerardo,validation,2017-11-18,Weight_0.4,True,0,0,0,0,1.7763568394002505e-15,0.0,0.0,0
Lamb_office_Gerardo,validation,2017-11-19,Weight_0.4,True,0,0,0,0,1.7763568394002505e-15,0.0,0.0,0
Lamb_office_Gerardo,validation,2017-11-20,Weight_0.4,True,0,0,0,0,1.7763568394002505e-15,0.0,0.0,0
Lamb_office_Gerardo,validation,2017-11-21,Weight_0.4,True,0,0,0,0,1.7763568394002505e-15,0.0,0.0,0
Lamb_office_Gerardo,validation,2017-11-22,Weight_0.4,True,0,0,0,0,1.7763568394002505e-15,0.0,0.0,0
Lamb_office_Gerardo,validation,2017-11-23,Weight_0.4,True,0,0,0,0,1.7763568394002505e-15,0.0,0.0,0
Lamb_office_Gerardo,validation,2017-11-24,Weight_0.4,True,0,0,0,0,1.7763568394002505e-15,0.0,0.0,0
Lamb_office_Gerardo,validation,2017-11-25,Weight_0.4,True,0,0,0,0,1.7763568394002505e-15,0.0,0.0,0
Lamb_office_Gerardo,validation,2017-11-26,Weight_0.4,True,0,0,0,0,1.7763568394002505e-15,0.0,0.0,0
Lamb_office_Gerardo,validation,2017-11-27,Weight_0.4,True,0,0,0,0,1.7763568394002505e-15,0.0,0.0,0
Lamb_office_Gerardo,validation,2017-11-28,Weight_0.4,True,0,0,0,0,1.7763568394002505e-15,0.0,0.0,0
Lamb_office_Gerardo,validation,2017-11-29,Weight_0.4,True,0,0,0,0,8.881784197001252e-16,0.0,0.0,0
Lamb_office_Gerardo,validation,2017-11-30,Weight_0.4,True,0,0,0,0,0.0,0.0,0.0,0
Lamb_office_Gerardo,validation,2017-11-02,Weight_0.5,True,0,0,0,0,1.7763568394002505e-15,0.0,0.0,0
Lamb_office_Gerardo,validation,2017-11-03,Weight_0.5,True,0,0,0,0,1.7763568394002505e-15,0.0,0.0,0
Lamb_office_Gerardo,validation,2017-11-04,Weight_0.5,True,0,0,0,0,1.7763568394002505e-15,0.0,0.0,0
Lamb_office_Gerardo,validation,2017-11-05,Weight_0.5,True,0,0,0,0,1.7763568394002505e-15,0.0,0.0,0
Lamb_office_Gerardo,validation,2017-11-06,Weight_0.5,True,0,0,0,0,1.7763568394002505e-15,0.0,0.0,0
Lamb_office_Gerardo,validation,2017-11-07,Weight_0.5,True,0,0,0,0,1.7763568394002505e-15,0.0,0.0,0
Lamb_office_Gerardo,validation,2017-11-08,Weight_0.5,True,0,0,0,0,1.7763568394002505e-15,0.0,0.0,0
Lamb_office_Gerardo,validation,2017-11-09,Weight_0.5,True,0,0,0,0,1.7763568394002505e-15,0.0,0.0,0
Lamb_office_Gerardo,validation,2017-11-10,Weight_0.5,True,0,0,0,0,1.7763568394002505e-15,0.0,0.0,0
Lamb_office_Gerardo,validation,2017-11-11,Weight_0.5,True,0,0,0,0,1.7763568394002505e-15,0.0,0.0,0
Lamb_office_Gerardo,validation,2017-11-12,Weight_0.5,True,0,0,0,0,1.7763568394002505e-15,0.0,0.0,0
Lamb_office_Gerardo,validation,2017-11-13,Weight_0.5,True,0,0,0,0,1.7763568394002505e-15,0.0,0.0,0
Lamb_office_Gerardo,validation,2017-11-14,Weight_0.5,True,0,0,0,0,1.7763568394002505e-15,0.0,0.0,0
Lamb_office_Gerardo,validation,2017-11-15,Weight_0.5,True,0,0,0,0,1.7763568394002505e-15,0.0,0.0,0
Lamb_office_Gerardo,validation,2017-11-16,Weight_0.5,True,0,0,0,0,1.7763568394002505e-15,0.0,0.0,0
Lamb_office_Gerardo,validation,2017-11-17,Weight_0.5,True,0,0,0,0,1.7763568394002505e-15,0.0,0.0,0
Lamb_office_Gerardo,validation,2017-11-18,Weight_0.5,True,0,0,0,0,1.7763568394002505e-15,0.0,0.0,0
Lamb_office_Gerardo,validation,2017-11-19,Weight_0.5,True,0,0,0,0,1.7763568394002505e-15,0.0,0.0,0
Lamb_office_Gerardo,validation,2017-11-20,Weight_0.5,True,0,0,0,0,1.7763568394002505e-15,0.0,0.0,0
Lamb_office_Gerardo,validation,2017-11-21,Weight_0.5,True,0,0,0,0,1.7763568394002505e-15,0.0,0.0,0
Lamb_office_Gerardo,validation,2017-11-22,Weight_0.5,True,0,0,0,0,1.7763568394002505e-15,0.0,0.0,0
Lamb_office_Gerardo,validation,2017-11-23,Weight_0.5,True,0,0,0,0,1.7763568394002505e-15,0.0,0.0,0
Lamb_office_Gerardo,validation,2017-11-24,Weight_0.5,True,0,0,0,0,1.7763568394002505e-15,0.0,0.0,0
Lamb_office_Gerardo,validation,2017-11-25,Weight_0.5,True,0,0,0,0,1.7763568394002505e-15,0.0,0.0,0
Lamb_office_Gerardo,validation,2017-11-26,Weight_0.5,True,0,0,0,0,1.7763568394002505e-15,0.0,0.0,0
Lamb_office_Gerardo,validation,2017-11-27,Weight_0.5,True,0,0,0,0,1.7763568394002505e-15,0.0,0.0,0
Lamb_office_Gerardo,validation,2017-11-28,Weight_0.5,True,0,0,0,0,1.7763568394002505e-15,0.0,0.0,0
Lamb_office_Gerardo,validation,2017-11-29,Weight_0.5,True,0,0,0,0,1.7763568394002505e-15,0.0,0.0,0
Lamb_office_Gerardo,validation,2017-11-30,Weight_0.5,True,0,0,0,0,8.881784197001252e-16,0.0,0.0,0
Lamb_office_Gerardo,validation,2017-11-02,Weight_0.6,True,0,0,0,0,1.7763568394002505e-15,0.0,0.0,0
Lamb_office_Gerardo,validation,2017-11-03,Weight_0.6,True,0,0,0,0,1.7763568394002505e-15,0.0,0.0,0
Lamb_office_Gerardo,validation,2017-11-04,Weight_0.6,True,0,0,0,0,1.7763568394002505e-15,0.0,0.0,0
Lamb_office_Gerardo,validation,2017-11-05,Weight_0.6,True,0,0,0,0,1.7763568394002505e-15,0.0,0.0,0
Lamb_office_Gerardo,validation,2017-11-06,Weight_0.6,True,0,0,0,0,1.7763568394002505e-15,0.0,0.0,0
Lamb_office_Gerardo,validation,2017-11-07,Weight_0.6,True,0,0,0,0,1.7763568394002505e-15,0.0,0.0,0
Lamb_office_Gerardo,validation,2017-11-08,Weight_0.6,True,0,0,0,0,1.7763568394002505e-15,0.0,0.0,0
Lamb_office_Gerardo,validation,2017-11-09,Weight_0.6,True,0,0,0,0,1.7763568394002505e-15,0.0,0.0,0
Lamb_office_Gerardo,validation,2017-11-10,Weight_0.6,True,0,0,0,0,1.7763568394002505e-15,0.0,0.0,0
Lamb_office_Gerardo,validation,2017-11-11,Weight_0.6,True,0,0,0,0,1.7763568394002505e-15,0.0,0.0,0
Lamb_office_Gerardo,validation,2017-11-12,Weight_0.6,True,0,0,0,0,1.7763568394002505e-15,0.0,0.0,0
Lamb_office_Gerardo,validation,2017-11-13,Weight_0.6,True,0,0,0,0,1.7763568394002505e-15,0.0,0.0,0
Lamb_office_Gerardo,validation,2017-11-14,Weight_0.6,True,0,0,0,0,1.7763568394002505e-15,0.0,0.0,0
Lamb_office_Gerardo,validation,2017-11-15,Weight_0.6,True,0,0,0,0,1.7763568394002505e-15,0.0,0.0,0
Lamb_office_Gerardo,validation,2017-11-16,Weight_0.6,True,0,0,0,0,1.7763568394002505e-15,0.0,0.0,0
Lamb_office_Gerardo,validation,2017-11-17,Weight_0.6,True,0,0,0,0,1.7763568394002505e-15,0.0,0.0,0
Lamb_office_Gerardo,validation,2017-11-18,Weight_0.6,True,0,0,0,0,1.7763568394002505e-15,0.0,0.0,0
Lamb_office_Gerardo,validation,2017-11-19,Weight_0.6,True,0,0,0,0,1.7763568394002505e-15,0.0,0.0,0
Lamb_office_Gerardo,validation,2017-11-20,Weight_0.6,True,0,0,0,0,1.7763568394002505e-15,0.0,0.0,0
Lamb_office_Gerardo,validation,2017-11-21,Weight_0.6,True,0,0,0,0,1.7763568394002505e-15,0.0,0.0,0
Lamb_office_Gerardo,validation,2017-11-22,Weight_0.6,True,0,0,0,0,1.7763568394002505e-15,0.0,0.0,0
Lamb_office_Gerardo,validation,2017-11-23,Weight_0.6,True,0,0,0,0,1.7763568394002505e-15,0.0,0.0,0
Lamb_office_Gerardo,validation,2017-11-24,Weight_0.6,True,0,0,0,0,1.7763568394002505e-15,0.0,0.0,0
Lamb_office_Gerardo,validation,2017-11-25,Weight_0.6,True,0,0,0,0,1.7763568394002505e-15,0.0,0.0,0
Lamb_office_Gerardo,validation,2017-11-26,Weight_0.6,True,0,0,0,0,1.7763568394002505e-15,0.0,0.0,0
Lamb_office_Gerardo,validation,2017-11-27,Weight_0.6,True,0,0,0,0,1.7763568394002505e-15,0.0,0.0,0
Lamb_office_Gerardo,validation,2017-11-28,Weight_0.6,True,0,0,0,0,1.7763568394002505e-15,0.0,0.0,0
Lamb_office_Gerardo,validation,2017-11-29,Weight_0.6,True,0,0,0,0,0.0,0.0,0.0,0
Lamb_office_Gerardo,validation,2017-11-30,Weight_0.6,True,0,0,0,0,4.440892098500626e-16,0.0,0.0,0
Lamb_office_Gerardo,validation,2017-11-02,Weight_0.7,True,0,0,0,0,3.552713678800501e-15,0.0,0.0,0
Lamb_office_Gerardo,validation,2017-11-03,Weight_0.7,True,0,0,0,0,3.552713678800501e-15,0.0,0.0,0
Lamb_office_Gerardo,validation,2017-11-04,Weight_0.7,True,0,0,0,0,3.552713678800501e-15,0.0,0.0,0
Lamb_office_Gerardo,validation,2017-11-05,Weight_0.7,True,0,0,0,0,3.552713678800501e-15,0.0,0.0,0
Lamb_office_Gerardo,validation,2017-11-06,Weight_0.7,True,0,0,0,0,3.552713678800501e-15,0.0,0.0,0
Lamb_office_Gerardo,validation,2017-11-07,Weight_0.7,True,0,0,0,0,3.552713678800501e-15,0.0,0.0,0
Lamb_office_Gerardo,validation,2017-11-08,Weight_0.7,True,0,0,0,0,3.552713678800501e-15,0.0,0.0,0
Lamb_office_Gerardo,validation,2017-11-09,Weight_0.7,True,0,0,0,0,1.7763568394002505e-15,0.0,0.0,0
Lamb_office_Gerardo,validation,2017-11-10,Weight_0.7,True,0,0,0,0,1.7763568394002505e-15,0.0,0.0,0
Lamb_office_Gerardo,validation,2017-11-11,Weight_0.7,True,0,0,0,0,1.7763568394002505e-15,0.0,0.0,0
Lamb_office_Gerardo,validation,2017-11-12,Weight_0.7,True,0,0,0,0,1.7763568394002505e-15,0.0,0.0,0
Lamb_office_Gerardo,validation,2017-11-13,Weight_0.7,True,0,0,0,0,1.7763568394002505e-15,0.0,0.0,0
Lamb_office_Gerardo,validation,2017-11-14,Weight_0.7,True,0,0,0,0,1.7763568394002505e-15,0.0,0.0,0
Lamb_office_Gerardo,validation,2017-11-15,Weight_0.7,True,0,0,0,0,1.7763568394002505e-15,0.0,0.0,0
Lamb_office_Gerardo,validation,2017-11-16,Weight_0.7,True,0,0,0,0,1.7763568394002505e-15,0.0,0.0,0
Lamb_office_Gerardo,validation,2017-11-17,Weight_0.7,True,0,0,0,0,1.7763568394002505e-15,0.0,0.0,0
Lamb_office_Gerardo,validation,2017-11-18,Weight_0.7,True,0,0,0,0,1.7763568394002505e-15,0.0,0.0,0
Lamb_office_Gerardo,validation,2017-11-19,Weight_0.7,True,0,0,0,0,1.7763568394002505e-15,0.0,0.0,0
Lamb_office_Gerardo,validation,2017-11-20,Weight_0.7,True,0,0,0,0,1.7763568394002505e-15,0.0,0.0,0
Lamb_office_Gerardo,validation,2017-11-21,Weight_0.7,True,0,0,0,0,1.7763568394002505e-15,0.0,0.0,0
Lamb_office_Gerardo,validation,2017-11-22,Weight_0.7,True,0,0,0,0,1.7763568394002505e-15,0.0,0.0,0
Lamb_office_Gerardo,validation,2017-11-23,Weight_0.7,True,0,0,0,0,1.7763568394002505e-15,0.0,0.0,0
Lamb_office_Gerardo,validation,2017-11-24,Weight_0.7,True,0,0,0,0,1.7763568394002505e-15,0.0,0.0,0
Lamb_office_Gerardo,validation,2017-11-25,Weight_0.7,True,0,0,0,0,1.7763568394002505e-15,0.0,0.0,0
Lamb_office_Gerardo,validation,2017-11-26,Weight_0.7,True,0,0,0,0,1.7763568394002505e-15,0.0,0.0,0
Lamb_office_Gerardo,validation,2017-11-27,Weight_0.7,True,0,0,0,0,1.7763568394002505e-15,0.0,0.0,0
Lamb_office_Gerardo,validation,2017-11-28,Weight_0.7,True,0,0,0,0,1.7763568394002505e-15,0.0,0.0,0
Lamb_office_Gerardo,validation,2017-11-29,Weight_0.7,True,0,0,0,0,3.552713678800501e-15,0.0,0.0,0
Lamb_office_Gerardo,validation,2017-11-30,Weight_0.7,True,0,0,0,0,8.881784197001252e-16,0.0,0.0,0
Lamb_office_Gerardo,validation,2017-11-02,Weight_0.8,True,0,0,0,0,1.7763568394002505e-15,0.0,0.0,0
Lamb_office_Gerardo,validation,2017-11-03,Weight_0.8,True,0,0,0,0,1.7763568394002505e-15,0.0,0.0,0
Lamb_office_Gerardo,validation,2017-11-04,Weight_0.8,True,0,0,0,0,1.7763568394002505e-15,0.0,0.0,0
Lamb_office_Gerardo,validation,2017-11-05,Weight_0.8,True,0,0,0,0,1.7763568394002505e-15,0.0,0.0,0
Lamb_office_Gerardo,validation,2017-11-06,Weight_0.8,True,0,0,0,0,1.7763568394002505e-15,0.0,0.0,0
Lamb_office_Gerardo,validation,2017-11-07,Weight_0.8,True,0,0,0,0,1.7763568394002505e-15,0.0,0.0,0
Lamb_office_Gerardo,validation,2017-11-08,Weight_0.8,True,0,0,0,0,1.7763568394002505e-15,0.0,0.0,0
Lamb_office_Gerardo,validation,2017-11-09,Weight_0.8,True,0,0,0,0,3.552713678800501e-15,0.0,0.0,0
Lamb_office_Gerardo,validation,2017-11-10,Weight_0.8,True,0,0,0,0,3.552713678800501e-15,0.0,0.0,0
Lamb_office_Gerardo,validation,2017-11-11,Weight_0.8,True,0,0,0,0,3.552713678800501e-15,0.0,0.0,0
Lamb_office_Gerardo,validation,2017-11-12,Weight_0.8,True,0,0,0,0,3.552713678800501e-15,0.0,0.0,0
Lamb_office_Gerardo,validation,2017-11-13,Weight_0.8,True,0,0,0,0,3.552713678800501e-15,0.0,0.0,0
Lamb_office_Gerardo,validation,2017-11-14,Weight_0.8,True,0,0,0,0,3.552713678800501e-15,0.0,0.0,0
Lamb_office_Gerardo,validation,2017-11-15,Weight_0.8,True,0,0,0,0,3.552713678800501e-15,0.0,0.0,0
Lamb_office_Gerardo,validation,2017-11-16,Weight_0.8,True,0,0,0,0,3.552713678800501e-15,0.0,0.0,0
Lamb_office_Gerardo,validation,2017-11-17,Weight_0.8,True,0,0,0,0,3.552713678800501e-15,0.0,0.0,0
Lamb_office_Gerardo,validation,2017-11-18,Weight_0.8,True,0,0,0,0,3.552713678800501e-15,0.0,0.0,0
Lamb_office_Gerardo,validation,2017-11-19,Weight_0.8,True,0,0,0,0,3.552713678800501e-15,0.0,0.0,0
Lamb_office_Gerardo,validation,2017-11-20,Weight_0.8,True,0,0,0,0,3.552713678800501e-15,0.0,0.0,0
Lamb_office_Gerardo,validation,2017-11-21,Weight_0.8,True,0,0,0,0,3.552713678800501e-15,0.0,0.0,0
Lamb_office_Gerardo,validation,2017-11-22,Weight_0.8,True,0,0,0,0,3.552713678800501e-15,0.0,0.0,0
Lamb_office_Gerardo,validation,2017-11-23,Weight_0.8,True,0,0,0,0,3.552713678800501e-15,0.0,0.0,0
Lamb_office_Gerardo,validation,2017-11-24,Weight_0.8,True,0,0,0,0,3.552713678800501e-15,0.0,0.0,0
Lamb_office_Gerardo,validation,2017-11-25,Weight_0.8,True,0,0,0,0,3.552713678800501e-15,0.0,0.0,0
Lamb_office_Gerardo,validation,2017-11-26,Weight_0.8,True,0,0,0,0,3.552713678800501e-15,0.0,0.0,0
Lamb_office_Gerardo,validation,2017-11-27,Weight_0.8,True,0,0,0,0,3.552713678800501e-15,0.0,0.0,0
Lamb_office_Gerardo,validation,2017-11-28,Weight_0.8,True,0,0,0,0,3.552713678800501e-15,0.0,0.0,0
Lamb_office_Gerardo,validation,2017-11-29,Weight_0.8,True,0,0,0,0,3.552713678800501e-15,0.0,0.0,0
Lamb_office_Gerardo,validation,2017-11-30,Weight_0.8,True,0,0,0,0,3.1086244689504383e-15,0.0,0.0,0
Lamb_office_Gerardo,validation,2017-11-02,Weight_0.9,True,0,0,0,0,8.881784197001252e-15,0.0,0.0,0
Lamb_office_Gerardo,validation,2017-11-03,Weight_0.9,True,0,0,0,0,8.881784197001252e-15,0.0,0.0,0
Lamb_office_Gerardo,validation,2017-11-04,Weight_0.9,True,0,0,0,0,8.881784197001252e-15,0.0,0.0,0
Lamb_office_Gerardo,validation,2017-11-05,Weight_0.9,True,0,0,0,0,8.881784197001252e-15,0.0,0.0,0
Lamb_office_Gerardo,validation,2017-11-06,Weight_0.9,True,0,0,0,0,8.881784197001252e-15,0.0,0.0,0
Lamb_office_Gerardo,validation,2017-11-07,Weight_0.9,True,0,0,0,0,8.881784197001252e-15,0.0,0.0,0
Lamb_office_Gerardo,validation,2017-11-08,Weight_0.9,True,0,0,0,0,8.881784197001252e-15,0.0,0.0,0
Lamb_office_Gerardo,validation,2017-11-09,Weight_0.9,True,0,0,0,0,1.7763568394002505e-15,0.0,0.0,0
Lamb_office_Gerardo,validation,2017-11-10,Weight_0.9,True,0,0,0,0,1.7763568394002505e-15,0.0,0.0,0
Lamb_office_Gerardo,validation,2017-11-11,Weight_0.9,True,0,0,0,0,1.7763568394002505e-15,0.0,0.0,0
Lamb_office_Gerardo,validation,2017-11-12,Weight_0.9,True,0,0,0,0,1.7763568394002505e-15,0.0,0.0,0
Lamb_office_Gerardo,validation,2017-11-13,Weight_0.9,True,0,0,0,0,1.7763568394002505e-15,0.0,0.0,0
Lamb_office_Gerardo,validation,2017-11-14,Weight_0.9,True,0,0,0,0,1.7763568394002505e-15,0.0,0.0,0
Lamb_office_Gerardo,validation,2017-11-15,Weight_0.9,True,0,0,0,0,1.7763568394002505e-15,0.0,0.0,0
Lamb_office_Gerardo,validation,2017-11-16,Weight_0.9,True,0,0,0,0,1.7763568394002505e-15,0.0,0.0,0
Lamb_office_Gerardo,validation,2017-11-17,Weight_0.9,True,0,0,0,0,1.7763568394002505e-15,0.0,0.0,0
Lamb_office_Gerardo,validation,2017-11-18,Weight_0.9,True,0,0,0,0,1.7763568394002505e-15,0.0,0.0,0
Lamb_office_Gerardo,validation,2017-11-19,Weight_0.9,True,0,0,0,0,1.7763568394002505e-15,0.0,0.0,0
Lamb_office_Gerardo,validation,2017-11-20,Weight_0.9,True,0,0,0,0,1.7763568394002505e-15,0.0,0.0,0
Lamb_office_Gerardo,validation,2017-11-21,Weight_0.9,True,0,0,0,0,1.7763568394002505e-15,0.0,0.0,0
Lamb_office_Gerardo,validation,2017-11-22,Weight_0.9,True,0,0,0,0,1.7763568394002505e-15,0.0,0.0,0
Lamb_office_Gerardo,validation,2017-11-23,Weight_0.9,True,0,0,0,0,1.7763568394002505e-15,0.0,0.0,0
Lamb_office_Gerardo,validation,2017-11-24,Weight_0.9,True,0,0,0,0,1.7763568394002505e-15,0.0,0.0,0
Lamb_office_Gerardo,validation,2017-11-25,Weight_0.9,True,0,0,0,0,1.7763568394002505e-15,0.0,0.0,0
Lamb_office_Gerardo,validation,2017-11-26,Weight_0.9,True,0,0,0,0,1.7763568394002505e-15,0.0,0.0,0
Lamb_office_Gerardo,validation,2017-11-27,Weight_0.9,True,0,0,0,0,1.7763568394002505e-15,0.0,0.0,0
Lamb_office_Gerardo,validation,2017-11-28,Weight_0.9,True,0,0,0,0,1.7763568394002505e-15,0.0,0.0,0
Lamb_office_Gerardo,validation,2017-11-29,Weight_0.9,True,0,0,0,0,3.375077994860476e-14,0.0,0.0,0
Lamb_office_Gerardo,validation,2017-11-30,Weight_0.9,True,0,0,0,0,1.3322676295501878e-15,0.0,0.0,0
Lamb_office_Gerardo,validation,2017-11-02,Weight_1.0,True,0,0,0,0,3.552713678800501e-15,0.0,0.0,0
Lamb_office_Gerardo,validation,2017-11-03,Weight_1.0,True,0,0,0,0,3.552713678800501e-15,0.0,0.0,0
Lamb_office_Gerardo,validation,2017-11-04,Weight_1.0,True,0,0,0,0,3.552713678800501e-15,0.0,0.0,0
Lamb_office_Gerardo,validation,2017-11-05,Weight_1.0,True,0,0,0,0,3.552713678800501e-15,0.0,0.0,0
Lamb_office_Gerardo,validation,2017-11-06,Weight_1.0,True,0,0,0,0,3.552713678800501e-15,0.0,0.0,0
Lamb_office_Gerardo,validation,2017-11-07,Weight_1.0,True,0,0,0,0,3.552713678800501e-15,0.0,0.0,0
Lamb_office_Gerardo,validation,2017-11-08,Weight_1.0,True,0,0,0,0,3.552713678800501e-15,0.0,0.0,0
Lamb_office_Gerardo,validation,2017-11-09,Weight_1.0,True,0,0,0,0,8.881784197001252e-15,0.0,0.0,0
Lamb_office_Gerardo,validation,2017-11-10,Weight_1.0,True,0,0,0,0,8.881784197001252e-15,0.0,0.0,0
Lamb_office_Gerardo,validation,2017-11-11,Weight_1.0,True,0,0,0,0,8.881784197001252e-15,0.0,0.0,0
Lamb_office_Gerardo,validation,2017-11-12,Weight_1.0,True,0,0,0,0,8.881784197001252e-15,0.0,0.0,0
Lamb_office_Gerardo,validation,2017-11-13,Weight_1.0,True,0,0,0,0,8.881784197001252e-15,0.0,0.0,0
Lamb_office_Gerardo,validation,2017-11-14,Weight_1.0,True,0,0,0,0,8.881784197001252e-15,0.0,0.0,0
Lamb_office_Gerardo,validation,2017-11-15,Weight_1.0,True,0,0,0,0,8.881784197001252e-15,0.0,0.0,0
Lamb_office_Gerardo,validation,2017-11-16,Weight_1.0,True,0,0,0,0,8.881784197001252e-15,0.0,0.0,0
Lamb_office_Gerardo,validation,2017-11-17,Weight_1.0,True,0,0,0,0,8.881784197001252e-15,0.0,0.0,0
Lamb_office_Gerardo,validation,2017-11-18,Weight_1.0,True,0,0,0,0,8.881784197001252e-15,0.0,0.0,0
Lamb_office_Gerardo,validation,2017-11-19,Weight_1.0,True,0,0,0,0,8.881784197001252e-15,0.0,0.0,0
Lamb_office_Gerardo,validation,2017-11-20,Weight_1.0,True,0,0,0,0,8.881784197001252e-15,0.0,0.0,0
Lamb_office_Gerardo,validation,2017-11-21,Weight_1.0,True,0,0,0,0,8.881784197001252e-15,0.0,0.0,0
Lamb_office_Gerardo,validation,2017-11-22,Weight_1.0,True,0,0,0,0,8.881784197001252e-15,0.0,0.0,0
Lamb_office_Gerardo,validation,2017-11-23,Weight_1.0,True,0,0,0,0,8.881784197001252e-15,0.0,0.0,0
Lamb_office_Gerardo,validation,2017-11-24,Weight_1.0,True,0,0,0,0,8.881784197001252e-15,0.0,0.0,0
Lamb_office_Gerardo,validation,2017-11-25,Weight_1.0,True,0,0,0,0,8.881784197001252e-15,0.0,0.0,0
Lamb_office_Gerardo,validation,2017-11-26,Weight_1.0,True,0,0,0,0,8.881784197001252e-15,0.0,0.0,0
Lamb_office_Gerardo,validation,2017-11-27,Weight_1.0,True,0,0,0,0,8.881784197001252e-15,0.0,0.0,0
Lamb_office_Gerardo,validation,2017-11-28,Weight_1.0,True,0,0,0,0,8.881784197001252e-15,0.0,0.0,0
Lamb_office_Gerardo,validation,2017-11-29,Weight_1.0,True,0,0,0,0,4.263256414560601e-14,0.0,0.0,0
Lamb_office_Gerardo,validation,2017-11-30,Weight_1.0,True,0,0,0,0,1.7763568394002505e-15,0.0,0.0,0
Hog_office_Alexis,validation,2017-11-02,Oracle,True,0,0,0,0,1.4210854715202004e-14,0.0,0.0,0
Hog_office_Alexis,validation,2017-11-03,Oracle,True,0,0,0,0,2.842170943040401e-14,0.0,0.0,0
Hog_office_Alexis,validation,2017-11-04,Oracle,True,0,0,0,0,9.237055564881302e-14,0.0,0.0,0
Hog_office_Alexis,validation,2017-11-05,Oracle,True,0,0,0,0,0.0,0.0,0.0,0
Hog_office_Alexis,validation,2017-11-06,Oracle,True,0,0,0,0,3.907985046680551e-14,0.0,0.0,0
Hog_office_Alexis,validation,2017-11-07,Oracle,True,0,0,0,0,3.552713678800501e-14,0.0,0.0,0
Hog_office_Alexis,validation,2017-11-08,Oracle,True,0,0,0,0,1.4210854715202004e-14,0.0,0.0,0
Hog_office_Alexis,validation,2017-11-09,Oracle,True,0,0,0,0,4.973799150320701e-14,0.0,0.0,0
Hog_office_Alexis,validation,2017-11-10,Oracle,True,0,0,0,0,2.842170943040401e-14,0.0,0.0,0
Hog_office_Alexis,validation,2017-11-11,Oracle,True,0,0,0,0,4.263256414560601e-14,0.0,0.0,0
Hog_office_Alexis,validation,2017-11-12,Oracle,True,0,0,0,0,1.7053025658242404e-13,0.0,0.0,0
Hog_office_Alexis,validation,2017-11-13,Oracle,True,0,0,0,0,3.907985046680551e-14,0.0,0.0,0
Hog_office_Alexis,validation,2017-11-14,Oracle,True,0,0,0,0,3.552713678800501e-14,0.0,0.0,0
Hog_office_Alexis,validation,2017-11-15,Oracle,True,0,0,0,0,1.0658141036401503e-14,0.0,0.0,0
Hog_office_Alexis,validation,2017-11-16,Oracle,True,0,0,0,0,2.1316282072803006e-14,0.0,0.0,0
Hog_office_Alexis,validation,2017-11-17,Oracle,True,0,0,0,0,8.881784197001252e-15,0.0,0.0,0
Hog_office_Alexis,validation,2017-11-18,Oracle,True,0,0,0,0,9.592326932761353e-14,0.0,0.0,0
Hog_office_Alexis,validation,2017-11-19,Oracle,True,0,0,0,0,8.526512829121202e-14,0.0,0.0,0
Hog_office_Alexis,validation,2017-11-20,Oracle,True,0,0,0,0,1.7763568394002505e-14,0.0,0.0,0
Hog_office_Alexis,validation,2017-11-21,Oracle,True,0,0,0,0,1.7763568394002505e-14,0.0,0.0,0
Hog_office_Alexis,validation,2017-11-22,Oracle,True,0,0,0,0,4.796163466380676e-14,0.0,0.0,0
Hog_office_Alexis,validation,2017-11-23,Oracle,True,0,0,0,0,4.263256414560601e-14,0.0,0.0,0
Hog_office_Alexis,validation,2017-11-24,Oracle,True,0,0,0,0,6.394884621840902e-14,0.0,0.0,0
Hog_office_Alexis,validation,2017-11-25,Oracle,True,0,0,0,0,1.1013412404281553e-13,0.0,0.0,0
Hog_office_Alexis,validation,2017-11-26,Oracle,True,0,0,0,0,2.842170943040401e-14,0.0,0.0,0
Hog_office_Alexis,validation,2017-11-27,Oracle,True,0,0,0,0,3.552713678800501e-15,0.0,0.0,0
Hog_office_Alexis,validation,2017-11-28,Oracle,True,0,0,0,0,1.7763568394002505e-14,0.0,0.0,0
Hog_office_Alexis,validation,2017-11-29,Oracle,True,0,0,0,0,2.1316282072803006e-14,0.0,0.0,0
Hog_office_Alexis,validation,2017-11-30,Oracle,True,0,0,0,0,1.4210854715202004e-14,0.0,0.0,0
Hog_office_Alexis,validation,2017-11-02,Weight_0.0,True,0,0,0,0,4.263256414560601e-14,0.0,0.0,0
Hog_office_Alexis,validation,2017-11-03,Weight_0.0,True,0,0,0,0,3.552713678800501e-14,0.0,0.0,0
Hog_office_Alexis,validation,2017-11-04,Weight_0.0,True,0,0,0,0,7.815970093361102e-14,0.0,0.0,0
Hog_office_Alexis,validation,2017-11-05,Weight_0.0,True,0,0,0,0,6.394884621840902e-14,0.0,0.0,0
Hog_office_Alexis,validation,2017-11-06,Weight_0.0,True,0,0,0,0,4.263256414560601e-14,0.0,0.0,0
Hog_office_Alexis,validation,2017-11-07,Weight_0.0,True,0,0,0,0,5.684341886080802e-14,0.0,0.0,0
Hog_office_Alexis,validation,2017-11-08,Weight_0.0,True,0,0,0,0,3.552713678800501e-14,0.0,0.0,0
Hog_office_Alexis,validation,2017-11-09,Weight_0.0,True,0,0,0,0,3.552713678800501e-14,0.0,0.0,0
Hog_office_Alexis,validation,2017-11-10,Weight_0.0,True,0,0,0,0,4.263256414560601e-14,0.0,0.0,0
Hog_office_Alexis,validation,2017-11-11,Weight_0.0,True,0,0,0,0,6.927791673660977e-14,0.0,0.0,0
Hog_office_Alexis,validation,2017-11-12,Weight_0.0,True,0,0,0,0,6.394884621840902e-14,0.0,0.0,0
Hog_office_Alexis,validation,2017-11-13,Weight_0.0,True,0,0,0,0,3.375077994860476e-14,0.0,0.0,0
Hog_office_Alexis,validation,2017-11-14,Weight_0.0,True,0,0,0,0,4.973799150320701e-14,0.0,0.0,0
Hog_office_Alexis,validation,2017-11-15,Weight_0.0,True,0,0,0,0,1.4210854715202004e-14,0.0,0.0,0
Hog_office_Alexis,validation,2017-11-16,Weight_0.0,True,0,0,0,0,2.842170943040401e-14,0.0,0.0,0
Hog_office_Alexis,validation,2017-11-17,Weight_0.0,True,0,0,0,0,3.907985046680551e-14,0.0,0.0,0
Hog_office_Alexis,validation,2017-11-18,Weight_0.0,True,0,0,0,0,3.907985046680551e-14,0.0,0.0,0
Hog_office_Alexis,validation,2017-11-19,Weight_0.0,True,0,0,0,0,3.907985046680551e-14,0.0,0.0,0
Hog_office_Alexis,validation,2017-11-20,Weight_0.0,True,0,0,0,0,4.085620730620576e-14,0.0,0.0,0
Hog_office_Alexis,validation,2017-11-21,Weight_0.0,True,0,0,0,0,2.1316282072803006e-14,0.0,0.0,0
Hog_office_Alexis,validation,2017-11-22,Weight_0.0,True,0,0,0,0,2.1316282072803006e-14,0.0,0.0,0
Hog_office_Alexis,validation,2017-11-23,Weight_0.0,True,0,0,0,0,2.1316282072803006e-14,0.0,0.0,0
Hog_office_Alexis,validation,2017-11-24,Weight_0.0,True,0,0,0,0,2.1316282072803006e-14,0.0,0.0,0
Hog_office_Alexis,validation,2017-11-25,Weight_0.0,True,0,0,0,0,2.4868995751603507e-14,0.0,0.0,0
Hog_office_Alexis,validation,2017-11-26,Weight_0.0,True,0,0,0,0,1.0302869668521453e-13,0.0,0.0,0
Hog_office_Alexis,validation,2017-11-27,Weight_0.0,True,0,0,0,0,2.4868995751603507e-14,0.0,0.0,0
Hog_office_Alexis,validation,2017-11-28,Weight_0.0,True,0,0,0,0,2.842170943040401e-14,0.0,0.0,0
Hog_office_Alexis,validation,2017-11-29,Weight_0.0,True,0,0,0,0,7.105427357601002e-15,0.0,0.0,0
Hog_office_Alexis,validation,2017-11-30,Weight_0.0,True,0,0,0,0,4.085620730620576e-14,0.0,0.0,0
Hog_office_Alexis,validation,2017-11-02,Weight_0.1,True,0,0,0,0,1.4210854715202004e-14,0.0,0.0,0
Hog_office_Alexis,validation,2017-11-03,Weight_0.1,True,0,0,0,0,2.4868995751603507e-14,0.0,0.0,0
Hog_office_Alexis,validation,2017-11-04,Weight_0.1,True,0,0,0,0,2.2026824808563106e-13,0.0,0.0,0
Hog_office_Alexis,validation,2017-11-05,Weight_0.1,True,0,0,0,0,4.618527782440651e-14,0.0,0.0,0
Hog_office_Alexis,validation,2017-11-06,Weight_0.1,True,0,0,0,0,4.263256414560601e-14,0.0,0.0,0
Hog_office_Alexis,validation,2017-11-07,Weight_0.1,True,0,0,0,0,2.1316282072803006e-14,0.0,0.0,0
Hog_office_Alexis,validation,2017-11-08,Weight_0.1,True,0,0,0,0,2.4868995751603507e-14,0.0,0.0,0
Hog_office_Alexis,validation,2017-11-09,Weight_0.1,True,0,0,0,0,1.7763568394002505e-14,0.0,0.0,0
Hog_office_Alexis,validation,2017-11-10,Weight_0.1,True,0,0,0,0,3.197442310920451e-14,0.0,0.0,0
Hog_office_Alexis,validation,2017-11-11,Weight_0.1,True,0,0,0,0,1.3145040611561853e-13,0.0,0.0,0
Hog_office_Alexis,validation,2017-11-12,Weight_0.1,True,0,0,0,0,5.861977570020827e-14,0.0,0.0,0
Hog_office_Alexis,validation,2017-11-13,Weight_0.1,True,0,0,0,0,3.197442310920451e-14,0.0,0.0,0
Hog_office_Alexis,validation,2017-11-14,Weight_0.1,True,0,0,0,0,2.842170943040401e-14,0.0,0.0,0
Hog_office_Alexis,validation,2017-11-15,Weight_0.1,True,0,0,0,0,2.842170943040401e-14,0.0,0.0,0
Hog_office_Alexis,validation,2017-11-16,Weight_0.1,True,0,0,0,0,2.842170943040401e-14,0.0,0.0,0
Hog_office_Alexis,validation,2017-11-17,Weight_0.1,True,0,0,0,0,5.684341886080802e-14,0.0,0.0,0
Hog_office_Alexis,validation,2017-11-18,Weight_0.1,True,0,0,0,0,2.1316282072803006e-14,0.0,0.0,0
Hog_office_Alexis,validation,2017-11-19,Weight_0.1,True,0,0,0,0,3.907985046680551e-14,0.0,0.0,0
Hog_office_Alexis,validation,2017-11-20,Weight_0.1,True,0,0,0,0,2.220446049250313e-14,0.0,0.0,0
Hog_office_Alexis,validation,2017-11-21,Weight_0.1,True,0,0,0,0,1.4210854715202004e-14,0.0,0.0,0
Hog_office_Alexis,validation,2017-11-22,Weight_0.1,True,0,0,0,0,1.4210854715202004e-14,0.0,0.0,0
Hog_office_Alexis,validation,2017-11-23,Weight_0.1,True,0,0,0,0,4.263256414560601e-14,0.0,0.0,0
Hog_office_Alexis,validation,2017-11-24,Weight_0.1,True,0,0,0,0,3.907985046680551e-14,0.0,0.0,0
Hog_office_Alexis,validation,2017-11-25,Weight_0.1,True,0,0,0,0,6.394884621840902e-14,0.0,0.0,0
Hog_office_Alexis,validation,2017-11-26,Weight_0.1,True,0,0,0,0,7.815970093361102e-14,0.0,0.0,0
Hog_office_Alexis,validation,2017-11-27,Weight_0.1,True,0,0,0,0,2.842170943040401e-14,0.0,0.0,0
Hog_office_Alexis,validation,2017-11-28,Weight_0.1,True,0,0,0,0,7.638334409421077e-14,0.0,0.0,0
Hog_office_Alexis,validation,2017-11-29,Weight_0.1,True,0,0,0,0,1.4210854715202004e-14,0.0,0.0,0
Hog_office_Alexis,validation,2017-11-30,Weight_0.1,True,0,0,0,0,3.375077994860476e-14,0.0,0.0,0
Hog_office_Alexis,validation,2017-11-02,Weight_0.2,True,0,0,0,0,3.552713678800501e-14,0.0,0.0,0
Hog_office_Alexis,validation,2017-11-03,Weight_0.2,True,0,0,0,0,2.1316282072803006e-14,0.0,0.0,0
Hog_office_Alexis,validation,2017-11-04,Weight_0.2,True,0,0,0,0,1.2789769243681803e-13,0.0,0.0,0
Hog_office_Alexis,validation,2017-11-05,Weight_0.2,True,0,0,0,0,6.394884621840902e-14,0.0,0.0,0
Hog_office_Alexis,validation,2017-11-06,Weight_0.2,True,0,0,0,0,2.1316282072803006e-14,0.0,0.0,0
Hog_office_Alexis,validation,2017-11-07,Weight_0.2,True,0,0,0,0,5.1514348342607263e-14,0.0,0.0,0
Hog_office_Alexis,validation,2017-11-08,Weight_0.2,True,0,0,0,0,7.105427357601002e-15,0.0,0.0,0
Hog_office_Alexis,validation,2017-11-09,Weight_0.2,True,0,0,0,0,3.552713678800501e-14,0.0,0.0,0
Hog_office_Alexis,validation,2017-11-10,Weight_0.2,True,0,0,0,0,1.4210854715202004e-14,0.0,0.0,0
Hog_office_Alexis,validation,2017-11-11,Weight_0.2,True,0,0,0,0,1.2434497875801753e-13,0.0,0.0,0
Hog_office_Alexis,validation,2017-11-12,Weight_0.2,True,0,0,0,0,4.618527782440651e-14,0.0,0.0,0
Hog_office_Alexis,validation,2017-11-13,Weight_0.2,True,0,0,0,0,2.4868995751603507e-14,0.0,0.0,0
Hog_office_Alexis,validation,2017-11-14,Weight_0.2,True,0,0,0,0,4.973799150320701e-14,0.0,0.0,0
Hog_office_Alexis,validation,2017-11-15,Weight_0.2,True,0,0,0,0,3.552713678800501e-14,0.0,0.0,0
Hog_office_Alexis,validation,2017-11-16,Weight_0.2,True,0,0,0,0,4.263256414560601e-14,0.0,0.0,0
Hog_office_Alexis,validation,2017-11-17,Weight_0.2,True,0,0,0,0,2.4868995751603507e-14,0.0,0.0,0
Hog_office_Alexis,validation,2017-11-18,Weight_0.2,True,0,0,0,0,9.237055564881302e-14,0.0,0.0,0
Hog_office_Alexis,validation,2017-11-19,Weight_0.2,True,0,0,0,0,2.0250467969162855e-13,0.0,0.0,0
Hog_office_Alexis,validation,2017-11-20,Weight_0.2,True,0,0,0,0,2.842170943040401e-14,0.0,0.0,0
Hog_office_Alexis,validation,2017-11-21,Weight_0.2,True,0,0,0,0,2.1316282072803006e-14,0.0,0.0,0
Hog_office_Alexis,validation,2017-11-22,Weight_0.2,True,0,0,0,0,3.197442310920451e-14,0.0,0.0,0
Hog_office_Alexis,validation,2017-11-23,Weight_0.2,True,0,0,0,0,3.552713678800501e-14,0.0,0.0,0
Hog_office_Alexis,validation,2017-11-24,Weight_0.2,True,0,0,0,0,2.842170943040401e-14,0.0,0.0,0
Hog_office_Alexis,validation,2017-11-25,Weight_0.2,True,0,0,0,0,1.4566126083082054e-13,0.0,0.0,0
Hog_office_Alexis,validation,2017-11-26,Weight_0.2,True,0,0,0,0,2.7000623958883807e-13,0.0,0.0,0
Hog_office_Alexis,validation,2017-11-27,Weight_0.2,True,0,0,0,0,1.1723955140041653e-13,0.0,0.0,0
Hog_office_Alexis,validation,2017-11-28,Weight_0.2,True,0,0,0,0,2.1316282072803006e-14,0.0,0.0,0
Hog_office_Alexis,validation,2017-11-29,Weight_0.2,True,0,0,0,0,3.552713678800501e-14,0.0,0.0,0
Hog_office_Alexis,validation,2017-11-30,Weight_0.2,True,0,0,0,0,7.105427357601002e-15,0.0,0.0,0
Hog_office_Alexis,validation,2017-11-02,Weight_0.3,True,0,0,0,0,2.7533531010703882e-14,0.0,0.0,0
Hog_office_Alexis,validation,2017-11-03,Weight_0.3,True,0,0,0,0,1.4210854715202004e-14,0.0,0.0,0
Hog_office_Alexis,validation,2017-11-04,Weight_0.3,True,0,0,0,0,6.394884621840902e-14,0.0,0.0,0
Hog_office_Alexis,validation,2017-11-05,Weight_0.3,True,0,0,0,0,3.907985046680551e-14,0.0,0.0,0
Hog_office_Alexis,validation,2017-11-06,Weight_0.3,True,0,0,0,0,2.4868995751603507e-14,0.0,0.0,0
Hog_office_Alexis,validation,2017-11-07,Weight_0.3,True,0,0,0,0,3.552713678800501e-14,0.0,0.0,0
Hog_office_Alexis,validation,2017-11-08,Weight_0.3,True,0,0,0,0,2.4868995751603507e-14,0.0,0.0,0
Hog_office_Alexis,validation,2017-11-09,Weight_0.3,True,0,0,0,0,1.4210854715202004e-14,0.0,0.0,0
Hog_office_Alexis,validation,2017-11-10,Weight_0.3,True,0,0,0,0,2.1316282072803006e-14,0.0,0.0,0
Hog_office_Alexis,validation,2017-11-11,Weight_0.3,True,0,0,0,0,6.039613253960852e-14,0.0,0.0,0
Hog_office_Alexis,validation,2017-11-12,Weight_0.3,True,0,0,0,0,6.750155989720952e-14,0.0,0.0,0
Hog_office_Alexis,validation,2017-11-13,Weight_0.3,True,0,0,0,0,1.4210854715202004e-14,0.0,0.0,0
Hog_office_Alexis,validation,2017-11-14,Weight_0.3,True,0,0,0,0,2.842170943040401e-14,0.0,0.0,0
Hog_office_Alexis,validation,2017-11-15,Weight_0.3,True,0,0,0,0,5.861977570020827e-14,0.0,0.0,0
Hog_office_Alexis,validation,2017-11-16,Weight_0.3,True,0,0,0,0,2.842170943040401e-14,0.0,0.0,0
Hog_office_Alexis,validation,2017-11-17,Weight_0.3,True,0,0,0,0,1.4210854715202004e-14,0.0,0.0,0
Hog_office_Alexis,validation,2017-11-18,Weight_0.3,True,0,0,0,0,1.1723955140041653e-13,0.0,0.0,0
Hog_office_Alexis,validation,2017-11-19,Weight_0.3,True,0,0,0,0,1.8474111129762605e-13,0.0,0.0,0
Hog_office_Alexis,validation,2017-11-20,Weight_0.3,True,0,0,0,0,2.842170943040401e-14,0.0,0.0,0
Hog_office_Alexis,validation,2017-11-21,Weight_0.3,True,0,0,0,0,7.105427357601002e-15,0.0,0.0,0
Hog_office_Alexis,validation,2017-11-22,Weight_0.3,True,0,0,0,0,1.4210854715202004e-14,0.0,0.0,0
Hog_office_Alexis,validation,2017-11-23,Weight_0.3,True,0,0,0,0,1.0658141036401503e-14,0.0,0.0,0
Hog_office_Alexis,validation,2017-11-24,Weight_0.3,True,0,0,0,0,2.842170943040401e-14,0.0,0.0,0
Hog_office_Alexis,validation,2017-11-25,Weight_0.3,True,0,0,0,0,1.0302869668521453e-13,0.0,0.0,0
Hog_office_Alexis,validation,2017-11-26,Weight_0.3,True,0,0,0,0,1.2434497875801753e-13,0.0,0.0,0
Hog_office_Alexis,validation,2017-11-27,Weight_0.3,True,0,0,0,0,2.842170943040401e-14,0.0,0.0,0
Hog_office_Alexis,validation,2017-11-28,Weight_0.3,True,0,0,0,0,2.1316282072803006e-14,0.0,0.0,0
Hog_office_Alexis,validation,2017-11-29,Weight_0.3,True,0,0,0,0,2.1316282072803006e-14,0.0,0.0,0
Hog_office_Alexis,validation,2017-11-30,Weight_0.3,True,0,0,0,0,4.973799150320701e-14,0.0,0.0,0
Hog_office_Alexis,validation,2017-11-02,Weight_0.4,True,0,0,0,0,3.197442310920451e-14,0.0,0.0,0
Hog_office_Alexis,validation,2017-11-03,Weight_0.4,True,0,0,0,0,4.263256414560601e-14,0.0,0.0,0
Hog_office_Alexis,validation,2017-11-04,Weight_0.4,True,0,0,0,0,1.1723955140041653e-13,0.0,0.0,0
Hog_office_Alexis,validation,2017-11-05,Weight_0.4,True,0,0,0,0,9.237055564881302e-14,0.0,0.0,0
Hog_office_Alexis,validation,2017-11-06,Weight_0.4,True,0,0,0,0,1.5987211554602254e-14,0.0,0.0,0
Hog_office_Alexis,validation,2017-11-07,Weight_0.4,True,0,0,0,0,2.1316282072803006e-14,0.0,0.0,0
Hog_office_Alexis,validation,2017-11-08,Weight_0.4,True,0,0,0,0,6.394884621840902e-14,0.0,0.0,0
Hog_office_Alexis,validation,2017-11-09,Weight_0.4,True,0,0,0,0,5.684341886080802e-14,0.0,0.0,0
Hog_office_Alexis,validation,2017-11-10,Weight_0.4,True,0,0,0,0,3.552713678800501e-14,0.0,0.0,0
Hog_office_Alexis,validation,2017-11-11,Weight_0.4,True,0,0,0,0,1.6697754290362354e-13,0.0,0.0,0
Hog_office_Alexis,validation,2017-11-12,Weight_0.4,True,0,0,0,0,7.460698725481052e-14,0.0,0.0,0
Hog_office_Alexis,validation,2017-11-13,Weight_0.4,True,0,0,0,0,5.684341886080802e-14,0.0,0.0,0
Hog_office_Alexis,validation,2017-11-14,Weight_0.4,True,0,0,0,0,3.552713678800501e-14,0.0,0.0,0
Hog_office_Alexis,validation,2017-11-15,Weight_0.4,True,0,0,0,0,1.4210854715202004e-14,0.0,0.0,0
Hog_office_Alexis,validation,2017-11-16,Weight_0.4,True,0,0,0,0,3.907985046680551e-14,0.0,0.0,0
Hog_office_Alexis,validation,2017-11-17,Weight_0.4,True,0,0,0,0,1.0658141036401503e-14,0.0,0.0,0
Hog_office_Alexis,validation,2017-11-18,Weight_0.4,True,0,0,0,0,8.171241461241152e-14,0.0,0.0,0
Hog_office_Alexis,validation,2017-11-19,Weight_0.4,True,0,0,0,0,1.3500311979441904e-13,0.0,0.0,0
Hog_office_Alexis,validation,2017-11-20,Weight_0.4,True,0,0,0,0,1.4210854715202004e-14,0.0,0.0,0
Hog_office_Alexis,validation,2017-11-21,Weight_0.4,True,0,0,0,0,3.552713678800501e-14,0.0,0.0,0
Hog_office_Alexis,validation,2017-11-22,Weight_0.4,True,0,0,0,0,1.4210854715202004e-14,0.0,0.0,0
Hog_office_Alexis,validation,2017-11-23,Weight_0.4,True,0,0,0,0,2.842170943040401e-14,0.0,0.0,0
Hog_office_Alexis,validation,2017-11-24,Weight_0.4,True,0,0,0,0,3.552713678800501e-14,0.0,0.0,0
Hog_office_Alexis,validation,2017-11-25,Weight_0.4,True,0,0,0,0,1.7408297026122455e-13,0.0,0.0,0
Hog_office_Alexis,validation,2017-11-26,Weight_0.4,True,0,0,0,0,7.815970093361102e-14,0.0,0.0,0
Hog_office_Alexis,validation,2017-11-27,Weight_0.4,True,0,0,0,0,1.3855583347321954e-13,0.0,0.0,0
Hog_office_Alexis,validation,2017-11-28,Weight_0.4,True,0,0,0,0,3.907985046680551e-14,0.0,0.0,0
Hog_office_Alexis,validation,2017-11-29,Weight_0.4,True,0,0,0,0,2.842170943040401e-14,0.0,0.0,0
Hog_office_Alexis,validation,2017-11-30,Weight_0.4,True,0,0,0,0,3.197442310920451e-14,0.0,0.0,0
Hog_office_Alexis,validation,2017-11-02,Weight_0.5,True,0,0,0,0,4.263256414560601e-14,0.0,0.0,0
Hog_office_Alexis,validation,2017-11-03,Weight_0.5,True,0,0,0,0,2.842170943040401e-14,0.0,0.0,0
Hog_office_Alexis,validation,2017-11-04,Weight_0.5,True,0,0,0,0,1.9539925233402755e-13,0.0,0.0,0
Hog_office_Alexis,validation,2017-11-05,Weight_0.5,True,0,0,0,0,1.2434497875801753e-13,0.0,0.0,0
Hog_office_Alexis,validation,2017-11-06,Weight_0.5,True,0,0,0,0,3.552713678800501e-14,0.0,0.0,0
Hog_office_Alexis,validation,2017-11-07,Weight_0.5,True,0,0,0,0,2.842170943040401e-14,0.0,0.0,0
Hog_office_Alexis,validation,2017-11-08,Weight_0.5,True,0,0,0,0,2.842170943040401e-14,0.0,0.0,0
Hog_office_Alexis,validation,2017-11-09,Weight_0.5,True,0,0,0,0,3.552713678800501e-14,0.0,0.0,0
Hog_office_Alexis,validation,2017-11-10,Weight_0.5,True,0,0,0,0,2.842170943040401e-14,0.0,0.0,0
Hog_office_Alexis,validation,2017-11-11,Weight_0.5,True,0,0,0,0,7.815970093361102e-14,0.0,0.0,0
Hog_office_Alexis,validation,2017-11-12,Weight_0.5,True,0,0,0,0,1.3855583347321954e-13,0.0,0.0,0
Hog_office_Alexis,validation,2017-11-13,Weight_0.5,True,0,0,0,0,4.263256414560601e-14,0.0,0.0,0
Hog_office_Alexis,validation,2017-11-14,Weight_0.5,True,0,0,0,0,2.1316282072803006e-14,0.0,0.0,0
Hog_office_Alexis,validation,2017-11-15,Weight_0.5,True,0,0,0,0,3.375077994860476e-14,0.0,0.0,0
Hog_office_Alexis,validation,2017-11-16,Weight_0.5,True,0,0,0,0,3.907985046680551e-14,0.0,0.0,0
Hog_office_Alexis,validation,2017-11-17,Weight_0.5,True,0,0,0,0,3.907985046680551e-14,0.0,0.0,0
Hog_office_Alexis,validation,2017-11-18,Weight_0.5,True,0,0,0,0,5.684341886080802e-14,0.0,0.0,0
Hog_office_Alexis,validation,2017-11-19,Weight_0.5,True,0,0,0,0,9.237055564881302e-14,0.0,0.0,0
Hog_office_Alexis,validation,2017-11-20,Weight_0.5,True,0,0,0,0,4.973799150320701e-14,0.0,0.0,0
Hog_office_Alexis,validation,2017-11-21,Weight_0.5,True,0,0,0,0,8.08242361927114e-14,0.0,0.0,0
Hog_office_Alexis,validation,2017-11-22,Weight_0.5,True,0,0,0,0,1.7763568394002505e-14,0.0,0.0,0
Hog_office_Alexis,validation,2017-11-23,Weight_0.5,True,0,0,0,0,2.1316282072803006e-14,0.0,0.0,0
Hog_office_Alexis,validation,2017-11-24,Weight_0.5,True,0,0,0,0,6.927791673660977e-14,0.0,0.0,0
Hog_office_Alexis,validation,2017-11-25,Weight_0.5,True,0,0,0,0,4.263256414560601e-14,0.0,0.0,0
Hog_office_Alexis,validation,2017-11-26,Weight_0.5,True,0,0,0,0,7.460698725481052e-14,0.0,0.0,0
Hog_office_Alexis,validation,2017-11-27,Weight_0.5,True,0,0,0,0,3.907985046680551e-14,0.0,0.0,0
Hog_office_Alexis,validation,2017-11-28,Weight_0.5,True,0,0,0,0,5.684341886080802e-14,0.0,0.0,0
Hog_office_Alexis,validation,2017-11-29,Weight_0.5,True,0,0,0,0,2.4868995751603507e-14,0.0,0.0,0
Hog_office_Alexis,validation,2017-11-30,Weight_0.5,True,0,0,0,0,2.842170943040401e-14,0.0,0.0,0
Hog_office_Alexis,validation,2017-11-02,Weight_0.6,True,0,0,0,0,2.1316282072803006e-14,0.0,0.0,0
Hog_office_Alexis,validation,2017-11-03,Weight_0.6,True,0,0,0,0,2.842170943040401e-14,0.0,0.0,0
Hog_office_Alexis,validation,2017-11-04,Weight_0.6,True,0,0,0,0,1.2434497875801753e-13,0.0,0.0,0
Hog_office_Alexis,validation,2017-11-05,Weight_0.6,True,0,0,0,0,8.881784197001252e-14,0.0,0.0,0
Hog_office_Alexis,validation,2017-11-06,Weight_0.6,True,0,0,0,0,3.552713678800501e-14,0.0,0.0,0
Hog_office_Alexis,validation,2017-11-07,Weight_0.6,True,0,0,0,0,2.842170943040401e-14,0.0,0.0,0
Hog_office_Alexis,validation,2017-11-08,Weight_0.6,True,0,0,0,0,1.7763568394002505e-14,0.0,0.0,0
Hog_office_Alexis,validation,2017-11-09,Weight_0.6,True,0,0,0,0,3.197442310920451e-14,0.0,0.0,0
Hog_office_Alexis,validation,2017-11-10,Weight_0.6,True,0,0,0,0,2.1316282072803006e-14,0.0,0.0,0
Hog_office_Alexis,validation,2017-11-11,Weight_0.6,True,0,0,0,0,9.947598300641403e-14,0.0,0.0,0
Hog_office_Alexis,validation,2017-11-12,Weight_0.6,True,0,0,0,0,1.0658141036401503e-13,0.0,0.0,0
Hog_office_Alexis,validation,2017-11-13,Weight_0.6,True,0,0,0,0,4.973799150320701e-14,0.0,0.0,0
Hog_office_Alexis,validation,2017-11-14,Weight_0.6,True,0,0,0,0,2.1316282072803006e-14,0.0,0.0,0
Hog_office_Alexis,validation,2017-11-15,Weight_0.6,True,0,0,0,0,3.197442310920451e-14,0.0,0.0,0
Hog_office_Alexis,validation,2017-11-16,Weight_0.6,True,0,0,0,0,1.4210854715202004e-14,0.0,0.0,0
Hog_office_Alexis,validation,2017-11-17,Weight_0.6,True,0,0,0,0,2.1316282072803006e-14,0.0,0.0,0
Hog_office_Alexis,validation,2017-11-18,Weight_0.6,True,0,0,0,0,7.105427357601002e-14,0.0,0.0,0
Hog_office_Alexis,validation,2017-11-19,Weight_0.6,True,0,0,0,0,9.237055564881302e-14,0.0,0.0,0
Hog_office_Alexis,validation,2017-11-20,Weight_0.6,True,0,0,0,0,6.927791673660977e-14,0.0,0.0,0
Hog_office_Alexis,validation,2017-11-21,Weight_0.6,True,0,0,0,0,2.842170943040401e-14,0.0,0.0,0
Hog_office_Alexis,validation,2017-11-22,Weight_0.6,True,0,0,0,0,1.4210854715202004e-14,0.0,0.0,0
Hog_office_Alexis,validation,2017-11-23,Weight_0.6,True,0,0,0,0,5.3290705182007514e-14,0.0,0.0,0
Hog_office_Alexis,validation,2017-11-24,Weight_0.6,True,0,0,0,0,2.0250467969162855e-13,0.0,0.0,0
Hog_office_Alexis,validation,2017-11-25,Weight_0.6,True,0,0,0,0,6.750155989720952e-14,0.0,0.0,0
Hog_office_Alexis,validation,2017-11-26,Weight_0.6,True,0,0,0,0,5.3290705182007514e-14,0.0,0.0,0
Hog_office_Alexis,validation,2017-11-27,Weight_0.6,True,0,0,0,0,2.1316282072803006e-14,0.0,0.0,0
Hog_office_Alexis,validation,2017-11-28,Weight_0.6,True,0,0,0,0,2.1316282072803006e-14,0.0,0.0,0
Hog_office_Alexis,validation,2017-11-29,Weight_0.6,True,0,0,0,0,2.842170943040401e-14,0.0,0.0,0
Hog_office_Alexis,validation,2017-11-30,Weight_0.6,True,0,0,0,0,1.7763568394002505e-14,0.0,0.0,0
Hog_office_Alexis,validation,2017-11-02,Weight_0.7,True,0,0,0,0,2.1316282072803006e-14,0.0,0.0,0
Hog_office_Alexis,validation,2017-11-03,Weight_0.7,True,0,0,0,0,2.1316282072803006e-14,0.0,0.0,0
Hog_office_Alexis,validation,2017-11-04,Weight_0.7,True,0,0,0,0,1.3145040611561853e-13,0.0,0.0,0
Hog_office_Alexis,validation,2017-11-05,Weight_0.7,True,0,0,0,0,8.881784197001252e-14,0.0,0.0,0
Hog_office_Alexis,validation,2017-11-06,Weight_0.7,True,0,0,0,0,2.842170943040401e-14,0.0,0.0,0
Hog_office_Alexis,validation,2017-11-07,Weight_0.7,True,0,0,0,0,3.552713678800501e-14,0.0,0.0,0
Hog_office_Alexis,validation,2017-11-08,Weight_0.7,True,0,0,0,0,1.7763568394002505e-14,0.0,0.0,0
Hog_office_Alexis,validation,2017-11-09,Weight_0.7,True,0,0,0,0,2.4868995751603507e-14,0.0,0.0,0
Hog_office_Alexis,validation,2017-11-10,Weight_0.7,True,0,0,0,0,2.1316282072803006e-14,0.0,0.0,0
Hog_office_Alexis,validation,2017-11-11,Weight_0.7,True,0,0,0,0,7.460698725481052e-14,0.0,0.0,0
Hog_office_Alexis,validation,2017-11-12,Weight_0.7,True,0,0,0,0,1.0658141036401503e-13,0.0,0.0,0
Hog_office_Alexis,validation,2017-11-13,Weight_0.7,True,0,0,0,0,2.4868995751603507e-14,0.0,0.0,0
Hog_office_Alexis,validation,2017-11-14,Weight_0.7,True,0,0,0,0,2.842170943040401e-14,0.0,0.0,0
Hog_office_Alexis,validation,2017-11-15,Weight_0.7,True,0,0,0,0,4.263256414560601e-14,0.0,0.0,0
Hog_office_Alexis,validation,2017-11-16,Weight_0.7,True,0,0,0,0,2.842170943040401e-14,0.0,0.0,0
Hog_office_Alexis,validation,2017-11-17,Weight_0.7,True,0,0,0,0,2.1316282072803006e-14,0.0,0.0,0
Hog_office_Alexis,validation,2017-11-18,Weight_0.7,True,0,0,0,0,9.947598300641403e-14,0.0,0.0,0
Hog_office_Alexis,validation,2017-11-19,Weight_0.7,True,0,0,0,0,1.7408297026122455e-13,0.0,0.0,0
Hog_office_Alexis,validation,2017-11-20,Weight_0.7,True,0,0,0,0,6.394884621840902e-14,0.0,0.0,0
Hog_office_Alexis,validation,2017-11-21,Weight_0.7,True,0,0,0,0,1.0658141036401503e-14,0.0,0.0,0
Hog_office_Alexis,validation,2017-11-22,Weight_0.7,True,0,0,0,0,3.197442310920451e-14,0.0,0.0,0
Hog_office_Alexis,validation,2017-11-23,Weight_0.7,True,0,0,0,0,1.4210854715202004e-14,0.0,0.0,0
Hog_office_Alexis,validation,2017-11-24,Weight_0.7,True,0,0,0,0,6.039613253960852e-14,0.0,0.0,0
Hog_office_Alexis,validation,2017-11-25,Weight_0.7,True,0,0,0,0,1.8118839761882555e-13,0.0,0.0,0
Hog_office_Alexis,validation,2017-11-26,Weight_0.7,True,0,0,0,0,3.552713678800501e-15,0.0,0.0,0
Hog_office_Alexis,validation,2017-11-27,Weight_0.7,True,0,0,0,0,2.842170943040401e-14,0.0,0.0,0
Hog_office_Alexis,validation,2017-11-28,Weight_0.7,True,0,0,0,0,2.842170943040401e-14,0.0,0.0,0
Hog_office_Alexis,validation,2017-11-29,Weight_0.7,True,0,0,0,0,3.552713678800501e-14,0.0,0.0,0
Hog_office_Alexis,validation,2017-11-30,Weight_0.7,True,0,0,0,0,4.263256414560601e-14,0.0,0.0,0
Hog_office_Alexis,validation,2017-11-02,Weight_0.8,True,0,0,0,0,4.263256414560601e-14,0.0,0.0,0
Hog_office_Alexis,validation,2017-11-03,Weight_0.8,True,0,0,0,0,4.263256414560601e-14,0.0,0.0,0
Hog_office_Alexis,validation,2017-11-04,Weight_0.8,True,0,0,0,0,6.750155989720952e-14,0.0,0.0,0
Hog_office_Alexis,validation,2017-11-05,Weight_0.8,True,0,0,0,0,1.1013412404281553e-13,0.0,0.0,0
Hog_office_Alexis,validation,2017-11-06,Weight_0.8,True,0,0,0,0,1.0658141036401503e-14,0.0,0.0,0
Hog_office_Alexis,validation,2017-11-07,Weight_0.8,True,0,0,0,0,4.263256414560601e-14,0.0,0.0,0
Hog_office_Alexis,validation,2017-11-08,Weight_0.8,True,0,0,0,0,2.1316282072803006e-14,0.0,0.0,0
Hog_office_Alexis,validation,2017-11-09,Weight_0.8,True,0,0,0,0,2.842170943040401e-14,0.0,0.0,0
Hog_office_Alexis,validation,2017-11-10,Weight_0.8,True,0,0,0,0,2.1316282072803006e-14,0.0,0.0,0
Hog_office_Alexis,validation,2017-11-11,Weight_0.8,True,0,0,0,0,1.3500311979441904e-13,0.0,0.0,0
Hog_office_Alexis,validation,2017-11-12,Weight_0.8,True,0,0,0,0,2.4513724383723456e-13,0.0,0.0,0
Hog_office_Alexis,validation,2017-11-13,Weight_0.8,True,0,0,0,0,3.907985046680551e-14,0.0,0.0,0
Hog_office_Alexis,validation,2017-11-14,Weight_0.8,True,0,0,0,0,1.7763568394002505e-14,0.0,0.0,0
Hog_office_Alexis,validation,2017-11-15,Weight_0.8,True,0,0,0,0,2.4868995751603507e-14,0.0,0.0,0
Hog_office_Alexis,validation,2017-11-16,Weight_0.8,True,0,0,0,0,1.7763568394002505e-14,0.0,0.0,0
Hog_office_Alexis,validation,2017-11-17,Weight_0.8,True,0,0,0,0,2.1316282072803006e-14,0.0,0.0,0
Hog_office_Alexis,validation,2017-11-18,Weight_0.8,True,0,0,0,0,4.263256414560601e-14,0.0,0.0,0
Hog_office_Alexis,validation,2017-11-19,Weight_0.8,True,0,0,0,0,1.9895196601282805e-13,0.0,0.0,0
Hog_office_Alexis,validation,2017-11-20,Weight_0.8,True,0,0,0,0,3.197442310920451e-14,0.0,0.0,0
Hog_office_Alexis,validation,2017-11-21,Weight_0.8,True,0,0,0,0,3.552713678800501e-14,0.0,0.0,0
Hog_office_Alexis,validation,2017-11-22,Weight_0.8,True,0,0,0,0,4.263256414560601e-14,0.0,0.0,0
Hog_office_Alexis,validation,2017-11-23,Weight_0.8,True,0,0,0,0,4.973799150320701e-14,0.0,0.0,0
Hog_office_Alexis,validation,2017-11-24,Weight_0.8,True,0,0,0,0,2.7000623958883807e-13,0.0,0.0,0
Hog_office_Alexis,validation,2017-11-25,Weight_0.8,True,0,0,0,0,1.2789769243681803e-13,0.0,0.0,0
Hog_office_Alexis,validation,2017-11-26,Weight_0.8,True,0,0,0,0,3.730349362740526e-14,0.0,0.0,0
Hog_office_Alexis,validation,2017-11-27,Weight_0.8,True,0,0,0,0,2.842170943040401e-14,0.0,0.0,0
Hog_office_Alexis,validation,2017-11-28,Weight_0.8,True,0,0,0,0,1.4210854715202004e-14,0.0,0.0,0
Hog_office_Alexis,validation,2017-11-29,Weight_0.8,True,0,0,0,0,4.263256414560601e-14,0.0,0.0,0
Hog_office_Alexis,validation,2017-11-30,Weight_0.8,True,0,0,0,0,2.1316282072803006e-14,0.0,0.0,0
Hog_office_Alexis,validation,2017-11-02,Weight_0.9,True,0,0,0,0,2.1316282072803006e-14,0.0,0.0,0
Hog_office_Alexis,validation,2017-11-03,Weight_0.9,True,0,0,0,0,3.197442310920451e-14,0.0,0.0,0
Hog_office_Alexis,validation,2017-11-04,Weight_0.9,True,0,0,0,0,9.947598300641403e-14,0.0,0.0,0
Hog_office_Alexis,validation,2017-11-05,Weight_0.9,True,0,0,0,0,1.8474111129762605e-13,0.0,0.0,0
Hog_office_Alexis,validation,2017-11-06,Weight_0.9,True,0,0,0,0,3.552713678800501e-14,0.0,0.0,0
Hog_office_Alexis,validation,2017-11-07,Weight_0.9,True,0,0,0,0,3.552713678800501e-14,0.0,0.0,0
Hog_office_Alexis,validation,2017-11-08,Weight_0.9,True,0,0,0,0,3.907985046680551e-14,0.0,0.0,0
Hog_office_Alexis,validation,2017-11-09,Weight_0.9,True,0,0,0,0,2.842170943040401e-14,0.0,0.0,0
Hog_office_Alexis,validation,2017-11-10,Weight_0.9,True,0,0,0,0,3.552713678800501e-14,0.0,0.0,0
Hog_office_Alexis,validation,2017-11-11,Weight_0.9,True,0,0,0,0,3.552713678800501e-14,0.0,0.0,0
Hog_office_Alexis,validation,2017-11-12,Weight_0.9,True,0,0,0,0,9.592326932761353e-14,0.0,0.0,0
Hog_office_Alexis,validation,2017-11-13,Weight_0.9,True,0,0,0,0,5.684341886080802e-14,0.0,0.0,0
Hog_office_Alexis,validation,2017-11-14,Weight_0.9,True,0,0,0,0,2.842170943040401e-14,0.0,0.0,0
Hog_office_Alexis,validation,2017-11-15,Weight_0.9,True,0,0,0,0,2.842170943040401e-14,0.0,0.0,0
Hog_office_Alexis,validation,2017-11-16,Weight_0.9,True,0,0,0,0,3.2862601528904634e-14,0.0,0.0,0
Hog_office_Alexis,validation,2017-11-17,Weight_0.9,True,0,0,0,0,5.684341886080802e-14,0.0,0.0,0
Hog_office_Alexis,validation,2017-11-18,Weight_0.9,True,0,0,0,0,7.105427357601002e-14,0.0,0.0,0
Hog_office_Alexis,validation,2017-11-19,Weight_0.9,True,0,0,0,0,3.019806626980426e-13,0.0,0.0,0
Hog_office_Alexis,validation,2017-11-20,Weight_0.9,True,0,0,0,0,2.842170943040401e-14,0.0,0.0,0
Hog_office_Alexis,validation,2017-11-21,Weight_0.9,True,0,0,0,0,2.1316282072803006e-14,0.0,0.0,0
Hog_office_Alexis,validation,2017-11-22,Weight_0.9,True,0,0,0,0,3.197442310920451e-14,0.0,0.0,0
Hog_office_Alexis,validation,2017-11-23,Weight_0.9,True,0,0,0,0,2.4868995751603507e-14,0.0,0.0,0
Hog_office_Alexis,validation,2017-11-24,Weight_0.9,True,0,0,0,0,1.9184653865522705e-13,0.0,0.0,0
Hog_office_Alexis,validation,2017-11-25,Weight_0.9,True,0,0,0,0,8.526512829121202e-14,0.0,0.0,0
Hog_office_Alexis,validation,2017-11-26,Weight_0.9,True,0,0,0,0,7.105427357601002e-14,0.0,0.0,0
Hog_office_Alexis,validation,2017-11-27,Weight_0.9,True,0,0,0,0,7.105427357601002e-15,0.0,0.0,0
Hog_office_Alexis,validation,2017-11-28,Weight_0.9,True,0,0,0,0,2.1316282072803006e-14,0.0,0.0,0
Hog_office_Alexis,validation,2017-11-29,Weight_0.9,True,0,0,0,0,1.5987211554602254e-14,0.0,0.0,0
Hog_office_Alexis,validation,2017-11-30,Weight_0.9,True,0,0,0,0,4.973799150320701e-14,0.0,0.0,0
Hog_office_Alexis,validation,2017-11-02,Weight_1.0,True,0,0,0,0,3.552713678800501e-14,0.0,0.0,0
Hog_office_Alexis,validation,2017-11-03,Weight_1.0,True,0,0,0,0,2.1316282072803006e-14,0.0,0.0,0
Hog_office_Alexis,validation,2017-11-04,Weight_1.0,True,0,0,0,0,1.0302869668521453e-13,0.0,0.0,0
Hog_office_Alexis,validation,2017-11-05,Weight_1.0,True,0,0,0,0,7.105427357601002e-14,0.0,0.0,0
Hog_office_Alexis,validation,2017-11-06,Weight_1.0,True,0,0,0,0,2.842170943040401e-14,0.0,0.0,0
Hog_office_Alexis,validation,2017-11-07,Weight_1.0,True,0,0,0,0,2.842170943040401e-14,0.0,0.0,0
Hog_office_Alexis,validation,2017-11-08,Weight_1.0,True,0,0,0,0,2.842170943040401e-14,0.0,0.0,0
Hog_office_Alexis,validation,2017-11-09,Weight_1.0,True,0,0,0,0,2.842170943040401e-14,0.0,0.0,0
Hog_office_Alexis,validation,2017-11-10,Weight_1.0,True,0,0,0,0,1.7763568394002505e-14,0.0,0.0,0
Hog_office_Alexis,validation,2017-11-11,Weight_1.0,True,0,0,0,0,2.842170943040401e-14,0.0,0.0,0
Hog_office_Alexis,validation,2017-11-12,Weight_1.0,True,0,0,0,0,1.9895196601282805e-13,0.0,0.0,0
Hog_office_Alexis,validation,2017-11-13,Weight_1.0,True,0,0,0,0,2.842170943040401e-14,0.0,0.0,0
Hog_office_Alexis,validation,2017-11-14,Weight_1.0,True,0,0,0,0,3.552713678800501e-14,0.0,0.0,0
Hog_office_Alexis,validation,2017-11-15,Weight_1.0,True,0,0,0,0,2.1316282072803006e-14,0.0,0.0,0
Hog_office_Alexis,validation,2017-11-16,Weight_1.0,True,0,0,0,0,1.4210854715202004e-14,0.0,0.0,0
Hog_office_Alexis,validation,2017-11-17,Weight_1.0,True,0,0,0,0,1.4210854715202004e-14,0.0,0.0,0
Hog_office_Alexis,validation,2017-11-18,Weight_1.0,True,0,0,0,0,3.907985046680551e-14,0.0,0.0,0
Hog_office_Alexis,validation,2017-11-19,Weight_1.0,True,0,0,0,0,1.2434497875801753e-13,0.0,0.0,0
Hog_office_Alexis,validation,2017-11-20,Weight_1.0,True,0,0,0,0,5.861977570020827e-14,0.0,0.0,0
Hog_office_Alexis,validation,2017-11-21,Weight_1.0,True,0,0,0,0,2.1316282072803006e-14,0.0,0.0,0
Hog_office_Alexis,validation,2017-11-22,Weight_1.0,True,0,0,0,0,2.4868995751603507e-14,0.0,0.0,0
Hog_office_Alexis,validation,2017-11-23,Weight_1.0,True,0,0,0,0,2.842170943040401e-14,0.0,0.0,0
Hog_office_Alexis,validation,2017-11-24,Weight_1.0,True,0,0,0,0,4.973799150320701e-14,0.0,0.0,0
Hog_office_Alexis,validation,2017-11-25,Weight_1.0,True,0,0,0,0,1.1013412404281553e-13,0.0,0.0,0
Hog_office_Alexis,validation,2017-11-26,Weight_1.0,True,0,0,0,0,9.947598300641403e-14,0.0,0.0,0
Hog_office_Alexis,validation,2017-11-27,Weight_1.0,True,0,0,0,0,9.592326932761353e-14,0.0,0.0,0
Hog_office_Alexis,validation,2017-11-28,Weight_1.0,True,0,0,0,0,2.1316282072803006e-14,0.0,0.0,0
Hog_office_Alexis,validation,2017-11-29,Weight_1.0,True,0,0,0,0,2.1316282072803006e-14,0.0,0.0,0
Hog_office_Alexis,validation,2017-11-30,Weight_1.0,True,0,0,0,0,2.842170943040401e-14,0.0,0.0,0
Hog_office_Byron,validation,2017-11-02,Oracle,True,0,0,0,0,4.092726157978177e-12,0.0,0.0,0
Hog_office_Byron,validation,2017-11-03,Oracle,True,0,0,0,0,2.6147972675971687e-12,0.0,0.0,0
Hog_office_Byron,validation,2017-11-04,Oracle,True,0,0,0,0,2.0463630789890885e-12,0.0,0.0,0
Hog_office_Byron,validation,2017-11-05,Oracle,True,0,0,0,0,3.296918293926865e-12,0.0,0.0,0
Hog_office_Byron,validation,2017-11-06,Oracle,True,0,0,0,0,2.5920599000528455e-11,0.0,0.0,0
Hog_office_Byron,validation,2017-11-07,Oracle,True,0,0,0,0,2.0463630789890885e-12,0.0,0.0,0
Hog_office_Byron,validation,2017-11-08,Oracle,True,0,0,0,0,2.7284841053187847e-12,0.0,0.0,0
Hog_office_Byron,validation,2017-11-09,Oracle,True,0,0,0,0,2.5011104298755527e-12,0.0,0.0,0
Hog_office_Byron,validation,2017-11-10,Oracle,True,0,0,0,0,4.433786671143025e-12,0.0,0.0,0
Hog_office_Byron,validation,2017-11-11,Oracle,True,0,0,0,0,3.865352482534945e-12,0.0,0.0,0
Hog_office_Byron,validation,2017-11-12,Oracle,True,0,0,0,0,1.8189894035458565e-12,0.0,0.0,0
Hog_office_Byron,validation,2017-11-13,Oracle,True,0,0,0,0,2.2737367544323206e-12,0.0,0.0,0
Hog_office_Byron,validation,2017-11-14,Oracle,True,0,0,0,0,2.3874235921539366e-12,0.0,0.0,0
Hog_office_Byron,validation,2017-11-15,Oracle,True,0,0,0,0,1.0231815394945443e-11,0.0,0.0,0
Hog_office_Byron,validation,2017-11-16,Oracle,True,0,0,0,0,2.2737367544323206e-12,0.0,0.0,0
Hog_office_Byron,validation,2017-11-17,Oracle,True,0,0,0,0,1.5916157281026244e-12,0.0,0.0,0
Hog_office_Byron,validation,2017-11-18,Oracle,True,0,0,0,0,5.229594535194337e-12,0.0,0.0,0
Hog_office_Byron,validation,2017-11-19,Oracle,True,0,0,0,0,2.2737367544323206e-12,0.0,0.0,0
Hog_office_Byron,validation,2017-11-20,Oracle,True,0,0,0,0,2.5011104298755527e-12,0.0,0.0,0
Hog_office_Byron,validation,2017-11-21,Oracle,True,0,0,0,0,2.2737367544323206e-12,0.0,0.0,0
Hog_office_Byron,validation,2017-11-22,Oracle,True,0,0,0,0,2.2737367544323206e-12,0.0,0.0,0
Hog_office_Byron,validation,2017-11-23,Oracle,True,0,0,0,0,4.547473508864641e-12,0.0,0.0,0
Hog_office_Byron,validation,2017-11-24,Oracle,True,0,0,0,0,2.7284841053187847e-12,0.0,0.0,0
Hog_office_Byron,validation,2017-11-25,Oracle,True,0,0,0,0,2.5011104298755527e-12,0.0,0.0,0
Hog_office_Byron,validation,2017-11-26,Oracle,True,0,0,0,0,5.9117155615240335e-12,0.0,0.0,0
Hog_office_Byron,validation,2017-11-27,Oracle,True,0,0,0,0,2.0463630789890885e-12,0.0,0.0,0
Hog_office_Byron,validation,2017-11-28,Oracle,True,0,0,0,0,2.0463630789890885e-12,0.0,0.0,0
Hog_office_Byron,validation,2017-11-29,Oracle,True,0,0,0,0,3.865352482534945e-12,0.0,0.0,0
Hog_office_Byron,validation,2017-11-30,Oracle,True,0,0,0,0,2.9558577807620168e-12,0.0,0.0,0
Hog_office_Byron,validation,2017-11-02,Weight_0.0,True,0,0,0,0,7.275957614183426e-12,0.0,0.0,0
Hog_office_Byron,validation,2017-11-03,Weight_0.0,True,0,0,0,0,1.3642420526593924e-12,0.0,0.0,0
Hog_office_Byron,validation,2017-11-04,Weight_0.0,True,0,0,0,0,3.865352482534945e-12,0.0,0.0,0
Hog_office_Byron,validation,2017-11-05,Weight_0.0,True,0,0,0,0,3.865352482534945e-12,0.0,0.0,0
Hog_office_Byron,validation,2017-11-06,Weight_0.0,True,0,0,0,0,1.5916157281026244e-12,0.0,0.0,0
Hog_office_Byron,validation,2017-11-07,Weight_0.0,True,0,0,0,0,3.979039320256561e-12,0.0,0.0,0
Hog_office_Byron,validation,2017-11-08,Weight_0.0,True,0,0,0,0,2.5011104298755527e-12,0.0,0.0,0
Hog_office_Byron,validation,2017-11-09,Weight_0.0,True,0,0,0,0,3.637978807091713e-12,0.0,0.0,0
Hog_office_Byron,validation,2017-11-10,Weight_0.0,True,0,0,0,0,2.2737367544323206e-12,0.0,0.0,0
Hog_office_Byron,validation,2017-11-11,Weight_0.0,True,0,0,0,0,1.1368683772161603e-12,0.0,0.0,0
Hog_office_Byron,validation,2017-11-12,Weight_0.0,True,0,0,0,0,6.366462912410498e-12,0.0,0.0,0
Hog_office_Byron,validation,2017-11-13,Weight_0.0,True,0,0,0,0,3.865352482534945e-12,0.0,0.0,0
Hog_office_Byron,validation,2017-11-14,Weight_0.0,True,0,0,0,0,3.410605131648481e-12,0.0,0.0,0
Hog_office_Byron,validation,2017-11-15,Weight_0.0,True,0,0,0,0,3.0127011996228248e-12,0.0,0.0,0
Hog_office_Byron,validation,2017-11-16,Weight_0.0,True,0,0,0,0,1.8189894035458565e-12,0.0,0.0,0
Hog_office_Byron,validation,2017-11-17,Weight_0.0,True,0,0,0,0,5.6843418860808015e-12,0.0,0.0,0
Hog_office_Byron,validation,2017-11-18,Weight_0.0,True,0,0,0,0,6.139089236967266e-12,0.0,0.0,0
Hog_office_Byron,validation,2017-11-19,Weight_0.0,True,0,0,0,0,4.547473508864641e-12,0.0,0.0,0
Hog_office_Byron,validation,2017-11-20,Weight_0.0,True,0,0,0,0,3.410605131648481e-12,0.0,0.0,0
Hog_office_Byron,validation,2017-11-21,Weight_0.0,True,0,0,0,0,1.5916157281026244e-12,0.0,0.0,0
Hog_office_Byron,validation,2017-11-22,Weight_0.0,True,0,0,0,0,2.773958840407431e-11,0.0,0.0,0
Hog_office_Byron,validation,2017-11-23,Weight_0.0,True,0,0,0,0,1.9099388737231493e-11,0.0,0.0,0
Hog_office_Byron,validation,2017-11-24,Weight_0.0,True,0,0,0,0,4.092726157978177e-12,0.0,0.0,0
Hog_office_Byron,validation,2017-11-25,Weight_0.0,True,0,0,0,0,3.183231456205249e-12,0.0,0.0,0
Hog_office_Byron,validation,2017-11-26,Weight_0.0,True,0,0,0,0,2.9558577807620168e-12,0.0,0.0,0
Hog_office_Byron,validation,2017-11-27,Weight_0.0,True,0,0,0,0,4.092726157978177e-12,0.0,0.0,0
Hog_office_Byron,validation,2017-11-28,Weight_0.0,True,0,0,0,0,2.3874235921539366e-12,0.0,0.0,0
Hog_office_Byron,validation,2017-11-29,Weight_0.0,True,0,0,0,0,3.183231456205249e-12,0.0,0.0,0
Hog_office_Byron,validation,2017-11-30,Weight_0.0,True,0,0,0,0,1.3642420526593924e-12,0.0,0.0,0
Hog_office_Byron,validation,2017-11-02,Weight_0.1,True,0,0,0,0,2.2737367544323206e-12,0.0,0.0,0
Hog_office_Byron,validation,2017-11-03,Weight_0.1,True,0,0,0,0,1.5916157281026244e-12,0.0,0.0,0
Hog_office_Byron,validation,2017-11-04,Weight_0.1,True,0,0,0,0,4.774847184307873e-12,0.0,0.0,0
Hog_office_Byron,validation,2017-11-05,Weight_0.1,True,0,0,0,0,4.092726157978177e-12,0.0,0.0,0
Hog_office_Byron,validation,2017-11-06,Weight_0.1,True,0,0,0,0,1.3642420526593924e-12,0.0,0.0,0
Hog_office_Byron,validation,2017-11-07,Weight_0.1,True,0,0,0,0,2.5011104298755527e-12,0.0,0.0,0
Hog_office_Byron,validation,2017-11-08,Weight_0.1,True,0,0,0,0,3.865352482534945e-12,0.0,0.0,0
Hog_office_Byron,validation,2017-11-09,Weight_0.1,True,0,0,0,0,3.865352482534945e-12,0.0,0.0,0
Hog_office_Byron,validation,2017-11-10,Weight_0.1,True,0,0,0,0,1.8189894035458565e-12,0.0,0.0,0
Hog_office_Byron,validation,2017-11-11,Weight_0.1,True,0,0,0,0,2.9558577807620168e-12,0.0,0.0,0
Hog_office_Byron,validation,2017-11-12,Weight_0.1,True,0,0,0,0,2.7284841053187847e-12,0.0,0.0,0
Hog_office_Byron,validation,2017-11-13,Weight_0.1,True,0,0,0,0,1.8189894035458565e-12,0.0,0.0,0
Hog_office_Byron,validation,2017-11-14,Weight_0.1,True,0,0,0,0,1.6484591469634324e-12,0.0,0.0,0
Hog_office_Byron,validation,2017-11-15,Weight_0.1,True,0,0,0,0,1.8189894035458565e-12,0.0,0.0,0
Hog_office_Byron,validation,2017-11-16,Weight_0.1,True,0,0,0,0,1.9326762412674725e-12,0.0,0.0,0
Hog_office_Byron,validation,2017-11-17,Weight_0.1,True,0,0,0,0,2.9558577807620168e-12,0.0,0.0,0
Hog_office_Byron,validation,2017-11-18,Weight_0.1,True,0,0,0,0,9.777068044058979e-12,0.0,0.0,0
Hog_office_Byron,validation,2017-11-19,Weight_0.1,True,0,0,0,0,2.5011104298755527e-12,0.0,0.0,0
Hog_office_Byron,validation,2017-11-20,Weight_0.1,True,0,0,0,0,6.821210263296962e-13,0.0,0.0,0
Hog_office_Byron,validation,2017-11-21,Weight_0.1,True,0,0,0,0,3.865352482534945e-12,0.0,0.0,0
Hog_office_Byron,validation,2017-11-22,Weight_0.1,True,0,0,0,0,2.751221472863108e-11,0.0,0.0,0
Hog_office_Byron,validation,2017-11-23,Weight_0.1,True,0,0,0,0,3.296918293926865e-12,0.0,0.0,0
Hog_office_Byron,validation,2017-11-24,Weight_0.1,True,0,0,0,0,2.2737367544323206e-12,0.0,0.0,0
Hog_office_Byron,validation,2017-11-25,Weight_0.1,True,0,0,0,0,6.821210263296962e-12,0.0,0.0,0
Hog_office_Byron,validation,2017-11-26,Weight_0.1,True,0,0,0,0,2.0463630789890885e-12,0.0,0.0,0
Hog_office_Byron,validation,2017-11-27,Weight_0.1,True,0,0,0,0,2.2737367544323206e-12,0.0,0.0,0
Hog_office_Byron,validation,2017-11-28,Weight_0.1,True,0,0,0,0,3.637978807091713e-12,0.0,0.0,0
Hog_office_Byron,validation,2017-11-29,Weight_0.1,True,0,0,0,0,1.5234036254696548e-11,0.0,0.0,0
Hog_office_Byron,validation,2017-11-30,Weight_0.1,True,0,0,0,0,2.2737367544323206e-12,0.0,0.0,0
Hog_office_Byron,validation,2017-11-02,Weight_0.2,True,0,0,0,0,1.8189894035458565e-12,0.0,0.0,0
Hog_office_Byron,validation,2017-11-03,Weight_0.2,True,0,0,0,0,1.7962520360015333e-11,0.0,0.0,0
Hog_office_Byron,validation,2017-11-04,Weight_0.2,True,0,0,0,0,3.865352482534945e-12,0.0,0.0,0
Hog_office_Byron,validation,2017-11-05,Weight_0.2,True,0,0,0,0,3.410605131648481e-12,0.0,0.0,0
Hog_office_Byron,validation,2017-11-06,Weight_0.2,True,0,0,0,0,3.183231456205249e-12,0.0,0.0,0
Hog_office_Byron,validation,2017-11-07,Weight_0.2,True,0,0,0,0,2.5011104298755527e-12,0.0,0.0,0
Hog_office_Byron,validation,2017-11-08,Weight_0.2,True,0,0,0,0,2.7284841053187847e-12,0.0,0.0,0
Hog_office_Byron,validation,2017-11-09,Weight_0.2,True,0,0,0,0,8.640199666842818e-12,0.0,0.0,0
Hog_office_Byron,validation,2017-11-10,Weight_0.2,True,0,0,0,0,3.865352482534945e-12,0.0,0.0,0
Hog_office_Byron,validation,2017-11-11,Weight_0.2,True,0,0,0,0,7.275957614183426e-12,0.0,0.0,0
Hog_office_Byron,validation,2017-11-12,Weight_0.2,True,0,0,0,0,2.5011104298755527e-12,0.0,0.0,0
Hog_office_Byron,validation,2017-11-13,Weight_0.2,True,0,0,0,0,2.0463630789890885e-12,0.0,0.0,0
Hog_office_Byron,validation,2017-11-14,Weight_0.2,True,0,0,0,0,2.7284841053187847e-12,0.0,0.0,0
Hog_office_Byron,validation,2017-11-15,Weight_0.2,True,0,0,0,0,3.410605131648481e-12,0.0,0.0,0
Hog_office_Byron,validation,2017-11-16,Weight_0.2,True,0,0,0,0,4.297362465877086e-11,0.0,0.0,0
Hog_office_Byron,validation,2017-11-17,Weight_0.2,True,0,0,0,0,4.547473508864641e-12,0.0,0.0,0
Hog_office_Byron,validation,2017-11-18,Weight_0.2,True,0,0,0,0,7.275957614183426e-12,0.0,0.0,0
Hog_office_Byron,validation,2017-11-19,Weight_0.2,True,0,0,0,0,3.410605131648481e-12,0.0,0.0,0
Hog_office_Byron,validation,2017-11-20,Weight_0.2,True,0,0,0,0,1.5916157281026244e-12,0.0,0.0,0
Hog_office_Byron,validation,2017-11-21,Weight_0.2,True,0,0,0,0,6.139089236967266e-12,0.0,0.0,0
Hog_office_Byron,validation,2017-11-22,Weight_0.2,True,0,0,0,0,2.2737367544323206e-12,0.0,0.0,0
Hog_office_Byron,validation,2017-11-23,Weight_0.2,True,0,0,0,0,1.8189894035458565e-12,0.0,0.0,0
Hog_office_Byron,validation,2017-11-24,Weight_0.2,True,0,0,0,0,4.320099833421409e-12,0.0,0.0,0
Hog_office_Byron,validation,2017-11-25,Weight_0.2,True,0,0,0,0,5.6843418860808015e-12,0.0,0.0,0
Hog_office_Byron,validation,2017-11-26,Weight_0.2,True,0,0,0,0,1.8189894035458565e-12,0.0,0.0,0
Hog_office_Byron,validation,2017-11-27,Weight_0.2,True,0,0,0,0,5.9117155615240335e-12,0.0,0.0,0
Hog_office_Byron,validation,2017-11-28,Weight_0.2,True,0,0,0,0,3.637978807091713e-12,0.0,0.0,0
Hog_office_Byron,validation,2017-11-29,Weight_0.2,True,0,0,0,0,1.5916157281026244e-12,0.0,0.0,0
Hog_office_Byron,validation,2017-11-30,Weight_0.2,True,0,0,0,0,4.433786671143025e-12,0.0,0.0,0
Hog_office_Byron,validation,2017-11-02,Weight_0.3,True,0,0,0,0,6.366462912410498e-12,0.0,0.0,0
Hog_office_Byron,validation,2017-11-03,Weight_0.3,True,0,0,0,0,4.888534022029489e-12,0.0,0.0,0
Hog_office_Byron,validation,2017-11-04,Weight_0.3,True,0,0,0,0,1.8189894035458565e-12,0.0,0.0,0
Hog_office_Byron,validation,2017-11-05,Weight_0.3,True,0,0,0,0,4.320099833421409e-12,0.0,0.0,0
Hog_office_Byron,validation,2017-11-06,Weight_0.3,True,0,0,0,0,3.865352482534945e-12,0.0,0.0,0
Hog_office_Byron,validation,2017-11-07,Weight_0.3,True,0,0,0,0,2.7284841053187847e-12,0.0,0.0,0
Hog_office_Byron,validation,2017-11-08,Weight_0.3,True,0,0,0,0,5.9117155615240335e-12,0.0,0.0,0
Hog_office_Byron,validation,2017-11-09,Weight_0.3,True,0,0,0,0,4.320099833421409e-12,0.0,0.0,0
Hog_office_Byron,validation,2017-11-10,Weight_0.3,True,0,0,0,0,2.7284841053187847e-12,0.0,0.0,0
Hog_office_Byron,validation,2017-11-11,Weight_0.3,True,0,0,0,0,3.865352482534945e-12,0.0,0.0,0
Hog_office_Byron,validation,2017-11-12,Weight_0.3,True,0,0,0,0,4.092726157978177e-12,0.0,0.0,0
Hog_office_Byron,validation,2017-11-13,Weight_0.3,True,0,0,0,0,2.2737367544323206e-12,0.0,0.0,0
Hog_office_Byron,validation,2017-11-14,Weight_0.3,True,0,0,0,0,2.9558577807620168e-12,0.0,0.0,0
Hog_office_Byron,validation,2017-11-15,Weight_0.3,True,0,0,0,0,2.0463630789890885e-12,0.0,0.0,0
Hog_office_Byron,validation,2017-11-16,Weight_0.3,True,0,0,0,0,4.2518877307884395e-11,0.0,0.0,0
Hog_office_Byron,validation,2017-11-17,Weight_0.3,True,0,0,0,0,5.6843418860808015e-12,0.0,0.0,0
Hog_office_Byron,validation,2017-11-18,Weight_0.3,True,0,0,0,0,2.7284841053187847e-12,0.0,0.0,0
Hog_office_Byron,validation,2017-11-19,Weight_0.3,True,0,0,0,0,2.5011104298755527e-12,0.0,0.0,0
Hog_office_Byron,validation,2017-11-20,Weight_0.3,True,0,0,0,0,3.183231456205249e-12,0.0,0.0,0
Hog_office_Byron,validation,2017-11-21,Weight_0.3,True,0,0,0,0,2.2737367544323206e-12,0.0,0.0,0
Hog_office_Byron,validation,2017-11-22,Weight_0.3,True,0,0,0,0,1.3642420526593924e-12,0.0,0.0,0
Hog_office_Byron,validation,2017-11-23,Weight_0.3,True,0,0,0,0,1.5916157281026244e-12,0.0,0.0,0
Hog_office_Byron,validation,2017-11-24,Weight_0.3,True,0,0,0,0,3.410605131648481e-12,0.0,0.0,0
Hog_office_Byron,validation,2017-11-25,Weight_0.3,True,0,0,0,0,4.320099833421409e-12,0.0,0.0,0
Hog_office_Byron,validation,2017-11-26,Weight_0.3,True,0,0,0,0,2.7284841053187847e-12,0.0,0.0,0
Hog_office_Byron,validation,2017-11-27,Weight_0.3,True,0,0,0,0,2.0463630789890885e-12,0.0,0.0,0
Hog_office_Byron,validation,2017-11-28,Weight_0.3,True,0,0,0,0,3.410605131648481e-12,0.0,0.0,0
Hog_office_Byron,validation,2017-11-29,Weight_0.3,True,0,0,0,0,2.2737367544323206e-12,0.0,0.0,0
Hog_office_Byron,validation,2017-11-30,Weight_0.3,True,0,0,0,0,2.0463630789890885e-12,0.0,0.0,0
Hog_office_Byron,validation,2017-11-02,Weight_0.4,True,0,0,0,0,2.5011104298755527e-12,0.0,0.0,0
Hog_office_Byron,validation,2017-11-03,Weight_0.4,True,0,0,0,0,2.2737367544323206e-12,0.0,0.0,0
Hog_office_Byron,validation,2017-11-04,Weight_0.4,True,0,0,0,0,3.183231456205249e-12,0.0,0.0,0
Hog_office_Byron,validation,2017-11-05,Weight_0.4,True,0,0,0,0,2.5011104298755527e-12,0.0,0.0,0
Hog_office_Byron,validation,2017-11-06,Weight_0.4,True,0,0,0,0,2.2737367544323206e-12,0.0,0.0,0
Hog_office_Byron,validation,2017-11-07,Weight_0.4,True,0,0,0,0,2.7284841053187847e-12,0.0,0.0,0
Hog_office_Byron,validation,2017-11-08,Weight_0.4,True,0,0,0,0,5.4569682106375694e-12,0.0,0.0,0
Hog_office_Byron,validation,2017-11-09,Weight_0.4,True,0,0,0,0,2.2737367544323206e-12,0.0,0.0,0
Hog_office_Byron,validation,2017-11-10,Weight_0.4,True,0,0,0,0,2.0463630789890885e-12,0.0,0.0,0
Hog_office_Byron,validation,2017-11-11,Weight_0.4,True,0,0,0,0,2.7284841053187847e-12,0.0,0.0,0
Hog_office_Byron,validation,2017-11-12,Weight_0.4,True,0,0,0,0,2.5011104298755527e-12,0.0,0.0,0
Hog_office_Byron,validation,2017-11-13,Weight_0.4,True,0,0,0,0,1.2505552149377763e-12,0.0,0.0,0
Hog_office_Byron,validation,2017-11-14,Weight_0.4,True,0,0,0,0,2.8421709430404007e-12,0.0,0.0,0
Hog_office_Byron,validation,2017-11-15,Weight_0.4,True,0,0,0,0,1.8189894035458565e-12,0.0,0.0,0
Hog_office_Byron,validation,2017-11-16,Weight_0.4,True,0,0,0,0,1.2732925824820995e-11,0.0,0.0,0
Hog_office_Byron,validation,2017-11-17,Weight_0.4,True,0,0,0,0,3.410605131648481e-12,0.0,0.0,0
Hog_office_Byron,validation,2017-11-18,Weight_0.4,True,0,0,0,0,2.2737367544323206e-12,0.0,0.0,0
Hog_office_Byron,validation,2017-11-19,Weight_0.4,True,0,0,0,0,3.183231456205249e-12,0.0,0.0,0
Hog_office_Byron,validation,2017-11-20,Weight_0.4,True,0,0,0,0,2.2737367544323206e-12,0.0,0.0,0
Hog_office_Byron,validation,2017-11-21,Weight_0.4,True,0,0,0,0,3.183231456205249e-12,0.0,0.0,0
Hog_office_Byron,validation,2017-11-22,Weight_0.4,True,0,0,0,0,5.4569682106375694e-12,0.0,0.0,0
Hog_office_Byron,validation,2017-11-23,Weight_0.4,True,0,0,0,0,1.6370904631912708e-11,0.0,0.0,0
Hog_office_Byron,validation,2017-11-24,Weight_0.4,True,0,0,0,0,3.183231456205249e-12,0.0,0.0,0
Hog_office_Byron,validation,2017-11-25,Weight_0.4,True,0,0,0,0,2.5011104298755527e-12,0.0,0.0,0
Hog_office_Byron,validation,2017-11-26,Weight_0.4,True,0,0,0,0,3.183231456205249e-12,0.0,0.0,0
Hog_office_Byron,validation,2017-11-27,Weight_0.4,True,0,0,0,0,1.5916157281026244e-12,0.0,0.0,0
Hog_office_Byron,validation,2017-11-28,Weight_0.4,True,0,0,0,0,1.5916157281026244e-12,0.0,0.0,0
Hog_office_Byron,validation,2017-11-29,Weight_0.4,True,0,0,0,0,9.094947017729282e-13,0.0,0.0,0
Hog_office_Byron,validation,2017-11-30,Weight_0.4,True,0,0,0,0,5.002220859751105e-12,0.0,0.0,0
Hog_office_Byron,validation,2017-11-02,Weight_0.5,True,0,0,0,0,3.296918293926865e-12,0.0,0.0,0
Hog_office_Byron,validation,2017-11-03,Weight_0.5,True,0,0,0,0,1.0800249583553523e-12,0.0,0.0,0
Hog_office_Byron,validation,2017-11-04,Weight_0.5,True,0,0,0,0,3.637978807091713e-12,0.0,0.0,0
Hog_office_Byron,validation,2017-11-05,Weight_0.5,True,0,0,0,0,3.183231456205249e-12,0.0,0.0,0
Hog_office_Byron,validation,2017-11-06,Weight_0.5,True,0,0,0,0,1.1368683772161603e-12,0.0,0.0,0
Hog_office_Byron,validation,2017-11-07,Weight_0.5,True,0,0,0,0,2.7284841053187847e-12,0.0,0.0,0
Hog_office_Byron,validation,2017-11-08,Weight_0.5,True,0,0,0,0,4.320099833421409e-12,0.0,0.0,0
Hog_office_Byron,validation,2017-11-09,Weight_0.5,True,0,0,0,0,3.183231456205249e-12,0.0,0.0,0
Hog_office_Byron,validation,2017-11-10,Weight_0.5,True,0,0,0,0,1.4779288903810084e-12,0.0,0.0,0
Hog_office_Byron,validation,2017-11-11,Weight_0.5,True,0,0,0,0,6.821210263296962e-12,0.0,0.0,0
Hog_office_Byron,validation,2017-11-12,Weight_0.5,True,0,0,0,0,4.547473508864641e-12,0.0,0.0,0
Hog_office_Byron,validation,2017-11-13,Weight_0.5,True,0,0,0,0,2.0463630789890885e-12,0.0,0.0,0
Hog_office_Byron,validation,2017-11-14,Weight_0.5,True,0,0,0,0,1.5916157281026244e-12,0.0,0.0,0
Hog_office_Byron,validation,2017-11-15,Weight_0.5,True,0,0,0,0,1.8189894035458565e-12,0.0,0.0,0
Hog_office_Byron,validation,2017-11-16,Weight_0.5,True,0,0,0,0,3.979039320256561e-12,0.0,0.0,0
Hog_office_Byron,validation,2017-11-17,Weight_0.5,True,0,0,0,0,4.092726157978177e-12,0.0,0.0,0
Hog_office_Byron,validation,2017-11-18,Weight_0.5,True,0,0,0,0,5.4569682106375694e-12,0.0,0.0,0
Hog_office_Byron,validation,2017-11-19,Weight_0.5,True,0,0,0,0,2.0463630789890885e-12,0.0,0.0,0
Hog_office_Byron,validation,2017-11-20,Weight_0.5,True,0,0,0,0,2.5011104298755527e-12,0.0,0.0,0
Hog_office_Byron,validation,2017-11-21,Weight_0.5,True,0,0,0,0,2.9558577807620168e-12,0.0,0.0,0
Hog_office_Byron,validation,2017-11-22,Weight_0.5,True,0,0,0,0,2.2737367544323206e-12,0.0,0.0,0
Hog_office_Byron,validation,2017-11-23,Weight_0.5,True,0,0,0,0,4.320099833421409e-12,0.0,0.0,0
Hog_office_Byron,validation,2017-11-24,Weight_0.5,True,0,0,0,0,1.1141310096718371e-11,0.0,0.0,0
Hog_office_Byron,validation,2017-11-25,Weight_0.5,True,0,0,0,0,1.5916157281026244e-12,0.0,0.0,0
Hog_office_Byron,validation,2017-11-26,Weight_0.5,True,0,0,0,0,2.5011104298755527e-12,0.0,0.0,0
Hog_office_Byron,validation,2017-11-27,Weight_0.5,True,0,0,0,0,1.1368683772161603e-12,0.0,0.0,0
Hog_office_Byron,validation,2017-11-28,Weight_0.5,True,0,0,0,0,1.8189894035458565e-12,0.0,0.0,0
Hog_office_Byron,validation,2017-11-29,Weight_0.5,True,0,0,0,0,2.8421709430404007e-12,0.0,0.0,0
Hog_office_Byron,validation,2017-11-30,Weight_0.5,True,0,0,0,0,2.7284841053187847e-12,0.0,0.0,0
Hog_office_Byron,validation,2017-11-02,Weight_0.6,True,0,0,0,0,3.637978807091713e-12,0.0,0.0,0
Hog_office_Byron,validation,2017-11-03,Weight_0.6,True,0,0,0,0,1.7280399333685637e-11,0.0,0.0,0
Hog_office_Byron,validation,2017-11-04,Weight_0.6,True,0,0,0,0,3.865352482534945e-12,0.0,0.0,0
Hog_office_Byron,validation,2017-11-05,Weight_0.6,True,0,0,0,0,5.002220859751105e-12,0.0,0.0,0
Hog_office_Byron,validation,2017-11-06,Weight_0.6,True,0,0,0,0,4.8203219193965197e-11,0.0,0.0,0
Hog_office_Byron,validation,2017-11-07,Weight_0.6,True,0,0,0,0,6.821210263296962e-13,0.0,0.0,0
Hog_office_Byron,validation,2017-11-08,Weight_0.6,True,0,0,0,0,3.069544618483633e-12,0.0,0.0,0
Hog_office_Byron,validation,2017-11-09,Weight_0.6,True,0,0,0,0,3.410605131648481e-12,0.0,0.0,0
Hog_office_Byron,validation,2017-11-10,Weight_0.6,True,0,0,0,0,2.2737367544323206e-12,0.0,0.0,0
Hog_office_Byron,validation,2017-11-11,Weight_0.6,True,0,0,0,0,2.5011104298755527e-12,0.0,0.0,0
Hog_office_Byron,validation,2017-11-12,Weight_0.6,True,0,0,0,0,1.1368683772161603e-12,0.0,0.0,0
Hog_office_Byron,validation,2017-11-13,Weight_0.6,True,0,0,0,0,4.320099833421409e-12,0.0,0.0,0
Hog_office_Byron,validation,2017-11-14,Weight_0.6,True,0,0,0,0,2.3874235921539366e-12,0.0,0.0,0
Hog_office_Byron,validation,2017-11-15,Weight_0.6,True,0,0,0,0,2.5011104298755527e-12,0.0,0.0,0
Hog_office_Byron,validation,2017-11-16,Weight_0.6,True,0,0,0,0,4.547473508864641e-13,0.0,0.0,0
Hog_office_Byron,validation,2017-11-17,Weight_0.6,True,0,0,0,0,1.5916157281026244e-12,0.0,0.0,0
Hog_office_Byron,validation,2017-11-18,Weight_0.6,True,0,0,0,0,6.59383658785373e-12,0.0,0.0,0
Hog_office_Byron,validation,2017-11-19,Weight_0.6,True,0,0,0,0,1.8189894035458565e-12,0.0,0.0,0
Hog_office_Byron,validation,2017-11-20,Weight_0.6,True,0,0,0,0,1.5916157281026244e-12,0.0,0.0,0
Hog_office_Byron,validation,2017-11-21,Weight_0.6,True,0,0,0,0,3.183231456205249e-12,0.0,0.0,0
Hog_office_Byron,validation,2017-11-22,Weight_0.6,True,0,0,0,0,2.2737367544323206e-12,0.0,0.0,0
Hog_office_Byron,validation,2017-11-23,Weight_0.6,True,0,0,0,0,2.7284841053187847e-12,0.0,0.0,0
Hog_office_Byron,validation,2017-11-24,Weight_0.6,True,0,0,0,0,6.366462912410498e-12,0.0,0.0,0
Hog_office_Byron,validation,2017-11-25,Weight_0.6,True,0,0,0,0,2.9558577807620168e-12,0.0,0.0,0
Hog_office_Byron,validation,2017-11-26,Weight_0.6,True,0,0,0,0,3.410605131648481e-12,0.0,0.0,0
Hog_office_Byron,validation,2017-11-27,Weight_0.6,True,0,0,0,0,1.5916157281026244e-12,0.0,0.0,0
Hog_office_Byron,validation,2017-11-28,Weight_0.6,True,0,0,0,0,4.774847184307873e-12,0.0,0.0,0
Hog_office_Byron,validation,2017-11-29,Weight_0.6,True,0,0,0,0,8.640199666842818e-12,0.0,0.0,0
Hog_office_Byron,validation,2017-11-30,Weight_0.6,True,0,0,0,0,2.0463630789890885e-12,0.0,0.0,0
Hog_office_Byron,validation,2017-11-02,Weight_0.7,True,0,0,0,0,3.183231456205249e-12,0.0,0.0,0
Hog_office_Byron,validation,2017-11-03,Weight_0.7,True,0,0,0,0,1.7053025658242404e-11,0.0,0.0,0
Hog_office_Byron,validation,2017-11-04,Weight_0.7,True,0,0,0,0,1.5916157281026244e-12,0.0,0.0,0
Hog_office_Byron,validation,2017-11-05,Weight_0.7,True,0,0,0,0,2.7284841053187847e-12,0.0,0.0,0
Hog_office_Byron,validation,2017-11-06,Weight_0.7,True,0,0,0,0,1.8189894035458565e-12,0.0,0.0,0
Hog_office_Byron,validation,2017-11-07,Weight_0.7,True,0,0,0,0,1.8189894035458565e-12,0.0,0.0,0
Hog_office_Byron,validation,2017-11-08,Weight_0.7,True,0,0,0,0,3.126388037344441e-12,0.0,0.0,0
Hog_office_Byron,validation,2017-11-09,Weight_0.7,True,0,0,0,0,2.5011104298755527e-12,0.0,0.0,0
Hog_office_Byron,validation,2017-11-10,Weight_0.7,True,0,0,0,0,1.864464138634503e-11,0.0,0.0,0
Hog_office_Byron,validation,2017-11-11,Weight_0.7,True,0,0,0,0,3.637978807091713e-12,0.0,0.0,0
Hog_office_Byron,validation,2017-11-12,Weight_0.7,True,0,0,0,0,2.5011104298755527e-12,0.0,0.0,0
Hog_office_Byron,validation,2017-11-13,Weight_0.7,True,0,0,0,0,2.0463630789890885e-12,0.0,0.0,0
Hog_office_Byron,validation,2017-11-14,Weight_0.7,True,0,0,0,0,3.410605131648481e-12,0.0,0.0,0
Hog_office_Byron,validation,2017-11-15,Weight_0.7,True,0,0,0,0,2.2737367544323206e-12,0.0,0.0,0
Hog_office_Byron,validation,2017-11-16,Weight_0.7,True,0,0,0,0,1.2369127944111824e-10,0.0,0.0,0
Hog_office_Byron,validation,2017-11-17,Weight_0.7,True,0,0,0,0,2.3874235921539366e-12,0.0,0.0,0
Hog_office_Byron,validation,2017-11-18,Weight_0.7,True,0,0,0,0,2.7284841053187847e-12,0.0,0.0,0
Hog_office_Byron,validation,2017-11-19,Weight_0.7,True,0,0,0,0,3.183231456205249e-12,0.0,0.0,0
Hog_office_Byron,validation,2017-11-20,Weight_0.7,True,0,0,0,0,2.2737367544323206e-12,0.0,0.0,0
Hog_office_Byron,validation,2017-11-21,Weight_0.7,True,0,0,0,0,2.9558577807620168e-12,0.0,0.0,0
Hog_office_Byron,validation,2017-11-22,Weight_0.7,True,0,0,0,0,1.5916157281026244e-12,0.0,0.0,0
Hog_office_Byron,validation,2017-11-23,Weight_0.7,True,0,0,0,0,2.0463630789890885e-12,0.0,0.0,0
Hog_office_Byron,validation,2017-11-24,Weight_0.7,True,0,0,0,0,9.094947017729282e-12,0.0,0.0,0
Hog_office_Byron,validation,2017-11-25,Weight_0.7,True,0,0,0,0,3.637978807091713e-12,0.0,0.0,0
Hog_office_Byron,validation,2017-11-26,Weight_0.7,True,0,0,0,0,3.183231456205249e-12,0.0,0.0,0
Hog_office_Byron,validation,2017-11-27,Weight_0.7,True,0,0,0,0,1.8189894035458565e-12,0.0,0.0,0
Hog_office_Byron,validation,2017-11-28,Weight_0.7,True,0,0,0,0,2.5011104298755527e-12,0.0,0.0,0
Hog_office_Byron,validation,2017-11-29,Weight_0.7,True,0,0,0,0,3.183231456205249e-12,0.0,0.0,0
Hog_office_Byron,validation,2017-11-30,Weight_0.7,True,0,0,0,0,2.2737367544323206e-12,0.0,0.0,0
Hog_office_Byron,validation,2017-11-02,Weight_0.8,True,0,0,0,0,1.1937117960769683e-12,0.0,0.0,0
Hog_office_Byron,validation,2017-11-03,Weight_0.8,True,0,0,0,0,1.432454155292362e-11,0.0,0.0,0
Hog_office_Byron,validation,2017-11-04,Weight_0.8,True,0,0,0,0,2.7284841053187847e-12,0.0,0.0,0
Hog_office_Byron,validation,2017-11-05,Weight_0.8,True,0,0,0,0,2.2737367544323206e-12,0.0,0.0,0
Hog_office_Byron,validation,2017-11-06,Weight_0.8,True,0,0,0,0,1.0231815394945443e-11,0.0,0.0,0
Hog_office_Byron,validation,2017-11-07,Weight_0.8,True,0,0,0,0,3.637978807091713e-12,0.0,0.0,0
Hog_office_Byron,validation,2017-11-08,Weight_0.8,True,0,0,0,0,1.3642420526593924e-12,0.0,0.0,0
Hog_office_Byron,validation,2017-11-09,Weight_0.8,True,0,0,0,0,1.6370904631912708e-11,0.0,0.0,0
Hog_office_Byron,validation,2017-11-10,Weight_0.8,True,0,0,0,0,1.318767317570746e-11,0.0,0.0,0
Hog_office_Byron,validation,2017-11-11,Weight_0.8,True,0,0,0,0,2.5011104298755527e-12,0.0,0.0,0
Hog_office_Byron,validation,2017-11-12,Weight_0.8,True,0,0,0,0,3.865352482534945e-12,0.0,0.0,0
Hog_office_Byron,validation,2017-11-13,Weight_0.8,True,0,0,0,0,1.2505552149377763e-12,0.0,0.0,0
Hog_office_Byron,validation,2017-11-14,Weight_0.8,True,0,0,0,0,5.6843418860808015e-12,0.0,0.0,0
Hog_office_Byron,validation,2017-11-15,Weight_0.8,True,0,0,0,0,1.4779288903810084e-12,0.0,0.0,0
Hog_office_Byron,validation,2017-11-16,Weight_0.8,True,0,0,0,0,2.2737367544323206e-12,0.0,0.0,0
Hog_office_Byron,validation,2017-11-17,Weight_0.8,True,0,0,0,0,1.5916157281026244e-12,0.0,0.0,0
Hog_office_Byron,validation,2017-11-18,Weight_0.8,True,0,0,0,0,1.8189894035458565e-12,0.0,0.0,0
Hog_office_Byron,validation,2017-11-19,Weight_0.8,True,0,0,0,0,1.2505552149377763e-11,0.0,0.0,0
Hog_office_Byron,validation,2017-11-20,Weight_0.8,True,0,0,0,0,1.4551915228366852e-11,0.0,0.0,0
Hog_office_Byron,validation,2017-11-21,Weight_0.8,True,0,0,0,0,1.8189894035458565e-12,0.0,0.0,0
Hog_office_Byron,validation,2017-11-22,Weight_0.8,True,0,0,0,0,1.6484591469634324e-12,0.0,0.0,0
Hog_office_Byron,validation,2017-11-23,Weight_0.8,True,0,0,0,0,1.8189894035458565e-12,0.0,0.0,0
Hog_office_Byron,validation,2017-11-24,Weight_0.8,True,0,0,0,0,3.865352482534945e-12,0.0,0.0,0
Hog_office_Byron,validation,2017-11-25,Weight_0.8,True,0,0,0,0,2.7284841053187847e-12,0.0,0.0,0
Hog_office_Byron,validation,2017-11-26,Weight_0.8,True,0,0,0,0,2.5011104298755527e-12,0.0,0.0,0
Hog_office_Byron,validation,2017-11-27,Weight_0.8,True,0,0,0,0,2.0463630789890885e-12,0.0,0.0,0
Hog_office_Byron,validation,2017-11-28,Weight_0.8,True,0,0,0,0,1.5916157281026244e-12,0.0,0.0,0
Hog_office_Byron,validation,2017-11-29,Weight_0.8,True,0,0,0,0,2.0463630789890885e-12,0.0,0.0,0
Hog_office_Byron,validation,2017-11-30,Weight_0.8,True,0,0,0,0,2.6147972675971687e-12,0.0,0.0,0
Hog_office_Byron,validation,2017-11-02,Weight_0.9,True,0,0,0,0,5.4569682106375694e-12,0.0,0.0,0
Hog_office_Byron,validation,2017-11-03,Weight_0.9,True,0,0,0,0,1.4779288903810084e-11,0.0,0.0,0
Hog_office_Byron,validation,2017-11-04,Weight_0.9,True,0,0,0,0,3.183231456205249e-12,0.0,0.0,0
Hog_office_Byron,validation,2017-11-05,Weight_0.9,True,0,0,0,0,4.092726157978177e-12,0.0,0.0,0
Hog_office_Byron,validation,2017-11-06,Weight_0.9,True,0,0,0,0,9.094947017729282e-13,0.0,0.0,0
Hog_office_Byron,validation,2017-11-07,Weight_0.9,True,0,0,0,0,2.5011104298755527e-12,0.0,0.0,0
Hog_office_Byron,validation,2017-11-08,Weight_0.9,True,0,0,0,0,1.3642420526593924e-12,0.0,0.0,0
Hog_office_Byron,validation,2017-11-09,Weight_0.9,True,0,0,0,0,1.7053025658242404e-11,0.0,0.0,0
Hog_office_Byron,validation,2017-11-10,Weight_0.9,True,0,0,0,0,3.183231456205249e-12,0.0,0.0,0
Hog_office_Byron,validation,2017-11-11,Weight_0.9,True,0,0,0,0,2.2737367544323206e-12,0.0,0.0,0
Hog_office_Byron,validation,2017-11-12,Weight_0.9,True,0,0,0,0,3.183231456205249e-12,0.0,0.0,0
Hog_office_Byron,validation,2017-11-13,Weight_0.9,True,0,0,0,0,2.205524651799351e-11,0.0,0.0,0
Hog_office_Byron,validation,2017-11-14,Weight_0.9,True,0,0,0,0,2.2737367544323206e-12,0.0,0.0,0
Hog_office_Byron,validation,2017-11-15,Weight_0.9,True,0,0,0,0,3.922195901395753e-12,0.0,0.0,0
Hog_office_Byron,validation,2017-11-16,Weight_0.9,True,0,0,0,0,1.8189894035458565e-12,0.0,0.0,0
Hog_office_Byron,validation,2017-11-17,Weight_0.9,True,0,0,0,0,2.0463630789890885e-12,0.0,0.0,0
Hog_office_Byron,validation,2017-11-18,Weight_0.9,True,0,0,0,0,4.547473508864641e-12,0.0,0.0,0
Hog_office_Byron,validation,2017-11-19,Weight_0.9,True,0,0,0,0,5.6843418860808015e-12,0.0,0.0,0
Hog_office_Byron,validation,2017-11-20,Weight_0.9,True,0,0,0,0,1.8189894035458565e-12,0.0,0.0,0
Hog_office_Byron,validation,2017-11-21,Weight_0.9,True,0,0,0,0,4.092726157978177e-12,0.0,0.0,0
Hog_office_Byron,validation,2017-11-22,Weight_0.9,True,0,0,0,0,2.2737367544323206e-12,0.0,0.0,0
Hog_office_Byron,validation,2017-11-23,Weight_0.9,True,0,0,0,0,1.8189894035458565e-12,0.0,0.0,0
Hog_office_Byron,validation,2017-11-24,Weight_0.9,True,0,0,0,0,3.410605131648481e-12,0.0,0.0,0
Hog_office_Byron,validation,2017-11-25,Weight_0.9,True,0,0,0,0,3.410605131648481e-12,0.0,0.0,0
Hog_office_Byron,validation,2017-11-26,Weight_0.9,True,0,0,0,0,1.5916157281026244e-12,0.0,0.0,0
Hog_office_Byron,validation,2017-11-27,Weight_0.9,True,0,0,0,0,2.5011104298755527e-12,0.0,0.0,0
Hog_office_Byron,validation,2017-11-28,Weight_0.9,True,0,0,0,0,1.8189894035458565e-12,0.0,0.0,0
Hog_office_Byron,validation,2017-11-29,Weight_0.9,True,0,0,0,0,5.6843418860808015e-12,0.0,0.0,0
Hog_office_Byron,validation,2017-11-30,Weight_0.9,True,0,0,0,0,3.183231456205249e-12,0.0,0.0,0
Hog_office_Byron,validation,2017-11-02,Weight_1.0,True,0,0,0,0,2.6147972675971687e-12,0.0,0.0,0
Hog_office_Byron,validation,2017-11-03,Weight_1.0,True,0,0,0,0,1.2505552149377763e-12,0.0,0.0,0
Hog_office_Byron,validation,2017-11-04,Weight_1.0,True,0,0,0,0,3.183231456205249e-12,0.0,0.0,0
Hog_office_Byron,validation,2017-11-05,Weight_1.0,True,0,0,0,0,2.0463630789890885e-12,0.0,0.0,0
Hog_office_Byron,validation,2017-11-06,Weight_1.0,True,0,0,0,0,2.9558577807620168e-12,0.0,0.0,0
Hog_office_Byron,validation,2017-11-07,Weight_1.0,True,0,0,0,0,2.0463630789890885e-12,0.0,0.0,0
Hog_office_Byron,validation,2017-11-08,Weight_1.0,True,0,0,0,0,2.0463630789890885e-12,0.0,0.0,0
Hog_office_Byron,validation,2017-11-09,Weight_1.0,True,0,0,0,0,1.2960299500264227e-11,0.0,0.0,0
Hog_office_Byron,validation,2017-11-10,Weight_1.0,True,0,0,0,0,1.5916157281026244e-12,0.0,0.0,0
Hog_office_Byron,validation,2017-11-11,Weight_1.0,True,0,0,0,0,4.092726157978177e-12,0.0,0.0,0
Hog_office_Byron,validation,2017-11-12,Weight_1.0,True,0,0,0,0,3.183231456205249e-12,0.0,0.0,0
Hog_office_Byron,validation,2017-11-13,Weight_1.0,True,0,0,0,0,1.3642420526593924e-12,0.0,0.0,0
Hog_office_Byron,validation,2017-11-14,Weight_1.0,True,0,0,0,0,2.7284841053187847e-12,0.0,0.0,0
Hog_office_Byron,validation,2017-11-15,Weight_1.0,True,0,0,0,0,3.410605131648481e-12,0.0,0.0,0
Hog_office_Byron,validation,2017-11-16,Weight_1.0,True,0,0,0,0,4.888534022029489e-12,0.0,0.0,0
Hog_office_Byron,validation,2017-11-17,Weight_1.0,True,0,0,0,0,7.958078640513122e-13,0.0,0.0,0
Hog_office_Byron,validation,2017-11-18,Weight_1.0,True,0,0,0,0,2.0463630789890885e-12,0.0,0.0,0
Hog_office_Byron,validation,2017-11-19,Weight_1.0,True,0,0,0,0,4.774847184307873e-12,0.0,0.0,0
Hog_office_Byron,validation,2017-11-20,Weight_1.0,True,0,0,0,0,2.637534635141492e-11,0.0,0.0,0
Hog_office_Byron,validation,2017-11-21,Weight_1.0,True,0,0,0,0,3.865352482534945e-12,0.0,0.0,0
Hog_office_Byron,validation,2017-11-22,Weight_1.0,True,0,0,0,0,4.092726157978177e-12,0.0,0.0,0
Hog_office_Byron,validation,2017-11-23,Weight_1.0,True,0,0,0,0,1.5916157281026244e-12,0.0,0.0,0
Hog_office_Byron,validation,2017-11-24,Weight_1.0,True,0,0,0,0,3.183231456205249e-12,0.0,0.0,0
Hog_office_Byron,validation,2017-11-25,Weight_1.0,True,0,0,0,0,4.547473508864641e-12,0.0,0.0,0
Hog_office_Byron,validation,2017-11-26,Weight_1.0,True,0,0,0,0,1.8189894035458565e-12,0.0,0.0,0
Hog_office_Byron,validation,2017-11-27,Weight_1.0,True,0,0,0,0,1.0231815394945443e-12,0.0,0.0,0
Hog_office_Byron,validation,2017-11-28,Weight_1.0,True,0,0,0,0,1.5916157281026244e-12,0.0,0.0,0
Hog_office_Byron,validation,2017-11-29,Weight_1.0,True,0,0,0,0,3.637978807091713e-12,0.0,0.0,0
Hog_office_Byron,validation,2017-11-30,Weight_1.0,True,0,0,0,0,2.0463630789890885e-12,0.0,0.0,0
Hog_office_Rolando,test,2017-12-02,Oracle,True,0,0,0,0,4.263256414560601e-12,0.0,0.0,0
Hog_office_Rolando,test,2017-12-03,Oracle,True,0,0,0,0,2.1600499167107046e-12,0.0,0.0,0
Hog_office_Rolando,test,2017-12-04,Oracle,True,0,0,0,0,3.922195901395753e-12,0.0,0.0,0
Hog_office_Rolando,test,2017-12-05,Oracle,True,0,0,0,0,3.0127011996228248e-12,0.0,0.0,0
Hog_office_Rolando,test,2017-12-06,Oracle,True,0,0,0,0,1.4779288903810084e-12,0.0,0.0,0
Hog_office_Rolando,test,2017-12-07,Oracle,True,0,0,0,0,3.922195901395753e-12,0.0,0.0,0
Hog_office_Rolando,test,2017-12-08,Oracle,True,0,0,0,0,3.979039320256561e-12,0.0,0.0,0
Hog_office_Rolando,test,2017-12-09,Oracle,True,0,0,0,0,5.4001247917767614e-12,0.0,0.0,0
Hog_office_Rolando,test,2017-12-10,Oracle,True,0,0,0,0,2.5579538487363607e-12,0.0,0.0,0
Hog_office_Rolando,test,2017-12-11,Oracle,True,0,0,0,0,2.1600499167107046e-12,0.0,0.0,0
Hog_office_Rolando,test,2017-12-12,Oracle,True,0,0,0,0,4.206412995699793e-12,0.0,0.0,0
Hog_office_Rolando,test,2017-12-13,Oracle,True,0,0,0,0,4.774847184307873e-12,0.0,0.0,0
Hog_office_Rolando,test,2017-12-14,Oracle,True,0,0,0,0,1.7053025658242404e-12,0.0,0.0,0
Hog_office_Rolando,test,2017-12-15,Oracle,True,0,0,0,0,3.296918293926865e-12,0.0,0.0,0
Hog_office_Rolando,test,2017-12-16,Oracle,True,0,0,0,0,4.718003765447065e-12,0.0,0.0,0
Hog_office_Rolando,test,2017-12-17,Oracle,True,0,0,0,0,2.3874235921539366e-12,0.0,0.0,0
Hog_office_Rolando,test,2017-12-18,Oracle,True,0,0,0,0,1.9895196601282805e-12,0.0,0.0,0
Hog_office_Rolando,test,2017-12-19,Oracle,True,0,0,0,0,4.263256414560601e-12,0.0,0.0,0
Hog_office_Rolando,test,2017-12-20,Oracle,True,0,0,0,0,3.183231456205249e-12,0.0,0.0,0
Hog_office_Rolando,test,2017-12-21,Oracle,True,0,0,0,0,4.092726157978177e-12,0.0,0.0,0
Hog_office_Rolando,test,2017-12-22,Oracle,True,0,0,0,0,3.581135388230905e-12,0.0,0.0,0
Hog_office_Rolando,test,2017-12-23,Oracle,True,0,0,0,0,3.524291969370097e-12,0.0,0.0,0
Hog_office_Rolando,test,2017-12-24,Oracle,True,0,0,0,0,1.4779288903810084e-12,0.0,0.0,0
Hog_office_Rolando,test,2017-12-25,Oracle,True,0,0,0,0,2.5579538487363607e-12,0.0,0.0,0
Hog_office_Rolando,test,2017-12-26,Oracle,True,0,0,0,0,1.9326762412674725e-12,0.0,0.0,0
Hog_office_Rolando,test,2017-12-27,Oracle,True,0,0,0,0,2.2737367544323206e-12,0.0,0.0,0
Hog_office_Rolando,test,2017-12-28,Oracle,True,0,0,0,0,4.206412995699793e-12,0.0,0.0,0
Hog_office_Rolando,test,2017-12-29,Oracle,True,0,0,0,0,3.865352482534945e-12,0.0,0.0,0
Hog_office_Rolando,test,2017-12-30,Oracle,True,0,0,0,0,2.4442670110147446e-12,0.0,0.0,0
Hog_office_Rolando,test,2017-12-31,Oracle,True,0,0,0,0,1.4210854715202004e-12,0.0,0.0,0
Hog_office_Rolando,test,2017-12-02,DayWeek,True,0,0,0,0,5.4569682106375694e-12,0.0,0.0,0
Hog_office_Rolando,test,2017-12-03,DayWeek,True,0,0,0,0,4.092726157978177e-12,0.0,0.0,0
Hog_office_Rolando,test,2017-12-04,DayWeek,True,0,0,0,0,6.0254023992456496e-12,0.0,0.0,0
Hog_office_Rolando,test,2017-12-05,DayWeek,True,0,0,0,0,2.8421709430404007e-12,0.0,0.0,0
Hog_office_Rolando,test,2017-12-06,DayWeek,True,0,0,0,0,2.7853275241795927e-12,0.0,0.0,0
Hog_office_Rolando,test,2017-12-07,DayWeek,True,0,0,0,0,1.5347723092418164e-12,0.0,0.0,0
Hog_office_Rolando,test,2017-12-08,DayWeek,True,0,0,0,0,1.1937117960769683e-12,0.0,0.0,0
Hog_office_Rolando,test,2017-12-09,DayWeek,True,0,0,0,0,3.581135388230905e-12,0.0,0.0,0
Hog_office_Rolando,test,2017-12-10,DayWeek,True,0,0,0,0,5.4569682106375694e-12,0.0,0.0,0
Hog_office_Rolando,test,2017-12-11,DayWeek,True,0,0,0,0,3.865352482534945e-12,0.0,0.0,0
Hog_office_Rolando,test,2017-12-12,DayWeek,True,0,0,0,0,2.5011104298755527e-12,0.0,0.0,0
Hog_office_Rolando,test,2017-12-13,DayWeek,True,0,0,0,0,3.467448550509289e-12,0.0,0.0,0
Hog_office_Rolando,test,2017-12-14,DayWeek,True,0,0,0,0,3.581135388230905e-12,0.0,0.0,0
Hog_office_Rolando,test,2017-12-15,DayWeek,True,0,0,0,0,1.9326762412674725e-12,0.0,0.0,0
Hog_office_Rolando,test,2017-12-16,DayWeek,True,0,0,0,0,7.958078640513122e-13,0.0,0.0,0
Hog_office_Rolando,test,2017-12-17,DayWeek,True,0,0,0,0,4.490630090003833e-12,0.0,0.0,0
Hog_office_Rolando,test,2017-12-18,DayWeek,True,0,0,0,0,2.7284841053187847e-12,0.0,0.0,0
Hog_office_Rolando,test,2017-12-19,DayWeek,True,0,0,0,0,2.8421709430404007e-12,0.0,0.0,0
Hog_office_Rolando,test,2017-12-20,DayWeek,True,0,0,0,0,5.6274984672199935e-12,0.0,0.0,0
Hog_office_Rolando,test,2017-12-21,DayWeek,True,0,0,0,0,3.410605131648481e-12,0.0,0.0,0
Hog_office_Rolando,test,2017-12-22,DayWeek,True,0,0,0,0,3.353761712787673e-12,0.0,0.0,0
Hog_office_Rolando,test,2017-12-23,DayWeek,True,0,0,0,0,2.4442670110147446e-12,0.0,0.0,0
Hog_office_Rolando,test,2017-12-24,DayWeek,True,0,0,0,0,2.7853275241795927e-12,0.0,0.0,0
Hog_office_Rolando,test,2017-12-25,DayWeek,True,0,0,0,0,4.320099833421409e-12,0.0,0.0,0
Hog_office_Rolando,test,2017-12-26,DayWeek,True,0,0,0,0,1.7053025658242404e-12,0.0,0.0,0
Hog_office_Rolando,test,2017-12-27,DayWeek,True,0,0,0,0,4.263256414560601e-12,0.0,0.0,0
Hog_office_Rolando,test,2017-12-28,DayWeek,True,0,0,0,0,2.3305801732931286e-12,0.0,0.0,0
Hog_office_Rolando,test,2017-12-29,DayWeek,True,0,0,0,0,3.808509063674137e-12,0.0,0.0,0
Hog_office_Rolando,test,2017-12-30,DayWeek,True,0,0,0,0,1.2505552149377763e-12,0.0,0.0,0
Hog_office_Rolando,test,2017-12-31,DayWeek,True,0,0,0,0,7.958078640513122e-13,0.0,0.0,0
Hog_office_Rolando,test,2017-12-02,LightGBM,True,0,0,0,0,4.149569576838985e-12,0.0,0.0,0
Hog_office_Rolando,test,2017-12-03,LightGBM,True,0,0,0,0,1.7621459846850485e-12,0.0,0.0,0
Hog_office_Rolando,test,2017-12-04,LightGBM,True,0,0,0,0,4.206412995699793e-12,0.0,0.0,0
Hog_office_Rolando,test,2017-12-05,LightGBM,True,0,0,0,0,1.6484591469634324e-12,0.0,0.0,0
Hog_office_Rolando,test,2017-12-06,LightGBM,True,0,0,0,0,2.1600499167107046e-12,0.0,0.0,0
Hog_office_Rolando,test,2017-12-07,LightGBM,True,0,0,0,0,2.1600499167107046e-12,0.0,0.0,0
Hog_office_Rolando,test,2017-12-08,LightGBM,True,0,0,0,0,3.637978807091713e-12,0.0,0.0,0
Hog_office_Rolando,test,2017-12-09,LightGBM,True,0,0,0,0,2.5011104298755527e-12,0.0,0.0,0
Hog_office_Rolando,test,2017-12-10,LightGBM,True,0,0,0,0,4.433786671143025e-12,0.0,0.0,0
Hog_office_Rolando,test,2017-12-11,LightGBM,True,0,0,0,0,5.172751116333529e-12,0.0,0.0,0
Hog_office_Rolando,test,2017-12-12,LightGBM,True,0,0,0,0,5.4569682106375694e-12,0.0,0.0,0
Hog_office_Rolando,test,2017-12-13,LightGBM,True,0,0,0,0,1.1368683772161603e-12,0.0,0.0,0
Hog_office_Rolando,test,2017-12-14,LightGBM,True,0,0,0,0,2.8990143619012088e-12,0.0,0.0,0
Hog_office_Rolando,test,2017-12-15,LightGBM,True,0,0,0,0,1.6484591469634324e-12,0.0,0.0,0
Hog_office_Rolando,test,2017-12-16,LightGBM,True,0,0,0,0,1.8758328224066645e-12,0.0,0.0,0
Hog_office_Rolando,test,2017-12-17,LightGBM,True,0,0,0,0,1.5916157281026244e-12,0.0,0.0,0
Hog_office_Rolando,test,2017-12-18,LightGBM,True,0,0,0,0,3.865352482534945e-12,0.0,0.0,0
Hog_office_Rolando,test,2017-12-19,LightGBM,True,0,0,0,0,2.5011104298755527e-12,0.0,0.0,0
Hog_office_Rolando,test,2017-12-20,LightGBM,True,0,0,0,0,5.4001247917767614e-12,0.0,0.0,0
Hog_office_Rolando,test,2017-12-21,LightGBM,True,0,0,0,0,3.353761712787673e-12,0.0,0.0,0
Hog_office_Rolando,test,2017-12-22,LightGBM,True,0,0,0,0,1.4779288903810084e-12,0.0,0.0,0
Hog_office_Rolando,test,2017-12-23,LightGBM,True,0,0,0,0,1.0231815394945443e-12,0.0,0.0,0
Hog_office_Rolando,test,2017-12-24,LightGBM,True,0,0,0,0,3.808509063674137e-12,0.0,0.0,0
Hog_office_Rolando,test,2017-12-25,LightGBM,True,0,0,0,0,4.661160346586257e-12,0.0,0.0,0
Hog_office_Rolando,test,2017-12-26,LightGBM,True,0,0,0,0,3.467448550509289e-12,0.0,0.0,0
Hog_office_Rolando,test,2017-12-27,LightGBM,True,0,0,0,0,1.3073986337985843e-12,0.0,0.0,0
Hog_office_Rolando,test,2017-12-28,LightGBM,True,0,0,0,0,2.5011104298755527e-12,0.0,0.0,0
Hog_office_Rolando,test,2017-12-29,LightGBM,True,0,0,0,0,2.7284841053187847e-12,0.0,0.0,0
Hog_office_Rolando,test,2017-12-30,LightGBM,True,0,0,0,0,1.6484591469634324e-12,0.0,0.0,0
Hog_office_Rolando,test,2017-12-31,LightGBM,True,0,0,0,0,1.8189894035458565e-12,0.0,0.0,0
Hog_office_Rolando,test,2017-12-02,ForecastSelectedPerBuilding,True,0,0,0,0,3.240074875066057e-12,0.0,0.0,0
Hog_office_Rolando,test,2017-12-03,ForecastSelectedPerBuilding,True,0,0,0,0,4.547473508864641e-12,0.0,0.0,0
Hog_office_Rolando,test,2017-12-04,ForecastSelectedPerBuilding,True,0,0,0,0,2.5579538487363607e-12,0.0,0.0,0
Hog_office_Rolando,test,2017-12-05,ForecastSelectedPerBuilding,True,0,0,0,0,1.7053025658242404e-12,0.0,0.0,0
Hog_office_Rolando,test,2017-12-06,ForecastSelectedPerBuilding,True,0,0,0,0,1.9326762412674725e-12,0.0,0.0,0
Hog_office_Rolando,test,2017-12-07,ForecastSelectedPerBuilding,True,0,0,0,0,2.9558577807620168e-12,0.0,0.0,0
Hog_office_Rolando,test,2017-12-08,ForecastSelectedPerBuilding,True,0,0,0,0,4.092726157978177e-12,0.0,0.0,0
Hog_office_Rolando,test,2017-12-09,ForecastSelectedPerBuilding,True,0,0,0,0,1.6484591469634324e-12,0.0,0.0,0
Hog_office_Rolando,test,2017-12-10,ForecastSelectedPerBuilding,True,0,0,0,0,1.2505552149377763e-12,0.0,0.0,0
Hog_office_Rolando,test,2017-12-11,ForecastSelectedPerBuilding,True,0,0,0,0,1.6484591469634324e-12,0.0,0.0,0
Hog_office_Rolando,test,2017-12-12,ForecastSelectedPerBuilding,True,0,0,0,0,4.490630090003833e-12,0.0,0.0,0
Hog_office_Rolando,test,2017-12-13,ForecastSelectedPerBuilding,True,0,0,0,0,2.1600499167107046e-12,0.0,0.0,0
Hog_office_Rolando,test,2017-12-14,ForecastSelectedPerBuilding,True,0,0,0,0,1.8758328224066645e-12,0.0,0.0,0
Hog_office_Rolando,test,2017-12-15,ForecastSelectedPerBuilding,True,0,0,0,0,4.433786671143025e-12,0.0,0.0,0
Hog_office_Rolando,test,2017-12-16,ForecastSelectedPerBuilding,True,0,0,0,0,2.4442670110147446e-12,0.0,0.0,0
Hog_office_Rolando,test,2017-12-17,ForecastSelectedPerBuilding,True,0,0,0,0,1.4779288903810084e-12,0.0,0.0,0
Hog_office_Rolando,test,2017-12-18,ForecastSelectedPerBuilding,True,0,0,0,0,5.115907697472721e-12,0.0,0.0,0
Hog_office_Rolando,test,2017-12-19,ForecastSelectedPerBuilding,True,0,0,0,0,4.376943252282217e-12,0.0,0.0,0
Hog_office_Rolando,test,2017-12-20,ForecastSelectedPerBuilding,True,0,0,0,0,5.7980287238024175e-12,0.0,0.0,0
Hog_office_Rolando,test,2017-12-21,ForecastSelectedPerBuilding,True,0,0,0,0,4.718003765447065e-12,0.0,0.0,0
Hog_office_Rolando,test,2017-12-22,ForecastSelectedPerBuilding,True,0,0,0,0,4.604316927725449e-12,0.0,0.0,0
Hog_office_Rolando,test,2017-12-23,ForecastSelectedPerBuilding,True,0,0,0,0,1.2505552149377763e-12,0.0,0.0,0
Hog_office_Rolando,test,2017-12-24,ForecastSelectedPerBuilding,True,0,0,0,0,5.7411853049416095e-12,0.0,0.0,0
Hog_office_Rolando,test,2017-12-25,ForecastSelectedPerBuilding,True,0,0,0,0,4.433786671143025e-12,0.0,0.0,0
Hog_office_Rolando,test,2017-12-26,ForecastSelectedPerBuilding,True,0,0,0,0,4.945377440890297e-12,0.0,0.0,0
Hog_office_Rolando,test,2017-12-27,ForecastSelectedPerBuilding,True,0,0,0,0,2.1600499167107046e-12,0.0,0.0,0
Hog_office_Rolando,test,2017-12-28,ForecastSelectedPerBuilding,True,0,0,0,0,1.5916157281026244e-12,0.0,0.0,0
Hog_office_Rolando,test,2017-12-29,ForecastSelectedPerBuilding,True,0,0,0,0,1.9895196601282805e-12,0.0,0.0,0
Hog_office_Rolando,test,2017-12-30,ForecastSelectedPerBuilding,True,0,0,0,0,1.1937117960769683e-12,0.0,0.0,0
Hog_office_Rolando,test,2017-12-31,ForecastSelectedPerBuilding,True,0,0,0,0,3.126388037344441e-12,0.0,0.0,0
Hog_office_Rolando,test,2017-12-02,DecisionSelectedPerBuilding,True,0,0,0,0,4.263256414560601e-12,0.0,0.0,0
Hog_office_Rolando,test,2017-12-03,DecisionSelectedPerBuilding,True,0,0,0,0,1.9895196601282805e-12,0.0,0.0,0
Hog_office_Rolando,test,2017-12-04,DecisionSelectedPerBuilding,True,0,0,0,0,5.6843418860808015e-12,0.0,0.0,0
Hog_office_Rolando,test,2017-12-05,DecisionSelectedPerBuilding,True,0,0,0,0,6.821210263296962e-13,0.0,0.0,0
Hog_office_Rolando,test,2017-12-06,DecisionSelectedPerBuilding,True,0,0,0,0,5.684341886080801e-13,0.0,0.0,0
Hog_office_Rolando,test,2017-12-07,DecisionSelectedPerBuilding,True,0,0,0,0,6.536993168992922e-12,0.0,0.0,0
Hog_office_Rolando,test,2017-12-08,DecisionSelectedPerBuilding,True,0,0,0,0,1.0800249583553523e-12,0.0,0.0,0
Hog_office_Rolando,test,2017-12-09,DecisionSelectedPerBuilding,True,0,0,0,0,2.2168933355715126e-12,0.0,0.0,0
Hog_office_Rolando,test,2017-12-10,DecisionSelectedPerBuilding,True,0,0,0,0,1.6484591469634324e-12,0.0,0.0,0
Hog_office_Rolando,test,2017-12-11,DecisionSelectedPerBuilding,True,0,0,0,0,1.1368683772161603e-12,0.0,0.0,0
Hog_office_Rolando,test,2017-12-12,DecisionSelectedPerBuilding,True,0,0,0,0,6.139089236967266e-12,0.0,0.0,0
Hog_office_Rolando,test,2017-12-13,DecisionSelectedPerBuilding,True,0,0,0,0,1.5916157281026244e-12,0.0,0.0,0
Hog_office_Rolando,test,2017-12-14,DecisionSelectedPerBuilding,True,0,0,0,0,3.808509063674137e-12,0.0,0.0,0
Hog_office_Rolando,test,2017-12-15,DecisionSelectedPerBuilding,True,0,0,0,0,1.8758328224066645e-12,0.0,0.0,0
Hog_office_Rolando,test,2017-12-16,DecisionSelectedPerBuilding,True,0,0,0,0,4.547473508864641e-12,0.0,0.0,0
Hog_office_Rolando,test,2017-12-17,DecisionSelectedPerBuilding,True,0,0,0,0,2.1032064978498966e-12,0.0,0.0,0
Hog_office_Rolando,test,2017-12-18,DecisionSelectedPerBuilding,True,0,0,0,0,4.206412995699793e-12,0.0,0.0,0
Hog_office_Rolando,test,2017-12-19,DecisionSelectedPerBuilding,True,0,0,0,0,2.1032064978498966e-12,0.0,0.0,0
Hog_office_Rolando,test,2017-12-20,DecisionSelectedPerBuilding,True,0,0,0,0,3.751665644813329e-12,0.0,0.0,0
Hog_office_Rolando,test,2017-12-21,DecisionSelectedPerBuilding,True,0,0,0,0,4.149569576838985e-12,0.0,0.0,0
Hog_office_Rolando,test,2017-12-22,DecisionSelectedPerBuilding,True,0,0,0,0,2.5011104298755527e-12,0.0,0.0,0
Hog_office_Rolando,test,2017-12-23,DecisionSelectedPerBuilding,True,0,0,0,0,1.0800249583553523e-12,0.0,0.0,0
Hog_office_Rolando,test,2017-12-24,DecisionSelectedPerBuilding,True,0,0,0,0,6.536993168992922e-12,0.0,0.0,0
Hog_office_Rolando,test,2017-12-25,DecisionSelectedPerBuilding,True,0,0,0,0,5.343281372915953e-12,0.0,0.0,0
Hog_office_Rolando,test,2017-12-26,DecisionSelectedPerBuilding,True,0,0,0,0,2.2737367544323206e-12,0.0,0.0,0
Hog_office_Rolando,test,2017-12-27,DecisionSelectedPerBuilding,True,0,0,0,0,1.9895196601282805e-12,0.0,0.0,0
Hog_office_Rolando,test,2017-12-28,DecisionSelectedPerBuilding,True,0,0,0,0,4.661160346586257e-12,0.0,0.0,0
Hog_office_Rolando,test,2017-12-29,DecisionSelectedPerBuilding,True,0,0,0,0,1.9895196601282805e-12,0.0,0.0,0
Hog_office_Rolando,test,2017-12-30,DecisionSelectedPerBuilding,True,0,0,0,0,2.5011104298755527e-12,0.0,0.0,0
Hog_office_Rolando,test,2017-12-31,DecisionSelectedPerBuilding,True,0,0,0,0,2.8990143619012088e-12,0.0,0.0,0
Hog_office_Rolando,test,2017-12-02,ForecastSelectedGlobal,True,0,0,0,0,4.263256414560601e-12,0.0,0.0,0
Hog_office_Rolando,test,2017-12-03,ForecastSelectedGlobal,True,0,0,0,0,2.3305801732931286e-12,0.0,0.0,0
Hog_office_Rolando,test,2017-12-04,ForecastSelectedGlobal,True,0,0,0,0,3.751665644813329e-12,0.0,0.0,0
Hog_office_Rolando,test,2017-12-05,ForecastSelectedGlobal,True,0,0,0,0,4.092726157978177e-12,0.0,0.0,0
Hog_office_Rolando,test,2017-12-06,ForecastSelectedGlobal,True,0,0,0,0,1.3073986337985843e-12,0.0,0.0,0
Hog_office_Rolando,test,2017-12-07,ForecastSelectedGlobal,True,0,0,0,0,4.604316927725449e-12,0.0,0.0,0
Hog_office_Rolando,test,2017-12-08,ForecastSelectedGlobal,True,0,0,0,0,1.8189894035458565e-12,0.0,0.0,0
Hog_office_Rolando,test,2017-12-09,ForecastSelectedGlobal,True,0,0,0,0,3.922195901395753e-12,0.0,0.0,0
Hog_office_Rolando,test,2017-12-10,ForecastSelectedGlobal,True,0,0,0,0,4.604316927725449e-12,0.0,0.0,0
Hog_office_Rolando,test,2017-12-11,ForecastSelectedGlobal,True,0,0,0,0,3.240074875066057e-12,0.0,0.0,0
Hog_office_Rolando,test,2017-12-12,ForecastSelectedGlobal,True,0,0,0,0,3.751665644813329e-12,0.0,0.0,0
Hog_office_Rolando,test,2017-12-13,ForecastSelectedGlobal,True,0,0,0,0,3.126388037344441e-12,0.0,0.0,0
Hog_office_Rolando,test,2017-12-14,ForecastSelectedGlobal,True,0,0,0,0,2.6716406864579767e-12,0.0,0.0,0
Hog_office_Rolando,test,2017-12-15,ForecastSelectedGlobal,True,0,0,0,0,3.524291969370097e-12,0.0,0.0,0
Hog_office_Rolando,test,2017-12-16,ForecastSelectedGlobal,True,0,0,0,0,1.4210854715202004e-12,0.0,0.0,0
Hog_office_Rolando,test,2017-12-17,ForecastSelectedGlobal,True,0,0,0,0,2.4442670110147446e-12,0.0,0.0,0
Hog_office_Rolando,test,2017-12-18,ForecastSelectedGlobal,True,0,0,0,0,2.5579538487363607e-12,0.0,0.0,0
Hog_office_Rolando,test,2017-12-19,ForecastSelectedGlobal,True,0,0,0,0,3.637978807091713e-12,0.0,0.0,0
Hog_office_Rolando,test,2017-12-20,ForecastSelectedGlobal,True,0,0,0,0,9.663381206337363e-13,0.0,0.0,0
Hog_office_Rolando,test,2017-12-21,ForecastSelectedGlobal,True,0,0,0,0,5.4001247917767614e-12,0.0,0.0,0
Hog_office_Rolando,test,2017-12-22,ForecastSelectedGlobal,True,0,0,0,0,6.423306331271306e-12,0.0,0.0,0
Hog_office_Rolando,test,2017-12-23,ForecastSelectedGlobal,True,0,0,0,0,1.3642420526593924e-12,0.0,0.0,0
Hog_office_Rolando,test,2017-12-24,ForecastSelectedGlobal,True,0,0,0,0,3.069544618483633e-12,0.0,0.0,0
Hog_office_Rolando,test,2017-12-25,ForecastSelectedGlobal,True,0,0,0,0,1.3642420526593924e-12,0.0,0.0,0
Hog_office_Rolando,test,2017-12-26,ForecastSelectedGlobal,True,0,0,0,0,3.808509063674137e-12,0.0,0.0,0
Hog_office_Rolando,test,2017-12-27,ForecastSelectedGlobal,True,0,0,0,0,4.035882739117369e-12,0.0,0.0,0
Hog_office_Rolando,test,2017-12-28,ForecastSelectedGlobal,True,0,0,0,0,4.831690603168681e-12,0.0,0.0,0
Hog_office_Rolando,test,2017-12-29,ForecastSelectedGlobal,True,0,0,0,0,4.263256414560601e-12,0.0,0.0,0
Hog_office_Rolando,test,2017-12-30,ForecastSelectedGlobal,True,0,0,0,0,4.206412995699793e-12,0.0,0.0,0
Hog_office_Rolando,test,2017-12-31,ForecastSelectedGlobal,True,0,0,0,0,3.637978807091713e-12,0.0,0.0,0
Hog_office_Rolando,test,2017-12-02,DecisionSelectedGlobal,True,0,0,0,0,3.694822225952521e-12,0.0,0.0,0
Hog_office_Rolando,test,2017-12-03,DecisionSelectedGlobal,True,0,0,0,0,4.433786671143025e-12,0.0,0.0,0
Hog_office_Rolando,test,2017-12-04,DecisionSelectedGlobal,True,0,0,0,0,2.3305801732931286e-12,0.0,0.0,0
Hog_office_Rolando,test,2017-12-05,DecisionSelectedGlobal,True,0,0,0,0,2.6147972675971687e-12,0.0,0.0,0
Hog_office_Rolando,test,2017-12-06,DecisionSelectedGlobal,True,0,0,0,0,2.5011104298755527e-12,0.0,0.0,0
Hog_office_Rolando,test,2017-12-07,DecisionSelectedGlobal,True,0,0,0,0,1.2505552149377763e-12,0.0,0.0,0
Hog_office_Rolando,test,2017-12-08,DecisionSelectedGlobal,True,0,0,0,0,4.888534022029489e-12,0.0,0.0,0
Hog_office_Rolando,test,2017-12-09,DecisionSelectedGlobal,True,0,0,0,0,3.353761712787673e-12,0.0,0.0,0
Hog_office_Rolando,test,2017-12-10,DecisionSelectedGlobal,True,0,0,0,0,1.5916157281026244e-12,0.0,0.0,0
Hog_office_Rolando,test,2017-12-11,DecisionSelectedGlobal,True,0,0,0,0,3.637978807091713e-12,0.0,0.0,0
Hog_office_Rolando,test,2017-12-12,DecisionSelectedGlobal,True,0,0,0,0,3.0127011996228248e-12,0.0,0.0,0
Hog_office_Rolando,test,2017-12-13,DecisionSelectedGlobal,True,0,0,0,0,4.376943252282217e-12,0.0,0.0,0
Hog_office_Rolando,test,2017-12-14,DecisionSelectedGlobal,True,0,0,0,0,2.9558577807620168e-12,0.0,0.0,0
Hog_office_Rolando,test,2017-12-15,DecisionSelectedGlobal,True,0,0,0,0,4.604316927725449e-12,0.0,0.0,0
Hog_office_Rolando,test,2017-12-16,DecisionSelectedGlobal,True,0,0,0,0,4.718003765447065e-12,0.0,0.0,0
Hog_office_Rolando,test,2017-12-17,DecisionSelectedGlobal,True,0,0,0,0,2.1032064978498966e-12,0.0,0.0,0
Hog_office_Rolando,test,2017-12-18,DecisionSelectedGlobal,True,0,0,0,0,1.4210854715202004e-12,0.0,0.0,0
Hog_office_Rolando,test,2017-12-19,DecisionSelectedGlobal,True,0,0,0,0,4.206412995699793e-12,0.0,0.0,0
Hog_office_Rolando,test,2017-12-20,DecisionSelectedGlobal,True,0,0,0,0,1.2505552149377763e-12,0.0,0.0,0
Hog_office_Rolando,test,2017-12-21,DecisionSelectedGlobal,True,0,0,0,0,2.0463630789890885e-12,0.0,0.0,0
Hog_office_Rolando,test,2017-12-22,DecisionSelectedGlobal,True,0,0,0,0,4.490630090003833e-12,0.0,0.0,0
Hog_office_Rolando,test,2017-12-23,DecisionSelectedGlobal,True,0,0,0,0,1.6484591469634324e-12,0.0,0.0,0
Hog_office_Rolando,test,2017-12-24,DecisionSelectedGlobal,True,0,0,0,0,3.0127011996228248e-12,0.0,0.0,0
Hog_office_Rolando,test,2017-12-25,DecisionSelectedGlobal,True,0,0,0,0,6.366462912410498e-12,0.0,0.0,0
Hog_office_Rolando,test,2017-12-26,DecisionSelectedGlobal,True,0,0,0,0,3.069544618483633e-12,0.0,0.0,0
Hog_office_Rolando,test,2017-12-27,DecisionSelectedGlobal,True,0,0,0,0,1.5347723092418164e-12,0.0,0.0,0
Hog_office_Rolando,test,2017-12-28,DecisionSelectedGlobal,True,0,0,0,0,1.7621459846850485e-12,0.0,0.0,0
Hog_office_Rolando,test,2017-12-29,DecisionSelectedGlobal,True,0,0,0,0,2.6147972675971687e-12,0.0,0.0,0
Hog_office_Rolando,test,2017-12-30,DecisionSelectedGlobal,True,0,0,0,0,1.2505552149377763e-12,0.0,0.0,0
Hog_office_Rolando,test,2017-12-31,DecisionSelectedGlobal,True,0,0,0,0,2.3874235921539366e-12,0.0,0.0,0
Hog_office_Lavon,test,2017-12-02,Oracle,True,0,0,0,0,1.1368683772161603e-13,0.0,0.0,0
Hog_office_Lavon,test,2017-12-03,Oracle,True,0,0,0,0,5.684341886080802e-14,0.0,0.0,0
Hog_office_Lavon,test,2017-12-04,Oracle,True,0,0,0,0,5.684341886080802e-14,0.0,0.0,0
Hog_office_Lavon,test,2017-12-05,Oracle,True,0,0,0,0,5.684341886080802e-14,0.0,0.0,0
Hog_office_Lavon,test,2017-12-06,Oracle,True,0,0,0,0,5.684341886080802e-14,0.0,0.0,0
Hog_office_Lavon,test,2017-12-07,Oracle,True,0,0,0,0,5.684341886080802e-14,0.0,0.0,0
Hog_office_Lavon,test,2017-12-08,Oracle,True,0,0,0,0,5.684341886080802e-14,0.0,0.0,0
Hog_office_Lavon,test,2017-12-09,Oracle,True,0,0,0,0,5.684341886080802e-14,0.0,0.0,0
Hog_office_Lavon,test,2017-12-10,Oracle,True,0,0,0,0,5.684341886080802e-14,0.0,0.0,0
Hog_office_Lavon,test,2017-12-11,Oracle,True,0,0,0,0,1.1368683772161603e-13,0.0,0.0,0
Hog_office_Lavon,test,2017-12-12,Oracle,True,0,0,0,0,1.1368683772161603e-13,0.0,0.0,0
Hog_office_Lavon,test,2017-12-13,Oracle,True,0,0,0,0,5.684341886080802e-14,0.0,0.0,0
Hog_office_Lavon,test,2017-12-14,Oracle,True,0,0,0,0,5.684341886080802e-14,0.0,0.0,0
Hog_office_Lavon,test,2017-12-15,Oracle,True,0,0,0,0,5.684341886080802e-14,0.0,0.0,0
Hog_office_Lavon,test,2017-12-16,Oracle,True,0,0,0,0,5.684341886080802e-14,0.0,0.0,0
Hog_office_Lavon,test,2017-12-17,Oracle,True,0,0,0,0,5.684341886080802e-14,0.0,0.0,0
Hog_office_Lavon,test,2017-12-18,Oracle,True,0,0,0,0,5.684341886080802e-14,0.0,0.0,0
Hog_office_Lavon,test,2017-12-19,Oracle,True,0,0,0,0,5.684341886080802e-14,0.0,0.0,0
Hog_office_Lavon,test,2017-12-20,Oracle,True,0,0,0,0,1.1368683772161603e-13,0.0,0.0,0
Hog_office_Lavon,test,2017-12-21,Oracle,True,0,0,0,0,1.7053025658242404e-13,0.0,0.0,0
Hog_office_Lavon,test,2017-12-22,Oracle,True,0,0,0,0,5.684341886080802e-14,0.0,0.0,0
Hog_office_Lavon,test,2017-12-23,Oracle,True,0,0,0,0,1.1368683772161603e-13,0.0,0.0,0
Hog_office_Lavon,test,2017-12-24,Oracle,True,0,0,0,0,1.1368683772161603e-13,0.0,0.0,0
Hog_office_Lavon,test,2017-12-25,Oracle,True,0,0,0,0,1.1368683772161603e-13,0.0,0.0,0
Hog_office_Lavon,test,2017-12-26,Oracle,True,0,0,0,0,1.1368683772161603e-13,0.0,0.0,0
Hog_office_Lavon,test,2017-12-27,Oracle,True,0,0,0,0,1.1368683772161603e-13,0.0,0.0,0
Hog_office_Lavon,test,2017-12-28,Oracle,True,0,0,0,0,1.1368683772161603e-13,0.0,0.0,0
Hog_office_Lavon,test,2017-12-29,Oracle,True,0,0,0,0,1.7053025658242404e-13,0.0,0.0,0
Hog_office_Lavon,test,2017-12-30,Oracle,True,0,0,0,0,1.1368683772161603e-13,0.0,0.0,0
Hog_office_Lavon,test,2017-12-31,Oracle,True,0,0,0,0,1.1368683772161603e-13,0.0,0.0,0
Hog_office_Lavon,test,2017-12-02,DayWeek,True,0,0,0,0,1.1368683772161603e-13,0.0,0.0,0
Hog_office_Lavon,test,2017-12-03,DayWeek,True,0,0,0,0,5.684341886080802e-14,0.0,0.0,0
Hog_office_Lavon,test,2017-12-04,DayWeek,True,0,0,0,0,1.1368683772161603e-13,0.0,0.0,0
Hog_office_Lavon,test,2017-12-05,DayWeek,True,0,0,0,0,5.684341886080802e-14,0.0,0.0,0
Hog_office_Lavon,test,2017-12-06,DayWeek,True,0,0,0,0,5.684341886080802e-14,0.0,0.0,0
Hog_office_Lavon,test,2017-12-07,DayWeek,True,0,0,0,0,1.7053025658242404e-13,0.0,0.0,0
Hog_office_Lavon,test,2017-12-08,DayWeek,True,0,0,0,0,2.2737367544323206e-13,0.0,0.0,0
Hog_office_Lavon,test,2017-12-09,DayWeek,True,0,0,0,0,1.1368683772161603e-13,0.0,0.0,0
Hog_office_Lavon,test,2017-12-10,DayWeek,True,0,0,0,0,0.0,0.0,0.0,0
Hog_office_Lavon,test,2017-12-11,DayWeek,True,0,0,0,0,1.1368683772161603e-13,0.0,0.0,0
Hog_office_Lavon,test,2017-12-12,DayWeek,True,0,0,0,0,5.684341886080802e-14,0.0,0.0,0
Hog_office_Lavon,test,2017-12-13,DayWeek,True,0,0,0,0,5.684341886080802e-14,0.0,0.0,0
Hog_office_Lavon,test,2017-12-14,DayWeek,True,0,0,0,0,5.684341886080802e-14,0.0,0.0,0
Hog_office_Lavon,test,2017-12-15,DayWeek,True,0,0,0,0,5.684341886080802e-14,0.0,0.0,0
Hog_office_Lavon,test,2017-12-16,DayWeek,True,0,0,0,0,5.684341886080802e-14,0.0,0.0,0
Hog_office_Lavon,test,2017-12-17,DayWeek,True,0,0,0,0,5.684341886080802e-14,0.0,0.0,0
Hog_office_Lavon,test,2017-12-18,DayWeek,True,0,0,0,0,5.684341886080802e-14,0.0,0.0,0
Hog_office_Lavon,test,2017-12-19,DayWeek,True,0,0,0,0,5.684341886080802e-14,0.0,0.0,0
Hog_office_Lavon,test,2017-12-20,DayWeek,True,0,0,0,0,1.1368683772161603e-13,0.0,0.0,0
Hog_office_Lavon,test,2017-12-21,DayWeek,True,0,0,0,0,5.684341886080802e-14,0.0,0.0,0
Hog_office_Lavon,test,2017-12-22,DayWeek,True,0,0,0,0,5.684341886080802e-14,0.0,0.0,0
Hog_office_Lavon,test,2017-12-23,DayWeek,True,0,0,0,0,1.1368683772161603e-13,0.0,0.0,0
Hog_office_Lavon,test,2017-12-24,DayWeek,True,0,0,0,0,5.684341886080802e-14,0.0,0.0,0
Hog_office_Lavon,test,2017-12-25,DayWeek,True,0,0,0,0,1.1368683772161603e-13,0.0,0.0,0
Hog_office_Lavon,test,2017-12-26,DayWeek,True,0,0,0,0,1.1368683772161603e-13,0.0,0.0,0
Hog_office_Lavon,test,2017-12-27,DayWeek,True,0,0,0,0,5.684341886080802e-14,0.0,0.0,0
Hog_office_Lavon,test,2017-12-28,DayWeek,True,0,0,0,0,5.684341886080802e-14,0.0,0.0,0
Hog_office_Lavon,test,2017-12-29,DayWeek,True,0,0,0,0,1.1368683772161603e-13,0.0,0.0,0
Hog_office_Lavon,test,2017-12-30,DayWeek,True,0,0,0,0,1.1368683772161603e-13,0.0,0.0,0
Hog_office_Lavon,test,2017-12-31,DayWeek,True,0,0,0,0,5.684341886080802e-14,0.0,0.0,0
Hog_office_Lavon,test,2017-12-02,LightGBM,True,0,0,0,0,5.684341886080802e-14,0.0,0.0,0
Hog_office_Lavon,test,2017-12-03,LightGBM,True,0,0,0,0,1.1368683772161603e-13,0.0,0.0,0
Hog_office_Lavon,test,2017-12-04,LightGBM,True,0,0,0,0,1.7053025658242404e-13,0.0,0.0,0
Hog_office_Lavon,test,2017-12-05,LightGBM,True,0,0,0,0,1.1368683772161603e-13,0.0,0.0,0
Hog_office_Lavon,test,2017-12-06,LightGBM,True,0,0,0,0,3.979039320256561e-13,0.0,0.0,0
Hog_office_Lavon,test,2017-12-07,LightGBM,True,0,0,0,0,2.2737367544323206e-13,0.0,0.0,0
Hog_office_Lavon,test,2017-12-08,LightGBM,True,0,0,0,0,1.7053025658242404e-13,0.0,0.0,0
Hog_office_Lavon,test,2017-12-09,LightGBM,True,0,0,0,0,2.2737367544323206e-13,0.0,0.0,0
Hog_office_Lavon,test,2017-12-10,LightGBM,True,0,0,0,0,1.1368683772161603e-13,0.0,0.0,0
Hog_office_Lavon,test,2017-12-11,LightGBM,True,0,0,0,0,1.1368683772161603e-13,0.0,0.0,0
Hog_office_Lavon,test,2017-12-12,LightGBM,True,0,0,0,0,1.7053025658242404e-13,0.0,0.0,0
Hog_office_Lavon,test,2017-12-13,LightGBM,True,0,0,0,0,1.1368683772161603e-13,0.0,0.0,0
Hog_office_Lavon,test,2017-12-14,LightGBM,True,0,0,0,0,5.684341886080802e-14,0.0,0.0,0
Hog_office_Lavon,test,2017-12-15,LightGBM,True,0,0,0,0,1.1368683772161603e-13,0.0,0.0,0
Hog_office_Lavon,test,2017-12-16,LightGBM,True,0,0,0,0,3.410605131648481e-13,0.0,0.0,0
Hog_office_Lavon,test,2017-12-17,LightGBM,True,0,0,0,0,3.410605131648481e-13,0.0,0.0,0
Hog_office_Lavon,test,2017-12-18,LightGBM,True,0,0,0,0,1.1368683772161603e-13,0.0,0.0,0
Hog_office_Lavon,test,2017-12-19,LightGBM,True,0,0,0,0,1.7053025658242404e-13,0.0,0.0,0
Hog_office_Lavon,test,2017-12-20,LightGBM,True,0,0,0,0,1.7053025658242404e-13,0.0,0.0,0
Hog_office_Lavon,test,2017-12-21,LightGBM,True,0,0,0,0,5.684341886080802e-14,0.0,0.0,0
Hog_office_Lavon,test,2017-12-22,LightGBM,True,0,0,0,0,1.1368683772161603e-13,0.0,0.0,0
Hog_office_Lavon,test,2017-12-23,LightGBM,True,0,0,0,0,2.8421709430404007e-13,0.0,0.0,0
Hog_office_Lavon,test,2017-12-24,LightGBM,True,0,0,0,0,2.2737367544323206e-13,0.0,0.0,0
Hog_office_Lavon,test,2017-12-25,LightGBM,True,0,0,0,0,5.684341886080802e-14,0.0,0.0,0
Hog_office_Lavon,test,2017-12-26,LightGBM,True,0,0,0,0,1.1368683772161603e-13,0.0,0.0,0
Hog_office_Lavon,test,2017-12-27,LightGBM,True,0,0,0,0,1.1368683772161603e-13,0.0,0.0,0
Hog_office_Lavon,test,2017-12-28,LightGBM,True,0,0,0,0,1.1368683772161603e-13,0.0,0.0,0
Hog_office_Lavon,test,2017-12-29,LightGBM,True,0,0,0,0,1.1368683772161603e-13,0.0,0.0,0
Hog_office_Lavon,test,2017-12-30,LightGBM,True,0,0,0,0,1.7053025658242404e-13,0.0,0.0,0
Hog_office_Lavon,test,2017-12-31,LightGBM,True,0,0,0,0,1.1368683772161603e-13,0.0,0.0,0
Hog_office_Lavon,test,2017-12-02,ForecastSelectedPerBuilding,True,0,0,0,0,1.1368683772161603e-13,0.0,0.0,0
Hog_office_Lavon,test,2017-12-03,ForecastSelectedPerBuilding,True,0,0,0,0,5.684341886080802e-14,0.0,0.0,0
Hog_office_Lavon,test,2017-12-04,ForecastSelectedPerBuilding,True,0,0,0,0,1.1368683772161603e-13,0.0,0.0,0
Hog_office_Lavon,test,2017-12-05,ForecastSelectedPerBuilding,True,0,0,0,0,5.684341886080802e-14,0.0,0.0,0
Hog_office_Lavon,test,2017-12-06,ForecastSelectedPerBuilding,True,0,0,0,0,5.684341886080802e-14,0.0,0.0,0
Hog_office_Lavon,test,2017-12-07,ForecastSelectedPerBuilding,True,0,0,0,0,1.7053025658242404e-13,0.0,0.0,0
Hog_office_Lavon,test,2017-12-08,ForecastSelectedPerBuilding,True,0,0,0,0,2.2737367544323206e-13,0.0,0.0,0
Hog_office_Lavon,test,2017-12-09,ForecastSelectedPerBuilding,True,0,0,0,0,1.1368683772161603e-13,0.0,0.0,0
Hog_office_Lavon,test,2017-12-10,ForecastSelectedPerBuilding,True,0,0,0,0,0.0,0.0,0.0,0
Hog_office_Lavon,test,2017-12-11,ForecastSelectedPerBuilding,True,0,0,0,0,1.1368683772161603e-13,0.0,0.0,0
Hog_office_Lavon,test,2017-12-12,ForecastSelectedPerBuilding,True,0,0,0,0,5.684341886080802e-14,0.0,0.0,0
Hog_office_Lavon,test,2017-12-13,ForecastSelectedPerBuilding,True,0,0,0,0,5.684341886080802e-14,0.0,0.0,0
Hog_office_Lavon,test,2017-12-14,ForecastSelectedPerBuilding,True,0,0,0,0,5.684341886080802e-14,0.0,0.0,0
Hog_office_Lavon,test,2017-12-15,ForecastSelectedPerBuilding,True,0,0,0,0,5.684341886080802e-14,0.0,0.0,0
Hog_office_Lavon,test,2017-12-16,ForecastSelectedPerBuilding,True,0,0,0,0,5.684341886080802e-14,0.0,0.0,0
Hog_office_Lavon,test,2017-12-17,ForecastSelectedPerBuilding,True,0,0,0,0,5.684341886080802e-14,0.0,0.0,0
Hog_office_Lavon,test,2017-12-18,ForecastSelectedPerBuilding,True,0,0,0,0,5.684341886080802e-14,0.0,0.0,0
Hog_office_Lavon,test,2017-12-19,ForecastSelectedPerBuilding,True,0,0,0,0,5.684341886080802e-14,0.0,0.0,0
Hog_office_Lavon,test,2017-12-20,ForecastSelectedPerBuilding,True,0,0,0,0,1.1368683772161603e-13,0.0,0.0,0
Hog_office_Lavon,test,2017-12-21,ForecastSelectedPerBuilding,True,0,0,0,0,5.684341886080802e-14,0.0,0.0,0
Hog_office_Lavon,test,2017-12-22,ForecastSelectedPerBuilding,True,0,0,0,0,5.684341886080802e-14,0.0,0.0,0
Hog_office_Lavon,test,2017-12-23,ForecastSelectedPerBuilding,True,0,0,0,0,1.1368683772161603e-13,0.0,0.0,0
Hog_office_Lavon,test,2017-12-24,ForecastSelectedPerBuilding,True,0,0,0,0,5.684341886080802e-14,0.0,0.0,0
Hog_office_Lavon,test,2017-12-25,ForecastSelectedPerBuilding,True,0,0,0,0,1.1368683772161603e-13,0.0,0.0,0
Hog_office_Lavon,test,2017-12-26,ForecastSelectedPerBuilding,True,0,0,0,0,1.1368683772161603e-13,0.0,0.0,0
Hog_office_Lavon,test,2017-12-27,ForecastSelectedPerBuilding,True,0,0,0,0,5.684341886080802e-14,0.0,0.0,0
Hog_office_Lavon,test,2017-12-28,ForecastSelectedPerBuilding,True,0,0,0,0,5.684341886080802e-14,0.0,0.0,0
Hog_office_Lavon,test,2017-12-29,ForecastSelectedPerBuilding,True,0,0,0,0,1.1368683772161603e-13,0.0,0.0,0
Hog_office_Lavon,test,2017-12-30,ForecastSelectedPerBuilding,True,0,0,0,0,1.1368683772161603e-13,0.0,0.0,0
Hog_office_Lavon,test,2017-12-31,ForecastSelectedPerBuilding,True,0,0,0,0,5.684341886080802e-14,0.0,0.0,0
Hog_office_Lavon,test,2017-12-02,DecisionSelectedPerBuilding,True,0,0,0,0,1.1368683772161603e-13,0.0,0.0,0
Hog_office_Lavon,test,2017-12-03,DecisionSelectedPerBuilding,True,0,0,0,0,5.684341886080802e-14,0.0,0.0,0
Hog_office_Lavon,test,2017-12-04,DecisionSelectedPerBuilding,True,0,0,0,0,1.1368683772161603e-13,0.0,0.0,0
Hog_office_Lavon,test,2017-12-05,DecisionSelectedPerBuilding,True,0,0,0,0,5.684341886080802e-14,0.0,0.0,0
Hog_office_Lavon,test,2017-12-06,DecisionSelectedPerBuilding,True,0,0,0,0,5.684341886080802e-14,0.0,0.0,0
Hog_office_Lavon,test,2017-12-07,DecisionSelectedPerBuilding,True,0,0,0,0,1.7053025658242404e-13,0.0,0.0,0
Hog_office_Lavon,test,2017-12-08,DecisionSelectedPerBuilding,True,0,0,0,0,2.2737367544323206e-13,0.0,0.0,0
Hog_office_Lavon,test,2017-12-09,DecisionSelectedPerBuilding,True,0,0,0,0,1.1368683772161603e-13,0.0,0.0,0
Hog_office_Lavon,test,2017-12-10,DecisionSelectedPerBuilding,True,0,0,0,0,0.0,0.0,0.0,0
Hog_office_Lavon,test,2017-12-11,DecisionSelectedPerBuilding,True,0,0,0,0,1.1368683772161603e-13,0.0,0.0,0
Hog_office_Lavon,test,2017-12-12,DecisionSelectedPerBuilding,True,0,0,0,0,5.684341886080802e-14,0.0,0.0,0
Hog_office_Lavon,test,2017-12-13,DecisionSelectedPerBuilding,True,0,0,0,0,5.684341886080802e-14,0.0,0.0,0
Hog_office_Lavon,test,2017-12-14,DecisionSelectedPerBuilding,True,0,0,0,0,5.684341886080802e-14,0.0,0.0,0
Hog_office_Lavon,test,2017-12-15,DecisionSelectedPerBuilding,True,0,0,0,0,5.684341886080802e-14,0.0,0.0,0
Hog_office_Lavon,test,2017-12-16,DecisionSelectedPerBuilding,True,0,0,0,0,5.684341886080802e-14,0.0,0.0,0
Hog_office_Lavon,test,2017-12-17,DecisionSelectedPerBuilding,True,0,0,0,0,5.684341886080802e-14,0.0,0.0,0
Hog_office_Lavon,test,2017-12-18,DecisionSelectedPerBuilding,True,0,0,0,0,5.684341886080802e-14,0.0,0.0,0
Hog_office_Lavon,test,2017-12-19,DecisionSelectedPerBuilding,True,0,0,0,0,5.684341886080802e-14,0.0,0.0,0
Hog_office_Lavon,test,2017-12-20,DecisionSelectedPerBuilding,True,0,0,0,0,1.1368683772161603e-13,0.0,0.0,0
Hog_office_Lavon,test,2017-12-21,DecisionSelectedPerBuilding,True,0,0,0,0,5.684341886080802e-14,0.0,0.0,0
Hog_office_Lavon,test,2017-12-22,DecisionSelectedPerBuilding,True,0,0,0,0,5.684341886080802e-14,0.0,0.0,0
Hog_office_Lavon,test,2017-12-23,DecisionSelectedPerBuilding,True,0,0,0,0,1.1368683772161603e-13,0.0,0.0,0
Hog_office_Lavon,test,2017-12-24,DecisionSelectedPerBuilding,True,0,0,0,0,5.684341886080802e-14,0.0,0.0,0
Hog_office_Lavon,test,2017-12-25,DecisionSelectedPerBuilding,True,0,0,0,0,1.1368683772161603e-13,0.0,0.0,0
Hog_office_Lavon,test,2017-12-26,DecisionSelectedPerBuilding,True,0,0,0,0,1.1368683772161603e-13,0.0,0.0,0
Hog_office_Lavon,test,2017-12-27,DecisionSelectedPerBuilding,True,0,0,0,0,5.684341886080802e-14,0.0,0.0,0
Hog_office_Lavon,test,2017-12-28,DecisionSelectedPerBuilding,True,0,0,0,0,5.684341886080802e-14,0.0,0.0,0
Hog_office_Lavon,test,2017-12-29,DecisionSelectedPerBuilding,True,0,0,0,0,1.1368683772161603e-13,0.0,0.0,0
Hog_office_Lavon,test,2017-12-30,DecisionSelectedPerBuilding,True,0,0,0,0,1.1368683772161603e-13,0.0,0.0,0
Hog_office_Lavon,test,2017-12-31,DecisionSelectedPerBuilding,True,0,0,0,0,5.684341886080802e-14,0.0,0.0,0
Hog_office_Lavon,test,2017-12-02,ForecastSelectedGlobal,True,0,0,0,0,5.684341886080802e-14,0.0,0.0,0
Hog_office_Lavon,test,2017-12-03,ForecastSelectedGlobal,True,0,0,0,0,5.684341886080802e-14,0.0,0.0,0
Hog_office_Lavon,test,2017-12-04,ForecastSelectedGlobal,True,0,0,0,0,1.7053025658242404e-13,0.0,0.0,0
Hog_office_Lavon,test,2017-12-05,ForecastSelectedGlobal,True,0,0,0,0,1.1368683772161603e-13,0.0,0.0,0
Hog_office_Lavon,test,2017-12-06,ForecastSelectedGlobal,True,0,0,0,0,1.1368683772161603e-13,0.0,0.0,0
Hog_office_Lavon,test,2017-12-07,ForecastSelectedGlobal,True,0,0,0,0,1.1368683772161603e-13,0.0,0.0,0
Hog_office_Lavon,test,2017-12-08,ForecastSelectedGlobal,True,0,0,0,0,2.2737367544323206e-13,0.0,0.0,0
Hog_office_Lavon,test,2017-12-09,ForecastSelectedGlobal,True,0,0,0,0,5.684341886080802e-14,0.0,0.0,0
Hog_office_Lavon,test,2017-12-10,ForecastSelectedGlobal,True,0,0,0,0,5.684341886080802e-14,0.0,0.0,0
Hog_office_Lavon,test,2017-12-11,ForecastSelectedGlobal,True,0,0,0,0,5.684341886080802e-14,0.0,0.0,0
Hog_office_Lavon,test,2017-12-12,ForecastSelectedGlobal,True,0,0,0,0,1.1368683772161603e-13,0.0,0.0,0
Hog_office_Lavon,test,2017-12-13,ForecastSelectedGlobal,True,0,0,0,0,1.1368683772161603e-13,0.0,0.0,0
Hog_office_Lavon,test,2017-12-14,ForecastSelectedGlobal,True,0,0,0,0,1.1368683772161603e-13,0.0,0.0,0
Hog_office_Lavon,test,2017-12-15,ForecastSelectedGlobal,True,0,0,0,0,1.1368683772161603e-13,0.0,0.0,0
Hog_office_Lavon,test,2017-12-16,ForecastSelectedGlobal,True,0,0,0,0,1.1368683772161603e-13,0.0,0.0,0
Hog_office_Lavon,test,2017-12-17,ForecastSelectedGlobal,True,0,0,0,0,1.1368683772161603e-13,0.0,0.0,0
Hog_office_Lavon,test,2017-12-18,ForecastSelectedGlobal,True,0,0,0,0,1.1368683772161603e-13,0.0,0.0,0
Hog_office_Lavon,test,2017-12-19,ForecastSelectedGlobal,True,0,0,0,0,1.1368683772161603e-13,0.0,0.0,0
Hog_office_Lavon,test,2017-12-20,ForecastSelectedGlobal,True,0,0,0,0,1.1368683772161603e-13,0.0,0.0,0
Hog_office_Lavon,test,2017-12-21,ForecastSelectedGlobal,True,0,0,0,0,1.1368683772161603e-13,0.0,0.0,0
Hog_office_Lavon,test,2017-12-22,ForecastSelectedGlobal,True,0,0,0,0,1.1368683772161603e-13,0.0,0.0,0
Hog_office_Lavon,test,2017-12-23,ForecastSelectedGlobal,True,0,0,0,0,1.1368683772161603e-13,0.0,0.0,0
Hog_office_Lavon,test,2017-12-24,ForecastSelectedGlobal,True,0,0,0,0,5.684341886080802e-14,0.0,0.0,0
Hog_office_Lavon,test,2017-12-25,ForecastSelectedGlobal,True,0,0,0,0,5.684341886080802e-14,0.0,0.0,0
Hog_office_Lavon,test,2017-12-26,ForecastSelectedGlobal,True,0,0,0,0,1.1368683772161603e-13,0.0,0.0,0
Hog_office_Lavon,test,2017-12-27,ForecastSelectedGlobal,True,0,0,0,0,2.2737367544323206e-13,0.0,0.0,0
Hog_office_Lavon,test,2017-12-28,ForecastSelectedGlobal,True,0,0,0,0,5.684341886080802e-14,0.0,0.0,0
Hog_office_Lavon,test,2017-12-29,ForecastSelectedGlobal,True,0,0,0,0,5.684341886080802e-14,0.0,0.0,0
Hog_office_Lavon,test,2017-12-30,ForecastSelectedGlobal,True,0,0,0,0,5.684341886080802e-14,0.0,0.0,0
Hog_office_Lavon,test,2017-12-31,ForecastSelectedGlobal,True,0,0,0,0,5.684341886080802e-14,0.0,0.0,0
Hog_office_Lavon,test,2017-12-02,DecisionSelectedGlobal,True,0,0,0,0,1.7053025658242404e-13,0.0,0.0,0
Hog_office_Lavon,test,2017-12-03,DecisionSelectedGlobal,True,0,0,0,0,5.684341886080802e-14,0.0,0.0,0
Hog_office_Lavon,test,2017-12-04,DecisionSelectedGlobal,True,0,0,0,0,3.410605131648481e-13,0.0,0.0,0
Hog_office_Lavon,test,2017-12-05,DecisionSelectedGlobal,True,0,0,0,0,1.7053025658242404e-13,0.0,0.0,0
Hog_office_Lavon,test,2017-12-06,DecisionSelectedGlobal,True,0,0,0,0,1.1368683772161603e-13,0.0,0.0,0
Hog_office_Lavon,test,2017-12-07,DecisionSelectedGlobal,True,0,0,0,0,3.410605131648481e-13,0.0,0.0,0
Hog_office_Lavon,test,2017-12-08,DecisionSelectedGlobal,True,0,0,0,0,1.1368683772161603e-13,0.0,0.0,0
Hog_office_Lavon,test,2017-12-09,DecisionSelectedGlobal,True,0,0,0,0,1.7053025658242404e-13,0.0,0.0,0
Hog_office_Lavon,test,2017-12-10,DecisionSelectedGlobal,True,0,0,0,0,1.1368683772161603e-13,0.0,0.0,0
Hog_office_Lavon,test,2017-12-11,DecisionSelectedGlobal,True,0,0,0,0,1.1368683772161603e-13,0.0,0.0,0
Hog_office_Lavon,test,2017-12-12,DecisionSelectedGlobal,True,0,0,0,0,3.979039320256561e-13,0.0,0.0,0
Hog_office_Lavon,test,2017-12-13,DecisionSelectedGlobal,True,0,0,0,0,1.1368683772161603e-13,0.0,0.0,0
Hog_office_Lavon,test,2017-12-14,DecisionSelectedGlobal,True,0,0,0,0,2.8421709430404007e-13,0.0,0.0,0
Hog_office_Lavon,test,2017-12-15,DecisionSelectedGlobal,True,0,0,0,0,1.1368683772161603e-13,0.0,0.0,0
Hog_office_Lavon,test,2017-12-16,DecisionSelectedGlobal,True,0,0,0,0,2.8421709430404007e-13,0.0,0.0,0
Hog_office_Lavon,test,2017-12-17,DecisionSelectedGlobal,True,0,0,0,0,5.684341886080802e-14,0.0,0.0,0
Hog_office_Lavon,test,2017-12-18,DecisionSelectedGlobal,True,0,0,0,0,1.1368683772161603e-13,0.0,0.0,0
Hog_office_Lavon,test,2017-12-19,DecisionSelectedGlobal,True,0,0,0,0,1.7053025658242404e-13,0.0,0.0,0
Hog_office_Lavon,test,2017-12-20,DecisionSelectedGlobal,True,0,0,0,0,1.7053025658242404e-13,0.0,0.0,0
Hog_office_Lavon,test,2017-12-21,DecisionSelectedGlobal,True,0,0,0,0,1.7053025658242404e-13,0.0,0.0,0
Hog_office_Lavon,test,2017-12-22,DecisionSelectedGlobal,True,0,0,0,0,1.1368683772161603e-13,0.0,0.0,0
Hog_office_Lavon,test,2017-12-23,DecisionSelectedGlobal,True,0,0,0,0,1.1368683772161603e-13,0.0,0.0,0
Hog_office_Lavon,test,2017-12-24,DecisionSelectedGlobal,True,0,0,0,0,1.1368683772161603e-13,0.0,0.0,0
Hog_office_Lavon,test,2017-12-25,DecisionSelectedGlobal,True,0,0,0,0,1.1368683772161603e-13,0.0,0.0,0
Hog_office_Lavon,test,2017-12-26,DecisionSelectedGlobal,True,0,0,0,0,5.684341886080802e-14,0.0,0.0,0
Hog_office_Lavon,test,2017-12-27,DecisionSelectedGlobal,True,0,0,0,0,1.7053025658242404e-13,0.0,0.0,0
Hog_office_Lavon,test,2017-12-28,DecisionSelectedGlobal,True,0,0,0,0,1.1368683772161603e-13,0.0,0.0,0
Hog_office_Lavon,test,2017-12-29,DecisionSelectedGlobal,True,0,0,0,0,5.684341886080802e-14,0.0,0.0,0
Hog_office_Lavon,test,2017-12-30,DecisionSelectedGlobal,True,0,0,0,0,5.684341886080802e-14,0.0,0.0,0
Hog_office_Lavon,test,2017-12-31,DecisionSelectedGlobal,True,0,0,0,0,1.1368683772161603e-13,0.0,0.0,0
Hog_office_Joey,test,2017-12-02,Oracle,True,0,0,0,0,6.139089236967266e-12,0.0,0.0,0
Hog_office_Joey,test,2017-12-03,Oracle,True,0,0,0,0,3.524291969370097e-12,0.0,0.0,0
Hog_office_Joey,test,2017-12-04,Oracle,True,0,0,0,0,7.275957614183426e-12,0.0,0.0,0
Hog_office_Joey,test,2017-12-05,Oracle,True,0,0,0,0,1.1368683772161603e-12,0.0,0.0,0
Hog_office_Joey,test,2017-12-06,Oracle,True,0,0,0,0,1.5916157281026244e-12,0.0,0.0,0
Hog_office_Joey,test,2017-12-07,Oracle,True,0,0,0,0,1.5916157281026244e-12,0.0,0.0,0
Hog_office_Joey,test,2017-12-08,Oracle,True,0,0,0,0,8.412825991399586e-12,0.0,0.0,0
Hog_office_Joey,test,2017-12-09,Oracle,True,0,0,0,0,5.229594535194337e-12,0.0,0.0,0
Hog_office_Joey,test,2017-12-10,Oracle,True,0,0,0,0,3.410605131648481e-12,0.0,0.0,0
Hog_office_Joey,test,2017-12-11,Oracle,True,0,0,0,0,3.637978807091713e-12,0.0,0.0,0
Hog_office_Joey,test,2017-12-12,Oracle,True,0,0,0,0,5.002220859751105e-12,0.0,0.0,0
Hog_office_Joey,test,2017-12-13,Oracle,True,0,0,0,0,3.637978807091713e-12,0.0,0.0,0
Hog_office_Joey,test,2017-12-14,Oracle,True,0,0,0,0,3.637978807091713e-12,0.0,0.0,0
Hog_office_Joey,test,2017-12-15,Oracle,True,0,0,0,0,3.183231456205249e-12,0.0,0.0,0
Hog_office_Joey,test,2017-12-16,Oracle,True,0,0,0,0,3.183231456205249e-12,0.0,0.0,0
Hog_office_Joey,test,2017-12-17,Oracle,True,0,0,0,0,3.637978807091713e-12,0.0,0.0,0
Hog_office_Joey,test,2017-12-18,Oracle,True,0,0,0,0,4.092726157978177e-12,0.0,0.0,0
Hog_office_Joey,test,2017-12-19,Oracle,True,0,0,0,0,7.275957614183426e-12,0.0,0.0,0
Hog_office_Joey,test,2017-12-20,Oracle,True,0,0,0,0,3.637978807091713e-12,0.0,0.0,0
Hog_office_Joey,test,2017-12-21,Oracle,True,0,0,0,0,3.637978807091713e-12,0.0,0.0,0
Hog_office_Joey,test,2017-12-22,Oracle,True,0,0,0,0,3.637978807091713e-12,0.0,0.0,0
Hog_office_Joey,test,2017-12-23,Oracle,True,0,0,0,0,4.547473508864641e-12,0.0,0.0,0
Hog_office_Joey,test,2017-12-24,Oracle,True,0,0,0,0,4.092726157978177e-12,0.0,0.0,0
Hog_office_Joey,test,2017-12-25,Oracle,True,0,0,0,0,3.637978807091713e-12,0.0,0.0,0
Hog_office_Joey,test,2017-12-26,Oracle,True,0,0,0,0,3.865352482534945e-12,0.0,0.0,0
Hog_office_Joey,test,2017-12-27,Oracle,True,0,0,0,0,1.0459189070388675e-11,0.0,0.0,0
Hog_office_Joey,test,2017-12-28,Oracle,True,0,0,0,0,5.229594535194337e-12,0.0,0.0,0
Hog_office_Joey,test,2017-12-29,Oracle,True,0,0,0,0,4.774847184307873e-12,0.0,0.0,0
Hog_office_Joey,test,2017-12-30,Oracle,True,0,0,0,0,7.275957614183426e-12,0.0,0.0,0
Hog_office_Joey,test,2017-12-31,Oracle,True,0,0,0,0,4.092726157978177e-12,0.0,0.0,0
Hog_office_Joey,test,2017-12-02,DayWeek,True,0,0,0,0,3.410605131648481e-12,0.0,0.0,0
Hog_office_Joey,test,2017-12-03,DayWeek,True,0,0,0,0,2.2737367544323206e-12,0.0,0.0,0
Hog_office_Joey,test,2017-12-04,DayWeek,True,0,0,0,0,5.229594535194337e-12,0.0,0.0,0
Hog_office_Joey,test,2017-12-05,DayWeek,True,0,0,0,0,9.094947017729282e-12,0.0,0.0,0
Hog_office_Joey,test,2017-12-06,DayWeek,True,0,0,0,0,3.865352482534945e-12,0.0,0.0,0
Hog_office_Joey,test,2017-12-07,DayWeek,True,0,0,0,0,9.094947017729282e-13,0.0,0.0,0
Hog_office_Joey,test,2017-12-08,DayWeek,True,0,0,0,0,1.3642420526593924e-12,0.0,0.0,0
Hog_office_Joey,test,2017-12-09,DayWeek,True,0,0,0,0,4.320099833421409e-12,0.0,0.0,0
Hog_office_Joey,test,2017-12-10,DayWeek,True,0,0,0,0,3.637978807091713e-12,0.0,0.0,0
Hog_office_Joey,test,2017-12-11,DayWeek,True,0,0,0,0,1.000444171950221e-11,0.0,0.0,0
Hog_office_Joey,test,2017-12-12,DayWeek,True,0,0,0,0,2.0463630789890885e-12,0.0,0.0,0
Hog_office_Joey,test,2017-12-13,DayWeek,True,0,0,0,0,6.821210263296962e-12,0.0,0.0,0
Hog_office_Joey,test,2017-12-14,DayWeek,True,0,0,0,0,8.640199666842818e-12,0.0,0.0,0
Hog_office_Joey,test,2017-12-15,DayWeek,True,0,0,0,0,1.2278178473934531e-11,0.0,0.0,0
Hog_office_Joey,test,2017-12-16,DayWeek,True,0,0,0,0,3.637978807091713e-12,0.0,0.0,0
Hog_office_Joey,test,2017-12-17,DayWeek,True,0,0,0,0,5.229594535194337e-12,0.0,0.0,0
Hog_office_Joey,test,2017-12-18,DayWeek,True,0,0,0,0,3.637978807091713e-12,0.0,0.0,0
Hog_office_Joey,test,2017-12-19,DayWeek,True,0,0,0,0,3.637978807091713e-12,0.0,0.0,0
Hog_office_Joey,test,2017-12-20,DayWeek,True,0,0,0,0,1.2505552149377763e-11,0.0,0.0,0
Hog_office_Joey,test,2017-12-21,DayWeek,True,0,0,0,0,4.092726157978177e-12,0.0,0.0,0
Hog_office_Joey,test,2017-12-22,DayWeek,True,0,0,0,0,4.547473508864641e-12,0.0,0.0,0
Hog_office_Joey,test,2017-12-23,DayWeek,True,0,0,0,0,4.774847184307873e-12,0.0,0.0,0
Hog_office_Joey,test,2017-12-24,DayWeek,True,0,0,0,0,4.547473508864641e-12,0.0,0.0,0
Hog_office_Joey,test,2017-12-25,DayWeek,True,0,0,0,0,3.183231456205249e-12,0.0,0.0,0
Hog_office_Joey,test,2017-12-26,DayWeek,True,0,0,0,0,2.9558577807620168e-12,0.0,0.0,0
Hog_office_Joey,test,2017-12-27,DayWeek,True,0,0,0,0,3.183231456205249e-12,0.0,0.0,0
Hog_office_Joey,test,2017-12-28,DayWeek,True,0,0,0,0,3.410605131648481e-12,0.0,0.0,0
Hog_office_Joey,test,2017-12-29,DayWeek,True,0,0,0,0,4.320099833421409e-12,0.0,0.0,0
Hog_office_Joey,test,2017-12-30,DayWeek,True,0,0,0,0,4.092726157978177e-12,0.0,0.0,0
Hog_office_Joey,test,2017-12-31,DayWeek,True,0,0,0,0,3.637978807091713e-12,0.0,0.0,0
Hog_office_Joey,test,2017-12-02,LightGBM,True,0,0,0,0,4.092726157978177e-12,0.0,0.0,0
Hog_office_Joey,test,2017-12-03,LightGBM,True,0,0,0,0,4.092726157978177e-12,0.0,0.0,0
Hog_office_Joey,test,2017-12-04,LightGBM,True,0,0,0,0,3.865352482534945e-12,0.0,0.0,0
Hog_office_Joey,test,2017-12-05,LightGBM,True,0,0,0,0,6.139089236967266e-12,0.0,0.0,0
Hog_office_Joey,test,2017-12-06,LightGBM,True,0,0,0,0,4.092726157978177e-12,0.0,0.0,0
Hog_office_Joey,test,2017-12-07,LightGBM,True,0,0,0,0,3.728928277269006e-11,0.0,0.0,0
Hog_office_Joey,test,2017-12-08,LightGBM,True,0,0,0,0,2.0463630789890885e-12,0.0,0.0,0
Hog_office_Joey,test,2017-12-09,LightGBM,True,0,0,0,0,7.958078640513122e-12,0.0,0.0,0
Hog_office_Joey,test,2017-12-10,LightGBM,True,0,0,0,0,3.865352482534945e-12,0.0,0.0,0
Hog_office_Joey,test,2017-12-11,LightGBM,True,0,0,0,0,1.4551915228366852e-11,0.0,0.0,0
Hog_office_Joey,test,2017-12-12,LightGBM,True,0,0,0,0,1.8189894035458565e-12,0.0,0.0,0
Hog_office_Joey,test,2017-12-13,LightGBM,True,0,0,0,0,1.3642420526593924e-12,0.0,0.0,0
Hog_office_Joey,test,2017-12-14,LightGBM,True,0,0,0,0,3.410605131648481e-12,0.0,0.0,0
Hog_office_Joey,test,2017-12-15,LightGBM,True,0,0,0,0,3.637978807091713e-12,0.0,0.0,0
Hog_office_Joey,test,2017-12-16,LightGBM,True,0,0,0,0,4.320099833421409e-12,0.0,0.0,0
Hog_office_Joey,test,2017-12-17,LightGBM,True,0,0,0,0,3.410605131648481e-12,0.0,0.0,0
Hog_office_Joey,test,2017-12-18,LightGBM,True,0,0,0,0,3.637978807091713e-12,0.0,0.0,0
Hog_office_Joey,test,2017-12-19,LightGBM,True,0,0,0,0,9.094947017729282e-13,0.0,0.0,0
Hog_office_Joey,test,2017-12-20,LightGBM,True,0,0,0,0,4.092726157978177e-12,0.0,0.0,0
Hog_office_Joey,test,2017-12-21,LightGBM,True,0,0,0,0,5.002220859751105e-12,0.0,0.0,0
Hog_office_Joey,test,2017-12-22,LightGBM,True,0,0,0,0,8.412825991399586e-12,0.0,0.0,0
Hog_office_Joey,test,2017-12-23,LightGBM,True,0,0,0,0,3.637978807091713e-12,0.0,0.0,0
Hog_office_Joey,test,2017-12-24,LightGBM,True,0,0,0,0,3.865352482534945e-12,0.0,0.0,0
Hog_office_Joey,test,2017-12-25,LightGBM,True,0,0,0,0,3.637978807091713e-12,0.0,0.0,0
Hog_office_Joey,test,2017-12-26,LightGBM,True,0,0,0,0,3.637978807091713e-12,0.0,0.0,0
Hog_office_Joey,test,2017-12-27,LightGBM,True,0,0,0,0,4.092726157978177e-12,0.0,0.0,0
Hog_office_Joey,test,2017-12-28,LightGBM,True,0,0,0,0,3.637978807091713e-12,0.0,0.0,0
Hog_office_Joey,test,2017-12-29,LightGBM,True,0,0,0,0,4.547473508864641e-12,0.0,0.0,0
Hog_office_Joey,test,2017-12-30,LightGBM,True,0,0,0,0,3.183231456205249e-12,0.0,0.0,0
Hog_office_Joey,test,2017-12-31,LightGBM,True,0,0,0,0,5.4569682106375694e-12,0.0,0.0,0
Hog_office_Joey,test,2017-12-02,ForecastSelectedPerBuilding,True,0,0,0,0,2.2737367544323206e-12,0.0,0.0,0
Hog_office_Joey,test,2017-12-03,ForecastSelectedPerBuilding,True,0,0,0,0,3.865352482534945e-12,0.0,0.0,0
Hog_office_Joey,test,2017-12-04,ForecastSelectedPerBuilding,True,0,0,0,0,7.048583938740194e-12,0.0,0.0,0
Hog_office_Joey,test,2017-12-05,ForecastSelectedPerBuilding,True,0,0,0,0,1.8189894035458565e-12,0.0,0.0,0
Hog_office_Joey,test,2017-12-06,ForecastSelectedPerBuilding,True,0,0,0,0,9.094947017729282e-12,0.0,0.0,0
Hog_office_Joey,test,2017-12-07,ForecastSelectedPerBuilding,True,0,0,0,0,2.2737367544323206e-13,0.0,0.0,0
Hog_office_Joey,test,2017-12-08,ForecastSelectedPerBuilding,True,0,0,0,0,3.183231456205249e-12,0.0,0.0,0
Hog_office_Joey,test,2017-12-09,ForecastSelectedPerBuilding,True,0,0,0,0,4.547473508864641e-12,0.0,0.0,0
Hog_office_Joey,test,2017-12-10,ForecastSelectedPerBuilding,True,0,0,0,0,3.865352482534945e-12,0.0,0.0,0
Hog_office_Joey,test,2017-12-11,ForecastSelectedPerBuilding,True,0,0,0,0,9.094947017729282e-12,0.0,0.0,0
Hog_office_Joey,test,2017-12-12,ForecastSelectedPerBuilding,True,0,0,0,0,3.865352482534945e-12,0.0,0.0,0
Hog_office_Joey,test,2017-12-13,ForecastSelectedPerBuilding,True,0,0,0,0,1.8189894035458565e-12,0.0,0.0,0
Hog_office_Joey,test,2017-12-14,ForecastSelectedPerBuilding,True,0,0,0,0,1.0231815394945443e-11,0.0,0.0,0
Hog_office_Joey,test,2017-12-15,ForecastSelectedPerBuilding,True,0,0,0,0,4.547473508864641e-12,0.0,0.0,0
Hog_office_Joey,test,2017-12-16,ForecastSelectedPerBuilding,True,0,0,0,0,2.5011104298755527e-12,0.0,0.0,0
Hog_office_Joey,test,2017-12-17,ForecastSelectedPerBuilding,True,0,0,0,0,3.637978807091713e-12,0.0,0.0,0
Hog_office_Joey,test,2017-12-18,ForecastSelectedPerBuilding,True,0,0,0,0,4.774847184307873e-12,0.0,0.0,0
Hog_office_Joey,test,2017-12-19,ForecastSelectedPerBuilding,True,0,0,0,0,2.2737367544323206e-12,0.0,0.0,0
Hog_office_Joey,test,2017-12-20,ForecastSelectedPerBuilding,True,0,0,0,0,6.366462912410498e-12,0.0,0.0,0
Hog_office_Joey,test,2017-12-21,ForecastSelectedPerBuilding,True,0,0,0,0,1.000444171950221e-11,0.0,0.0,0
Hog_office_Joey,test,2017-12-22,ForecastSelectedPerBuilding,True,0,0,0,0,5.002220859751105e-12,0.0,0.0,0
Hog_office_Joey,test,2017-12-23,ForecastSelectedPerBuilding,True,0,0,0,0,3.410605131648481e-12,0.0,0.0,0
Hog_office_Joey,test,2017-12-24,ForecastSelectedPerBuilding,True,0,0,0,0,4.774847184307873e-12,0.0,0.0,0
Hog_office_Joey,test,2017-12-25,ForecastSelectedPerBuilding,True,0,0,0,0,4.320099833421409e-12,0.0,0.0,0
Hog_office_Joey,test,2017-12-26,ForecastSelectedPerBuilding,True,0,0,0,0,3.637978807091713e-12,0.0,0.0,0
Hog_office_Joey,test,2017-12-27,ForecastSelectedPerBuilding,True,0,0,0,0,4.092726157978177e-12,0.0,0.0,0
Hog_office_Joey,test,2017-12-28,ForecastSelectedPerBuilding,True,0,0,0,0,5.002220859751105e-12,0.0,0.0,0
Hog_office_Joey,test,2017-12-29,ForecastSelectedPerBuilding,True,0,0,0,0,8.185452315956354e-12,0.0,0.0,0
Hog_office_Joey,test,2017-12-30,ForecastSelectedPerBuilding,True,0,0,0,0,4.547473508864641e-12,0.0,0.0,0
Hog_office_Joey,test,2017-12-31,ForecastSelectedPerBuilding,True,0,0,0,0,5.229594535194337e-12,0.0,0.0,0
Hog_office_Joey,test,2017-12-02,DecisionSelectedPerBuilding,True,0,0,0,0,4.547473508864641e-12,0.0,0.0,0
Hog_office_Joey,test,2017-12-03,DecisionSelectedPerBuilding,True,0,0,0,0,2.9558577807620168e-12,0.0,0.0,0
Hog_office_Joey,test,2017-12-04,DecisionSelectedPerBuilding,True,0,0,0,0,4.320099833421409e-12,0.0,0.0,0
Hog_office_Joey,test,2017-12-05,DecisionSelectedPerBuilding,True,0,0,0,0,2.5011104298755527e-12,0.0,0.0,0
Hog_office_Joey,test,2017-12-06,DecisionSelectedPerBuilding,True,0,0,0,0,6.366462912410498e-12,0.0,0.0,0
Hog_office_Joey,test,2017-12-07,DecisionSelectedPerBuilding,True,0,0,0,0,6.821210263296962e-13,0.0,0.0,0
Hog_office_Joey,test,2017-12-08,DecisionSelectedPerBuilding,True,0,0,0,0,2.2737367544323206e-12,0.0,0.0,0
Hog_office_Joey,test,2017-12-09,DecisionSelectedPerBuilding,True,0,0,0,0,3.865352482534945e-12,0.0,0.0,0
Hog_office_Joey,test,2017-12-10,DecisionSelectedPerBuilding,True,0,0,0,0,3.865352482534945e-12,0.0,0.0,0
Hog_office_Joey,test,2017-12-11,DecisionSelectedPerBuilding,True,0,0,0,0,4.092726157978177e-12,0.0,0.0,0
Hog_office_Joey,test,2017-12-12,DecisionSelectedPerBuilding,True,0,0,0,0,5.4569682106375694e-12,0.0,0.0,0
Hog_office_Joey,test,2017-12-13,DecisionSelectedPerBuilding,True,0,0,0,0,3.183231456205249e-12,0.0,0.0,0
Hog_office_Joey,test,2017-12-14,DecisionSelectedPerBuilding,True,0,0,0,0,3.410605131648481e-12,0.0,0.0,0
Hog_office_Joey,test,2017-12-15,DecisionSelectedPerBuilding,True,0,0,0,0,3.183231456205249e-12,0.0,0.0,0
Hog_office_Joey,test,2017-12-16,DecisionSelectedPerBuilding,True,0,0,0,0,1.000444171950221e-11,0.0,0.0,0
Hog_office_Joey,test,2017-12-17,DecisionSelectedPerBuilding,True,0,0,0,0,4.092726157978177e-12,0.0,0.0,0
Hog_office_Joey,test,2017-12-18,DecisionSelectedPerBuilding,True,0,0,0,0,4.547473508864641e-12,0.0,0.0,0
Hog_office_Joey,test,2017-12-19,DecisionSelectedPerBuilding,True,0,0,0,0,4.092726157978177e-12,0.0,0.0,0
Hog_office_Joey,test,2017-12-20,DecisionSelectedPerBuilding,True,0,0,0,0,5.9117155615240335e-12,0.0,0.0,0
Hog_office_Joey,test,2017-12-21,DecisionSelectedPerBuilding,True,0,0,0,0,4.547473508864641e-12,0.0,0.0,0
Hog_office_Joey,test,2017-12-22,DecisionSelectedPerBuilding,True,0,0,0,0,4.092726157978177e-12,0.0,0.0,0
Hog_office_Joey,test,2017-12-23,DecisionSelectedPerBuilding,True,0,0,0,0,1.5916157281026244e-12,0.0,0.0,0
Hog_office_Joey,test,2017-12-24,DecisionSelectedPerBuilding,True,0,0,0,0,3.183231456205249e-12,0.0,0.0,0
Hog_office_Joey,test,2017-12-25,DecisionSelectedPerBuilding,True,0,0,0,0,3.637978807091713e-12,0.0,0.0,0
Hog_office_Joey,test,2017-12-26,DecisionSelectedPerBuilding,True,0,0,0,0,7.275957614183426e-12,0.0,0.0,0
Hog_office_Joey,test,2017-12-27,DecisionSelectedPerBuilding,True,0,0,0,0,4.320099833421409e-12,0.0,0.0,0
Hog_office_Joey,test,2017-12-28,DecisionSelectedPerBuilding,True,0,0,0,0,4.092726157978177e-12,0.0,0.0,0
Hog_office_Joey,test,2017-12-29,DecisionSelectedPerBuilding,True,0,0,0,0,5.4569682106375694e-12,0.0,0.0,0
Hog_office_Joey,test,2017-12-30,DecisionSelectedPerBuilding,True,0,0,0,0,3.183231456205249e-12,0.0,0.0,0
Hog_office_Joey,test,2017-12-31,DecisionSelectedPerBuilding,True,0,0,0,0,3.865352482534945e-12,0.0,0.0,0
Hog_office_Joey,test,2017-12-02,ForecastSelectedGlobal,True,0,0,0,0,5.6843418860808015e-12,0.0,0.0,0
Hog_office_Joey,test,2017-12-03,ForecastSelectedGlobal,True,0,0,0,0,4.774847184307873e-12,0.0,0.0,0
Hog_office_Joey,test,2017-12-04,ForecastSelectedGlobal,True,0,0,0,0,1.2050804798491299e-11,0.0,0.0,0
Hog_office_Joey,test,2017-12-05,ForecastSelectedGlobal,True,0,0,0,0,2.0463630789890885e-12,0.0,0.0,0
Hog_office_Joey,test,2017-12-06,ForecastSelectedGlobal,True,0,0,0,0,4.092726157978177e-12,0.0,0.0,0
Hog_office_Joey,test,2017-12-07,ForecastSelectedGlobal,True,0,0,0,0,4.547473508864641e-13,0.0,0.0,0
Hog_office_Joey,test,2017-12-08,ForecastSelectedGlobal,True,0,0,0,0,2.2737367544323206e-12,0.0,0.0,0
Hog_office_Joey,test,2017-12-09,ForecastSelectedGlobal,True,0,0,0,0,4.547473508864641e-12,0.0,0.0,0
Hog_office_Joey,test,2017-12-10,ForecastSelectedGlobal,True,0,0,0,0,4.774847184307873e-12,0.0,0.0,0
Hog_office_Joey,test,2017-12-11,ForecastSelectedGlobal,True,0,0,0,0,5.002220859751105e-12,0.0,0.0,0
Hog_office_Joey,test,2017-12-12,ForecastSelectedGlobal,True,0,0,0,0,6.139089236967266e-12,0.0,0.0,0
Hog_office_Joey,test,2017-12-13,ForecastSelectedGlobal,True,0,0,0,0,1.8189894035458565e-12,0.0,0.0,0
Hog_office_Joey,test,2017-12-14,ForecastSelectedGlobal,True,0,0,0,0,4.092726157978177e-12,0.0,0.0,0
Hog_office_Joey,test,2017-12-15,ForecastSelectedGlobal,True,0,0,0,0,4.547473508864641e-12,0.0,0.0,0
Hog_office_Joey,test,2017-12-16,ForecastSelectedGlobal,True,0,0,0,0,6.821210263296962e-12,0.0,0.0,0
Hog_office_Joey,test,2017-12-17,ForecastSelectedGlobal,True,0,0,0,0,3.410605131648481e-12,0.0,0.0,0
Hog_office_Joey,test,2017-12-18,ForecastSelectedGlobal,True,0,0,0,0,2.7284841053187847e-12,0.0,0.0,0
Hog_office_Joey,test,2017-12-19,ForecastSelectedGlobal,True,0,0,0,0,1.3642420526593924e-12,0.0,0.0,0
Hog_office_Joey,test,2017-12-20,ForecastSelectedGlobal,True,0,0,0,0,3.183231456205249e-12,0.0,0.0,0
Hog_office_Joey,test,2017-12-21,ForecastSelectedGlobal,True,0,0,0,0,9.094947017729282e-12,0.0,0.0,0
Hog_office_Joey,test,2017-12-22,ForecastSelectedGlobal,True,0,0,0,0,5.4569682106375694e-12,0.0,0.0,0
Hog_office_Joey,test,2017-12-23,ForecastSelectedGlobal,True,0,0,0,0,4.320099833421409e-12,0.0,0.0,0
Hog_office_Joey,test,2017-12-24,ForecastSelectedGlobal,True,0,0,0,0,3.410605131648481e-12,0.0,0.0,0
Hog_office_Joey,test,2017-12-25,ForecastSelectedGlobal,True,0,0,0,0,4.774847184307873e-12,0.0,0.0,0
Hog_office_Joey,test,2017-12-26,ForecastSelectedGlobal,True,0,0,0,0,4.092726157978177e-12,0.0,0.0,0
Hog_office_Joey,test,2017-12-27,ForecastSelectedGlobal,True,0,0,0,0,3.637978807091713e-12,0.0,0.0,0
Hog_office_Joey,test,2017-12-28,ForecastSelectedGlobal,True,0,0,0,0,5.002220859751105e-12,0.0,0.0,0
Hog_office_Joey,test,2017-12-29,ForecastSelectedGlobal,True,0,0,0,0,6.139089236967266e-12,0.0,0.0,0
Hog_office_Joey,test,2017-12-30,ForecastSelectedGlobal,True,0,0,0,0,4.547473508864641e-12,0.0,0.0,0
Hog_office_Joey,test,2017-12-31,ForecastSelectedGlobal,True,0,0,0,0,5.229594535194337e-12,0.0,0.0,0
Hog_office_Joey,test,2017-12-02,DecisionSelectedGlobal,True,0,0,0,0,3.637978807091713e-12,0.0,0.0,0
Hog_office_Joey,test,2017-12-03,DecisionSelectedGlobal,True,0,0,0,0,5.229594535194337e-12,0.0,0.0,0
Hog_office_Joey,test,2017-12-04,DecisionSelectedGlobal,True,0,0,0,0,3.183231456205249e-12,0.0,0.0,0
Hog_office_Joey,test,2017-12-05,DecisionSelectedGlobal,True,0,0,0,0,1.8189894035458565e-12,0.0,0.0,0
Hog_office_Joey,test,2017-12-06,DecisionSelectedGlobal,True,0,0,0,0,4.092726157978177e-12,0.0,0.0,0
Hog_office_Joey,test,2017-12-07,DecisionSelectedGlobal,True,0,0,0,0,4.547473508864641e-13,0.0,0.0,0
Hog_office_Joey,test,2017-12-08,DecisionSelectedGlobal,True,0,0,0,0,3.865352482534945e-12,0.0,0.0,0
Hog_office_Joey,test,2017-12-09,DecisionSelectedGlobal,True,0,0,0,0,4.092726157978177e-12,0.0,0.0,0
Hog_office_Joey,test,2017-12-10,DecisionSelectedGlobal,True,0,0,0,0,4.092726157978177e-12,0.0,0.0,0
Hog_office_Joey,test,2017-12-11,DecisionSelectedGlobal,True,0,0,0,0,4.774847184307873e-12,0.0,0.0,0
Hog_office_Joey,test,2017-12-12,DecisionSelectedGlobal,True,0,0,0,0,1.8189894035458565e-12,0.0,0.0,0
Hog_office_Joey,test,2017-12-13,DecisionSelectedGlobal,True,0,0,0,0,2.5011104298755527e-12,0.0,0.0,0
Hog_office_Joey,test,2017-12-14,DecisionSelectedGlobal,True,0,0,0,0,7.503331289626658e-12,0.0,0.0,0
Hog_office_Joey,test,2017-12-15,DecisionSelectedGlobal,True,0,0,0,0,2.2737367544323206e-12,0.0,0.0,0
Hog_office_Joey,test,2017-12-16,DecisionSelectedGlobal,True,0,0,0,0,5.002220859751105e-12,0.0,0.0,0
Hog_office_Joey,test,2017-12-17,DecisionSelectedGlobal,True,0,0,0,0,2.9558577807620168e-12,0.0,0.0,0
Hog_office_Joey,test,2017-12-18,DecisionSelectedGlobal,True,0,0,0,0,3.865352482534945e-12,0.0,0.0,0
Hog_office_Joey,test,2017-12-19,DecisionSelectedGlobal,True,0,0,0,0,3.637978807091713e-12,0.0,0.0,0
Hog_office_Joey,test,2017-12-20,DecisionSelectedGlobal,True,0,0,0,0,5.4569682106375694e-12,0.0,0.0,0
Hog_office_Joey,test,2017-12-21,DecisionSelectedGlobal,True,0,0,0,0,4.320099833421409e-12,0.0,0.0,0
Hog_office_Joey,test,2017-12-22,DecisionSelectedGlobal,True,0,0,0,0,4.547473508864641e-12,0.0,0.0,0
Hog_office_Joey,test,2017-12-23,DecisionSelectedGlobal,True,0,0,0,0,4.092726157978177e-12,0.0,0.0,0
Hog_office_Joey,test,2017-12-24,DecisionSelectedGlobal,True,0,0,0,0,6.139089236967266e-12,0.0,0.0,0
Hog_office_Joey,test,2017-12-25,DecisionSelectedGlobal,True,0,0,0,0,4.547473508864641e-12,0.0,0.0,0
Hog_office_Joey,test,2017-12-26,DecisionSelectedGlobal,True,0,0,0,0,4.547473508864641e-12,0.0,0.0,0
Hog_office_Joey,test,2017-12-27,DecisionSelectedGlobal,True,0,0,0,0,4.092726157978177e-12,0.0,0.0,0
Hog_office_Joey,test,2017-12-28,DecisionSelectedGlobal,True,0,0,0,0,3.183231456205249e-12,0.0,0.0,0
Hog_office_Joey,test,2017-12-29,DecisionSelectedGlobal,True,0,0,0,0,4.092726157978177e-12,0.0,0.0,0
Hog_office_Joey,test,2017-12-30,DecisionSelectedGlobal,True,0,0,0,0,4.092726157978177e-12,0.0,0.0,0
Hog_office_Joey,test,2017-12-31,DecisionSelectedGlobal,True,0,0,0,0,6.59383658785373e-12,0.0,0.0,0
Lamb_office_Caitlin,test,2017-12-02,Oracle,True,0,0,0,0,1.1013412404281553e-13,0.0,0.0,0
Lamb_office_Caitlin,test,2017-12-03,Oracle,True,0,0,0,0,9.237055564881302e-14,0.0,0.0,0
Lamb_office_Caitlin,test,2017-12-04,Oracle,True,0,0,0,0,4.618527782440651e-14,0.0,0.0,0
Lamb_office_Caitlin,test,2017-12-05,Oracle,True,0,0,0,0,7.105427357601002e-15,0.0,0.0,0
Lamb_office_Caitlin,test,2017-12-06,Oracle,True,0,0,0,0,0.0,0.0,0.0,0
Lamb_office_Caitlin,test,2017-12-07,Oracle,True,0,0,0,0,6.394884621840902e-14,0.0,0.0,0
Lamb_office_Caitlin,test,2017-12-08,Oracle,True,0,0,0,0,0.0,0.0,0.0,0
Lamb_office_Caitlin,test,2017-12-09,Oracle,True,0,0,0,0,1.4210854715202004e-13,0.0,0.0,0
Lamb_office_Caitlin,test,2017-12-10,Oracle,True,0,0,0,0,4.050093593832571e-13,0.0,0.0,0
Lamb_office_Caitlin,test,2017-12-11,Oracle,True,0,0,0,0,0.0,0.0,0.0,0
Lamb_office_Caitlin,test,2017-12-12,Oracle,True,0,0,0,0,8.881784197001252e-16,0.0,0.0,0
Lamb_office_Caitlin,test,2017-12-13,Oracle,True,0,0,0,0,4.618527782440651e-14,0.0,0.0,0
Lamb_office_Caitlin,test,2017-12-14,Oracle,True,0,0,0,0,6.394884621840902e-14,0.0,0.0,0
Lamb_office_Caitlin,test,2017-12-15,Oracle,True,0,0,0,0,3.552713678800501e-15,0.0,0.0,0
Lamb_office_Caitlin,test,2017-12-16,Oracle,True,0,0,0,0,4.973799150320701e-14,0.0,0.0,0
Lamb_office_Caitlin,test,2017-12-17,Oracle,True,0,0,0,0,6.039613253960852e-14,0.0,0.0,0
Lamb_office_Caitlin,test,2017-12-18,Oracle,True,0,0,0,0,3.552713678800501e-15,0.0,0.0,0
Lamb_office_Caitlin,test,2017-12-19,Oracle,True,0,0,0,0,3.552713678800501e-15,0.0,0.0,0
Lamb_office_Caitlin,test,2017-12-20,Oracle,True,0,0,0,0,3.552713678800501e-15,0.0,0.0,0
Lamb_office_Caitlin,test,2017-12-21,Oracle,True,0,0,0,0,8.526512829121202e-14,0.0,0.0,0
Lamb_office_Caitlin,test,2017-12-22,Oracle,True,0,0,0,0,6.750155989720952e-14,0.0,0.0,0
Lamb_office_Caitlin,test,2017-12-23,Oracle,True,0,0,0,0,5.3290705182007514e-14,0.0,0.0,0
Lamb_office_Caitlin,test,2017-12-24,Oracle,True,0,0,0,0,4.263256414560601e-14,0.0,0.0,0
Lamb_office_Caitlin,test,2017-12-25,Oracle,True,0,0,0,0,0.0,0.0,0.0,0
Lamb_office_Caitlin,test,2017-12-26,Oracle,True,0,0,0,0,0.0,0.0,0.0,0
Lamb_office_Caitlin,test,2017-12-27,Oracle,True,0,0,0,0,1.7763568394002505e-15,0.0,0.0,0
Lamb_office_Caitlin,test,2017-12-28,Oracle,True,0,0,0,0,3.552713678800501e-15,0.0,0.0,0
Lamb_office_Caitlin,test,2017-12-29,Oracle,True,0,0,0,0,3.552713678800501e-15,0.0,0.0,0
Lamb_office_Caitlin,test,2017-12-30,Oracle,True,0,0,0,0,2.4868995751603507e-14,0.0,0.0,0
Lamb_office_Caitlin,test,2017-12-31,Oracle,True,0,0,0,0,2.842170943040401e-14,0.0,0.0,0
Lamb_office_Caitlin,test,2017-12-02,DayWeek,True,0,0,0,0,8.881784197001252e-16,0.0,0.0,0
Lamb_office_Caitlin,test,2017-12-03,DayWeek,True,0,0,0,0,1.0658141036401503e-13,0.0,0.0,0
Lamb_office_Caitlin,test,2017-12-04,DayWeek,True,0,0,0,0,6.039613253960852e-14,0.0,0.0,0
Lamb_office_Caitlin,test,2017-12-05,DayWeek,True,0,0,0,0,3.552713678800501e-15,0.0,0.0,0
Lamb_office_Caitlin,test,2017-12-06,DayWeek,True,0,0,0,0,3.552713678800501e-15,0.0,0.0,0
Lamb_office_Caitlin,test,2017-12-07,DayWeek,True,0,0,0,0,3.552713678800501e-15,0.0,0.0,0
Lamb_office_Caitlin,test,2017-12-08,DayWeek,True,0,0,0,0,3.552713678800501e-15,0.0,0.0,0
Lamb_office_Caitlin,test,2017-12-09,DayWeek,True,0,0,0,0,1.0125233984581428e-13,0.0,0.0,0
Lamb_office_Caitlin,test,2017-12-10,DayWeek,True,0,0,0,0,2.5579538487363607e-13,0.0,0.0,0
Lamb_office_Caitlin,test,2017-12-11,DayWeek,True,0,0,0,0,9.237055564881302e-14,0.0,0.0,0
Lamb_office_Caitlin,test,2017-12-12,DayWeek,True,0,0,0,0,0.0,0.0,0.0,0
Lamb_office_Caitlin,test,2017-12-13,DayWeek,True,0,0,0,0,3.552713678800501e-15,0.0,0.0,0
Lamb_office_Caitlin,test,2017-12-14,DayWeek,True,0,0,0,0,4.618527782440651e-14,0.0,0.0,0
Lamb_office_Caitlin,test,2017-12-15,DayWeek,True,0,0,0,0,4.263256414560601e-14,0.0,0.0,0
Lamb_office_Caitlin,test,2017-12-16,DayWeek,True,0,0,0,0,3.6415315207705135e-14,0.0,0.0,0
Lamb_office_Caitlin,test,2017-12-17,DayWeek,True,0,0,0,0,1.2789769243681803e-13,0.0,0.0,0
Lamb_office_Caitlin,test,2017-12-18,DayWeek,True,0,0,0,0,7.105427357601002e-15,0.0,0.0,0
Lamb_office_Caitlin,test,2017-12-19,DayWeek,True,0,0,0,0,3.552713678800501e-15,0.0,0.0,0
Lamb_office_Caitlin,test,2017-12-20,DayWeek,True,0,0,0,0,7.815970093361102e-14,0.0,0.0,0
Lamb_office_Caitlin,test,2017-12-21,DayWeek,True,0,0,0,0,4.796163466380676e-14,0.0,0.0,0
Lamb_office_Caitlin,test,2017-12-22,DayWeek,True,0,0,0,0,7.105427357601002e-15,0.0,0.0,0
Lamb_office_Caitlin,test,2017-12-23,DayWeek,True,0,0,0,0,8.171241461241152e-14,0.0,0.0,0
Lamb_office_Caitlin,test,2017-12-24,DayWeek,True,0,0,0,0,7.460698725481052e-14,0.0,0.0,0
Lamb_office_Caitlin,test,2017-12-25,DayWeek,True,0,0,0,0,3.552713678800501e-14,0.0,0.0,0
Lamb_office_Caitlin,test,2017-12-26,DayWeek,True,0,0,0,0,3.552713678800501e-15,0.0,0.0,0
Lamb_office_Caitlin,test,2017-12-27,DayWeek,True,0,0,0,0,1.7763568394002505e-15,0.0,0.0,0
Lamb_office_Caitlin,test,2017-12-28,DayWeek,True,0,0,0,0,8.881784197001252e-16,0.0,0.0,0
Lamb_office_Caitlin,test,2017-12-29,DayWeek,True,0,0,0,0,1.4210854715202004e-14,0.0,0.0,0
Lamb_office_Caitlin,test,2017-12-30,DayWeek,True,0,0,0,0,7.105427357601002e-14,0.0,0.0,0
Lamb_office_Caitlin,test,2017-12-31,DayWeek,True,0,0,0,0,2.1316282072803006e-14,0.0,0.0,0
Lamb_office_Caitlin,test,2017-12-02,LightGBM,True,0,0,0,0,4.618527782440651e-14,0.0,0.0,0
Lamb_office_Caitlin,test,2017-12-03,LightGBM,True,0,0,0,0,1.7053025658242404e-13,0.0,0.0,0
Lamb_office_Caitlin,test,2017-12-04,LightGBM,True,0,0,0,0,6.750155989720952e-14,0.0,0.0,0
Lamb_office_Caitlin,test,2017-12-05,LightGBM,True,0,0,0,0,7.815970093361102e-14,0.0,0.0,0
Lamb_office_Caitlin,test,2017-12-06,LightGBM,True,0,0,0,0,1.3500311979441904e-13,0.0,0.0,0
Lamb_office_Caitlin,test,2017-12-07,LightGBM,True,0,0,0,0,1.2967404927621828e-13,0.0,0.0,0
Lamb_office_Caitlin,test,2017-12-08,LightGBM,True,0,0,0,0,1.0302869668521453e-13,0.0,0.0,0
Lamb_office_Caitlin,test,2017-12-09,LightGBM,True,0,0,0,0,8.881784197001252e-14,0.0,0.0,0
Lamb_office_Caitlin,test,2017-12-10,LightGBM,True,0,0,0,0,1.4566126083082054e-13,0.0,0.0,0
Lamb_office_Caitlin,test,2017-12-11,LightGBM,True,0,0,0,0,6.039613253960852e-14,0.0,0.0,0
Lamb_office_Caitlin,test,2017-12-12,LightGBM,True,0,0,0,0,1.1901590823981678e-13,0.0,0.0,0
Lamb_office_Caitlin,test,2017-12-13,LightGBM,True,0,0,0,0,1.1368683772161603e-13,0.0,0.0,0
Lamb_office_Caitlin,test,2017-12-14,LightGBM,True,0,0,0,0,1.8474111129762605e-13,0.0,0.0,0
Lamb_office_Caitlin,test,2017-12-15,LightGBM,True,0,0,0,0,1.1368683772161603e-13,0.0,0.0,0
Lamb_office_Caitlin,test,2017-12-16,LightGBM,True,0,0,0,0,3.552713678800501e-14,0.0,0.0,0
Lamb_office_Caitlin,test,2017-12-17,LightGBM,True,0,0,0,0,2.0605739337042905e-13,0.0,0.0,0
Lamb_office_Caitlin,test,2017-12-18,LightGBM,True,0,0,0,0,9.237055564881302e-14,0.0,0.0,0
Lamb_office_Caitlin,test,2017-12-19,LightGBM,True,0,0,0,0,1.4210854715202004e-13,0.0,0.0,0
Lamb_office_Caitlin,test,2017-12-20,LightGBM,True,0,0,0,0,8.171241461241152e-14,0.0,0.0,0
Lamb_office_Caitlin,test,2017-12-21,LightGBM,True,0,0,0,0,1.0835776720341528e-13,0.0,0.0,0
Lamb_office_Caitlin,test,2017-12-22,LightGBM,True,0,0,0,0,7.815970093361102e-14,0.0,0.0,0
Lamb_office_Caitlin,test,2017-12-23,LightGBM,True,0,0,0,0,7.105427357601002e-14,0.0,0.0,0
Lamb_office_Caitlin,test,2017-12-24,LightGBM,True,0,0,0,0,6.394884621840902e-14,0.0,0.0,0
Lamb_office_Caitlin,test,2017-12-25,LightGBM,True,0,0,0,0,1.1368683772161603e-13,0.0,0.0,0
Lamb_office_Caitlin,test,2017-12-26,LightGBM,True,0,0,0,0,3.552713678800501e-15,0.0,0.0,0
Lamb_office_Caitlin,test,2017-12-27,LightGBM,True,0,0,0,0,1.1723955140041653e-13,0.0,0.0,0
Lamb_office_Caitlin,test,2017-12-28,LightGBM,True,0,0,0,0,6.039613253960852e-14,0.0,0.0,0
Lamb_office_Caitlin,test,2017-12-29,LightGBM,True,0,0,0,0,1.1368683772161603e-13,0.0,0.0,0
Lamb_office_Caitlin,test,2017-12-30,LightGBM,True,0,0,0,0,2.842170943040401e-14,0.0,0.0,0
Lamb_office_Caitlin,test,2017-12-31,LightGBM,True,0,0,0,0,7.815970093361102e-14,0.0,0.0,0
Lamb_office_Caitlin,test,2017-12-02,ForecastSelectedPerBuilding,True,0,0,0,0,2.1316282072803006e-14,0.0,0.0,0
Lamb_office_Caitlin,test,2017-12-03,ForecastSelectedPerBuilding,True,0,0,0,0,2.2737367544323206e-13,0.0,0.0,0
Lamb_office_Caitlin,test,2017-12-04,ForecastSelectedPerBuilding,True,0,0,0,0,1.1191048088221578e-13,0.0,0.0,0
Lamb_office_Caitlin,test,2017-12-05,ForecastSelectedPerBuilding,True,0,0,0,0,8.881784197001252e-16,0.0,0.0,0
Lamb_office_Caitlin,test,2017-12-06,ForecastSelectedPerBuilding,True,0,0,0,0,3.019806626980426e-14,0.0,0.0,0
Lamb_office_Caitlin,test,2017-12-07,ForecastSelectedPerBuilding,True,0,0,0,0,9.947598300641403e-14,0.0,0.0,0
Lamb_office_Caitlin,test,2017-12-08,ForecastSelectedPerBuilding,True,0,0,0,0,4.973799150320701e-14,0.0,0.0,0
Lamb_office_Caitlin,test,2017-12-09,ForecastSelectedPerBuilding,True,0,0,0,0,1.3500311979441904e-13,0.0,0.0,0
Lamb_office_Caitlin,test,2017-12-10,ForecastSelectedPerBuilding,True,0,0,0,0,1.2079226507921703e-13,0.0,0.0,0
Lamb_office_Caitlin,test,2017-12-11,ForecastSelectedPerBuilding,True,0,0,0,0,9.947598300641403e-14,0.0,0.0,0
Lamb_office_Caitlin,test,2017-12-12,ForecastSelectedPerBuilding,True,0,0,0,0,3.552713678800501e-15,0.0,0.0,0
Lamb_office_Caitlin,test,2017-12-13,ForecastSelectedPerBuilding,True,0,0,0,0,4.973799150320701e-14,0.0,0.0,0
Lamb_office_Caitlin,test,2017-12-14,ForecastSelectedPerBuilding,True,0,0,0,0,2.3359092438113294e-13,0.0,0.0,0
Lamb_office_Caitlin,test,2017-12-15,ForecastSelectedPerBuilding,True,0,0,0,0,1.5631940186722204e-13,0.0,0.0,0
Lamb_office_Caitlin,test,2017-12-16,ForecastSelectedPerBuilding,True,0,0,0,0,2.5757174171303632e-14,0.0,0.0,0
Lamb_office_Caitlin,test,2017-12-17,ForecastSelectedPerBuilding,True,0,0,0,0,1.5276668818842154e-13,0.0,0.0,0
Lamb_office_Caitlin,test,2017-12-18,ForecastSelectedPerBuilding,True,0,0,0,0,1.4210854715202004e-13,0.0,0.0,0
Lamb_office_Caitlin,test,2017-12-19,ForecastSelectedPerBuilding,True,0,0,0,0,3.552713678800501e-15,0.0,0.0,0
Lamb_office_Caitlin,test,2017-12-20,ForecastSelectedPerBuilding,True,0,0,0,0,7.815970093361102e-14,0.0,0.0,0
Lamb_office_Caitlin,test,2017-12-21,ForecastSelectedPerBuilding,True,0,0,0,0,9.237055564881302e-14,0.0,0.0,0
Lamb_office_Caitlin,test,2017-12-22,ForecastSelectedPerBuilding,True,0,0,0,0,1.4566126083082054e-13,0.0,0.0,0
Lamb_office_Caitlin,test,2017-12-23,ForecastSelectedPerBuilding,True,0,0,0,0,5.240252676230739e-14,0.0,0.0,0
Lamb_office_Caitlin,test,2017-12-24,ForecastSelectedPerBuilding,True,0,0,0,0,6.750155989720952e-14,0.0,0.0,0
Lamb_office_Caitlin,test,2017-12-25,ForecastSelectedPerBuilding,True,0,0,0,0,7.105427357601002e-15,0.0,0.0,0
Lamb_office_Caitlin,test,2017-12-26,ForecastSelectedPerBuilding,True,0,0,0,0,0.0,0.0,0.0,0
Lamb_office_Caitlin,test,2017-12-27,ForecastSelectedPerBuilding,True,0,0,0,0,3.552713678800501e-15,0.0,0.0,0
Lamb_office_Caitlin,test,2017-12-28,ForecastSelectedPerBuilding,True,0,0,0,0,2.842170943040401e-14,0.0,0.0,0
Lamb_office_Caitlin,test,2017-12-29,ForecastSelectedPerBuilding,True,0,0,0,0,2.4868995751603507e-14,0.0,0.0,0
Lamb_office_Caitlin,test,2017-12-30,ForecastSelectedPerBuilding,True,0,0,0,0,4.973799150320701e-14,0.0,0.0,0
Lamb_office_Caitlin,test,2017-12-31,ForecastSelectedPerBuilding,True,0,0,0,0,6.039613253960852e-14,0.0,0.0,0
Lamb_office_Caitlin,test,2017-12-02,DecisionSelectedPerBuilding,True,0,0,0,0,5.3290705182007514e-14,0.0,0.0,0
Lamb_office_Caitlin,test,2017-12-03,DecisionSelectedPerBuilding,True,0,0,0,0,8.526512829121202e-14,0.0,0.0,0
Lamb_office_Caitlin,test,2017-12-04,DecisionSelectedPerBuilding,True,0,0,0,0,6.750155989720952e-14,0.0,0.0,0
Lamb_office_Caitlin,test,2017-12-05,DecisionSelectedPerBuilding,True,0,0,0,0,8.704148513061227e-14,0.0,0.0,0
Lamb_office_Caitlin,test,2017-12-06,DecisionSelectedPerBuilding,True,0,0,0,0,1.0480505352461478e-13,0.0,0.0,0
Lamb_office_Caitlin,test,2017-12-07,DecisionSelectedPerBuilding,True,0,0,0,0,6.572520305780927e-14,0.0,0.0,0
Lamb_office_Caitlin,test,2017-12-08,DecisionSelectedPerBuilding,True,0,0,0,0,1.163513729807164e-13,0.0,0.0,0
Lamb_office_Caitlin,test,2017-12-09,DecisionSelectedPerBuilding,True,0,0,0,0,1.9895196601282805e-13,0.0,0.0,0
Lamb_office_Caitlin,test,2017-12-10,DecisionSelectedPerBuilding,True,0,0,0,0,2.1671553440683056e-13,0.0,0.0,0
Lamb_office_Caitlin,test,2017-12-11,DecisionSelectedPerBuilding,True,0,0,0,0,1.3855583347321954e-13,0.0,0.0,0
Lamb_office_Caitlin,test,2017-12-12,DecisionSelectedPerBuilding,True,0,0,0,0,9.237055564881302e-14,0.0,0.0,0
Lamb_office_Caitlin,test,2017-12-13,DecisionSelectedPerBuilding,True,0,0,0,0,1.3322676295501878e-13,0.0,0.0,0
Lamb_office_Caitlin,test,2017-12-14,DecisionSelectedPerBuilding,True,0,0,0,0,1.2434497875801753e-13,0.0,0.0,0
Lamb_office_Caitlin,test,2017-12-15,DecisionSelectedPerBuilding,True,0,0,0,0,9.947598300641403e-14,0.0,0.0,0
Lamb_office_Caitlin,test,2017-12-16,DecisionSelectedPerBuilding,True,0,0,0,0,8.526512829121202e-14,0.0,0.0,0
Lamb_office_Caitlin,test,2017-12-17,DecisionSelectedPerBuilding,True,0,0,0,0,1.3855583347321954e-13,0.0,0.0,0
Lamb_office_Caitlin,test,2017-12-18,DecisionSelectedPerBuilding,True,0,0,0,0,1.971756091734278e-13,0.0,0.0,0
Lamb_office_Caitlin,test,2017-12-19,DecisionSelectedPerBuilding,True,0,0,0,0,3.552713678800501e-14,0.0,0.0,0
Lamb_office_Caitlin,test,2017-12-20,DecisionSelectedPerBuilding,True,0,0,0,0,8.881784197001252e-14,0.0,0.0,0
Lamb_office_Caitlin,test,2017-12-21,DecisionSelectedPerBuilding,True,0,0,0,0,1.438849039914203e-13,0.0,0.0,0
Lamb_office_Caitlin,test,2017-12-22,DecisionSelectedPerBuilding,True,0,0,0,0,4.973799150320701e-14,0.0,0.0,0
Lamb_office_Caitlin,test,2017-12-23,DecisionSelectedPerBuilding,True,0,0,0,0,3.375077994860476e-14,0.0,0.0,0
Lamb_office_Caitlin,test,2017-12-24,DecisionSelectedPerBuilding,True,0,0,0,0,1.2079226507921703e-13,0.0,0.0,0
Lamb_office_Caitlin,test,2017-12-25,DecisionSelectedPerBuilding,True,0,0,0,0,3.907985046680551e-14,0.0,0.0,0
Lamb_office_Caitlin,test,2017-12-26,DecisionSelectedPerBuilding,True,0,0,0,0,3.552713678800501e-15,0.0,0.0,0
Lamb_office_Caitlin,test,2017-12-27,DecisionSelectedPerBuilding,True,0,0,0,0,1.3500311979441904e-13,0.0,0.0,0
Lamb_office_Caitlin,test,2017-12-28,DecisionSelectedPerBuilding,True,0,0,0,0,2.842170943040401e-14,0.0,0.0,0
Lamb_office_Caitlin,test,2017-12-29,DecisionSelectedPerBuilding,True,0,0,0,0,4.263256414560601e-14,0.0,0.0,0
Lamb_office_Caitlin,test,2017-12-30,DecisionSelectedPerBuilding,True,0,0,0,0,3.552713678800501e-14,0.0,0.0,0
Lamb_office_Caitlin,test,2017-12-31,DecisionSelectedPerBuilding,True,0,0,0,0,7.460698725481052e-14,0.0,0.0,0
Lamb_office_Caitlin,test,2017-12-02,ForecastSelectedGlobal,True,0,0,0,0,1.865174681370263e-14,0.0,0.0,0
Lamb_office_Caitlin,test,2017-12-03,ForecastSelectedGlobal,True,0,0,0,0,2.2026824808563106e-13,0.0,0.0,0
Lamb_office_Caitlin,test,2017-12-04,ForecastSelectedGlobal,True,0,0,0,0,6.039613253960852e-14,0.0,0.0,0
Lamb_office_Caitlin,test,2017-12-05,ForecastSelectedGlobal,True,0,0,0,0,2.3092638912203256e-14,0.0,0.0,0
Lamb_office_Caitlin,test,2017-12-06,ForecastSelectedGlobal,True,0,0,0,0,3.552713678800501e-14,0.0,0.0,0
Lamb_office_Caitlin,test,2017-12-07,ForecastSelectedGlobal,True,0,0,0,0,1.4566126083082054e-13,0.0,0.0,0
Lamb_office_Caitlin,test,2017-12-08,ForecastSelectedGlobal,True,0,0,0,0,9.237055564881302e-14,0.0,0.0,0
Lamb_office_Caitlin,test,2017-12-09,ForecastSelectedGlobal,True,0,0,0,0,4.973799150320701e-14,0.0,0.0,0
Lamb_office_Caitlin,test,2017-12-10,ForecastSelectedGlobal,True,0,0,0,0,1.3145040611561853e-13,0.0,0.0,0
Lamb_office_Caitlin,test,2017-12-11,ForecastSelectedGlobal,True,0,0,0,0,1.3855583347321954e-13,0.0,0.0,0
Lamb_office_Caitlin,test,2017-12-12,ForecastSelectedGlobal,True,0,0,0,0,3.552713678800501e-15,0.0,0.0,0
Lamb_office_Caitlin,test,2017-12-13,ForecastSelectedGlobal,True,0,0,0,0,8.526512829121202e-14,0.0,0.0,0
Lamb_office_Caitlin,test,2017-12-14,ForecastSelectedGlobal,True,0,0,0,0,9.059419880941277e-14,0.0,0.0,0
Lamb_office_Caitlin,test,2017-12-15,ForecastSelectedGlobal,True,0,0,0,0,8.526512829121202e-14,0.0,0.0,0
Lamb_office_Caitlin,test,2017-12-16,ForecastSelectedGlobal,True,0,0,0,0,4.085620730620576e-14,0.0,0.0,0
Lamb_office_Caitlin,test,2017-12-17,ForecastSelectedGlobal,True,0,0,0,0,1.1013412404281553e-13,0.0,0.0,0
Lamb_office_Caitlin,test,2017-12-18,ForecastSelectedGlobal,True,0,0,0,0,7.105427357601002e-14,0.0,0.0,0
Lamb_office_Caitlin,test,2017-12-19,ForecastSelectedGlobal,True,0,0,0,0,3.552713678800501e-15,0.0,0.0,0
Lamb_office_Caitlin,test,2017-12-20,ForecastSelectedGlobal,True,0,0,0,0,9.947598300641403e-14,0.0,0.0,0
Lamb_office_Caitlin,test,2017-12-21,ForecastSelectedGlobal,True,0,0,0,0,6.039613253960852e-14,0.0,0.0,0
Lamb_office_Caitlin,test,2017-12-22,ForecastSelectedGlobal,True,0,0,0,0,9.947598300641403e-14,0.0,0.0,0
Lamb_office_Caitlin,test,2017-12-23,ForecastSelectedGlobal,True,0,0,0,0,4.085620730620576e-14,0.0,0.0,0
Lamb_office_Caitlin,test,2017-12-24,ForecastSelectedGlobal,True,0,0,0,0,6.750155989720952e-14,0.0,0.0,0
Lamb_office_Caitlin,test,2017-12-25,ForecastSelectedGlobal,True,0,0,0,0,6.750155989720952e-14,0.0,0.0,0
Lamb_office_Caitlin,test,2017-12-26,ForecastSelectedGlobal,True,0,0,0,0,3.552713678800501e-15,0.0,0.0,0
Lamb_office_Caitlin,test,2017-12-27,ForecastSelectedGlobal,True,0,0,0,0,3.552713678800501e-15,0.0,0.0,0
Lamb_office_Caitlin,test,2017-12-28,ForecastSelectedGlobal,True,0,0,0,0,6.394884621840902e-14,0.0,0.0,0
Lamb_office_Caitlin,test,2017-12-29,ForecastSelectedGlobal,True,0,0,0,0,3.197442310920451e-14,0.0,0.0,0
Lamb_office_Caitlin,test,2017-12-30,ForecastSelectedGlobal,True,0,0,0,0,1.2434497875801753e-14,0.0,0.0,0
Lamb_office_Caitlin,test,2017-12-31,ForecastSelectedGlobal,True,0,0,0,0,3.197442310920451e-14,0.0,0.0,0
Lamb_office_Caitlin,test,2017-12-02,DecisionSelectedGlobal,True,0,0,0,0,5.3290705182007514e-14,0.0,0.0,0
Lamb_office_Caitlin,test,2017-12-03,DecisionSelectedGlobal,True,0,0,0,0,8.526512829121202e-14,0.0,0.0,0
Lamb_office_Caitlin,test,2017-12-04,DecisionSelectedGlobal,True,0,0,0,0,6.750155989720952e-14,0.0,0.0,0
Lamb_office_Caitlin,test,2017-12-05,DecisionSelectedGlobal,True,0,0,0,0,8.704148513061227e-14,0.0,0.0,0
Lamb_office_Caitlin,test,2017-12-06,DecisionSelectedGlobal,True,0,0,0,0,1.0480505352461478e-13,0.0,0.0,0
Lamb_office_Caitlin,test,2017-12-07,DecisionSelectedGlobal,True,0,0,0,0,6.572520305780927e-14,0.0,0.0,0
Lamb_office_Caitlin,test,2017-12-08,DecisionSelectedGlobal,True,0,0,0,0,1.163513729807164e-13,0.0,0.0,0
Lamb_office_Caitlin,test,2017-12-09,DecisionSelectedGlobal,True,0,0,0,0,1.9895196601282805e-13,0.0,0.0,0
Lamb_office_Caitlin,test,2017-12-10,DecisionSelectedGlobal,True,0,0,0,0,2.1671553440683056e-13,0.0,0.0,0
Lamb_office_Caitlin,test,2017-12-11,DecisionSelectedGlobal,True,0,0,0,0,1.3855583347321954e-13,0.0,0.0,0
Lamb_office_Caitlin,test,2017-12-12,DecisionSelectedGlobal,True,0,0,0,0,9.237055564881302e-14,0.0,0.0,0
Lamb_office_Caitlin,test,2017-12-13,DecisionSelectedGlobal,True,0,0,0,0,1.3322676295501878e-13,0.0,0.0,0
Lamb_office_Caitlin,test,2017-12-14,DecisionSelectedGlobal,True,0,0,0,0,1.2434497875801753e-13,0.0,0.0,0
Lamb_office_Caitlin,test,2017-12-15,DecisionSelectedGlobal,True,0,0,0,0,9.947598300641403e-14,0.0,0.0,0
Lamb_office_Caitlin,test,2017-12-16,DecisionSelectedGlobal,True,0,0,0,0,8.526512829121202e-14,0.0,0.0,0
Lamb_office_Caitlin,test,2017-12-17,DecisionSelectedGlobal,True,0,0,0,0,1.3855583347321954e-13,0.0,0.0,0
Lamb_office_Caitlin,test,2017-12-18,DecisionSelectedGlobal,True,0,0,0,0,1.971756091734278e-13,0.0,0.0,0
Lamb_office_Caitlin,test,2017-12-19,DecisionSelectedGlobal,True,0,0,0,0,3.552713678800501e-14,0.0,0.0,0
Lamb_office_Caitlin,test,2017-12-20,DecisionSelectedGlobal,True,0,0,0,0,8.881784197001252e-14,0.0,0.0,0
Lamb_office_Caitlin,test,2017-12-21,DecisionSelectedGlobal,True,0,0,0,0,1.438849039914203e-13,0.0,0.0,0
Lamb_office_Caitlin,test,2017-12-22,DecisionSelectedGlobal,True,0,0,0,0,4.973799150320701e-14,0.0,0.0,0
Lamb_office_Caitlin,test,2017-12-23,DecisionSelectedGlobal,True,0,0,0,0,3.375077994860476e-14,0.0,0.0,0
Lamb_office_Caitlin,test,2017-12-24,DecisionSelectedGlobal,True,0,0,0,0,1.2079226507921703e-13,0.0,0.0,0
Lamb_office_Caitlin,test,2017-12-25,DecisionSelectedGlobal,True,0,0,0,0,3.907985046680551e-14,0.0,0.0,0
Lamb_office_Caitlin,test,2017-12-26,DecisionSelectedGlobal,True,0,0,0,0,3.552713678800501e-15,0.0,0.0,0
Lamb_office_Caitlin,test,2017-12-27,DecisionSelectedGlobal,True,0,0,0,0,1.3500311979441904e-13,0.0,0.0,0
Lamb_office_Caitlin,test,2017-12-28,DecisionSelectedGlobal,True,0,0,0,0,2.842170943040401e-14,0.0,0.0,0
Lamb_office_Caitlin,test,2017-12-29,DecisionSelectedGlobal,True,0,0,0,0,4.263256414560601e-14,0.0,0.0,0
Lamb_office_Caitlin,test,2017-12-30,DecisionSelectedGlobal,True,0,0,0,0,3.552713678800501e-14,0.0,0.0,0
Lamb_office_Caitlin,test,2017-12-31,DecisionSelectedGlobal,True,0,0,0,0,7.460698725481052e-14,0.0,0.0,0
Robin_office_Addie,test,2017-12-02,Oracle,True,0,0,0,0,7.105427357601002e-14,0.0,0.0,0
Robin_office_Addie,test,2017-12-03,Oracle,True,0,0,0,0,2.4868995751603507e-14,0.0,0.0,0
Robin_office_Addie,test,2017-12-04,Oracle,True,0,0,0,0,2.1316282072803006e-14,0.0,0.0,0
Robin_office_Addie,test,2017-12-05,Oracle,True,0,0,0,0,2.842170943040401e-14,0.0,0.0,0
Robin_office_Addie,test,2017-12-06,Oracle,True,0,0,0,0,4.263256414560601e-14,0.0,0.0,0
Robin_office_Addie,test,2017-12-07,Oracle,True,0,0,0,0,2.842170943040401e-14,0.0,0.0,0
Robin_office_Addie,test,2017-12-08,Oracle,True,0,0,0,0,6.394884621840902e-14,0.0,0.0,0
Robin_office_Addie,test,2017-12-09,Oracle,True,0,0,0,0,6.394884621840902e-14,0.0,0.0,0
Robin_office_Addie,test,2017-12-10,Oracle,True,0,0,0,0,7.815970093361102e-14,0.0,0.0,0
Robin_office_Addie,test,2017-12-11,Oracle,True,0,0,0,0,3.197442310920451e-14,0.0,0.0,0
Robin_office_Addie,test,2017-12-12,Oracle,True,0,0,0,0,1.4210854715202004e-14,0.0,0.0,0
Robin_office_Addie,test,2017-12-13,Oracle,True,0,0,0,0,2.842170943040401e-14,0.0,0.0,0
Robin_office_Addie,test,2017-12-14,Oracle,True,0,0,0,0,4.973799150320701e-14,0.0,0.0,0
Robin_office_Addie,test,2017-12-15,Oracle,True,0,0,0,0,4.973799150320701e-14,0.0,0.0,0
Robin_office_Addie,test,2017-12-16,Oracle,True,0,0,0,0,1.4210854715202004e-14,0.0,0.0,0
Robin_office_Addie,test,2017-12-17,Oracle,True,0,0,0,0,2.4868995751603507e-14,0.0,0.0,0
Robin_office_Addie,test,2017-12-18,Oracle,True,0,0,0,0,2.1316282072803006e-14,0.0,0.0,0
Robin_office_Addie,test,2017-12-19,Oracle,True,0,0,0,0,5.684341886080802e-14,0.0,0.0,0
Robin_office_Addie,test,2017-12-20,Oracle,True,0,0,0,0,3.907985046680551e-14,0.0,0.0,0
Robin_office_Addie,test,2017-12-21,Oracle,True,0,0,0,0,6.394884621840902e-14,0.0,0.0,0
Robin_office_Addie,test,2017-12-22,Oracle,True,0,0,0,0,7.105427357601002e-15,0.0,0.0,0
Robin_office_Addie,test,2017-12-23,Oracle,True,0,0,0,0,1.0658141036401503e-14,0.0,0.0,0
Robin_office_Addie,test,2017-12-24,Oracle,True,0,0,0,0,4.618527782440651e-14,0.0,0.0,0
Robin_office_Addie,test,2017-12-25,Oracle,True,0,0,0,0,2.1316282072803006e-14,0.0,0.0,0
Robin_office_Addie,test,2017-12-26,Oracle,True,0,0,0,0,3.907985046680551e-14,0.0,0.0,0
Robin_office_Addie,test,2017-12-27,Oracle,True,0,0,0,0,5.3290705182007514e-14,0.0,0.0,0
Robin_office_Addie,test,2017-12-28,Oracle,True,0,0,0,0,2.1316282072803006e-14,0.0,0.0,0
Robin_office_Addie,test,2017-12-29,Oracle,True,0,0,0,0,4.973799150320701e-14,0.0,0.0,0
Robin_office_Addie,test,2017-12-30,Oracle,True,0,0,0,0,7.105427357601002e-14,0.0,0.0,0
Robin_office_Addie,test,2017-12-31,Oracle,True,0,0,0,0,4.618527782440651e-14,0.0,0.0,0
Robin_office_Addie,test,2017-12-02,DayWeek,True,0,0,0,0,9.947598300641403e-14,0.0,0.0,0
Robin_office_Addie,test,2017-12-03,DayWeek,True,0,0,0,0,3.552713678800501e-14,0.0,0.0,0
Robin_office_Addie,test,2017-12-04,DayWeek,True,0,0,0,0,4.618527782440651e-14,0.0,0.0,0
Robin_office_Addie,test,2017-12-05,DayWeek,True,0,0,0,0,3.552713678800501e-14,0.0,0.0,0
Robin_office_Addie,test,2017-12-06,DayWeek,True,0,0,0,0,1.7763568394002505e-14,0.0,0.0,0
Robin_office_Addie,test,2017-12-07,DayWeek,True,0,0,0,0,4.973799150320701e-14,0.0,0.0,0
Robin_office_Addie,test,2017-12-08,DayWeek,True,0,0,0,0,3.552713678800501e-14,0.0,0.0,0
Robin_office_Addie,test,2017-12-09,DayWeek,True,0,0,0,0,1.2789769243681803e-13,0.0,0.0,0
Robin_office_Addie,test,2017-12-10,DayWeek,True,0,0,0,0,5.3290705182007514e-14,0.0,0.0,0
Robin_office_Addie,test,2017-12-11,DayWeek,True,0,0,0,0,6.394884621840902e-14,0.0,0.0,0
Robin_office_Addie,test,2017-12-12,DayWeek,True,0,0,0,0,3.730349362740526e-14,0.0,0.0,0
Robin_office_Addie,test,2017-12-13,DayWeek,True,0,0,0,0,4.263256414560601e-14,0.0,0.0,0
Robin_office_Addie,test,2017-12-14,DayWeek,True,0,0,0,0,4.973799150320701e-14,0.0,0.0,0
Robin_office_Addie,test,2017-12-15,DayWeek,True,0,0,0,0,4.263256414560601e-14,0.0,0.0,0
Robin_office_Addie,test,2017-12-16,DayWeek,True,0,0,0,0,4.263256414560601e-14,0.0,0.0,0
Robin_office_Addie,test,2017-12-17,DayWeek,True,0,0,0,0,4.973799150320701e-14,0.0,0.0,0
Robin_office_Addie,test,2017-12-18,DayWeek,True,0,0,0,0,4.973799150320701e-14,0.0,0.0,0
Robin_office_Addie,test,2017-12-19,DayWeek,True,0,0,0,0,1.7763568394002505e-14,0.0,0.0,0
Robin_office_Addie,test,2017-12-20,DayWeek,True,0,0,0,0,2.842170943040401e-14,0.0,0.0,0
Robin_office_Addie,test,2017-12-21,DayWeek,True,0,0,0,0,3.552713678800501e-14,0.0,0.0,0
Robin_office_Addie,test,2017-12-22,DayWeek,True,0,0,0,0,3.552713678800501e-15,0.0,0.0,0
Robin_office_Addie,test,2017-12-23,DayWeek,True,0,0,0,0,4.973799150320701e-14,0.0,0.0,0
Robin_office_Addie,test,2017-12-24,DayWeek,True,0,0,0,0,2.1316282072803006e-14,0.0,0.0,0
Robin_office_Addie,test,2017-12-25,DayWeek,True,0,0,0,0,2.1316282072803006e-14,0.0,0.0,0
Robin_office_Addie,test,2017-12-26,DayWeek,True,0,0,0,0,2.842170943040401e-14,0.0,0.0,0
Robin_office_Addie,test,2017-12-27,DayWeek,True,0,0,0,0,7.105427357601002e-14,0.0,0.0,0
Robin_office_Addie,test,2017-12-28,DayWeek,True,0,0,0,0,2.842170943040401e-14,0.0,0.0,0
Robin_office_Addie,test,2017-12-29,DayWeek,True,0,0,0,0,8.171241461241152e-14,0.0,0.0,0
Robin_office_Addie,test,2017-12-30,DayWeek,True,0,0,0,0,5.684341886080802e-14,0.0,0.0,0
Robin_office_Addie,test,2017-12-31,DayWeek,True,0,0,0,0,4.973799150320701e-14,0.0,0.0,0
Robin_office_Addie,test,2017-12-02,LightGBM,True,0,0,0,0,7.105427357601002e-14,0.0,0.0,0
Robin_office_Addie,test,2017-12-03,LightGBM,True,0,0,0,0,7.815970093361102e-14,0.0,0.0,0
Robin_office_Addie,test,2017-12-04,LightGBM,True,0,0,0,0,4.263256414560601e-14,0.0,0.0,0
Robin_office_Addie,test,2017-12-05,LightGBM,True,0,0,0,0,2.4868995751603507e-14,0.0,0.0,0
Robin_office_Addie,test,2017-12-06,LightGBM,True,0,0,0,0,3.197442310920451e-14,0.0,0.0,0
Robin_office_Addie,test,2017-12-07,LightGBM,True,0,0,0,0,3.907985046680551e-14,0.0,0.0,0
Robin_office_Addie,test,2017-12-08,LightGBM,True,0,0,0,0,5.3290705182007514e-14,0.0,0.0,0
Robin_office_Addie,test,2017-12-09,LightGBM,True,0,0,0,0,1.7763568394002505e-13,0.0,0.0,0
Robin_office_Addie,test,2017-12-10,LightGBM,True,0,0,0,0,3.552713678800501e-14,0.0,0.0,0
Robin_office_Addie,test,2017-12-11,LightGBM,True,0,0,0,0,4.973799150320701e-14,0.0,0.0,0
Robin_office_Addie,test,2017-12-12,LightGBM,True,0,0,0,0,3.197442310920451e-14,0.0,0.0,0
Robin_office_Addie,test,2017-12-13,LightGBM,True,0,0,0,0,1.7763568394002505e-14,0.0,0.0,0
Robin_office_Addie,test,2017-12-14,LightGBM,True,0,0,0,0,2.4868995751603507e-14,0.0,0.0,0
Robin_office_Addie,test,2017-12-15,LightGBM,True,0,0,0,0,1.6342482922482304e-13,0.0,0.0,0
Robin_office_Addie,test,2017-12-16,LightGBM,True,0,0,0,0,2.842170943040401e-14,0.0,0.0,0
Robin_office_Addie,test,2017-12-17,LightGBM,True,0,0,0,0,1.4210854715202004e-13,0.0,0.0,0
Robin_office_Addie,test,2017-12-18,LightGBM,True,0,0,0,0,2.1316282072803006e-14,0.0,0.0,0
Robin_office_Addie,test,2017-12-19,LightGBM,True,0,0,0,0,2.842170943040401e-14,0.0,0.0,0
Robin_office_Addie,test,2017-12-20,LightGBM,True,0,0,0,0,2.6645352591003757e-14,0.0,0.0,0
Robin_office_Addie,test,2017-12-21,LightGBM,True,0,0,0,0,8.881784197001252e-15,0.0,0.0,0
Robin_office_Addie,test,2017-12-22,LightGBM,True,0,0,0,0,3.552713678800501e-14,0.0,0.0,0
Robin_office_Addie,test,2017-12-23,LightGBM,True,0,0,0,0,4.263256414560601e-14,0.0,0.0,0
Robin_office_Addie,test,2017-12-24,LightGBM,True,0,0,0,0,8.881784197001252e-14,0.0,0.0,0
Robin_office_Addie,test,2017-12-25,LightGBM,True,0,0,0,0,2.842170943040401e-14,0.0,0.0,0
Robin_office_Addie,test,2017-12-26,LightGBM,True,0,0,0,0,4.973799150320701e-14,0.0,0.0,0
Robin_office_Addie,test,2017-12-27,LightGBM,True,0,0,0,0,7.460698725481052e-14,0.0,0.0,0
Robin_office_Addie,test,2017-12-28,LightGBM,True,0,0,0,0,6.750155989720952e-14,0.0,0.0,0
Robin_office_Addie,test,2017-12-29,LightGBM,True,0,0,0,0,8.881784197001252e-14,0.0,0.0,0
Robin_office_Addie,test,2017-12-30,LightGBM,True,0,0,0,0,2.4868995751603507e-14,0.0,0.0,0
Robin_office_Addie,test,2017-12-31,LightGBM,True,0,0,0,0,3.197442310920451e-14,0.0,0.0,0
Robin_office_Addie,test,2017-12-02,ForecastSelectedPerBuilding,True,0,0,0,0,7.105427357601002e-14,0.0,0.0,0
Robin_office_Addie,test,2017-12-03,ForecastSelectedPerBuilding,True,0,0,0,0,7.815970093361102e-14,0.0,0.0,0
Robin_office_Addie,test,2017-12-04,ForecastSelectedPerBuilding,True,0,0,0,0,4.263256414560601e-14,0.0,0.0,0
Robin_office_Addie,test,2017-12-05,ForecastSelectedPerBuilding,True,0,0,0,0,2.4868995751603507e-14,0.0,0.0,0
Robin_office_Addie,test,2017-12-06,ForecastSelectedPerBuilding,True,0,0,0,0,3.197442310920451e-14,0.0,0.0,0
Robin_office_Addie,test,2017-12-07,ForecastSelectedPerBuilding,True,0,0,0,0,3.907985046680551e-14,0.0,0.0,0
Robin_office_Addie,test,2017-12-08,ForecastSelectedPerBuilding,True,0,0,0,0,5.3290705182007514e-14,0.0,0.0,0
Robin_office_Addie,test,2017-12-09,ForecastSelectedPerBuilding,True,0,0,0,0,1.7763568394002505e-13,0.0,0.0,0
Robin_office_Addie,test,2017-12-10,ForecastSelectedPerBuilding,True,0,0,0,0,3.552713678800501e-14,0.0,0.0,0
Robin_office_Addie,test,2017-12-11,ForecastSelectedPerBuilding,True,0,0,0,0,4.973799150320701e-14,0.0,0.0,0
Robin_office_Addie,test,2017-12-12,ForecastSelectedPerBuilding,True,0,0,0,0,3.197442310920451e-14,0.0,0.0,0
Robin_office_Addie,test,2017-12-13,ForecastSelectedPerBuilding,True,0,0,0,0,1.7763568394002505e-14,0.0,0.0,0
Robin_office_Addie,test,2017-12-14,ForecastSelectedPerBuilding,True,0,0,0,0,2.4868995751603507e-14,0.0,0.0,0
Robin_office_Addie,test,2017-12-15,ForecastSelectedPerBuilding,True,0,0,0,0,1.6342482922482304e-13,0.0,0.0,0
Robin_office_Addie,test,2017-12-16,ForecastSelectedPerBuilding,True,0,0,0,0,2.842170943040401e-14,0.0,0.0,0
Robin_office_Addie,test,2017-12-17,ForecastSelectedPerBuilding,True,0,0,0,0,1.4210854715202004e-13,0.0,0.0,0
Robin_office_Addie,test,2017-12-18,ForecastSelectedPerBuilding,True,0,0,0,0,2.1316282072803006e-14,0.0,0.0,0
Robin_office_Addie,test,2017-12-19,ForecastSelectedPerBuilding,True,0,0,0,0,2.842170943040401e-14,0.0,0.0,0
Robin_office_Addie,test,2017-12-20,ForecastSelectedPerBuilding,True,0,0,0,0,2.6645352591003757e-14,0.0,0.0,0
Robin_office_Addie,test,2017-12-21,ForecastSelectedPerBuilding,True,0,0,0,0,8.881784197001252e-15,0.0,0.0,0
Robin_office_Addie,test,2017-12-22,ForecastSelectedPerBuilding,True,0,0,0,0,3.552713678800501e-14,0.0,0.0,0
Robin_office_Addie,test,2017-12-23,ForecastSelectedPerBuilding,True,0,0,0,0,4.263256414560601e-14,0.0,0.0,0
Robin_office_Addie,test,2017-12-24,ForecastSelectedPerBuilding,True,0,0,0,0,8.881784197001252e-14,0.0,0.0,0
Robin_office_Addie,test,2017-12-25,ForecastSelectedPerBuilding,True,0,0,0,0,2.842170943040401e-14,0.0,0.0,0
Robin_office_Addie,test,2017-12-26,ForecastSelectedPerBuilding,True,0,0,0,0,4.973799150320701e-14,0.0,0.0,0
Robin_office_Addie,test,2017-12-27,ForecastSelectedPerBuilding,True,0,0,0,0,7.460698725481052e-14,0.0,0.0,0
Robin_office_Addie,test,2017-12-28,ForecastSelectedPerBuilding,True,0,0,0,0,6.750155989720952e-14,0.0,0.0,0
Robin_office_Addie,test,2017-12-29,ForecastSelectedPerBuilding,True,0,0,0,0,8.881784197001252e-14,0.0,0.0,0
Robin_office_Addie,test,2017-12-30,ForecastSelectedPerBuilding,True,0,0,0,0,2.4868995751603507e-14,0.0,0.0,0
Robin_office_Addie,test,2017-12-31,ForecastSelectedPerBuilding,True,0,0,0,0,3.197442310920451e-14,0.0,0.0,0
Robin_office_Addie,test,2017-12-02,DecisionSelectedPerBuilding,True,0,0,0,0,7.105427357601002e-14,0.0,0.0,0
Robin_office_Addie,test,2017-12-03,DecisionSelectedPerBuilding,True,0,0,0,0,7.815970093361102e-14,0.0,0.0,0
Robin_office_Addie,test,2017-12-04,DecisionSelectedPerBuilding,True,0,0,0,0,4.263256414560601e-14,0.0,0.0,0
Robin_office_Addie,test,2017-12-05,DecisionSelectedPerBuilding,True,0,0,0,0,2.4868995751603507e-14,0.0,0.0,0
Robin_office_Addie,test,2017-12-06,DecisionSelectedPerBuilding,True,0,0,0,0,3.197442310920451e-14,0.0,0.0,0
Robin_office_Addie,test,2017-12-07,DecisionSelectedPerBuilding,True,0,0,0,0,3.907985046680551e-14,0.0,0.0,0
Robin_office_Addie,test,2017-12-08,DecisionSelectedPerBuilding,True,0,0,0,0,5.3290705182007514e-14,0.0,0.0,0
Robin_office_Addie,test,2017-12-09,DecisionSelectedPerBuilding,True,0,0,0,0,1.7763568394002505e-13,0.0,0.0,0
Robin_office_Addie,test,2017-12-10,DecisionSelectedPerBuilding,True,0,0,0,0,3.552713678800501e-14,0.0,0.0,0
Robin_office_Addie,test,2017-12-11,DecisionSelectedPerBuilding,True,0,0,0,0,4.973799150320701e-14,0.0,0.0,0
Robin_office_Addie,test,2017-12-12,DecisionSelectedPerBuilding,True,0,0,0,0,3.197442310920451e-14,0.0,0.0,0
Robin_office_Addie,test,2017-12-13,DecisionSelectedPerBuilding,True,0,0,0,0,1.7763568394002505e-14,0.0,0.0,0
Robin_office_Addie,test,2017-12-14,DecisionSelectedPerBuilding,True,0,0,0,0,2.4868995751603507e-14,0.0,0.0,0
Robin_office_Addie,test,2017-12-15,DecisionSelectedPerBuilding,True,0,0,0,0,1.6342482922482304e-13,0.0,0.0,0
Robin_office_Addie,test,2017-12-16,DecisionSelectedPerBuilding,True,0,0,0,0,2.842170943040401e-14,0.0,0.0,0
Robin_office_Addie,test,2017-12-17,DecisionSelectedPerBuilding,True,0,0,0,0,1.4210854715202004e-13,0.0,0.0,0
Robin_office_Addie,test,2017-12-18,DecisionSelectedPerBuilding,True,0,0,0,0,2.1316282072803006e-14,0.0,0.0,0
Robin_office_Addie,test,2017-12-19,DecisionSelectedPerBuilding,True,0,0,0,0,2.842170943040401e-14,0.0,0.0,0
Robin_office_Addie,test,2017-12-20,DecisionSelectedPerBuilding,True,0,0,0,0,2.6645352591003757e-14,0.0,0.0,0
Robin_office_Addie,test,2017-12-21,DecisionSelectedPerBuilding,True,0,0,0,0,8.881784197001252e-15,0.0,0.0,0
Robin_office_Addie,test,2017-12-22,DecisionSelectedPerBuilding,True,0,0,0,0,3.552713678800501e-14,0.0,0.0,0
Robin_office_Addie,test,2017-12-23,DecisionSelectedPerBuilding,True,0,0,0,0,4.263256414560601e-14,0.0,0.0,0
Robin_office_Addie,test,2017-12-24,DecisionSelectedPerBuilding,True,0,0,0,0,8.881784197001252e-14,0.0,0.0,0
Robin_office_Addie,test,2017-12-25,DecisionSelectedPerBuilding,True,0,0,0,0,2.842170943040401e-14,0.0,0.0,0
Robin_office_Addie,test,2017-12-26,DecisionSelectedPerBuilding,True,0,0,0,0,4.973799150320701e-14,0.0,0.0,0
Robin_office_Addie,test,2017-12-27,DecisionSelectedPerBuilding,True,0,0,0,0,7.460698725481052e-14,0.0,0.0,0
Robin_office_Addie,test,2017-12-28,DecisionSelectedPerBuilding,True,0,0,0,0,6.750155989720952e-14,0.0,0.0,0
Robin_office_Addie,test,2017-12-29,DecisionSelectedPerBuilding,True,0,0,0,0,8.881784197001252e-14,0.0,0.0,0
Robin_office_Addie,test,2017-12-30,DecisionSelectedPerBuilding,True,0,0,0,0,2.4868995751603507e-14,0.0,0.0,0
Robin_office_Addie,test,2017-12-31,DecisionSelectedPerBuilding,True,0,0,0,0,3.197442310920451e-14,0.0,0.0,0
Robin_office_Addie,test,2017-12-02,ForecastSelectedGlobal,True,0,0,0,0,7.105427357601002e-15,0.0,0.0,0
Robin_office_Addie,test,2017-12-03,ForecastSelectedGlobal,True,0,0,0,0,2.842170943040401e-14,0.0,0.0,0
Robin_office_Addie,test,2017-12-04,ForecastSelectedGlobal,True,0,0,0,0,2.842170943040401e-14,0.0,0.0,0
Robin_office_Addie,test,2017-12-05,ForecastSelectedGlobal,True,0,0,0,0,4.263256414560601e-14,0.0,0.0,0
Robin_office_Addie,test,2017-12-06,ForecastSelectedGlobal,True,0,0,0,0,2.842170943040401e-14,0.0,0.0,0
Robin_office_Addie,test,2017-12-07,ForecastSelectedGlobal,True,0,0,0,0,4.263256414560601e-14,0.0,0.0,0
Robin_office_Addie,test,2017-12-08,ForecastSelectedGlobal,True,0,0,0,0,3.552713678800501e-14,0.0,0.0,0
Robin_office_Addie,test,2017-12-09,ForecastSelectedGlobal,True,0,0,0,0,8.881784197001252e-14,0.0,0.0,0
Robin_office_Addie,test,2017-12-10,ForecastSelectedGlobal,True,0,0,0,0,6.039613253960852e-14,0.0,0.0,0
Robin_office_Addie,test,2017-12-11,ForecastSelectedGlobal,True,0,0,0,0,3.197442310920451e-14,0.0,0.0,0
Robin_office_Addie,test,2017-12-12,ForecastSelectedGlobal,True,0,0,0,0,2.1316282072803006e-14,0.0,0.0,0
Robin_office_Addie,test,2017-12-13,ForecastSelectedGlobal,True,0,0,0,0,8.526512829121202e-14,0.0,0.0,0
Robin_office_Addie,test,2017-12-14,ForecastSelectedGlobal,True,0,0,0,0,4.440892098500626e-14,0.0,0.0,0
Robin_office_Addie,test,2017-12-15,ForecastSelectedGlobal,True,0,0,0,0,4.973799150320701e-14,0.0,0.0,0
Robin_office_Addie,test,2017-12-16,ForecastSelectedGlobal,True,0,0,0,0,3.552713678800501e-14,0.0,0.0,0
Robin_office_Addie,test,2017-12-17,ForecastSelectedGlobal,True,0,0,0,0,1.2789769243681803e-13,0.0,0.0,0
Robin_office_Addie,test,2017-12-18,ForecastSelectedGlobal,True,0,0,0,0,1.0658141036401503e-13,0.0,0.0,0
Robin_office_Addie,test,2017-12-19,ForecastSelectedGlobal,True,0,0,0,0,1.4210854715202004e-14,0.0,0.0,0
Robin_office_Addie,test,2017-12-20,ForecastSelectedGlobal,True,0,0,0,0,3.907985046680551e-14,0.0,0.0,0
Robin_office_Addie,test,2017-12-21,ForecastSelectedGlobal,True,0,0,0,0,1.7763568394002505e-14,0.0,0.0,0
Robin_office_Addie,test,2017-12-22,ForecastSelectedGlobal,True,0,0,0,0,2.842170943040401e-14,0.0,0.0,0
Robin_office_Addie,test,2017-12-23,ForecastSelectedGlobal,True,0,0,0,0,3.907985046680551e-14,0.0,0.0,0
Robin_office_Addie,test,2017-12-24,ForecastSelectedGlobal,True,0,0,0,0,2.1316282072803006e-14,0.0,0.0,0
Robin_office_Addie,test,2017-12-25,ForecastSelectedGlobal,True,0,0,0,0,2.842170943040401e-14,0.0,0.0,0
Robin_office_Addie,test,2017-12-26,ForecastSelectedGlobal,True,0,0,0,0,1.3500311979441904e-13,0.0,0.0,0
Robin_office_Addie,test,2017-12-27,ForecastSelectedGlobal,True,0,0,0,0,6.039613253960852e-14,0.0,0.0,0
Robin_office_Addie,test,2017-12-28,ForecastSelectedGlobal,True,0,0,0,0,1.7408297026122455e-13,0.0,0.0,0
Robin_office_Addie,test,2017-12-29,ForecastSelectedGlobal,True,0,0,0,0,1.5276668818842154e-13,0.0,0.0,0
Robin_office_Addie,test,2017-12-30,ForecastSelectedGlobal,True,0,0,0,0,2.4868995751603507e-14,0.0,0.0,0
Robin_office_Addie,test,2017-12-31,ForecastSelectedGlobal,True,0,0,0,0,3.552713678800501e-14,0.0,0.0,0
Robin_office_Addie,test,2017-12-02,DecisionSelectedGlobal,True,0,0,0,0,9.237055564881302e-14,0.0,0.0,0
Robin_office_Addie,test,2017-12-03,DecisionSelectedGlobal,True,0,0,0,0,9.592326932761353e-14,0.0,0.0,0
Robin_office_Addie,test,2017-12-04,DecisionSelectedGlobal,True,0,0,0,0,2.4868995751603507e-14,0.0,0.0,0
Robin_office_Addie,test,2017-12-05,DecisionSelectedGlobal,True,0,0,0,0,2.842170943040401e-14,0.0,0.0,0
Robin_office_Addie,test,2017-12-06,DecisionSelectedGlobal,True,0,0,0,0,1.7053025658242404e-13,0.0,0.0,0
Robin_office_Addie,test,2017-12-07,DecisionSelectedGlobal,True,0,0,0,0,4.263256414560601e-14,0.0,0.0,0
Robin_office_Addie,test,2017-12-08,DecisionSelectedGlobal,True,0,0,0,0,1.4210854715202004e-14,0.0,0.0,0
Robin_office_Addie,test,2017-12-09,DecisionSelectedGlobal,True,0,0,0,0,1.3500311979441904e-13,0.0,0.0,0
Robin_office_Addie,test,2017-12-10,DecisionSelectedGlobal,True,0,0,0,0,5.684341886080802e-14,0.0,0.0,0
Robin_office_Addie,test,2017-12-11,DecisionSelectedGlobal,True,0,0,0,0,2.1316282072803006e-14,0.0,0.0,0
Robin_office_Addie,test,2017-12-12,DecisionSelectedGlobal,True,0,0,0,0,2.4868995751603507e-14,0.0,0.0,0
Robin_office_Addie,test,2017-12-13,DecisionSelectedGlobal,True,0,0,0,0,2.4868995751603507e-14,0.0,0.0,0
Robin_office_Addie,test,2017-12-14,DecisionSelectedGlobal,True,0,0,0,0,2.4868995751603507e-14,0.0,0.0,0
Robin_office_Addie,test,2017-12-15,DecisionSelectedGlobal,True,0,0,0,0,5.684341886080802e-14,0.0,0.0,0
Robin_office_Addie,test,2017-12-16,DecisionSelectedGlobal,True,0,0,0,0,4.618527782440651e-14,0.0,0.0,0
Robin_office_Addie,test,2017-12-17,DecisionSelectedGlobal,True,0,0,0,0,7.815970093361102e-14,0.0,0.0,0
Robin_office_Addie,test,2017-12-18,DecisionSelectedGlobal,True,0,0,0,0,2.842170943040401e-14,0.0,0.0,0
Robin_office_Addie,test,2017-12-19,DecisionSelectedGlobal,True,0,0,0,0,6.394884621840902e-14,0.0,0.0,0
Robin_office_Addie,test,2017-12-20,DecisionSelectedGlobal,True,0,0,0,0,2.842170943040401e-14,0.0,0.0,0
Robin_office_Addie,test,2017-12-21,DecisionSelectedGlobal,True,0,0,0,0,2.1316282072803006e-14,0.0,0.0,0
Robin_office_Addie,test,2017-12-22,DecisionSelectedGlobal,True,0,0,0,0,2.4868995751603507e-14,0.0,0.0,0
Robin_office_Addie,test,2017-12-23,DecisionSelectedGlobal,True,0,0,0,0,9.592326932761353e-14,0.0,0.0,0
Robin_office_Addie,test,2017-12-24,DecisionSelectedGlobal,True,0,0,0,0,9.947598300641403e-14,0.0,0.0,0
Robin_office_Addie,test,2017-12-25,DecisionSelectedGlobal,True,0,0,0,0,1.7763568394002505e-14,0.0,0.0,0
Robin_office_Addie,test,2017-12-26,DecisionSelectedGlobal,True,0,0,0,0,4.263256414560601e-14,0.0,0.0,0
Robin_office_Addie,test,2017-12-27,DecisionSelectedGlobal,True,0,0,0,0,2.4868995751603507e-14,0.0,0.0,0
Robin_office_Addie,test,2017-12-28,DecisionSelectedGlobal,True,0,0,0,0,9.947598300641403e-14,0.0,0.0,0
Robin_office_Addie,test,2017-12-29,DecisionSelectedGlobal,True,0,0,0,0,1.2079226507921703e-13,0.0,0.0,0
Robin_office_Addie,test,2017-12-30,DecisionSelectedGlobal,True,0,0,0,0,3.552713678800501e-14,0.0,0.0,0
Robin_office_Addie,test,2017-12-31,DecisionSelectedGlobal,True,0,0,0,0,4.973799150320701e-14,0.0,0.0,0
Lamb_office_Gerardo,test,2017-12-02,Oracle,True,0,0,0,0,5.1514348342607263e-14,0.0,0.0,0
Lamb_office_Gerardo,test,2017-12-03,Oracle,True,0,0,0,0,3.197442310920451e-14,0.0,0.0,0
Lamb_office_Gerardo,test,2017-12-04,Oracle,True,0,0,0,0,0.0,0.0,0.0,0
Lamb_office_Gerardo,test,2017-12-05,Oracle,True,0,0,0,0,1.7763568394002505e-15,0.0,0.0,0
Lamb_office_Gerardo,test,2017-12-06,Oracle,True,0,0,0,0,0.0,0.0,0.0,0
Lamb_office_Gerardo,test,2017-12-07,Oracle,True,0,0,0,0,0.0,0.0,0.0,0
Lamb_office_Gerardo,test,2017-12-08,Oracle,True,0,0,0,0,8.881784197001252e-16,0.0,0.0,0
Lamb_office_Gerardo,test,2017-12-09,Oracle,True,0,0,0,0,3.907985046680551e-14,0.0,0.0,0
Lamb_office_Gerardo,test,2017-12-10,Oracle,True,0,0,0,0,3.375077994860476e-14,0.0,0.0,0
Lamb_office_Gerardo,test,2017-12-11,Oracle,True,0,0,0,0,8.881784197001252e-16,0.0,0.0,0
Lamb_office_Gerardo,test,2017-12-12,Oracle,True,0,0,0,0,1.7763568394002505e-15,0.0,0.0,0
Lamb_office_Gerardo,test,2017-12-13,Oracle,True,0,0,0,0,0.0,0.0,0.0,0
Lamb_office_Gerardo,test,2017-12-14,Oracle,True,0,0,0,0,1.7763568394002505e-15,0.0,0.0,0
Lamb_office_Gerardo,test,2017-12-15,Oracle,True,0,0,0,0,8.881784197001252e-16,0.0,0.0,0
Lamb_office_Gerardo,test,2017-12-16,Oracle,True,0,0,0,0,2.842170943040401e-14,0.0,0.0,0
Lamb_office_Gerardo,test,2017-12-17,Oracle,True,0,0,0,0,3.197442310920451e-14,0.0,0.0,0
Lamb_office_Gerardo,test,2017-12-18,Oracle,True,0,0,0,0,1.7763568394002505e-15,0.0,0.0,0
Lamb_office_Gerardo,test,2017-12-19,Oracle,True,0,0,0,0,5.329070518200751e-15,0.0,0.0,0
Lamb_office_Gerardo,test,2017-12-20,Oracle,True,0,0,0,0,8.881784197001252e-15,0.0,0.0,0
Lamb_office_Gerardo,test,2017-12-21,Oracle,True,0,0,0,0,0.0,0.0,0.0,0
Lamb_office_Gerardo,test,2017-12-22,Oracle,True,0,0,0,0,1.3322676295501878e-14,0.0,0.0,0
Lamb_office_Gerardo,test,2017-12-23,Oracle,True,0,0,0,0,3.907985046680551e-14,0.0,0.0,0
Lamb_office_Gerardo,test,2017-12-24,Oracle,True,0,0,0,0,2.4868995751603507e-14,0.0,0.0,0
Lamb_office_Gerardo,test,2017-12-25,Oracle,True,0,0,0,0,3.197442310920451e-14,0.0,0.0,0
Lamb_office_Gerardo,test,2017-12-26,Oracle,True,0,0,0,0,3.019806626980426e-14,0.0,0.0,0
Lamb_office_Gerardo,test,2017-12-27,Oracle,True,0,0,0,0,2.1316282072803006e-14,0.0,0.0,0
Lamb_office_Gerardo,test,2017-12-28,Oracle,True,0,0,0,0,1.7763568394002505e-14,0.0,0.0,0
Lamb_office_Gerardo,test,2017-12-29,Oracle,True,0,0,0,0,1.4210854715202004e-14,0.0,0.0,0
Lamb_office_Gerardo,test,2017-12-30,Oracle,True,0,0,0,0,1.2434497875801753e-14,0.0,0.0,0
Lamb_office_Gerardo,test,2017-12-31,Oracle,True,0,0,0,0,1.7763568394002505e-14,0.0,0.0,0
Lamb_office_Gerardo,test,2017-12-02,DayWeek,True,0,0,0,0,7.105427357601002e-15,0.0,0.0,0
Lamb_office_Gerardo,test,2017-12-03,DayWeek,True,0,0,0,0,1.7763568394002505e-14,0.0,0.0,0
Lamb_office_Gerardo,test,2017-12-04,DayWeek,True,0,0,0,0,2.3092638912203256e-14,0.0,0.0,0
Lamb_office_Gerardo,test,2017-12-05,DayWeek,True,0,0,0,0,8.881784197001252e-16,0.0,0.0,0
Lamb_office_Gerardo,test,2017-12-06,DayWeek,True,0,0,0,0,1.7763568394002505e-15,0.0,0.0,0
Lamb_office_Gerardo,test,2017-12-07,DayWeek,True,0,0,0,0,4.440892098500626e-16,0.0,0.0,0
Lamb_office_Gerardo,test,2017-12-08,DayWeek,True,0,0,0,0,8.881784197001252e-16,0.0,0.0,0
Lamb_office_Gerardo,test,2017-12-09,DayWeek,True,0,0,0,0,1.4654943925052066e-14,0.0,0.0,0
Lamb_office_Gerardo,test,2017-12-10,DayWeek,True,0,0,0,0,3.197442310920451e-14,0.0,0.0,0
Lamb_office_Gerardo,test,2017-12-11,DayWeek,True,0,0,0,0,2.042810365310288e-14,0.0,0.0,0
Lamb_office_Gerardo,test,2017-12-12,DayWeek,True,0,0,0,0,0.0,0.0,0.0,0
Lamb_office_Gerardo,test,2017-12-13,DayWeek,True,0,0,0,0,8.881784197001252e-16,0.0,0.0,0
Lamb_office_Gerardo,test,2017-12-14,DayWeek,True,0,0,0,0,0.0,0.0,0.0,0
Lamb_office_Gerardo,test,2017-12-15,DayWeek,True,0,0,0,0,1.7763568394002505e-15,0.0,0.0,0
Lamb_office_Gerardo,test,2017-12-16,DayWeek,True,0,0,0,0,2.531308496145357e-14,0.0,0.0,0
Lamb_office_Gerardo,test,2017-12-17,DayWeek,True,0,0,0,0,3.552713678800501e-14,0.0,0.0,0
Lamb_office_Gerardo,test,2017-12-18,DayWeek,True,0,0,0,0,1.1546319456101628e-14,0.0,0.0,0
Lamb_office_Gerardo,test,2017-12-19,DayWeek,True,0,0,0,0,8.881784197001252e-16,0.0,0.0,0
Lamb_office_Gerardo,test,2017-12-20,DayWeek,True,0,0,0,0,0.0,0.0,0.0,0
Lamb_office_Gerardo,test,2017-12-21,DayWeek,True,0,0,0,0,1.7763568394002505e-15,0.0,0.0,0
Lamb_office_Gerardo,test,2017-12-22,DayWeek,True,0,0,0,0,0.0,0.0,0.0,0
Lamb_office_Gerardo,test,2017-12-23,DayWeek,True,0,0,0,0,8.881784197001252e-15,0.0,0.0,0
Lamb_office_Gerardo,test,2017-12-24,DayWeek,True,0,0,0,0,2.4868995751603507e-14,0.0,0.0,0
Lamb_office_Gerardo,test,2017-12-25,DayWeek,True,0,0,0,0,1.9539925233402755e-14,0.0,0.0,0
Lamb_office_Gerardo,test,2017-12-26,DayWeek,True,0,0,0,0,0.0,0.0,0.0,0
Lamb_office_Gerardo,test,2017-12-27,DayWeek,True,0,0,0,0,2.1316282072803006e-14,0.0,0.0,0
Lamb_office_Gerardo,test,2017-12-28,DayWeek,True,0,0,0,0,1.7763568394002505e-15,0.0,0.0,0
Lamb_office_Gerardo,test,2017-12-29,DayWeek,True,0,0,0,0,1.4210854715202004e-14,0.0,0.0,0
Lamb_office_Gerardo,test,2017-12-30,DayWeek,True,0,0,0,0,2.6645352591003757e-14,0.0,0.0,0
Lamb_office_Gerardo,test,2017-12-31,DayWeek,True,0,0,0,0,3.552713678800501e-14,0.0,0.0,0
Lamb_office_Gerardo,test,2017-12-02,LightGBM,True,0,0,0,0,2.3092638912203256e-14,0.0,0.0,0
Lamb_office_Gerardo,test,2017-12-03,LightGBM,True,0,0,0,0,6.039613253960852e-14,0.0,0.0,0
Lamb_office_Gerardo,test,2017-12-04,LightGBM,True,0,0,0,0,8.881784197001252e-16,0.0,0.0,0
Lamb_office_Gerardo,test,2017-12-05,LightGBM,True,0,0,0,0,8.881784197001252e-16,0.0,0.0,0
Lamb_office_Gerardo,test,2017-12-06,LightGBM,True,0,0,0,0,1.7763568394002505e-15,0.0,0.0,0
Lamb_office_Gerardo,test,2017-12-07,LightGBM,True,0,0,0,0,8.881784197001252e-16,0.0,0.0,0
Lamb_office_Gerardo,test,2017-12-08,LightGBM,True,0,0,0,0,1.7763568394002505e-15,0.0,0.0,0
Lamb_office_Gerardo,test,2017-12-09,LightGBM,True,0,0,0,0,1.7763568394002505e-14,0.0,0.0,0
Lamb_office_Gerardo,test,2017-12-10,LightGBM,True,0,0,0,0,4.796163466380676e-14,0.0,0.0,0
Lamb_office_Gerardo,test,2017-12-11,LightGBM,True,0,0,0,0,8.881784197001252e-16,0.0,0.0,0
Lamb_office_Gerardo,test,2017-12-12,LightGBM,True,0,0,0,0,1.2878587085651816e-14,0.0,0.0,0
Lamb_office_Gerardo,test,2017-12-13,LightGBM,True,0,0,0,0,1.3322676295501878e-15,0.0,0.0,0
Lamb_office_Gerardo,test,2017-12-14,LightGBM,True,0,0,0,0,4.440892098500626e-16,0.0,0.0,0
Lamb_office_Gerardo,test,2017-12-15,LightGBM,True,0,0,0,0,8.881784197001252e-16,0.0,0.0,0
Lamb_office_Gerardo,test,2017-12-16,LightGBM,True,0,0,0,0,4.263256414560601e-14,0.0,0.0,0
Lamb_office_Gerardo,test,2017-12-17,LightGBM,True,0,0,0,0,5.3290705182007514e-14,0.0,0.0,0
Lamb_office_Gerardo,test,2017-12-18,LightGBM,True,0,0,0,0,0.0,0.0,0.0,0
Lamb_office_Gerardo,test,2017-12-19,LightGBM,True,0,0,0,0,7.105427357601002e-15,0.0,0.0,0
Lamb_office_Gerardo,test,2017-12-20,LightGBM,True,0,0,0,0,8.881784197001252e-16,0.0,0.0,0
Lamb_office_Gerardo,test,2017-12-21,LightGBM,True,0,0,0,0,1.7763568394002505e-14,0.0,0.0,0
Lamb_office_Gerardo,test,2017-12-22,LightGBM,True,0,0,0,0,8.881784197001252e-16,0.0,0.0,0
Lamb_office_Gerardo,test,2017-12-23,LightGBM,True,0,0,0,0,5.861977570020827e-14,0.0,0.0,0
Lamb_office_Gerardo,test,2017-12-24,LightGBM,True,0,0,0,0,3.375077994860476e-14,0.0,0.0,0
Lamb_office_Gerardo,test,2017-12-25,LightGBM,True,0,0,0,0,0.0,0.0,0.0,0
Lamb_office_Gerardo,test,2017-12-26,LightGBM,True,0,0,0,0,1.7763568394002505e-14,0.0,0.0,0
Lamb_office_Gerardo,test,2017-12-27,LightGBM,True,0,0,0,0,3.375077994860476e-14,0.0,0.0,0
Lamb_office_Gerardo,test,2017-12-28,LightGBM,True,0,0,0,0,5.10702591327572e-14,0.0,0.0,0
Lamb_office_Gerardo,test,2017-12-29,LightGBM,True,0,0,0,0,7.105427357601002e-15,0.0,0.0,0
Lamb_office_Gerardo,test,2017-12-30,LightGBM,True,0,0,0,0,2.6645352591003757e-14,0.0,0.0,0
Lamb_office_Gerardo,test,2017-12-31,LightGBM,True,0,0,0,0,2.1316282072803006e-14,0.0,0.0,0
Lamb_office_Gerardo,test,2017-12-02,ForecastSelectedPerBuilding,True,0,0,0,0,7.105427357601002e-15,0.0,0.0,0
Lamb_office_Gerardo,test,2017-12-03,ForecastSelectedPerBuilding,True,0,0,0,0,1.7763568394002505e-14,0.0,0.0,0
Lamb_office_Gerardo,test,2017-12-04,ForecastSelectedPerBuilding,True,0,0,0,0,2.3092638912203256e-14,0.0,0.0,0
Lamb_office_Gerardo,test,2017-12-05,ForecastSelectedPerBuilding,True,0,0,0,0,8.881784197001252e-16,0.0,0.0,0
Lamb_office_Gerardo,test,2017-12-06,ForecastSelectedPerBuilding,True,0,0,0,0,1.7763568394002505e-15,0.0,0.0,0
Lamb_office_Gerardo,test,2017-12-07,ForecastSelectedPerBuilding,True,0,0,0,0,4.440892098500626e-16,0.0,0.0,0
Lamb_office_Gerardo,test,2017-12-08,ForecastSelectedPerBuilding,True,0,0,0,0,8.881784197001252e-16,0.0,0.0,0
Lamb_office_Gerardo,test,2017-12-09,ForecastSelectedPerBuilding,True,0,0,0,0,1.4654943925052066e-14,0.0,0.0,0
Lamb_office_Gerardo,test,2017-12-10,ForecastSelectedPerBuilding,True,0,0,0,0,3.197442310920451e-14,0.0,0.0,0
Lamb_office_Gerardo,test,2017-12-11,ForecastSelectedPerBuilding,True,0,0,0,0,2.042810365310288e-14,0.0,0.0,0
Lamb_office_Gerardo,test,2017-12-12,ForecastSelectedPerBuilding,True,0,0,0,0,0.0,0.0,0.0,0
Lamb_office_Gerardo,test,2017-12-13,ForecastSelectedPerBuilding,True,0,0,0,0,8.881784197001252e-16,0.0,0.0,0
Lamb_office_Gerardo,test,2017-12-14,ForecastSelectedPerBuilding,True,0,0,0,0,0.0,0.0,0.0,0
Lamb_office_Gerardo,test,2017-12-15,ForecastSelectedPerBuilding,True,0,0,0,0,1.7763568394002505e-15,0.0,0.0,0
Lamb_office_Gerardo,test,2017-12-16,ForecastSelectedPerBuilding,True,0,0,0,0,2.531308496145357e-14,0.0,0.0,0
Lamb_office_Gerardo,test,2017-12-17,ForecastSelectedPerBuilding,True,0,0,0,0,3.552713678800501e-14,0.0,0.0,0
Lamb_office_Gerardo,test,2017-12-18,ForecastSelectedPerBuilding,True,0,0,0,0,1.1546319456101628e-14,0.0,0.0,0
Lamb_office_Gerardo,test,2017-12-19,ForecastSelectedPerBuilding,True,0,0,0,0,8.881784197001252e-16,0.0,0.0,0
Lamb_office_Gerardo,test,2017-12-20,ForecastSelectedPerBuilding,True,0,0,0,0,0.0,0.0,0.0,0
Lamb_office_Gerardo,test,2017-12-21,ForecastSelectedPerBuilding,True,0,0,0,0,1.7763568394002505e-15,0.0,0.0,0
Lamb_office_Gerardo,test,2017-12-22,ForecastSelectedPerBuilding,True,0,0,0,0,0.0,0.0,0.0,0
Lamb_office_Gerardo,test,2017-12-23,ForecastSelectedPerBuilding,True,0,0,0,0,8.881784197001252e-15,0.0,0.0,0
Lamb_office_Gerardo,test,2017-12-24,ForecastSelectedPerBuilding,True,0,0,0,0,2.4868995751603507e-14,0.0,0.0,0
Lamb_office_Gerardo,test,2017-12-25,ForecastSelectedPerBuilding,True,0,0,0,0,1.9539925233402755e-14,0.0,0.0,0
Lamb_office_Gerardo,test,2017-12-26,ForecastSelectedPerBuilding,True,0,0,0,0,0.0,0.0,0.0,0
Lamb_office_Gerardo,test,2017-12-27,ForecastSelectedPerBuilding,True,0,0,0,0,2.1316282072803006e-14,0.0,0.0,0
Lamb_office_Gerardo,test,2017-12-28,ForecastSelectedPerBuilding,True,0,0,0,0,1.7763568394002505e-15,0.0,0.0,0
Lamb_office_Gerardo,test,2017-12-29,ForecastSelectedPerBuilding,True,0,0,0,0,1.4210854715202004e-14,0.0,0.0,0
Lamb_office_Gerardo,test,2017-12-30,ForecastSelectedPerBuilding,True,0,0,0,0,2.6645352591003757e-14,0.0,0.0,0
Lamb_office_Gerardo,test,2017-12-31,ForecastSelectedPerBuilding,True,0,0,0,0,3.552713678800501e-14,0.0,0.0,0
Lamb_office_Gerardo,test,2017-12-02,DecisionSelectedPerBuilding,True,0,0,0,0,2.3092638912203256e-14,0.0,0.0,0
Lamb_office_Gerardo,test,2017-12-03,DecisionSelectedPerBuilding,True,0,0,0,0,6.039613253960852e-14,0.0,0.0,0
Lamb_office_Gerardo,test,2017-12-04,DecisionSelectedPerBuilding,True,0,0,0,0,8.881784197001252e-16,0.0,0.0,0
Lamb_office_Gerardo,test,2017-12-05,DecisionSelectedPerBuilding,True,0,0,0,0,8.881784197001252e-16,0.0,0.0,0
Lamb_office_Gerardo,test,2017-12-06,DecisionSelectedPerBuilding,True,0,0,0,0,1.7763568394002505e-15,0.0,0.0,0
Lamb_office_Gerardo,test,2017-12-07,DecisionSelectedPerBuilding,True,0,0,0,0,8.881784197001252e-16,0.0,0.0,0
Lamb_office_Gerardo,test,2017-12-08,DecisionSelectedPerBuilding,True,0,0,0,0,1.7763568394002505e-15,0.0,0.0,0
Lamb_office_Gerardo,test,2017-12-09,DecisionSelectedPerBuilding,True,0,0,0,0,1.7763568394002505e-14,0.0,0.0,0
Lamb_office_Gerardo,test,2017-12-10,DecisionSelectedPerBuilding,True,0,0,0,0,4.796163466380676e-14,0.0,0.0,0
Lamb_office_Gerardo,test,2017-12-11,DecisionSelectedPerBuilding,True,0,0,0,0,8.881784197001252e-16,0.0,0.0,0
Lamb_office_Gerardo,test,2017-12-12,DecisionSelectedPerBuilding,True,0,0,0,0,1.2878587085651816e-14,0.0,0.0,0
Lamb_office_Gerardo,test,2017-12-13,DecisionSelectedPerBuilding,True,0,0,0,0,1.3322676295501878e-15,0.0,0.0,0
Lamb_office_Gerardo,test,2017-12-14,DecisionSelectedPerBuilding,True,0,0,0,0,4.440892098500626e-16,0.0,0.0,0
Lamb_office_Gerardo,test,2017-12-15,DecisionSelectedPerBuilding,True,0,0,0,0,8.881784197001252e-16,0.0,0.0,0
Lamb_office_Gerardo,test,2017-12-16,DecisionSelectedPerBuilding,True,0,0,0,0,4.263256414560601e-14,0.0,0.0,0
Lamb_office_Gerardo,test,2017-12-17,DecisionSelectedPerBuilding,True,0,0,0,0,5.3290705182007514e-14,0.0,0.0,0
Lamb_office_Gerardo,test,2017-12-18,DecisionSelectedPerBuilding,True,0,0,0,0,0.0,0.0,0.0,0
Lamb_office_Gerardo,test,2017-12-19,DecisionSelectedPerBuilding,True,0,0,0,0,7.105427357601002e-15,0.0,0.0,0
Lamb_office_Gerardo,test,2017-12-20,DecisionSelectedPerBuilding,True,0,0,0,0,8.881784197001252e-16,0.0,0.0,0
Lamb_office_Gerardo,test,2017-12-21,DecisionSelectedPerBuilding,True,0,0,0,0,1.7763568394002505e-14,0.0,0.0,0
Lamb_office_Gerardo,test,2017-12-22,DecisionSelectedPerBuilding,True,0,0,0,0,8.881784197001252e-16,0.0,0.0,0
Lamb_office_Gerardo,test,2017-12-23,DecisionSelectedPerBuilding,True,0,0,0,0,5.861977570020827e-14,0.0,0.0,0
Lamb_office_Gerardo,test,2017-12-24,DecisionSelectedPerBuilding,True,0,0,0,0,3.375077994860476e-14,0.0,0.0,0
Lamb_office_Gerardo,test,2017-12-25,DecisionSelectedPerBuilding,True,0,0,0,0,0.0,0.0,0.0,0
Lamb_office_Gerardo,test,2017-12-26,DecisionSelectedPerBuilding,True,0,0,0,0,1.7763568394002505e-14,0.0,0.0,0
Lamb_office_Gerardo,test,2017-12-27,DecisionSelectedPerBuilding,True,0,0,0,0,3.375077994860476e-14,0.0,0.0,0
Lamb_office_Gerardo,test,2017-12-28,DecisionSelectedPerBuilding,True,0,0,0,0,5.10702591327572e-14,0.0,0.0,0
Lamb_office_Gerardo,test,2017-12-29,DecisionSelectedPerBuilding,True,0,0,0,0,7.105427357601002e-15,0.0,0.0,0
Lamb_office_Gerardo,test,2017-12-30,DecisionSelectedPerBuilding,True,0,0,0,0,2.6645352591003757e-14,0.0,0.0,0
Lamb_office_Gerardo,test,2017-12-31,DecisionSelectedPerBuilding,True,0,0,0,0,2.1316282072803006e-14,0.0,0.0,0
Lamb_office_Gerardo,test,2017-12-02,ForecastSelectedGlobal,True,0,0,0,0,3.552713678800501e-15,0.0,0.0,0
Lamb_office_Gerardo,test,2017-12-03,ForecastSelectedGlobal,True,0,0,0,0,4.440892098500626e-14,0.0,0.0,0
Lamb_office_Gerardo,test,2017-12-04,ForecastSelectedGlobal,True,0,0,0,0,8.881784197001252e-16,0.0,0.0,0
Lamb_office_Gerardo,test,2017-12-05,ForecastSelectedGlobal,True,0,0,0,0,8.881784197001252e-16,0.0,0.0,0
Lamb_office_Gerardo,test,2017-12-06,ForecastSelectedGlobal,True,0,0,0,0,8.881784197001252e-16,0.0,0.0,0
Lamb_office_Gerardo,test,2017-12-07,ForecastSelectedGlobal,True,0,0,0,0,8.881784197001252e-16,0.0,0.0,0
Lamb_office_Gerardo,test,2017-12-08,ForecastSelectedGlobal,True,0,0,0,0,8.881784197001252e-16,0.0,0.0,0
Lamb_office_Gerardo,test,2017-12-09,ForecastSelectedGlobal,True,0,0,0,0,5.329070518200751e-15,0.0,0.0,0
Lamb_office_Gerardo,test,2017-12-10,ForecastSelectedGlobal,True,0,0,0,0,3.552713678800501e-14,0.0,0.0,0
Lamb_office_Gerardo,test,2017-12-11,ForecastSelectedGlobal,True,0,0,0,0,1.7763568394002505e-15,0.0,0.0,0
Lamb_office_Gerardo,test,2017-12-12,ForecastSelectedGlobal,True,0,0,0,0,8.881784197001252e-16,0.0,0.0,0
Lamb_office_Gerardo,test,2017-12-13,ForecastSelectedGlobal,True,0,0,0,0,1.7763568394002505e-15,0.0,0.0,0
Lamb_office_Gerardo,test,2017-12-14,ForecastSelectedGlobal,True,0,0,0,0,8.881784197001252e-16,0.0,0.0,0
Lamb_office_Gerardo,test,2017-12-15,ForecastSelectedGlobal,True,0,0,0,0,1.7763568394002505e-15,0.0,0.0,0
Lamb_office_Gerardo,test,2017-12-16,ForecastSelectedGlobal,True,0,0,0,0,1.0658141036401503e-14,0.0,0.0,0
Lamb_office_Gerardo,test,2017-12-17,ForecastSelectedGlobal,True,0,0,0,0,3.197442310920451e-14,0.0,0.0,0
Lamb_office_Gerardo,test,2017-12-18,ForecastSelectedGlobal,True,0,0,0,0,8.881784197001252e-16,0.0,0.0,0
Lamb_office_Gerardo,test,2017-12-19,ForecastSelectedGlobal,True,0,0,0,0,2.842170943040401e-14,0.0,0.0,0
Lamb_office_Gerardo,test,2017-12-20,ForecastSelectedGlobal,True,0,0,0,0,4.440892098500626e-16,0.0,0.0,0
Lamb_office_Gerardo,test,2017-12-21,ForecastSelectedGlobal,True,0,0,0,0,1.2434497875801753e-14,0.0,0.0,0
Lamb_office_Gerardo,test,2017-12-22,ForecastSelectedGlobal,True,0,0,0,0,1.3322676295501878e-15,0.0,0.0,0
Lamb_office_Gerardo,test,2017-12-23,ForecastSelectedGlobal,True,0,0,0,0,3.1530333899354446e-14,0.0,0.0,0
Lamb_office_Gerardo,test,2017-12-24,ForecastSelectedGlobal,True,0,0,0,0,4.973799150320701e-14,0.0,0.0,0
Lamb_office_Gerardo,test,2017-12-25,ForecastSelectedGlobal,True,0,0,0,0,1.5987211554602254e-14,0.0,0.0,0
Lamb_office_Gerardo,test,2017-12-26,ForecastSelectedGlobal,True,0,0,0,0,3.552713678800501e-15,0.0,0.0,0
Lamb_office_Gerardo,test,2017-12-27,ForecastSelectedGlobal,True,0,0,0,0,3.197442310920451e-14,0.0,0.0,0
Lamb_office_Gerardo,test,2017-12-28,ForecastSelectedGlobal,True,0,0,0,0,1.7763568394002505e-14,0.0,0.0,0
Lamb_office_Gerardo,test,2017-12-29,ForecastSelectedGlobal,True,0,0,0,0,1.4210854715202004e-14,0.0,0.0,0
Lamb_office_Gerardo,test,2017-12-30,ForecastSelectedGlobal,True,0,0,0,0,2.6645352591003757e-14,0.0,0.0,0
Lamb_office_Gerardo,test,2017-12-31,ForecastSelectedGlobal,True,0,0,0,0,6.039613253960852e-14,0.0,0.0,0
Lamb_office_Gerardo,test,2017-12-02,DecisionSelectedGlobal,True,0,0,0,0,1.3322676295501878e-14,0.0,0.0,0
Lamb_office_Gerardo,test,2017-12-03,DecisionSelectedGlobal,True,0,0,0,0,3.019806626980426e-14,0.0,0.0,0
Lamb_office_Gerardo,test,2017-12-04,DecisionSelectedGlobal,True,0,0,0,0,0.0,0.0,0.0,0
Lamb_office_Gerardo,test,2017-12-05,DecisionSelectedGlobal,True,0,0,0,0,1.7763568394002505e-15,0.0,0.0,0
Lamb_office_Gerardo,test,2017-12-06,DecisionSelectedGlobal,True,0,0,0,0,8.881784197001252e-16,0.0,0.0,0
Lamb_office_Gerardo,test,2017-12-07,DecisionSelectedGlobal,True,0,0,0,0,1.7763568394002505e-15,0.0,0.0,0
Lamb_office_Gerardo,test,2017-12-08,DecisionSelectedGlobal,True,0,0,0,0,1.7763568394002505e-15,0.0,0.0,0
Lamb_office_Gerardo,test,2017-12-09,DecisionSelectedGlobal,True,0,0,0,0,3.907985046680551e-14,0.0,0.0,0
Lamb_office_Gerardo,test,2017-12-10,DecisionSelectedGlobal,True,0,0,0,0,4.263256414560601e-14,0.0,0.0,0
Lamb_office_Gerardo,test,2017-12-11,DecisionSelectedGlobal,True,0,0,0,0,8.881784197001252e-16,0.0,0.0,0
Lamb_office_Gerardo,test,2017-12-12,DecisionSelectedGlobal,True,0,0,0,0,0.0,0.0,0.0,0
Lamb_office_Gerardo,test,2017-12-13,DecisionSelectedGlobal,True,0,0,0,0,1.0658141036401503e-14,0.0,0.0,0
Lamb_office_Gerardo,test,2017-12-14,DecisionSelectedGlobal,True,0,0,0,0,0.0,0.0,0.0,0
Lamb_office_Gerardo,test,2017-12-15,DecisionSelectedGlobal,True,0,0,0,0,8.881784197001252e-16,0.0,0.0,0
Lamb_office_Gerardo,test,2017-12-16,DecisionSelectedGlobal,True,0,0,0,0,6.217248937900877e-14,0.0,0.0,0
Lamb_office_Gerardo,test,2017-12-17,DecisionSelectedGlobal,True,0,0,0,0,3.730349362740526e-14,0.0,0.0,0
Lamb_office_Gerardo,test,2017-12-18,DecisionSelectedGlobal,True,0,0,0,0,8.881784197001252e-16,0.0,0.0,0
Lamb_office_Gerardo,test,2017-12-19,DecisionSelectedGlobal,True,0,0,0,0,2.6645352591003757e-14,0.0,0.0,0
Lamb_office_Gerardo,test,2017-12-20,DecisionSelectedGlobal,True,0,0,0,0,4.440892098500626e-16,0.0,0.0,0
Lamb_office_Gerardo,test,2017-12-21,DecisionSelectedGlobal,True,0,0,0,0,3.552713678800501e-15,0.0,0.0,0
Lamb_office_Gerardo,test,2017-12-22,DecisionSelectedGlobal,True,0,0,0,0,4.440892098500626e-16,0.0,0.0,0
Lamb_office_Gerardo,test,2017-12-23,DecisionSelectedGlobal,True,0,0,0,0,2.4868995751603507e-14,0.0,0.0,0
Lamb_office_Gerardo,test,2017-12-24,DecisionSelectedGlobal,True,0,0,0,0,3.730349362740526e-14,0.0,0.0,0
Lamb_office_Gerardo,test,2017-12-25,DecisionSelectedGlobal,True,0,0,0,0,1.7763568394002505e-15,0.0,0.0,0
Lamb_office_Gerardo,test,2017-12-26,DecisionSelectedGlobal,True,0,0,0,0,1.0658141036401503e-14,0.0,0.0,0
Lamb_office_Gerardo,test,2017-12-27,DecisionSelectedGlobal,True,0,0,0,0,1.1546319456101628e-14,0.0,0.0,0
Lamb_office_Gerardo,test,2017-12-28,DecisionSelectedGlobal,True,0,0,0,0,1.5987211554602254e-14,0.0,0.0,0
Lamb_office_Gerardo,test,2017-12-29,DecisionSelectedGlobal,True,0,0,0,0,1.0658141036401503e-14,0.0,0.0,0
Lamb_office_Gerardo,test,2017-12-30,DecisionSelectedGlobal,True,0,0,0,0,9.237055564881302e-14,0.0,0.0,0
Lamb_office_Gerardo,test,2017-12-31,DecisionSelectedGlobal,True,0,0,0,0,3.197442310920451e-14,0.0,0.0,0
Hog_office_Alexis,test,2017-12-02,Oracle,True,0,0,0,0,2.842170943040401e-14,0.0,0.0,0
Hog_office_Alexis,test,2017-12-03,Oracle,True,0,0,0,0,1.7763568394002505e-14,0.0,0.0,0
Hog_office_Alexis,test,2017-12-04,Oracle,True,0,0,0,0,3.552713678800501e-14,0.0,0.0,0
Hog_office_Alexis,test,2017-12-05,Oracle,True,0,0,0,0,3.197442310920451e-14,0.0,0.0,0
Hog_office_Alexis,test,2017-12-06,Oracle,True,0,0,0,0,4.263256414560601e-14,0.0,0.0,0
Hog_office_Alexis,test,2017-12-07,Oracle,True,0,0,0,0,8.171241461241152e-14,0.0,0.0,0
Hog_office_Alexis,test,2017-12-08,Oracle,True,0,0,0,0,2.842170943040401e-14,0.0,0.0,0
Hog_office_Alexis,test,2017-12-09,Oracle,True,0,0,0,0,6.394884621840902e-14,0.0,0.0,0
Hog_office_Alexis,test,2017-12-10,Oracle,True,0,0,0,0,9.592326932761353e-14,0.0,0.0,0
Hog_office_Alexis,test,2017-12-11,Oracle,True,0,0,0,0,1.4210854715202004e-14,0.0,0.0,0
Hog_office_Alexis,test,2017-12-12,Oracle,True,0,0,0,0,1.4210854715202004e-14,0.0,0.0,0
Hog_office_Alexis,test,2017-12-13,Oracle,True,0,0,0,0,3.197442310920451e-14,0.0,0.0,0
Hog_office_Alexis,test,2017-12-14,Oracle,True,0,0,0,0,2.842170943040401e-14,0.0,0.0,0
Hog_office_Alexis,test,2017-12-15,Oracle,True,0,0,0,0,2.7533531010703882e-14,0.0,0.0,0
Hog_office_Alexis,test,2017-12-16,Oracle,True,0,0,0,0,1.9895196601282805e-13,0.0,0.0,0
Hog_office_Alexis,test,2017-12-17,Oracle,True,0,0,0,0,4.263256414560601e-14,0.0,0.0,0
Hog_office_Alexis,test,2017-12-18,Oracle,True,0,0,0,0,1.4210854715202004e-14,0.0,0.0,0
Hog_office_Alexis,test,2017-12-19,Oracle,True,0,0,0,0,2.4868995751603507e-14,0.0,0.0,0
Hog_office_Alexis,test,2017-12-20,Oracle,True,0,0,0,0,1.4210854715202004e-14,0.0,0.0,0
Hog_office_Alexis,test,2017-12-21,Oracle,True,0,0,0,0,1.7763568394002505e-14,0.0,0.0,0
Hog_office_Alexis,test,2017-12-22,Oracle,True,0,0,0,0,3.552713678800501e-14,0.0,0.0,0
Hog_office_Alexis,test,2017-12-23,Oracle,True,0,0,0,0,1.7763568394002505e-13,0.0,0.0,0
Hog_office_Alexis,test,2017-12-24,Oracle,True,0,0,0,0,2.1671553440683056e-13,0.0,0.0,0
Hog_office_Alexis,test,2017-12-25,Oracle,True,0,0,0,0,2.4158453015843406e-13,0.0,0.0,0
Hog_office_Alexis,test,2017-12-26,Oracle,True,0,0,0,0,4.263256414560601e-14,0.0,0.0,0
Hog_office_Alexis,test,2017-12-27,Oracle,True,0,0,0,0,1.4210854715202004e-14,0.0,0.0,0
Hog_office_Alexis,test,2017-12-28,Oracle,True,0,0,0,0,3.907985046680551e-14,0.0,0.0,0
Hog_office_Alexis,test,2017-12-29,Oracle,True,0,0,0,0,1.0658141036401503e-14,0.0,0.0,0
Hog_office_Alexis,test,2017-12-30,Oracle,True,0,0,0,0,1.3500311979441904e-13,0.0,0.0,0
Hog_office_Alexis,test,2017-12-31,Oracle,True,0,0,0,0,1.0302869668521453e-13,0.0,0.0,0
Hog_office_Alexis,test,2017-12-02,DayWeek,True,0,0,0,0,1.2789769243681803e-13,0.0,0.0,0
Hog_office_Alexis,test,2017-12-03,DayWeek,True,0,0,0,0,1.7763568394002505e-14,0.0,0.0,0
Hog_office_Alexis,test,2017-12-04,DayWeek,True,0,0,0,0,2.4868995751603507e-14,0.0,0.0,0
Hog_office_Alexis,test,2017-12-05,DayWeek,True,0,0,0,0,1.9539925233402755e-14,0.0,0.0,0
Hog_office_Alexis,test,2017-12-06,DayWeek,True,0,0,0,0,4.263256414560601e-14,0.0,0.0,0
Hog_office_Alexis,test,2017-12-07,DayWeek,True,0,0,0,0,1.7763568394002505e-14,0.0,0.0,0
Hog_office_Alexis,test,2017-12-08,DayWeek,True,0,0,0,0,2.1316282072803006e-14,0.0,0.0,0
Hog_office_Alexis,test,2017-12-09,DayWeek,True,0,0,0,0,2.1316282072803006e-13,0.0,0.0,0
Hog_office_Alexis,test,2017-12-10,DayWeek,True,0,0,0,0,3.019806626980426e-14,0.0,0.0,0
Hog_office_Alexis,test,2017-12-11,DayWeek,True,0,0,0,0,1.4210854715202004e-14,0.0,0.0,0
Hog_office_Alexis,test,2017-12-12,DayWeek,True,0,0,0,0,2.1316282072803006e-14,0.0,0.0,0
Hog_office_Alexis,test,2017-12-13,DayWeek,True,0,0,0,0,4.263256414560601e-14,0.0,0.0,0
Hog_office_Alexis,test,2017-12-14,DayWeek,True,0,0,0,0,2.1316282072803006e-14,0.0,0.0,0
Hog_office_Alexis,test,2017-12-15,DayWeek,True,0,0,0,0,1.0658141036401503e-14,0.0,0.0,0
Hog_office_Alexis,test,2017-12-16,DayWeek,True,0,0,0,0,1.0658141036401503e-13,0.0,0.0,0
Hog_office_Alexis,test,2017-12-17,DayWeek,True,0,0,0,0,1.3145040611561853e-13,0.0,0.0,0
Hog_office_Alexis,test,2017-12-18,DayWeek,True,0,0,0,0,3.197442310920451e-14,0.0,0.0,0
Hog_office_Alexis,test,2017-12-19,DayWeek,True,0,0,0,0,1.4210854715202004e-14,0.0,0.0,0
Hog_office_Alexis,test,2017-12-20,DayWeek,True,0,0,0,0,2.842170943040401e-14,0.0,0.0,0
Hog_office_Alexis,test,2017-12-21,DayWeek,True,0,0,0,0,2.842170943040401e-14,0.0,0.0,0
Hog_office_Alexis,test,2017-12-22,DayWeek,True,0,0,0,0,5.684341886080802e-14,0.0,0.0,0
Hog_office_Alexis,test,2017-12-23,DayWeek,True,0,0,0,0,7.105427357601002e-14,0.0,0.0,0
Hog_office_Alexis,test,2017-12-24,DayWeek,True,0,0,0,0,2.1316282072803006e-14,0.0,0.0,0
Hog_office_Alexis,test,2017-12-25,DayWeek,True,0,0,0,0,2.1316282072803006e-14,0.0,0.0,0
Hog_office_Alexis,test,2017-12-26,DayWeek,True,0,0,0,0,1.4210854715202004e-14,0.0,0.0,0
Hog_office_Alexis,test,2017-12-27,DayWeek,True,0,0,0,0,5.417888360170764e-14,0.0,0.0,0
Hog_office_Alexis,test,2017-12-28,DayWeek,True,0,0,0,0,1.4210854715202004e-13,0.0,0.0,0
Hog_office_Alexis,test,2017-12-29,DayWeek,True,0,0,0,0,2.1316282072803006e-14,0.0,0.0,0
Hog_office_Alexis,test,2017-12-30,DayWeek,True,0,0,0,0,1.1723955140041653e-13,0.0,0.0,0
Hog_office_Alexis,test,2017-12-31,DayWeek,True,0,0,0,0,1.7763568394002505e-13,0.0,0.0,0
Hog_office_Alexis,test,2017-12-02,LightGBM,True,0,0,0,0,2.4868995751603507e-14,0.0,0.0,0
Hog_office_Alexis,test,2017-12-03,LightGBM,True,0,0,0,0,2.842170943040401e-14,0.0,0.0,0
Hog_office_Alexis,test,2017-12-04,LightGBM,True,0,0,0,0,2.4868995751603507e-14,0.0,0.0,0
Hog_office_Alexis,test,2017-12-05,LightGBM,True,0,0,0,0,1.4210854715202004e-14,0.0,0.0,0
Hog_office_Alexis,test,2017-12-06,LightGBM,True,0,0,0,0,3.552713678800501e-14,0.0,0.0,0
Hog_office_Alexis,test,2017-12-07,LightGBM,True,0,0,0,0,5.933031843596837e-13,0.0,0.0,0
Hog_office_Alexis,test,2017-12-08,LightGBM,True,0,0,0,0,5.684341886080802e-14,0.0,0.0,0
Hog_office_Alexis,test,2017-12-09,LightGBM,True,0,0,0,0,7.460698725481052e-14,0.0,0.0,0
Hog_office_Alexis,test,2017-12-10,LightGBM,True,0,0,0,0,2.842170943040401e-14,0.0,0.0,0
Hog_office_Alexis,test,2017-12-11,LightGBM,True,0,0,0,0,2.4868995751603507e-14,0.0,0.0,0
Hog_office_Alexis,test,2017-12-12,LightGBM,True,0,0,0,0,2.842170943040401e-14,0.0,0.0,0
Hog_office_Alexis,test,2017-12-13,LightGBM,True,0,0,0,0,2.4868995751603507e-14,0.0,0.0,0
Hog_office_Alexis,test,2017-12-14,LightGBM,True,0,0,0,0,2.1316282072803006e-14,0.0,0.0,0
Hog_office_Alexis,test,2017-12-15,LightGBM,True,0,0,0,0,2.842170943040401e-14,0.0,0.0,0
Hog_office_Alexis,test,2017-12-16,LightGBM,True,0,0,0,0,4.263256414560601e-14,0.0,0.0,0
Hog_office_Alexis,test,2017-12-17,LightGBM,True,0,0,0,0,2.1316282072803006e-14,0.0,0.0,0
Hog_office_Alexis,test,2017-12-18,LightGBM,True,0,0,0,0,4.263256414560601e-14,0.0,0.0,0
Hog_office_Alexis,test,2017-12-19,LightGBM,True,0,0,0,0,4.263256414560601e-14,0.0,0.0,0
Hog_office_Alexis,test,2017-12-20,LightGBM,True,0,0,0,0,3.197442310920451e-14,0.0,0.0,0
Hog_office_Alexis,test,2017-12-21,LightGBM,True,0,0,0,0,2.842170943040401e-14,0.0,0.0,0
Hog_office_Alexis,test,2017-12-22,LightGBM,True,0,0,0,0,3.197442310920451e-14,0.0,0.0,0
Hog_office_Alexis,test,2017-12-23,LightGBM,True,0,0,0,0,6.394884621840902e-14,0.0,0.0,0
Hog_office_Alexis,test,2017-12-24,LightGBM,True,0,0,0,0,1.3145040611561853e-13,0.0,0.0,0
Hog_office_Alexis,test,2017-12-25,LightGBM,True,0,0,0,0,5.684341886080802e-14,0.0,0.0,0
Hog_office_Alexis,test,2017-12-26,LightGBM,True,0,0,0,0,3.552713678800501e-14,0.0,0.0,0
Hog_office_Alexis,test,2017-12-27,LightGBM,True,0,0,0,0,4.085620730620576e-14,0.0,0.0,0
Hog_office_Alexis,test,2017-12-28,LightGBM,True,0,0,0,0,1.7763568394002505e-15,0.0,0.0,0
Hog_office_Alexis,test,2017-12-29,LightGBM,True,0,0,0,0,3.197442310920451e-14,0.0,0.0,0
Hog_office_Alexis,test,2017-12-30,LightGBM,True,0,0,0,0,2.5579538487363607e-13,0.0,0.0,0
Hog_office_Alexis,test,2017-12-31,LightGBM,True,0,0,0,0,2.4868995751603507e-14,0.0,0.0,0
Hog_office_Alexis,test,2017-12-02,ForecastSelectedPerBuilding,True,0,0,0,0,6.039613253960852e-14,0.0,0.0,0
Hog_office_Alexis,test,2017-12-03,ForecastSelectedPerBuilding,True,0,0,0,0,2.842170943040401e-14,0.0,0.0,0
Hog_office_Alexis,test,2017-12-04,ForecastSelectedPerBuilding,True,0,0,0,0,1.7763568394002505e-14,0.0,0.0,0
Hog_office_Alexis,test,2017-12-05,ForecastSelectedPerBuilding,True,0,0,0,0,2.4868995751603507e-14,0.0,0.0,0
Hog_office_Alexis,test,2017-12-06,ForecastSelectedPerBuilding,True,0,0,0,0,4.263256414560601e-14,0.0,0.0,0
Hog_office_Alexis,test,2017-12-07,ForecastSelectedPerBuilding,True,0,0,0,0,1.4210854715202004e-14,0.0,0.0,0
Hog_office_Alexis,test,2017-12-08,ForecastSelectedPerBuilding,True,0,0,0,0,3.907985046680551e-14,0.0,0.0,0
Hog_office_Alexis,test,2017-12-09,ForecastSelectedPerBuilding,True,0,0,0,0,9.592326932761353e-14,0.0,0.0,0
Hog_office_Alexis,test,2017-12-10,ForecastSelectedPerBuilding,True,0,0,0,0,3.019806626980426e-14,0.0,0.0,0
Hog_office_Alexis,test,2017-12-11,ForecastSelectedPerBuilding,True,0,0,0,0,4.529709940470639e-14,0.0,0.0,0
Hog_office_Alexis,test,2017-12-12,ForecastSelectedPerBuilding,True,0,0,0,0,1.0658141036401503e-14,0.0,0.0,0
Hog_office_Alexis,test,2017-12-13,ForecastSelectedPerBuilding,True,0,0,0,0,1.4210854715202004e-14,0.0,0.0,0
Hog_office_Alexis,test,2017-12-14,ForecastSelectedPerBuilding,True,0,0,0,0,4.263256414560601e-14,0.0,0.0,0
Hog_office_Alexis,test,2017-12-15,ForecastSelectedPerBuilding,True,0,0,0,0,2.1316282072803006e-14,0.0,0.0,0
Hog_office_Alexis,test,2017-12-16,ForecastSelectedPerBuilding,True,0,0,0,0,1.0658141036401503e-13,0.0,0.0,0
Hog_office_Alexis,test,2017-12-17,ForecastSelectedPerBuilding,True,0,0,0,0,8.171241461241152e-14,0.0,0.0,0
Hog_office_Alexis,test,2017-12-18,ForecastSelectedPerBuilding,True,0,0,0,0,4.263256414560601e-14,0.0,0.0,0
Hog_office_Alexis,test,2017-12-19,ForecastSelectedPerBuilding,True,0,0,0,0,2.4868995751603507e-14,0.0,0.0,0
Hog_office_Alexis,test,2017-12-20,ForecastSelectedPerBuilding,True,0,0,0,0,1.4210854715202004e-14,0.0,0.0,0
Hog_office_Alexis,test,2017-12-21,ForecastSelectedPerBuilding,True,0,0,0,0,2.1316282072803006e-14,0.0,0.0,0
Hog_office_Alexis,test,2017-12-22,ForecastSelectedPerBuilding,True,0,0,0,0,4.973799150320701e-14,0.0,0.0,0
Hog_office_Alexis,test,2017-12-23,ForecastSelectedPerBuilding,True,0,0,0,0,9.237055564881302e-14,0.0,0.0,0
Hog_office_Alexis,test,2017-12-24,ForecastSelectedPerBuilding,True,0,0,0,0,2.4158453015843406e-13,0.0,0.0,0
Hog_office_Alexis,test,2017-12-25,ForecastSelectedPerBuilding,True,0,0,0,0,2.1316282072803006e-14,0.0,0.0,0
Hog_office_Alexis,test,2017-12-26,ForecastSelectedPerBuilding,True,0,0,0,0,2.4868995751603507e-14,0.0,0.0,0
Hog_office_Alexis,test,2017-12-27,ForecastSelectedPerBuilding,True,0,0,0,0,4.440892098500626e-14,0.0,0.0,0
Hog_office_Alexis,test,2017-12-28,ForecastSelectedPerBuilding,True,0,0,0,0,1.7763568394002505e-15,0.0,0.0,0
Hog_office_Alexis,test,2017-12-29,ForecastSelectedPerBuilding,True,0,0,0,0,4.263256414560601e-14,0.0,0.0,0
Hog_office_Alexis,test,2017-12-30,ForecastSelectedPerBuilding,True,0,0,0,0,3.339550858072471e-13,0.0,0.0,0
Hog_office_Alexis,test,2017-12-31,ForecastSelectedPerBuilding,True,0,0,0,0,4.618527782440651e-14,0.0,0.0,0
Hog_office_Alexis,test,2017-12-02,DecisionSelectedPerBuilding,True,0,0,0,0,3.197442310920451e-14,0.0,0.0,0
Hog_office_Alexis,test,2017-12-03,DecisionSelectedPerBuilding,True,0,0,0,0,1.3944401189291966e-13,0.0,0.0,0
Hog_office_Alexis,test,2017-12-04,DecisionSelectedPerBuilding,True,0,0,0,0,7.105427357601002e-15,0.0,0.0,0
Hog_office_Alexis,test,2017-12-05,DecisionSelectedPerBuilding,True,0,0,0,0,1.4210854715202004e-14,0.0,0.0,0
Hog_office_Alexis,test,2017-12-06,DecisionSelectedPerBuilding,True,0,0,0,0,2.842170943040401e-14,0.0,0.0,0
Hog_office_Alexis,test,2017-12-07,DecisionSelectedPerBuilding,True,0,0,0,0,3.197442310920451e-14,0.0,0.0,0
Hog_office_Alexis,test,2017-12-08,DecisionSelectedPerBuilding,True,0,0,0,0,2.842170943040401e-14,0.0,0.0,0
Hog_office_Alexis,test,2017-12-09,DecisionSelectedPerBuilding,True,0,0,0,0,7.815970093361102e-14,0.0,0.0,0
Hog_office_Alexis,test,2017-12-10,DecisionSelectedPerBuilding,True,0,0,0,0,3.552713678800501e-14,0.0,0.0,0
Hog_office_Alexis,test,2017-12-11,DecisionSelectedPerBuilding,True,0,0,0,0,3.197442310920451e-14,0.0,0.0,0
Hog_office_Alexis,test,2017-12-12,DecisionSelectedPerBuilding,True,0,0,0,0,2.842170943040401e-14,0.0,0.0,0
Hog_office_Alexis,test,2017-12-13,DecisionSelectedPerBuilding,True,0,0,0,0,2.1316282072803006e-14,0.0,0.0,0
Hog_office_Alexis,test,2017-12-14,DecisionSelectedPerBuilding,True,0,0,0,0,5.684341886080802e-14,0.0,0.0,0
Hog_office_Alexis,test,2017-12-15,DecisionSelectedPerBuilding,True,0,0,0,0,2.1316282072803006e-14,0.0,0.0,0
Hog_office_Alexis,test,2017-12-16,DecisionSelectedPerBuilding,True,0,0,0,0,6.750155989720952e-14,0.0,0.0,0
Hog_office_Alexis,test,2017-12-17,DecisionSelectedPerBuilding,True,0,0,0,0,1.1368683772161603e-13,0.0,0.0,0
Hog_office_Alexis,test,2017-12-18,DecisionSelectedPerBuilding,True,0,0,0,0,4.263256414560601e-14,0.0,0.0,0
Hog_office_Alexis,test,2017-12-19,DecisionSelectedPerBuilding,True,0,0,0,0,4.263256414560601e-14,0.0,0.0,0
Hog_office_Alexis,test,2017-12-20,DecisionSelectedPerBuilding,True,0,0,0,0,3.197442310920451e-14,0.0,0.0,0
Hog_office_Alexis,test,2017-12-21,DecisionSelectedPerBuilding,True,0,0,0,0,2.842170943040401e-14,0.0,0.0,0
Hog_office_Alexis,test,2017-12-22,DecisionSelectedPerBuilding,True,0,0,0,0,2.842170943040401e-14,0.0,0.0,0
Hog_office_Alexis,test,2017-12-23,DecisionSelectedPerBuilding,True,0,0,0,0,5.3290705182007514e-14,0.0,0.0,0
Hog_office_Alexis,test,2017-12-24,DecisionSelectedPerBuilding,True,0,0,0,0,8.526512829121202e-14,0.0,0.0,0
Hog_office_Alexis,test,2017-12-25,DecisionSelectedPerBuilding,True,0,0,0,0,3.552713678800501e-14,0.0,0.0,0
Hog_office_Alexis,test,2017-12-26,DecisionSelectedPerBuilding,True,0,0,0,0,7.105427357601002e-14,0.0,0.0,0
Hog_office_Alexis,test,2017-12-27,DecisionSelectedPerBuilding,True,0,0,0,0,1.7763568394002505e-14,0.0,0.0,0
Hog_office_Alexis,test,2017-12-28,DecisionSelectedPerBuilding,True,0,0,0,0,1.7763568394002505e-15,0.0,0.0,0
Hog_office_Alexis,test,2017-12-29,DecisionSelectedPerBuilding,True,0,0,0,0,3.552713678800501e-14,0.0,0.0,0
Hog_office_Alexis,test,2017-12-30,DecisionSelectedPerBuilding,True,0,0,0,0,4.973799150320701e-14,0.0,0.0,0
Hog_office_Alexis,test,2017-12-31,DecisionSelectedPerBuilding,True,0,0,0,0,8.526512829121202e-14,0.0,0.0,0
Hog_office_Alexis,test,2017-12-02,ForecastSelectedGlobal,True,0,0,0,0,2.1316282072803006e-14,0.0,0.0,0
Hog_office_Alexis,test,2017-12-03,ForecastSelectedGlobal,True,0,0,0,0,2.1316282072803006e-14,0.0,0.0,0
Hog_office_Alexis,test,2017-12-04,ForecastSelectedGlobal,True,0,0,0,0,4.263256414560601e-14,0.0,0.0,0
Hog_office_Alexis,test,2017-12-05,ForecastSelectedGlobal,True,0,0,0,0,1.4210854715202004e-14,0.0,0.0,0
Hog_office_Alexis,test,2017-12-06,ForecastSelectedGlobal,True,0,0,0,0,2.1316282072803006e-14,0.0,0.0,0
Hog_office_Alexis,test,2017-12-07,ForecastSelectedGlobal,True,0,0,0,0,4.263256414560601e-14,0.0,0.0,0
Hog_office_Alexis,test,2017-12-08,ForecastSelectedGlobal,True,0,0,0,0,3.197442310920451e-14,0.0,0.0,0
Hog_office_Alexis,test,2017-12-09,ForecastSelectedGlobal,True,0,0,0,0,3.197442310920451e-14,0.0,0.0,0
Hog_office_Alexis,test,2017-12-10,ForecastSelectedGlobal,True,0,0,0,0,3.552713678800501e-14,0.0,0.0,0
Hog_office_Alexis,test,2017-12-11,ForecastSelectedGlobal,True,0,0,0,0,2.6645352591003757e-14,0.0,0.0,0
Hog_office_Alexis,test,2017-12-12,ForecastSelectedGlobal,True,0,0,0,0,8.881784197001252e-15,0.0,0.0,0
Hog_office_Alexis,test,2017-12-13,ForecastSelectedGlobal,True,0,0,0,0,4.618527782440651e-14,0.0,0.0,0
Hog_office_Alexis,test,2017-12-14,ForecastSelectedGlobal,True,0,0,0,0,3.552713678800501e-15,0.0,0.0,0
Hog_office_Alexis,test,2017-12-15,ForecastSelectedGlobal,True,0,0,0,0,1.7763568394002505e-14,0.0,0.0,0
Hog_office_Alexis,test,2017-12-16,ForecastSelectedGlobal,True,0,0,0,0,1.1368683772161603e-13,0.0,0.0,0
Hog_office_Alexis,test,2017-12-17,ForecastSelectedGlobal,True,0,0,0,0,8.881784197001252e-14,0.0,0.0,0
Hog_office_Alexis,test,2017-12-18,ForecastSelectedGlobal,True,0,0,0,0,1.4210854715202004e-14,0.0,0.0,0
Hog_office_Alexis,test,2017-12-19,ForecastSelectedGlobal,True,0,0,0,0,3.552713678800501e-14,0.0,0.0,0
Hog_office_Alexis,test,2017-12-20,ForecastSelectedGlobal,True,0,0,0,0,5.240252676230739e-14,0.0,0.0,0
Hog_office_Alexis,test,2017-12-21,ForecastSelectedGlobal,True,0,0,0,0,2.842170943040401e-14,0.0,0.0,0
Hog_office_Alexis,test,2017-12-22,ForecastSelectedGlobal,True,0,0,0,0,4.263256414560601e-14,0.0,0.0,0
Hog_office_Alexis,test,2017-12-23,ForecastSelectedGlobal,True,0,0,0,0,1.2789769243681803e-13,0.0,0.0,0
Hog_office_Alexis,test,2017-12-24,ForecastSelectedGlobal,True,0,0,0,0,7.815970093361102e-14,0.0,0.0,0
Hog_office_Alexis,test,2017-12-25,ForecastSelectedGlobal,True,0,0,0,0,2.4868995751603507e-14,0.0,0.0,0
Hog_office_Alexis,test,2017-12-26,ForecastSelectedGlobal,True,0,0,0,0,2.5757174171303632e-14,0.0,0.0,0
Hog_office_Alexis,test,2017-12-27,ForecastSelectedGlobal,True,0,0,0,0,2.6645352591003757e-14,0.0,0.0,0
Hog_office_Alexis,test,2017-12-28,ForecastSelectedGlobal,True,0,0,0,0,2.4868995751603507e-14,0.0,0.0,0
Hog_office_Alexis,test,2017-12-29,ForecastSelectedGlobal,True,0,0,0,0,2.1316282072803006e-14,0.0,0.0,0
Hog_office_Alexis,test,2017-12-30,ForecastSelectedGlobal,True,0,0,0,0,1.8118839761882555e-13,0.0,0.0,0
Hog_office_Alexis,test,2017-12-31,ForecastSelectedGlobal,True,0,0,0,0,7.105427357601002e-14,0.0,0.0,0
Hog_office_Alexis,test,2017-12-02,DecisionSelectedGlobal,True,0,0,0,0,4.440892098500626e-14,0.0,0.0,0
Hog_office_Alexis,test,2017-12-03,DecisionSelectedGlobal,True,0,0,0,0,8.881784197001252e-16,0.0,0.0,0
Hog_office_Alexis,test,2017-12-04,DecisionSelectedGlobal,True,0,0,0,0,2.1316282072803006e-14,0.0,0.0,0
Hog_office_Alexis,test,2017-12-05,DecisionSelectedGlobal,True,0,0,0,0,3.552713678800501e-14,0.0,0.0,0
Hog_office_Alexis,test,2017-12-06,DecisionSelectedGlobal,True,0,0,0,0,2.842170943040401e-14,0.0,0.0,0
Hog_office_Alexis,test,2017-12-07,DecisionSelectedGlobal,True,0,0,0,0,4.263256414560601e-14,0.0,0.0,0
Hog_office_Alexis,test,2017-12-08,DecisionSelectedGlobal,True,0,0,0,0,4.263256414560601e-14,0.0,0.0,0
Hog_office_Alexis,test,2017-12-09,DecisionSelectedGlobal,True,0,0,0,0,1.1723955140041653e-13,0.0,0.0,0
Hog_office_Alexis,test,2017-12-10,DecisionSelectedGlobal,True,0,0,0,0,5.684341886080802e-14,0.0,0.0,0
Hog_office_Alexis,test,2017-12-11,DecisionSelectedGlobal,True,0,0,0,0,3.552713678800501e-14,0.0,0.0,0
Hog_office_Alexis,test,2017-12-12,DecisionSelectedGlobal,True,0,0,0,0,2.842170943040401e-14,0.0,0.0,0
Hog_office_Alexis,test,2017-12-13,DecisionSelectedGlobal,True,0,0,0,0,3.6415315207705135e-14,0.0,0.0,0
Hog_office_Alexis,test,2017-12-14,DecisionSelectedGlobal,True,0,0,0,0,2.1316282072803006e-14,0.0,0.0,0
Hog_office_Alexis,test,2017-12-15,DecisionSelectedGlobal,True,0,0,0,0,2.4868995751603507e-14,0.0,0.0,0
Hog_office_Alexis,test,2017-12-16,DecisionSelectedGlobal,True,0,0,0,0,1.2079226507921703e-13,0.0,0.0,0
Hog_office_Alexis,test,2017-12-17,DecisionSelectedGlobal,True,0,0,0,0,8.526512829121202e-14,0.0,0.0,0
Hog_office_Alexis,test,2017-12-18,DecisionSelectedGlobal,True,0,0,0,0,2.4868995751603507e-14,0.0,0.0,0
Hog_office_Alexis,test,2017-12-19,DecisionSelectedGlobal,True,0,0,0,0,5.1514348342607263e-14,0.0,0.0,0
Hog_office_Alexis,test,2017-12-20,DecisionSelectedGlobal,True,0,0,0,0,2.842170943040401e-14,0.0,0.0,0
Hog_office_Alexis,test,2017-12-21,DecisionSelectedGlobal,True,0,0,0,0,1.4210854715202004e-14,0.0,0.0,0
Hog_office_Alexis,test,2017-12-22,DecisionSelectedGlobal,True,0,0,0,0,2.1316282072803006e-14,0.0,0.0,0
Hog_office_Alexis,test,2017-12-23,DecisionSelectedGlobal,True,0,0,0,0,1.1013412404281553e-13,0.0,0.0,0
Hog_office_Alexis,test,2017-12-24,DecisionSelectedGlobal,True,0,0,0,0,4.618527782440651e-14,0.0,0.0,0
Hog_office_Alexis,test,2017-12-25,DecisionSelectedGlobal,True,0,0,0,0,2.1316282072803006e-14,0.0,0.0,0
Hog_office_Alexis,test,2017-12-26,DecisionSelectedGlobal,True,0,0,0,0,3.197442310920451e-14,0.0,0.0,0
Hog_office_Alexis,test,2017-12-27,DecisionSelectedGlobal,True,0,0,0,0,2.4868995751603507e-14,0.0,0.0,0
Hog_office_Alexis,test,2017-12-28,DecisionSelectedGlobal,True,0,0,0,0,2.842170943040401e-14,0.0,0.0,0
Hog_office_Alexis,test,2017-12-29,DecisionSelectedGlobal,True,0,0,0,0,5.684341886080802e-14,0.0,0.0,0
Hog_office_Alexis,test,2017-12-30,DecisionSelectedGlobal,True,0,0,0,0,1.5631940186722204e-13,0.0,0.0,0
Hog_office_Alexis,test,2017-12-31,DecisionSelectedGlobal,True,0,0,0,0,1.2789769243681803e-13,0.0,0.0,0
Hog_office_Byron,test,2017-12-02,Oracle,True,0,0,0,0,2.5011104298755527e-12,0.0,0.0,0
Hog_office_Byron,test,2017-12-03,Oracle,True,0,0,0,0,2.5011104298755527e-12,0.0,0.0,0
Hog_office_Byron,test,2017-12-04,Oracle,True,0,0,0,0,4.547473508864641e-12,0.0,0.0,0
Hog_office_Byron,test,2017-12-05,Oracle,True,0,0,0,0,1.8189894035458565e-12,0.0,0.0,0
Hog_office_Byron,test,2017-12-06,Oracle,True,0,0,0,0,3.637978807091713e-12,0.0,0.0,0
Hog_office_Byron,test,2017-12-07,Oracle,True,0,0,0,0,2.0463630789890885e-12,0.0,0.0,0
Hog_office_Byron,test,2017-12-08,Oracle,True,0,0,0,0,1.8189894035458565e-12,0.0,0.0,0
Hog_office_Byron,test,2017-12-09,Oracle,True,0,0,0,0,5.6843418860808015e-12,0.0,0.0,0
Hog_office_Byron,test,2017-12-10,Oracle,True,0,0,0,0,6.821210263296962e-12,0.0,0.0,0
Hog_office_Byron,test,2017-12-11,Oracle,True,0,0,0,0,2.2737367544323206e-12,0.0,0.0,0
Hog_office_Byron,test,2017-12-12,Oracle,True,0,0,0,0,3.979039320256561e-12,0.0,0.0,0
Hog_office_Byron,test,2017-12-13,Oracle,True,0,0,0,0,1.4210854715202004e-12,0.0,0.0,0
Hog_office_Byron,test,2017-12-14,Oracle,True,0,0,0,0,3.865352482534945e-12,0.0,0.0,0
Hog_office_Byron,test,2017-12-15,Oracle,True,0,0,0,0,1.5916157281026244e-11,0.0,0.0,0
Hog_office_Byron,test,2017-12-16,Oracle,True,0,0,0,0,2.0463630789890885e-12,0.0,0.0,0
Hog_office_Byron,test,2017-12-17,Oracle,True,0,0,0,0,2.2737367544323206e-12,0.0,0.0,0
Hog_office_Byron,test,2017-12-18,Oracle,True,0,0,0,0,1.6825651982799172e-11,0.0,0.0,0
Hog_office_Byron,test,2017-12-19,Oracle,True,0,0,0,0,2.5011104298755527e-12,0.0,0.0,0
Hog_office_Byron,test,2017-12-20,Oracle,True,0,0,0,0,7.275957614183426e-12,0.0,0.0,0
Hog_office_Byron,test,2017-12-21,Oracle,True,0,0,0,0,3.865352482534945e-12,0.0,0.0,0
Hog_office_Byron,test,2017-12-22,Oracle,True,0,0,0,0,3.183231456205249e-12,0.0,0.0,0
Hog_office_Byron,test,2017-12-23,Oracle,True,0,0,0,0,2.7284841053187847e-12,0.0,0.0,0
Hog_office_Byron,test,2017-12-24,Oracle,True,0,0,0,0,2.5011104298755527e-12,0.0,0.0,0
Hog_office_Byron,test,2017-12-25,Oracle,True,0,0,0,0,7.275957614183426e-12,0.0,0.0,0
Hog_office_Byron,test,2017-12-26,Oracle,True,0,0,0,0,5.6843418860808015e-12,0.0,0.0,0
Hog_office_Byron,test,2017-12-27,Oracle,True,0,0,0,0,2.1600499167107046e-11,0.0,0.0,0
Hog_office_Byron,test,2017-12-28,Oracle,True,0,0,0,0,1.7053025658242404e-12,0.0,0.0,0
Hog_office_Byron,test,2017-12-29,Oracle,True,0,0,0,0,2.2737367544323206e-12,0.0,0.0,0
Hog_office_Byron,test,2017-12-30,Oracle,True,0,0,0,0,2.9558577807620168e-12,0.0,0.0,0
Hog_office_Byron,test,2017-12-31,Oracle,True,0,0,0,0,2.2737367544323206e-12,0.0,0.0,0
Hog_office_Byron,test,2017-12-02,DayWeek,True,0,0,0,0,6.139089236967266e-12,0.0,0.0,0
Hog_office_Byron,test,2017-12-03,DayWeek,True,0,0,0,0,2.2737367544323206e-12,0.0,0.0,0
Hog_office_Byron,test,2017-12-04,DayWeek,True,0,0,0,0,2.2737367544323206e-12,0.0,0.0,0
Hog_office_Byron,test,2017-12-05,DayWeek,True,0,0,0,0,2.5011104298755527e-12,0.0,0.0,0
Hog_office_Byron,test,2017-12-06,DayWeek,True,0,0,0,0,4.547473508864641e-12,0.0,0.0,0
Hog_office_Byron,test,2017-12-07,DayWeek,True,0,0,0,0,2.5011104298755527e-12,0.0,0.0,0
Hog_office_Byron,test,2017-12-08,DayWeek,True,0,0,0,0,4.320099833421409e-12,0.0,0.0,0
Hog_office_Byron,test,2017-12-09,DayWeek,True,0,0,0,0,3.865352482534945e-12,0.0,0.0,0
Hog_office_Byron,test,2017-12-10,DayWeek,True,0,0,0,0,2.0463630789890885e-12,0.0,0.0,0
Hog_office_Byron,test,2017-12-11,DayWeek,True,0,0,0,0,9.094947017729282e-13,0.0,0.0,0
Hog_office_Byron,test,2017-12-12,DayWeek,True,0,0,0,0,3.524291969370097e-12,0.0,0.0,0
Hog_office_Byron,test,2017-12-13,DayWeek,True,0,0,0,0,2.3874235921539366e-12,0.0,0.0,0
Hog_office_Byron,test,2017-12-14,DayWeek,True,0,0,0,0,3.183231456205249e-12,0.0,0.0,0
Hog_office_Byron,test,2017-12-15,DayWeek,True,0,0,0,0,8.526512829121202e-13,0.0,0.0,0
Hog_office_Byron,test,2017-12-16,DayWeek,True,0,0,0,0,5.4569682106375694e-12,0.0,0.0,0
Hog_office_Byron,test,2017-12-17,DayWeek,True,0,0,0,0,5.229594535194337e-12,0.0,0.0,0
Hog_office_Byron,test,2017-12-18,DayWeek,True,0,0,0,0,2.3874235921539366e-12,0.0,0.0,0
Hog_office_Byron,test,2017-12-19,DayWeek,True,0,0,0,0,2.5011104298755527e-12,0.0,0.0,0
Hog_office_Byron,test,2017-12-20,DayWeek,True,0,0,0,0,2.7284841053187847e-12,0.0,0.0,0
Hog_office_Byron,test,2017-12-21,DayWeek,True,0,0,0,0,1.4210854715202004e-12,0.0,0.0,0
Hog_office_Byron,test,2017-12-22,DayWeek,True,0,0,0,0,5.5706550483591855e-12,0.0,0.0,0
Hog_office_Byron,test,2017-12-23,DayWeek,True,0,0,0,0,5.6843418860808015e-12,0.0,0.0,0
Hog_office_Byron,test,2017-12-24,DayWeek,True,0,0,0,0,4.547473508864641e-12,0.0,0.0,0
Hog_office_Byron,test,2017-12-25,DayWeek,True,0,0,0,0,5.002220859751105e-12,0.0,0.0,0
Hog_office_Byron,test,2017-12-26,DayWeek,True,0,0,0,0,2.6147972675971687e-12,0.0,0.0,0
Hog_office_Byron,test,2017-12-27,DayWeek,True,0,0,0,0,2.7284841053187847e-12,0.0,0.0,0
Hog_office_Byron,test,2017-12-28,DayWeek,True,0,0,0,0,3.410605131648481e-12,0.0,0.0,0
Hog_office_Byron,test,2017-12-29,DayWeek,True,0,0,0,0,2.0463630789890885e-12,0.0,0.0,0
Hog_office_Byron,test,2017-12-30,DayWeek,True,0,0,0,0,2.9558577807620168e-12,0.0,0.0,0
Hog_office_Byron,test,2017-12-31,DayWeek,True,0,0,0,0,3.183231456205249e-12,0.0,0.0,0
Hog_office_Byron,test,2017-12-02,LightGBM,True,0,0,0,0,3.410605131648481e-12,0.0,0.0,0
Hog_office_Byron,test,2017-12-03,LightGBM,True,0,0,0,0,3.183231456205249e-12,0.0,0.0,0
Hog_office_Byron,test,2017-12-04,LightGBM,True,0,0,0,0,3.637978807091713e-12,0.0,0.0,0
Hog_office_Byron,test,2017-12-05,LightGBM,True,0,0,0,0,2.2737367544323206e-12,0.0,0.0,0
Hog_office_Byron,test,2017-12-06,LightGBM,True,0,0,0,0,1.7962520360015333e-11,0.0,0.0,0
Hog_office_Byron,test,2017-12-07,LightGBM,True,0,0,0,0,1.5916157281026244e-12,0.0,0.0,0
Hog_office_Byron,test,2017-12-08,LightGBM,True,0,0,0,0,2.9558577807620168e-12,0.0,0.0,0
Hog_office_Byron,test,2017-12-09,LightGBM,True,0,0,0,0,2.9558577807620168e-12,0.0,0.0,0
Hog_office_Byron,test,2017-12-10,LightGBM,True,0,0,0,0,4.092726157978177e-12,0.0,0.0,0
Hog_office_Byron,test,2017-12-11,LightGBM,True,0,0,0,0,2.8421709430404007e-11,0.0,0.0,0
Hog_office_Byron,test,2017-12-12,LightGBM,True,0,0,0,0,2.0463630789890885e-12,0.0,0.0,0
Hog_office_Byron,test,2017-12-13,LightGBM,True,0,0,0,0,1.5916157281026244e-12,0.0,0.0,0
Hog_office_Byron,test,2017-12-14,LightGBM,True,0,0,0,0,1.8189894035458565e-12,0.0,0.0,0
Hog_office_Byron,test,2017-12-15,LightGBM,True,0,0,0,0,2.0463630789890885e-12,0.0,0.0,0
Hog_office_Byron,test,2017-12-16,LightGBM,True,0,0,0,0,3.637978807091713e-12,0.0,0.0,0
Hog_office_Byron,test,2017-12-17,LightGBM,True,0,0,0,0,3.410605131648481e-12,0.0,0.0,0
Hog_office_Byron,test,2017-12-18,LightGBM,True,0,0,0,0,2.0463630789890885e-12,0.0,0.0,0
Hog_office_Byron,test,2017-12-19,LightGBM,True,0,0,0,0,2.0463630789890885e-12,0.0,0.0,0
Hog_office_Byron,test,2017-12-20,LightGBM,True,0,0,0,0,5.616129783447832e-11,0.0,0.0,0
Hog_office_Byron,test,2017-12-21,LightGBM,True,0,0,0,0,8.185452315956354e-12,0.0,0.0,0
Hog_office_Byron,test,2017-12-22,LightGBM,True,0,0,0,0,1.5916157281026244e-12,0.0,0.0,0
Hog_office_Byron,test,2017-12-23,LightGBM,True,0,0,0,0,5.229594535194337e-12,0.0,0.0,0
Hog_office_Byron,test,2017-12-24,LightGBM,True,0,0,0,0,3.637978807091713e-12,0.0,0.0,0
Hog_office_Byron,test,2017-12-25,LightGBM,True,0,0,0,0,2.0463630789890885e-12,0.0,0.0,0
Hog_office_Byron,test,2017-12-26,LightGBM,True,0,0,0,0,2.7284841053187847e-12,0.0,0.0,0
Hog_office_Byron,test,2017-12-27,LightGBM,True,0,0,0,0,1.3642420526593924e-12,0.0,0.0,0
Hog_office_Byron,test,2017-12-28,LightGBM,True,0,0,0,0,2.7284841053187847e-12,0.0,0.0,0
Hog_office_Byron,test,2017-12-29,LightGBM,True,0,0,0,0,3.410605131648481e-12,0.0,0.0,0
Hog_office_Byron,test,2017-12-30,LightGBM,True,0,0,0,0,2.5011104298755527e-12,0.0,0.0,0
Hog_office_Byron,test,2017-12-31,LightGBM,True,0,0,0,0,4.092726157978177e-12,0.0,0.0,0
Hog_office_Byron,test,2017-12-02,ForecastSelectedPerBuilding,True,0,0,0,0,2.5011104298755527e-12,0.0,0.0,0
Hog_office_Byron,test,2017-12-03,ForecastSelectedPerBuilding,True,0,0,0,0,2.9558577807620168e-12,0.0,0.0,0
Hog_office_Byron,test,2017-12-04,ForecastSelectedPerBuilding,True,0,0,0,0,1.5916157281026244e-12,0.0,0.0,0
Hog_office_Byron,test,2017-12-05,ForecastSelectedPerBuilding,True,0,0,0,0,1.3642420526593924e-12,0.0,0.0,0
Hog_office_Byron,test,2017-12-06,ForecastSelectedPerBuilding,True,0,0,0,0,1.864464138634503e-11,0.0,0.0,0
Hog_office_Byron,test,2017-12-07,ForecastSelectedPerBuilding,True,0,0,0,0,1.5916157281026244e-12,0.0,0.0,0
Hog_office_Byron,test,2017-12-08,ForecastSelectedPerBuilding,True,0,0,0,0,1.3642420526593924e-12,0.0,0.0,0
Hog_office_Byron,test,2017-12-09,ForecastSelectedPerBuilding,True,0,0,0,0,5.6843418860808015e-12,0.0,0.0,0
Hog_office_Byron,test,2017-12-10,ForecastSelectedPerBuilding,True,0,0,0,0,2.9558577807620168e-12,0.0,0.0,0
Hog_office_Byron,test,2017-12-11,ForecastSelectedPerBuilding,True,0,0,0,0,9.094947017729282e-12,0.0,0.0,0
Hog_office_Byron,test,2017-12-12,ForecastSelectedPerBuilding,True,0,0,0,0,3.865352482534945e-12,0.0,0.0,0
Hog_office_Byron,test,2017-12-13,ForecastSelectedPerBuilding,True,0,0,0,0,2.0463630789890885e-12,0.0,0.0,0
Hog_office_Byron,test,2017-12-14,ForecastSelectedPerBuilding,True,0,0,0,0,5.002220859751105e-12,0.0,0.0,0
Hog_office_Byron,test,2017-12-15,ForecastSelectedPerBuilding,True,0,0,0,0,9.094947017729282e-13,0.0,0.0,0
Hog_office_Byron,test,2017-12-16,ForecastSelectedPerBuilding,True,0,0,0,0,3.410605131648481e-12,0.0,0.0,0
Hog_office_Byron,test,2017-12-17,ForecastSelectedPerBuilding,True,0,0,0,0,3.410605131648481e-12,0.0,0.0,0
Hog_office_Byron,test,2017-12-18,ForecastSelectedPerBuilding,True,0,0,0,0,1.750777300912887e-11,0.0,0.0,0
Hog_office_Byron,test,2017-12-19,ForecastSelectedPerBuilding,True,0,0,0,0,3.774403012357652e-11,0.0,0.0,0
Hog_office_Byron,test,2017-12-20,ForecastSelectedPerBuilding,True,0,0,0,0,3.524291969370097e-12,0.0,0.0,0
Hog_office_Byron,test,2017-12-21,ForecastSelectedPerBuilding,True,0,0,0,0,1.8189894035458565e-12,0.0,0.0,0
Hog_office_Byron,test,2017-12-22,ForecastSelectedPerBuilding,True,0,0,0,0,1.8189894035458565e-12,0.0,0.0,0
Hog_office_Byron,test,2017-12-23,ForecastSelectedPerBuilding,True,0,0,0,0,1.3642420526593924e-12,0.0,0.0,0
Hog_office_Byron,test,2017-12-24,ForecastSelectedPerBuilding,True,0,0,0,0,2.7284841053187847e-12,0.0,0.0,0
Hog_office_Byron,test,2017-12-25,ForecastSelectedPerBuilding,True,0,0,0,0,1.4779288903810084e-12,0.0,0.0,0
Hog_office_Byron,test,2017-12-26,ForecastSelectedPerBuilding,True,0,0,0,0,1.3642420526593924e-12,0.0,0.0,0
Hog_office_Byron,test,2017-12-27,ForecastSelectedPerBuilding,True,0,0,0,0,2.0463630789890885e-12,0.0,0.0,0
Hog_office_Byron,test,2017-12-28,ForecastSelectedPerBuilding,True,0,0,0,0,1.5916157281026244e-12,0.0,0.0,0
Hog_office_Byron,test,2017-12-29,ForecastSelectedPerBuilding,True,0,0,0,0,2.7284841053187847e-12,0.0,0.0,0
Hog_office_Byron,test,2017-12-30,ForecastSelectedPerBuilding,True,0,0,0,0,2.0463630789890885e-12,0.0,0.0,0
Hog_office_Byron,test,2017-12-31,ForecastSelectedPerBuilding,True,0,0,0,0,7.503331289626658e-12,0.0,0.0,0
Hog_office_Byron,test,2017-12-02,DecisionSelectedPerBuilding,True,0,0,0,0,1.8189894035458565e-12,0.0,0.0,0
Hog_office_Byron,test,2017-12-03,DecisionSelectedPerBuilding,True,0,0,0,0,2.2737367544323206e-12,0.0,0.0,0
Hog_office_Byron,test,2017-12-04,DecisionSelectedPerBuilding,True,0,0,0,0,8.412825991399586e-12,0.0,0.0,0
Hog_office_Byron,test,2017-12-05,DecisionSelectedPerBuilding,True,0,0,0,0,1.3642420526593924e-12,0.0,0.0,0
Hog_office_Byron,test,2017-12-06,DecisionSelectedPerBuilding,True,0,0,0,0,1.887201506178826e-11,0.0,0.0,0
Hog_office_Byron,test,2017-12-07,DecisionSelectedPerBuilding,True,0,0,0,0,2.2737367544323206e-12,0.0,0.0,0
Hog_office_Byron,test,2017-12-08,DecisionSelectedPerBuilding,True,0,0,0,0,1.3642420526593924e-12,0.0,0.0,0
Hog_office_Byron,test,2017-12-09,DecisionSelectedPerBuilding,True,0,0,0,0,2.5011104298755527e-12,0.0,0.0,0
Hog_office_Byron,test,2017-12-10,DecisionSelectedPerBuilding,True,0,0,0,0,2.0463630789890885e-12,0.0,0.0,0
Hog_office_Byron,test,2017-12-11,DecisionSelectedPerBuilding,True,0,0,0,0,1.0231815394945443e-12,0.0,0.0,0
Hog_office_Byron,test,2017-12-12,DecisionSelectedPerBuilding,True,0,0,0,0,3.183231456205249e-12,0.0,0.0,0
Hog_office_Byron,test,2017-12-13,DecisionSelectedPerBuilding,True,0,0,0,0,2.9558577807620168e-12,0.0,0.0,0
Hog_office_Byron,test,2017-12-14,DecisionSelectedPerBuilding,True,0,0,0,0,1.8189894035458565e-12,0.0,0.0,0
Hog_office_Byron,test,2017-12-15,DecisionSelectedPerBuilding,True,0,0,0,0,9.094947017729282e-13,0.0,0.0,0
Hog_office_Byron,test,2017-12-16,DecisionSelectedPerBuilding,True,0,0,0,0,3.865352482534945e-12,0.0,0.0,0
Hog_office_Byron,test,2017-12-17,DecisionSelectedPerBuilding,True,0,0,0,0,3.637978807091713e-12,0.0,0.0,0
Hog_office_Byron,test,2017-12-18,DecisionSelectedPerBuilding,True,0,0,0,0,3.524291969370097e-11,0.0,0.0,0
Hog_office_Byron,test,2017-12-19,DecisionSelectedPerBuilding,True,0,0,0,0,1.3642420526593924e-12,0.0,0.0,0
Hog_office_Byron,test,2017-12-20,DecisionSelectedPerBuilding,True,0,0,0,0,2.0463630789890885e-12,0.0,0.0,0
Hog_office_Byron,test,2017-12-21,DecisionSelectedPerBuilding,True,0,0,0,0,3.183231456205249e-12,0.0,0.0,0
Hog_office_Byron,test,2017-12-22,DecisionSelectedPerBuilding,True,0,0,0,0,1.8189894035458565e-12,0.0,0.0,0
Hog_office_Byron,test,2017-12-23,DecisionSelectedPerBuilding,True,0,0,0,0,2.7284841053187847e-12,0.0,0.0,0
Hog_office_Byron,test,2017-12-24,DecisionSelectedPerBuilding,True,0,0,0,0,2.7284841053187847e-12,0.0,0.0,0
Hog_office_Byron,test,2017-12-25,DecisionSelectedPerBuilding,True,0,0,0,0,2.0463630789890885e-12,0.0,0.0,0
Hog_office_Byron,test,2017-12-26,DecisionSelectedPerBuilding,True,0,0,0,0,2.0463630789890885e-12,0.0,0.0,0
Hog_office_Byron,test,2017-12-27,DecisionSelectedPerBuilding,True,0,0,0,0,1.3642420526593924e-12,0.0,0.0,0
Hog_office_Byron,test,2017-12-28,DecisionSelectedPerBuilding,True,0,0,0,0,1.3642420526593924e-12,0.0,0.0,0
Hog_office_Byron,test,2017-12-29,DecisionSelectedPerBuilding,True,0,0,0,0,3.183231456205249e-12,0.0,0.0,0
Hog_office_Byron,test,2017-12-30,DecisionSelectedPerBuilding,True,0,0,0,0,5.002220859751105e-12,0.0,0.0,0
Hog_office_Byron,test,2017-12-31,DecisionSelectedPerBuilding,True,0,0,0,0,3.183231456205249e-12,0.0,0.0,0
Hog_office_Byron,test,2017-12-02,ForecastSelectedGlobal,True,0,0,0,0,2.9558577807620168e-12,0.0,0.0,0
Hog_office_Byron,test,2017-12-03,ForecastSelectedGlobal,True,0,0,0,0,3.637978807091713e-12,0.0,0.0,0
Hog_office_Byron,test,2017-12-04,ForecastSelectedGlobal,True,0,0,0,0,1.0231815394945443e-12,0.0,0.0,0
Hog_office_Byron,test,2017-12-05,ForecastSelectedGlobal,True,0,0,0,0,3.524291969370097e-12,0.0,0.0,0
Hog_office_Byron,test,2017-12-06,ForecastSelectedGlobal,True,0,0,0,0,1.887201506178826e-11,0.0,0.0,0
Hog_office_Byron,test,2017-12-07,ForecastSelectedGlobal,True,0,0,0,0,1.5916157281026244e-12,0.0,0.0,0
Hog_office_Byron,test,2017-12-08,ForecastSelectedGlobal,True,0,0,0,0,4.774847184307873e-12,0.0,0.0,0
Hog_office_Byron,test,2017-12-09,ForecastSelectedGlobal,True,0,0,0,0,2.7284841053187847e-12,0.0,0.0,0
Hog_office_Byron,test,2017-12-10,ForecastSelectedGlobal,True,0,0,0,0,5.6843418860808015e-12,0.0,0.0,0
Hog_office_Byron,test,2017-12-11,ForecastSelectedGlobal,True,0,0,0,0,7.73070496506989e-12,0.0,0.0,0
Hog_office_Byron,test,2017-12-12,ForecastSelectedGlobal,True,0,0,0,0,6.59383658785373e-12,0.0,0.0,0
Hog_office_Byron,test,2017-12-13,ForecastSelectedGlobal,True,0,0,0,0,5.002220859751105e-12,0.0,0.0,0
Hog_office_Byron,test,2017-12-14,ForecastSelectedGlobal,True,0,0,0,0,2.7284841053187847e-12,0.0,0.0,0
Hog_office_Byron,test,2017-12-15,ForecastSelectedGlobal,True,0,0,0,0,4.320099833421409e-12,0.0,0.0,0
Hog_office_Byron,test,2017-12-16,ForecastSelectedGlobal,True,0,0,0,0,5.002220859751105e-12,0.0,0.0,0
Hog_office_Byron,test,2017-12-17,ForecastSelectedGlobal,True,0,0,0,0,4.774847184307873e-12,0.0,0.0,0
Hog_office_Byron,test,2017-12-18,ForecastSelectedGlobal,True,0,0,0,0,1.8189894035458565e-12,0.0,0.0,0
Hog_office_Byron,test,2017-12-19,ForecastSelectedGlobal,True,0,0,0,0,1.3642420526593924e-12,0.0,0.0,0
Hog_office_Byron,test,2017-12-20,ForecastSelectedGlobal,True,0,0,0,0,1.4779288903810084e-12,0.0,0.0,0
Hog_office_Byron,test,2017-12-21,ForecastSelectedGlobal,True,0,0,0,0,9.094947017729282e-13,0.0,0.0,0
Hog_office_Byron,test,2017-12-22,ForecastSelectedGlobal,True,0,0,0,0,2.7284841053187847e-12,0.0,0.0,0
Hog_office_Byron,test,2017-12-23,ForecastSelectedGlobal,True,0,0,0,0,2.9558577807620168e-12,0.0,0.0,0
Hog_office_Byron,test,2017-12-24,ForecastSelectedGlobal,True,0,0,0,0,3.183231456205249e-12,0.0,0.0,0
Hog_office_Byron,test,2017-12-25,ForecastSelectedGlobal,True,0,0,0,0,1.5916157281026244e-12,0.0,0.0,0
Hog_office_Byron,test,2017-12-26,ForecastSelectedGlobal,True,0,0,0,0,2.0463630789890885e-12,0.0,0.0,0
Hog_office_Byron,test,2017-12-27,ForecastSelectedGlobal,True,0,0,0,0,2.2737367544323206e-12,0.0,0.0,0
Hog_office_Byron,test,2017-12-28,ForecastSelectedGlobal,True,0,0,0,0,2.0463630789890885e-12,0.0,0.0,0
Hog_office_Byron,test,2017-12-29,ForecastSelectedGlobal,True,0,0,0,0,1.3642420526593924e-12,0.0,0.0,0
Hog_office_Byron,test,2017-12-30,ForecastSelectedGlobal,True,0,0,0,0,2.9558577807620168e-12,0.0,0.0,0
Hog_office_Byron,test,2017-12-31,ForecastSelectedGlobal,True,0,0,0,0,4.320099833421409e-12,0.0,0.0,0
Hog_office_Byron,test,2017-12-02,DecisionSelectedGlobal,True,0,0,0,0,1.8189894035458565e-12,0.0,0.0,0
Hog_office_Byron,test,2017-12-03,DecisionSelectedGlobal,True,0,0,0,0,2.2737367544323206e-12,0.0,0.0,0
Hog_office_Byron,test,2017-12-04,DecisionSelectedGlobal,True,0,0,0,0,8.412825991399586e-12,0.0,0.0,0
Hog_office_Byron,test,2017-12-05,DecisionSelectedGlobal,True,0,0,0,0,1.3642420526593924e-12,0.0,0.0,0
Hog_office_Byron,test,2017-12-06,DecisionSelectedGlobal,True,0,0,0,0,1.887201506178826e-11,0.0,0.0,0
Hog_office_Byron,test,2017-12-07,DecisionSelectedGlobal,True,0,0,0,0,2.2737367544323206e-12,0.0,0.0,0
Hog_office_Byron,test,2017-12-08,DecisionSelectedGlobal,True,0,0,0,0,1.3642420526593924e-12,0.0,0.0,0
Hog_office_Byron,test,2017-12-09,DecisionSelectedGlobal,True,0,0,0,0,2.5011104298755527e-12,0.0,0.0,0
Hog_office_Byron,test,2017-12-10,DecisionSelectedGlobal,True,0,0,0,0,2.0463630789890885e-12,0.0,0.0,0
Hog_office_Byron,test,2017-12-11,DecisionSelectedGlobal,True,0,0,0,0,1.0231815394945443e-12,0.0,0.0,0
Hog_office_Byron,test,2017-12-12,DecisionSelectedGlobal,True,0,0,0,0,3.183231456205249e-12,0.0,0.0,0
Hog_office_Byron,test,2017-12-13,DecisionSelectedGlobal,True,0,0,0,0,2.9558577807620168e-12,0.0,0.0,0
Hog_office_Byron,test,2017-12-14,DecisionSelectedGlobal,True,0,0,0,0,1.8189894035458565e-12,0.0,0.0,0
Hog_office_Byron,test,2017-12-15,DecisionSelectedGlobal,True,0,0,0,0,9.094947017729282e-13,0.0,0.0,0
Hog_office_Byron,test,2017-12-16,DecisionSelectedGlobal,True,0,0,0,0,3.865352482534945e-12,0.0,0.0,0
Hog_office_Byron,test,2017-12-17,DecisionSelectedGlobal,True,0,0,0,0,3.637978807091713e-12,0.0,0.0,0
Hog_office_Byron,test,2017-12-18,DecisionSelectedGlobal,True,0,0,0,0,3.524291969370097e-11,0.0,0.0,0
Hog_office_Byron,test,2017-12-19,DecisionSelectedGlobal,True,0,0,0,0,1.3642420526593924e-12,0.0,0.0,0
Hog_office_Byron,test,2017-12-20,DecisionSelectedGlobal,True,0,0,0,0,2.0463630789890885e-12,0.0,0.0,0
Hog_office_Byron,test,2017-12-21,DecisionSelectedGlobal,True,0,0,0,0,3.183231456205249e-12,0.0,0.0,0
Hog_office_Byron,test,2017-12-22,DecisionSelectedGlobal,True,0,0,0,0,1.8189894035458565e-12,0.0,0.0,0
Hog_office_Byron,test,2017-12-23,DecisionSelectedGlobal,True,0,0,0,0,2.7284841053187847e-12,0.0,0.0,0
Hog_office_Byron,test,2017-12-24,DecisionSelectedGlobal,True,0,0,0,0,2.7284841053187847e-12,0.0,0.0,0
Hog_office_Byron,test,2017-12-25,DecisionSelectedGlobal,True,0,0,0,0,2.0463630789890885e-12,0.0,0.0,0
Hog_office_Byron,test,2017-12-26,DecisionSelectedGlobal,True,0,0,0,0,2.0463630789890885e-12,0.0,0.0,0
Hog_office_Byron,test,2017-12-27,DecisionSelectedGlobal,True,0,0,0,0,1.3642420526593924e-12,0.0,0.0,0
Hog_office_Byron,test,2017-12-28,DecisionSelectedGlobal,True,0,0,0,0,1.3642420526593924e-12,0.0,0.0,0
Hog_office_Byron,test,2017-12-29,DecisionSelectedGlobal,True,0,0,0,0,3.183231456205249e-12,0.0,0.0,0
Hog_office_Byron,test,2017-12-30,DecisionSelectedGlobal,True,0,0,0,0,5.002220859751105e-12,0.0,0.0,0
Hog_office_Byron,test,2017-12-31,DecisionSelectedGlobal,True,0,0,0,0,3.183231456205249e-12,0.0,0.0,0
