timestamp,date,method,actual_load,forecast_load,charge,discharge,soc_start,soc_end,realized_grid_load,optimized_forecast_grid_load
2017-12-02 00:00:00,2017-12-02,Oracle,418.0,418.0,0.0,1.982378854625665,366.3887497591986,364.299138970541,416.01762114537433,416.01762114537433
2017-12-02 01:00:00,2017-12-02,Oracle,414.0,414.0,2.0176211453744037,0.0,364.299138970541,366.21322245295124,416.0176211453744,416.0176211453744
2017-12-02 02:00:00,2017-12-02,Oracle,412.0,412.0,4.017621145374335,0.0,366.21322245295124,370.02467253146244,416.01762114537433,416.01762114537433
2017-12-02 03:00:00,2017-12-02,Oracle,411.0,411.0,5.017621145374335,0.0,370.02467253146244,374.78480590802843,416.01762114537433,416.01762114537433
2017-12-02 04:00:00,2017-12-02,Oracle,411.0,411.0,5.017621145374335,0.0,374.78480590802843,379.54493928459016,416.01762114537433,416.01762114537433
2017-12-02 05:00:00,2017-12-02,Oracle,409.0,409.0,7.017621145374335,0.0,379.54493928459016,386.2024392572529,416.01762114537433,416.01762114537433
2017-12-02 06:00:00,2017-12-02,Oracle,412.0,412.0,4.017621145374335,0.0,386.2024392572529,390.01388933576413,416.01762114537433,416.01762114537433
2017-12-02 07:00:00,2017-12-02,Oracle,410.0,410.0,6.017621145374335,0.0,390.01388933576413,395.7227060103764,416.01762114537433,416.01762114537433
2017-12-02 08:00:00,2017-12-02,Oracle,409.0,409.0,7.017621145374335,0.0,395.7227060103764,402.3802059830391,416.01762114537433,416.01762114537433
2017-12-02 09:00:00,2017-12-02,Oracle,408.0,408.0,8.017621145374335,0.0,402.3802059830391,409.98638925375235,416.01762114537433,416.01762114537433
2017-12-02 10:00:00,2017-12-02,Oracle,417.0,417.0,0.0,0.9823788546256651,409.98638925375235,408.95087101848367,416.01762114537433,416.01762114537433
2017-12-02 11:00:00,2017-12-02,Oracle,421.0,421.0,0.0,4.982378854625665,408.95087101848367,403.69898256965735,416.01762114537433,416.01762114537433
2017-12-02 12:00:00,2017-12-02,Oracle,418.0,418.0,0.0,1.982378854625665,403.69898256965735,401.609371780999,416.01762114537433,416.01762114537433
2017-12-02 13:00:00,2017-12-02,Oracle,420.0,420.0,0.0,3.982378854625665,401.609371780999,397.41157588556234,416.01762114537433,416.01762114537433
2017-12-02 14:00:00,2017-12-02,Oracle,425.0,425.0,0.0,8.982378854625665,397.41157588556234,387.9433172231784,416.01762114537433,416.01762114537433
2017-12-02 15:00:00,2017-12-02,Oracle,424.0,424.0,0.0,7.982378854625665,387.9433172231784,379.52915111418406,416.01762114537433,416.01762114537433
2017-12-02 16:00:00,2017-12-02,Oracle,426.0,426.0,0.0,9.982378854625665,379.52915111418406,369.0067998984109,416.01762114537433,416.01762114537433
2017-12-02 17:00:00,2017-12-02,Oracle,423.0,423.0,0.0,6.982378854625665,369.0067998984109,361.6467263428058,416.01762114537433,416.01762114537433
2017-12-02 18:00:00,2017-12-02,Oracle,423.0,423.0,0.0,6.982378854625665,361.6467263428058,354.28665278720064,416.01762114537433,416.01762114537433
2017-12-02 19:00:00,2017-12-02,Oracle,419.0,419.0,0.0,2.982378854625665,354.28665278720064,351.1429494451536,416.01762114537433,416.01762114537433
2017-12-02 20:00:00,2017-12-02,Oracle,416.0,416.0,0.0176211453743349,0.0,351.1429494451536,351.1596663314631,416.01762114537433,416.01762114537433
2017-12-02 21:00:00,2017-12-02,Oracle,416.0,416.0,0.0176211453743349,0.0,351.1596663314631,351.1763832177721,416.01762114537433,416.01762114537433
2017-12-02 22:00:00,2017-12-02,Oracle,409.0,409.0,7.017621145374335,0.0,351.1763832177721,357.83388319043485,416.01762114537433,416.01762114537433
2017-12-02 23:00:00,2017-12-02,Oracle,407.0,407.0,9.017621145374335,0.0,357.83388319043485,366.3887497591986,416.01762114537433,416.01762114537433
2017-12-03 00:00:00,2017-12-03,Oracle,407.0,407.0,10.820175438596394,0.0,366.3887497591986,376.6536694797714,417.8201754385964,417.8201754385964
2017-12-03 01:00:00,2017-12-03,Oracle,408.0,408.0,9.820175438596436,0.0,376.6536694797714,385.9699059022937,417.82017543859644,417.82017543859644
2017-12-03 02:00:00,2017-12-03,Oracle,411.0,411.0,6.820175438596436,0.0,385.9699059022937,392.4400924306645,417.82017543859644,417.82017543859644
2017-12-03 03:00:00,2017-12-03,Oracle,410.0,410.0,7.820175438596436,0.0,392.4400924306645,399.85896225708797,417.82017543859644,417.82017543859644
2017-12-03 04:00:00,2017-12-03,Oracle,413.0,413.0,4.820175438596436,0.0,399.85896225708797,404.4317821893577,417.82017543859644,417.82017543859644
2017-12-03 05:00:00,2017-12-03,Oracle,410.0,410.0,7.820175438596436,0.0,404.4317821893577,411.850652015779,417.82017543859644,417.82017543859644
2017-12-03 06:00:00,2017-12-03,Oracle,411.0,411.0,6.820175438596436,0.0,411.850652015779,418.32083854414975,417.82017543859644,417.82017543859644
2017-12-03 07:00:00,2017-12-03,Oracle,410.0,410.0,7.820175438596436,0.0,418.32083854414975,425.73970837057107,417.82017543859644,417.82017543859644
2017-12-03 08:00:00,2017-12-03,Oracle,409.0,409.0,8.820175438596436,0.0,425.73970837057107,434.10726149504285,417.82017543859644,417.82017543859644
2017-12-03 09:00:00,2017-12-03,Oracle,411.0,411.0,6.820175438596436,0.0,434.10726149504285,440.57744802341364,417.82017543859644,417.82017543859644
2017-12-03 10:00:00,2017-12-03,Oracle,413.0,413.0,4.820175438596436,0.0,440.57744802341364,445.1502679556834,417.82017543859644,417.82017543859644
2017-12-03 11:00:00,2017-12-03,Oracle,414.0,414.0,3.8201754385964364,0.0,445.1502679556834,448.7744045899026,417.82017543859644,417.82017543859644
2017-12-03 12:00:00,2017-12-03,Oracle,419.0,419.0,0.0,1.1798245614035636,448.7744045899026,447.5307603054207,417.82017543859644,417.82017543859644
2017-12-03 13:00:00,2017-12-03,Oracle,420.0,420.0,0.0,2.1798245614035636,447.5307603054207,445.2330234675501,417.82017543859644,417.82017543859644
2017-12-03 14:00:00,2017-12-03,Oracle,424.0,424.0,0.0,6.179824561403564,445.2330234675501,438.7189164161214,417.82017543859644,417.82017543859644
2017-12-03 15:00:00,2017-12-03,Oracle,432.0,432.0,0.0,14.179824561403564,438.7189164161214,423.77206893757693,417.82017543859644,417.82017543859644
2017-12-03 16:00:00,2017-12-03,Oracle,431.0,431.0,0.0,13.179824561403564,423.77206893757693,409.8793140124217,417.82017543859644,417.82017543859644
2017-12-03 17:00:00,2017-12-03,Oracle,430.0,430.0,0.0,12.179824561403564,409.8793140124217,397.04065164065605,417.82017543859644,417.82017543859644
2017-12-03 18:00:00,2017-12-03,Oracle,427.0,427.0,0.0,9.179824561403564,397.04065164065605,387.36426692905843,417.82017543859644,417.82017543859644
2017-12-03 19:00:00,2017-12-03,Oracle,429.0,429.0,0.0,11.179824561403564,387.36426692905843,375.5796971106822,417.82017543859644,417.82017543859644
2017-12-03 20:00:00,2017-12-03,Oracle,424.0,424.0,0.0,6.179824561403564,375.5796971106822,369.0655900592535,417.82017543859644,417.82017543859644
2017-12-03 21:00:00,2017-12-03,Oracle,418.0,418.0,0.0,0.17982456140356362,369.0655900592535,368.8760383281616,417.82017543859644,417.82017543859644
2017-12-03 22:00:00,2017-12-03,Oracle,420.0,420.0,0.0,2.1798245614035636,368.8760383281616,366.57830149029064,417.82017543859644,417.82017543859644
2017-12-03 23:00:00,2017-12-03,Oracle,418.0,418.0,0.0,0.17982456140356362,366.57830149029064,366.3887497591986,417.82017543859644,417.82017543859644
2017-12-04 00:00:00,2017-12-04,Oracle,413.0,413.0,19.986899563318726,0.0,366.3887497591986,385.3499875547322,432.98689956331873,432.98689956331873
2017-12-04 01:00:00,2017-12-04,Oracle,412.0,412.0,20.98689956331873,0.0,385.3499875547322,405.2599086483163,432.98689956331873,432.98689956331873
2017-12-04 02:00:00,2017-12-04,Oracle,412.0,412.0,20.98689956331873,0.0,405.2599086483163,425.1698297419004,432.98689956331873,432.98689956331873
2017-12-04 03:00:00,2017-12-04,Oracle,404.0,404.0,28.98689956331873,0.0,425.1698297419004,452.6692172198925,432.98689956331873,432.98689956331873
2017-12-04 04:00:00,2017-12-04,Oracle,396.0,396.0,36.98689956331873,0.0,452.6692172198925,487.75807108228486,432.98689956331873,432.98689956331873
2017-12-04 05:00:00,2017-12-04,Oracle,394.0,394.0,38.98689956331873,0.0,487.75807108228486,524.7442915407782,432.98689956331873,432.98689956331873
2017-12-04 06:00:00,2017-12-04,Oracle,398.0,398.0,34.98689956331873,0.0,524.7442915407782,557.9357788070695,432.98689956331873,432.98689956331873
2017-12-04 07:00:00,2017-12-04,Oracle,403.0,403.0,29.98689956331873,0.0,557.9357788070695,586.3838495831083,432.98689956331873,432.98689956331873
2017-12-04 08:00:00,2017-12-04,Oracle,407.0,407.0,25.98689956331873,0.0,586.3838495831083,611.0371871669448,432.98689956331873,432.98689956331873
2017-12-04 09:00:00,2017-12-04,Oracle,415.0,415.0,17.98689956331873,0.0,611.0371871669448,628.1010583663774,432.98689956331873,432.98689956331873
2017-12-04 10:00:00,2017-12-04,Oracle,435.0,435.0,0.0,2.0131004366812704,628.1010583663774,625.9790641868467,432.98689956331873,432.98689956331873
2017-12-04 11:00:00,2017-12-04,Oracle,447.0,447.0,0.0,14.01310043668127,625.9790641868467,611.2079593666422,432.98689956331873,432.98689956331873
2017-12-04 12:00:00,2017-12-04,Oracle,457.0,457.0,0.0,24.01310043668127,611.2079593666422,585.8959290125431,432.98689956331873,432.98689956331873
2017-12-04 13:00:00,2017-12-04,Oracle,462.0,462.0,0.0,29.01310043668127,585.8959290125431,555.3134358914967,432.98689956331873,432.98689956331873
2017-12-04 14:00:00,2017-12-04,Oracle,463.0,463.0,0.0,30.01310043668127,555.3134358914967,523.6768502170603,432.98689956331873,432.98689956331873
2017-12-04 15:00:00,2017-12-04,Oracle,463.0,463.0,0.0,30.01310043668127,523.6768502170603,492.0402645426243,432.98689956331873,432.98689956331873
2017-12-04 16:00:00,2017-12-04,Oracle,462.0,462.0,0.0,29.01310043668127,492.0402645426243,461.45777142157795,432.98689956331873,432.98689956331873
2017-12-04 17:00:00,2017-12-04,Oracle,465.0,465.0,0.0,32.01310043668127,461.45777142157795,427.71300064036313,432.98689956331873,432.98689956331873
2017-12-04 18:00:00,2017-12-04,Oracle,460.0,460.0,0.0,27.01310043668127,427.71300064036313,399.2386926260956,432.98689956331873,432.98689956331873
2017-12-04 19:00:00,2017-12-04,Oracle,450.0,450.0,0.0,17.01310043668127,399.2386926260956,381.3053101457224,432.98689956331873,432.98689956331873
2017-12-04 20:00:00,2017-12-04,Oracle,442.0,442.0,0.0,9.01310043668127,381.3053101457224,371.80466809246536,432.98689956331873,432.98689956331873
2017-12-04 21:00:00,2017-12-04,Oracle,437.0,437.0,0.0,4.01310043668127,371.80466809246536,367.5744888061557,432.98689956331873,432.98689956331873
2017-12-04 22:00:00,2017-12-04,Oracle,435.0,435.0,0.0,2.0131004366812704,367.5744888061557,365.4524946266248,432.98689956331873,432.98689956331873
2017-12-04 23:00:00,2017-12-04,Oracle,432.0,432.0,0.9868995633187296,0.0,365.4524946266248,366.3887497591986,432.98689956331873,432.98689956331873
2017-12-05 00:00:00,2017-12-05,Oracle,428.0,428.0,12.955947136563895,0.0,366.3887497591986,378.67984041808216,440.9559471365639,440.9559471365639
2017-12-05 01:00:00,2017-12-05,Oracle,427.0,427.0,13.95594713656385,0.0,378.67984041808216,391.9196143750162,440.95594713656385,440.95594713656385
2017-12-05 02:00:00,2017-12-05,Oracle,421.0,421.0,19.95594713656385,0.0,391.9196143750162,410.8514881202533,440.95594713656385,440.95594713656385
2017-12-05 03:00:00,2017-12-05,Oracle,418.0,418.0,22.95594713656385,0.0,410.8514881202533,432.62941175964494,440.95594713656385,440.95594713656385
2017-12-05 04:00:00,2017-12-05,Oracle,412.0,412.0,28.95594713656385,0.0,432.62941175964494,460.09943518733667,440.95594713656385,440.95594713656385
2017-12-05 05:00:00,2017-12-05,Oracle,415.0,415.0,25.95594713656385,0.0,460.09943518733667,484.7234087208769,440.95594713656385,440.95594713656385
2017-12-05 06:00:00,2017-12-05,Oracle,409.0,409.0,31.95594713656385,0.0,484.7234087208769,515.0394820427201,440.95594713656385,440.95594713656385
2017-12-05 07:00:00,2017-12-05,Oracle,415.0,415.0,25.95594713656385,0.0,515.0394820427201,539.6634555762603,440.95594713656385,440.95594713656385
2017-12-05 08:00:00,2017-12-05,Oracle,415.0,415.0,25.95594713656385,0.0,539.6634555762603,564.2874291098005,440.95594713656385,440.95594713656385
2017-12-05 09:00:00,2017-12-05,Oracle,437.0,437.0,3.95594713656385,0.0,564.2874291098005,568.0403700862289,440.95594713656385,440.95594713656385
2017-12-05 10:00:00,2017-12-05,Oracle,444.0,444.0,0.0,3.04405286343615,568.0403700862289,564.8316566307567,440.95594713656385,440.95594713656385
2017-12-05 11:00:00,2017-12-05,Oracle,459.0,459.0,0.0,18.04405286343615,564.8316566307567,545.8115548744418,440.95594713656385,440.95594713656385
2017-12-05 12:00:00,2017-12-05,Oracle,465.0,465.0,0.0,24.04405286343615,545.8115548744418,520.4668977977917,440.95594713656385,440.95594713656385
2017-12-05 13:00:00,2017-12-05,Oracle,469.0,469.0,0.0,28.04405286343615,520.4668977977917,490.90587050758313,440.95594713656385,440.95594713656385
2017-12-05 14:00:00,2017-12-05,Oracle,467.0,467.0,0.0,26.04405286343615,490.90587050758313,463.45302832415337,440.95594713656385,440.95594713656385
2017-12-05 15:00:00,2017-12-05,Oracle,468.0,468.0,0.0,27.04405286343615,463.45302832415337,434.9460935873344,440.95594713656385,440.95594713656385
2017-12-05 16:00:00,2017-12-05,Oracle,470.0,470.0,0.0,29.04405286343615,434.9460935873344,404.3309737437362,440.95594713656385,440.95594713656385
2017-12-05 17:00:00,2017-12-05,Oracle,471.0,471.0,0.0,30.04405286343615,404.3309737437362,372.66176134674834,440.95594713656385,440.95594713656385
2017-12-05 18:00:00,2017-12-05,Oracle,466.0,466.0,0.0,25.04405286343615,372.66176134674834,346.26301171670866,440.95594713656385,440.95594713656385
2017-12-05 19:00:00,2017-12-05,Oracle,451.0,451.0,0.0,10.04405286343615,346.26301171670866,335.6756503875108,440.95594713656385,440.95594713656385
2017-12-05 20:00:00,2017-12-05,Oracle,445.0,445.0,0.0,4.04405286343615,335.6756503875108,331.4128443786492,440.95594713656385,440.95594713656385
2017-12-05 21:00:00,2017-12-05,Oracle,435.0,435.0,5.95594713656385,0.0,331.4128443786492,337.06315195117907,440.95594713656385,440.95594713656385
2017-12-05 22:00:00,2017-12-05,Oracle,427.0,427.0,13.95594713656385,0.0,337.06315195117907,350.3029259081131,440.95594713656385,440.95594713656385
2017-12-05 23:00:00,2017-12-05,Oracle,424.0,424.0,16.95594713656385,0.0,350.3029259081131,366.3887497591986,440.95594713656385,440.95594713656385
2017-12-06 00:00:00,2017-12-06,Oracle,421.0,421.0,19.424778761061887,0.0,366.3887497591986,384.8167129381444,440.4247787610619,440.4247787610619
2017-12-06 01:00:00,2017-12-06,Oracle,422.0,422.0,18.424778761061987,0.0,384.8167129381444,402.2959928190397,440.424778761062,440.424778761062
2017-12-06 02:00:00,2017-12-06,Oracle,417.0,417.0,23.424778761061987,0.0,402.2959928190397,424.5186891901876,440.424778761062,440.424778761062
2017-12-06 03:00:00,2017-12-06,Oracle,415.0,415.0,25.424778761061987,0.0,424.5186891901876,448.63875215743803,440.424778761062,440.424778761062
2017-12-06 04:00:00,2017-12-06,Oracle,416.0,416.0,24.424778761061987,0.0,448.63875215743803,471.81013182663645,440.424778761062,440.424778761062
2017-12-06 05:00:00,2017-12-06,Oracle,416.0,416.0,24.424778761061987,0.0,471.81013182663645,494.98151149583487,440.424778761062,440.424778761062
2017-12-06 06:00:00,2017-12-06,Oracle,415.0,415.0,25.424778761061987,0.0,494.98151149583487,519.1015744630838,440.424778761062,440.424778761062
2017-12-06 07:00:00,2017-12-06,Oracle,418.0,418.0,22.424778761061987,0.0,519.1015744630838,540.3755875361812,440.424778761062,440.424778761062
2017-12-06 08:00:00,2017-12-06,Oracle,428.0,428.0,12.424778761061987,0.0,540.3755875361812,552.1627676287735,440.424778761062,440.424778761062
2017-12-06 09:00:00,2017-12-06,Oracle,430.0,430.0,10.424778761061987,0.0,552.1627676287735,562.0525811252637,440.424778761062,440.424778761062
2017-12-06 10:00:00,2017-12-06,Oracle,450.0,450.0,0.0,9.575221238938013,562.0525811252637,551.9594117202423,440.424778761062,440.424778761062
2017-12-06 11:00:00,2017-12-06,Oracle,463.0,463.0,0.0,22.575221238938013,551.9594117202423,528.1630391211584,440.424778761062,440.424778761062
2017-12-06 12:00:00,2017-12-06,Oracle,468.0,468.0,0.0,27.575221238938013,528.1630391211584,499.0962037551262,440.424778761062,440.424778761062
2017-12-06 13:00:00,2017-12-06,Oracle,467.0,467.0,0.0,26.575221238938013,499.0962037551262,471.08346094248463,440.424778761062,440.424778761062
2017-12-06 14:00:00,2017-12-06,Oracle,472.0,472.0,0.0,31.575221238938013,471.08346094248463,437.80025536289486,440.424778761062,440.424778761062
2017-12-06 15:00:00,2017-12-06,Oracle,475.0,475.0,0.0,34.57522123893801,437.80025536289486,401.35477212313754,440.424778761062,440.424778761062
2017-12-06 16:00:00,2017-12-06,Oracle,471.0,471.0,0.0,30.575221238938013,401.35477212313754,369.1256590969374,440.424778761062,440.424778761062
2017-12-06 17:00:00,2017-12-06,Oracle,468.0,468.0,0.0,27.575221238938013,369.1256590969374,340.0588237309057,440.424778761062,440.424778761062
2017-12-06 18:00:00,2017-12-06,Oracle,457.0,457.0,0.0,16.575221238938013,340.0588237309057,322.5870064521582,440.424778761062,440.424778761062
2017-12-06 19:00:00,2017-12-06,Oracle,449.0,449.0,0.0,8.575221238938013,322.5870064521582,313.54792960052646,440.424778761062,440.424778761062
2017-12-06 20:00:00,2017-12-06,Oracle,438.0,438.0,2.4247787610619866,0.0,313.54792960052646,315.8482767126136,440.424778761062,440.424778761062
2017-12-06 21:00:00,2017-12-06,Oracle,427.0,427.0,13.424778761061987,0.0,315.8482767126136,328.5841401032564,440.424778761062,440.424778761062
2017-12-06 22:00:00,2017-12-06,Oracle,421.0,421.0,19.424778761061987,0.0,328.5841401032564,347.01210328220225,440.424778761062,440.424778761062
2017-12-06 23:00:00,2017-12-06,Oracle,420.0,420.0,20.424778761061987,0.0,347.01210328220225,366.3887497591986,440.424778761062,440.424778761062
2017-12-07 00:00:00,2017-12-07,Oracle,415.0,415.0,25.61504424778746,0.0,366.3887497591986,390.68931441589945,440.61504424778747,440.61504424778747
2017-12-07 01:00:00,2017-12-07,Oracle,414.0,414.0,26.615044247787466,0.0,390.68931441589945,415.93856237065086,440.61504424778747,440.61504424778747
2017-12-07 02:00:00,2017-12-07,Oracle,410.0,410.0,30.615044247787466,0.0,415.93856237065086,444.98254351760426,440.61504424778747,440.61504424778747
2017-12-07 03:00:00,2017-12-07,Oracle,409.0,409.0,31.615044247787466,0.0,444.98254351760426,474.9752079626121,440.61504424778747,440.61504424778747
2017-12-07 04:00:00,2017-12-07,Oracle,410.0,410.0,30.615044247787466,0.0,474.9752079626121,504.0191891095655,440.61504424778747,440.61504424778747
2017-12-07 05:00:00,2017-12-07,Oracle,409.0,409.0,31.615044247787466,0.0,504.0191891095655,534.0118535545695,440.61504424778747,440.61504424778747
2017-12-07 06:00:00,2017-12-07,Oracle,406.0,406.0,34.615044247787466,0.0,534.0118535545695,566.8505678937249,440.61504424778747,440.61504424778747
2017-12-07 07:00:00,2017-12-07,Oracle,411.0,411.0,29.615044247787466,0.0,566.8505678937249,594.9458657426278,440.61504424778747,440.61504424778747
2017-12-07 08:00:00,2017-12-07,Oracle,423.0,423.0,17.615044247787466,0.0,594.9458657426278,611.6569640149246,440.61504424778747,440.61504424778747
2017-12-07 09:00:00,2017-12-07,Oracle,436.0,436.0,4.615044247787466,0.0,611.6569640149246,616.0351794125645,440.61504424778747,440.61504424778747
2017-12-07 10:00:00,2017-12-07,Oracle,453.0,453.0,0.0,12.384955752212534,616.0351794125645,602.9802897800992,440.61504424778747,440.61504424778747
2017-12-07 11:00:00,2017-12-07,Oracle,462.0,462.0,0.0,21.384955752212534,602.9802897800992,580.4385671671289,440.61504424778747,440.61504424778747
2017-12-07 12:00:00,2017-12-07,Oracle,470.0,470.0,0.0,29.384955752212534,580.4385671671289,549.4641041270434,440.61504424778747,440.61504424778747
2017-12-07 13:00:00,2017-12-07,Oracle,471.0,471.0,0.0,30.384955752212534,549.4641041270434,517.4355485335673,440.61504424778747,440.61504424778747
2017-12-07 14:00:00,2017-12-07,Oracle,476.0,476.0,0.0,35.384955752212534,517.4355485335673,480.1365301731448,440.61504424778747,440.61504424778747
2017-12-07 15:00:00,2017-12-07,Oracle,483.0,483.0,0.0,42.384955752212534,480.1365301731448,435.45886393899536,440.61504424778747,440.61504424778747
2017-12-07 16:00:00,2017-12-07,Oracle,480.0,480.0,0.0,39.384955752212534,435.45886393899536,393.9434753650148,440.61504424778747,440.61504424778747
2017-12-07 17:00:00,2017-12-07,Oracle,474.0,474.0,0.0,33.384955752212534,393.9434753650148,358.75264211137073,440.61504424778747,440.61504424778747
2017-12-07 18:00:00,2017-12-07,Oracle,464.0,464.0,0.0,23.384955752212534,358.75264211137073,334.1027343916212,440.61504424778747,440.61504424778747
2017-12-07 19:00:00,2017-12-07,Oracle,450.0,450.0,0.0,9.384955752212534,334.1027343916212,324.21012241932476,440.61504424778747,440.61504424778747
2017-12-07 20:00:00,2017-12-07,Oracle,437.0,437.0,3.6150442477874662,0.0,324.21012241932476,327.63965451891454,440.61504424778747,440.61504424778747
2017-12-07 21:00:00,2017-12-07,Oracle,433.0,433.0,7.615044247787466,0.0,327.63965451891454,334.86391981070614,440.61504424778747,440.61504424778747
2017-12-07 22:00:00,2017-12-07,Oracle,425.0,425.0,15.615044247787466,0.0,334.86391981070614,349.6776514869019,440.61504424778747,440.61504424778747
2017-12-07 23:00:00,2017-12-07,Oracle,423.0,423.0,17.615044247787466,0.0,349.6776514869019,366.3887497591986,440.61504424778747,440.61504424778747
2017-12-08 00:00:00,2017-12-08,Oracle,420.0,420.0,21.44933920704847,0.0,366.3887497591986,386.73737961914554,441.44933920704847,441.44933920704847
2017-12-08 01:00:00,2017-12-08,Oracle,418.0,418.0,23.44933920704841,0.0,386.73737961914554,408.98337607519346,441.4493392070484,441.4493392070484
2017-12-08 02:00:00,2017-12-08,Oracle,414.0,414.0,27.44933920704841,0.0,408.98337607519346,435.0241057234434,441.4493392070484,441.4493392070484
2017-12-08 03:00:00,2017-12-08,Oracle,412.0,412.0,29.44933920704841,0.0,435.0241057234434,462.96220196779836,441.4493392070484,441.4493392070484
2017-12-08 04:00:00,2017-12-08,Oracle,410.0,410.0,31.44933920704841,0.0,462.96220196779836,492.7976648082504,441.4493392070484,441.4493392070484
2017-12-08 05:00:00,2017-12-08,Oracle,413.0,413.0,28.44933920704841,0.0,492.7976648082504,519.7870777545509,441.4493392070484,441.4493392070484
2017-12-08 06:00:00,2017-12-08,Oracle,413.0,413.0,28.44933920704841,0.0,519.7870777545509,546.7764907008514,441.4493392070484,441.4493392070484
2017-12-08 07:00:00,2017-12-08,Oracle,419.0,419.0,22.44933920704841,0.0,546.7764907008514,568.0738038588487,441.4493392070484,441.4493392070484
2017-12-08 08:00:00,2017-12-08,Oracle,421.0,421.0,20.44933920704841,0.0,568.0738038588487,587.4737504207451,441.4493392070484,441.4493392070484
2017-12-08 09:00:00,2017-12-08,Oracle,443.0,443.0,0.0,1.5506607929515894,587.4737504207451,585.8392104260611,441.4493392070484,441.4493392070484
2017-12-08 10:00:00,2017-12-08,Oracle,454.0,454.0,0.0,12.55066079295159,585.8392104260611,572.6096523440938,441.4493392070484,441.4493392070484
2017-12-08 11:00:00,2017-12-08,Oracle,470.0,470.0,0.0,28.55066079295159,572.6096523440938,542.514613407895,441.4493392070484,441.4493392070484
2017-12-08 12:00:00,2017-12-08,Oracle,469.0,469.0,0.0,27.55066079295159,542.514613407895,513.473667025085,441.4493392070484,441.4493392070484
2017-12-08 13:00:00,2017-12-08,Oracle,473.0,473.0,0.0,31.55066079295159,513.473667025085,480.2163504287173,441.4493392070484,441.4493392070484
2017-12-08 14:00:00,2017-12-08,Oracle,477.0,477.0,0.0,35.55066079295159,480.2163504287173,442.74266361879245,441.4493392070484,441.4493392070484
2017-12-08 15:00:00,2017-12-08,Oracle,479.0,479.0,0.0,37.55066079295159,442.74266361879245,403.1607917020888,441.4493392070484,441.4493392070484
2017-12-08 16:00:00,2017-12-08,Oracle,483.0,483.0,0.0,41.55066079295159,403.1607917020888,359.362549571827,441.4493392070484,441.4493392070484
2017-12-08 17:00:00,2017-12-08,Oracle,474.0,474.0,0.0,32.55066079295159,359.362549571827,325.05114042207015,441.4493392070484,441.4493392070484
2017-12-08 18:00:00,2017-12-08,Oracle,458.0,458.0,0.0,16.55066079295159,325.05114042207015,307.60521212654476,441.4493392070484,441.4493392070484
2017-12-08 19:00:00,2017-12-08,Oracle,444.0,444.0,0.0,2.5506607929515894,307.60521212654476,304.916579578472,441.4493392070484,441.4493392070484
2017-12-08 20:00:00,2017-12-08,Oracle,431.0,431.0,10.44933920704841,0.0,304.916579578472,314.8296931598634,441.4493392070484,441.4493392070484
2017-12-08 21:00:00,2017-12-08,Oracle,428.0,428.0,13.44933920704841,0.0,314.8296931598634,327.5888566354059,441.4493392070484,441.4493392070484
2017-12-08 22:00:00,2017-12-08,Oracle,424.0,424.0,17.44933920704841,0.0,327.5888566354059,344.1427533031507,441.4493392070484,441.4493392070484
2017-12-08 23:00:00,2017-12-08,Oracle,418.0,418.0,23.44933920704841,0.0,344.1427533031507,366.3887497591986,441.4493392070484,441.4493392070484
2017-12-09 00:00:00,2017-12-09,Oracle,414.0,414.0,2.244444444444252,0.0,366.3887497591986,368.51801671704516,416.24444444444424,416.24444444444424
2017-12-09 01:00:00,2017-12-09,Oracle,409.0,409.0,7.244444444444241,0.0,368.51801671704516,375.3907001651442,416.24444444444424,416.24444444444424
2017-12-09 02:00:00,2017-12-09,Oracle,409.0,409.0,7.244444444444241,0.0,375.3907001651442,382.2633836132433,416.24444444444424,416.24444444444424
2017-12-09 03:00:00,2017-12-09,Oracle,410.0,410.0,6.244444444444241,0.0,382.2633836132433,388.1873837632973,416.24444444444424,416.24444444444424
2017-12-09 04:00:00,2017-12-09,Oracle,410.0,410.0,6.244444444444241,0.0,388.1873837632973,394.1113839133459,416.24444444444424,416.24444444444424
2017-12-09 05:00:00,2017-12-09,Oracle,409.0,409.0,7.244444444444241,0.0,394.1113839133459,400.984067361445,416.24444444444424,416.24444444444424
2017-12-09 06:00:00,2017-12-09,Oracle,408.0,408.0,8.244444444444241,0.0,400.984067361445,408.8054341075946,416.24444444444424,416.24444444444424
2017-12-09 07:00:00,2017-12-09,Oracle,407.0,407.0,9.244444444444241,0.0,408.8054341075946,417.5754841517947,416.24444444444424,416.24444444444424
2017-12-09 08:00:00,2017-12-09,Oracle,406.0,406.0,10.244444444444241,0.0,417.5754841517947,427.2942174940453,416.24444444444424,416.24444444444424
2017-12-09 09:00:00,2017-12-09,Oracle,410.0,410.0,6.244444444444241,0.0,427.2942174940453,433.2182176440939,416.24444444444424,416.24444444444424
2017-12-09 10:00:00,2017-12-09,Oracle,413.0,413.0,3.244444444444241,0.0,433.2182176440939,436.2961678999909,416.24444444444424,416.24444444444424
2017-12-09 11:00:00,2017-12-09,Oracle,415.0,415.0,1.244444444444241,0.0,436.2961678999909,437.47675155978686,416.24444444444424,416.24444444444424
2017-12-09 12:00:00,2017-12-09,Oracle,421.0,421.0,0.0,4.755555555555759,437.47675155978686,432.46395586144536,416.24444444444424,416.24444444444424
2017-12-09 13:00:00,2017-12-09,Oracle,419.0,419.0,0.0,2.755555555555759,432.46395586144536,429.5593452698831,416.24444444444424,416.24444444444424
2017-12-09 14:00:00,2017-12-09,Oracle,425.0,425.0,0.0,8.755555555555759,429.5593452698831,420.330179357984,416.24444444444424,416.24444444444424
2017-12-09 15:00:00,2017-12-09,Oracle,431.0,431.0,0.0,14.755555555555759,420.330179357984,404.7764581257479,416.24444444444424,416.24444444444424
2017-12-09 16:00:00,2017-12-09,Oracle,432.0,432.0,0.0,15.755555555555759,404.7764581257479,388.1686443401222,416.24444444444424,416.24444444444424
2017-12-09 17:00:00,2017-12-09,Oracle,430.0,430.0,0.0,13.755555555555759,388.1686443401222,373.6690156612758,416.24444444444424,416.24444444444424
2017-12-09 18:00:00,2017-12-09,Oracle,423.0,423.0,0.0,6.755555555555759,373.6690156612758,366.54803485615594,416.24444444444424,416.24444444444424
2017-12-09 19:00:00,2017-12-09,Oracle,419.0,419.0,0.0,2.755555555555759,366.54803485615594,363.6434242645935,416.24444444444424,416.24444444444424
2017-12-09 20:00:00,2017-12-09,Oracle,416.0,416.0,0.24444444444424107,0.0,363.6434242645935,363.8753246263393,416.24444444444424,416.24444444444424
2017-12-09 21:00:00,2017-12-09,Oracle,416.0,416.0,0.24444444444424107,0.0,363.8753246263393,364.1072249880849,416.24444444444424,416.24444444444424
2017-12-09 22:00:00,2017-12-09,Oracle,413.0,413.0,3.244444444444241,0.0,364.1072249880849,367.185175243982,416.24444444444424,416.24444444444424
2017-12-09 23:00:00,2017-12-09,Oracle,417.0,417.0,0.0,0.7555555555557589,367.185175243982,366.3887497591986,416.24444444444424,416.24444444444424
2017-12-10 00:00:00,2017-12-10,Oracle,413.0,413.0,2.842105263157923,0.0,366.3887497591986,369.085007553658,415.8421052631579,415.8421052631579
2017-12-10 01:00:00,2017-12-10,Oracle,409.0,409.0,6.842105263157862,0.0,369.085007553658,375.5759985403194,415.84210526315786,415.84210526315786
2017-12-10 02:00:00,2017-12-10,Oracle,407.0,407.0,8.842105263157862,0.0,375.5759985403194,383.96435612308176,415.84210526315786,415.84210526315786
2017-12-10 03:00:00,2017-12-10,Oracle,408.0,408.0,7.842105263157862,0.0,383.96435612308176,391.4040304077962,415.84210526315786,415.84210526315786
2017-12-10 04:00:00,2017-12-10,Oracle,408.0,408.0,7.842105263157862,0.0,391.4040304077962,398.8437046925081,415.84210526315786,415.84210526315786
2017-12-10 05:00:00,2017-12-10,Oracle,406.0,406.0,9.842105263157862,0.0,398.8437046925081,408.180745573321,415.84210526315786,415.84210526315786
2017-12-10 06:00:00,2017-12-10,Oracle,404.0,404.0,11.842105263157862,0.0,408.180745573321,419.41515305023495,415.84210526315786,415.84210526315786
2017-12-10 07:00:00,2017-12-10,Oracle,404.0,404.0,11.842105263157862,0.0,419.41515305023495,430.6495605271489,415.84210526315786,415.84210526315786
2017-12-10 08:00:00,2017-12-10,Oracle,406.0,406.0,9.842105263157862,0.0,430.6495605271489,439.9866014079618,415.84210526315786,415.84210526315786
2017-12-10 09:00:00,2017-12-10,Oracle,408.0,408.0,7.842105263157862,0.0,439.9866014079618,447.4262756926737,415.84210526315786,415.84210526315786
2017-12-10 10:00:00,2017-12-10,Oracle,410.0,410.0,5.842105263157862,0.0,447.4262756926737,452.9685833812846,415.84210526315786,415.84210526315786
2017-12-10 11:00:00,2017-12-10,Oracle,416.0,416.0,0.0,0.15789473684213817,452.9685833812846,452.8021477149596,415.84210526315786,415.84210526315786
2017-12-10 12:00:00,2017-12-10,Oracle,419.0,419.0,0.0,3.157894736842138,452.8021477149596,449.47343438846656,415.84210526315786,415.84210526315786
2017-12-10 13:00:00,2017-12-10,Oracle,418.0,418.0,0.0,2.157894736842138,449.47343438846656,447.19881361536227,415.84210526315786,415.84210526315786
2017-12-10 14:00:00,2017-12-10,Oracle,421.0,421.0,0.0,5.157894736842138,447.19881361536227,441.76191518209043,415.84210526315786,415.84210526315786
2017-12-10 15:00:00,2017-12-10,Oracle,425.0,425.0,0.0,9.157894736842138,441.76191518209043,432.1086465352605,415.84210526315786,415.84210526315786
2017-12-10 16:00:00,2017-12-10,Oracle,429.0,429.0,0.0,13.157894736842138,432.1086465352605,418.23900767487294,415.84210526315786,415.84210526315786
2017-12-10 17:00:00,2017-12-10,Oracle,426.0,426.0,0.0,10.157894736842138,418.23900767487294,407.53164647465337,415.84210526315786,415.84210526315786
2017-12-10 18:00:00,2017-12-10,Oracle,426.0,426.0,0.0,10.157894736842138,407.53164647465337,396.8242852744338,415.84210526315786,415.84210526315786
2017-12-10 19:00:00,2017-12-10,Oracle,427.0,427.0,0.0,11.157894736842138,396.8242852744338,385.0628315208246,415.84210526315786,415.84210526315786
2017-12-10 20:00:00,2017-12-10,Oracle,423.0,423.0,0.0,7.157894736842138,385.0628315208246,377.51774798077395,415.84210526315786,415.84210526315786
2017-12-10 21:00:00,2017-12-10,Oracle,422.0,422.0,0.0,6.157894736842138,377.51774798077395,371.0267569941125,415.84210526315786,415.84210526315786
2017-12-10 22:00:00,2017-12-10,Oracle,421.0,421.0,0.0,5.157894736842138,371.0267569941125,365.5898585608403,415.84210526315786,415.84210526315786
2017-12-10 23:00:00,2017-12-10,Oracle,415.0,415.0,0.8421052631578618,0.0,365.5898585608403,366.3887497591986,415.84210526315786,415.84210526315786
2017-12-11 00:00:00,2017-12-11,Oracle,413.0,413.0,23.519823788546162,0.0,366.3887497591986,388.7016137604835,436.51982378854615,436.51982378854615
2017-12-11 01:00:00,2017-12-11,Oracle,414.0,414.0,22.51982378854609,0.0,388.7016137604835,410.0657944637187,436.5198237885461,436.5198237885461
2017-12-11 02:00:00,2017-12-11,Oracle,409.0,409.0,27.51982378854609,0.0,410.0657944637187,436.1733916572066,436.5198237885461,436.5198237885461
2017-12-11 03:00:00,2017-12-11,Oracle,410.0,410.0,26.51982378854609,0.0,436.1733916572066,461.33230555264345,436.5198237885461,436.5198237885461
2017-12-11 04:00:00,2017-12-11,Oracle,404.0,404.0,32.51982378854609,0.0,461.33230555264345,492.1833192363829,436.5198237885461,436.5198237885461
2017-12-11 05:00:00,2017-12-11,Oracle,405.0,405.0,31.51982378854609,0.0,492.1833192363829,522.085649622074,436.5198237885461,436.5198237885461
2017-12-11 06:00:00,2017-12-11,Oracle,407.0,407.0,29.51982378854609,0.0,522.085649622074,550.0906134116631,436.5198237885461,436.5198237885461
2017-12-11 07:00:00,2017-12-11,Oracle,409.0,409.0,27.51982378854609,0.0,550.0906134116631,576.19821060515,436.5198237885461,436.5198237885461
2017-12-11 08:00:00,2017-12-11,Oracle,416.0,416.0,20.51982378854609,0.0,576.19821060515,595.6650247122834,436.5198237885461,436.5198237885461
2017-12-11 09:00:00,2017-12-11,Oracle,427.0,427.0,9.519823788546091,0.0,595.6650247122834,604.6963225408608,436.5198237885461,436.5198237885461
2017-12-11 10:00:00,2017-12-11,Oracle,441.0,441.0,0.0,4.480176211453909,604.6963225408608,599.9738021584953,436.5198237885461,436.5198237885461
2017-12-11 11:00:00,2017-12-11,Oracle,462.0,462.0,0.0,25.48017621145391,599.9738021584953,573.1153381549502,436.5198237885461,436.5198237885461
2017-12-11 12:00:00,2017-12-11,Oracle,468.0,468.0,0.0,31.48017621145391,573.1153381549502,539.9323188310682,436.5198237885461,436.5198237885461
2017-12-11 13:00:00,2017-12-11,Oracle,469.0,469.0,0.0,32.48017621145391,539.9323188310682,505.6952069537965,436.5198237885461,436.5198237885461
2017-12-11 14:00:00,2017-12-11,Oracle,469.0,469.0,0.0,32.48017621145391,505.6952069537965,471.45809507652484,436.5198237885461,436.5198237885461
2017-12-11 15:00:00,2017-12-11,Oracle,468.0,468.0,0.0,31.48017621145391,471.45809507652484,438.2750757526428,436.5198237885461,436.5198237885461
2017-12-11 16:00:00,2017-12-11,Oracle,467.0,467.0,0.0,30.48017621145391,438.2750757526428,406.1461489821504,436.5198237885461,436.5198237885461
2017-12-11 17:00:00,2017-12-11,Oracle,467.0,467.0,0.0,30.48017621145391,406.1461489821504,374.01722221165846,436.5198237885461,436.5198237885461
2017-12-11 18:00:00,2017-12-11,Oracle,456.0,456.0,0.0,19.48017621145391,374.01722221165846,353.4833135284507,436.5198237885461,436.5198237885461
2017-12-11 19:00:00,2017-12-11,Oracle,451.0,451.0,0.0,14.480176211453909,353.4833135284507,338.21986761219,436.5198237885461,436.5198237885461
2017-12-11 20:00:00,2017-12-11,Oracle,440.0,440.0,0.0,3.4801762114539088,338.21986761219,334.55143978321325,436.5198237885461,436.5198237885461
2017-12-11 21:00:00,2017-12-11,Oracle,428.0,428.0,8.519823788546091,0.0,334.55143978321325,342.6340543137402,436.5198237885461,436.5198237885461
2017-12-11 22:00:00,2017-12-11,Oracle,429.0,429.0,7.519823788546091,0.0,342.6340543137402,349.7679855462169,436.5198237885461,436.5198237885461
2017-12-11 23:00:00,2017-12-11,Oracle,419.0,419.0,17.51982378854609,0.0,349.7679855462169,366.3887497591986,436.5198237885461,436.5198237885461
2017-12-12 00:00:00,2017-12-12,Oracle,417.0,417.0,19.048672566371597,0.0,366.3887497591986,384.4599072729484,436.0486725663716,436.0486725663716
2017-12-12 01:00:00,2017-12-12,Oracle,415.0,415.0,21.04867256637158,0.0,384.4599072729484,404.42843138279915,436.0486725663716,436.0486725663716
2017-12-12 02:00:00,2017-12-12,Oracle,412.0,412.0,24.04867256637158,0.0,404.42843138279915,427.2430053868014,436.0486725663716,436.0486725663716
2017-12-12 03:00:00,2017-12-12,Oracle,410.0,410.0,26.04867256637158,0.0,427.2430053868014,451.95494598690897,436.0486725663716,436.0486725663716
2017-12-12 04:00:00,2017-12-12,Oracle,408.0,408.0,28.04867256637158,0.0,451.95494598690897,478.56425318311335,436.0486725663716,436.0486725663716
2017-12-12 05:00:00,2017-12-12,Oracle,406.0,406.0,30.04867256637158,0.0,478.56425318311335,507.07092697541873,436.0486725663716,436.0486725663716
2017-12-12 06:00:00,2017-12-12,Oracle,406.0,406.0,30.04867256637158,0.0,507.07092697541873,535.5776007677241,436.0486725663716,436.0486725663716
2017-12-12 07:00:00,2017-12-12,Oracle,408.0,408.0,28.04867256637158,0.0,535.5776007677241,562.1869079639284,436.0486725663716,436.0486725663716
2017-12-12 08:00:00,2017-12-12,Oracle,421.0,421.0,15.048672566371579,0.0,562.1869079639284,576.4633322854761,436.0486725663716,436.0486725663716
2017-12-12 09:00:00,2017-12-12,Oracle,433.0,433.0,3.048672566371579,0.0,576.4633322854761,579.355557030417,436.0486725663716,436.0486725663716
2017-12-12 10:00:00,2017-12-12,Oracle,446.0,446.0,0.0,9.951327433628421,579.355557030417,568.8659368862891,436.0486725663716,436.0486725663716
2017-12-12 11:00:00,2017-12-12,Oracle,459.0,459.0,0.0,22.95132743362842,568.8659368862891,544.6731135480977,436.0486725663716,436.0486725663716
2017-12-12 12:00:00,2017-12-12,Oracle,464.0,464.0,0.0,27.95132743362842,544.6731135480977,515.2098274429591,436.0486725663716,436.0486725663716
2017-12-12 13:00:00,2017-12-12,Oracle,468.0,468.0,0.0,31.95132743362842,515.2098274429591,481.5301711242628,436.0486725663716,436.0486725663716
2017-12-12 14:00:00,2017-12-12,Oracle,465.0,465.0,0.0,28.95132743362842,481.5301711242628,451.01279246573495,436.0486725663716,436.0486725663716
2017-12-12 15:00:00,2017-12-12,Oracle,463.0,463.0,0.0,26.95132743362842,451.01279246573495,422.60359891398593,436.0486725663716,436.0486725663716
2017-12-12 16:00:00,2017-12-12,Oracle,461.0,461.0,0.0,24.95132743362842,422.60359891398593,396.3025904690162,436.0486725663716,436.0486725663716
2017-12-12 17:00:00,2017-12-12,Oracle,459.0,459.0,0.0,22.95132743362842,396.3025904690162,372.1097671308253,436.0486725663716,436.0486725663716
2017-12-12 18:00:00,2017-12-12,Oracle,456.0,456.0,0.0,19.95132743362842,372.1097671308253,351.07922145280236,436.0486725663716,436.0486725663716
2017-12-12 19:00:00,2017-12-12,Oracle,446.0,446.0,0.0,9.951327433628421,351.07922145280236,340.5896013086749,436.0486725663716,436.0486725663716
2017-12-12 20:00:00,2017-12-12,Oracle,436.0,436.0,0.048672566371578796,0.0,340.5896013086749,340.63577615946497,436.0486725663716,436.0486725663716
2017-12-12 21:00:00,2017-12-12,Oracle,432.0,432.0,4.048672566371579,0.0,340.63577615946497,344.47668420245685,436.0486725663716,436.0486725663716
2017-12-12 22:00:00,2017-12-12,Oracle,429.0,429.0,7.048672566371579,0.0,344.47668420245685,351.1636421396004,436.0486725663716,436.0486725663716
2017-12-12 23:00:00,2017-12-12,Oracle,420.0,420.0,16.04867256637158,0.0,351.1636421396004,366.3887497591986,436.0486725663716,436.0486725663716
2017-12-13 00:00:00,2017-12-13,Oracle,419.0,419.0,18.092920353982198,0.0,366.3887497591986,383.5532011119797,437.0929203539822,437.0929203539822
2017-12-13 01:00:00,2017-12-13,Oracle,409.0,409.0,28.09292035398221,0.0,383.5532011119797,410.20448544526596,437.0929203539822,437.0929203539822
2017-12-13 02:00:00,2017-12-13,Oracle,410.0,410.0,27.09292035398221,0.0,410.20448544526596,435.9070864805017,437.0929203539822,437.0929203539822
2017-12-13 03:00:00,2017-12-13,Oracle,409.0,409.0,28.09292035398221,0.0,435.9070864805017,462.5583708137927,437.0929203539822,437.0929203539822
2017-12-13 04:00:00,2017-12-13,Oracle,407.0,407.0,30.09292035398221,0.0,462.5583708137927,491.10702174318,437.0929203539822,437.0929203539822
2017-12-13 05:00:00,2017-12-13,Oracle,407.0,407.0,30.09292035398221,0.0,491.10702174318,519.6556726725672,437.0929203539822,437.0929203539822
2017-12-13 06:00:00,2017-12-13,Oracle,406.0,406.0,31.09292035398221,0.0,519.6556726725672,549.153006900005,437.0929203539822,437.0929203539822
2017-12-13 07:00:00,2017-12-13,Oracle,410.0,410.0,27.09292035398221,0.0,549.153006900005,574.8556079352408,437.0929203539822,437.0929203539822
2017-12-13 08:00:00,2017-12-13,Oracle,417.0,417.0,20.09292035398221,0.0,574.8556079352408,593.9174258841228,437.0929203539822,437.0929203539822
2017-12-13 09:00:00,2017-12-13,Oracle,424.0,424.0,13.092920353982208,0.0,593.9174258841228,606.3384607466514,437.0929203539822,437.0929203539822
2017-12-13 10:00:00,2017-12-13,Oracle,441.0,441.0,0.0,3.9070796460177917,606.3384607466514,602.2200371862846,437.0929203539822,437.0929203539822
2017-12-13 11:00:00,2017-12-13,Oracle,459.0,459.0,0.0,21.90707964601779,602.2200371862846,579.127947664907,437.0929203539822,437.0929203539822
2017-12-13 12:00:00,2017-12-13,Oracle,469.0,469.0,0.0,31.90707964601779,579.127947664907,545.4949326096348,437.0929203539822,437.0929203539822
2017-12-13 13:00:00,2017-12-13,Oracle,473.0,473.0,0.0,35.90707964601779,545.4949326096348,507.645547340805,437.0929203539822,437.0929203539822
2017-12-13 14:00:00,2017-12-13,Oracle,470.0,470.0,0.0,32.90707964601779,507.645547340805,472.9584397321437,437.0929203539822,437.0929203539822
2017-12-13 15:00:00,2017-12-13,Oracle,477.0,477.0,0.0,39.90707964601779,472.9584397321437,430.8926842497558,437.0929203539822,437.0929203539822
2017-12-13 16:00:00,2017-12-13,Oracle,468.0,468.0,0.0,30.90707964601779,430.8926842497558,398.31376174787283,437.0929203539822,437.0929203539822
2017-12-13 17:00:00,2017-12-13,Oracle,467.0,467.0,0.0,29.90707964601779,398.31376174787283,366.78893179937995,437.0929203539822,437.0929203539822
2017-12-13 18:00:00,2017-12-13,Oracle,463.0,463.0,0.0,25.90707964601779,366.78893179937995,339.4804720644447,437.0929203539822,437.0929203539822
2017-12-13 19:00:00,2017-12-13,Oracle,447.0,447.0,0.0,9.907079646017792,339.4804720644447,329.0374931837414,437.0929203539822,437.0929203539822
2017-12-13 20:00:00,2017-12-13,Oracle,432.0,432.0,5.092920353982208,0.0,329.0374931837414,333.86906166186577,437.0929203539822,437.0929203539822
2017-12-13 21:00:00,2017-12-13,Oracle,427.0,427.0,10.092920353982208,0.0,333.86906166186577,343.4440466302428,437.0929203539822,437.0929203539822
2017-12-13 22:00:00,2017-12-13,Oracle,428.0,428.0,9.092920353982208,0.0,343.4440466302428,352.07034830056904,437.0929203539822,437.0929203539822
2017-12-13 23:00:00,2017-12-13,Oracle,422.0,422.0,15.092920353982208,0.0,352.07034830056904,366.3887497591986,437.0929203539822,437.0929203539822
2017-12-14 00:00:00,2017-12-14,Oracle,416.0,416.0,20.872807017543696,0.0,366.3887497591986,386.1904331601739,436.8728070175437,436.8728070175437
2017-12-14 01:00:00,2017-12-14,Oracle,411.0,411.0,25.872807017543664,0.0,386.1904331601739,410.73553305140194,436.87280701754366,436.87280701754366
2017-12-14 02:00:00,2017-12-14,Oracle,410.0,410.0,26.872807017543664,0.0,410.73553305140194,436.2293162406804,436.87280701754366,436.87280701754366
2017-12-14 03:00:00,2017-12-14,Oracle,407.0,407.0,29.872807017543664,0.0,436.2293162406804,464.569149324112,436.87280701754366,436.87280701754366
2017-12-14 04:00:00,2017-12-14,Oracle,405.0,405.0,31.872807017543664,0.0,464.569149324112,494.80634900364385,436.87280701754366,436.87280701754366
2017-12-14 05:00:00,2017-12-14,Oracle,405.0,405.0,31.872807017543664,0.0,494.80634900364385,525.0435486831757,436.87280701754366,436.87280701754366
2017-12-14 06:00:00,2017-12-14,Oracle,407.0,407.0,29.872807017543664,0.0,525.0435486831757,553.3833817666064,436.87280701754366,436.87280701754366
2017-12-14 07:00:00,2017-12-14,Oracle,410.0,410.0,26.872807017543664,0.0,553.3833817666064,578.8771649558857,436.87280701754366,436.87280701754366
2017-12-14 08:00:00,2017-12-14,Oracle,414.0,414.0,22.872807017543664,0.0,578.8771649558857,600.5762149529619,436.87280701754366,436.87280701754366
2017-12-14 09:00:00,2017-12-14,Oracle,425.0,425.0,11.872807017543664,0.0,600.5762149529619,611.839748671483,436.87280701754366,436.87280701754366
2017-12-14 10:00:00,2017-12-14,Oracle,444.0,444.0,0.0,7.127192982456336,611.839748671483,604.3270276221065,436.87280701754366,436.87280701754366
2017-12-14 11:00:00,2017-12-14,Oracle,462.0,462.0,0.0,25.127192982456336,604.3270276221065,577.8406406117192,436.87280701754366,436.87280701754366
2017-12-14 12:00:00,2017-12-14,Oracle,466.0,466.0,0.0,29.127192982456336,577.8406406117192,547.1378833877743,436.87280701754366,436.87280701754366
2017-12-14 13:00:00,2017-12-14,Oracle,468.0,468.0,0.0,31.127192982456336,547.1378833877743,514.3269410570492,436.87280701754366,436.87280701754366
2017-12-14 14:00:00,2017-12-14,Oracle,471.0,471.0,0.0,34.127192982456336,514.3269410570492,478.3537210661575,436.87280701754366,436.87280701754366
2017-12-14 15:00:00,2017-12-14,Oracle,468.0,468.0,0.0,31.127192982456336,478.3537210661575,445.5427787354338,436.87280701754366,436.87280701754366
2017-12-14 16:00:00,2017-12-14,Oracle,465.0,465.0,0.0,28.127192982456336,445.5427787354338,415.89411406487807,436.87280701754366,436.87280701754366
2017-12-14 17:00:00,2017-12-14,Oracle,463.0,463.0,0.0,26.127192982456336,415.89411406487807,388.3536345011007,436.87280701754366,436.87280701754366
2017-12-14 18:00:00,2017-12-14,Oracle,457.0,457.0,0.0,20.127192982456336,388.3536345011007,367.13771025766073,436.87280701754366,436.87280701754366
2017-12-14 19:00:00,2017-12-14,Oracle,448.0,448.0,0.0,11.127192982456336,367.13771025766073,355.40861899472566,436.87280701754366,436.87280701754366
2017-12-14 20:00:00,2017-12-14,Oracle,443.0,443.0,0.0,6.127192982456336,355.40861899472566,348.9499904987383,436.87280701754366,436.87280701754366
2017-12-14 21:00:00,2017-12-14,Oracle,439.0,439.0,0.0,2.127192982456336,348.9499904987383,346.70773221630884,436.87280701754366,436.87280701754366
2017-12-14 22:00:00,2017-12-14,Oracle,430.0,430.0,6.872807017543664,0.0,346.70773221630884,353.227849444577,436.87280701754366,436.87280701754366
2017-12-14 23:00:00,2017-12-14,Oracle,423.0,423.0,13.872807017543664,0.0,353.227849444577,366.3887497591986,436.87280701754366,436.87280701754366
2017-12-15 00:00:00,2017-12-15,Oracle,417.0,417.0,19.17256637168128,0.0,366.3887497591986,384.5774432567776,436.1725663716813,436.1725663716813
2017-12-15 01:00:00,2017-12-15,Oracle,413.0,413.0,23.17256637168134,0.0,384.5774432567776,406.5608699465587,436.17256637168134,436.17256637168134
2017-12-15 02:00:00,2017-12-15,Oracle,411.0,411.0,25.17256637168134,0.0,406.5608699465587,430.44166323244076,436.17256637168134,436.17256637168134
2017-12-15 03:00:00,2017-12-15,Oracle,409.0,409.0,27.17256637168134,0.0,430.44166323244076,456.2198231144272,436.17256637168134,436.17256637168134
2017-12-15 04:00:00,2017-12-15,Oracle,406.0,406.0,30.17256637168134,0.0,456.2198231144272,484.8440328905619,436.17256637168134,436.17256637168134
2017-12-15 05:00:00,2017-12-15,Oracle,408.0,408.0,28.17256637168134,0.0,484.8440328905619,511.57087607059555,436.17256637168134,436.17256637168134
2017-12-15 06:00:00,2017-12-15,Oracle,409.0,409.0,27.17256637168134,0.0,511.57087607059555,537.3490359525787,436.17256637168134,436.17256637168134
2017-12-15 07:00:00,2017-12-15,Oracle,414.0,414.0,22.17256637168134,0.0,537.3490359525787,558.3837793443092,436.17256637168134,436.17256637168134
2017-12-15 08:00:00,2017-12-15,Oracle,415.0,415.0,21.17256637168134,0.0,558.3837793443092,578.4698394379893,436.17256637168134,436.17256637168134
2017-12-15 09:00:00,2017-12-15,Oracle,432.0,432.0,4.1725663716813415,0.0,578.4698394379893,582.4282834648111,436.17256637168134,436.17256637168134
2017-12-15 10:00:00,2017-12-15,Oracle,450.0,450.0,0.0,13.827433628318659,582.4282834648111,567.852888644713,436.17256637168134,436.17256637168134
2017-12-15 11:00:00,2017-12-15,Oracle,463.0,463.0,0.0,26.82743362831866,567.852888644713,539.5742906305522,436.17256637168134,436.17256637168134
2017-12-15 12:00:00,2017-12-15,Oracle,465.0,465.0,0.0,28.82743362831866,539.5742906305522,509.18750750961317,436.17256637168134,436.17256637168134
2017-12-15 13:00:00,2017-12-15,Oracle,473.0,473.0,0.0,36.82743362831866,509.18750750961317,470.367983961557,436.17256637168134,436.17256637168134
2017-12-15 14:00:00,2017-12-15,Oracle,476.0,476.0,0.0,39.82743362831866,470.367983961557,428.38618275333374,436.17256637168134,436.17256637168134
2017-12-15 15:00:00,2017-12-15,Oracle,471.0,471.0,0.0,34.82743362831866,428.38618275333374,391.67484431205685,436.17256637168134,436.17256637168134
2017-12-15 16:00:00,2017-12-15,Oracle,463.0,463.0,0.0,26.82743362831866,391.67484431205685,363.3962462978957,436.17256637168134,436.17256637168134
2017-12-15 17:00:00,2017-12-15,Oracle,457.0,457.0,0.0,20.82743362831866,363.3962462978957,341.44220360407144,436.17256637168134,436.17256637168134
2017-12-15 18:00:00,2017-12-15,Oracle,447.0,447.0,0.0,10.827433628318659,341.44220360407144,330.0290864441422,436.17256637168134,436.17256637168134
2017-12-15 19:00:00,2017-12-15,Oracle,441.0,441.0,0.0,4.8274336283186585,330.0290864441422,324.94052460454964,436.17256637168134,436.17256637168134
2017-12-15 20:00:00,2017-12-15,Oracle,434.0,434.0,2.1725663716813415,0.0,324.94052460454964,327.00160203527,436.17256637168134,436.17256637168134
2017-12-15 21:00:00,2017-12-15,Oracle,428.0,428.0,8.172566371681341,0.0,327.00160203527,334.7547792542931,436.17256637168134,436.17256637168134
2017-12-15 22:00:00,2017-12-15,Oracle,422.0,422.0,14.172566371681341,0.0,334.7547792542931,348.2000562616196,436.17256637168134,436.17256637168134
2017-12-15 23:00:00,2017-12-15,Oracle,417.0,417.0,19.17256637168134,0.0,348.2000562616196,366.3887497591986,436.17256637168134,436.17256637168134
2017-12-16 00:00:00,2017-12-16,Oracle,408.0,408.0,4.150442477876043,0.0,366.3887497591986,370.326205217479,412.150442477876,412.150442477876
2017-12-16 01:00:00,2017-12-16,Oracle,408.0,408.0,4.150442477876027,0.0,370.326205217479,374.2636606757594,412.150442477876,412.150442477876
2017-12-16 02:00:00,2017-12-16,Oracle,405.0,405.0,7.150442477876027,0.0,374.2636606757594,381.0471660281913,412.150442477876,412.150442477876
2017-12-16 03:00:00,2017-12-16,Oracle,406.0,406.0,6.150442477876027,0.0,381.0471660281913,386.88198808257744,412.150442477876,412.150442477876
2017-12-16 04:00:00,2017-12-16,Oracle,405.0,405.0,7.150442477876027,0.0,386.88198808257744,393.66549343500935,412.150442477876,412.150442477876
2017-12-16 05:00:00,2017-12-16,Oracle,400.0,400.0,12.150442477876027,0.0,393.66549343500935,405.19241527769384,412.150442477876,412.150442477876
2017-12-16 06:00:00,2017-12-16,Oracle,405.0,405.0,7.150442477876027,0.0,405.19241527769384,411.97592063012576,412.150442477876,412.150442477876
2017-12-16 07:00:00,2017-12-16,Oracle,402.0,402.0,10.150442477876027,0.0,411.97592063012576,421.6054758767092,412.150442477876,412.150442477876
2017-12-16 08:00:00,2017-12-16,Oracle,406.0,406.0,6.150442477876027,0.0,421.6054758767092,427.44029793109064,412.150442477876,412.150442477876
2017-12-16 09:00:00,2017-12-16,Oracle,404.0,404.0,8.150442477876027,0.0,427.44029793109064,435.1724865815731,412.150442477876,412.150442477876
2017-12-16 10:00:00,2017-12-16,Oracle,411.0,411.0,1.1504424778760267,0.0,435.1724865815731,436.2638921457019,412.150442477876,412.150442477876
2017-12-16 11:00:00,2017-12-16,Oracle,418.0,418.0,0.0,5.849557522123973,436.2638921457019,430.0979171210065,412.150442477876,412.150442477876
2017-12-16 12:00:00,2017-12-16,Oracle,417.0,417.0,0.0,4.849557522123973,430.0979171210065,424.98603464970165,412.150442477876,412.150442477876
2017-12-16 13:00:00,2017-12-16,Oracle,414.0,414.0,0.0,1.8495575221239733,424.98603464970165,423.0364298385657,412.150442477876,412.150442477876
2017-12-16 14:00:00,2017-12-16,Oracle,418.0,418.0,0.0,5.849557522123973,423.0364298385657,416.87045481387077,412.150442477876,412.150442477876
2017-12-16 15:00:00,2017-12-16,Oracle,423.0,423.0,0.0,10.849557522123973,416.87045481387077,405.43401702222855,412.150442477876,412.150442477876
2017-12-16 16:00:00,2017-12-16,Oracle,422.0,422.0,0.0,9.849557522123973,405.43401702222855,395.0516717839764,412.150442477876,412.150442477876
2017-12-16 17:00:00,2017-12-16,Oracle,425.0,425.0,0.0,12.849557522123973,395.0516717839764,381.50704888555583,412.150442477876,412.150442477876
2017-12-16 18:00:00,2017-12-16,Oracle,421.0,421.0,0.0,8.849557522123973,381.50704888555583,372.17879620069334,412.150442477876,412.150442477876
2017-12-16 19:00:00,2017-12-16,Oracle,416.0,416.0,0.0,3.8495575221239733,372.17879620069334,368.1210062827781,412.150442477876,412.150442477876
2017-12-16 20:00:00,2017-12-16,Oracle,416.0,416.0,0.0,3.8495575221239733,368.1210062827781,364.0632163648629,412.150442477876,412.150442477876
2017-12-16 21:00:00,2017-12-16,Oracle,411.0,411.0,1.1504424778760267,0.0,364.0632163648629,365.15462192899156,412.150442477876,412.150442477876
2017-12-16 22:00:00,2017-12-16,Oracle,411.0,411.0,1.1504424778760267,0.0,365.15462192899156,366.2460274931203,412.150442477876,412.150442477876
2017-12-16 23:00:00,2017-12-16,Oracle,412.0,412.0,0.15044247787602671,0.0,366.2460274931203,366.3887497591986,412.150442477876,412.150442477876
2017-12-17 00:00:00,2017-12-17,Oracle,408.0,408.0,3.3612334801762658,0.0,366.3887497591986,369.57749582269,411.3612334801763,411.3612334801763
2017-12-17 01:00:00,2017-12-17,Oracle,406.0,406.0,5.3612334801762245,0.0,369.57749582269,374.6636084822825,411.3612334801762,411.3612334801762
2017-12-17 02:00:00,2017-12-17,Oracle,403.0,403.0,8.361233480176224,0.0,374.6636084822825,382.5957710360264,411.3612334801762,411.3612334801762
2017-12-17 03:00:00,2017-12-17,Oracle,404.0,404.0,7.3612334801762245,0.0,382.5957710360264,389.57925029172225,411.3612334801762,411.3612334801762
2017-12-17 04:00:00,2017-12-17,Oracle,403.0,403.0,8.361233480176224,0.0,389.57925029172225,397.5114128454662,411.3612334801762,411.3612334801762
2017-12-17 05:00:00,2017-12-17,Oracle,403.0,403.0,8.361233480176224,0.0,397.5114128454662,405.4435753992102,411.3612334801762,411.3612334801762
2017-12-17 06:00:00,2017-12-17,Oracle,406.0,406.0,5.3612334801762245,0.0,405.4435753992102,410.5296880588026,411.3612334801762,411.3612334801762
2017-12-17 07:00:00,2017-12-17,Oracle,405.0,405.0,6.3612334801762245,0.0,410.5296880588026,416.56448401644553,411.3612334801762,411.3612334801762
2017-12-17 08:00:00,2017-12-17,Oracle,403.0,403.0,8.361233480176224,0.0,416.56448401644553,424.4966465701895,411.3612334801762,411.3612334801762
2017-12-17 09:00:00,2017-12-17,Oracle,405.0,405.0,6.3612334801762245,0.0,424.4966465701895,430.53144252783244,411.3612334801762,411.3612334801762
2017-12-17 10:00:00,2017-12-17,Oracle,406.0,406.0,5.3612334801762245,0.0,430.53144252783244,435.61755518742484,411.3612334801762,411.3612334801762
2017-12-17 11:00:00,2017-12-17,Oracle,413.0,413.0,0.0,1.6387665198237755,435.61755518742484,433.89014360213423,411.3612334801762,411.3612334801762
2017-12-17 12:00:00,2017-12-17,Oracle,415.0,415.0,0.0,3.6387665198237755,433.89014360213423,430.05454691006526,411.3612334801762,411.3612334801762
2017-12-17 13:00:00,2017-12-17,Oracle,418.0,418.0,0.0,6.6387665198237755,430.05454691006526,423.05667255782737,411.3612334801762,411.3612334801762
2017-12-17 14:00:00,2017-12-17,Oracle,418.0,418.0,0.0,6.6387665198237755,423.05667255782737,416.058798205589,411.3612334801762,411.3612334801762
2017-12-17 15:00:00,2017-12-17,Oracle,421.0,421.0,0.0,9.638766519823776,416.058798205589,405.89864619318223,411.3612334801762,411.3612334801762
2017-12-17 16:00:00,2017-12-17,Oracle,420.0,420.0,0.0,8.638766519823776,405.89864619318223,396.792586734166,411.3612334801762,411.3612334801762
2017-12-17 17:00:00,2017-12-17,Oracle,423.0,423.0,0.0,11.638766519823776,396.792586734166,384.5242496149813,411.3612334801762,411.3612334801762
2017-12-17 18:00:00,2017-12-17,Oracle,422.0,422.0,0.0,10.638766519823776,384.5242496149813,373.3100050491853,411.3612334801762,411.3612334801762
2017-12-17 19:00:00,2017-12-17,Oracle,417.0,417.0,0.0,5.6387665198237755,373.3100050491853,367.36622325033727,411.3612334801762,411.3612334801762
2017-12-17 20:00:00,2017-12-17,Oracle,413.0,413.0,0.0,1.6387665198237755,367.36622325033727,365.6388116650469,411.3612334801762,411.3612334801762
2017-12-17 21:00:00,2017-12-17,Oracle,414.0,414.0,0.0,2.6387665198237755,365.6388116650469,362.85730752636744,411.3612334801762,411.3612334801762
2017-12-17 22:00:00,2017-12-17,Oracle,411.0,411.0,0.3612334801762245,0.0,362.85730752636744,363.2000036957072,411.3612334801762,411.3612334801762
2017-12-17 23:00:00,2017-12-17,Oracle,408.0,408.0,3.3612334801762245,0.0,363.2000036957072,366.3887497591986,411.3612334801762,411.3612334801762
2017-12-18 00:00:00,2017-12-18,Oracle,405.0,405.0,26.066079295154108,0.0,366.3887497591986,391.11720383217164,431.0660792951541,431.0660792951541
2017-12-18 01:00:00,2017-12-18,Oracle,403.0,403.0,28.06607929515411,0.0,391.11720383217164,417.74302450124566,431.0660792951541,431.0660792951541
2017-12-18 02:00:00,2017-12-18,Oracle,404.0,404.0,27.06607929515411,0.0,417.74302450124566,443.4201618722692,431.0660792951541,431.0660792951541
2017-12-18 03:00:00,2017-12-18,Oracle,401.0,401.0,30.06607929515411,0.0,443.4201618722692,471.94334913744626,431.0660792951541,431.0660792951541
2017-12-18 04:00:00,2017-12-18,Oracle,399.0,399.0,32.06607929515411,0.0,471.94334913744626,502.3639029987224,431.0660792951541,431.0660792951541
2017-12-18 05:00:00,2017-12-18,Oracle,400.0,400.0,31.06607929515411,0.0,502.3639029987224,531.8357735619479,431.0660792951541,431.0660792951541
2017-12-18 06:00:00,2017-12-18,Oracle,401.0,401.0,30.06607929515411,0.0,531.8357735619479,560.358960827123,431.0660792951541,431.0660792951541
2017-12-18 07:00:00,2017-12-18,Oracle,404.0,404.0,27.06607929515411,0.0,560.358960827123,586.0360981981465,431.0660792951541,431.0660792951541
2017-12-18 08:00:00,2017-12-18,Oracle,414.0,414.0,17.06607929515411,0.0,586.0360981981465,602.226402588665,431.0660792951541,431.0660792951541
2017-12-18 09:00:00,2017-12-18,Oracle,427.0,427.0,4.066079295154111,0.0,602.226402588665,606.0838241045267,431.0660792951541,431.0660792951541
2017-12-18 10:00:00,2017-12-18,Oracle,441.0,441.0,0.0,9.933920704845889,606.0838241045267,595.6125522635875,431.0660792951541,431.0660792951541
2017-12-18 11:00:00,2017-12-18,Oracle,455.0,455.0,0.0,23.93392070484589,595.6125522635875,570.3839846751953,431.0660792951541,431.0660792951541
2017-12-18 12:00:00,2017-12-18,Oracle,461.0,461.0,0.0,29.93392070484589,570.3839846751953,538.830861766467,431.0660792951541,431.0660792951541
2017-12-18 13:00:00,2017-12-18,Oracle,461.0,461.0,0.0,29.93392070484589,538.830861766467,507.27773885773877,431.0660792951541,431.0660792951541
2017-12-18 14:00:00,2017-12-18,Oracle,462.0,462.0,0.0,30.93392070484589,507.27773885773877,474.67052339561997,431.0660792951541,431.0660792951541
2017-12-18 15:00:00,2017-12-18,Oracle,461.0,461.0,0.0,29.93392070484589,474.67052339561997,443.11740048689126,431.0660792951541,431.0660792951541
2017-12-18 16:00:00,2017-12-18,Oracle,457.0,457.0,0.0,25.93392070484589,443.11740048689126,415.78064779172064,431.0660792951541,431.0660792951541
2017-12-18 17:00:00,2017-12-18,Oracle,456.0,456.0,0.0,24.93392070484589,415.78064779172064,389.4979876499392,431.0660792951541,431.0660792951541
2017-12-18 18:00:00,2017-12-18,Oracle,452.0,452.0,0.0,20.93392070484589,389.4979876499392,367.43169772171586,431.0660792951541,431.0660792951541
2017-12-18 19:00:00,2017-12-18,Oracle,441.0,441.0,0.0,9.933920704845889,367.43169772171586,356.9604258807765,431.0660792951541,431.0660792951541
2017-12-18 20:00:00,2017-12-18,Oracle,434.0,434.0,0.0,2.933920704845889,356.9604258807765,353.8678019135632,431.0660792951541,431.0660792951541
2017-12-18 21:00:00,2017-12-18,Oracle,431.0,431.0,0.06607929515411115,0.0,353.8678019135632,353.93049023722267,431.0660792951541,431.0660792951541
2017-12-18 22:00:00,2017-12-18,Oracle,425.0,425.0,6.066079295154111,0.0,353.93049023722267,359.68527834918535,431.0660792951541,431.0660792951541
2017-12-18 23:00:00,2017-12-18,Oracle,424.0,424.0,7.066079295154111,0.0,359.68527834918535,366.3887497591986,431.0660792951541,431.0660792951541
2017-12-19 00:00:00,2017-12-19,Oracle,415.0,415.0,24.991189427312673,0.0,366.3887497591986,390.0974737673067,439.9911894273127,439.9911894273127
2017-12-19 01:00:00,2017-12-19,Oracle,417.0,417.0,22.991189427312634,0.0,390.0974737673067,411.9088311793138,439.99118942731263,439.99118942731263
2017-12-19 02:00:00,2017-12-19,Oracle,417.0,417.0,22.991189427312634,0.0,411.9088311793138,433.72018859132083,439.99118942731263,439.99118942731263
2017-12-19 03:00:00,2017-12-19,Oracle,417.0,417.0,22.991189427312634,0.0,433.72018859132083,455.53154600333215,439.99118942731263,439.99118942731263
2017-12-19 04:00:00,2017-12-19,Oracle,417.0,417.0,22.991189427312634,0.0,455.53154600333215,477.3429034153392,439.99118942731263,439.99118942731263
2017-12-19 05:00:00,2017-12-19,Oracle,415.0,415.0,24.991189427312634,0.0,477.3429034153392,501.05162742344726,439.99118942731263,439.99118942731263
2017-12-19 06:00:00,2017-12-19,Oracle,418.0,418.0,21.991189427312634,0.0,501.05162742344726,521.9143015374038,439.99118942731263,439.99118942731263
2017-12-19 07:00:00,2017-12-19,Oracle,421.0,421.0,18.991189427312634,0.0,521.9143015374038,539.9309257572088,439.99118942731263,439.99118942731263
2017-12-19 08:00:00,2017-12-19,Oracle,427.0,427.0,12.991189427312634,0.0,539.9309257572088,552.2554501887107,439.99118942731263,439.99118942731263
2017-12-19 09:00:00,2017-12-19,Oracle,437.0,437.0,2.9911894273126336,0.0,552.2554501887107,555.093141639707,439.99118942731263,439.99118942731263
2017-12-19 10:00:00,2017-12-19,Oracle,447.0,447.0,0.0,7.008810572687366,555.093141639707,547.70520660692,439.99118942731263,439.99118942731263
2017-12-19 11:00:00,2017-12-19,Oracle,460.0,460.0,0.0,20.008810572687366,547.70520660692,526.6140683800695,439.99118942731263,439.99118942731263
2017-12-19 12:00:00,2017-12-19,Oracle,463.0,463.0,0.0,23.008810572687366,526.6140683800695,502.360652493051,439.99118942731263,439.99118942731263
2017-12-19 13:00:00,2017-12-19,Oracle,460.0,460.0,0.0,20.008810572687366,502.360652493051,481.26951426620144,439.99118942731263,439.99118942731263
2017-12-19 14:00:00,2017-12-19,Oracle,466.0,466.0,0.0,26.008810572687366,481.26951426620144,453.85382071901404,439.99118942731263,439.99118942731263
2017-12-19 15:00:00,2017-12-19,Oracle,466.0,466.0,0.0,26.008810572687366,453.85382071901404,426.43812717182755,439.99118942731263,439.99118942731263
2017-12-19 16:00:00,2017-12-19,Oracle,467.0,467.0,0.0,27.008810572687366,426.43812717182755,397.96834107125096,439.99118942731263,439.99118942731263
2017-12-19 17:00:00,2017-12-19,Oracle,467.0,467.0,0.0,27.008810572687366,397.96834107125096,369.4985549706744,439.99118942731263,439.99118942731263
2017-12-19 18:00:00,2017-12-19,Oracle,461.0,461.0,0.0,21.008810572687366,369.4985549706744,347.3533241904356,439.99118942731263,439.99118942731263
2017-12-19 19:00:00,2017-12-19,Oracle,448.0,448.0,0.0,8.008810572687366,347.3533241904356,338.91129660425895,439.99118942731263,439.99118942731263
2017-12-19 20:00:00,2017-12-19,Oracle,440.0,440.0,0.0,0.008810572687366403,338.91129660425895,338.90200944519825,439.99118942731263,439.99118942731263
2017-12-19 21:00:00,2017-12-19,Oracle,434.0,434.0,5.991189427312634,0.0,338.90200944519825,344.5857507903463,439.99118942731263,439.99118942731263
2017-12-19 22:00:00,2017-12-19,Oracle,429.0,429.0,10.991189427312634,0.0,344.5857507903463,355.01290862574723,439.99118942731263,439.99118942731263
2017-12-19 23:00:00,2017-12-19,Oracle,428.0,428.0,11.991189427312634,0.0,355.01290862574723,366.3887497591986,439.99118942731263,439.99118942731263
2017-12-20 00:00:00,2017-12-20,Oracle,425.0,425.0,10.774336283185725,0.0,366.3887497591986,376.61018263863656,435.77433628318573,435.77433628318573
2017-12-20 01:00:00,2017-12-20,Oracle,422.0,422.0,13.774336283185733,0.0,376.61018263863656,389.6776654122261,435.77433628318573,435.77433628318573
2017-12-20 02:00:00,2017-12-20,Oracle,419.0,419.0,16.774336283185733,0.0,389.6776654122261,405.5911980799671,435.77433628318573,435.77433628318573
2017-12-20 03:00:00,2017-12-20,Oracle,418.0,418.0,17.774336283185733,0.0,405.5911980799671,422.45341404576186,435.77433628318573,435.77433628318573
2017-12-20 04:00:00,2017-12-20,Oracle,416.0,416.0,19.774336283185733,0.0,422.45341404576186,441.2129966076544,435.77433628318573,435.77433628318573
2017-12-20 05:00:00,2017-12-20,Oracle,417.0,417.0,18.774336283185733,0.0,441.2129966076544,459.0238958714965,435.77433628318573,435.77433628318573
2017-12-20 06:00:00,2017-12-20,Oracle,417.0,417.0,18.774336283185733,0.0,459.0238958714965,476.83479513533854,435.77433628318573,435.77433628318573
2017-12-20 07:00:00,2017-12-20,Oracle,422.0,422.0,13.774336283185733,0.0,476.83479513533854,489.90227790892806,435.77433628318573,435.77433628318573
2017-12-20 08:00:00,2017-12-20,Oracle,422.0,422.0,13.774336283185733,0.0,489.90227790892806,502.9697606825175,435.77433628318573,435.77433628318573
2017-12-20 09:00:00,2017-12-20,Oracle,433.0,433.0,2.7743362831857326,0.0,502.9697606825175,505.60172717755086,435.77433628318573,435.77433628318573
2017-12-20 10:00:00,2017-12-20,Oracle,449.0,449.0,0.0,13.225663716814267,505.60172717755086,491.6606535400242,435.77433628318573,435.77433628318573
2017-12-20 11:00:00,2017-12-20,Oracle,456.0,456.0,0.0,20.225663716814267,491.6606535400242,470.3409320287701,435.77433628318573,435.77433628318573
2017-12-20 12:00:00,2017-12-20,Oracle,461.0,461.0,0.0,25.225663716814267,470.3409320287701,443.75074775056964,435.77433628318573,435.77433628318573
2017-12-20 13:00:00,2017-12-20,Oracle,457.0,457.0,0.0,21.225663716814267,443.75074775056964,421.3769336859268,435.77433628318573,435.77433628318573
2017-12-20 14:00:00,2017-12-20,Oracle,456.0,456.0,0.0,20.225663716814267,421.3769336859268,400.0572121746736,435.77433628318573,435.77433628318573
2017-12-20 15:00:00,2017-12-20,Oracle,455.0,455.0,0.0,19.225663716814267,400.0572121746736,379.7915832168096,435.77433628318573,435.77433628318573
2017-12-20 16:00:00,2017-12-20,Oracle,456.0,456.0,0.0,20.225663716814267,379.7915832168096,358.4718617055564,435.77433628318573,435.77433628318573
2017-12-20 17:00:00,2017-12-20,Oracle,454.0,454.0,0.0,18.225663716814267,358.4718617055564,339.26032530108205,435.77433628318573,435.77433628318573
2017-12-20 18:00:00,2017-12-20,Oracle,451.0,451.0,0.0,15.225663716814267,339.26032530108205,323.2110665567757,435.77433628318573,435.77433628318573
2017-12-20 19:00:00,2017-12-20,Oracle,439.0,439.0,0.0,3.2256637168142674,323.2110665567757,319.8109184531436,435.77433628318573,435.77433628318573
2017-12-20 20:00:00,2017-12-20,Oracle,433.0,433.0,2.7743362831857326,0.0,319.8109184531436,322.4428849481776,435.77433628318573,435.77433628318573
2017-12-20 21:00:00,2017-12-20,Oracle,424.0,424.0,11.774336283185733,0.0,322.4428849481776,333.613001125666,435.77433628318573,435.77433628318573
2017-12-20 22:00:00,2017-12-20,Oracle,418.0,418.0,17.774336283185733,0.0,333.613001125666,350.4752170914576,435.77433628318573,435.77433628318573
2017-12-20 23:00:00,2017-12-20,Oracle,419.0,419.0,16.774336283185733,0.0,350.4752170914576,366.3887497591986,435.77433628318573,435.77433628318573
2017-12-21 00:00:00,2017-12-21,Oracle,415.0,415.0,16.039647577092417,0.0,366.3887497591986,381.6052955222026,431.0396475770924,431.0396475770924
2017-12-21 01:00:00,2017-12-21,Oracle,416.0,416.0,15.03964757709241,0.0,381.6052955222026,395.87315798715605,431.0396475770924,431.0396475770924
2017-12-21 02:00:00,2017-12-21,Oracle,413.0,413.0,18.03964757709241,0.0,395.87315798715605,412.987070346261,431.0396475770924,431.0396475770924
2017-12-21 03:00:00,2017-12-21,Oracle,409.0,409.0,22.03964757709241,0.0,412.987070346261,433.89571589757213,431.0396475770924,431.0396475770924
2017-12-21 04:00:00,2017-12-21,Oracle,407.0,407.0,24.03964757709241,0.0,433.89571589757213,456.7017280449802,431.0396475770924,431.0396475770924
2017-12-21 05:00:00,2017-12-21,Oracle,408.0,408.0,23.03964757709241,0.0,456.7017280449802,478.55905689433774,431.0396475770924,431.0396475770924
2017-12-21 06:00:00,2017-12-21,Oracle,408.0,408.0,23.03964757709241,0.0,478.55905689433774,500.41638574369534,431.0396475770924,431.0396475770924
2017-12-21 07:00:00,2017-12-21,Oracle,412.0,412.0,19.03964757709241,0.0,500.41638574369534,518.4789814008509,431.0396475770924,431.0396475770924
2017-12-21 08:00:00,2017-12-21,Oracle,416.0,416.0,15.03964757709241,0.0,518.4789814008509,532.7468438658043,431.0396475770924,431.0396475770924
2017-12-21 09:00:00,2017-12-21,Oracle,424.0,424.0,7.03964757709241,0.0,532.7468438658043,539.425239946353,431.0396475770924,431.0396475770924
2017-12-21 10:00:00,2017-12-21,Oracle,438.0,438.0,0.0,6.96035242290759,539.425239946353,532.0883842883995,431.0396475770924,431.0396475770924
2017-12-21 11:00:00,2017-12-21,Oracle,452.0,452.0,0.0,20.96035242290759,532.0883842883995,509.99423288299386,431.0396475770924,431.0396475770924
2017-12-21 12:00:00,2017-12-21,Oracle,460.0,460.0,0.0,28.96035242290759,509.99423288299386,479.4673410504729,431.0396475770924,431.0396475770924
2017-12-21 13:00:00,2017-12-21,Oracle,460.0,460.0,0.0,28.96035242290759,479.4673410504729,448.94044921795194,431.0396475770924,431.0396475770924
2017-12-21 14:00:00,2017-12-21,Oracle,456.0,456.0,0.0,24.96035242290759,448.94044921795194,422.62992759898816,431.0396475770924,431.0396475770924
2017-12-21 15:00:00,2017-12-21,Oracle,458.0,458.0,0.0,26.96035242290759,422.62992759898816,394.2112208732451,431.0396475770924,431.0396475770924
2017-12-21 16:00:00,2017-12-21,Oracle,455.0,455.0,0.0,23.96035242290759,394.2112208732451,368.954791807671,431.0396475770924,431.0396475770924
2017-12-21 17:00:00,2017-12-21,Oracle,454.0,454.0,0.0,22.96035242290759,368.954791807671,344.75245529548647,431.0396475770924,431.0396475770924
2017-12-21 18:00:00,2017-12-21,Oracle,445.0,445.0,0.0,13.96035242290759,344.75245529548647,330.0369517638069,431.0396475770924,431.0396475770924
2017-12-21 19:00:00,2017-12-21,Oracle,436.0,436.0,0.0,4.96035242290759,330.0369517638069,324.80828121263266,431.0396475770924,431.0396475770924
2017-12-21 20:00:00,2017-12-21,Oracle,434.0,434.0,0.0,2.96035242290759,324.80828121263266,321.68779576823727,431.0396475770924,431.0396475770924
2017-12-21 21:00:00,2017-12-21,Oracle,419.0,419.0,12.03964757709241,0.0,321.68779576823727,333.10960833903914,431.0396475770924,431.0396475770924
2017-12-21 22:00:00,2017-12-21,Oracle,416.0,416.0,15.03964757709241,0.0,333.10960833903914,347.3774708039926,431.0396475770924,431.0396475770924
2017-12-21 23:00:00,2017-12-21,Oracle,411.0,411.0,20.03964757709241,0.0,347.3774708039926,366.3887497591986,431.0396475770924,431.0396475770924
2017-12-22 00:00:00,2017-12-22,Oracle,409.0,409.0,3.928888888888741,0.0,366.3887497591986,370.1160210279836,412.92888888888876,412.92888888888876
2017-12-22 01:00:00,2017-12-22,Oracle,405.0,405.0,7.928888888888764,0.0,370.1160210279836,377.6380254889743,412.92888888888876,412.92888888888876
2017-12-22 02:00:00,2017-12-22,Oracle,403.0,403.0,9.928888888888764,0.0,377.6380254889743,387.05739654606236,412.92888888888876,412.92888888888876
2017-12-22 03:00:00,2017-12-22,Oracle,403.0,403.0,9.928888888888764,0.0,387.05739654606236,396.47676760315045,412.92888888888876,412.92888888888876
2017-12-22 04:00:00,2017-12-22,Oracle,405.0,405.0,7.928888888888764,0.0,396.47676760315045,403.99877206413754,412.92888888888876,412.92888888888876
2017-12-22 05:00:00,2017-12-22,Oracle,402.0,402.0,10.928888888888764,0.0,403.99877206413754,414.36682641927615,412.92888888888876,412.92888888888876
2017-12-22 06:00:00,2017-12-22,Oracle,405.0,405.0,7.928888888888764,0.0,414.36682641927615,421.8888308802632,412.92888888888876,412.92888888888876
2017-12-22 07:00:00,2017-12-22,Oracle,405.0,405.0,7.928888888888764,0.0,421.8888308802632,429.4108353412503,412.92888888888876,412.92888888888876
2017-12-22 08:00:00,2017-12-22,Oracle,427.0,427.0,0.0,14.071111111111236,429.4108353412503,414.57858190111165,412.92888888888876,412.92888888888876
2017-12-22 09:00:00,2017-12-22,Oracle,409.0,409.0,3.928888888888764,0.0,414.57858190111165,418.3058531698962,412.92888888888876,412.92888888888876
2017-12-22 10:00:00,2017-12-22,Oracle,436.0,436.0,0.0,23.071111111111236,418.3058531698962,393.98676674925355,412.92888888888876,412.92888888888876
2017-12-22 11:00:00,2017-12-22,Oracle,444.0,444.0,0.0,31.071111111111236,393.98676674925355,361.2349399014947,412.92888888888876,412.92888888888876
2017-12-22 12:00:00,2017-12-22,Oracle,440.0,440.0,0.0,27.071111111111236,361.2349399014947,332.69948326729354,412.92888888888876,412.92888888888876
2017-12-22 13:00:00,2017-12-22,Oracle,425.0,425.0,0.0,12.071111111111236,332.69948326729354,319.97541493393464,412.92888888888876,412.92888888888876
2017-12-22 14:00:00,2017-12-22,Oracle,431.0,431.0,0.0,18.071111111111236,319.97541493393464,300.9267912802379,412.92888888888876,412.92888888888876
2017-12-22 15:00:00,2017-12-22,Oracle,426.0,426.0,0.0,13.071111111111236,300.9267912802379,287.1486303934894,412.92888888888876,412.92888888888876
2017-12-22 16:00:00,2017-12-22,Oracle,423.0,423.0,0.0,10.071111111111236,287.1486303934894,276.53274716690885,412.92888888888876,412.92888888888876
2017-12-22 17:00:00,2017-12-22,Oracle,420.0,420.0,0.0,7.071111111111236,276.53274716690885,269.0791416004977,412.92888888888876,412.92888888888876
2017-12-22 18:00:00,2017-12-22,Oracle,410.0,410.0,2.928888888888764,0.0,269.0791416004977,271.8577295712321,412.92888888888876,412.92888888888876
2017-12-22 19:00:00,2017-12-22,Oracle,399.0,399.0,13.928888888888764,0.0,271.8577295712321,285.0718338205222,412.92888888888876,412.92888888888876
2017-12-22 20:00:00,2017-12-22,Oracle,395.0,395.0,17.928888888888764,0.0,285.0718338205222,302.08067126201445,412.92888888888876,412.92888888888876
2017-12-22 21:00:00,2017-12-22,Oracle,393.0,393.0,19.928888888888764,0.0,302.08067126201445,320.9868752996081,412.92888888888876,412.92888888888876
2017-12-22 22:00:00,2017-12-22,Oracle,389.0,389.0,23.928888888888764,0.0,320.9868752996081,343.68781252940335,412.92888888888876,412.92888888888876
2017-12-22 23:00:00,2017-12-22,Oracle,389.0,389.0,23.928888888888764,0.0,343.68781252940335,366.3887497591986,412.92888888888876,412.92888888888876
2017-12-23 00:00:00,2017-12-23,Oracle,389.0,389.0,2.1409691629955008,0.0,366.3887497591986,368.41985144577365,391.1409691629955,391.1409691629955
2017-12-23 01:00:00,2017-12-23,Oracle,387.0,387.0,4.140969162995475,0.0,368.41985144577365,372.34831972844967,391.1409691629955,391.1409691629955
2017-12-23 02:00:00,2017-12-23,Oracle,385.0,385.0,6.140969162995475,0.0,372.34831972844967,378.1741546072267,391.1409691629955,391.1409691629955
2017-12-23 03:00:00,2017-12-23,Oracle,386.0,386.0,5.140969162995475,0.0,378.1741546072267,383.05130618795675,391.1409691629955,391.1409691629955
2017-12-23 04:00:00,2017-12-23,Oracle,385.0,385.0,6.140969162995475,0.0,383.05130618795675,388.8771410667338,391.1409691629955,391.1409691629955
2017-12-23 05:00:00,2017-12-23,Oracle,384.0,384.0,7.140969162995475,0.0,388.8771410667338,395.65165924356137,391.1409691629955,391.1409691629955
2017-12-23 06:00:00,2017-12-23,Oracle,385.0,385.0,6.140969162995475,0.0,395.65165924356137,401.47749412233844,391.1409691629955,391.1409691629955
2017-12-23 07:00:00,2017-12-23,Oracle,387.0,387.0,4.140969162995475,0.0,401.47749412233844,405.40596240501446,391.1409691629955,391.1409691629955
2017-12-23 08:00:00,2017-12-23,Oracle,382.0,382.0,9.140969162995475,0.0,405.40596240501446,414.07784717794306,391.1409691629955,391.1409691629955
2017-12-23 09:00:00,2017-12-23,Oracle,389.0,389.0,2.140969162995475,0.0,414.07784717794306,416.108948864518,391.1409691629955,391.1409691629955
2017-12-23 10:00:00,2017-12-23,Oracle,385.0,385.0,6.140969162995475,0.0,416.108948864518,421.9347837432951,391.1409691629955,391.1409691629955
2017-12-23 11:00:00,2017-12-23,Oracle,388.0,388.0,3.140969162995475,0.0,421.9347837432951,424.9145687279206,391.1409691629955,391.1409691629955
2017-12-23 12:00:00,2017-12-23,Oracle,394.0,394.0,0.0,2.859030837004525,424.9145687279206,421.90088561272387,391.1409691629955,391.1409691629955
2017-12-23 13:00:00,2017-12-23,Oracle,396.0,396.0,0.0,4.859030837004525,421.90088561272387,416.77901739074696,391.1409691629955,391.1409691629955
2017-12-23 14:00:00,2017-12-23,Oracle,395.0,395.0,0.0,3.859030837004525,416.77901739074696,412.71124172216014,391.1409691629955,391.1409691629955
2017-12-23 15:00:00,2017-12-23,Oracle,399.0,399.0,0.0,7.859030837004525,412.71124172216014,404.4270958400157,391.1409691629955,391.1409691629955
2017-12-23 16:00:00,2017-12-23,Oracle,399.0,399.0,0.0,7.859030837004525,404.4270958400157,396.14294995787077,391.1409691629955,391.1409691629955
2017-12-23 17:00:00,2017-12-23,Oracle,400.0,400.0,0.0,8.859030837004525,396.14294995787077,386.8047115223367,391.1409691629955,391.1409691629955
2017-12-23 18:00:00,2017-12-23,Oracle,399.0,399.0,0.0,7.859030837004525,386.8047115223367,378.5205656401922,391.1409691629955,391.1409691629955
2017-12-23 19:00:00,2017-12-23,Oracle,398.0,398.0,0.0,6.859030837004525,378.5205656401922,371.29051231143694,391.1409691629955,391.1409691629955
2017-12-23 20:00:00,2017-12-23,Oracle,396.0,396.0,0.0,4.859030837004525,371.29051231143694,366.1686440894605,391.1409691629955,391.1409691629955
2017-12-23 21:00:00,2017-12-23,Oracle,389.0,389.0,2.140969162995475,0.0,366.1686440894605,368.19974577603534,391.1409691629955,391.1409691629955
2017-12-23 22:00:00,2017-12-23,Oracle,392.0,392.0,0.0,0.859030837004525,368.19974577603534,367.294247767617,391.1409691629955,391.1409691629955
2017-12-23 23:00:00,2017-12-23,Oracle,392.0,392.0,0.0,0.859030837004525,367.294247767617,366.3887497591986,391.1409691629955,391.1409691629955
2017-12-24 00:00:00,2017-12-24,Oracle,391.0,391.0,0.0,1.1666666666666856,366.3887497591986,365.1589751135776,389.8333333333333,389.8333333333333
2017-12-24 01:00:00,2017-12-24,Oracle,390.0,390.0,0.0,0.16666666666668561,365.1589751135776,364.983293021346,389.8333333333333,389.8333333333333
2017-12-24 02:00:00,2017-12-24,Oracle,388.0,388.0,1.8333333333333541,0.0,364.983293021346,366.7225457344384,389.83333333333337,389.83333333333337
2017-12-24 03:00:00,2017-12-24,Oracle,390.0,390.0,0.0,0.16666666666668561,366.7225457344384,366.5468636422065,389.8333333333333,389.8333333333333
2017-12-24 04:00:00,2017-12-24,Oracle,387.0,387.0,2.8333333333333144,0.0,366.5468636422065,369.2347996533496,389.8333333333333,389.8333333333333
2017-12-24 05:00:00,2017-12-24,Oracle,386.0,386.0,3.8333333333333144,0.0,369.2347996533496,372.87141896254326,389.8333333333333,389.8333333333333
2017-12-24 06:00:00,2017-12-24,Oracle,387.0,387.0,2.8333333333333144,0.0,372.87141896254326,375.55935497368637,389.8333333333333,389.8333333333333
2017-12-24 07:00:00,2017-12-24,Oracle,385.0,385.0,4.833333333333314,0.0,375.55935497368637,380.144657580932,389.8333333333333,389.8333333333333
2017-12-24 08:00:00,2017-12-24,Oracle,388.0,388.0,1.8333333333333144,0.0,380.144657580932,381.8839102940246,389.8333333333333,389.8333333333333
2017-12-24 09:00:00,2017-12-24,Oracle,389.0,389.0,0.8333333333333144,0.0,381.8839102940246,382.6744797090667,389.8333333333333,389.8333333333333
2017-12-24 10:00:00,2017-12-24,Oracle,387.0,387.0,2.8333333333333144,0.0,382.6744797090667,385.3624157202098,389.8333333333333,389.8333333333333
2017-12-24 11:00:00,2017-12-24,Oracle,387.0,387.0,2.8333333333333144,0.0,385.3624157202098,388.0503517313529,389.8333333333333,389.8333333333333
2017-12-24 12:00:00,2017-12-24,Oracle,389.0,389.0,0.8333333333333144,0.0,388.0503517313529,388.840921146395,389.8333333333333,389.8333333333333
2017-12-24 13:00:00,2017-12-24,Oracle,391.0,391.0,0.0,1.1666666666666856,388.840921146395,387.6111465007739,389.8333333333333,389.8333333333333
2017-12-24 14:00:00,2017-12-24,Oracle,394.0,394.0,0.0,4.166666666666686,387.6111465007739,383.21909419498434,389.8333333333333,389.8333333333333
2017-12-24 15:00:00,2017-12-24,Oracle,392.0,392.0,0.0,2.1666666666666856,383.21909419498434,380.93522699597406,389.8333333333333,389.8333333333333
2017-12-24 16:00:00,2017-12-24,Oracle,393.0,393.0,0.0,3.1666666666666856,380.93522699597406,377.5972672435737,389.8333333333333,389.8333333333333
2017-12-24 17:00:00,2017-12-24,Oracle,394.0,394.0,0.0,4.166666666666686,377.5972672435737,373.20521493778415,389.8333333333333,389.8333333333333
2017-12-24 18:00:00,2017-12-24,Oracle,391.0,391.0,0.0,1.1666666666666856,373.20521493778415,371.97544029216283,389.8333333333333,389.8333333333333
2017-12-24 19:00:00,2017-12-24,Oracle,390.0,390.0,0.0,0.16666666666668561,371.97544029216283,371.7997581999314,389.8333333333333,389.8333333333333
2017-12-24 20:00:00,2017-12-24,Oracle,394.0,394.0,0.0,4.166666666666686,371.7997581999314,367.4077058941418,389.8333333333333,389.8333333333333
2017-12-24 21:00:00,2017-12-24,Oracle,395.0,395.0,0.0,5.166666666666686,367.4077058941418,361.96156103496287,389.8333333333333,389.8333333333333
2017-12-24 22:00:00,2017-12-24,Oracle,388.0,388.0,1.8333333333333144,0.0,361.96156103496287,363.7008137480555,389.8333333333333,389.8333333333333
2017-12-24 23:00:00,2017-12-24,Oracle,387.0,387.0,2.8333333333333144,0.0,363.7008137480555,366.3887497591986,389.8333333333333,389.8333333333333
2017-12-25 00:00:00,2017-12-25,Oracle,387.0,387.0,0.0,1.100877192982523,366.3887497591986,365.22832330787946,385.8991228070175,385.8991228070175
2017-12-25 01:00:00,2017-12-25,Oracle,385.0,385.0,0.8991228070175092,0.0,365.22832330787946,366.08130609779437,385.89912280701753,385.89912280701753
2017-12-25 02:00:00,2017-12-25,Oracle,386.0,386.0,0.0,0.10087719298252296,366.08130609779437,365.9749721998651,385.8991228070175,385.8991228070175
2017-12-25 03:00:00,2017-12-25,Oracle,387.0,387.0,0.0,1.100877192982523,365.9749721998651,364.81454574854524,385.8991228070175,385.8991228070175
2017-12-25 04:00:00,2017-12-25,Oracle,387.0,387.0,0.0,1.100877192982523,364.81454574854524,363.6541192972254,385.8991228070175,385.8991228070175
2017-12-25 05:00:00,2017-12-25,Oracle,385.0,385.0,0.899122807017477,0.0,363.6541192972254,364.5071020871392,385.8991228070175,385.8991228070175
2017-12-25 06:00:00,2017-12-25,Oracle,385.0,385.0,0.899122807017477,0.0,364.5071020871392,365.36008487705294,385.8991228070175,385.8991228070175
2017-12-25 07:00:00,2017-12-25,Oracle,382.0,382.0,3.899122807017477,0.0,365.36008487705294,369.0591175611183,385.8991228070175,385.8991228070175
2017-12-25 08:00:00,2017-12-25,Oracle,384.0,384.0,1.899122807017477,0.0,369.0591175611183,370.86078364908514,385.8991228070175,385.8991228070175
2017-12-25 09:00:00,2017-12-25,Oracle,384.0,384.0,1.899122807017477,0.0,370.86078364908514,372.6624497370494,385.8991228070175,385.8991228070175
2017-12-25 10:00:00,2017-12-25,Oracle,385.0,385.0,0.899122807017477,0.0,372.6624497370494,373.5154325269632,385.8991228070175,385.8991228070175
2017-12-25 11:00:00,2017-12-25,Oracle,385.0,385.0,0.899122807017477,0.0,373.5154325269632,374.36841531687696,385.8991228070175,385.8991228070175
2017-12-25 12:00:00,2017-12-25,Oracle,388.0,388.0,0.0,2.100877192982523,374.36841531687696,372.1538963121684,385.8991228070175,385.8991228070175
2017-12-25 13:00:00,2017-12-25,Oracle,390.0,390.0,0.0,4.100877192982523,372.1538963121684,367.83119220068056,385.8991228070175,385.8991228070175
2017-12-25 14:00:00,2017-12-25,Oracle,389.0,389.0,0.0,3.100877192982523,367.83119220068056,364.5625806425819,385.8991228070175,385.8991228070175
2017-12-25 15:00:00,2017-12-25,Oracle,387.0,387.0,0.0,1.100877192982523,364.5625806425819,363.4021541912625,385.8991228070175,385.8991228070175
2017-12-25 16:00:00,2017-12-25,Oracle,390.0,390.0,0.0,4.100877192982523,363.4021541912625,359.07945007977514,385.8991228070175,385.8991228070175
2017-12-25 17:00:00,2017-12-25,Oracle,390.0,390.0,0.0,4.100877192982523,359.07945007977514,354.7567459682873,385.8991228070175,385.8991228070175
2017-12-25 18:00:00,2017-12-25,Oracle,387.0,387.0,0.0,1.100877192982523,354.7567459682873,353.5963195169679,385.8991228070175,385.8991228070175
2017-12-25 19:00:00,2017-12-25,Oracle,386.0,386.0,0.0,0.10087719298252296,353.5963195169679,353.4899856190384,385.8991228070175,385.8991228070175
2017-12-25 20:00:00,2017-12-25,Oracle,383.0,383.0,2.899122807017477,0.0,353.4899856190384,356.2403350050532,385.8991228070175,385.8991228070175
2017-12-25 21:00:00,2017-12-25,Oracle,383.0,383.0,2.899122807017477,0.0,356.2403350050532,358.990684391068,385.8991228070175,385.8991228070175
2017-12-25 22:00:00,2017-12-25,Oracle,382.0,382.0,3.899122807017477,0.0,358.990684391068,362.6897170751333,385.8991228070175,385.8991228070175
2017-12-25 23:00:00,2017-12-25,Oracle,382.0,382.0,3.899122807017477,0.0,362.6897170751333,366.3887497591986,385.8991228070175,385.8991228070175
2017-12-26 00:00:00,2017-12-26,Oracle,379.0,379.0,9.25221238938046,0.0,366.3887497591986,375.16616912301987,388.2522123893805,388.2522123893805
2017-12-26 01:00:00,2017-12-26,Oracle,382.0,382.0,6.252212389380475,0.0,375.16616912301987,381.09753859268966,388.2522123893805,388.2522123893805
2017-12-26 02:00:00,2017-12-26,Oracle,382.0,382.0,6.252212389380475,0.0,381.09753859268966,387.0289080623594,388.2522123893805,388.2522123893805
2017-12-26 03:00:00,2017-12-26,Oracle,383.0,383.0,5.252212389380475,0.0,387.0289080623594,392.0115942339806,388.2522123893805,388.2522123893805
2017-12-26 04:00:00,2017-12-26,Oracle,381.0,381.0,7.252212389380475,0.0,392.0115942339806,398.89164700170085,388.2522123893805,388.2522123893805
2017-12-26 05:00:00,2017-12-26,Oracle,383.0,383.0,5.252212389380475,0.0,398.89164700170085,403.8743331733201,388.2522123893805,388.2522123893805
2017-12-26 06:00:00,2017-12-26,Oracle,382.0,382.0,6.252212389380475,0.0,403.8743331733201,409.80570264298984,388.2522123893805,388.2522123893805
2017-12-26 07:00:00,2017-12-26,Oracle,381.0,381.0,7.252212389380475,0.0,409.80570264298984,416.6857554107101,388.2522123893805,388.2522123893805
2017-12-26 08:00:00,2017-12-26,Oracle,381.0,381.0,7.252212389380475,0.0,416.6857554107101,423.56580817843036,388.2522123893805,388.2522123893805
2017-12-26 09:00:00,2017-12-26,Oracle,381.0,381.0,7.252212389380475,0.0,423.56580817843036,430.4458609461506,388.2522123893805,388.2522123893805
2017-12-26 10:00:00,2017-12-26,Oracle,385.0,385.0,3.2522123893804746,0.0,430.4458609461506,433.53118052166883,388.2522123893805,388.2522123893805
2017-12-26 11:00:00,2017-12-26,Oracle,392.0,392.0,0.0,3.7477876106195254,433.53118052166883,429.5806655096285,388.2522123893805,388.2522123893805
2017-12-26 12:00:00,2017-12-26,Oracle,393.0,393.0,0.0,4.747787610619525,429.5806655096285,424.57605794420033,388.2522123893805,388.2522123893805
2017-12-26 13:00:00,2017-12-26,Oracle,394.0,394.0,0.0,5.747787610619525,424.57605794420033,418.5173578253821,388.2522123893805,388.2522123893805
2017-12-26 14:00:00,2017-12-26,Oracle,396.0,396.0,0.0,7.747787610619525,418.5173578253821,410.350472599785,388.2522123893805,388.2522123893805
2017-12-26 15:00:00,2017-12-26,Oracle,397.0,397.0,0.0,8.747787610619525,410.350472599785,401.1294948207983,388.2522123893805,388.2522123893805
2017-12-26 16:00:00,2017-12-26,Oracle,399.0,399.0,0.0,10.747787610619525,401.1294948207983,389.8003319350328,388.2522123893805,388.2522123893805
2017-12-26 17:00:00,2017-12-26,Oracle,400.0,400.0,0.0,11.747787610619525,389.8003319350328,377.4170764958776,388.2522123893805,388.2522123893805
2017-12-26 18:00:00,2017-12-26,Oracle,396.0,396.0,0.0,7.747787610619525,377.4170764958776,369.25019127028077,388.2522123893805,388.2522123893805
2017-12-26 19:00:00,2017-12-26,Oracle,396.0,396.0,0.0,7.747787610619525,369.25019127028077,361.08330604468347,388.2522123893805,388.2522123893805
2017-12-26 20:00:00,2017-12-26,Oracle,392.0,392.0,0.0,3.7477876106195254,361.08330604468347,357.13279103264426,388.2522123893805,388.2522123893805
2017-12-26 21:00:00,2017-12-26,Oracle,386.0,386.0,2.2522123893804746,0.0,357.13279103264426,359.2694273101117,388.2522123893805,388.2522123893805
2017-12-26 22:00:00,2017-12-26,Oracle,385.0,385.0,3.2522123893804746,0.0,359.2694273101117,362.3547468856299,388.2522123893805,388.2522123893805
2017-12-26 23:00:00,2017-12-26,Oracle,384.0,384.0,4.252212389380475,0.0,362.3547468856299,366.3887497591986,388.2522123893805,388.2522123893805
2017-12-27 00:00:00,2017-12-27,Oracle,385.0,385.0,17.81659388646284,0.0,366.3887497591986,383.2910548074348,402.81659388646284,402.81659388646284
2017-12-27 01:00:00,2017-12-27,Oracle,386.0,386.0,16.816593886462897,0.0,383.2910548074348,399.24467655762055,402.8165938864629,402.8165938864629
2017-12-27 02:00:00,2017-12-27,Oracle,385.0,385.0,17.816593886462897,0.0,399.24467655762055,416.14698160585675,402.8165938864629,402.8165938864629
2017-12-27 03:00:00,2017-12-27,Oracle,386.0,386.0,16.816593886462897,0.0,416.14698160585675,432.10060335604476,402.8165938864629,402.8165938864629
2017-12-27 04:00:00,2017-12-27,Oracle,384.0,384.0,18.816593886462897,0.0,432.10060335604476,449.95159170233154,402.8165938864629,402.8165938864629
2017-12-27 05:00:00,2017-12-27,Oracle,385.0,385.0,17.816593886462897,0.0,449.95159170233154,466.8538967505678,402.8165938864629,402.8165938864629
2017-12-27 06:00:00,2017-12-27,Oracle,383.0,383.0,19.816593886462897,0.0,466.8538967505678,485.65356839490505,402.8165938864629,402.8165938864629
2017-12-27 07:00:00,2017-12-27,Oracle,386.0,386.0,16.816593886462897,0.0,485.65356839490505,501.6071901450908,402.8165938864629,402.8165938864629
2017-12-27 08:00:00,2017-12-27,Oracle,385.0,385.0,17.816593886462897,0.0,501.6071901450908,518.509495193327,402.8165938864629,402.8165938864629
2017-12-27 09:00:00,2017-12-27,Oracle,389.0,389.0,13.816593886462897,0.0,518.509495193327,531.6170670493611,402.8165938864629,402.8165938864629
2017-12-27 10:00:00,2017-12-27,Oracle,401.0,401.0,1.816593886462897,0.0,531.6170670493611,533.3404393287892,402.8165938864629,402.8165938864629
2017-12-27 11:00:00,2017-12-27,Oracle,407.0,407.0,0.0,4.183406113537103,533.3404393287892,528.9307420967052,402.8165938864629,402.8165938864629
2017-12-27 12:00:00,2017-12-27,Oracle,413.0,413.0,0.0,10.183406113537103,528.9307420967052,518.1964895442843,402.8165938864629,402.8165938864629
2017-12-27 13:00:00,2017-12-27,Oracle,413.0,413.0,0.0,10.183406113537103,518.1964895442843,507.4622369918643,402.8165938864629,402.8165938864629
2017-12-27 14:00:00,2017-12-27,Oracle,424.0,424.0,0.0,21.183406113537103,507.4622369918643,485.13296635215966,402.8165938864629,402.8165938864629
2017-12-27 15:00:00,2017-12-27,Oracle,426.0,426.0,0.0,23.183406113537103,485.13296635215966,460.6955106056771,402.8165938864629,402.8165938864629
2017-12-27 16:00:00,2017-12-27,Oracle,424.0,424.0,0.0,21.183406113537103,460.6955106056771,438.36623996597245,402.8165938864629,402.8165938864629
2017-12-27 17:00:00,2017-12-27,Oracle,426.0,426.0,0.0,23.183406113537103,438.36623996597245,413.928784219489,402.8165938864629,402.8165938864629
2017-12-27 18:00:00,2017-12-27,Oracle,419.0,419.0,0.0,16.183406113537103,413.928784219489,396.8699763467321,402.8165938864629,402.8165938864629
2017-12-27 19:00:00,2017-12-27,Oracle,414.0,414.0,0.0,11.183406113537103,396.8699763467321,385.081631240922,402.8165938864629,402.8165938864629
2017-12-27 20:00:00,2017-12-27,Oracle,412.0,412.0,0.0,9.183406113537103,385.081631240922,375.40147124189116,402.8165938864629,402.8165938864629
2017-12-27 21:00:00,2017-12-27,Oracle,410.0,410.0,0.0,7.183406113537103,375.40147124189116,367.82949634963916,402.8165938864629,402.8165938864629
2017-12-27 22:00:00,2017-12-27,Oracle,404.0,404.0,0.0,1.183406113537103,367.82949634963916,366.5820767777242,402.8165938864629,402.8165938864629
2017-12-27 23:00:00,2017-12-27,Oracle,403.0,403.0,0.0,0.183406113537103,366.5820767777242,366.3887497591986,402.8165938864629,402.8165938864629
2017-12-28 00:00:00,2017-12-28,Oracle,402.0,402.0,9.995614035087664,0.0,366.3887497591986,375.8714218480456,411.99561403508767,411.99561403508767
2017-12-28 01:00:00,2017-12-28,Oracle,402.0,402.0,9.995614035087613,0.0,375.8714218480456,385.3540939368925,411.9956140350876,411.9956140350876
2017-12-28 02:00:00,2017-12-28,Oracle,401.0,401.0,10.995614035087613,0.0,385.3540939368925,395.7854493237899,411.9956140350876,411.9956140350876
2017-12-28 03:00:00,2017-12-28,Oracle,400.0,400.0,11.995614035087613,0.0,395.7854493237899,407.16548800874205,411.9956140350876,411.9956140350876
2017-12-28 04:00:00,2017-12-28,Oracle,400.0,400.0,11.995614035087613,0.0,407.16548800874205,418.54552669369,411.9956140350876,411.9956140350876
2017-12-28 05:00:00,2017-12-28,Oracle,400.0,400.0,11.995614035087613,0.0,418.54552669369,429.925565378638,411.9956140350876,411.9956140350876
2017-12-28 06:00:00,2017-12-28,Oracle,397.0,397.0,14.995614035087613,0.0,429.925565378638,444.1516539577375,411.9956140350876,411.9956140350876
2017-12-28 07:00:00,2017-12-28,Oracle,399.0,399.0,12.995614035087613,0.0,444.1516539577375,456.48037594073594,411.9956140350876,411.9956140350876
2017-12-28 08:00:00,2017-12-28,Oracle,414.0,414.0,0.0,2.0043859649123874,456.48037594073594,454.3675676210032,411.9956140350876,411.9956140350876
2017-12-28 09:00:00,2017-12-28,Oracle,400.0,400.0,11.995614035087613,0.0,454.3675676210032,465.7476063059512,411.9956140350876,411.9956140350876
2017-12-28 10:00:00,2017-12-28,Oracle,414.0,414.0,0.0,2.0043859649123874,465.7476063059512,463.6347979862185,411.9956140350876,411.9956140350876
2017-12-28 11:00:00,2017-12-28,Oracle,420.0,420.0,0.0,8.004385964912387,463.6347979862185,455.19743434614884,411.9956140350876,411.9956140350876
2017-12-28 12:00:00,2017-12-28,Oracle,422.0,422.0,0.0,10.004385964912387,455.19743434614884,444.65188559930084,411.9956140350876,411.9956140350876
2017-12-28 13:00:00,2017-12-28,Oracle,427.0,427.0,0.0,15.004385964912387,444.65188559930084,428.83587408550466,411.9956140350876,411.9956140350876
2017-12-28 14:00:00,2017-12-28,Oracle,426.0,426.0,0.0,14.004385964912387,428.83587408550466,414.07395512509856,411.9956140350876,411.9956140350876
2017-12-28 15:00:00,2017-12-28,Oracle,427.0,427.0,0.0,15.004385964912387,414.07395512509856,398.2579436113033,411.9956140350876,411.9956140350876
2017-12-28 16:00:00,2017-12-28,Oracle,426.0,426.0,0.0,14.004385964912387,398.2579436113033,383.4960246508972,411.9956140350876,411.9956140350876
2017-12-28 17:00:00,2017-12-28,Oracle,427.0,427.0,0.0,15.004385964912387,383.4960246508972,367.680013137101,411.9956140350876,411.9956140350876
2017-12-28 18:00:00,2017-12-28,Oracle,424.0,424.0,0.0,12.004385964912387,367.680013137101,355.0262792834742,411.9956140350876,411.9956140350876
2017-12-28 19:00:00,2017-12-28,Oracle,419.0,419.0,0.0,7.004385964912387,355.0262792834742,347.6430081967944,411.9956140350876,411.9956140350876
2017-12-28 20:00:00,2017-12-28,Oracle,414.0,414.0,0.0,2.0043859649123874,347.6430081967944,345.53019987706193,411.9956140350876,411.9956140350876
2017-12-28 21:00:00,2017-12-28,Oracle,407.0,407.0,4.995614035087613,0.0,345.53019987706193,350.26945547565634,411.9956140350876,411.9956140350876
2017-12-28 22:00:00,2017-12-28,Oracle,403.0,403.0,8.995614035087613,0.0,350.26945547565634,358.80344426645274,411.9956140350876,411.9956140350876
2017-12-28 23:00:00,2017-12-28,Oracle,404.0,404.0,7.995614035087613,0.0,358.80344426645274,366.3887497591986,411.9956140350876,411.9956140350876
2017-12-29 00:00:00,2017-12-29,Oracle,403.0,403.0,7.185840707964507,0.0,366.3887497591986,373.20583682129603,410.18584070796453,410.18584070796453
2017-12-29 01:00:00,2017-12-29,Oracle,399.0,399.0,11.18584070796453,0.0,373.20583682129603,383.8176570755955,410.18584070796453,410.18584070796453
2017-12-29 02:00:00,2017-12-29,Oracle,396.0,396.0,14.18584070796453,0.0,383.8176570755955,397.2755272240465,410.18584070796453,410.18584070796453
2017-12-29 03:00:00,2017-12-29,Oracle,396.0,396.0,14.18584070796453,0.0,397.2755272240465,410.73339737250143,410.18584070796453,410.18584070796453
2017-12-29 04:00:00,2017-12-29,Oracle,397.0,397.0,13.18584070796453,0.0,410.73339737250143,423.24258422290194,410.18584070796453,410.18584070796453
2017-12-29 05:00:00,2017-12-29,Oracle,400.0,400.0,10.18584070796453,0.0,423.24258422290194,432.90572117915093,410.18584070796453,410.18584070796453
2017-12-29 06:00:00,2017-12-29,Oracle,395.0,395.0,15.18584070796453,0.0,432.90572117915093,447.31227462565244,410.18584070796453,410.18584070796453
2017-12-29 07:00:00,2017-12-29,Oracle,397.0,397.0,13.18584070796453,0.0,447.31227462565244,459.82146147605295,410.18584070796453,410.18584070796453
2017-12-29 08:00:00,2017-12-29,Oracle,403.0,403.0,7.18584070796453,0.0,459.82146147605295,466.63854853815036,410.18584070796453,410.18584070796453
2017-12-29 09:00:00,2017-12-29,Oracle,401.0,401.0,9.18584070796453,0.0,466.63854853815036,475.3530021963488,410.18584070796453,410.18584070796453
2017-12-29 10:00:00,2017-12-29,Oracle,411.0,411.0,0.0,0.8141592920354697,475.3530021963488,474.49480294934074,410.18584070796453,410.18584070796453
2017-12-29 11:00:00,2017-12-29,Oracle,418.0,418.0,0.0,7.81415929203547,474.49480294934074,466.257955828607,410.18584070796453,410.18584070796453
2017-12-29 12:00:00,2017-12-29,Oracle,426.0,426.0,0.0,15.81415929203547,466.257955828607,449.5883682807571,410.18584070796453,410.18584070796453
2017-12-29 13:00:00,2017-12-29,Oracle,430.0,430.0,0.0,19.81415929203547,449.5883682807571,428.70241051935045,410.18584070796453,410.18584070796453
2017-12-29 14:00:00,2017-12-29,Oracle,427.0,427.0,0.0,16.81415929203547,428.70241051935045,410.9787304181109,410.18584070796453,410.18584070796453
2017-12-29 15:00:00,2017-12-29,Oracle,426.0,426.0,0.0,15.81415929203547,410.9787304181109,394.30914287026144,410.18584070796453,410.18584070796453
2017-12-29 16:00:00,2017-12-29,Oracle,424.0,424.0,0.0,13.81415929203547,394.30914287026144,379.7477404291908,410.18584070796453,410.18584070796453
2017-12-29 17:00:00,2017-12-29,Oracle,429.0,429.0,0.0,18.81415929203547,379.7477404291908,359.9158752211729,410.18584070796453,410.18584070796453
2017-12-29 18:00:00,2017-12-29,Oracle,420.0,420.0,0.0,9.81415929203547,359.9158752211729,349.57084299366034,410.18584070796453,410.18584070796453
2017-12-29 19:00:00,2017-12-29,Oracle,412.0,412.0,0.0,1.8141592920354697,349.57084299366034,347.6585511932635,410.18584070796453,410.18584070796453
2017-12-29 20:00:00,2017-12-29,Oracle,408.0,408.0,2.1858407079645303,0.0,347.6585511932635,349.73222176510853,410.18584070796453,410.18584070796453
2017-12-29 21:00:00,2017-12-29,Oracle,407.0,407.0,3.1858407079645303,0.0,349.73222176510853,352.7545756350038,410.18584070796453,410.18584070796453
2017-12-29 22:00:00,2017-12-29,Oracle,401.0,401.0,9.18584070796453,0.0,352.7545756350038,361.4690292932022,410.18584070796453,410.18584070796453
2017-12-29 23:00:00,2017-12-29,Oracle,405.0,405.0,5.18584070796453,0.0,361.4690292932022,366.3887497591986,410.18584070796453,410.18584070796453
2017-12-30 00:00:00,2017-12-30,Oracle,403.0,403.0,2.4513274336281943,0.0,366.3887497591986,368.7142831535347,405.4513274336282,405.4513274336282
2017-12-30 01:00:00,2017-12-30,Oracle,405.0,405.0,0.4513274336282507,0.0,368.7142831535347,369.1424499517707,405.45132743362825,405.45132743362825
2017-12-30 02:00:00,2017-12-30,Oracle,403.0,403.0,2.4513274336282507,0.0,369.1424499517707,371.46798334610685,405.45132743362825,405.45132743362825
2017-12-30 03:00:00,2017-12-30,Oracle,404.0,404.0,1.4513274336282507,0.0,371.46798334610685,372.84483344239493,405.45132743362825,405.45132743362825
2017-12-30 04:00:00,2017-12-30,Oracle,403.0,403.0,2.4513274336282507,0.0,372.84483344239493,375.1703668367311,405.45132743362825,405.45132743362825
2017-12-30 05:00:00,2017-12-30,Oracle,403.0,403.0,2.4513274336282507,0.0,375.1703668367311,377.49590023106725,405.45132743362825,405.45132743362825
2017-12-30 06:00:00,2017-12-30,Oracle,400.0,400.0,5.451327433628251,0.0,377.49590023106725,382.66748351955493,405.45132743362825,405.45132743362825
2017-12-30 07:00:00,2017-12-30,Oracle,402.0,402.0,3.4513274336282507,0.0,382.66748351955493,385.9417002119416,405.45132743362825,405.45132743362825
2017-12-30 08:00:00,2017-12-30,Oracle,402.0,402.0,3.4513274336282507,0.0,385.9417002119416,389.21591690432825,405.45132743362825,405.45132743362825
2017-12-30 09:00:00,2017-12-30,Oracle,403.0,403.0,2.4513274336282507,0.0,389.21591690432825,391.5414502986644,405.45132743362825,405.45132743362825
2017-12-30 10:00:00,2017-12-30,Oracle,399.0,399.0,6.451327433628251,0.0,391.5414502986644,397.6617168852026,405.45132743362825,405.45132743362825
2017-12-30 11:00:00,2017-12-30,Oracle,403.0,403.0,2.4513274336282507,0.0,397.6617168852026,399.9872502795388,405.45132743362825,405.45132743362825
2017-12-30 12:00:00,2017-12-30,Oracle,408.0,408.0,0.0,2.5486725663717493,399.9872502795388,397.30071350629714,405.45132743362825,405.45132743362825
2017-12-30 13:00:00,2017-12-30,Oracle,409.0,409.0,0.0,3.5486725663717493,397.30071350629714,393.5600841796677,405.45132743362825,405.45132743362825
2017-12-30 14:00:00,2017-12-30,Oracle,411.0,411.0,0.0,5.548672566371749,393.5600841796677,387.7112697462585,405.45132743362825,405.45132743362825
2017-12-30 15:00:00,2017-12-30,Oracle,411.0,411.0,0.0,5.548672566371749,387.7112697462585,381.86245531284976,405.45132743362825,405.45132743362825
2017-12-30 16:00:00,2017-12-30,Oracle,408.0,408.0,0.0,2.5486725663717493,381.86245531284976,379.17591853960903,405.45132743362825,405.45132743362825
2017-12-30 17:00:00,2017-12-30,Oracle,410.0,410.0,0.0,4.548672566371749,379.17591853960903,374.3811966595895,405.45132743362825,405.45132743362825
2017-12-30 18:00:00,2017-12-30,Oracle,410.0,410.0,0.0,4.548672566371749,374.3811966595895,369.5864747795704,405.45132743362825,405.45132743362825
2017-12-30 19:00:00,2017-12-30,Oracle,408.0,408.0,0.0,2.5486725663717493,369.5864747795704,366.89993800632965,405.45132743362825,405.45132743362825
2017-12-30 20:00:00,2017-12-30,Oracle,407.0,407.0,0.0,1.5486725663717493,366.89993800632965,365.2674937864783,405.45132743362825,405.45132743362825
2017-12-30 21:00:00,2017-12-30,Oracle,407.0,407.0,0.0,1.5486725663717493,365.2674937864783,363.63504956662734,405.45132743362825,405.45132743362825
2017-12-30 22:00:00,2017-12-30,Oracle,404.0,404.0,1.4513274336282507,0.0,363.63504956662734,365.011899662913,405.45132743362825,405.45132743362825
2017-12-30 23:00:00,2017-12-30,Oracle,404.0,404.0,1.4513274336282507,0.0,365.011899662913,366.3887497591986,405.45132743362825,405.45132743362825
2017-12-31 00:00:00,2017-12-31,Oracle,402.0,402.0,0.0,1.796460176991161,366.3887497591986,364.49511446417154,400.20353982300884,400.20353982300884
2017-12-31 01:00:00,2017-12-31,Oracle,401.0,401.0,0.0,0.796460176991161,364.49511446417154,363.6555717225339,400.20353982300884,400.20353982300884
2017-12-31 02:00:00,2017-12-31,Oracle,398.0,398.0,2.2035398230088417,0.0,363.6555717225339,365.74603314921114,400.20353982300884,400.20353982300884
2017-12-31 03:00:00,2017-12-31,Oracle,402.0,402.0,0.0,1.796460176991161,365.74603314921114,363.85239785418435,400.20353982300884,400.20353982300884
2017-12-31 04:00:00,2017-12-31,Oracle,400.0,400.0,0.203539823008839,0.0,363.85239785418435,364.0454926847624,400.20353982300884,400.20353982300884
2017-12-31 05:00:00,2017-12-31,Oracle,401.0,401.0,0.0,0.796460176991161,364.0454926847624,363.2059499431243,400.20353982300884,400.20353982300884
2017-12-31 06:00:00,2017-12-31,Oracle,399.0,399.0,1.203539823008839,0.0,363.2059499431243,364.3477280717525,400.20353982300884,400.20353982300884
2017-12-31 07:00:00,2017-12-31,Oracle,400.0,400.0,0.203539823008839,0.0,364.3477280717525,364.5408229023287,400.20353982300884,400.20353982300884
2017-12-31 08:00:00,2017-12-31,Oracle,402.0,402.0,0.0,1.796460176991161,364.5408229023287,362.647187607301,400.20353982300884,400.20353982300884
2017-12-31 09:00:00,2017-12-31,Oracle,400.0,400.0,0.203539823008839,0.0,362.647187607301,362.84028243787725,400.20353982300884,400.20353982300884
2017-12-31 10:00:00,2017-12-31,Oracle,398.0,398.0,2.203539823008839,0.0,362.84028243787725,364.9307438645549,400.20353982300884,400.20353982300884
2017-12-31 11:00:00,2017-12-31,Oracle,399.0,399.0,1.203539823008839,0.0,364.9307438645549,366.072521993182,400.20353982300884,400.20353982300884
2017-12-31 12:00:00,2017-12-31,Oracle,399.0,399.0,1.203539823008839,0.0,366.072521993182,367.2143001218092,400.20353982300884,400.20353982300884
2017-12-31 13:00:00,2017-12-31,Oracle,401.0,401.0,0.0,0.796460176991161,367.2143001218092,366.3747573801711,400.20353982300884,400.20353982300884
2017-12-31 14:00:00,2017-12-31,Oracle,403.0,403.0,0.0,2.796460176991161,366.3747573801711,363.4270295317551,400.20353982300884,400.20353982300884
2017-12-31 15:00:00,2017-12-31,Oracle,401.0,401.0,0.0,0.796460176991161,363.4270295317551,362.58748679011705,400.20353982300884,400.20353982300884
2017-12-31 16:00:00,2017-12-31,Oracle,402.0,402.0,0.0,1.796460176991161,362.58748679011705,360.6938514950898,400.20353982300884,400.20353982300884
2017-12-31 17:00:00,2017-12-31,Oracle,404.0,404.0,0.0,3.796460176991161,360.6938514950898,356.69203109328373,400.20353982300884,400.20353982300884
2017-12-31 18:00:00,2017-12-31,Oracle,399.0,399.0,1.203539823008839,0.0,356.69203109328373,357.8338092219109,400.20353982300884,400.20353982300884
2017-12-31 19:00:00,2017-12-31,Oracle,400.0,400.0,0.203539823008839,0.0,357.8338092219109,358.0269040524879,400.20353982300884,400.20353982300884
2017-12-31 20:00:00,2017-12-31,Oracle,400.0,400.0,0.203539823008839,0.0,358.0269040524879,358.21999888306453,400.20353982300884,400.20353982300884
2017-12-31 21:00:00,2017-12-31,Oracle,398.0,398.0,2.203539823008839,0.0,358.21999888306453,360.31046030974227,400.20353982300884,400.20353982300884
2017-12-31 22:00:00,2017-12-31,Oracle,397.0,397.0,3.203539823008839,0.0,360.31046030974227,363.3496050344704,400.20353982300884,400.20353982300884
2017-12-31 23:00:00,2017-12-31,Oracle,397.0,397.0,3.203539823008839,0.0,363.3496050344704,366.3887497591986,400.20353982300884,400.20353982300884
