timestamp,date,method,actual_load,forecast_load,charge,discharge,soc_start,soc_end,realized_grid_load,optimized_forecast_grid_load
2017-12-02 00:00:00,2017-12-02,Canonical LightGBM,418.0,414.5396148353089,6.04614106235191,0.0,366.3887497591986,372.12462280270927,424.0461410623519,420.5857558976608
2017-12-02 01:00:00,2017-12-02,Canonical LightGBM,414.0,414.15438292764935,6.431372970011523,0.0,372.12462280270927,378.22595892289274,420.4313729700115,420.5857558976609
2017-12-02 02:00:00,2017-12-02,Canonical LightGBM,412.0,415.6692247488238,4.916531148837066,0.0,378.22595892289274,382.8901899081396,416.91653114883707,420.5857558976609
2017-12-02 03:00:00,2017-12-02,Canonical LightGBM,411.0,409.8783026421879,10.707453255472956,0.0,382.8901899081396,393.0481719762675,421.70745325547296,420.5857558976609
2017-12-02 04:00:00,2017-12-02,Canonical LightGBM,411.0,409.8924440933406,10.693311804320274,0.0,393.0481719762675,403.19273828587257,421.6933118043203,420.5857558976609
2017-12-02 05:00:00,2017-12-02,Canonical LightGBM,409.0,409.6717491269976,10.914006770663264,0.0,403.19273828587257,413.54667422401104,419.91400677066326,420.5857558976609
2017-12-02 06:00:00,2017-12-02,Canonical LightGBM,412.0,410.0001640434845,10.585591854176357,0.0,413.54667422401104,423.5890484160477,422.58559185417636,420.5857558976609
2017-12-02 07:00:00,2017-12-02,Canonical LightGBM,410.0,408.7837836709561,11.801972226704777,0.0,423.5890484160477,434.78538235157856,421.8019722267048,420.5857558976609
2017-12-02 08:00:00,2017-12-02,Canonical LightGBM,409.0,410.7468041460516,9.838951751609272,0.0,434.78538235157856,444.11943154865514,418.8389517516093,420.5857558976609
2017-12-02 09:00:00,2017-12-02,Canonical LightGBM,408.0,415.7648466231416,4.820909274519295,0.0,444.11943154865514,448.6929476588084,412.8209092745193,420.5857558976609
2017-12-02 10:00:00,2017-12-02,Canonical LightGBM,417.0,419.862828449441,0.7229274482198775,0.0,448.6929476588084,449.37877685463627,417.7229274482199,420.5857558976609
2017-12-02 11:00:00,2017-12-02,Canonical LightGBM,421.0,425.9390253979571,0.0,5.353269500296221,449.37877685463627,443.7359353380871,415.6467304997038,420.5857558976609
2017-12-02 12:00:00,2017-12-02,Canonical LightGBM,418.0,427.6438763712991,0.0,7.058120473638212,443.7359353380871,436.2960231058996,410.9418795263618,420.5857558976609
2017-12-02 13:00:00,2017-12-02,Canonical LightGBM,420.0,429.73971749932593,0.0,9.15396160166506,436.2960231058996,426.6469003475713,410.84603839833494,420.5857558976609
2017-12-02 14:00:00,2017-12-02,Canonical LightGBM,425.0,432.4875411923853,0.0,11.901785294724448,426.6469003475713,414.1013170963611,413.09821470527555,420.5857558976609
2017-12-02 15:00:00,2017-12-02,Canonical LightGBM,424.0,432.2658400087406,0.0,11.680084111079736,414.1013170963611,401.7894274119094,412.31991588892026,420.5857558976609
2017-12-02 16:00:00,2017-12-02,Canonical LightGBM,426.0,433.5523570246372,0.0,12.966601126976343,401.7894274119094,388.12142972119227,413.03339887302366,420.5857558976609
2017-12-02 17:00:00,2017-12-02,Canonical LightGBM,423.0,432.796753586006,0.0,12.210997688345117,388.12142972119227,375.24990798845147,410.7890023116549,420.5857558976609
2017-12-02 18:00:00,2017-12-02,Canonical LightGBM,423.0,428.7120635765334,0.0,8.126307678872536,375.24990798845147,366.6840275776008,414.87369232112746,420.5857558976609
2017-12-02 19:00:00,2017-12-02,Canonical LightGBM,419.0,425.0084352081505,0.0,4.422679310489627,366.6840275776008,362.022114250384,414.5773206895104,420.5857558976609
2017-12-02 20:00:00,2017-12-02,Canonical LightGBM,416.0,424.95299365956936,0.0,4.367237761908484,362.022114250384,357.4186414466751,411.6327622380915,420.5857558976609
2017-12-02 21:00:00,2017-12-02,Canonical LightGBM,416.0,419.96892566694873,0.6168302307121394,0.0,357.4186414466751,358.00381798428407,416.61683023071214,420.5857558976609
2017-12-02 22:00:00,2017-12-02,Canonical LightGBM,409.0,418.1298000891656,2.4559558084952755,0.0,358.00381798428407,360.3337422405537,411.4559558084953,420.5857558976609
2017-12-02 23:00:00,2017-12-02,Canonical LightGBM,407.0,414.2032175615401,6.382538336120774,0.0,360.3337422405537,366.3887497591986,413.3825383361208,420.5857558976609
2017-12-03 00:00:00,2017-12-03,Canonical LightGBM,407.0,416.8239869434035,0.0,1.2281680748167219,366.3887497591986,365.0941469372236,405.7718319251833,415.5958188685868
2017-12-03 01:00:00,2017-12-03,Canonical LightGBM,408.0,415.6359648179282,0.0,0.04014594934142224,365.0941469372236,365.05182939097415,407.9598540506586,415.5958188685868
2017-12-03 02:00:00,2017-12-03,Canonical LightGBM,411.0,417.6152095104105,0.0,2.0193906418237475,365.05182939097415,362.92320475304336,408.98060935817625,415.5958188685868
2017-12-03 03:00:00,2017-12-03,Canonical LightGBM,410.0,411.1107535937206,4.4850652748661695,0.0,362.92320475304336,367.1781112699771,414.48506527486614,415.5958188685867
2017-12-03 04:00:00,2017-12-03,Canonical LightGBM,413.0,409.7361015414996,5.859717327087196,0.0,367.1781112699771,372.7371272294819,418.8597173270872,415.5958188685868
2017-12-03 05:00:00,2017-12-03,Canonical LightGBM,410.0,409.509434510606,6.086384357980762,0.0,372.7371272294819,378.5111784154142,416.08638435798076,415.5958188685868
2017-12-03 06:00:00,2017-12-03,Canonical LightGBM,411.0,408.34085894792463,7.254959920662145,0.0,378.5111784154142,385.39383772017226,418.25495992066215,415.5958188685868
2017-12-03 07:00:00,2017-12-03,Canonical LightGBM,410.0,408.566335982754,7.029482885832749,0.0,385.39383772017226,392.06259072789373,417.02948288583275,415.5958188685868
2017-12-03 08:00:00,2017-12-03,Canonical LightGBM,409.0,408.0661022548712,7.52971661371555,0.0,392.06259072789373,399.2059071183791,416.52971661371555,415.5958188685868
2017-12-03 09:00:00,2017-12-03,Canonical LightGBM,411.0,408.4478444594147,7.147974409172093,0.0,399.2059071183791,405.9870710552532,418.1479744091721,415.5958188685868
2017-12-03 10:00:00,2017-12-03,Canonical LightGBM,413.0,409.7069468920627,5.888871976524058,0.0,405.9870710552532,411.5737455437393,418.88887197652406,415.5958188685868
2017-12-03 11:00:00,2017-12-03,Canonical LightGBM,414.0,416.1535397266557,0.0,0.557720858068933,411.5737455437393,410.9858561403789,413.44227914193107,415.5958188685868
2017-12-03 12:00:00,2017-12-03,Canonical LightGBM,419.0,416.07770083117214,0.0,0.4818819625853621,410.9858561403789,410.477907952004,418.51811803741464,415.5958188685868
2017-12-03 13:00:00,2017-12-03,Canonical LightGBM,420.0,418.436069248978,0.0,2.8402503803912396,410.477907952004,407.4840211762721,417.15974961960876,415.5958188685868
2017-12-03 14:00:00,2017-12-03,Canonical LightGBM,424.0,423.37852314150393,0.0,7.782704272917158,407.4840211762721,399.2803305569573,416.21729572708284,415.5958188685868
2017-12-03 15:00:00,2017-12-03,Canonical LightGBM,432.0,424.1445099146194,0.0,8.548691046032616,399.2803305569573,390.2692189841073,423.4513089539674,415.5958188685868
2017-12-03 16:00:00,2017-12-03,Canonical LightGBM,431.0,425.2198795943912,0.0,9.62406072580444,390.2692189841073,380.1245682396684,421.37593927419556,415.5958188685868
2017-12-03 17:00:00,2017-12-03,Canonical LightGBM,430.0,422.4562099406835,0.0,6.860391072096718,380.1245682396684,372.89308109723197,423.1396089279033,415.5958188685868
2017-12-03 18:00:00,2017-12-03,Canonical LightGBM,427.0,422.0151312410727,0.0,6.419312372485933,372.89308109723197,366.12653172751334,420.58068762751407,415.5958188685868
2017-12-03 19:00:00,2017-12-03,Canonical LightGBM,429.0,419.2942449918167,0.0,3.698426123229922,366.12653172751334,362.22804829175607,425.3015738767701,415.5958188685868
2017-12-03 20:00:00,2017-12-03,Canonical LightGBM,424.0,415.4549192515162,0.14089961707060183,0.0,362.22804829175607,362.3617174051726,424.1408996170706,415.5958188685868
2017-12-03 21:00:00,2017-12-03,Canonical LightGBM,418.0,415.2707616114857,0.32505725710109346,0.0,362.3617174051726,362.6700937958946,418.3250572571011,415.5958188685868
2017-12-03 22:00:00,2017-12-03,Canonical LightGBM,420.0,415.0455526442678,0.5502662243189889,0.0,362.6700937958946,363.1921221723873,420.550266224319,415.5958188685868
2017-12-03 23:00:00,2017-12-03,Canonical LightGBM,418.0,412.2262775333697,3.369541335217093,0.0,363.1921221723873,366.3887497591986,421.3695413352171,415.5958188685868
2017-12-04 00:00:00,2017-12-04,Canonical LightGBM,413.0,412.1637511156879,25.634264991501595,0.0,366.3887497591986,390.7075488144372,438.6342649915016,437.7980161071895
2017-12-04 01:00:00,2017-12-04,Canonical LightGBM,412.0,413.94456330637615,23.853452800813386,0.0,390.7075488144372,413.3369210874051,435.8534528008134,437.79801610718954
2017-12-04 02:00:00,2017-12-04,Canonical LightGBM,412.0,413.1171778931893,24.680838214000232,0.0,413.3369210874051,436.75122008291396,436.68083821400023,437.79801610718954
2017-12-04 03:00:00,2017-12-04,Canonical LightGBM,404.0,410.4454887614973,27.352527345692238,0.0,436.75122008291396,462.7001059352464,431.35252734569224,437.79801610718954
2017-12-04 04:00:00,2017-12-04,Canonical LightGBM,396.0,409.3491665671377,28.448849540051867,0.0,462.7001059352464,489.68905434264565,424.44884954005187,437.79801610718954
2017-12-04 05:00:00,2017-12-04,Canonical LightGBM,394.0,411.0501361576551,26.747879949534422,0.0,489.68905434264565,515.0643213090292,420.7478799495344,437.79801610718954
2017-12-04 06:00:00,2017-12-04,Canonical LightGBM,398.0,410.1424252108376,27.655590896351953,0.0,515.0643213090292,541.3007184901161,425.65559089635195,437.79801610718954
2017-12-04 07:00:00,2017-12-04,Canonical LightGBM,403.0,415.10991448564806,22.688101621541477,0.0,541.3007184901161,562.8245415629452,425.6881016215415,437.79801610718954
2017-12-04 08:00:00,2017-12-04,Canonical LightGBM,407.0,417.573580122375,20.224435984814534,0.0,562.8245415629452,582.0111261942307,427.22443598481453,437.79801610718954
2017-12-04 09:00:00,2017-12-04,Canonical LightGBM,415.0,426.156525005333,11.641491101856559,0.0,582.0111261942307,593.0552143669656,426.64149110185656,437.79801610718954
2017-12-04 10:00:00,2017-12-04,Canonical LightGBM,435.0,450.4044578551431,0.0,12.606441747953568,593.0552143669656,579.7668579957099,422.39355825204643,437.79801610718954
2017-12-04 11:00:00,2017-12-04,Canonical LightGBM,447.0,458.9785455104357,0.0,21.18052940324617,579.7668579957099,557.4406196749014,425.81947059675383,437.79801610718954
2017-12-04 12:00:00,2017-12-04,Canonical LightGBM,457.0,464.246988296558,0.0,26.448972189368476,557.4406196749014,529.5609550452828,430.5510278106315,437.79801610718954
2017-12-04 13:00:00,2017-12-04,Canonical LightGBM,462.0,462.3774167084071,0.0,24.57940060121757,529.5609550452828,503.65199190476324,437.42059939878243,437.79801610718954
2017-12-04 14:00:00,2017-12-04,Canonical LightGBM,463.0,467.0678504811986,0.0,29.269834374009065,503.65199190476324,472.79887745217684,433.73016562599094,437.79801610718954
2017-12-04 15:00:00,2017-12-04,Canonical LightGBM,463.0,474.8389386577113,0.0,37.04092255052177,472.79887745217684,433.7543168209959,425.95907744947823,437.79801610718954
2017-12-04 16:00:00,2017-12-04,Canonical LightGBM,462.0,473.7287402121849,0.0,35.93072410499536,433.7543168209959,395.88000810402855,426.06927589500464,437.79801610718954
2017-12-04 17:00:00,2017-12-04,Canonical LightGBM,465.0,467.4426355763508,0.0,29.644619469161285,395.88000810402855,364.6318354735213,435.3553805308387,437.79801610718954
2017-12-04 18:00:00,2017-12-04,Canonical LightGBM,460.0,453.3573549602149,0.0,15.559338853025338,364.6318354735213,348.2308522528838,444.44066114697466,437.79801610718954
2017-12-04 19:00:00,2017-12-04,Canonical LightGBM,450.0,446.39969651535887,0.0,8.60168040816933,348.2308522528838,339.16388498799665,441.39831959183067,437.79801610718954
2017-12-04 20:00:00,2017-12-04,Canonical LightGBM,442.0,437.7324414853685,0.06557462182104246,0.0,339.16388498799665,339.22609453649443,442.06557462182104,437.79801610718954
2017-12-04 21:00:00,2017-12-04,Canonical LightGBM,437.0,431.4459492704401,6.3520668367494295,0.0,339.22609453649443,345.252194252619,443.35206683674943,437.79801610718954
2017-12-04 22:00:00,2017-12-04,Canonical LightGBM,435.0,428.5612130096458,9.236803097543714,0.0,345.252194252619,354.0149950786399,444.2368030975437,437.79801610718954
2017-12-04 23:00:00,2017-12-04,Canonical LightGBM,432.0,424.7549334409446,13.043082666244914,0.0,354.0149950786399,366.3887497591986,445.0430826662449,437.79801610718954
2017-12-05 00:00:00,2017-12-05,Canonical LightGBM,428.0,418.8114664115757,23.22385682208545,0.0,366.3887497591986,388.4208348426276,451.22385682208545,442.03532323366113
2017-12-05 01:00:00,2017-12-05,Canonical LightGBM,427.0,417.0368654371273,24.9984577965339,0.0,388.4208348426276,412.1364542312185,451.9984577965339,442.0353232336612
2017-12-05 02:00:00,2017-12-05,Canonical LightGBM,421.0,419.9597856792468,22.07553755441438,0.0,412.1364542312185,433.0791480045791,443.0755375544144,442.0353232336612
2017-12-05 03:00:00,2017-12-05,Canonical LightGBM,418.0,417.30899639873775,24.72632683492344,0.0,433.0791480045791,456.53660129500895,442.72632683492344,442.0353232336612
2017-12-05 04:00:00,2017-12-05,Canonical LightGBM,412.0,419.1633548254102,22.871968408251007,0.0,456.53660129500895,478.2348557174555,434.871968408251,442.0353232336612
2017-12-05 05:00:00,2017-12-05,Canonical LightGBM,415.0,414.3474191962174,27.687904037443786,0.0,478.2348557174555,504.50190783580547,442.6879040374438,442.0353232336612
2017-12-05 06:00:00,2017-12-05,Canonical LightGBM,409.0,419.9556935435813,22.079629690079912,0.0,504.50190783580547,525.4484837499258,431.0796296900799,442.0353232336612
2017-12-05 07:00:00,2017-12-05,Canonical LightGBM,415.0,417.5900515910654,24.4452716425958,0.0,525.4484837499258,548.6393046735639,439.4452716425958,442.0353232336612
2017-12-05 08:00:00,2017-12-05,Canonical LightGBM,415.0,422.5647716108495,19.470551622811684,0.0,548.6393046735639,567.110691801955,434.4705516228117,442.0353232336612
2017-12-05 09:00:00,2017-12-05,Canonical LightGBM,437.0,430.5760550267058,11.459268206955414,0.0,567.110691801955,577.9819081577743,448.4592682069554,442.0353232336612
2017-12-05 10:00:00,2017-12-05,Canonical LightGBM,444.0,453.657982841321,0.0,11.622659607659784,577.9819081577743,565.7305492147598,432.3773403923402,442.0353232336612
2017-12-05 11:00:00,2017-12-05,Canonical LightGBM,459.0,467.0288513548383,0.0,24.99352812117712,565.7305492147598,539.3850573392965,434.0064718788229,442.0353232336612
2017-12-05 12:00:00,2017-12-05,Canonical LightGBM,465.0,470.4134853219519,0.0,28.378162088290708,539.3850573392965,509.4718480031497,436.6218379117093,442.0353232336612
2017-12-05 13:00:00,2017-12-05,Canonical LightGBM,469.0,469.3481760598856,0.0,27.3128528262244,509.4718480031497,480.68157322720435,441.6871471737756,442.0353232336612
2017-12-05 14:00:00,2017-12-05,Canonical LightGBM,467.0,470.18214995129847,0.0,28.146826717637282,480.68157322720435,451.0122127825989,438.8531732823627,442.0353232336612
2017-12-05 15:00:00,2017-12-05,Canonical LightGBM,468.0,468.9813527446556,0.0,26.946029510994435,451.0122127825989,422.6086037316463,441.05397048900556,442.0353232336612
2017-12-05 16:00:00,2017-12-05,Canonical LightGBM,470.0,466.96444013196543,0.0,24.929116898304244,422.6086037316463,396.33100724656833,445.07088310169576,442.0353232336612
2017-12-05 17:00:00,2017-12-05,Canonical LightGBM,471.0,466.2483106927975,0.0,24.212987459136286,396.33100724656833,370.8082774705799,446.7870125408637,442.0353232336612
2017-12-05 18:00:00,2017-12-05,Canonical LightGBM,466.0,460.0889773377879,0.0,18.053654104126736,370.8082774705799,351.77805511795077,447.94634589587326,442.0353232336612
2017-12-05 19:00:00,2017-12-05,Canonical LightGBM,451.0,452.86038527630654,0.0,10.825062042645357,351.77805511795077,340.36743782881945,440.17493795735464,442.0353232336612
2017-12-05 20:00:00,2017-12-05,Canonical LightGBM,445.0,440.6208287315447,1.4144945021164972,0.0,340.36743782881945,341.7093451381618,446.4144945021165,442.0353232336612
2017-12-05 21:00:00,2017-12-05,Canonical LightGBM,435.0,434.1748477400637,7.860475493597505,0.0,341.7093451381618,349.166446953673,442.8604754935975,442.0353232336612
2017-12-05 22:00:00,2017-12-05,Canonical LightGBM,427.0,434.22298911027406,7.8123341233871315,0.0,349.166446953673,356.5778778553205,434.81233412338713,442.0353232336612
2017-12-05 23:00:00,2017-12-05,Canonical LightGBM,424.0,431.6937562175254,10.341567016135798,0.0,356.5778778553205,366.3887497591986,434.3415670161358,442.0353232336612
2017-12-06 00:00:00,2017-12-06,Canonical LightGBM,421.0,429.2944135839535,12.219187463054288,0.0,366.3887497591986,377.98088882114644,433.2191874630543,441.5136010470078
2017-12-06 01:00:00,2017-12-06,Canonical LightGBM,422.0,427.7576812973835,13.755919749624354,0.0,377.98088882114644,391.0309001369369,435.75591974962435,441.51360104700785
2017-12-06 02:00:00,2017-12-06,Canonical LightGBM,417.0,423.6492601258243,17.864340921183555,0.0,391.0309001369369,407.9785019995452,434.86434092118355,441.51360104700785
2017-12-06 03:00:00,2017-12-06,Canonical LightGBM,415.0,417.6197288875077,23.893872159500177,0.0,407.9785019995452,430.6462194430169,438.8938721595002,441.51360104700785
2017-12-06 04:00:00,2017-12-06,Canonical LightGBM,416.0,415.147451833011,26.366149213996835,0.0,430.6462194430169,455.6593448362455,442.36614921399683,441.51360104700785
2017-12-06 05:00:00,2017-12-06,Canonical LightGBM,416.0,413.4861749279282,28.027426119079678,0.0,455.6593448362455,482.24849588276174,444.0274261190797,441.51360104700785
2017-12-06 06:00:00,2017-12-06,Canonical LightGBM,415.0,412.7099700635244,28.80363098348346,0.0,482.24849588276174,509.5740195200033,443.80363098348346,441.51360104700785
2017-12-06 07:00:00,2017-12-06,Canonical LightGBM,418.0,414.9660339913516,26.54756705565626,0.0,509.5740195200033,534.759252989581,444.54756705565626,441.51360104700785
2017-12-06 08:00:00,2017-12-06,Canonical LightGBM,428.0,416.9787108070698,24.53489023993808,0.0,534.759252989581,558.0350935797123,452.5348902399381,441.51360104700785
2017-12-06 09:00:00,2017-12-06,Canonical LightGBM,430.0,436.4189568254753,5.094644221532576,0.0,558.0350935797123,562.8682974621897,435.0946442215326,441.51360104700785
2017-12-06 10:00:00,2017-12-06,Canonical LightGBM,450.0,448.68816813597766,0.0,7.174567088969809,562.8682974621897,555.3056397199134,442.8254329110302,441.51360104700785
2017-12-06 11:00:00,2017-12-06,Canonical LightGBM,463.0,462.01205091465584,0.0,20.49844986764799,555.3056397199134,533.6983763583976,442.501550132352,441.51360104700785
2017-12-06 12:00:00,2017-12-06,Canonical LightGBM,468.0,466.481380485518,0.0,24.96777943851015,533.6983763583976,507.3800259775935,443.03222056148985,441.51360104700785
2017-12-06 13:00:00,2017-12-06,Canonical LightGBM,467.0,470.3875985614761,0.0,28.87399751446827,507.3800259775935,476.9441602110064,438.1260024855317,441.51360104700785
2017-12-06 14:00:00,2017-12-06,Canonical LightGBM,472.0,468.2945861796791,0.0,26.78098513267122,476.9441602110064,448.71452321022343,445.2190148673288,441.51360104700785
2017-12-06 15:00:00,2017-12-06,Canonical LightGBM,475.0,467.8468704644532,0.0,26.333269417445365,448.71452321022343,420.9568200108956,448.66673058255464,441.51360104700785
2017-12-06 16:00:00,2017-12-06,Canonical LightGBM,471.0,468.8120935101212,0.0,27.298492463113348,420.9568200108956,392.18168238676935,443.70150753688665,441.51360104700785
2017-12-06 17:00:00,2017-12-06,Canonical LightGBM,468.0,467.790064378805,0.0,26.276463331797174,392.18168238676935,364.4838580593105,441.7235366682028,441.51360104700785
2017-12-06 18:00:00,2017-12-06,Canonical LightGBM,457.0,463.8402363086639,0.0,22.326635261656065,364.4838580593105,340.94951808775613,434.67336473834393,441.51360104700785
2017-12-06 19:00:00,2017-12-06,Canonical LightGBM,449.0,450.7779985710073,0.0,9.264397523999435,340.94951808775613,331.18398564606855,439.73560247600057,441.51360104700785
2017-12-06 20:00:00,2017-12-06,Canonical LightGBM,438.0,440.9872252845382,0.5263757624696268,0.0,331.18398564606855,331.68334954042234,438.5263757624696,441.51360104700785
2017-12-06 21:00:00,2017-12-06,Canonical LightGBM,427.0,433.6082131135917,7.9053879334161365,0.0,331.68334954042234,339.183059037464,434.90538793341614,441.51360104700785
2017-12-06 22:00:00,2017-12-06,Canonical LightGBM,421.0,429.52036780891353,11.99323323809432,0.0,339.183059037464,350.56083910006834,432.9932332380943,441.51360104700785
2017-12-06 23:00:00,2017-12-06,Canonical LightGBM,420.0,424.82951828550495,16.684082761502907,0.0,350.56083910006834,366.3887497591986,436.6840827615029,441.51360104700785
2017-12-07 00:00:00,2017-12-07,Canonical LightGBM,415.0,421.395455202801,15.760633116379333,0.0,366.3887497591986,381.34059916340954,430.7606331163793,437.1560883191803
2017-12-07 01:00:00,2017-12-07,Canonical LightGBM,414.0,420.7725012552477,16.383587063932623,0.0,381.34059916340954,396.8834345731193,430.3835870639326,437.1560883191803
2017-12-07 02:00:00,2017-12-07,Canonical LightGBM,410.0,416.2670883322337,20.8889999869466,0.0,396.8834345731193,416.7004799737151,430.8889999869466,437.1560883191803
2017-12-07 03:00:00,2017-12-07,Canonical LightGBM,409.0,412.1606682526983,24.995420066481984,0.0,416.7004799737151,440.4132175185441,433.995420066482,437.1560883191803
2017-12-07 04:00:00,2017-12-07,Canonical LightGBM,410.0,411.6196112735726,25.536477045607683,0.0,440.4132175185441,464.6392467827627,435.5364770456077,437.1560883191803
2017-12-07 05:00:00,2017-12-07,Canonical LightGBM,409.0,411.5753959378397,25.58069238134061,0.0,464.6392467827627,488.90722239750903,434.5806923813406,437.1560883191803
2017-12-07 06:00:00,2017-12-07,Canonical LightGBM,406.0,411.3679609559954,25.788127363184913,0.0,488.90722239750903,513.3719881149636,431.7881273631849,437.1560883191803
2017-12-07 07:00:00,2017-12-07,Canonical LightGBM,411.0,414.2479879738772,22.908100345303126,0.0,513.3719881149636,535.1045203026179,433.9081003453031,437.1560883191803
2017-12-07 08:00:00,2017-12-07,Canonical LightGBM,423.0,424.2284766205029,12.927611698677424,0.0,535.1045203026179,547.3687296048356,435.9276116986774,437.1560883191803
2017-12-07 09:00:00,2017-12-07,Canonical LightGBM,436.0,432.78702327315176,4.369065046028538,0.0,547.3687296048356,551.5135886420985,440.36906504602854,437.1560883191803
2017-12-07 10:00:00,2017-12-07,Canonical LightGBM,453.0,447.6801819722847,0.0,10.524093653104387,551.5135886420985,540.420219891188,442.4759063468956,437.1560883191803
2017-12-07 11:00:00,2017-12-07,Canonical LightGBM,462.0,456.8182744887899,0.0,19.662186169609583,540.420219891188,519.6944558664454,442.3378138303904,437.1560883191803
2017-12-07 12:00:00,2017-12-07,Canonical LightGBM,470.0,462.7026796698134,0.0,25.546591350633093,519.6944558664454,492.76598415925946,444.4534086493669,437.1560883191803
2017-12-07 13:00:00,2017-12-07,Canonical LightGBM,471.0,462.2327468123967,0.0,25.076658493216428,492.76598415925946,466.3328651776692,445.9233415067836,437.1560883191803
2017-12-07 14:00:00,2017-12-07,Canonical LightGBM,476.0,463.80407552856457,0.0,26.64798720938427,466.3328651776692,438.2434202974391,449.35201279061573,437.1560883191803
2017-12-07 15:00:00,2017-12-07,Canonical LightGBM,483.0,470.3218367419738,0.0,33.16574842279351,438.2434202974391,403.2836518573845,449.8342515772065,437.1560883191803
2017-12-07 16:00:00,2017-12-07,Canonical LightGBM,480.0,466.1931186633743,0.0,29.037030344194022,403.2836518573845,372.67593439902566,450.962969655806,437.1560883191803
2017-12-07 17:00:00,2017-12-07,Canonical LightGBM,474.0,462.51279528703566,0.0,25.35670696785536,372.67593439902566,345.94761840573074,448.64329303214464,437.1560883191803
2017-12-07 18:00:00,2017-12-07,Canonical LightGBM,464.0,452.5802914253671,0.0,15.42420310618678,345.94761840573074,329.68908076953267,448.5757968938132,437.1560883191803
2017-12-07 19:00:00,2017-12-07,Canonical LightGBM,450.0,443.90333273068063,0.0,6.747244411500333,329.68908076953267,322.5768606794718,443.25275558849967,437.1560883191803
2017-12-07 20:00:00,2017-12-07,Canonical LightGBM,437.0,434.9159165204004,2.2401717987798975,0.0,322.5768606794718,324.7020742497384,439.2401717987799,437.1560883191803
2017-12-07 21:00:00,2017-12-07,Canonical LightGBM,433.0,427.4219762619049,9.73411205727541,0.0,324.7020742497384,333.9366637798274,442.7341120572754,437.1560883191803
2017-12-07 22:00:00,2017-12-07,Canonical LightGBM,425.0,421.3293772589577,15.826711060222578,0.0,333.9366637798274,348.951200225732,440.8267110602226,437.1560883191803
2017-12-07 23:00:00,2017-12-07,Canonical LightGBM,423.0,418.7752972065933,18.38079111258702,0.0,348.951200225732,366.3887497591986,441.380791112587,437.1560883191803
2017-12-08 00:00:00,2017-12-08,Canonical LightGBM,420.0,413.9151554931765,21.286534033488337,0.0,366.3887497591986,386.58292907015283,441.28653403348835,435.20168952666484
2017-12-08 01:00:00,2017-12-08,Canonical LightGBM,418.0,412.4636228675907,22.73806665907415,0.0,386.58292907015283,408.1541531395757,440.73806665907415,435.20168952666484
2017-12-08 02:00:00,2017-12-08,Canonical LightGBM,414.0,412.8403596795085,22.361329847156355,0.0,408.1541531395757,429.3679732877714,436.36132984715636,435.20168952666484
2017-12-08 03:00:00,2017-12-08,Canonical LightGBM,412.0,409.1911463127885,26.01054321387636,0.0,429.3679732877714,454.0437412080007,438.01054321387636,435.20168952666484
2017-12-08 04:00:00,2017-12-08,Canonical LightGBM,410.0,410.984324018991,24.217365507673833,0.0,454.0437412080007,477.01835138791546,434.21736550767383,435.20168952666484
2017-12-08 05:00:00,2017-12-08,Canonical LightGBM,413.0,410.5980739693054,24.603615557359433,0.0,477.01835138791546,500.3593905388381,437.60361555735943,435.20168952666484
2017-12-08 06:00:00,2017-12-08,Canonical LightGBM,413.0,414.8597269076829,20.34196261898194,0.0,500.3593905388381,519.6574707250342,433.34196261898194,435.20168952666484
2017-12-08 07:00:00,2017-12-08,Canonical LightGBM,419.0,410.23594058185125,24.965748944813583,0.0,519.6574707250342,543.342059772301,443.9657489448136,435.20168952666484
2017-12-08 08:00:00,2017-12-08,Canonical LightGBM,421.0,414.8106545174545,20.391035009210327,0.0,543.342059772301,562.6866941155022,441.3910350092103,435.20168952666484
2017-12-08 09:00:00,2017-12-08,Canonical LightGBM,443.0,425.2934442257939,9.90824530087093,0.0,562.6866941155022,572.086480945426,452.90824530087093,435.20168952666484
2017-12-08 10:00:00,2017-12-08,Canonical LightGBM,454.0,439.9945855882124,0.0,4.792896061547538,572.086480945426,567.0343248977788,449.20710393845246,435.20168952666484
2017-12-08 11:00:00,2017-12-08,Canonical LightGBM,470.0,456.8520153547118,0.0,21.65032582804696,567.0343248977788,544.2128776639793,448.34967417195304,435.20168952666484
2017-12-08 12:00:00,2017-12-08,Canonical LightGBM,469.0,462.2060089706147,0.0,27.00431944394984,544.2128776639793,515.7478256287613,441.99568055605016,435.20168952666484
2017-12-08 13:00:00,2017-12-08,Canonical LightGBM,473.0,464.0622896546123,0.0,28.860600127947464,515.7478256287613,485.32608194754084,444.13939987205254,435.20168952666484
2017-12-08 14:00:00,2017-12-08,Canonical LightGBM,477.0,466.9496571766677,0.0,31.747967650002863,485.32608194754084,451.86078566242304,445.25203234999714,435.20168952666484
2017-12-08 15:00:00,2017-12-08,Canonical LightGBM,479.0,469.4528734751296,0.0,34.25118394846476,451.86078566242304,415.7568677175732,444.74881605153524,435.20168952666484
2017-12-08 16:00:00,2017-12-08,Canonical LightGBM,483.0,468.4980026512216,0.0,33.296313124556775,415.7568677175732,380.65947199765424,449.7036868754432,435.20168952666484
2017-12-08 17:00:00,2017-12-08,Canonical LightGBM,474.0,464.00142691170174,0.0,28.799737385036906,380.65947199765424,350.30188328051463,445.2002626149631,435.20168952666484
2017-12-08 18:00:00,2017-12-08,Canonical LightGBM,458.0,455.0562149383435,0.0,19.85452541167865,350.30188328051463,329.37337589298204,438.14547458832135,435.20168952666484
2017-12-08 19:00:00,2017-12-08,Canonical LightGBM,444.0,443.49605201027487,0.0,8.29436248361003,329.37337589298204,320.6303501638961,435.70563751638997,435.20168952666484
2017-12-08 20:00:00,2017-12-08,Canonical LightGBM,431.0,431.4917847525989,3.709904774065933,0.0,320.6303501638961,324.14987486041036,434.70990477406593,435.20168952666484
2017-12-08 21:00:00,2017-12-08,Canonical LightGBM,428.0,425.1173050789077,10.084384447757145,0.0,324.14987486041036,333.71676195711785,438.08438444775715,435.20168952666484
2017-12-08 22:00:00,2017-12-08,Canonical LightGBM,424.0,420.3883531014705,14.813336425194336,0.0,333.71676195711785,347.769926812103,438.81333642519434,435.20168952666484
2017-12-08 23:00:00,2017-12-08,Canonical LightGBM,418.0,415.57572690525456,19.62596262141028,0.0,347.769926812103,366.3887497591986,437.6259626214103,435.20168952666484
2017-12-09 00:00:00,2017-12-09,Canonical LightGBM,414.0,415.7113163831957,4.652216032666432,0.0,366.3887497591986,370.8022294083121,418.65221603266644,420.36353241586215
2017-12-09 01:00:00,2017-12-09,Canonical LightGBM,409.0,416.8514766354283,3.5120557804339114,0.0,370.8022294083121,374.1340580690315,412.5120557804339,420.3635324158622
2017-12-09 02:00:00,2017-12-09,Canonical LightGBM,409.0,416.113698298502,4.249834117360194,0.0,374.1340580690315,378.16580471565635,413.2498341173602,420.3635324158622
2017-12-09 03:00:00,2017-12-09,Canonical LightGBM,410.0,413.3707810569847,6.992751358877513,0.0,378.16580471565635,384.7997111372443,416.9927513588775,420.3635324158622
2017-12-09 04:00:00,2017-12-09,Canonical LightGBM,410.0,413.4658570180272,6.89767539783503,0.0,384.7997111372443,391.3434205825443,416.89767539783503,420.3635324158622
2017-12-09 05:00:00,2017-12-09,Canonical LightGBM,409.0,412.6861632229636,7.677369192898595,0.0,391.3434205825443,398.62681250881474,416.6773691928986,420.3635324158622
2017-12-09 06:00:00,2017-12-09,Canonical LightGBM,408.0,411.0958010365284,9.267731379333782,0.0,398.62681250881474,407.41895447920734,417.2677313793338,420.3635324158622
2017-12-09 07:00:00,2017-12-09,Canonical LightGBM,407.0,412.29328600138206,8.070246414480152,0.0,407.41895447920734,415.0750624637767,415.07024641448015,420.3635324158622
2017-12-09 08:00:00,2017-12-09,Canonical LightGBM,406.0,414.3851587811183,5.978373634743889,0.0,415.0750624637767,420.7466456805638,411.9783736347439,420.3635324158622
2017-12-09 09:00:00,2017-12-09,Canonical LightGBM,410.0,416.1965118861381,4.167020529724084,0.0,420.7466456805638,424.69982845974664,414.1670205297241,420.3635324158622
2017-12-09 10:00:00,2017-12-09,Canonical LightGBM,413.0,420.1530298259256,0.21050258993659554,0.0,424.69982845974664,424.8995287510161,413.2105025899366,420.3635324158622
2017-12-09 11:00:00,2017-12-09,Canonical LightGBM,415.0,423.6981356589302,0.0,3.3346032430679884,424.8995287510161,421.3845483039895,411.665396756932,420.3635324158622
2017-12-09 12:00:00,2017-12-09,Canonical LightGBM,421.0,424.5330198279146,0.0,4.169487412052376,421.3845483039895,416.98952267149343,416.8305125879476,420.3635324158622
2017-12-09 13:00:00,2017-12-09,Canonical LightGBM,419.0,427.1622331421517,0.0,6.798700726289496,416.98952267149343,409.82306286318817,412.2012992737105,420.3635324158622
2017-12-09 14:00:00,2017-12-09,Canonical LightGBM,425.0,429.6414826487991,0.0,9.277950232936917,409.82306286318817,400.0432446119312,415.7220497670631,420.3635324158622
2017-12-09 15:00:00,2017-12-09,Canonical LightGBM,431.0,430.036025716916,0.0,9.672493301053805,400.0432446119312,389.84754145058105,421.3275066989462,420.3635324158622
2017-12-09 16:00:00,2017-12-09,Canonical LightGBM,432.0,430.3219434724217,0.0,9.958411056559498,389.84754145058105,379.35045451227006,422.0415889434405,420.3635324158622
2017-12-09 17:00:00,2017-12-09,Canonical LightGBM,430.0,429.5746429777067,0.0,9.211110561844464,379.35045451227006,369.64109146058263,420.78888943815554,420.3635324158622
2017-12-09 18:00:00,2017-12-09,Canonical LightGBM,423.0,427.11989373349934,0.0,6.756361317637129,369.64109146058263,362.51926130765287,416.24363868236287,420.3635324158622
2017-12-09 19:00:00,2017-12-09,Canonical LightGBM,419.0,424.9198986226885,0.0,4.556366206826283,362.51926130765287,357.7164296185217,414.4436337931737,420.3635324158622
2017-12-09 20:00:00,2017-12-09,Canonical LightGBM,416.0,422.0876397165632,0.0,1.7241073007010073,357.7164296185217,355.89906095160836,414.275892699299,420.3635324158622
2017-12-09 21:00:00,2017-12-09,Canonical LightGBM,416.0,418.0520656067099,2.311466809152307,0.0,355.89906095160836,358.09191090744935,418.3114668091523,420.3635324158622
2017-12-09 22:00:00,2017-12-09,Canonical LightGBM,413.0,417.10736401272834,3.25616840313387,0.0,358.09191090744935,361.1809834871423,416.25616840313387,420.3635324158622
2017-12-09 23:00:00,2017-12-09,Canonical LightGBM,417.0,414.8740647686949,5.4894676471673165,0.0,361.1809834871423,366.3887497591986,422.4894676471673,420.3635324158622
2017-12-10 00:00:00,2017-12-10,Canonical LightGBM,413.0,414.0971075446926,2.4352903512138435,0.0,366.3887497591986,368.69906904129874,415.43529035121384,416.53239789590646
2017-12-10 01:00:00,2017-12-10,Canonical LightGBM,409.0,415.9165720891846,0.6158258067218298,0.0,368.69906904129874,369.283292698643,409.61582580672183,416.53239789590646
2017-12-10 02:00:00,2017-12-10,Canonical LightGBM,407.0,416.12195173503073,0.41044616087572194,0.0,369.283292698643,369.67267611621537,407.4104461608757,416.53239789590646
2017-12-10 03:00:00,2017-12-10,Canonical LightGBM,408.0,410.5155251666485,6.016872729257955,0.0,369.67267611621537,375.380782780958,414.01687272925795,416.53239789590646
2017-12-10 04:00:00,2017-12-10,Canonical LightGBM,408.0,412.00503698924166,4.527360906664796,0.0,375.380782780958,379.6758144573577,412.5273609066648,416.53239789590646
2017-12-10 05:00:00,2017-12-10,Canonical LightGBM,406.0,411.6679634665039,4.864434429402536,0.0,379.6758144573577,384.2906221549938,410.86443442940254,416.53239789590646
2017-12-10 06:00:00,2017-12-10,Canonical LightGBM,404.0,410.4708770210531,6.061520874853329,0.0,384.2906221549938,390.0410857697548,410.06152087485333,416.53239789590646
2017-12-10 07:00:00,2017-12-10,Canonical LightGBM,404.0,409.85080867057167,6.68158922533479,0.0,390.0410857697548,396.37979787226413,410.6815892253348,416.53239789590646
2017-12-10 08:00:00,2017-12-10,Canonical LightGBM,406.0,416.3355208388565,0.19687705704996006,0.0,396.37979787226413,396.5665718480568,406.19687705704996,416.53239789590646
2017-12-10 09:00:00,2017-12-10,Canonical LightGBM,408.0,409.7215536938343,6.810844202072133,0.0,396.5665718480568,403.0279059881868,414.81084420207213,416.53239789590646
2017-12-10 10:00:00,2017-12-10,Canonical LightGBM,410.0,411.13630552645066,5.3960923694558005,0.0,403.0279059881868,408.1470886938273,415.3960923694558,416.53239789590646
2017-12-10 11:00:00,2017-12-10,Canonical LightGBM,416.0,412.8210500547882,3.711347841118254,0.0,408.1470886938273,411.667982403952,419.71134784111825,416.53239789590646
2017-12-10 12:00:00,2017-12-10,Canonical LightGBM,419.0,416.5390197586608,0.0,0.0066218627543435105,411.667982403952,411.6610023477333,418.99337813724566,416.53239789590646
2017-12-10 13:00:00,2017-12-10,Canonical LightGBM,418.0,417.385228115743,0.0,0.8528302198365623,411.6610023477333,410.76204036369745,417.14716978016344,416.53239789590646
2017-12-10 14:00:00,2017-12-10,Canonical LightGBM,421.0,421.8038125587191,0.0,5.271414662812617,410.76204036369745,405.20548142179905,415.7285853371874,416.53239789590646
2017-12-10 15:00:00,2017-12-10,Canonical LightGBM,425.0,425.7760792694326,0.0,9.243681373526158,405.20548142179905,395.4617857200601,415.75631862647384,416.53239789590646
2017-12-10 16:00:00,2017-12-10,Canonical LightGBM,429.0,424.7149926682434,0.0,8.182594772336927,395.4617857200601,386.8365735031357,420.8174052276631,416.53239789590646
2017-12-10 17:00:00,2017-12-10,Canonical LightGBM,426.0,429.0847403485219,0.0,12.552342452615449,386.8365735031357,373.6052427962395,413.44765754738455,416.53239789590646
2017-12-10 18:00:00,2017-12-10,Canonical LightGBM,426.0,424.1159016386825,0.0,7.583503742776031,373.6052427962395,365.6115279723781,418.41649625722397,416.53239789590646
2017-12-10 19:00:00,2017-12-10,Canonical LightGBM,427.0,420.8659165520612,0.0,4.333518656154752,365.6115279723781,361.04359822695096,422.66648134384525,416.53239789590646
2017-12-10 20:00:00,2017-12-10,Canonical LightGBM,423.0,417.0637802306897,0.0,0.5313823347832454,361.04359822695096,360.483472064853,422.46861766521675,416.53239789590646
2017-12-10 21:00:00,2017-12-10,Canonical LightGBM,422.0,415.6190657959979,0.9133320999085299,0.0,360.483472064853,361.3499349736098,422.91333209990853,416.53239789590646
2017-12-10 22:00:00,2017-12-10,Canonical LightGBM,421.0,414.2564521755357,2.275945720370771,0.0,361.3499349736098,363.50908666579505,423.27594572037077,416.53239789590646
2017-12-10 23:00:00,2017-12-10,Canonical LightGBM,415.0,413.4969664728793,3.0354314230271484,0.0,363.50908666579505,366.3887497591986,418.03543142302715,416.53239789590646
2017-12-11 00:00:00,2017-12-11,Canonical LightGBM,413.0,413.6475052906867,27.17589721685582,0.0,366.3887497591986,392.1700695583672,440.17589721685584,440.82340250754254
2017-12-11 01:00:00,2017-12-11,Canonical LightGBM,414.0,414.77997966851626,26.04342283902622,0.0,392.1700695583672,416.87702982981864,440.0434228390262,440.8234025075425
2017-12-11 02:00:00,2017-12-11,Canonical LightGBM,409.0,414.2319595891639,26.59144291837856,0.0,416.87702982981864,442.103887597548,435.59144291837856,440.8234025075425
2017-12-11 03:00:00,2017-12-11,Canonical LightGBM,410.0,411.6378695324585,29.18553297508396,0.0,442.103887597548,469.7917152757179,439.18553297508396,440.8234025075425
2017-12-11 04:00:00,2017-12-11,Canonical LightGBM,404.0,411.045044241912,29.77835826563046,0.0,469.7917152757179,498.04194640568596,433.77835826563046,440.8234025075425
2017-12-11 05:00:00,2017-12-11,Canonical LightGBM,405.0,418.0423960620402,22.78100644550227,0.0,498.04194640568596,519.6539067333151,427.78100644550227,440.8234025075425
2017-12-11 06:00:00,2017-12-11,Canonical LightGBM,407.0,412.8762557722687,27.947146735273805,0.0,519.6539067333151,546.1668980692363,434.9471467352738,440.8234025075425
2017-12-11 07:00:00,2017-12-11,Canonical LightGBM,409.0,416.5352084481893,24.288194059353202,0.0,546.1668980692363,569.2087021131543,433.2881940593532,440.8234025075425
2017-12-11 08:00:00,2017-12-11,Canonical LightGBM,416.0,425.66585097933006,15.157551528212423,0.0,569.2087021131543,583.5884180873096,431.1575515282124,440.8234025075425
2017-12-11 09:00:00,2017-12-11,Canonical LightGBM,427.0,432.4444497661701,8.378952741372359,0.0,583.5884180873096,591.5373906082041,435.37895274137236,440.8234025075425
2017-12-11 10:00:00,2017-12-11,Canonical LightGBM,441.0,453.06939476767394,0.0,12.245992260131459,591.5373906082041,578.6289813579342,428.75400773986854,440.8234025075425
2017-12-11 11:00:00,2017-12-11,Canonical LightGBM,462.0,462.4207244227116,0.0,21.59732191516912,578.6289813579342,555.8634051539984,440.4026780848309,440.8234025075425
2017-12-11 12:00:00,2017-12-11,Canonical LightGBM,468.0,467.1684270143255,0.0,26.345024506783034,555.8634051539984,528.0933110025353,441.65497549321697,440.8234025075425
2017-12-11 13:00:00,2017-12-11,Canonical LightGBM,469.0,468.6681196632894,0.0,27.844717155746935,528.0933110025353,498.7424019974269,441.15528284425307,440.8234025075425
2017-12-11 14:00:00,2017-12-11,Canonical LightGBM,469.0,471.0522576575673,0.0,30.2288551500248,498.7424019974269,466.87839088629653,438.7711448499752,440.8234025075425
2017-12-11 15:00:00,2017-12-11,Canonical LightGBM,468.0,474.7188786424855,0.0,33.89547613494301,466.87839088629653,431.14942189886233,434.104523865057,440.8234025075425
2017-12-11 16:00:00,2017-12-11,Canonical LightGBM,467.0,476.8004972690001,0.0,35.977094761457636,431.14942189886233,393.22623421822254,431.02290523854236,440.8234025075425
2017-12-11 17:00:00,2017-12-11,Canonical LightGBM,467.0,471.0273317575114,0.0,30.203929249968894,393.22623421822254,361.3884973127283,436.7960707500311,440.8234025075425
2017-12-11 18:00:00,2017-12-11,Canonical LightGBM,456.0,457.5726631692961,0.0,16.749260661753624,361.3884973127283,343.73322637439423,439.2507393382464,440.8234025075425
2017-12-11 19:00:00,2017-12-11,Canonical LightGBM,451.0,448.96291443312447,0.0,8.139511925581985,343.73322637439423,335.15342746541387,442.860488074418,440.8234025075425
2017-12-11 20:00:00,2017-12-11,Canonical LightGBM,440.0,437.12799428883153,3.695408218710952,0.0,335.15342746541387,338.6591995219835,443.69540821871095,440.8234025075425
2017-12-11 21:00:00,2017-12-11,Canonical LightGBM,428.0,434.5453365149246,6.278065992617883,0.0,338.6591995219835,344.61509587323894,434.2780659926179,440.8234025075425
2017-12-11 22:00:00,2017-12-11,Canonical LightGBM,429.0,432.144377101592,8.679025405950483,0.0,344.61509587323894,352.8487423192203,437.6790254059505,440.8234025075425
2017-12-11 23:00:00,2017-12-11,Canonical LightGBM,419.0,426.55098149222346,14.272421015319026,0.0,352.8487423192203,366.3887497591986,433.272421015319,440.8234025075425
2017-12-12 00:00:00,2017-12-12,Canonical LightGBM,417.0,419.3120857021398,20.392360878112783,0.0,366.3887497591986,385.7346419320829,437.39236087811275,439.7044465802526
2017-12-12 01:00:00,2017-12-12,Canonical LightGBM,415.0,417.8016363793395,21.90281020091311,0.0,385.7346419320829,406.5134721500617,436.9028102009131,439.70444658025264
2017-12-12 02:00:00,2017-12-12,Canonical LightGBM,412.0,416.63823832433206,23.06620825592057,0.0,406.5134721500617,428.3959986718073,435.06620825592057,439.70444658025264
2017-12-12 03:00:00,2017-12-12,Canonical LightGBM,410.0,413.52452036652505,26.179926213727583,0.0,428.3959986718073,453.2324574149661,436.1799262137276,439.70444658025264
2017-12-12 04:00:00,2017-12-12,Canonical LightGBM,408.0,413.2155667500677,26.488879830184942,0.0,453.2324574149661,478.3620152939311,434.48887983018494,439.70444658025264
2017-12-12 05:00:00,2017-12-12,Canonical LightGBM,406.0,412.7570697013082,26.947376878944453,0.0,478.3620152939311,503.9265416652597,432.94737687894445,439.70444658025264
2017-12-12 06:00:00,2017-12-12,Canonical LightGBM,406.0,412.1255235093216,27.578923070931012,0.0,503.9265416652597,530.0902053608734,433.578923070931,439.70444658025264
2017-12-12 07:00:00,2017-12-12,Canonical LightGBM,408.0,415.5458082646856,24.158638315567032,0.0,530.0902053608734,553.0091020344944,432.15863831556703,439.70444658025264
2017-12-12 08:00:00,2017-12-12,Canonical LightGBM,421.0,422.096450191148,17.607996389104642,0.0,553.0091020344944,569.7135141209719,438.60799638910464,439.70444658025264
2017-12-12 09:00:00,2017-12-12,Canonical LightGBM,433.0,437.0259360615993,2.678510518653354,0.0,569.7135141209719,572.2545723136709,435.67851051865335,439.70444658025264
2017-12-12 10:00:00,2017-12-12,Canonical LightGBM,446.0,450.23107238695786,0.0,10.526625806705226,572.2545723136709,561.1585344385057,435.4733741932948,439.70444658025264
2017-12-12 11:00:00,2017-12-12,Canonical LightGBM,459.0,467.7195188832491,0.0,28.015072302996487,561.1585344385057,531.6280553412489,430.9849276970035,439.70444658025264
2017-12-12 12:00:00,2017-12-12,Canonical LightGBM,464.0,469.563696395624,0.0,29.859249815371356,531.6280553412489,500.1536424610704,434.14075018462864,439.70444658025264
2017-12-12 13:00:00,2017-12-12,Canonical LightGBM,468.0,469.82357624069897,0.0,30.119129660446333,500.1536424610704,468.40529217142193,437.88087033955367,439.70444658025264
2017-12-12 14:00:00,2017-12-12,Canonical LightGBM,465.0,469.43251175536005,0.0,29.728065175107417,468.40529217142193,437.06916004366485,435.2719348248926,439.70444658025264
2017-12-12 15:00:00,2017-12-12,Canonical LightGBM,463.0,466.6444523255946,0.0,26.940005745341978,437.06916004366485,408.6719005992304,436.059994254658,439.70444658025264
2017-12-12 16:00:00,2017-12-12,Canonical LightGBM,461.0,465.7438144061409,0.0,26.03936782588829,408.6719005992304,381.22399687899224,434.9606321741117,439.70444658025264
2017-12-12 17:00:00,2017-12-12,Canonical LightGBM,459.0,464.9776535493515,0.0,25.27320696909885,381.22399687899224,354.58369761259473,433.72679303090115,439.70444658025264
2017-12-12 18:00:00,2017-12-12,Canonical LightGBM,456.0,455.5908830218357,0.0,15.886436441583044,354.58369761259473,337.8379232596267,440.11356355841696,439.70444658025264
2017-12-12 19:00:00,2017-12-12,Canonical LightGBM,446.0,448.7411593338026,0.0,9.036712753549978,337.8379232596267,328.3123916389902,436.96328724645,439.70444658025264
2017-12-12 20:00:00,2017-12-12,Canonical LightGBM,436.0,438.508682426224,1.195764154028609,0.0,328.3123916389902,329.4467931203246,437.1957641540286,439.70444658025264
2017-12-12 21:00:00,2017-12-12,Canonical LightGBM,432.0,430.3768517139377,9.32759486631494,0.0,329.4467931203246,338.29572658097925,441.32759486631494,439.70444658025264
2017-12-12 22:00:00,2017-12-12,Canonical LightGBM,429.0,429.16220136132273,10.542245218929907,0.0,338.29572658097925,348.296978544131,439.5422452189299,439.70444658025264
2017-12-12 23:00:00,2017-12-12,Canonical LightGBM,420.0,420.63404526482407,19.07040131542857,0.0,348.296978544131,366.3887497591986,439.07040131542857,439.70444658025264
2017-12-13 00:00:00,2017-12-13,Canonical LightGBM,419.0,416.319999480486,18.695798466533358,0.0,366.3887497591986,384.1251415081172,437.69579846653335,435.01579794701934
2017-12-13 01:00:00,2017-12-13,Canonical LightGBM,409.0,415.1720312155864,19.843766731432993,0.0,384.1251415081172,402.95059157663815,428.843766731433,435.0157979470194
2017-12-13 02:00:00,2017-12-13,Canonical LightGBM,410.0,414.2086177331872,20.80718021383217,0.0,402.95059157663815,422.6900159250278,430.80718021383217,435.0157979470194
2017-12-13 03:00:00,2017-12-13,Canonical LightGBM,409.0,412.8252278781706,22.190570068848785,0.0,422.6900159250278,443.74183912356557,431.1905700688488,435.0157979470194
2017-12-13 04:00:00,2017-12-13,Canonical LightGBM,407.0,410.6872220317263,24.328575915293072,0.0,443.74183912356557,466.8219527597581,431.3285759152931,435.0157979470194
2017-12-13 05:00:00,2017-12-13,Canonical LightGBM,407.0,414.8058428934247,20.209955053594683,0.0,466.8219527597581,485.994799573455,427.2099550535947,435.0157979470194
2017-12-13 06:00:00,2017-12-13,Canonical LightGBM,406.0,414.1024004711964,20.91339747582299,0.0,485.994799573455,505.83499046426,426.913397475823,435.0157979470194
2017-12-13 07:00:00,2017-12-13,Canonical LightGBM,410.0,410.76867158822034,24.24712635879905,0.0,505.83499046426,528.837834266573,434.24712635879905,435.0157979470194
2017-12-13 08:00:00,2017-12-13,Canonical LightGBM,417.0,418.5394357674869,16.476362179532487,0.0,528.837834266573,544.4686838789266,433.4763621795325,435.0157979470194
2017-12-13 09:00:00,2017-12-13,Canonical LightGBM,424.0,432.8235483397037,2.1922496073157163,0.0,544.4686838789266,546.5484344665447,426.1922496073157,435.0157979470194
2017-12-13 10:00:00,2017-12-13,Canonical LightGBM,441.0,441.42210006034,0.0,6.406302113320578,546.5484344665447,539.7955991141307,434.5936978866794,435.0157979470194
2017-12-13 11:00:00,2017-12-13,Canonical LightGBM,459.0,454.7849418882018,0.0,19.769143941182392,539.7955991141307,518.957091698845,439.2308560588176,435.0157979470194
2017-12-13 12:00:00,2017-12-13,Canonical LightGBM,469.0,459.0385873961087,0.0,24.022789449089316,518.957091698845,493.6348482289177,444.9772105509107,435.0157979470194
2017-12-13 13:00:00,2017-12-13,Canonical LightGBM,473.0,463.1256415210372,0.0,28.109843574017816,493.6348482289177,464.0044714406022,444.8901564259822,435.0157979470194
2017-12-13 14:00:00,2017-12-13,Canonical LightGBM,470.0,460.3990578726389,0.0,25.383259925619484,464.0044714406022,437.2481661722577,444.6167400743805,435.0157979470194
2017-12-13 15:00:00,2017-12-13,Canonical LightGBM,477.0,458.2139587388775,0.0,23.19816079185813,437.2481661722577,412.79515762922847,453.80183920814187,435.0157979470194
2017-12-13 16:00:00,2017-12-13,Canonical LightGBM,468.0,457.0225994605897,0.0,22.00680151357028,412.79515762922847,389.5979520298538,445.9931984864297,435.0157979470194
2017-12-13 17:00:00,2017-12-13,Canonical LightGBM,467.0,455.5895887442715,0.0,20.573790797252116,389.5979520298538,367.91127235547765,446.4262092027479,435.0157979470194
2017-12-13 18:00:00,2017-12-13,Canonical LightGBM,463.0,453.4951077840246,0.0,18.47930983700519,367.91127235547765,348.43236946451407,444.5206901629948,435.0157979470194
2017-12-13 19:00:00,2017-12-13,Canonical LightGBM,447.0,443.9602263016948,0.0,8.94442835467538,348.43236946451407,339.00411414152495,438.0555716453246,435.0157979470194
2017-12-13 20:00:00,2017-12-13,Canonical LightGBM,432.0,434.5121788989428,0.5036190480765868,0.0,339.00411414152495,339.48188912101546,432.5036190480766,435.0157979470194
2017-12-13 21:00:00,2017-12-13,Canonical LightGBM,427.0,429.9865501999181,5.029247747101294,0.0,339.48188912101546,344.25305246044866,432.0292477471013,435.0157979470194
2017-12-13 22:00:00,2017-12-13,Canonical LightGBM,428.0,427.4043987123156,7.611399234703811,0.0,344.25305246044866,351.47385978920664,435.6113992347038,435.0157979470194
2017-12-13 23:00:00,2017-12-13,Canonical LightGBM,422.0,419.2941234950277,15.721674451991703,0.0,351.47385978920664,366.3887497591986,437.7216744519917,435.0157979470194
2017-12-14 00:00:00,2017-12-14,Canonical LightGBM,416.0,416.01762220774015,17.58710099007223,0.0,366.3887497591986,383.0733387296078,433.58710099007226,433.6047231978124
2017-12-14 01:00:00,2017-12-14,Canonical LightGBM,411.0,414.375100357118,19.22962284069439,0.0,383.0733387296078,401.31616074638526,430.2296228406944,433.6047231978124
2017-12-14 02:00:00,2017-12-14,Canonical LightGBM,410.0,411.1055588511037,22.49916434670871,0.0,401.31616074638526,422.6607421822014,432.4991643467087,433.6047231978124
2017-12-14 03:00:00,2017-12-14,Canonical LightGBM,407.0,410.49576624532097,23.10895695249144,0.0,422.6607421822014,444.5838236784012,430.10895695249144,433.6047231978124
2017-12-14 04:00:00,2017-12-14,Canonical LightGBM,405.0,409.0915752735091,24.513147924303325,0.0,444.5838236784012,467.8390376968294,429.5131479243033,433.6047231978124
2017-12-14 05:00:00,2017-12-14,Canonical LightGBM,405.0,407.46640952268433,26.138313675128074,0.0,467.8390376968294,492.63601931962876,431.1383136751281,433.6047231978124
2017-12-14 06:00:00,2017-12-14,Canonical LightGBM,407.0,412.56845058653295,21.036272611279458,0.0,492.63601931962876,512.592779799187,428.03627261127946,433.6047231978124
2017-12-14 07:00:00,2017-12-14,Canonical LightGBM,410.0,409.4425681952007,24.162155002611712,0.0,512.592779799187,535.5150126950724,434.1621550026117,433.6047231978124
2017-12-14 08:00:00,2017-12-14,Canonical LightGBM,414.0,412.36147865060735,21.24324454720505,0.0,535.5150126950724,555.6681239934085,435.24324454720505,433.6047231978124
2017-12-14 09:00:00,2017-12-14,Canonical LightGBM,425.0,424.49896278459,9.105760413222413,0.0,555.6681239934085,564.3066068134822,434.1057604132224,433.6047231978124
2017-12-14 10:00:00,2017-12-14,Canonical LightGBM,444.0,437.2145384886608,0.0,3.6098152908484167,564.3066068134822,560.5015273962881,440.3901847091516,433.6047231978124
2017-12-14 11:00:00,2017-12-14,Canonical LightGBM,462.0,451.1687017970998,0.0,17.563978599287395,560.5015273962881,541.987468346887,444.4360214007126,433.6047231978124
2017-12-14 12:00:00,2017-12-14,Canonical LightGBM,466.0,459.60586891410026,0.0,26.00114571628785,541.987468346887,514.579854267754,439.99885428371215,433.6047231978124
2017-12-14 13:00:00,2017-12-14,Canonical LightGBM,468.0,463.4340799429655,0.0,29.82935674515312,514.579854267754,483.1369514502894,438.1706432548469,433.6047231978124
2017-12-14 14:00:00,2017-12-14,Canonical LightGBM,471.0,460.6113102876421,0.0,27.00658708982968,483.1369514502894,454.6695091064362,443.9934129101703,433.6047231978124
2017-12-14 15:00:00,2017-12-14,Canonical LightGBM,468.0,466.9598487845738,0.0,33.3551255867614,454.6695091064362,419.51011960806045,434.6448744132386,433.6047231978124
2017-12-14 16:00:00,2017-12-14,Canonical LightGBM,465.0,462.4305456476758,0.0,28.82582244986338,419.51011960806045,389.12503481833255,436.1741775501366,433.6047231978124
2017-12-14 17:00:00,2017-12-14,Canonical LightGBM,463.0,458.57218437307375,0.0,24.96746117526135,389.12503481833255,362.807019916449,438.03253882473865,433.6047231978124
2017-12-14 18:00:00,2017-12-14,Canonical LightGBM,457.0,454.7098655588158,0.0,21.105142361003402,362.807019916449,340.56024651549023,435.8948576389966,433.6047231978124
2017-12-14 19:00:00,2017-12-14,Canonical LightGBM,448.0,440.7440530911026,0.0,7.13932989329021,340.56024651549023,333.03473203878275,440.8606701067098,433.6047231978124
2017-12-14 20:00:00,2017-12-14,Canonical LightGBM,443.0,430.8796162854135,2.725106912398928,0.0,333.03473203878275,335.61999545197796,445.7251069123989,433.6047231978124
2017-12-14 21:00:00,2017-12-14,Canonical LightGBM,439.0,425.3413597376178,8.263363460194626,0.0,335.61999545197796,343.4593103523853,447.2633634601946,433.6047231978124
2017-12-14 22:00:00,2017-12-14,Canonical LightGBM,430.0,424.81564646460185,8.78907673321055,0.0,343.4593103523853,351.79736065446656,438.78907673321055,433.6047231978124
2017-12-14 23:00:00,2017-12-14,Canonical LightGBM,423.0,418.2240485989062,15.380674598906182,0.0,351.79736065446656,366.3887497591986,438.3806745989062,433.6047231978124
2017-12-15 00:00:00,2017-12-15,Canonical LightGBM,417.0,412.2493457755204,18.755159171052544,0.0,366.3887497591986,384.1814560170551,435.7551591710525,431.0045049465729
2017-12-15 01:00:00,2017-12-15,Canonical LightGBM,413.0,410.9667435577534,20.037761388819604,0.0,384.1814560170551,403.19094557694973,433.0377613888196,431.004504946573
2017-12-15 02:00:00,2017-12-15,Canonical LightGBM,411.0,411.5864067575615,19.41809818901146,0.0,403.19094557694973,421.6125710087698,430.41809818901146,431.004504946573
2017-12-15 03:00:00,2017-12-15,Canonical LightGBM,409.0,408.7220119944713,22.282492952101677,0.0,421.6125710087698,442.7515999113587,431.2824929521017,431.004504946573
2017-12-15 04:00:00,2017-12-15,Canonical LightGBM,406.0,409.62575260667376,21.378752339899222,0.0,442.7515999113587,463.03326518937945,427.3787523398992,431.004504946573
2017-12-15 05:00:00,2017-12-15,Canonical LightGBM,408.0,408.9915040709111,22.013000875661874,0.0,463.03326518937945,483.9166314600912,430.0130008756619,431.004504946573
2017-12-15 06:00:00,2017-12-15,Canonical LightGBM,409.0,406.56728564821935,24.437219298353625,0.0,483.9166314600912,507.09981325923695,433.4372192983536,431.004504946573
2017-12-15 07:00:00,2017-12-15,Canonical LightGBM,414.0,409.23865505534064,21.765849891232335,0.0,507.09981325923695,527.7487115189236,435.76584989123234,431.004504946573
2017-12-15 08:00:00,2017-12-15,Canonical LightGBM,415.0,410.7643667353531,20.240138211219858,0.0,527.7487115189236,546.9501925901419,435.24013821121986,431.004504946573
2017-12-15 09:00:00,2017-12-15,Canonical LightGBM,432.0,420.2216409889526,10.782863957620407,0.0,546.9501925901419,557.1797155318873,442.7828639576204,431.004504946573
2017-12-15 10:00:00,2017-12-15,Canonical LightGBM,450.0,432.1166963787019,0.0,1.1121914321288955,557.1797155318873,556.0073628253376,448.8878085678711,431.004504946573
2017-12-15 11:00:00,2017-12-15,Canonical LightGBM,463.0,449.2070728475372,0.0,18.202567900964198,556.0073628253376,536.8201715483647,444.7974320990358,431.004504946573
2017-12-15 12:00:00,2017-12-15,Canonical LightGBM,465.0,457.32243407821113,0.0,26.317929131638152,536.8201715483647,509.0786384300727,438.68207086836185,431.004504946573
2017-12-15 13:00:00,2017-12-15,Canonical LightGBM,473.0,457.5477037173292,0.0,26.54319877075625,509.0786384300727,481.0996502626822,446.45680122924375,431.004504946573
2017-12-15 14:00:00,2017-12-15,Canonical LightGBM,476.0,461.13894386112855,0.0,30.134438914555574,481.0996502626822,449.3351626022795,445.8655610854444,431.004504946573
2017-12-15 15:00:00,2017-12-15,Canonical LightGBM,471.0,458.237704383405,0.0,27.233199436832024,449.3351626022795,420.62884987094503,443.766800563168,431.004504946573
2017-12-15 16:00:00,2017-12-15,Canonical LightGBM,463.0,457.06431289720126,0.0,26.059807950628283,420.62884987094503,393.1594003674286,436.9401920493717,431.004504946573
2017-12-15 17:00:00,2017-12-15,Canonical LightGBM,457.0,456.1853364790746,0.0,25.1808315325016,393.1594003674286,366.6164733608639,431.8191684674984,431.004504946573
2017-12-15 18:00:00,2017-12-15,Canonical LightGBM,447.0,450.94313222221257,0.0,19.93862727563959,366.6164733608639,345.59931482480397,427.0613727243604,431.004504946573
2017-12-15 19:00:00,2017-12-15,Canonical LightGBM,441.0,439.04473831104457,0.0,8.04023336447159,345.59931482480397,337.12416470780136,432.9597666355284,431.004504946573
2017-12-15 20:00:00,2017-12-15,Canonical LightGBM,434.0,429.48825019202457,1.516254754548413,0.0,337.12416470780136,338.562610269031,435.5162547545484,431.004504946573
2017-12-15 21:00:00,2017-12-15,Canonical LightGBM,428.0,426.197897088626,4.806607857946972,0.0,338.562610269031,343.1225588641437,432.806607857947,431.004504946573
2017-12-15 22:00:00,2017-12-15,Canonical LightGBM,422.0,422.8063526870735,8.198152259499466,0.0,343.1225588641437,350.9000089876061,430.19815225949947,431.004504946573
2017-12-15 23:00:00,2017-12-15,Canonical LightGBM,417.0,414.6779386378576,16.32656630871537,0.0,350.9000089876061,366.3887497591986,433.32656630871537,431.004504946573
2017-12-16 00:00:00,2017-12-16,Canonical LightGBM,408.0,413.34194713023527,4.416482366867882,0.0,366.3887497591986,370.57859281678077,412.41648236686785,417.7584294971032
2017-12-16 01:00:00,2017-12-16,Canonical LightGBM,408.0,413.9304942960082,3.827935201094931,0.0,370.57859281678077,374.21009100807896,411.82793520109493,417.7584294971031
2017-12-16 02:00:00,2017-12-16,Canonical LightGBM,405.0,414.227456647234,3.5309728498691015,0.0,374.21009100807896,377.55986597662013,408.5309728498691,417.7584294971031
2017-12-16 03:00:00,2017-12-16,Canonical LightGBM,406.0,411.07647913626727,6.681950360835856,0.0,377.55986597662013,383.89892068234803,412.68195036083586,417.7584294971031
2017-12-16 04:00:00,2017-12-16,Canonical LightGBM,405.0,414.5872024547801,3.1712270423230393,0.0,383.89892068234803,386.90741081172746,408.17122704232304,417.7584294971031
2017-12-16 05:00:00,2017-12-16,Canonical LightGBM,400.0,408.30693727928576,9.45149221781736,0.0,386.90741081172746,395.87388362042566,409.45149221781736,417.7584294971031
2017-12-16 06:00:00,2017-12-16,Canonical LightGBM,405.0,407.8081976688718,9.950231828231324,0.0,395.87388362042566,405.31350236759954,414.9502318282313,417.7584294971031
2017-12-16 07:00:00,2017-12-16,Canonical LightGBM,402.0,407.8599158604254,9.898513636677706,0.0,405.31350236759954,414.7040569302417,411.8985136366777,417.7584294971031
2017-12-16 08:00:00,2017-12-16,Canonical LightGBM,406.0,408.2981912874088,9.460238209694296,0.0,414.7040569302417,423.6788269153576,415.4602382096943,417.7584294971031
2017-12-16 09:00:00,2017-12-16,Canonical LightGBM,404.0,412.736541384838,5.021888112265117,0.0,423.6788269153576,428.4430082921417,409.0218881122651,417.7584294971031
2017-12-16 10:00:00,2017-12-16,Canonical LightGBM,411.0,416.9408534475079,0.8175760495952318,0.0,428.4430082921417,429.21862903527835,411.81757604959523,417.7584294971031
2017-12-16 11:00:00,2017-12-16,Canonical LightGBM,418.0,421.70279039538985,0.0,3.9443608982867318,429.21862903527835,425.0609075845132,414.05563910171327,417.7584294971031
2017-12-16 12:00:00,2017-12-16,Canonical LightGBM,417.0,422.745857267705,0.0,4.987427770601869,425.0609075845132,419.8036971109541,412.01257222939813,417.7584294971031
2017-12-16 13:00:00,2017-12-16,Canonical LightGBM,414.0,425.5662158329647,0.0,7.807786335861579,419.8036971109541,411.5735676758659,406.1922136641384,417.7584294971031
2017-12-16 14:00:00,2017-12-16,Canonical LightGBM,418.0,427.9790125620478,0.0,10.220583064944663,411.5735676758659,400.80012717580894,407.77941693505534,417.7584294971031
2017-12-16 15:00:00,2017-12-16,Canonical LightGBM,423.0,427.69424789185706,0.0,9.935818394753937,400.80012717580894,390.3268549940685,413.06418160524606,417.7584294971031
2017-12-16 16:00:00,2017-12-16,Canonical LightGBM,422.0,427.5022174627359,0.0,9.743787965632805,390.3268549940685,380.0560006576884,412.2562120343672,417.7584294971031
2017-12-16 17:00:00,2017-12-16,Canonical LightGBM,425.0,424.86182386235856,0.0,7.10339436525544,380.0560006576884,372.568365553484,417.89660563474456,417.7584294971031
2017-12-16 18:00:00,2017-12-16,Canonical LightGBM,421.0,423.4773848501478,0.0,5.7189553530446915,372.568365553484,366.5400573026727,415.2810446469553,417.7584294971031
2017-12-16 19:00:00,2017-12-16,Canonical LightGBM,416.0,421.0828856264569,0.0,3.3244561293537913,366.5400573026727,363.03577285265055,412.6755438706462,417.7584294971031
2017-12-16 20:00:00,2017-12-16,Canonical LightGBM,416.0,420.6093479210526,0.0,2.8509184239494516,363.03577285265055,360.0306409716443,413.14908157605055,417.7584294971031
2017-12-16 21:00:00,2017-12-16,Canonical LightGBM,411.0,417.8179264929199,0.0,0.05949699581680079,360.0306409716443,359.9679256314049,410.9405030041832,417.7584294971031
2017-12-16 22:00:00,2017-12-16,Canonical LightGBM,411.0,416.10408468679447,1.6543448103086575,0.0,359.9679256314049,361.5373749221614,412.65434481030866,417.7584294971031
2017-12-16 23:00:00,2017-12-16,Canonical LightGBM,412.0,412.6446314076812,5.113798089421948,0.0,361.5373749221614,366.3887497591986,417.11379808942195,417.7584294971031
2017-12-17 00:00:00,2017-12-17,Canonical LightGBM,408.0,414.0883920032298,1.884966570619464,0.0,366.3887497591986,368.17698606212883,409.88496657061944,415.9733585738492
2017-12-17 01:00:00,2017-12-17,Canonical LightGBM,406.0,415.324109905104,0.6492486687452015,0.0,368.17698606212883,368.79291743044814,406.6492486687452,415.9733585738492
2017-12-17 02:00:00,2017-12-17,Canonical LightGBM,403.0,423.7440780972264,0.0,7.770719523377181,368.79291743044814,360.60185984637974,395.2292804766228,415.9733585738492
2017-12-17 03:00:00,2017-12-17,Canonical LightGBM,404.0,415.4468624101322,0.5264961637170131,0.0,360.60185984637974,361.10133796338414,404.526496163717,415.9733585738492
2017-12-17 04:00:00,2017-12-17,Canonical LightGBM,403.0,410.33662232525,5.63673624859922,0.0,361.10133796338414,366.44881549794616,408.6367362485992,415.9733585738492
2017-12-17 05:00:00,2017-12-17,Canonical LightGBM,403.0,411.6220045029213,4.3513540709279255,0.0,366.44881549794616,370.57687242893957,407.3513540709279,415.9733585738492
2017-12-17 06:00:00,2017-12-17,Canonical LightGBM,406.0,411.875144051737,4.098214522112244,0.0,370.57687242893957,374.4647800978955,410.09821452211224,415.9733585738492
2017-12-17 07:00:00,2017-12-17,Canonical LightGBM,405.0,412.9118830450733,3.0614755287759294,0.0,374.4647800978955,377.3691507994372,408.06147552877593,415.9733585738492
2017-12-17 08:00:00,2017-12-17,Canonical LightGBM,403.0,417.5532246412639,0.0,1.5798660674146845,377.3691507994372,375.70382574242285,401.4201339325853,415.9733585738492
2017-12-17 09:00:00,2017-12-17,Canonical LightGBM,405.0,414.4772219107352,1.4961366631140436,0.0,375.70382574242285,377.12318560631957,406.49613666311404,415.9733585738492
2017-12-17 10:00:00,2017-12-17,Canonical LightGBM,406.0,413.6422004175973,2.331158156251945,0.0,377.12318560631957,379.3347164142697,408.33115815625195,415.9733585738492
2017-12-17 11:00:00,2017-12-17,Canonical LightGBM,413.0,416.0544257813248,0.0,0.08106720747559848,379.3347164142697,379.24926407454586,412.9189327925244,415.9733585738492
2017-12-17 12:00:00,2017-12-17,Canonical LightGBM,415.0,413.8421703667081,2.131188207141122,0.0,379.24926407454586,381.27108673166276,417.1311882071411,415.9733585738492
2017-12-17 13:00:00,2017-12-17,Canonical LightGBM,418.0,414.95159567943136,1.0217628944178614,0.0,381.27108673166276,382.24041612416386,419.02176289441786,415.9733585738492
2017-12-17 14:00:00,2017-12-17,Canonical LightGBM,418.0,417.4828717962043,0.0,1.5095132223550536,382.24041612416386,380.6492494772365,416.49048677764495,415.9733585738492
2017-12-17 15:00:00,2017-12-17,Canonical LightGBM,421.0,419.4400540570349,0.0,3.466695483185674,380.6492494772365,376.9950315835413,417.5333045168143,415.9733585738492
2017-12-17 16:00:00,2017-12-17,Canonical LightGBM,420.0,419.3335688970191,0.0,3.3602103231698948,376.9950315835413,373.45305890406553,416.6397896768301,415.9733585738492
2017-12-17 17:00:00,2017-12-17,Canonical LightGBM,423.0,422.0570074789202,0.0,6.083648905070959,373.45305890406553,367.040329895794,416.91635109492904,415.9733585738492
2017-12-17 18:00:00,2017-12-17,Canonical LightGBM,422.0,421.8712339297506,0.0,5.897875355901363,367.040329895794,360.8234234023189,416.10212464409864,415.9733585738492
2017-12-17 19:00:00,2017-12-17,Canonical LightGBM,417.0,415.8595449471741,0.11381362667515305,0.0,360.8234234023189,360.93139648903616,417.11381362667515,415.9733585738492
2017-12-17 20:00:00,2017-12-17,Canonical LightGBM,413.0,414.2722305358584,1.7011280379908271,0.0,360.93139648903616,362.5452282465237,414.7011280379908,415.9733585738492
2017-12-17 21:00:00,2017-12-17,Canonical LightGBM,414.0,415.1533847464871,0.8199738273621051,0.0,362.5452282465237,363.3231237213806,414.8199738273621,415.9733585738492
2017-12-17 22:00:00,2017-12-17,Canonical LightGBM,411.0,414.4992765843946,1.4740819894546462,0.0,363.3231237213806,364.72156068473345,412.47408198945465,415.9733585738492
2017-12-17 23:00:00,2017-12-17,Canonical LightGBM,408.0,414.2159869853632,1.7573715884860235,0.0,364.72156068473345,366.3887497591986,409.757371588486,415.9733585738492
2017-12-18 00:00:00,2017-12-18,Canonical LightGBM,405.0,415.4819328971484,21.94254457351987,0.0,366.3887497591986,387.20527531282585,426.94254457351985,437.42447747066825
2017-12-18 01:00:00,2017-12-18,Canonical LightGBM,403.0,423.2016747699859,14.222802700682337,0.0,387.20527531282585,400.6982106864309,417.22280270068234,437.42447747066825
2017-12-18 02:00:00,2017-12-18,Canonical LightGBM,404.0,418.0072046610108,19.417272809657447,0.0,400.6982106864309,419.11905309464333,423.41727280965745,437.42447747066825
2017-12-18 03:00:00,2017-12-18,Canonical LightGBM,401.0,410.6457836397197,26.778693830948555,0.0,419.11905309464333,444.52355267567685,427.77869383094855,437.42447747066825
2017-12-18 04:00:00,2017-12-18,Canonical LightGBM,399.0,410.8711416714261,26.553335799242177,0.0,444.52355267567685,469.7142588559447,425.5533357992422,437.42447747066825
2017-12-18 05:00:00,2017-12-18,Canonical LightGBM,400.0,409.7195536183129,27.704923852355364,0.0,469.7142588559447,495.9974573884355,427.70492385235536,437.42447747066825
2017-12-18 06:00:00,2017-12-18,Canonical LightGBM,401.0,414.68936369710656,22.735113773561693,0.0,495.9974573884355,517.5658801046917,423.7351137735617,437.42447747066825
2017-12-18 07:00:00,2017-12-18,Canonical LightGBM,404.0,419.8279980170507,17.596479453617576,0.0,517.5658801046917,534.2593662668278,421.5964794536176,437.42447747066825
2017-12-18 08:00:00,2017-12-18,Canonical LightGBM,414.0,421.42006044550993,16.004417025158318,0.0,534.2593662668278,549.4424893936307,430.0044170251583,437.42447747066825
2017-12-18 09:00:00,2017-12-18,Canonical LightGBM,427.0,431.23407805570577,6.190399414962485,0.0,549.4424893936307,555.3152179268673,433.1903994149625,437.42447747066825
2017-12-18 10:00:00,2017-12-18,Canonical LightGBM,441.0,451.9374916610712,0.0,14.513014190402941,555.3152179268673,540.0171577415285,426.48698580959706,437.42447747066825
2017-12-18 11:00:00,2017-12-18,Canonical LightGBM,455.0,460.7088140377228,0.0,23.284336567054538,540.0171577415285,515.4733119555813,431.71566343294546,437.42447747066825
2017-12-18 12:00:00,2017-12-18,Canonical LightGBM,461.0,463.475795138409,0.0,26.05131766774076,515.4733119555813,488.0128119960327,434.94868233225924,437.42447747066825
2017-12-18 13:00:00,2017-12-18,Canonical LightGBM,461.0,466.1514216924825,0.0,28.72694422181422,488.0128119960327,457.7319540101835,432.2730557781858,437.42447747066825
2017-12-18 14:00:00,2017-12-18,Canonical LightGBM,462.0,468.69964764982336,0.0,31.27517017915511,457.7319540101835,424.7650300183477,430.7248298208449,437.42447747066825
2017-12-18 15:00:00,2017-12-18,Canonical LightGBM,461.0,466.931086871712,0.0,29.50660940104376,424.7650300183477,393.6623327729353,431.49339059895624,437.42447747066825
2017-12-18 16:00:00,2017-12-18,Canonical LightGBM,457.0,461.7776419389135,0.0,24.353164468245268,393.6623327729353,367.9918434554893,432.64683553175473,437.42447747066825
2017-12-18 17:00:00,2017-12-18,Canonical LightGBM,456.0,454.86088057525376,0.0,17.43640310458551,367.9918434554893,349.6122607850484,438.5635968954145,437.42447747066825
2017-12-18 18:00:00,2017-12-18,Canonical LightGBM,452.0,449.54895629453983,0.0,12.124478823871584,349.6122607850484,336.8319379430768,439.8755211761284,437.42447747066825
2017-12-18 19:00:00,2017-12-18,Canonical LightGBM,441.0,439.0675150545766,0.0,1.643037583908324,336.8319379430768,335.10002426094,439.3569624160917,437.42447747066825
2017-12-18 20:00:00,2017-12-18,Canonical LightGBM,434.0,436.3423411115505,1.082136359117726,0.0,335.10002426094,336.12662895104836,435.0821363591177,437.42447747066825
2017-12-18 21:00:00,2017-12-18,Canonical LightGBM,431.0,431.469552252285,5.954925218383266,0.0,336.12662895104836,341.77596704686835,436.95492521838327,437.42447747066825
2017-12-18 22:00:00,2017-12-18,Canonical LightGBM,425.0,426.1680871596464,11.256390311021846,0.0,341.77596704686835,352.4547165312723,436.25639031102185,437.42447747066825
2017-12-18 23:00:00,2017-12-18,Canonical LightGBM,424.0,422.73671680642985,14.687760664238397,0.0,352.4547165312723,366.3887497591986,438.6877606642384,437.42447747066825
2017-12-19 00:00:00,2017-12-19,Canonical LightGBM,415.0,417.0235174535824,19.491955316336266,0.0,366.3887497591986,384.88044221415373,434.49195531633626,436.51547276991863
2017-12-19 01:00:00,2017-12-19,Canonical LightGBM,417.0,415.206859750892,21.308613019026723,0.0,384.88044221415373,405.0955674899261,438.3086130190267,436.51547276991874
2017-12-19 02:00:00,2017-12-19,Canonical LightGBM,417.0,413.0907480444466,23.424724725472117,0.0,405.0955674899261,427.31821259841246,440.4247247254721,436.51547276991874
2017-12-19 03:00:00,2017-12-19,Canonical LightGBM,417.0,415.5607951972232,20.954677572695573,0.0,427.31821259841246,447.19756522766494,437.9546775726956,436.51547276991874
2017-12-19 04:00:00,2017-12-19,Canonical LightGBM,417.0,414.52967648813785,21.985796281780893,0.0,447.19756522766494,468.05512295453156,438.9857962817809,436.51547276991874
2017-12-19 05:00:00,2017-12-19,Canonical LightGBM,415.0,418.0750509666668,18.440421803251922,0.0,468.05512295453156,485.5492431282832,433.4404218032519,436.51547276991874
2017-12-19 06:00:00,2017-12-19,Canonical LightGBM,418.0,414.4072665594186,22.108206210500157,0.0,485.5492431282832,506.52292911004133,440.10820621050016,436.51547276991874
2017-12-19 07:00:00,2017-12-19,Canonical LightGBM,421.0,412.5675896720889,23.947883097829845,0.0,506.52292911004133,529.2418858286187,444.94788309782984,436.51547276991874
2017-12-19 08:00:00,2017-12-19,Canonical LightGBM,427.0,417.4234655579855,19.092007211933264,0.0,529.2418858286187,547.3541541968398,446.09200721193326,436.51547276991874
2017-12-19 09:00:00,2017-12-19,Canonical LightGBM,437.0,432.87089117510266,3.6445815948160885,0.0,547.3541541968398,550.8117078842233,440.6445815948161,436.51547276991874
2017-12-19 10:00:00,2017-12-19,Canonical LightGBM,447.0,446.9963412358415,0.0,10.480868465922754,550.8117078842233,539.7639024812397,436.51913153407725,436.51547276991874
2017-12-19 11:00:00,2017-12-19,Canonical LightGBM,460.0,460.5863156457052,0.0,24.070842875786468,539.7639024812397,514.3910062520654,435.92915712421353,436.51547276991874
2017-12-19 12:00:00,2017-12-19,Canonical LightGBM,463.0,464.256919205362,0.0,27.741446435443265,514.3910062520654,485.14895414421153,435.25855356455673,436.51547276991874
2017-12-19 13:00:00,2017-12-19,Canonical LightGBM,460.0,463.2733106521081,0.0,26.757837882189335,485.14895414421153,456.9437164877936,433.24216211781066,436.51547276991874
2017-12-19 14:00:00,2017-12-19,Canonical LightGBM,466.0,462.2921900049647,0.0,25.776717235045965,456.9437164877936,429.77267079950616,440.22328276495404,436.51547276991874
2017-12-19 15:00:00,2017-12-19,Canonical LightGBM,466.0,459.87311902234205,0.0,23.357646252423308,429.77267079950616,405.1515498201211,442.6423537475767,436.51547276991874
2017-12-19 16:00:00,2017-12-19,Canonical LightGBM,467.0,457.6439774561038,0.0,21.128504686185067,405.1515498201211,382.8801503661589,445.87149531381493,436.51547276991874
2017-12-19 17:00:00,2017-12-19,Canonical LightGBM,467.0,455.621708489081,0.0,19.10623571916227,382.8801503661589,362.74040957128636,447.89376428083773,436.51547276991874
2017-12-19 18:00:00,2017-12-19,Canonical LightGBM,461.0,451.1820093479052,0.0,14.666536577986449,362.74040957128636,347.28052258041635,446.33346342201355,436.51547276991874
2017-12-19 19:00:00,2017-12-19,Canonical LightGBM,448.0,440.2895030857213,0.0,3.7740303158025768,347.28052258041635,343.30234532826285,444.2259696841974,436.51547276991874
2017-12-19 20:00:00,2017-12-19,Canonical LightGBM,440.0,435.3115383792095,1.2039343907092643,0.0,343.30234532826285,344.4444977766773,441.20393439070926,436.51547276991874
2017-12-19 21:00:00,2017-12-19,Canonical LightGBM,434.0,432.6085825944666,3.9068901754521335,0.0,344.4444977766773,348.15089923344635,437.90689017545213,436.51547276991874
2017-12-19 22:00:00,2017-12-19,Canonical LightGBM,429.0,428.2246133035272,8.290859466391566,0.0,348.15089923344635,356.016299135696,437.29085946639157,436.51547276991874
2017-12-19 23:00:00,2017-12-19,Canonical LightGBM,428.0,425.5819498072848,10.933522962633958,0.0,356.016299135696,366.3887497591986,438.93352296263396,436.51547276991874
2017-12-20 00:00:00,2017-12-20,Canonical LightGBM,425.0,419.3976248804182,18.29033379751081,0.0,366.3887497591986,383.74048394866594,443.2903337975108,437.68795867792903
2017-12-20 01:00:00,2017-12-20,Canonical LightGBM,422.0,416.5414351438113,21.146523534117705,0.0,383.74048394866594,403.80183763731554,443.1465235341177,437.68795867792903
2017-12-20 02:00:00,2017-12-20,Canonical LightGBM,419.0,415.4320147676686,22.25594391026044,0.0,403.80183763731554,424.91567990732864,441.25594391026044,437.68795867792903
2017-12-20 03:00:00,2017-12-20,Canonical LightGBM,418.0,413.0612123081942,24.62674636973486,0.0,424.91567990732864,448.2786628736275,442.62674636973486,437.68795867792903
2017-12-20 04:00:00,2017-12-20,Canonical LightGBM,416.0,412.5742810611837,25.11367761674535,0.0,448.2786628736275,472.10358938125887,441.11367761674535,437.68795867792903
2017-12-20 05:00:00,2017-12-20,Canonical LightGBM,417.0,412.4135468550908,25.27441182283826,0.0,472.10358938125887,496.08100174563594,442.27441182283826,437.68795867792903
2017-12-20 06:00:00,2017-12-20,Canonical LightGBM,417.0,414.4428779645436,23.24508071338545,0.0,496.08100174563594,518.1332215802609,440.24508071338545,437.68795867792903
2017-12-20 07:00:00,2017-12-20,Canonical LightGBM,422.0,418.809414778901,18.878543899028045,0.0,518.1332215802609,536.0429808687821,440.87854389902805,437.68795867792903
2017-12-20 08:00:00,2017-12-20,Canonical LightGBM,422.0,426.9775669106704,10.710391767258614,0.0,536.0429808687821,546.2037506539582,432.7103917672586,437.68795867792903
2017-12-20 09:00:00,2017-12-20,Canonical LightGBM,433.0,436.038758950028,1.6491997279010207,0.0,546.2037506539582,547.7683188909668,434.649199727901,437.68795867792903
2017-12-20 10:00:00,2017-12-20,Canonical LightGBM,449.0,445.85868645109326,0.0,8.17072777316423,547.7683188909668,539.1556155895014,440.82927222683577,437.68795867792903
2017-12-20 11:00:00,2017-12-20,Canonical LightGBM,456.0,456.5107103402279,0.0,18.822751662298856,539.1556155895014,519.3146932279733,437.17724833770114,437.68795867792903
2017-12-20 12:00:00,2017-12-20,Canonical LightGBM,461.0,459.3583570725609,0.0,21.67039839463189,519.3146932279733,496.4720876512083,439.3296016053681,437.68795867792903
2017-12-20 13:00:00,2017-12-20,Canonical LightGBM,457.0,457.59176549220285,0.0,19.90380681427382,496.4720876512083,475.4916331041795,437.0961931857262,437.68795867792903
2017-12-20 14:00:00,2017-12-20,Canonical LightGBM,456.0,462.92679864715967,0.0,25.23883996923064,475.4916331041795,448.8875598364252,430.76116003076936,437.68795867792903
2017-12-20 15:00:00,2017-12-20,Canonical LightGBM,455.0,463.2634453002876,0.0,25.57548662235854,448.8875598364252,421.92862983848545,429.42451337764146,437.68795867792903
2017-12-20 16:00:00,2017-12-20,Canonical LightGBM,456.0,463.8420590149188,0.0,26.154100336989757,421.92862983848545,394.3597874326638,429.84589966301024,437.68795867792903
2017-12-20 17:00:00,2017-12-20,Canonical LightGBM,454.0,463.4240992319896,0.0,25.73614055406057,394.3597874326638,367.2315133216439,428.26385944593943,437.68795867792903
2017-12-20 18:00:00,2017-12-20,Canonical LightGBM,451.0,456.7283921016957,0.0,19.04043342376667,367.2315133216439,347.1611342363435,431.9595665762333,437.68795867792903
2017-12-20 19:00:00,2017-12-20,Canonical LightGBM,439.0,444.0937862326321,0.0,6.40582755470308,347.1611342363435,340.40879911263414,432.5941724452969,437.68795867792903
2017-12-20 20:00:00,2017-12-20,Canonical LightGBM,433.0,435.8858114707904,1.8021472071386597,0.0,340.40879911263414,342.11846606867516,434.80214720713866,437.68795867792903
2017-12-20 21:00:00,2017-12-20,Canonical LightGBM,424.0,432.2442771550927,5.443681522836357,0.0,342.11846606867516,347.2827958092962,429.44368152283636,437.68795867792903
2017-12-20 22:00:00,2017-12-20,Canonical LightGBM,418.0,427.7735614320558,9.914397245873204,0.0,347.2827958092962,356.68841888669414,427.9143972458732,437.68795867792903
2017-12-20 23:00:00,2017-12-20,Canonical LightGBM,419.0,427.46291213980817,10.225046538120864,0.0,356.68841888669414,366.3887497591986,429.22504653812086,437.68795867792903
2017-12-21 00:00:00,2017-12-21,Canonical LightGBM,415.0,424.5218250811843,7.312895423786284,0.0,366.3887497591986,373.3263715081347,422.3128954237863,431.8347205049706
2017-12-21 01:00:00,2017-12-21,Canonical LightGBM,416.0,419.6480422745486,12.186678230422103,0.0,373.3263715081347,384.88766960405195,428.1866782304221,431.8347205049707
2017-12-21 02:00:00,2017-12-21,Canonical LightGBM,413.0,416.8345222927493,15.000198212221392,0.0,384.88766960405195,399.11810711543353,428.0001982122214,431.8347205049707
2017-12-21 03:00:00,2017-12-21,Canonical LightGBM,409.0,413.63907516193126,18.195645343039416,0.0,399.11810711543353,416.38001194962897,427.1956453430394,431.8347205049707
2017-12-21 04:00:00,2017-12-21,Canonical LightGBM,407.0,411.3801785326346,20.454541972336074,0.0,416.38001194962897,435.7848942880574,427.4545419723361,431.8347205049707
2017-12-21 05:00:00,2017-12-21,Canonical LightGBM,408.0,409.2116156515473,22.6231048534234,0.0,435.7848942880574,457.24705601254567,430.6231048534234,431.8347205049707
2017-12-21 06:00:00,2017-12-21,Canonical LightGBM,408.0,409.5330073184592,22.30171318651145,0.0,457.24705601254567,478.404318830502,430.30171318651145,431.8347205049707
2017-12-21 07:00:00,2017-12-21,Canonical LightGBM,412.0,414.7617338971249,17.07298660784579,0.0,478.404318830502,494.6011760732054,429.0729866078458,431.8347205049707
2017-12-21 08:00:00,2017-12-21,Canonical LightGBM,416.0,419.4299946886205,12.404725816350151,0.0,494.6011760732054,506.3693322720728,428.40472581635015,431.8347205049707
2017-12-21 09:00:00,2017-12-21,Canonical LightGBM,424.0,430.0838102201794,1.7509102847913027,0.0,506.3693322720728,508.030391615639,425.7509102847913,431.8347205049707
2017-12-21 10:00:00,2017-12-21,Canonical LightGBM,438.0,440.7682602751729,0.0,8.93353977020223,508.030391615639,498.61361386845965,429.06646022979777,431.8347205049707
2017-12-21 11:00:00,2017-12-21,Canonical LightGBM,452.0,451.3428331318797,0.0,19.508112626908996,498.61361386845965,478.0502576177514,432.491887373091,431.8347205049707
2017-12-21 12:00:00,2017-12-21,Canonical LightGBM,460.0,453.3628159771885,0.0,21.528095472217842,478.0502576177514,455.35765249182896,438.47190452778216,431.8347205049707
2017-12-21 13:00:00,2017-12-21,Canonical LightGBM,460.0,451.4564368935691,0.0,19.62171638859843,455.35765249182896,434.67454736188756,440.37828361140157,431.8347205049707
2017-12-21 14:00:00,2017-12-21,Canonical LightGBM,456.0,451.1501110330221,0.0,19.31539052805141,434.67454736188756,414.314338040459,436.6846094719486,431.8347205049707
2017-12-21 15:00:00,2017-12-21,Canonical LightGBM,458.0,450.6513689294823,0.0,18.81664842451164,414.314338040459,394.4798490564335,439.18335157548836,431.8347205049707
2017-12-21 16:00:00,2017-12-21,Canonical LightGBM,455.0,453.21515018382246,0.0,21.380429678851783,394.4798490564335,371.9428973436884,433.6195703211482,431.8347205049707
2017-12-21 17:00:00,2017-12-21,Canonical LightGBM,454.0,449.44406787655214,0.0,17.609347371581464,371.9428973436884,353.3810154092557,436.39065262841854,431.8347205049707
2017-12-21 18:00:00,2017-12-21,Canonical LightGBM,445.0,447.4215350181758,0.0,15.586814513205127,353.3810154092557,336.9510702998232,429.4131854867949,431.8347205049707
2017-12-21 19:00:00,2017-12-21,Canonical LightGBM,436.0,437.1155084373337,0.0,5.280787932363012,336.9510702998232,331.38463106429094,430.719212067637,431.8347205049707
2017-12-21 20:00:00,2017-12-21,Canonical LightGBM,434.0,431.7669405801226,0.06777992484808237,0.0,331.38463106429094,331.44893274693754,434.0677799248481,431.8347205049707
2017-12-21 21:00:00,2017-12-21,Canonical LightGBM,419.0,424.5799866186374,7.25473388633327,0.0,331.44893274693754,338.33137761670275,426.25473388633327,431.8347205049707
2017-12-21 22:00:00,2017-12-21,Canonical LightGBM,416.0,418.0304395306596,13.804280974311098,0.0,338.33137761670275,351.42726841862816,429.8042809743111,431.8347205049707
2017-12-21 23:00:00,2017-12-21,Canonical LightGBM,411.0,416.0639344362,15.77078606877069,0.0,351.42726841862816,366.3887497591986,426.7707860687707,431.8347205049707
2017-12-22 00:00:00,2017-12-22,Canonical LightGBM,409.0,412.13771317469786,14.949289196493849,0.0,366.3887497591986,380.57089073763933,423.94928919649385,427.0870023711917
2017-12-22 01:00:00,2017-12-22,Canonical LightGBM,405.0,410.5600999737828,16.526902397408946,0.0,380.57089073763933,396.2496870105715,421.52690239740895,427.0870023711918
2017-12-22 02:00:00,2017-12-22,Canonical LightGBM,403.0,410.5885065371111,16.4984958340807,0.0,396.2496870105715,411.9015344513209,419.4984958340807,427.0870023711918
2017-12-22 03:00:00,2017-12-22,Canonical LightGBM,403.0,407.8814812621946,19.205521108997175,0.0,411.9015344513209,430.12149155778206,422.2055211089972,427.0870023711918
2017-12-22 04:00:00,2017-12-22,Canonical LightGBM,405.0,408.36166511984135,18.725337251350425,0.0,430.12149155778206,447.8859062585025,423.7253372513504,427.0870023711918
2017-12-22 05:00:00,2017-12-22,Canonical LightGBM,402.0,408.3084219082993,18.778580462892478,0.0,447.8859062585025,465.70083190474725,420.7785804628925,427.0870023711918
2017-12-22 06:00:00,2017-12-22,Canonical LightGBM,405.0,407.79477347216033,19.292228899031443,0.0,465.70083190474725,484.0030472434273,424.29222889903144,427.0870023711918
2017-12-22 07:00:00,2017-12-22,Canonical LightGBM,405.0,409.3253197718534,17.76168259933837,0.0,484.0030472434273,500.85325887069484,422.76168259933837,427.0870023711918
2017-12-22 08:00:00,2017-12-22,Canonical LightGBM,427.0,412.5679945206,14.519007850591777,0.0,500.85325887069484,514.627199122815,441.5190078505918,427.0870023711918
2017-12-22 09:00:00,2017-12-22,Canonical LightGBM,409.0,420.2078376343953,6.879164736796497,0.0,514.627199122815,521.1533478131514,415.8791647367965,427.0870023711918
2017-12-22 10:00:00,2017-12-22,Canonical LightGBM,436.0,429.5648357993019,0.0,2.4778334281101024,521.1533478131514,518.541482048041,433.5221665718899,427.0870023711918
2017-12-22 11:00:00,2017-12-22,Canonical LightGBM,444.0,444.1663450739102,0.0,17.079342702718407,518.541482048041,500.53827408831876,426.9206572972816,427.0870023711918
2017-12-22 12:00:00,2017-12-22,Canonical LightGBM,440.0,452.9298978742148,0.0,25.842895503023044,500.53827408831876,473.2974703805594,414.15710449697696,427.0870023711918
2017-12-22 13:00:00,2017-12-22,Canonical LightGBM,425.0,454.200396864516,0.0,27.113394493324222,473.2974703805594,444.7174431480353,397.8866055066758,427.0870023711918
2017-12-22 14:00:00,2017-12-22,Canonical LightGBM,431.0,452.4771432618283,0.0,25.39014089063653,444.7174431480353,417.9538847057065,405.60985910936347,427.0870023711918
2017-12-22 15:00:00,2017-12-22,Canonical LightGBM,426.0,453.0790995486647,0.0,25.992097177472942,417.9538847057065,390.5558086239571,400.00790282252706,427.0870023711918
2017-12-22 16:00:00,2017-12-22,Canonical LightGBM,423.0,450.61125682990456,0.0,23.52425445871279,390.5558086239571,365.75906717498856,399.4757455412872,427.0870023711918
2017-12-22 17:00:00,2017-12-22,Canonical LightGBM,420.0,448.18801945394745,0.0,21.101017082755675,365.75906717498856,343.5166421991121,398.8989829172443,427.0870023711918
2017-12-22 18:00:00,2017-12-22,Canonical LightGBM,410.0,439.0613776803039,0.0,11.974375309112133,343.5166421991121,330.89454235428593,398.02562469088787,427.0870023711918
2017-12-22 19:00:00,2017-12-22,Canonical LightGBM,399.0,430.6876262566456,0.0,3.6006238854538424,330.89454235428593,327.0991515290734,395.39937611454616,427.0870023711918
2017-12-22 20:00:00,2017-12-22,Canonical LightGBM,395.0,426.9536793262711,0.1333230449207008,0.0,327.0991515290734,327.225632875035,395.1333230449207,427.0870023711918
2017-12-22 21:00:00,2017-12-22,Canonical LightGBM,393.0,416.05312927925297,11.033873091938801,0.0,327.225632875035,337.69328399016626,404.0338730919388,427.0870023711918
2017-12-22 22:00:00,2017-12-22,Canonical LightGBM,389.0,412.3843971338645,14.702605237327248,0.0,337.69328399016626,351.64140001664856,403.70260523732725,427.0870023711918
2017-12-22 23:00:00,2017-12-22,Canonical LightGBM,389.0,411.5419308253398,15.545071545851954,0.0,351.64140001664856,366.3887497591986,404.54507154585195,427.0870023711918
2017-12-23 00:00:00,2017-12-23,Canonical LightGBM,389.0,413.70343594566606,4.393413905314525,0.0,366.3887497591986,370.5567081525934,393.3934139053145,418.09684985098056
2017-12-23 01:00:00,2017-12-23,Canonical LightGBM,387.0,422.2742021742074,0.0,4.177352323226842,370.5567081525934,366.1533921757964,382.82264767677316,418.09684985098056
2017-12-23 02:00:00,2017-12-23,Canonical LightGBM,385.0,420.2863415175949,0.0,2.1894916666143445,366.1533921757964,363.84546531430897,382.81050833338566,418.09684985098056
2017-12-23 03:00:00,2017-12-23,Canonical LightGBM,386.0,413.043252887899,5.0535969630815885,0.0,363.84546531430897,368.6397283482633,391.0535969630816,418.09684985098056
2017-12-23 04:00:00,2017-12-23,Canonical LightGBM,385.0,413.8041025501941,4.292747300786459,0.0,368.6397283482633,372.71218601527085,389.29274730078646,418.09684985098056
2017-12-23 05:00:00,2017-12-23,Canonical LightGBM,384.0,413.35193170829353,4.744918142687027,0.0,372.71218601527085,377.2136106078549,388.744918142687,418.09684985098056
2017-12-23 06:00:00,2017-12-23,Canonical LightGBM,385.0,414.1363656588552,3.9604841921253637,0.0,377.2136106078549,380.9708558131173,388.96048419212536,418.09684985098056
2017-12-23 07:00:00,2017-12-23,Canonical LightGBM,387.0,412.7617246460452,5.335125204935366,0.0,380.9708558131173,386.0321999880478,392.33512520493537,418.09684985098056
2017-12-23 08:00:00,2017-12-23,Canonical LightGBM,382.0,412.0153322232649,6.081517627715641,0.0,386.0321999880478,391.8016341882614,388.08151762771564,418.09684985098056
2017-12-23 09:00:00,2017-12-23,Canonical LightGBM,389.0,410.3734038605304,7.723445990450159,0.0,391.8016341882614,399.12873840279667,396.72344599045016,418.09684985098056
2017-12-23 10:00:00,2017-12-23,Canonical LightGBM,385.0,410.4634074774899,7.633442373490652,0.0,399.12873840279667,406.37045768915834,392.63344237349065,418.09684985098056
2017-12-23 11:00:00,2017-12-23,Canonical LightGBM,388.0,413.255413898481,4.84143595249958,0.0,406.37045768915834,410.96344711587597,392.8414359524996,418.09684985098056
2017-12-23 12:00:00,2017-12-23,Canonical LightGBM,394.0,415.5977316788404,2.499118172140186,0.0,410.96344711587597,413.3343187856399,396.4991181721402,418.09684985098056
2017-12-23 13:00:00,2017-12-23,Canonical LightGBM,396.0,418.066676923487,0.030172927493538282,0.0,413.3343187856399,413.3629433380065,396.03017292749354,418.09684985098056
2017-12-23 14:00:00,2017-12-23,Canonical LightGBM,395.0,421.694778213884,0.0,3.597928362903417,413.3629433380065,409.5703938430411,391.4020716370966,418.09684985098056
2017-12-23 15:00:00,2017-12-23,Canonical LightGBM,399.0,421.2561199806294,0.0,3.15927012964886,409.5703938430411,406.24023072523187,395.84072987035114,418.09684985098056
2017-12-23 16:00:00,2017-12-23,Canonical LightGBM,399.0,419.55735206627855,0.0,1.4605022152979927,406.24023072523187,404.7007262158777,397.539497784702,418.09684985098056
2017-12-23 17:00:00,2017-12-23,Canonical LightGBM,400.0,417.3185148049262,0.7783350460543375,0.0,404.7007262158777,405.4391196743568,400.77833504605434,418.09684985098056
2017-12-23 18:00:00,2017-12-23,Canonical LightGBM,399.0,413.4295112475722,4.667338603408382,0.0,405.4391196743568,409.866945853757,403.6673386034084,418.09684985098056
2017-12-23 19:00:00,2017-12-23,Canonical LightGBM,398.0,428.9179031097924,0.0,10.821053258811844,409.866945853757,398.4605541938122,387.17894674118816,418.09684985098056
2017-12-23 20:00:00,2017-12-23,Canonical LightGBM,396.0,429.32033499173855,0.0,11.223485140757987,398.4605541938122,386.629962083862,384.776514859242,418.09684985098056
2017-12-23 21:00:00,2017-12-23,Canonical LightGBM,389.0,425.3142201252732,0.0,7.217370274292648,386.629962083862,379.0221858226755,381.78262972570735,418.09684985098056
2017-12-23 22:00:00,2017-12-23,Canonical LightGBM,392.0,423.0659637784013,0.0,4.969113927420722,379.0221858226755,373.7842798348375,387.0308860725793,418.09684985098056
2017-12-23 23:00:00,2017-12-23,Canonical LightGBM,392.0,425.1128657139694,0.0,7.016015862988866,373.7842798348375,366.3887497591986,384.98398413701113,418.09684985098056
2017-12-24 00:00:00,2017-12-24,Canonical LightGBM,391.0,426.1043275274028,0.0,4.857946730817844,366.3887497591986,361.26802428548086,386.14205326918216,421.24638079658496
2017-12-24 01:00:00,2017-12-24,Canonical LightGBM,390.0,426.16998829998016,0.0,4.923607503395203,361.26802428548086,356.07808628033956,385.0763924966048,421.24638079658496
2017-12-24 02:00:00,2017-12-24,Canonical LightGBM,388.0,425.9670582586061,0.0,4.720677462021115,356.07808628033956,351.1020553206695,383.2793225379789,421.24638079658496
2017-12-24 03:00:00,2017-12-24,Canonical LightGBM,390.0,414.4256254891221,6.820755307462922,0.0,351.1020553206695,357.57279196095277,396.82075530746295,421.2463807965851
2017-12-24 04:00:00,2017-12-24,Canonical LightGBM,387.0,413.2559673353371,7.99041346124784,0.0,357.57279196095277,365.1531637561566,394.99041346124784,421.24638079658496
2017-12-24 05:00:00,2017-12-24,Canonical LightGBM,386.0,416.5408092900126,4.705571506572369,0.0,365.1531637561566,369.61726085222415,390.70557150657237,421.24638079658496
2017-12-24 06:00:00,2017-12-24,Canonical LightGBM,387.0,414.4092549125209,6.837125884064051,0.0,369.61726085222415,376.10352798510456,393.83712588406405,421.24638079658496
2017-12-24 07:00:00,2017-12-24,Canonical LightGBM,385.0,415.6440759010122,5.602304895572786,0.0,376.10352798510456,381.4183410701211,390.6023048955728,421.24638079658496
2017-12-24 08:00:00,2017-12-24,Canonical LightGBM,388.0,420.8674029900856,0.37897780649933566,0.0,381.4183410701211,381.77787098547884,388.37897780649934,421.24638079658496
2017-12-24 09:00:00,2017-12-24,Canonical LightGBM,389.0,417.0638801691,4.182500627484956,0.0,381.77787098547884,385.74573947485965,393.18250062748496,421.24638079658496
2017-12-24 10:00:00,2017-12-24,Canonical LightGBM,387.0,420.7235266810436,0.5228541155413495,0.0,385.74573947485965,386.2417624415907,387.52285411554135,421.24638079658496
2017-12-24 11:00:00,2017-12-24,Canonical LightGBM,387.0,419.7217488045329,1.5246319920520364,0.0,386.2417624415907,387.688155348124,388.52463199205204,421.24638079658496
2017-12-24 12:00:00,2017-12-24,Canonical LightGBM,389.0,420.6993374465218,0.5470433500631771,0.0,387.688155348124,388.2071262376385,389.5470433500632,421.24638079658496
2017-12-24 13:00:00,2017-12-24,Canonical LightGBM,391.0,424.4436946214788,0.0,3.197313824893854,388.2071262376385,384.83686154396855,387.80268617510615,421.24638079658496
2017-12-24 14:00:00,2017-12-24,Canonical LightGBM,394.0,424.0385537026209,0.0,2.792172906035944,384.83686154396855,381.89365287594046,391.20782709396406,421.24638079658496
2017-12-24 15:00:00,2017-12-24,Canonical LightGBM,392.0,424.3360147631696,0.0,3.0896339665846426,381.89365287594046,378.63689271906424,388.91036603341536,421.24638079658496
2017-12-24 16:00:00,2017-12-24,Canonical LightGBM,393.0,423.97074271519926,0.0,2.7243619186143064,378.63689271906424,375.76516310791476,390.2756380813857,421.24638079658496
2017-12-24 17:00:00,2017-12-24,Canonical LightGBM,394.0,421.7963549961459,0.0,0.5499741995609497,375.76516310791476,375.18543939960136,393.45002580043905,421.24638079658496
2017-12-24 18:00:00,2017-12-24,Canonical LightGBM,391.0,421.8294161317895,0.0,0.5830353352045563,375.18543939960136,374.57086619439906,390.41696466479544,421.24638079658496
2017-12-24 19:00:00,2017-12-24,Canonical LightGBM,390.0,425.8780478893792,0.0,4.63166709279426,374.57086619439906,369.68866040210537,385.36833290720574,421.24638079658496
2017-12-24 20:00:00,2017-12-24,Canonical LightGBM,394.0,424.7163398146658,0.0,3.4699590180808286,369.68866040210537,366.0310024405794,390.53004098191917,421.24638079658496
2017-12-24 21:00:00,2017-12-24,Canonical LightGBM,395.0,420.3608595269553,0.8855212696296348,0.0,366.0310024405794,366.87108167914556,395.88552126962963,421.24638079658496
2017-12-24 22:00:00,2017-12-24,Canonical LightGBM,388.0,422.2151677658371,0.0,0.9687869692521645,366.87108167914556,365.8498905490362,387.03121303074784,421.24638079658496
2017-12-24 23:00:00,2017-12-24,Canonical LightGBM,387.0,420.67837331582746,0.5680074807575011,0.0,365.8498905490362,366.3887497591986,387.5680074807575,421.24638079658496
2017-12-25 00:00:00,2017-12-25,Canonical LightGBM,387.0,420.9198615655021,15.406748845384287,0.0,366.3887497591986,381.00487506607374,402.4067488453843,436.3266104108864
2017-12-25 01:00:00,2017-12-25,Canonical LightGBM,385.0,420.6049049037778,15.721705507108595,0.0,381.00487506607374,395.9197944975367,400.7217055071086,436.3266104108864
2017-12-25 02:00:00,2017-12-25,Canonical LightGBM,386.0,420.0375812342893,16.289029176597126,0.0,395.9197944975367,411.37292441883255,402.2890291765971,436.3266104108864
2017-12-25 03:00:00,2017-12-25,Canonical LightGBM,387.0,418.62140223713214,17.705208173754272,0.0,411.37292441883255,428.1695597017806,404.7052081737543,436.3266104108864
2017-12-25 04:00:00,2017-12-25,Canonical LightGBM,387.0,413.6745186568274,22.65209175405903,0.0,428.1695597017806,449.65922081476674,409.65209175405903,436.3266104108864
2017-12-25 05:00:00,2017-12-25,Canonical LightGBM,385.0,418.4847226799379,17.841887730948542,0.0,449.65922081476674,466.585521710811,402.84188773094854,436.3266104108864
2017-12-25 06:00:00,2017-12-25,Canonical LightGBM,385.0,418.9656278124201,17.360982598466308,0.0,466.585521710811,483.05559593972157,402.3609825984663,436.3266104108864
2017-12-25 07:00:00,2017-12-25,Canonical LightGBM,382.0,419.7302490861284,16.596361324757993,0.0,483.05559593972157,498.8002867369314,398.596361324758,436.3266104108864
2017-12-25 08:00:00,2017-12-25,Canonical LightGBM,384.0,428.11324737463616,8.213363036250257,0.0,498.8002867369314,506.59216707024825,392.21336303625026,436.3266104108864
2017-12-25 09:00:00,2017-12-25,Canonical LightGBM,384.0,431.74476678859287,4.5818436222935475,0.0,506.59216707024825,510.9388855889965,388.58184362229355,436.3266104108864
2017-12-25 10:00:00,2017-12-25,Canonical LightGBM,385.0,447.3152764914917,0.0,10.988666080605299,510.9388855889965,499.35581450174686,374.0113339193947,436.3266104108864
2017-12-25 11:00:00,2017-12-25,Canonical LightGBM,385.0,458.91295156634095,0.0,22.586341155454534,499.35581450174686,475.5477204814679,362.41365884454547,436.3266104108864
2017-12-25 12:00:00,2017-12-25,Canonical LightGBM,388.0,457.9216059317483,0.0,21.594995520861858,475.5477204814679,452.78459651244884,366.40500447913814,436.3266104108864
2017-12-25 13:00:00,2017-12-25,Canonical LightGBM,390.0,457.38177732045614,0.0,21.05516690956972,452.78459651244884,430.59050186269906,368.9448330904303,436.3266104108864
2017-12-25 14:00:00,2017-12-25,Canonical LightGBM,389.0,459.2894275265168,0.0,22.9628171156304,430.59050186269906,406.3855673362691,366.0371828843696,436.3266104108864
2017-12-25 15:00:00,2017-12-25,Canonical LightGBM,387.0,455.2965105834999,0.0,18.969900172613507,406.3855673362691,386.3895368257754,368.0300998273865,436.3266104108864
2017-12-25 16:00:00,2017-12-25,Canonical LightGBM,390.0,454.8579612127231,0.0,18.53135080183671,386.3895368257754,366.8557779413113,371.4686491981633,436.3266104108864
2017-12-25 17:00:00,2017-12-25,Canonical LightGBM,390.0,452.72767214299984,0.0,16.40106173211342,366.8557779413113,349.5675409018095,373.5989382678866,436.3266104108864
2017-12-25 18:00:00,2017-12-25,Canonical LightGBM,387.0,448.2770601510284,0.0,11.950449740142005,349.5675409018095,336.97066082107085,375.049550259858,436.3266104108864
2017-12-25 19:00:00,2017-12-25,Canonical LightGBM,386.0,436.98760605723913,0.0,0.6609956463527169,336.97066082107085,336.27391023242785,385.3390043536473,436.3266104108864
2017-12-25 20:00:00,2017-12-25,Canonical LightGBM,383.0,437.8614431964125,0.0,1.5348327855260777,336.27391023242785,334.6560544225067,381.4651672144739,436.3266104108864
2017-12-25 21:00:00,2017-12-25,Canonical LightGBM,383.0,428.2102941578112,8.11631625307524,0.0,334.6560544225067,342.355868093495,391.11631625307524,436.3266104108864
2017-12-25 22:00:00,2017-12-25,Canonical LightGBM,382.0,424.14184573366055,12.184764677225871,0.0,342.355868093495,353.9153508334551,394.18476467722587,436.3266104108864
2017-12-25 23:00:00,2017-12-25,Canonical LightGBM,382.0,423.1784934878041,13.148116923082341,0.0,353.9153508334551,366.3887497591986,395.14811692308234,436.3266104108864
2017-12-26 00:00:00,2017-12-26,Canonical LightGBM,379.0,418.1208412707911,9.820398490476796,0.0,366.3887497591986,375.70519778731443,388.8203984904768,427.9412397612679
2017-12-26 01:00:00,2017-12-26,Canonical LightGBM,382.0,415.253010211184,12.688229550083918,0.0,375.70519778731443,387.74230924331005,394.6882295500839,427.9412397612679
2017-12-26 02:00:00,2017-12-26,Canonical LightGBM,382.0,413.9304022961746,14.010837465093346,0.0,387.74230924331005,401.0341567381445,396.01083746509335,427.9412397612679
2017-12-26 03:00:00,2017-12-26,Canonical LightGBM,383.0,412.1020412540041,15.839198507263802,0.0,401.0341567381445,416.0605398164958,398.8391985072638,427.9412397612679
2017-12-26 04:00:00,2017-12-26,Canonical LightGBM,381.0,412.58588520908825,15.355354552179676,0.0,416.0605398164958,430.6279082157926,396.3553545521797,427.9412397612679
2017-12-26 05:00:00,2017-12-26,Canonical LightGBM,383.0,411.9783087233933,15.962931037874625,0.0,430.6279082157926,445.77167427935643,398.9629310378746,427.9412397612679
2017-12-26 06:00:00,2017-12-26,Canonical LightGBM,382.0,412.80377162690206,15.13746813436586,0.0,445.77167427935643,460.13233747320123,397.13746813436586,427.9412397612679
2017-12-26 07:00:00,2017-12-26,Canonical LightGBM,381.0,420.997096807049,6.944142954218933,0.0,460.13233747320123,466.72012991314386,387.94414295421893,427.9412397612679
2017-12-26 08:00:00,2017-12-26,Canonical LightGBM,381.0,432.9142182629497,0.0,4.97297850168178,466.72012991314386,461.478150306355,376.0270214983182,427.9412397612679
2017-12-26 09:00:00,2017-12-26,Canonical LightGBM,381.0,428.2285775811339,0.0,0.28733781986596796,461.478150306355,461.1752696501271,380.71266218013403,427.9412397612679
2017-12-26 10:00:00,2017-12-26,Canonical LightGBM,385.0,440.6386046989893,0.0,12.697364937721375,461.1752696501271,447.79107182160715,372.3026350622786,427.9412397612679
2017-12-26 11:00:00,2017-12-26,Canonical LightGBM,392.0,445.9880891363285,0.0,18.04684937506056,447.79107182160715,428.7680222832141,373.95315062493944,427.9412397612679
2017-12-26 12:00:00,2017-12-26,Canonical LightGBM,393.0,447.2900774824436,0.0,19.3488377211757,428.7680222832141,408.37255652458225,373.6511622788243,427.9412397612679
2017-12-26 13:00:00,2017-12-26,Canonical LightGBM,394.0,436.9444081523866,0.0,9.003168391118663,408.37255652458225,398.8823837665923,384.99683160888134,427.9412397612679
2017-12-26 14:00:00,2017-12-26,Canonical LightGBM,396.0,441.0082078195056,0.0,13.066968058237705,398.8823837665923,385.1085900410262,382.9330319417623,427.9412397612679
2017-12-26 15:00:00,2017-12-26,Canonical LightGBM,397.0,437.6314832569519,0.0,9.690243495684001,385.1085900410262,374.8941765316945,387.309756504316,427.9412397612679
2017-12-26 16:00:00,2017-12-26,Canonical LightGBM,399.0,436.53135596414927,0.0,8.590116202881347,374.8941765316945,365.83939900948735,390.40988379711865,427.9412397612679
2017-12-26 17:00:00,2017-12-26,Canonical LightGBM,400.0,433.13715767668685,0.0,5.195917915418931,365.83939900948735,360.36242062682095,394.80408208458107,427.9412397612679
2017-12-26 18:00:00,2017-12-26,Canonical LightGBM,396.0,426.3346674127536,1.6065723485143053,0.0,360.36242062682095,361.88654898096627,397.6065723485143,427.9412397612679
2017-12-26 19:00:00,2017-12-26,Canonical LightGBM,396.0,422.5475032066394,5.393736554628504,0.0,361.88654898096627,367.0034967644271,401.3937365546285,427.9412397612679
2017-12-26 20:00:00,2017-12-26,Canonical LightGBM,392.0,427.2871695871089,0.6540701741590169,0.0,367.0034967644271,367.62400221440475,392.654070174159,427.9412397612679
2017-12-26 21:00:00,2017-12-26,Canonical LightGBM,386.0,428.2417845623944,0.0,0.3005448011264775,367.62400221440475,367.30720017757756,385.6994551988735,427.9412397612679
2017-12-26 22:00:00,2017-12-26,Canonical LightGBM,385.0,428.7408091795893,0.0,0.7995694183213686,367.30720017757756,366.464380007807,384.20043058167863,427.9412397612679
2017-12-26 23:00:00,2017-12-26,Canonical LightGBM,384.0,428.0129889149501,0.0,0.07174915368216261,366.464380007807,366.3887497591986,383.92825084631784,427.9412397612679
2017-12-27 00:00:00,2017-12-27,Canonical LightGBM,385.0,430.10460008125983,0.0,2.350264616111872,366.3887497591986,363.91135332886034,382.6497353838881,427.75433546514796
2017-12-27 01:00:00,2017-12-27,Canonical LightGBM,386.0,424.04726877526974,3.7070666898782023,0.0,363.91135332886034,367.42818558230647,389.7070666898782,427.75433546514796
2017-12-27 02:00:00,2017-12-27,Canonical LightGBM,385.0,428.04680604691305,0.0,0.29247058176508745,367.42818558230647,367.11989451998124,384.7075294182349,427.75433546514796
2017-12-27 03:00:00,2017-12-27,Canonical LightGBM,386.0,421.7936493586312,5.960686106516732,0.0,367.11989451998124,372.77469787415544,391.96068610651673,427.75433546514796
2017-12-27 04:00:00,2017-12-27,Canonical LightGBM,384.0,423.55058169493736,4.2037537702105965,0.0,372.77469787415544,376.7627288650711,388.2037537702106,427.75433546514796
2017-12-27 05:00:00,2017-12-27,Canonical LightGBM,385.0,424.9276406865189,2.8266947786290757,0.0,376.7627288650711,379.4443669902431,387.8266947786291,427.75433546514796
2017-12-27 06:00:00,2017-12-27,Canonical LightGBM,383.0,424.8236925441057,2.9306429210422493,0.0,379.4443669902431,382.22461898198793,385.93064292104225,427.75433546514796
2017-12-27 07:00:00,2017-12-27,Canonical LightGBM,386.0,423.7069127544496,4.047422710698356,0.0,382.22461898198793,386.0643413077778,390.04742271069836,427.75433546514796
2017-12-27 08:00:00,2017-12-27,Canonical LightGBM,385.0,430.9298752005848,0.0,3.1755397354368142,386.0643413077778,382.71702851966165,381.8244602645632,427.75433546514796
2017-12-27 09:00:00,2017-12-27,Canonical LightGBM,389.0,428.6244889010808,0.0,0.8701534359328207,382.71702851966165,381.7998062625393,388.1298465640672,427.75433546514796
2017-12-27 10:00:00,2017-12-27,Canonical LightGBM,401.0,428.0421903653335,0.0,0.2878549001855504,381.7998062625393,381.49638055579635,400.71214509981445,427.75433546514796
2017-12-27 11:00:00,2017-12-27,Canonical LightGBM,407.0,429.53085343400295,0.0,1.7765179688549892,381.49638055579635,379.62376619386305,405.223482031145,427.75433546514796
2017-12-27 12:00:00,2017-12-27,Canonical LightGBM,413.0,428.7347218017699,0.0,0.9803863366219616,379.62376619386305,378.5903482569847,412.01961366337804,427.75433546514796
2017-12-27 13:00:00,2017-12-27,Canonical LightGBM,413.0,429.56626904903527,0.0,1.8119335838873099,378.5903482569847,376.6804025589727,411.1880664161127,427.75433546514796
2017-12-27 14:00:00,2017-12-27,Canonical LightGBM,424.0,431.0804067362278,0.0,3.3260712710798543,376.6804025589727,373.17441560008456,420.67392872892015,427.75433546514796
2017-12-27 15:00:00,2017-12-27,Canonical LightGBM,426.0,430.59977072042,0.0,2.8454352552720366,373.17441560008456,370.1750634863497,423.15456474472796,427.75433546514796
2017-12-27 16:00:00,2017-12-27,Canonical LightGBM,424.0,431.8430543463656,0.0,4.0887188812176305,370.1750634863497,365.8651753607551,419.91128111878237,427.75433546514796
2017-12-27 17:00:00,2017-12-27,Canonical LightGBM,426.0,431.2541244110364,0.0,3.49978894588844,365.8651753607551,362.1760738944595,422.50021105411156,427.75433546514796
2017-12-27 18:00:00,2017-12-27,Canonical LightGBM,419.0,430.3013841751696,0.0,2.5470487100216133,362.1760738944595,359.4912488161058,416.4529512899784,427.75433546514796
2017-12-27 19:00:00,2017-12-27,Canonical LightGBM,414.0,429.162968032816,0.0,1.4086325676680644,359.4912488161058,358.0064197160648,412.59136743233194,427.75433546514796
2017-12-27 20:00:00,2017-12-27,Canonical LightGBM,412.0,428.1472758468997,0.0,0.3929403817517141,358.0064197160648,357.59222418573427,411.6070596182483,427.75433546514796
2017-12-27 21:00:00,2017-12-27,Canonical LightGBM,410.0,423.6201429982689,4.134192466879085,0.0,357.59222418573427,361.51426352998845,414.1341924668791,427.75433546514796
2017-12-27 22:00:00,2017-12-27,Canonical LightGBM,404.0,424.3203488400084,3.4339866251395392,0.0,361.51426352998845,364.77202928698716,407.43398662513954,427.75433546514796
2017-12-27 23:00:00,2017-12-27,Canonical LightGBM,403.0,426.0501624544776,1.704173010670388,0.0,364.77202928698716,366.3887497591986,404.7041730106704,427.75433546514796
2017-12-28 00:00:00,2017-12-28,Canonical LightGBM,402.0,420.22174746554896,6.045550915020066,0.0,366.3887497591986,372.12406293979217,408.04555091502004,426.267298380569
2017-12-28 01:00:00,2017-12-28,Canonical LightGBM,402.0,419.07609942611873,7.191198954450272,0.0,372.12406293979217,378.9462332808374,409.1911989544503,426.267298380569
2017-12-28 02:00:00,2017-12-28,Canonical LightGBM,401.0,418.24254340013897,8.024754980430032,0.0,378.9462332808374,386.5591843017191,409.02475498043003,426.267298380569
2017-12-28 03:00:00,2017-12-28,Canonical LightGBM,400.0,416.3201582316389,9.947140148930089,0.0,386.5591843017191,395.99587002437937,409.9471401489301,426.267298380569
2017-12-28 04:00:00,2017-12-28,Canonical LightGBM,400.0,418.32818889648894,7.939109484080063,0.0,395.99587002437937,403.52757059332055,407.93910948408006,426.267298380569
2017-12-28 05:00:00,2017-12-28,Canonical LightGBM,400.0,416.8585190571304,9.40877932343858,0.0,403.52757059332055,412.45352239250974,409.4087793234386,426.267298380569
2017-12-28 06:00:00,2017-12-28,Canonical LightGBM,397.0,422.4933941606054,3.7739042199635833,0.0,412.45352239250974,416.03376229443154,400.7739042199636,426.267298380569
2017-12-28 07:00:00,2017-12-28,Canonical LightGBM,399.0,422.0632229238543,4.2040754567146905,0.0,416.03376229443154,420.02209846396084,403.2040754567147,426.267298380569
2017-12-28 08:00:00,2017-12-28,Canonical LightGBM,414.0,421.93386593811374,4.333432442455262,0.0,420.02209846396084,424.1331534453484,418.33343244245526,426.267298380569
2017-12-28 09:00:00,2017-12-28,Canonical LightGBM,400.0,423.5689429415561,2.6983554390129143,0.0,424.1331534453484,426.6930381825432,402.6983554390129,426.267298380569
2017-12-28 10:00:00,2017-12-28,Canonical LightGBM,414.0,429.84645498285647,0.0,3.579156602287469,426.6930381825432,422.92027586065706,410.42084339771253,426.267298380569
2017-12-28 11:00:00,2017-12-28,Canonical LightGBM,420.0,427.6127681635796,0.0,1.3454697830105715,422.92027586065706,421.5020261815753,418.65453021698943,426.267298380569
2017-12-28 12:00:00,2017-12-28,Canonical LightGBM,422.0,430.0641165769998,0.0,3.79681819643082,421.5020261815753,417.49982839414315,418.2031818035692,426.267298380569
2017-12-28 13:00:00,2017-12-28,Canonical LightGBM,427.0,427.6356309363935,0.0,1.3683325558245087,417.49982839414315,416.0574792364887,425.6316674441755,426.267298380569
2017-12-28 14:00:00,2017-12-28,Canonical LightGBM,426.0,439.4593088971764,0.0,13.19201051660741,416.0574792364887,402.15187918669653,412.8079894833926,426.267298380569
2017-12-28 15:00:00,2017-12-28,Canonical LightGBM,427.0,443.7552082512862,0.0,17.487909870717203,402.15187918669653,383.71800361762735,409.5120901292828,426.267298380569
2017-12-28 16:00:00,2017-12-28,Canonical LightGBM,426.0,443.0287215255422,0.0,16.761423144973207,383.71800361762735,366.04991229630104,409.2385768550268,426.267298380569
2017-12-28 17:00:00,2017-12-28,Canonical LightGBM,427.0,440.440861124482,0.0,14.17356274391301,366.04991229630104,351.1096653529439,412.826437256087,426.267298380569
2017-12-28 18:00:00,2017-12-28,Canonical LightGBM,424.0,430.7976342724462,0.0,4.5303358918772005,351.1096653529439,346.33427202496296,419.4696641081228,426.267298380569
2017-12-28 19:00:00,2017-12-28,Canonical LightGBM,419.0,420.6909001160465,5.576398264522481,0.0,346.33427202496296,351.6245079217933,424.5763982645225,426.267298380569
2017-12-28 20:00:00,2017-12-28,Canonical LightGBM,414.0,419.5728112564869,6.694487124082116,0.0,351.6245079217933,357.9754560454246,420.6944871240821,426.267298380569
2017-12-28 21:00:00,2017-12-28,Canonical LightGBM,407.0,420.06868903958735,6.198609340981648,0.0,357.9754560454246,363.8559731983538,413.19860934098165,426.267298380569
2017-12-28 22:00:00,2017-12-28,Canonical LightGBM,403.0,425.6552262797343,0.6120721008347232,0.0,363.8559731983538,364.4366357776183,403.6120721008347,426.267298380569
2017-12-28 23:00:00,2017-12-28,Canonical LightGBM,404.0,424.2095895692177,2.05770881135129,0.0,364.4366357776183,366.3887497591986,406.0577088113513,426.267298380569
2017-12-29 00:00:00,2017-12-29,Canonical LightGBM,403.0,417.6080799129905,5.078767741707797,0.0,366.3887497591986,371.2068918904345,408.0787677417078,422.6868476546983
2017-12-29 01:00:00,2017-12-29,Canonical LightGBM,399.0,419.6259301314509,3.0609175232473262,0.0,371.2068918904345,374.11073322144875,402.0609175232473,422.6868476546982
2017-12-29 02:00:00,2017-12-29,Canonical LightGBM,396.0,421.1441572126005,1.5426904420977507,0.0,374.11073322144875,375.574257877929,397.54269044209775,422.6868476546982
2017-12-29 03:00:00,2017-12-29,Canonical LightGBM,396.0,413.6734225873929,9.01342506730532,0.0,375.574257877929,384.1251436975142,405.0134250673053,422.6868476546982
2017-12-29 04:00:00,2017-12-29,Canonical LightGBM,397.0,413.9249970912594,8.761850563438827,0.0,384.1251436975142,392.4373649870631,405.7618505634388,422.6868476546982
2017-12-29 05:00:00,2017-12-29,Canonical LightGBM,400.0,417.09027512330425,5.596572531393974,0.0,392.4373649870631,397.74673987392487,405.596572531394,422.6868476546982
2017-12-29 06:00:00,2017-12-29,Canonical LightGBM,395.0,417.4308719819039,5.255975672794307,0.0,397.74673987392487,402.73299620966463,400.2559756727943,422.6868476546982
2017-12-29 07:00:00,2017-12-29,Canonical LightGBM,397.0,421.7827500200912,0.9040976346070124,0.0,402.73299620966463,403.59069853542405,397.904097634607,422.6868476546982
2017-12-29 08:00:00,2017-12-29,Canonical LightGBM,403.0,419.2465998549393,3.440247799758936,0.0,403.59069853542405,406.8544041642108,406.44024779975894,422.6868476546982
2017-12-29 09:00:00,2017-12-29,Canonical LightGBM,401.0,423.11238067541024,0.0,0.4255330207120096,406.8544041642108,406.40585297585767,400.574466979288,422.6868476546982
2017-12-29 10:00:00,2017-12-29,Canonical LightGBM,411.0,417.93508985358096,4.7517578011172645,0.0,406.40585297585767,410.91376623815813,415.75175780111726,422.6868476546982
2017-12-29 11:00:00,2017-12-29,Canonical LightGBM,418.0,426.9445233545758,0.0,4.257675699877552,410.91376623815813,406.42578198816955,413.74232430012245,422.6868476546982
2017-12-29 12:00:00,2017-12-29,Canonical LightGBM,426.0,427.69223072726027,0.0,5.00538307256204,406.42578198816955,401.1496449645201,420.99461692743796,422.6868476546982
2017-12-29 13:00:00,2017-12-29,Canonical LightGBM,430.0,432.5167480333868,0.0,9.829900378688592,401.1496449645201,390.78802017478483,420.1700996213114,422.6868476546982
2017-12-29 14:00:00,2017-12-29,Canonical LightGBM,427.0,433.4636737598324,0.0,10.776826105134148,390.78802017478483,379.4282480281895,416.22317389486585,422.6868476546982
2017-12-29 15:00:00,2017-12-29,Canonical LightGBM,426.0,433.56714803627926,0.0,10.880300381581037,379.4282480281895,367.9594044173241,415.11969961841896,422.6868476546982
2017-12-29 16:00:00,2017-12-29,Canonical LightGBM,424.0,430.2144342150607,0.0,7.527586560362465,367.9594044173241,360.0246314790511,416.47241343963753,422.6868476546982
2017-12-29 17:00:00,2017-12-29,Canonical LightGBM,429.0,429.4591658264647,0.0,6.7723181717664716,360.0246314790511,352.88598132500783,422.22768182823353,422.6868476546982
2017-12-29 18:00:00,2017-12-29,Canonical LightGBM,420.0,426.3414414858284,0.0,3.654593831130171,352.88598132500783,349.0337011819506,416.34540616886983,422.6868476546982
2017-12-29 19:00:00,2017-12-29,Canonical LightGBM,412.0,420.5217309621801,2.165116692518154,0.0,349.0337011819506,351.08771122647295,414.16511669251815,422.6868476546982
2017-12-29 20:00:00,2017-12-29,Canonical LightGBM,408.0,419.13905610150056,3.547791553197669,0.0,351.08771122647295,354.4534418179563,411.54779155319767,422.6868476546982
2017-12-29 21:00:00,2017-12-29,Canonical LightGBM,407.0,418.6097891920714,4.077058462626837,0.0,354.4534418179563,358.32127908662585,411.07705846262684,422.6868476546982
2017-12-29 22:00:00,2017-12-29,Canonical LightGBM,401.0,419.6043024363197,3.0825452183785274,0.0,358.32127908662585,361.245638250787,404.0825452183785,422.6868476546982
2017-12-29 23:00:00,2017-12-29,Canonical LightGBM,405.0,417.2655321124299,5.421315542268303,0.0,361.245638250787,366.3887497591986,410.4213155422683,422.6868476546982
2017-12-30 00:00:00,2017-12-30,Canonical LightGBM,403.0,420.587115443258,0.0,3.2206583345653144,366.3887497591986,362.9938777917216,399.7793416654347,417.3664571086927
2017-12-30 01:00:00,2017-12-30,Canonical LightGBM,405.0,425.1057528568368,0.0,7.739295748144059,362.9938777917216,354.8359437751243,397.26070425185594,417.3664571086927
2017-12-30 02:00:00,2017-12-30,Canonical LightGBM,403.0,424.8682613651361,0.0,7.501804256443393,354.8359437751243,346.92834777142207,395.4981957435566,417.3664571086927
2017-12-30 03:00:00,2017-12-30,Canonical LightGBM,404.0,417.8472363258625,0.0,0.4807792171698111,346.92834777142207,346.421561978779,403.5192207828302,417.3664571086927
2017-12-30 04:00:00,2017-12-30,Canonical LightGBM,403.0,417.6170521344978,0.0,0.25059502580506887,346.421561978779,346.15741162816107,402.74940497419493,417.3664571086927
2017-12-30 05:00:00,2017-12-30,Canonical LightGBM,403.0,416.97789589410127,0.3885612145914446,0.0,346.15741162816107,346.5260331627142,403.38856121459145,417.3664571086927
2017-12-30 06:00:00,2017-12-30,Canonical LightGBM,400.0,413.63101147972753,3.7354456289651807,0.0,346.5260331627142,350.06978804168926,403.7354456289652,417.3664571086927
2017-12-30 07:00:00,2017-12-30,Canonical LightGBM,402.0,414.7759653893341,2.5904917193586243,0.0,350.06978804168926,352.52734426958295,404.5904917193586,417.3664571086927
2017-12-30 08:00:00,2017-12-30,Canonical LightGBM,402.0,411.5652036621956,5.801253446497128,0.0,352.52734426958295,358.0308965220328,407.8012534464971,417.3664571086927
2017-12-30 09:00:00,2017-12-30,Canonical LightGBM,403.0,412.0015152484656,5.364941860227134,0.0,358.0308965220328,363.120527259844,408.36494186022713,417.3664571086927
2017-12-30 10:00:00,2017-12-30,Canonical LightGBM,399.0,409.04266427368975,8.323792835002962,0.0,363.120527259844,371.0171704988438,407.32379283500296,417.3664571086927
2017-12-30 11:00:00,2017-12-30,Canonical LightGBM,403.0,413.9914637864555,3.3749933222372306,0.0,371.0171704988438,374.2189702946823,406.37499332223723,417.3664571086927
2017-12-30 12:00:00,2017-12-30,Canonical LightGBM,408.0,415.252129281052,2.114327827640693,0.0,374.2189702946823,376.2247977913685,410.1143278276407,417.3664571086927
2017-12-30 13:00:00,2017-12-30,Canonical LightGBM,409.0,419.93750828574366,0.0,2.571051177050947,376.2247977913685,373.5146718912556,406.42894882294905,417.3664571086927
2017-12-30 14:00:00,2017-12-30,Canonical LightGBM,411.0,420.1211108899468,0.0,2.754653781254092,373.5146718912556,370.61101185326925,408.2453462187459,417.3664571086927
2017-12-30 15:00:00,2017-12-30,Canonical LightGBM,411.0,420.2124253011784,0.0,2.8459681924857136,370.61101185326925,367.6110979743871,408.1540318075143,417.3664571086927
2017-12-30 16:00:00,2017-12-30,Canonical LightGBM,408.0,420.172152796703,0.0,2.805695688010303,367.6110979743871,364.6536350425781,405.1943043119897,417.3664571086927
2017-12-30 17:00:00,2017-12-30,Canonical LightGBM,410.0,420.27343123537617,0.0,2.9069741266834512,364.6536350425781,361.5894152627452,407.09302587331655,417.3664571086927
2017-12-30 18:00:00,2017-12-30,Canonical LightGBM,410.0,420.0458026595487,0.0,2.6793455508559987,361.5894152627452,358.7651370696308,407.320654449144,417.3664571086927
2017-12-30 19:00:00,2017-12-30,Canonical LightGBM,408.0,413.29407804033593,4.072379068356781,0.0,358.7651370696308,362.62853507511136,412.0723790683568,417.3664571086927
2017-12-30 20:00:00,2017-12-30,Canonical LightGBM,407.0,414.6110589445803,2.755398164112421,0.0,362.62853507511136,365.24253529288393,409.7553981641124,417.3664571086927
2017-12-30 21:00:00,2017-12-30,Canonical LightGBM,407.0,411.335460287845,6.03099682084769,0.0,365.24253529288393,370.96404124741787,413.0309968208477,417.3664571086927
2017-12-30 22:00:00,2017-12-30,Canonical LightGBM,404.0,420.77192178430346,0.0,3.4054646756107445,370.96404124741787,367.3743662920257,400.59453532438926,417.3664571086927
2017-12-30 23:00:00,2017-12-30,Canonical LightGBM,404.0,418.3014950516682,0.0,0.935037942975498,367.3743662920257,366.3887497591986,403.0649620570245,417.3664571086927
2017-12-31 00:00:00,2017-12-31,Canonical LightGBM,402.0,421.2533965230734,0.0,6.098341249624411,366.3887497591986,359.96053365994175,395.9016587503756,415.15505527344897
2017-12-31 01:00:00,2017-12-31,Canonical LightGBM,401.0,419.62074627135615,0.0,4.465690997907188,359.96053365994175,355.25328203330946,396.5343090020928,415.15505527344897
2017-12-31 02:00:00,2017-12-31,Canonical LightGBM,398.0,422.6056264498874,0.0,7.450571176438416,355.25328203330946,347.3996904377275,390.5494288235616,415.15505527344897
2017-12-31 03:00:00,2017-12-31,Canonical LightGBM,402.0,408.8525833197032,6.302471953745789,0.0,347.3996904377275,353.3787403166797,408.3024719537458,415.15505527344897
2017-12-31 04:00:00,2017-12-31,Canonical LightGBM,400.0,413.4312682653572,1.72378700809179,0.0,353.3787403166797,355.01406826065283,401.7237870080918,415.15505527344897
2017-12-31 05:00:00,2017-12-31,Canonical LightGBM,401.0,410.31998916482735,4.835066108621618,0.0,355.01406826065283,359.60101472287226,405.8350661086216,415.15505527344897
2017-12-31 06:00:00,2017-12-31,Canonical LightGBM,399.0,414.4608960987644,0.6941591746845575,0.0,359.60101472287226,360.25955193808403,399.69415917468456,415.15505527344897
2017-12-31 07:00:00,2017-12-31,Canonical LightGBM,400.0,405.17128169391486,9.983773579534102,0.0,360.25955193808403,369.730991184506,409.9837735795341,415.15505527344897
2017-12-31 08:00:00,2017-12-31,Canonical LightGBM,402.0,411.0400378862749,4.115017387174078,0.0,369.730991184506,373.63483945090553,406.1150173871741,415.15505527344897
2017-12-31 09:00:00,2017-12-31,Canonical LightGBM,400.0,406.2578427262925,8.897212547156471,0.0,373.63483945090553,382.07547639359836,408.89721254715647,415.15505527344897
2017-12-31 10:00:00,2017-12-31,Canonical LightGBM,398.0,417.862448984377,0.0,2.707393710928045,382.07547639359836,379.2216328438153,395.29260628907195,415.15505527344897
2017-12-31 11:00:00,2017-12-31,Canonical LightGBM,399.0,415.4658264738305,0.0,0.3107712003815095,379.2216328438153,378.89405123568577,398.6892287996185,415.15505527344897
2017-12-31 12:00:00,2017-12-31,Canonical LightGBM,399.0,410.152629884873,5.0024253885759435,0.0,378.89405123568577,383.6397686515716,404.00242538857594,415.15505527344897
2017-12-31 13:00:00,2017-12-31,Canonical LightGBM,401.0,412.98142513975256,2.173630133696406,0.0,383.6397686515716,385.7018552555477,403.1736301336964,415.15505527344897
2017-12-31 14:00:00,2017-12-31,Canonical LightGBM,403.0,412.9616498006836,2.1934054727653916,0.0,385.7018552555477,387.7827023934128,405.1934054727654,415.15505527344897
2017-12-31 15:00:00,2017-12-31,Canonical LightGBM,401.0,415.67777720338586,0.0,0.5227219299368926,387.7827023934128,387.23170509957254,400.4772780700631,415.15505527344897
2017-12-31 16:00:00,2017-12-31,Canonical LightGBM,402.0,417.1159125733082,0.0,1.9608572998592422,387.23170509957254,385.16478002153144,400.03914270014076,415.15505527344897
2017-12-31 17:00:00,2017-12-31,Canonical LightGBM,404.0,416.0731748540389,0.0,0.9181195805899165,385.16478002153144,384.1969970085106,403.0818804194101,415.15505527344897
2017-12-31 18:00:00,2017-12-31,Canonical LightGBM,399.0,419.0910072324607,0.0,3.9359519590117316,384.1969970085106,380.0481393580171,395.06404804098827,415.15505527344897
2017-12-31 19:00:00,2017-12-31,Canonical LightGBM,400.0,418.844129191977,0.0,3.689073918528038,380.0481393580171,376.1595140115933,396.31092608147196,415.15505527344897
2017-12-31 20:00:00,2017-12-31,Canonical LightGBM,400.0,418.657450421547,0.0,3.50239514809806,376.1595140115933,372.46766536695577,396.49760485190194,415.15505527344897
2017-12-31 21:00:00,2017-12-31,Canonical LightGBM,398.0,418.30918916705934,0.0,3.1541338936103784,372.46766536695577,369.1429163173077,394.8458661063896,415.15505527344897
2017-12-31 22:00:00,2017-12-31,Canonical LightGBM,397.0,417.7297170581129,0.0,2.574661784663931,369.1429163173077,366.42898450259713,394.42533821533607,415.15505527344897
2017-12-31 23:00:00,2017-12-31,Canonical LightGBM,397.0,415.1932253025125,0.0,0.03817002906350808,366.42898450259713,366.3887497591986,396.9618299709365,415.15505527344897
