timestamp,date,method,actual_load,forecast_load,charge,discharge,soc_start,soc_end,realized_grid_load,optimized_forecast_grid_load
2017-12-02 00:00:00,2017-12-02,Peak-aware LightGBM (m=2),418.0,410.5094684371346,8.344824832013096,0.0,366.3887497591986,374.30534570248665,426.3448248320131,418.8542932691477
2017-12-02 01:00:00,2017-12-02,Peak-aware LightGBM (m=2),414.0,410.5516487935894,8.302644475558338,0.0,374.30534570248665,382.18192584610017,422.30264447555834,418.8542932691477
2017-12-02 02:00:00,2017-12-02,Peak-aware LightGBM (m=2),412.0,414.9115843684435,3.94270890070419,0.0,382.18192584610017,385.92230792927336,415.9427089007042,418.8542932691477
2017-12-02 03:00:00,2017-12-02,Peak-aware LightGBM (m=2),411.0,407.962253072763,10.892040196384698,0.0,385.92230792927336,396.2554045452819,421.8920401963847,418.8542932691477
2017-12-02 04:00:00,2017-12-02,Peak-aware LightGBM (m=2),411.0,407.9576537067627,10.896639562385019,0.0,396.2554045452819,406.59286450299305,421.896639562385,418.8542932691477
2017-12-02 05:00:00,2017-12-02,Peak-aware LightGBM (m=2),409.0,407.1536772506636,11.70061601848414,0.0,406.59286450299305,417.6930434966313,420.70061601848414,418.8542932691477
2017-12-02 06:00:00,2017-12-02,Peak-aware LightGBM (m=2),412.0,409.1755661388057,9.678727130341997,0.0,417.6930434966313,426.87509027157506,421.678727130342,418.8542932691477
2017-12-02 07:00:00,2017-12-02,Peak-aware LightGBM (m=2),410.0,407.2295937753365,11.624699493811192,0.0,426.87509027157506,437.90324852621,421.6246994938112,418.8542932691477
2017-12-02 08:00:00,2017-12-02,Peak-aware LightGBM (m=2),409.0,409.68810755679675,9.166185712350966,0.0,437.90324852621,446.5990558183466,418.16618571235097,418.8542932691477
2017-12-02 09:00:00,2017-12-02,Peak-aware LightGBM (m=2),408.0,412.151285735934,6.703007533213736,0.0,446.5990558183466,452.95808711181326,414.70300753321374,418.8542932691477
2017-12-02 10:00:00,2017-12-02,Peak-aware LightGBM (m=2),417.0,416.31951753409413,2.5347757350535858,0.0,452.95808711181326,455.3627865159624,419.5347757350536,418.8542932691477
2017-12-02 11:00:00,2017-12-02,Peak-aware LightGBM (m=2),421.0,425.63247806444974,0.0,6.778184795302025,455.3627865159624,448.21795239773655,414.221815204698,418.8542932691477
2017-12-02 12:00:00,2017-12-02,Peak-aware LightGBM (m=2),418.0,427.32019719627766,0.0,8.465903927129943,448.21795239773655,439.2941061104375,409.53409607287006,418.8542932691477
2017-12-02 13:00:00,2017-12-02,Peak-aware LightGBM (m=2),420.0,428.0909889998921,0.0,9.236695730744373,439.2941061104375,429.5577739227356,410.7633042692556,418.8542932691477
2017-12-02 14:00:00,2017-12-02,Peak-aware LightGBM (m=2),425.0,433.8925711263257,0.0,15.038277857178002,429.5577739227356,413.70603721768293,409.961722142822,418.8542932691477
2017-12-02 15:00:00,2017-12-02,Peak-aware LightGBM (m=2),424.0,433.86246100501603,0.0,15.008167735868312,413.70603721768293,397.8860393672835,408.9918322641317,418.8542932691477
2017-12-02 16:00:00,2017-12-02,Peak-aware LightGBM (m=2),426.0,434.5331327516966,0.0,15.67883948254888,397.8860393672835,381.3590914229403,410.3211605174511,418.8542932691477
2017-12-02 17:00:00,2017-12-02,Peak-aware LightGBM (m=2),423.0,432.1548163443432,0.0,13.300523075195485,381.3590914229403,367.33910909319184,409.6994769248045,418.8542932691477
2017-12-02 18:00:00,2017-12-02,Peak-aware LightGBM (m=2),423.0,425.62021497732024,0.0,6.765921708172527,367.33910909319184,360.2072014037917,416.2340782918275,418.8542932691477
2017-12-02 19:00:00,2017-12-02,Peak-aware LightGBM (m=2),419.0,422.180463604665,0.0,3.326170335517304,360.2072014037917,356.70111002181807,415.6738296644827,418.8542932691477
2017-12-02 20:00:00,2017-12-02,Peak-aware LightGBM (m=2),416.0,419.9842211801221,0.0,1.129927910974402,356.70111002181807,355.5100614249932,414.8700720890256,418.8542932691477
2017-12-02 21:00:00,2017-12-02,Peak-aware LightGBM (m=2),416.0,418.44564386399713,0.4086494051505838,0.0,355.5100614249932,355.8977402904176,416.4086494051506,418.8542932691477
2017-12-02 22:00:00,2017-12-02,Peak-aware LightGBM (m=2),409.0,414.76268166416304,4.091611604984678,0.0,355.8977402904176,359.77938388217626,413.0916116049847,418.8542932691477
2017-12-02 23:00:00,2017-12-02,Peak-aware LightGBM (m=2),407.0,411.88740991555204,6.9668833535956765,0.0,359.77938388217626,366.3887497591986,413.9668833535957,418.8542932691477
2017-12-03 00:00:00,2017-12-03,Peak-aware LightGBM (m=2),407.0,422.341425059563,0.0,7.299837435458926,366.3887497591986,358.69404547752777,399.7001625645411,415.04158762410407
2017-12-03 01:00:00,2017-12-03,Peak-aware LightGBM (m=2),408.0,418.5514810809699,0.0,3.509893456865825,358.69404547752777,354.9942929214552,404.4901065431342,415.04158762410407
2017-12-03 02:00:00,2017-12-03,Peak-aware LightGBM (m=2),411.0,422.71303518403886,0.0,7.671447559934791,354.9942929214552,346.90787717481,403.3285524400652,415.04158762410407
2017-12-03 03:00:00,2017-12-03,Peak-aware LightGBM (m=2),410.0,413.3389735148898,1.7026141092143006,0.0,346.90787717481,348.5231187432464,411.7026141092143,415.0415876241041
2017-12-03 04:00:00,2017-12-03,Peak-aware LightGBM (m=2),413.0,408.9001440479892,6.1414435761148525,0.0,348.5231187432464,354.3494036898262,419.14144357611485,415.04158762410407
2017-12-03 05:00:00,2017-12-03,Peak-aware LightGBM (m=2),410.0,408.08469502426,6.956892599844082,0.0,354.3494036898262,360.9492915056295,416.9568925998441,415.04158762410407
2017-12-03 06:00:00,2017-12-03,Peak-aware LightGBM (m=2),411.0,406.98979208718646,8.05179553691761,0.0,360.9492915056295,368.5878954508209,419.0517955369176,415.04158762410407
2017-12-03 07:00:00,2017-12-03,Peak-aware LightGBM (m=2),410.0,409.44386454668177,5.597723077422302,0.0,368.5878954508209,373.8983618414837,415.5977230774223,415.04158762410407
2017-12-03 08:00:00,2017-12-03,Peak-aware LightGBM (m=2),409.0,407.2240039302486,7.817583693855454,0.0,373.8983618414837,381.31477292295637,416.81758369385545,415.04158762410407
2017-12-03 09:00:00,2017-12-03,Peak-aware LightGBM (m=2),411.0,406.7849481651373,8.256639458966788,0.0,381.31477292295637,389.14770887570296,419.2566394589668,415.04158762410407
2017-12-03 10:00:00,2017-12-03,Peak-aware LightGBM (m=2),413.0,411.13744869884533,3.904138925258735,0.0,389.14770887570296,392.8515002673648,416.90413892525874,415.04158762410407
2017-12-03 11:00:00,2017-12-03,Peak-aware LightGBM (m=2),414.0,414.9113049969112,0.13028262719285522,0.0,392.8515002673648,392.97509721980805,414.13028262719286,415.04158762410407
2017-12-03 12:00:00,2017-12-03,Peak-aware LightGBM (m=2),419.0,411.70694023581916,3.334647388284907,0.0,392.97509721980805,396.138621501962,422.3346473882849,415.04158762410407
2017-12-03 13:00:00,2017-12-03,Peak-aware LightGBM (m=2),420.0,414.37323381383993,0.6683538102641364,0.0,396.138621501962,396.77267759894767,420.66835381026414,415.04158762410407
2017-12-03 14:00:00,2017-12-03,Peak-aware LightGBM (m=2),424.0,420.3654886204029,0.0,5.323900996298846,396.77267759894767,391.1607932037664,418.67609900370115,415.04158762410407
2017-12-03 15:00:00,2017-12-03,Peak-aware LightGBM (m=2),432.0,422.83197519879883,0.0,7.790387574694762,391.1607932037664,382.94900367326227,424.20961242530524,415.04158762410407
2017-12-03 16:00:00,2017-12-03,Peak-aware LightGBM (m=2),431.0,424.4159090522477,0.0,9.374321428143617,382.94900367326227,373.0676012627764,421.6256785718564,415.04158762410407
2017-12-03 17:00:00,2017-12-03,Peak-aware LightGBM (m=2),430.0,422.62575845076515,0.0,7.5841708266610794,373.0676012627764,365.0731832707593,422.4158291733389,415.04158762410407
2017-12-03 18:00:00,2017-12-03,Peak-aware LightGBM (m=2),427.0,419.1265025335861,0.0,4.084914909482052,365.0731832707593,360.7673048834447,422.91508509051795,415.04158762410407
2017-12-03 19:00:00,2017-12-03,Peak-aware LightGBM (m=2),429.0,416.6958487447994,0.0,1.6542611206953097,360.7673048834447,359.0235605547582,427.3457388793047,415.04158762410407
2017-12-03 20:00:00,2017-12-03,Peak-aware LightGBM (m=2),424.0,414.47657638630136,0.5650112378027075,0.0,359.0235605547582,359.55957727927284,424.5650112378027,415.04158762410407
2017-12-03 21:00:00,2017-12-03,Peak-aware LightGBM (m=2),418.0,412.9123601340449,2.129227490059179,0.0,359.55957727927284,361.57953983684195,420.1292274900592,415.04158762410407
2017-12-03 22:00:00,2017-12-03,Peak-aware LightGBM (m=2),420.0,412.56856189843296,2.473025725671107,0.0,361.57953983684195,363.9256580384354,422.4730257256711,415.04158762410407
2017-12-03 23:00:00,2017-12-03,Peak-aware LightGBM (m=2),418.0,412.4452609829323,2.5963266411717427,0.0,363.9256580384354,366.3887497591986,420.59632664117174,415.04158762410407
2017-12-04 00:00:00,2017-12-04,Peak-aware LightGBM (m=2),413.0,411.1837761657202,24.10524785087364,0.0,366.3887497591986,389.2569957906905,437.10524785087364,435.2890240165938
2017-12-04 01:00:00,2017-12-04,Peak-aware LightGBM (m=2),412.0,410.734508470666,24.554515545927757,0.0,389.2569957906905,412.5514545808338,436.55451554592776,435.28902401659377
2017-12-04 02:00:00,2017-12-04,Peak-aware LightGBM (m=2),412.0,406.5931345372998,28.695889479293953,0.0,412.5514545808338,439.77476565254346,440.69588947929395,435.28902401659377
2017-12-04 03:00:00,2017-12-04,Peak-aware LightGBM (m=2),404.0,406.9609949791878,28.328029037405997,0.0,439.77476565254346,466.64909366702193,432.328029037406,435.28902401659377
2017-12-04 04:00:00,2017-12-04,Peak-aware LightGBM (m=2),396.0,405.6426913410532,29.646332675540577,0.0,466.64909366702193,494.7740743247565,425.6463326755406,435.28902401659377
2017-12-04 05:00:00,2017-12-04,Peak-aware LightGBM (m=2),394.0,407.31910720471956,27.969916811874214,0.0,494.7740743247565,521.3086672520438,421.9699168118742,435.28902401659377
2017-12-04 06:00:00,2017-12-04,Peak-aware LightGBM (m=2),398.0,406.54407206952465,28.744951947069126,0.0,521.3086672520438,548.5785230674929,426.7449519470691,435.28902401659377
2017-12-04 07:00:00,2017-12-04,Peak-aware LightGBM (m=2),403.0,414.91316126081904,20.375862755774733,0.0,548.5785230674929,567.908763747266,423.37586275577473,435.28902401659377
2017-12-04 08:00:00,2017-12-04,Peak-aware LightGBM (m=2),407.0,417.6191278477813,17.6698961688125,0.0,567.908763747266,584.6718991209051,424.6698961688125,435.28902401659377
2017-12-04 09:00:00,2017-12-04,Peak-aware LightGBM (m=2),415.0,424.4496150527081,10.83940896388566,0.0,584.6718991209051,594.9550653656825,425.83940896388566,435.28902401659377
2017-12-04 10:00:00,2017-12-04,Peak-aware LightGBM (m=2),435.0,447.21113481137996,0.0,11.922110794786192,594.9550653656825,582.3880571562149,423.0778892052138,435.28902401659377
2017-12-04 11:00:00,2017-12-04,Peak-aware LightGBM (m=2),447.0,458.6190205736548,0.0,23.32999655706101,582.3880571562149,557.7960815148144,423.670003442939,435.28902401659377
2017-12-04 12:00:00,2017-12-04,Peak-aware LightGBM (m=2),457.0,461.7647576562433,0.0,26.475733639649548,557.7960815148144,529.8882078397364,430.52426636035045,435.28902401659377
2017-12-04 13:00:00,2017-12-04,Peak-aware LightGBM (m=2),462.0,460.3957444501989,0.0,25.10672043360512,529.8882078397364,503.4234007906425,436.8932795663949,435.28902401659377
2017-12-04 14:00:00,2017-12-04,Peak-aware LightGBM (m=2),463.0,462.50607523842206,0.0,27.217051221828285,503.4234007906425,474.73410977249296,435.7829487781717,435.28902401659377
2017-12-04 15:00:00,2017-12-04,Peak-aware LightGBM (m=2),463.0,468.5856383770386,0.0,33.296614360444835,474.73410977249296,439.6363965220671,429.70338563955517,435.28902401659377
2017-12-04 16:00:00,2017-12-04,Peak-aware LightGBM (m=2),462.0,470.36253316356533,0.0,35.07350914697156,439.6363965220671,402.66567170900726,426.92649085302844,435.28902401659377
2017-12-04 17:00:00,2017-12-04,Peak-aware LightGBM (m=2),465.0,462.3723564070219,0.0,27.083332390428154,402.66567170900726,374.1173327152851,437.91666760957185,435.28902401659377
2017-12-04 18:00:00,2017-12-04,Peak-aware LightGBM (m=2),460.0,452.551710706097,0.0,17.262686689503255,374.1173327152851,355.9208632243849,442.73731331049675,435.28902401659377
2017-12-04 19:00:00,2017-12-04,Peak-aware LightGBM (m=2),450.0,445.22989119413427,0.0,9.940867177540497,355.9208632243849,345.44226915830586,440.0591328224595,435.28902401659377
2017-12-04 20:00:00,2017-12-04,Peak-aware LightGBM (m=2),442.0,437.55126345199886,0.0,2.2622394354050925,345.44226915830586,343.05765941546156,439.7377605645949,435.28902401659377
2017-12-04 21:00:00,2017-12-04,Peak-aware LightGBM (m=2),437.0,432.84978119725946,2.4392428193343108,0.0,343.05765941546156,345.37172833805334,439.4392428193343,435.28902401659377
2017-12-04 22:00:00,2017-12-04,Peak-aware LightGBM (m=2),435.0,425.8428221392293,9.446201877364444,0.0,345.37172833805334,354.3331822891225,444.44620187736444,435.28902401659377
2017-12-04 23:00:00,2017-12-04,Peak-aware LightGBM (m=2),432.0,422.5813401195023,12.7076838970915,0.0,354.3331822891225,366.3887497591986,444.7076838970915,435.28902401659377
2017-12-05 00:00:00,2017-12-05,Peak-aware LightGBM (m=2),428.0,417.26603307381725,24.343404394956423,0.0,366.3887497591986,389.48293092638323,452.34340439495645,441.60943746877365
2017-12-05 01:00:00,2017-12-05,Peak-aware LightGBM (m=2),427.0,415.8255767181308,25.783860750642816,0.0,389.48293092638323,413.94364897978085,452.7838607506428,441.6094374687736
2017-12-05 02:00:00,2017-12-05,Peak-aware LightGBM (m=2),421.0,417.9021519583761,23.70728551039747,0.0,413.94364897978085,436.4343547856115,444.70728551039747,441.6094374687736
2017-12-05 03:00:00,2017-12-05,Peak-aware LightGBM (m=2),418.0,419.0091596019644,22.600277866809165,0.0,436.4343547856115,457.87486092915424,440.60027786680917,441.6094374687736
2017-12-05 04:00:00,2017-12-05,Peak-aware LightGBM (m=2),412.0,413.5820292726524,28.0274081961212,0.0,457.87486092915424,484.46399497246057,440.0274081961212,441.6094374687736
2017-12-05 05:00:00,2017-12-05,Peak-aware LightGBM (m=2),415.0,408.619868859052,32.98956860972157,0.0,484.46399497246057,515.7606477223953,447.9895686097216,441.6094374687736
2017-12-05 06:00:00,2017-12-05,Peak-aware LightGBM (m=2),409.0,414.57657865482116,27.03285881395243,0.0,515.7606477223953,541.4062693777505,436.03285881395243,441.6094374687736
2017-12-05 07:00:00,2017-12-05,Peak-aware LightGBM (m=2),415.0,418.17631224501326,23.433125223760328,0.0,541.4062693777505,563.6368838986591,438.4331252237603,441.6094374687736
2017-12-05 08:00:00,2017-12-05,Peak-aware LightGBM (m=2),415.0,422.20497383833793,19.404463630435657,0.0,563.6368838986591,582.0455744524825,434.40446363043566,441.6094374687736
2017-12-05 09:00:00,2017-12-05,Peak-aware LightGBM (m=2),437.0,428.18033229899635,13.429105169777245,0.0,582.0455744524825,594.785542234813,450.42910516977724,441.6094374687736
2017-12-05 10:00:00,2017-12-05,Peak-aware LightGBM (m=2),444.0,455.73085574147785,0.0,14.121418272704261,594.785542234813,579.9002603902572,429.87858172729574,441.6094374687736
2017-12-05 11:00:00,2017-12-05,Peak-aware LightGBM (m=2),459.0,467.99468652512377,0.0,26.385249056350176,579.9002603902572,552.0877658406325,432.6147509436498,441.6094374687736
2017-12-05 12:00:00,2017-12-05,Peak-aware LightGBM (m=2),465.0,467.80312314155253,0.0,26.19368567277894,552.0877658406325,524.4771968271316,438.80631432722106,441.6094374687736
2017-12-05 13:00:00,2017-12-05,Peak-aware LightGBM (m=2),469.0,467.7297453532438,0.0,26.120307884470208,524.4771968271316,496.94397479387135,442.8796921155298,441.6094374687736
2017-12-05 14:00:00,2017-12-05,Peak-aware LightGBM (m=2),467.0,470.48231071481854,0.0,28.872873246044946,496.94397479387135,466.5092941102571,438.12712675395505,441.6094374687736
2017-12-05 15:00:00,2017-12-05,Peak-aware LightGBM (m=2),468.0,469.76934644048856,0.0,28.15990897171497,466.5092941102571,436.8261437590477,439.84009102828503,441.6094374687736
2017-12-05 16:00:00,2017-12-05,Peak-aware LightGBM (m=2),470.0,467.1738397772275,0.0,25.564402308453907,436.8261437590477,409.878897653854,444.4355976915461,441.6094374687736
2017-12-05 17:00:00,2017-12-05,Peak-aware LightGBM (m=2),471.0,466.25136421679474,0.0,24.64192674802115,409.878897653854,383.9040261675964,446.35807325197885,441.6094374687736
2017-12-05 18:00:00,2017-12-05,Peak-aware LightGBM (m=2),466.0,459.58732226889066,0.0,17.977884800117067,383.9040261675964,364.9536716740995,448.02211519988293,441.6094374687736
2017-12-05 19:00:00,2017-12-05,Peak-aware LightGBM (m=2),451.0,453.67738886420136,0.0,12.06795139542777,364.9536716740995,352.2329339735131,438.93204860457223,441.6094374687736
2017-12-05 20:00:00,2017-12-05,Peak-aware LightGBM (m=2),445.0,442.18960766936993,0.0,0.5801702005963421,352.2329339735131,351.62138088536585,444.41982979940366,441.6094374687736
2017-12-05 21:00:00,2017-12-05,Peak-aware LightGBM (m=2),435.0,437.90796820448554,3.7014692642880505,0.0,351.62138088536585,355.1329029546432,438.70146926428805,441.6094374687736
2017-12-05 22:00:00,2017-12-05,Peak-aware LightGBM (m=2),427.0,437.04413386875143,4.565303600022162,0.0,355.1329029546432,359.46393023051417,431.56530360002216,441.6094374687736
2017-12-05 23:00:00,2017-12-05,Peak-aware LightGBM (m=2),424.0,434.3100367700214,7.299400698752208,0.0,359.46393023051417,366.3887497591986,431.2994006987522,441.6094374687736
2017-12-06 00:00:00,2017-12-06,Peak-aware LightGBM (m=2),421.0,431.7543693475019,10.146110187655058,0.0,366.3887497591986,376.0141950344071,431.14611018765504,441.90047953515693
2017-12-06 01:00:00,2017-12-06,Peak-aware LightGBM (m=2),422.0,430.43427992502166,11.46619961013522,0.0,376.0141950344071,386.8919870966565,433.4661996101352,441.9004795351569
2017-12-06 02:00:00,2017-12-06,Peak-aware LightGBM (m=2),417.0,422.79173671595674,19.10874281920013,0.0,386.8919870966565,405.0201322559751,436.10874281920013,441.9004795351569
2017-12-06 03:00:00,2017-12-06,Peak-aware LightGBM (m=2),415.0,416.9861224505743,24.914357084582548,0.0,405.0201322559751,428.65596670378545,439.91435708458255,441.9004795351569
2017-12-06 04:00:00,2017-12-06,Peak-aware LightGBM (m=2),416.0,414.5758548468695,27.324624688287372,0.0,428.65596670378545,454.5783817710635,443.3246246882874,441.9004795351569
2017-12-06 05:00:00,2017-12-06,Peak-aware LightGBM (m=2),416.0,413.2152549032792,28.685224631877702,0.0,454.5783817710635,481.79157528015367,444.6852246318777,441.9004795351569
2017-12-06 06:00:00,2017-12-06,Peak-aware LightGBM (m=2),415.0,413.4944597973869,28.406019737769952,0.0,481.79157528015367,508.73989176947,443.40601973776995,441.9004795351569
2017-12-06 07:00:00,2017-12-06,Peak-aware LightGBM (m=2),418.0,414.2845172910693,27.615962244087598,0.0,508.73989176947,534.9386939100305,445.6159622440876,441.9004795351569
2017-12-06 08:00:00,2017-12-06,Peak-aware LightGBM (m=2),428.0,418.0702831661942,23.830196368962675,0.0,534.9386939100305,557.5460031945304,451.8301963689627,441.9004795351569
2017-12-06 09:00:00,2017-12-06,Peak-aware LightGBM (m=2),430.0,437.9196664065749,3.9808131285819854,0.0,557.5460031945304,561.322534122276,433.980813128582,441.9004795351569
2017-12-06 10:00:00,2017-12-06,Peak-aware LightGBM (m=2),450.0,450.84161458377537,0.0,8.941135048618492,561.322534122276,551.8977502486769,441.0588649513815,441.9004795351569
2017-12-06 11:00:00,2017-12-06,Peak-aware LightGBM (m=2),463.0,461.38892999245365,0.0,19.48845045729678,551.8977502486769,531.3551197445404,443.5115495427032,441.9004795351569
2017-12-06 12:00:00,2017-12-06,Peak-aware LightGBM (m=2),468.0,466.98245942224656,0.0,25.081979887089688,531.3551197445404,504.91639152129574,442.9180201129103,441.9004795351569
2017-12-06 13:00:00,2017-12-06,Peak-aware LightGBM (m=2),467.0,470.0327823352945,0.0,28.13230280013761,504.91639152129574,475.26234062997264,438.8676971998624,441.9004795351569
2017-12-06 14:00:00,2017-12-06,Peak-aware LightGBM (m=2),472.0,467.335098524629,0.0,25.434618989472142,475.26234062997264,448.4518981548722,446.56538101052786,441.9004795351569
2017-12-06 15:00:00,2017-12-06,Peak-aware LightGBM (m=2),475.0,466.36144608777715,0.0,24.460966552620278,448.4518981548722,422.6677754630464,450.5390334473797,441.9004795351569
2017-12-06 16:00:00,2017-12-06,Peak-aware LightGBM (m=2),471.0,468.04944711935093,0.0,26.148967584194054,422.6677754630464,395.10434345372505,444.85103241580595,441.9004795351569
2017-12-06 17:00:00,2017-12-06,Peak-aware LightGBM (m=2),468.0,467.60748676349596,0.0,25.70700722833908,395.10434345372505,368.00677856440325,442.2929927716609,441.9004795351569
2017-12-06 18:00:00,2017-12-06,Peak-aware LightGBM (m=2),457.0,463.5267965101057,0.0,21.62631697494885,368.00677856440325,345.21063888387016,435.37368302505115,441.9004795351569
2017-12-06 19:00:00,2017-12-06,Peak-aware LightGBM (m=2),449.0,452.27886219088924,0.0,10.378382655732366,345.21063888387016,334.2708630102361,438.62161734426763,441.9004795351569
2017-12-06 20:00:00,2017-12-06,Peak-aware LightGBM (m=2),438.0,442.52468487443826,0.0,0.6242053392813887,334.2708630102361,333.6128928103137,437.3757946607186,441.9004795351569
2017-12-06 21:00:00,2017-12-06,Peak-aware LightGBM (m=2),427.0,435.39547231316294,6.505007221993935,0.0,333.6128928103137,339.7840845155173,433.50500722199394,441.9004795351569
2017-12-06 22:00:00,2017-12-06,Peak-aware LightGBM (m=2),421.0,429.8604028077036,12.040076727453254,0.0,339.7840845155173,351.2063042140989,433.04007672745325,441.9004795351569
2017-12-06 23:00:00,2017-12-06,Peak-aware LightGBM (m=2),420.0,425.8967767438263,16.003702791330568,0.0,351.2063042140989,366.3887497591986,436.00370279133057,441.9004795351569
2017-12-07 00:00:00,2017-12-07,Peak-aware LightGBM (m=2),415.0,419.44837004997527,18.356551808694274,0.0,366.3887497591986,383.80330386990585,433.3565518086943,437.80492185866956
2017-12-07 01:00:00,2017-12-07,Peak-aware LightGBM (m=2),414.0,420.93174622184273,16.873175636826886,0.0,383.80330386990585,399.81060378163636,430.8731756368269,437.8049218586696
2017-12-07 02:00:00,2017-12-07,Peak-aware LightGBM (m=2),410.0,415.7933524802376,22.011569378432,0.0,399.81060378163636,420.6926120148349,432.011569378432,437.8049218586696
2017-12-07 03:00:00,2017-12-07,Peak-aware LightGBM (m=2),409.0,412.3150607657775,25.489861092892113,0.0,420.6926120148349,444.87441750329094,434.4898610928921,437.8049218586696
2017-12-07 04:00:00,2017-12-07,Peak-aware LightGBM (m=2),410.0,411.04034147409266,26.76458038457696,0.0,444.87441750329094,470.2655278934695,436.76458038457696,437.8049218586696
2017-12-07 05:00:00,2017-12-07,Peak-aware LightGBM (m=2),409.0,410.8868258933469,26.91809596532272,0.0,470.2655278934695,495.80227595109204,435.9180959653227,437.8049218586696
2017-12-07 06:00:00,2017-12-07,Peak-aware LightGBM (m=2),406.0,411.673663168945,26.131258689724632,0.0,495.80227595109204,520.5925646270712,432.13125868972463,437.8049218586696
2017-12-07 07:00:00,2017-12-07,Peak-aware LightGBM (m=2),411.0,415.06889108658896,22.736030772080653,0.0,520.5925646270712,542.1618572845066,433.73603077208065,437.8049218586696
2017-12-07 08:00:00,2017-12-07,Peak-aware LightGBM (m=2),423.0,426.74401498091595,11.060906877753666,0.0,542.1618572845066,552.6551549007236,434.06090687775367,437.8049218586696
2017-12-07 09:00:00,2017-12-07,Peak-aware LightGBM (m=2),436.0,435.56727669012474,2.237645168544873,0.0,552.6551549007236,554.7779714990857,438.2376451685449,437.8049218586696
2017-12-07 10:00:00,2017-12-07,Peak-aware LightGBM (m=2),453.0,450.55953870686614,0.0,12.75461684819652,554.7779714990857,541.3334248580659,440.2453831518035,437.8049218586696
2017-12-07 11:00:00,2017-12-07,Peak-aware LightGBM (m=2),462.0,458.407576555853,0.0,20.602654697183368,541.3334248580659,519.6163199617104,441.39734530281663,437.8049218586696
2017-12-07 12:00:00,2017-12-07,Peak-aware LightGBM (m=2),470.0,462.4687235563175,0.0,24.663801697647898,519.6163199617104,493.6183902539451,445.3361983023521,437.8049218586696
2017-12-07 13:00:00,2017-12-07,Peak-aware LightGBM (m=2),471.0,462.71519992959435,0.0,24.910278070924733,493.6183902539451,467.36065163652256,446.08972192907527,437.8049218586696
2017-12-07 14:00:00,2017-12-07,Peak-aware LightGBM (m=2),476.0,465.23983099798556,0.0,27.43490913931595,467.36065163652256,438.44171820985366,448.56509086068405,437.8049218586696
2017-12-07 15:00:00,2017-12-07,Peak-aware LightGBM (m=2),483.0,471.3171026816586,0.0,33.51218082298897,438.44171820985366,403.11677795649985,449.48781917701103,437.8049218586696
2017-12-07 16:00:00,2017-12-07,Peak-aware LightGBM (m=2),480.0,467.9158411725762,0.0,30.110919313906606,403.11677795649985,371.3770821319995,449.8890806860934,437.8049218586696
2017-12-07 17:00:00,2017-12-07,Peak-aware LightGBM (m=2),474.0,463.0887437680314,0.0,25.28382190936179,371.3770821319995,344.725593736116,448.7161780906382,437.8049218586696
2017-12-07 18:00:00,2017-12-07,Peak-aware LightGBM (m=2),464.0,453.729485898908,0.0,15.924564040238408,344.725593736116,327.9396293653267,448.0754359597616,437.8049218586696
2017-12-07 19:00:00,2017-12-07,Peak-aware LightGBM (m=2),450.0,445.3866714854602,0.0,7.581749626790611,327.9396293653267,319.9477635420635,442.4182503732094,437.8049218586696
2017-12-07 20:00:00,2017-12-07,Peak-aware LightGBM (m=2),437.0,435.07853347341563,2.7263883852539834,0.0,319.9477635420635,322.53424266715297,439.726388385254,437.8049218586696
2017-12-07 21:00:00,2017-12-07,Peak-aware LightGBM (m=2),433.0,428.3441732579083,9.460748600761292,0.0,322.53424266715297,331.5094968517501,442.4607486007613,437.8049218586696
2017-12-07 22:00:00,2017-12-07,Peak-aware LightGBM (m=2),425.0,421.1529961252351,16.651925733434496,0.0,331.5094968517501,347.30690067543696,441.6519257334345,437.8049218586696
2017-12-07 23:00:00,2017-12-07,Peak-aware LightGBM (m=2),423.0,417.69088683457494,20.114035024094676,0.0,347.30690067543696,366.3887497591986,443.1140350240947,437.8049218586696
2017-12-08 00:00:00,2017-12-08,Peak-aware LightGBM (m=2),420.0,415.7550475019245,19.299598926447917,0.0,366.3887497591986,384.6979569197934,439.2995989264479,435.0546464283724
2017-12-08 01:00:00,2017-12-08,Peak-aware LightGBM (m=2),418.0,412.5100226313578,22.54462379701465,0.0,384.6979569197934,406.0856649768539,440.54462379701465,435.05464642837245
2017-12-08 02:00:00,2017-12-08,Peak-aware LightGBM (m=2),414.0,411.9877777397609,23.066868688611578,0.0,406.0856649768539,427.96881804006625,437.0668686886116,435.05464642837245
2017-12-08 03:00:00,2017-12-08,Peak-aware LightGBM (m=2),412.0,406.5961806051135,28.458465823258962,0.0,427.96881804006625,454.96688925473245,440.45846582325896,435.05464642837245
2017-12-08 04:00:00,2017-12-08,Peak-aware LightGBM (m=2),410.0,406.57816981563445,28.476476612737997,0.0,454.96688925473245,481.98204700456336,438.476476612738,435.05464642837245
2017-12-08 05:00:00,2017-12-08,Peak-aware LightGBM (m=2),413.0,406.41103168437644,28.64361474399601,0.0,481.98204700456336,509.1557659079881,441.643614743996,435.05464642837245
2017-12-08 06:00:00,2017-12-08,Peak-aware LightGBM (m=2),413.0,412.5887320919644,22.465914336408048,0.0,509.1557659079881,530.4688036143725,435.46591433640805,435.05464642837245
2017-12-08 07:00:00,2017-12-08,Peak-aware LightGBM (m=2),419.0,410.0266342491189,25.02801217925355,0.0,530.4688036143725,554.2124607522355,444.02801217925355,435.05464642837245
2017-12-08 08:00:00,2017-12-08,Peak-aware LightGBM (m=2),421.0,416.9998992480114,18.054747180361062,0.0,554.2124607522355,571.3406978527682,439.05474718036106,435.05464642837245
2017-12-08 09:00:00,2017-12-08,Peak-aware LightGBM (m=2),443.0,426.99385464828214,8.060791780090312,0.0,571.3406978527682,578.9878363836024,451.0607917800903,435.05464642837245
2017-12-08 10:00:00,2017-12-08,Peak-aware LightGBM (m=2),454.0,443.3000607444555,0.0,8.245414316083043,578.9878363836024,570.2964065534088,445.75458568391696,435.05464642837245
2017-12-08 11:00:00,2017-12-08,Peak-aware LightGBM (m=2),470.0,456.72934365592556,0.0,21.67469722755311,570.2964065534088,547.4492696088728,448.3253027724469,435.05464642837245
2017-12-08 12:00:00,2017-12-08,Peak-aware LightGBM (m=2),469.0,462.3671073087149,0.0,27.312460880342428,547.4492696088728,518.6594079801635,441.6875391196576,435.05464642837245
2017-12-08 13:00:00,2017-12-08,Peak-aware LightGBM (m=2),473.0,463.9070944194864,0.0,28.852447991113934,518.6594079801635,488.2462574056726,444.14755200888607,435.05464642837245
2017-12-08 14:00:00,2017-12-08,Peak-aware LightGBM (m=2),477.0,467.4592366051395,0.0,32.404590176767044,488.2462574056726,454.08882020470537,444.59540982323296,435.05464642837245
2017-12-08 15:00:00,2017-12-08,Peak-aware LightGBM (m=2),479.0,472.1410084665678,0.0,37.086362038195375,454.08882020470537,414.9963621479378,441.9136379618046,435.05464642837245
2017-12-08 16:00:00,2017-12-08,Peak-aware LightGBM (m=2),483.0,470.2265601564392,0.0,35.17191372806673,414.9963621479378,377.9219097987261,447.8280862719333,435.05464642837245
2017-12-08 17:00:00,2017-12-08,Peak-aware LightGBM (m=2),474.0,464.2281288271328,0.0,29.17348239876037,377.9219097987261,347.17035924575384,444.82651760123963,435.05464642837245
2017-12-08 18:00:00,2017-12-08,Peak-aware LightGBM (m=2),458.0,455.71434478506256,0.0,20.659698356690114,347.17035924575384,325.3931250526939,437.3403016433099,435.05464642837245
2017-12-08 19:00:00,2017-12-08,Peak-aware LightGBM (m=2),444.0,444.34113440506155,0.0,9.286487976689102,325.3931250526939,315.6043072293253,434.7135120233109,435.05464642837245
2017-12-08 20:00:00,2017-12-08,Peak-aware LightGBM (m=2),431.0,429.5080420331035,5.546604395268957,0.0,315.6043072293253,320.86627818001057,436.54660439526896,435.05464642837245
2017-12-08 21:00:00,2017-12-08,Peak-aware LightGBM (m=2),428.0,424.6192384125142,10.43540801585823,0.0,320.86627818001057,330.7661754729977,438.43540801585823,435.05464642837245
2017-12-08 22:00:00,2017-12-08,Peak-aware LightGBM (m=2),424.0,417.96669604170245,17.087950386670002,0.0,330.7661754729977,346.97722860274735,441.08795038667,435.05464642837245
2017-12-08 23:00:00,2017-12-08,Peak-aware LightGBM (m=2),418.0,414.5931065273952,20.461539900977243,0.0,346.97722860274735,366.3887497591986,438.46153990097724,435.05464642837245
2017-12-09 00:00:00,2017-12-09,Peak-aware LightGBM (m=2),414.0,412.7036470189754,5.238620561092295,0.0,366.3887497591986,371.3585415903309,419.2386205610923,417.9422675800677
2017-12-09 01:00:00,2017-12-09,Peak-aware LightGBM (m=2),409.0,412.5144116886814,5.427855891386287,0.0,371.3585415903309,376.5078578187141,414.4278558913863,417.94226758006766
2017-12-09 02:00:00,2017-12-09,Peak-aware LightGBM (m=2),409.0,413.4002370792527,4.542030500814974,0.0,376.5078578187141,380.81680629407333,413.542030500815,417.94226758006766
2017-12-09 03:00:00,2017-12-09,Peak-aware LightGBM (m=2),410.0,411.44692872514844,6.4953388549192255,0.0,380.81680629407333,386.9788257809172,416.4953388549192,417.94226758006766
2017-12-09 04:00:00,2017-12-09,Peak-aware LightGBM (m=2),410.0,411.2700707172429,6.672196862824762,0.0,386.9788257809172,393.3086275059841,416.67219686282476,417.94226758006766
2017-12-09 05:00:00,2017-12-09,Peak-aware LightGBM (m=2),409.0,410.9829899917052,6.959277588362454,0.0,393.3086275059841,399.9107779205608,415.95927758836245,417.94226758006766
2017-12-09 06:00:00,2017-12-09,Peak-aware LightGBM (m=2),408.0,409.2287834405052,8.713484139562468,0.0,399.9107779205608,408.17711479159175,416.71348413956247,417.94226758006766
2017-12-09 07:00:00,2017-12-09,Peak-aware LightGBM (m=2),407.0,409.6705234889163,8.27174409115139,0.0,408.17711479159175,416.0243802566151,415.2717440911514,417.94226758006766
2017-12-09 08:00:00,2017-12-09,Peak-aware LightGBM (m=2),406.0,410.8122209863202,7.1300465937474655,0.0,416.0243802566151,422.7885363744253,413.13004659374747,417.94226758006766
2017-12-09 09:00:00,2017-12-09,Peak-aware LightGBM (m=2),410.0,413.3355742228901,4.606693357177562,0.0,422.7885363744253,427.1588294216199,414.60669335717756,417.94226758006766
2017-12-09 10:00:00,2017-12-09,Peak-aware LightGBM (m=2),413.0,418.3903801785041,0.0,0.4481125984364098,427.1588294216199,426.6864772685285,412.5518874015636,417.94226758006766
2017-12-09 11:00:00,2017-12-09,Peak-aware LightGBM (m=2),415.0,420.6534669618548,0.0,2.7111993817871394,426.6864772685285,423.8286221894332,412.28880061821286,417.94226758006766
2017-12-09 12:00:00,2017-12-09,Peak-aware LightGBM (m=2),421.0,422.93224769980685,0.0,4.989980119739187,423.8286221894332,418.56872130365446,416.0100198802608,417.94226758006766
2017-12-09 13:00:00,2017-12-09,Peak-aware LightGBM (m=2),419.0,425.59883200443335,0.0,7.656564424365683,418.56872130365446,410.49799375938437,411.3434355756343,417.94226758006766
2017-12-09 14:00:00,2017-12-09,Peak-aware LightGBM (m=2),425.0,428.65106273164133,0.0,10.708795151573668,410.49799375938437,399.20993253433744,414.29120484842633,417.94226758006766
2017-12-09 15:00:00,2017-12-09,Peak-aware LightGBM (m=2),431.0,429.0009455186063,0.0,11.058677938538608,399.20993253433744,387.55306246899136,419.9413220614614,417.94226758006766
2017-12-09 16:00:00,2017-12-09,Peak-aware LightGBM (m=2),432.0,429.52750875515676,0.0,11.585241175089095,387.55306246899136,375.3411460171087,420.4147588249109,417.94226758006766
2017-12-09 17:00:00,2017-12-09,Peak-aware LightGBM (m=2),430.0,428.6153707020017,0.0,10.673103121934048,375.3411460171087,364.09070749471994,419.32689687806595,417.94226758006766
2017-12-09 18:00:00,2017-12-09,Peak-aware LightGBM (m=2),423.0,423.41621588490506,0.0,5.473948304837393,364.09070749471994,358.3206593489522,417.5260516951626,417.94226758006766
2017-12-09 19:00:00,2017-12-09,Peak-aware LightGBM (m=2),419.0,419.85394551227097,0.0,1.911677932203304,358.3206593489522,356.3055738761377,417.0883220677967,417.94226758006766
2017-12-09 20:00:00,2017-12-09,Peak-aware LightGBM (m=2),416.0,419.5517743951491,0.0,1.6095068150814313,356.3055738761377,354.60900472773073,414.39049318491857,417.94226758006766
2017-12-09 21:00:00,2017-12-09,Peak-aware LightGBM (m=2),416.0,415.7356272103169,2.206640369750744,0.0,354.60900472773073,356.7024075913172,418.20664036975074,417.94226758006766
2017-12-09 22:00:00,2017-12-09,Peak-aware LightGBM (m=2),413.0,414.54789012546206,3.3943774546056034,0.0,356.7024075913172,359.9225967897808,416.3943774546056,417.94226758006766
2017-12-09 23:00:00,2017-12-09,Peak-aware LightGBM (m=2),417.0,411.1263438859272,6.8159236941404515,0.0,359.9225967897808,366.3887497591986,423.81592369414045,417.94226758006766
2017-12-10 00:00:00,2017-12-10,Peak-aware LightGBM (m=2),413.0,415.7447397412352,0.0,1.1318069680947929,366.3887497591986,365.1957204622556,411.8681930319052,414.6129327731404
2017-12-10 01:00:00,2017-12-10,Peak-aware LightGBM (m=2),409.0,416.4530761796013,0.0,1.840143406460868,365.1957204622556,363.2560390003365,407.15985659353913,414.6129327731404
2017-12-10 02:00:00,2017-12-10,Peak-aware LightGBM (m=2),407.0,419.79842758377805,0.0,5.1854948106376355,363.2560390003365,357.79004753480365,401.81450518936236,414.6129327731404
2017-12-10 03:00:00,2017-12-10,Peak-aware LightGBM (m=2),408.0,407.1570538612092,7.455878911931314,0.0,357.79004753480365,364.86331533084194,415.45587891193134,414.6129327731405
2017-12-10 04:00:00,2017-12-10,Peak-aware LightGBM (m=2),408.0,408.4085869135653,6.204345859575142,0.0,364.86331533084194,370.7492746231492,414.20434585957514,414.6129327731404
2017-12-10 05:00:00,2017-12-10,Peak-aware LightGBM (m=2),406.0,406.8994942288868,7.71343854425362,0.0,370.7492746231492,378.066884940622,413.7134385442536,414.6129327731404
2017-12-10 06:00:00,2017-12-10,Peak-aware LightGBM (m=2),404.0,408.69024205339315,5.922690719747266,0.0,378.066884940622,383.68564270596653,409.92269071974727,414.6129327731404
2017-12-10 07:00:00,2017-12-10,Peak-aware LightGBM (m=2),404.0,407.23613744846733,7.376795324673083,0.0,383.68564270596653,390.6838852236215,411.3767953246731,414.6129327731404
2017-12-10 08:00:00,2017-12-10,Peak-aware LightGBM (m=2),406.0,417.0852699880166,0.0,2.472337214876177,390.6838852236215,388.07781297595193,403.5276627851238,414.6129327731404
2017-12-10 09:00:00,2017-12-10,Peak-aware LightGBM (m=2),408.0,407.49223585992513,7.1206969132152835,0.0,388.07781297595193,394.8330992079991,415.1206969132153,414.6129327731404
2017-12-10 10:00:00,2017-12-10,Peak-aware LightGBM (m=2),410.0,410.66243068597583,3.9505020871645797,0.0,394.8330992079991,398.5808745570048,413.9505020871646,414.6129327731404
2017-12-10 11:00:00,2017-12-10,Peak-aware LightGBM (m=2),416.0,411.0997993178431,3.513133455297293,0.0,398.5808745570048,401.9137255898677,419.5131334552973,414.6129327731404
2017-12-10 12:00:00,2017-12-10,Peak-aware LightGBM (m=2),419.0,413.36968753112023,1.2432452420201798,0.0,401.9137255898677,403.0931715863535,420.2432452420202,414.6129327731404
2017-12-10 13:00:00,2017-12-10,Peak-aware LightGBM (m=2),418.0,412.71229126243446,1.9006415107059524,0.0,403.0931715863535,404.89627844314145,419.90064151070595,414.6129327731404
2017-12-10 14:00:00,2017-12-10,Peak-aware LightGBM (m=2),421.0,419.3028958811473,0.0,4.689963108006907,404.89627844314145,399.9526232553203,416.3100368919931,414.6129327731404
2017-12-10 15:00:00,2017-12-10,Peak-aware LightGBM (m=2),425.0,422.0691254567957,0.0,7.456192683655274,399.9526232553203,392.0931060708426,417.5438073163447,414.6129327731404
2017-12-10 16:00:00,2017-12-10,Peak-aware LightGBM (m=2),429.0,422.4739413875428,0.0,7.861008614402408,392.0931060708426,383.80687542827036,421.1389913855976,414.6129327731404
2017-12-10 17:00:00,2017-12-10,Peak-aware LightGBM (m=2),426.0,426.4888810395587,0.0,11.875948266418277,383.80687542827036,371.28852679620013,414.1240517335817,414.6129327731404
2017-12-10 18:00:00,2017-12-10,Peak-aware LightGBM (m=2),426.0,422.11593011779837,0.0,7.502997344657956,371.28852679620013,363.37967316709546,418.49700265534204,414.6129327731404
2017-12-10 19:00:00,2017-12-10,Peak-aware LightGBM (m=2),427.0,417.42775821743595,0.0,2.8148254442955363,363.37967316709546,360.412586627172,424.18517455570446,414.6129327731404
2017-12-10 20:00:00,2017-12-10,Peak-aware LightGBM (m=2),423.0,414.94033445739535,0.0,0.3274016842549372,360.412586627172,360.0674749498314,422.67259831574506,414.6129327731404
2017-12-10 21:00:00,2017-12-10,Peak-aware LightGBM (m=2),422.0,413.7118873759156,0.9010453972248342,0.0,360.0674749498314,360.9222816689638,422.90104539722483,414.6129327731404
2017-12-10 22:00:00,2017-12-10,Peak-aware LightGBM (m=2),421.0,411.5705837265345,3.0423490466059206,0.0,360.9222816689638,363.80850739631876,424.0423490466059,414.6129327731404
2017-12-10 23:00:00,2017-12-10,Peak-aware LightGBM (m=2),415.0,411.89311851248874,2.719814260651674,0.0,363.80850739631876,366.3887497591986,417.7198142606517,414.6129327731404
2017-12-11 00:00:00,2017-12-11,Peak-aware LightGBM (m=2),413.0,410.07458995401106,30.12784798155741,0.0,366.3887497591986,394.97053594550704,443.1278479815574,440.20243793556847
2017-12-11 01:00:00,2017-12-11,Peak-aware LightGBM (m=2),414.0,413.18328598852287,27.019151947045657,0.0,394.97053594550704,420.60315412515956,441.01915194704566,440.2024379355685
2017-12-11 02:00:00,2017-12-11,Peak-aware LightGBM (m=2),409.0,414.2347765238815,25.967661411687004,0.0,420.60315412515956,445.2382407958594,434.967661411687,440.2024379355685
2017-12-11 03:00:00,2017-12-11,Peak-aware LightGBM (m=2),410.0,410.626179864031,29.576258071537552,0.0,445.2382407958594,473.2967428471584,439.57625807153755,440.2024379355685
2017-12-11 04:00:00,2017-12-11,Peak-aware LightGBM (m=2),404.0,410.9619713608512,29.240466574717345,0.0,473.2967428471584,501.0366851137969,433.24046657471735,440.2024379355685
2017-12-11 05:00:00,2017-12-11,Peak-aware LightGBM (m=2),405.0,417.78317447806756,22.41926345750096,0.0,501.0366851137969,522.3054659105246,427.41926345750096,440.2024379355685
2017-12-11 06:00:00,2017-12-11,Peak-aware LightGBM (m=2),407.0,413.0571989535211,27.14523898204743,0.0,522.3054659105246,548.0577007543825,434.14523898204743,440.2024379355685
2017-12-11 07:00:00,2017-12-11,Peak-aware LightGBM (m=2),409.0,419.6038109205737,20.598627014994804,0.0,548.0577007543825,567.5992741662794,429.5986270149948,440.2024379355685
2017-12-11 08:00:00,2017-12-11,Peak-aware LightGBM (m=2),416.0,426.5915901034736,13.610847832094919,0.0,567.5992741662794,580.5116581768943,429.6108478320949,440.2024379355685
2017-12-11 09:00:00,2017-12-11,Peak-aware LightGBM (m=2),427.0,429.06053043302467,11.141907502543859,0.0,580.5116581768943,591.0817997329814,438.14190750254386,440.2024379355685
2017-12-11 10:00:00,2017-12-11,Peak-aware LightGBM (m=2),441.0,451.2802192063402,0.0,11.077781270771652,591.0817997329814,579.4047929873841,429.92221872922835,440.2024379355685
2017-12-11 11:00:00,2017-12-11,Peak-aware LightGBM (m=2),462.0,463.8207422288439,0.0,23.6183042932754,579.4047929873841,554.5089143081559,438.3816957067246,440.2024379355685
2017-12-11 12:00:00,2017-12-11,Peak-aware LightGBM (m=2),468.0,466.5231511009279,0.0,26.320713165359393,554.5089143081559,526.7644465606509,441.6792868346406,440.2024379355685
2017-12-11 13:00:00,2017-12-11,Peak-aware LightGBM (m=2),469.0,468.33699718158033,0.0,28.134559246011804,526.7644465606509,497.1080171665344,440.8654407539882,440.2024379355685
2017-12-11 14:00:00,2017-12-11,Peak-aware LightGBM (m=2),469.0,470.4701250033418,0.0,30.267687067773295,497.1080171665344,465.2030736200718,438.7323129322267,440.2024379355685
2017-12-11 15:00:00,2017-12-11,Peak-aware LightGBM (m=2),468.0,473.141381227295,0.0,32.9389432917265,465.2030736200718,430.4823787797445,435.0610567082735,440.2024379355685
2017-12-11 16:00:00,2017-12-11,Peak-aware LightGBM (m=2),467.0,474.6896113700467,0.0,34.487173434478166,430.4823787797445,394.1297060750103,432.51282656552183,440.2024379355685
2017-12-11 17:00:00,2017-12-11,Peak-aware LightGBM (m=2),467.0,471.4704070545377,0.0,31.267969118969177,394.1297060750103,361.17037266709303,435.7320308810308,440.2024379355685
2017-12-11 18:00:00,2017-12-11,Peak-aware LightGBM (m=2),456.0,458.82910139148476,0.0,18.62666345591623,361.17037266709303,341.53614542372,437.37333654408377,440.2024379355685
2017-12-11 19:00:00,2017-12-11,Peak-aware LightGBM (m=2),451.0,450.1394967172643,0.0,9.937058781695782,341.53614542372,331.0615657593412,441.0629412183042,440.2024379355685
2017-12-11 20:00:00,2017-12-11,Peak-aware LightGBM (m=2),440.0,439.3388113866901,0.8636265488784147,0.0,331.0615657593412,331.88087384201526,440.8636265488784,440.2024379355685
2017-12-11 21:00:00,2017-12-11,Peak-aware LightGBM (m=2),428.0,434.2729511351618,5.929486800406721,0.0,331.88087384201526,337.50607893557196,433.9294868004067,440.2024379355685
2017-12-11 22:00:00,2017-12-11,Peak-aware LightGBM (m=2),429.0,428.43540001719197,11.767037918376559,0.0,337.50607893557196,348.66927127626275,440.76703791837656,440.2024379355685
2017-12-11 23:00:00,2017-12-11,Peak-aware LightGBM (m=2),419.0,421.52446761676106,18.677970318807468,0.0,348.66927127626275,366.3887497591986,437.67797031880747,440.2024379355685
2017-12-12 00:00:00,2017-12-12,Peak-aware LightGBM (m=2),417.0,415.7324372511585,24.044557890873108,0.0,366.3887497591986,389.19942023927865,441.0445578908731,439.77699514203164
2017-12-12 01:00:00,2017-12-12,Peak-aware LightGBM (m=2),415.0,418.05855794766495,21.718437194366686,0.0,389.19942023927865,409.80333886533333,436.7184371943667,439.77699514203164
2017-12-12 02:00:00,2017-12-12,Peak-aware LightGBM (m=2),412.0,418.43227452813767,21.34472061389397,0.0,409.80333886533333,430.05271881328906,433.34472061389397,439.77699514203164
2017-12-12 03:00:00,2017-12-12,Peak-aware LightGBM (m=2),410.0,410.8111500067179,28.965845135313714,0.0,430.05271881328906,457.532132307082,438.9658451353137,439.77699514203164
2017-12-12 04:00:00,2017-12-12,Peak-aware LightGBM (m=2),408.0,414.27409090577675,25.502904236254892,0.0,457.532132307082,481.7263116077987,433.5029042362549,439.77699514203164
2017-12-12 05:00:00,2017-12-12,Peak-aware LightGBM (m=2),406.0,413.20106346258814,26.5759316794435,0.0,481.7263116077987,506.93845412221833,432.5759316794435,439.77699514203164
2017-12-12 06:00:00,2017-12-12,Peak-aware LightGBM (m=2),406.0,411.51265905552305,28.264336086508592,0.0,506.93845412221833,533.7523576979754,434.2643360865086,439.77699514203164
2017-12-12 07:00:00,2017-12-12,Peak-aware LightGBM (m=2),408.0,415.8047161147846,23.972279027247055,0.0,533.7523576979754,556.4944584273313,431.97227902724705,439.77699514203164
2017-12-12 08:00:00,2017-12-12,Peak-aware LightGBM (m=2),421.0,419.46124407821986,20.315751063811774,0.0,556.4944584273313,575.7676721489215,441.3157510638118,439.77699514203164
2017-12-12 09:00:00,2017-12-12,Peak-aware LightGBM (m=2),433.0,440.85764645052853,0.0,1.080651308496897,575.7676721489215,574.6285656518239,431.9193486915031,439.77699514203164
2017-12-12 10:00:00,2017-12-12,Peak-aware LightGBM (m=2),446.0,453.0148186981148,0.0,13.237823556083185,574.6285656518239,560.6746744182728,432.7621764439168,439.77699514203164
2017-12-12 11:00:00,2017-12-12,Peak-aware LightGBM (m=2),459.0,466.4421666713312,0.0,26.665171529299585,560.6746744182728,532.5671156743856,432.3348284707004,439.77699514203164
2017-12-12 12:00:00,2017-12-12,Peak-aware LightGBM (m=2),464.0,469.2882546629302,0.0,29.51125952089859,532.5671156743856,501.45951677226185,434.4887404791014,439.77699514203164
2017-12-12 13:00:00,2017-12-12,Peak-aware LightGBM (m=2),468.0,468.7522722727668,0.0,28.97527713073515,501.45951677226185,470.916892916357,439.02472286926485,439.77699514203164
2017-12-12 14:00:00,2017-12-12,Peak-aware LightGBM (m=2),465.0,469.85386127278633,0.0,30.076866130754695,470.916892916357,439.21309229863664,434.9231338692453,439.77699514203164
2017-12-12 15:00:00,2017-12-12,Peak-aware LightGBM (m=2),463.0,466.4966952026105,0.0,26.719700060578873,439.21309229863664,411.04805543598013,436.2802999394211,439.77699514203164
2017-12-12 16:00:00,2017-12-12,Peak-aware LightGBM (m=2),461.0,465.6084314631658,0.0,25.831436321134163,411.04805543598013,383.81933076651876,435.16856367886584,439.77699514203164
2017-12-12 17:00:00,2017-12-12,Peak-aware LightGBM (m=2),459.0,464.1070161799509,0.0,24.330021037919266,383.81933076651876,358.17323676663864,434.66997896208073,439.77699514203164
2017-12-12 18:00:00,2017-12-12,Peak-aware LightGBM (m=2),456.0,455.2291229042134,0.0,15.45212776218176,358.17323676663864,341.8852639585002,440.54787223781824,439.77699514203164
2017-12-12 19:00:00,2017-12-12,Peak-aware LightGBM (m=2),446.0,449.7129770450751,0.0,9.935981903043455,341.8852639585002,331.4118194238897,436.06401809695654,439.77699514203164
2017-12-12 20:00:00,2017-12-12,Peak-aware LightGBM (m=2),436.0,437.94444838642977,1.832546755601868,0.0,331.4118194238897,333.15032592382613,437.83254675560187,439.77699514203164
2017-12-12 21:00:00,2017-12-12,Peak-aware LightGBM (m=2),432.0,431.2785510139124,8.498444128119218,0.0,333.15032592382613,341.21265792758817,440.4984441281192,439.77699514203164
2017-12-12 22:00:00,2017-12-12,Peak-aware LightGBM (m=2),429.0,431.3457482516298,8.431246890401837,0.0,341.21265792758817,349.21124103425274,437.43124689040184,439.77699514203164
2017-12-12 23:00:00,2017-12-12,Peak-aware LightGBM (m=2),420.0,421.6703111092837,18.10668403274792,0.0,349.21124103425274,366.3887497591986,438.1066840327479,439.77699514203164
2017-12-13 00:00:00,2017-12-13,Peak-aware LightGBM (m=2),419.0,417.2683342620678,19.241997576944748,0.0,366.3887497591986,384.64331148157453,438.24199757694475,436.51033183901257
2017-12-13 01:00:00,2017-12-13,Peak-aware LightGBM (m=2),409.0,414.9778060289878,21.53252581002465,0.0,384.64331148157453,405.07085908238656,430.53252581002465,436.51033183901245
2017-12-13 02:00:00,2017-12-13,Peak-aware LightGBM (m=2),410.0,416.9263525204286,19.58397931858383,0.0,405.07085908238656,423.6498531712937,429.58397931858383,436.51033183901245
2017-12-13 03:00:00,2017-12-13,Peak-aware LightGBM (m=2),409.0,413.92599064159333,22.58434119741912,0.0,423.6498531712937,445.07524046276427,431.5843411974191,436.51033183901245
2017-12-13 04:00:00,2017-12-13,Peak-aware LightGBM (m=2),407.0,414.2210803421285,22.289251496883935,0.0,445.07524046276427,466.22068108390545,429.28925149688394,436.51033183901245
2017-12-13 05:00:00,2017-12-13,Peak-aware LightGBM (m=2),407.0,415.8877186605716,20.622613178440872,0.0,466.22068108390545,485.78500976844873,427.6226131784409,436.51033183901245
2017-12-13 06:00:00,2017-12-13,Peak-aware LightGBM (m=2),406.0,414.37943866281967,22.130893176192785,0.0,485.78500976844873,506.7802184956429,428.1308931761928,436.51033183901245
2017-12-13 07:00:00,2017-12-13,Peak-aware LightGBM (m=2),410.0,411.4565643308215,25.05376750819096,0.0,506.7802184956429,530.5483092839042,435.05376750819096,436.51033183901245
2017-12-13 08:00:00,2017-12-13,Peak-aware LightGBM (m=2),417.0,419.0856179131569,17.424713925855542,0.0,530.5483092839042,547.0788443586716,434.42471392585554,436.51033183901245
2017-12-13 09:00:00,2017-12-13,Peak-aware LightGBM (m=2),424.0,434.8775112730609,1.6328205659515334,0.0,547.0788443586716,548.6278739583022,425.63282056595153,436.51033183901245
2017-12-13 10:00:00,2017-12-13,Peak-aware LightGBM (m=2),441.0,444.5481455181409,0.0,8.037813679128476,548.6278739583022,540.1552744136006,432.9621863208715,436.51033183901245
2017-12-13 11:00:00,2017-12-13,Peak-aware LightGBM (m=2),459.0,456.09751330656843,0.0,19.58718146755598,540.1552744136006,519.5085722867616,439.412818532444,436.51033183901245
2017-12-13 12:00:00,2017-12-13,Peak-aware LightGBM (m=2),469.0,460.502663648205,0.0,23.992331809192535,519.5085722867616,494.2184339882424,445.00766819080746,436.51033183901245
2017-12-13 13:00:00,2017-12-13,Peak-aware LightGBM (m=2),473.0,463.4949076995485,0.0,26.98457586053604,494.2184339882424,465.77419351727804,446.01542413946396,436.51033183901245
2017-12-13 14:00:00,2017-12-13,Peak-aware LightGBM (m=2),470.0,461.82088203298576,0.0,25.310550193973313,465.77419351727804,439.094531035621,444.6894498060267,436.51033183901245
2017-12-13 15:00:00,2017-12-13,Peak-aware LightGBM (m=2),477.0,460.5509807154238,0.0,24.040648876411353,439.094531035621,413.7534620763445,452.95935112358865,436.51033183901245
2017-12-13 16:00:00,2017-12-13,Peak-aware LightGBM (m=2),468.0,458.8421153527376,0.0,22.331783513725156,413.7534620763445,390.2136953706208,445.66821648627484,436.51033183901245
2017-12-13 17:00:00,2017-12-13,Peak-aware LightGBM (m=2),467.0,456.5312189949654,0.0,20.02088715595295,390.2136953706208,369.1098273072803,446.97911284404705,436.51033183901245
2017-12-13 18:00:00,2017-12-13,Peak-aware LightGBM (m=2),463.0,454.023980956051,0.0,17.51364911703854,369.1098273072803,350.6488201903344,445.48635088296146,436.51033183901245
2017-12-13 19:00:00,2017-12-13,Peak-aware LightGBM (m=2),447.0,445.5170790258721,0.0,9.006747186859627,350.6488201903344,341.15487505040437,437.9932528131404,436.51033183901245
2017-12-13 20:00:00,2017-12-13,Peak-aware LightGBM (m=2),432.0,436.53108434217984,0.0,0.02075250316738675,341.15487505040437,341.1329999913512,431.9792474968326,436.51033183901245
2017-12-13 21:00:00,2017-12-13,Peak-aware LightGBM (m=2),427.0,432.2869101060168,4.223421732995632,0.0,341.1329999913512,345.13968965006785,431.22342173299563,436.51033183901245
2017-12-13 22:00:00,2017-12-13,Peak-aware LightGBM (m=2),428.0,429.86662356070025,6.643708278312204,0.0,345.13968965006785,351.44246473082256,434.6437082783122,436.51033183901245
2017-12-13 23:00:00,2017-12-13,Peak-aware LightGBM (m=2),422.0,420.7555640897649,15.754767749247549,0.0,351.44246473082256,366.3887497591986,437.75476774924755,436.51033183901245
2017-12-14 00:00:00,2017-12-14,Peak-aware LightGBM (m=2),416.0,415.41793116625956,19.915284054383264,0.0,366.3887497591986,385.28204711752375,435.9152840543833,435.33321522064284
2017-12-14 01:00:00,2017-12-14,Peak-aware LightGBM (m=2),411.0,413.5797452037526,21.75347001689022,0.0,385.28204711752375,405.9192007971901,432.7534700168902,435.33321522064284
2017-12-14 02:00:00,2017-12-14,Peak-aware LightGBM (m=2),410.0,409.54525316496785,25.787962055674996,0.0,405.9192007971901,430.38380969016936,435.787962055675,435.33321522064284
2017-12-14 03:00:00,2017-12-14,Peak-aware LightGBM (m=2),407.0,411.60926223886327,23.723952981779576,0.0,430.38380969016936,452.890327647723,430.7239529817796,435.33321522064284
2017-12-14 04:00:00,2017-12-14,Peak-aware LightGBM (m=2),405.0,410.96954740523654,24.363667815406302,0.0,452.890327647723,476.0037323834498,429.3636678154063,435.33321522064284
2017-12-14 05:00:00,2017-12-14,Peak-aware LightGBM (m=2),405.0,408.2723811506073,27.060834070035526,0.0,476.0037323834498,501.6758936970088,432.0608340700355,435.33321522064284
2017-12-14 06:00:00,2017-12-14,Peak-aware LightGBM (m=2),407.0,412.9785753103936,22.35463991024926,0.0,501.6758936970088,522.8833672137957,429.35463991024926,435.33321522064284
2017-12-14 07:00:00,2017-12-14,Peak-aware LightGBM (m=2),410.0,410.2691224470653,25.064092773577556,0.0,522.8833672137957,546.6612534088773,435.06409277357756,435.33321522064284
2017-12-14 08:00:00,2017-12-14,Peak-aware LightGBM (m=2),414.0,413.60871113083977,21.724504089803077,0.0,546.6612534088773,567.2709275973036,435.7245040898031,435.33321522064284
2017-12-14 09:00:00,2017-12-14,Peak-aware LightGBM (m=2),425.0,425.97299330726923,9.360221913373607,0.0,567.2709275973036,576.1508137925675,434.3602219133736,435.33321522064284
2017-12-14 10:00:00,2017-12-14,Peak-aware LightGBM (m=2),444.0,441.4131088634963,0.0,6.079893642853449,576.1508137925675,569.7420431782366,437.92010635714655,435.33321522064284
2017-12-14 11:00:00,2017-12-14,Peak-aware LightGBM (m=2),462.0,453.33916007972914,0.0,18.0059448590863,569.7420431782366,550.7621107855321,443.9940551409137,435.33321522064284
2017-12-14 12:00:00,2017-12-14,Peak-aware LightGBM (m=2),466.0,462.1666716854891,0.0,26.83345646484628,550.7621107855321,522.4771641442367,439.1665435351537,435.33321522064284
2017-12-14 13:00:00,2017-12-14,Peak-aware LightGBM (m=2),468.0,464.4762868853601,0.0,29.14307166471724,522.4771641442367,491.7576693195624,438.85692833528276,435.33321522064284
2017-12-14 14:00:00,2017-12-14,Peak-aware LightGBM (m=2),471.0,465.7830861598243,0.0,30.449870939181437,491.7576693195624,459.6606871109011,440.55012906081856,435.33321522064284
2017-12-14 15:00:00,2017-12-14,Peak-aware LightGBM (m=2),468.0,469.9483056181796,0.0,34.61509039753673,459.6606871109011,423.17317808795406,433.38490960246327,435.33321522064284
2017-12-14 16:00:00,2017-12-14,Peak-aware LightGBM (m=2),465.0,465.77451309010615,0.0,30.441297869463313,423.17317808795406,391.0852326882423,434.5587021305367,435.33321522064284
2017-12-14 17:00:00,2017-12-14,Peak-aware LightGBM (m=2),463.0,462.24739093437876,0.0,26.914175713735915,391.0852326882423,362.71520048777757,436.0858242862641,435.33321522064284
2017-12-14 18:00:00,2017-12-14,Peak-aware LightGBM (m=2),457.0,455.3128262709425,0.0,19.97961105029964,362.71520048777757,341.6548412600391,437.02038894970036,435.33321522064284
2017-12-14 19:00:00,2017-12-14,Peak-aware LightGBM (m=2),448.0,443.4406956083144,0.0,8.107480387671558,341.6548412600391,333.10880655664346,439.89251961232844,435.33321522064284
2017-12-14 20:00:00,2017-12-14,Peak-aware LightGBM (m=2),443.0,432.576768413237,2.756446807405837,0.0,333.10880655664346,335.72380160479406,445.75644680740584,435.33321522064284
2017-12-14 21:00:00,2017-12-14,Peak-aware LightGBM (m=2),439.0,426.80189194358894,8.5313232770539,0.0,335.72380160479406,343.81732550800467,447.5313232770539,435.33321522064284
2017-12-14 22:00:00,2017-12-14,Peak-aware LightGBM (m=2),430.0,426.97656456324614,8.356650657396699,0.0,343.81732550800467,351.74514041431985,438.3566506573967,435.33321522064284
2017-12-14 23:00:00,2017-12-14,Peak-aware LightGBM (m=2),423.0,419.89749565546185,15.435719565180989,0.0,351.74514041431985,366.3887497591986,438.435719565181,435.33321522064284
2017-12-15 00:00:00,2017-12-15,Peak-aware LightGBM (m=2),417.0,412.4301438658737,19.28338380298996,0.0,366.3887497591986,384.682573902993,436.28338380299,431.71352766886366
2017-12-15 01:00:00,2017-12-15,Peak-aware LightGBM (m=2),413.0,413.2603371277676,18.453190541095978,0.0,384.682573902993,402.18880756507446,431.453190541096,431.7135276688636
2017-12-15 02:00:00,2017-12-15,Peak-aware LightGBM (m=2),411.0,413.56245492200793,18.151072746855675,0.0,402.18880756507446,419.40842712171633,429.1510727468557,431.7135276688636
2017-12-15 03:00:00,2017-12-15,Peak-aware LightGBM (m=2),409.0,408.16767176680816,23.54585590205545,0.0,419.40842712171633,441.7459873543032,432.54585590205545,431.7135276688636
2017-12-15 04:00:00,2017-12-15,Peak-aware LightGBM (m=2),406.0,410.56157666359377,21.151951005269837,0.0,441.7459873543032,461.8124899941855,427.15195100526984,431.7135276688636
2017-12-15 05:00:00,2017-12-15,Peak-aware LightGBM (m=2),408.0,408.38241329432145,23.331114374542153,0.0,461.8124899941855,483.94632852621993,431.33111437454215,431.7135276688636
2017-12-15 06:00:00,2017-12-15,Peak-aware LightGBM (m=2),409.0,405.77647928211667,25.937048386746937,0.0,483.94632852621993,508.5523731314548,434.93704838674694,431.7135276688636
2017-12-15 07:00:00,2017-12-15,Peak-aware LightGBM (m=2),414.0,408.72116918031764,22.99235848854596,0.0,508.5523731314548,530.3648396123283,436.99235848854596,431.7135276688636
2017-12-15 08:00:00,2017-12-15,Peak-aware LightGBM (m=2),415.0,410.6553623008446,21.05816536801899,0.0,530.3648396123283,550.3423693845536,436.058165368019,431.7135276688636
2017-12-15 09:00:00,2017-12-15,Peak-aware LightGBM (m=2),432.0,420.47222794966666,11.241299719196945,0.0,550.3423693845536,561.0068026765357,443.24129971919695,431.7135276688636
2017-12-15 10:00:00,2017-12-15,Peak-aware LightGBM (m=2),450.0,433.810140253591,0.0,2.0966125847273815,561.0068026765357,558.7967789636323,447.9033874152726,431.7135276688636
2017-12-15 11:00:00,2017-12-15,Peak-aware LightGBM (m=2),463.0,452.0411373327944,0.0,20.327609663930787,558.7967789636323,537.3695969886749,442.6723903360692,431.7135276688636
2017-12-15 12:00:00,2017-12-15,Peak-aware LightGBM (m=2),465.0,459.27133188119615,0.0,27.55780421233254,537.3695969886749,508.32112078069076,437.44219578766746,431.7135276688636
2017-12-15 13:00:00,2017-12-15,Peak-aware LightGBM (m=2),473.0,460.3277411896211,0.0,28.614213520757517,508.32112078069076,478.15909138736333,444.3857864792425,431.7135276688636
2017-12-15 14:00:00,2017-12-15,Peak-aware LightGBM (m=2),476.0,462.24440852865496,0.0,30.530880859791353,478.15909138736333,445.97671722463656,445.46911914020865,431.7135276688636
2017-12-15 15:00:00,2017-12-15,Peak-aware LightGBM (m=2),471.0,461.6634246902904,0.0,29.949897021426807,445.97671722463656,414.40675379956883,441.0501029785732,431.7135276688636
2017-12-15 16:00:00,2017-12-15,Peak-aware LightGBM (m=2),463.0,459.4212168338036,0.0,27.707689164940007,414.40675379956883,385.20028497917565,435.29231083506,431.7135276688636
2017-12-15 17:00:00,2017-12-15,Peak-aware LightGBM (m=2),457.0,456.7571704746952,0.0,25.04364280583161,385.20028497917565,358.8019675878022,431.9563571941684,431.7135276688636
2017-12-15 18:00:00,2017-12-15,Peak-aware LightGBM (m=2),447.0,451.74366336476845,0.0,20.030135695904846,358.8019675878022,337.6883507073685,426.96986430409515,431.7135276688636
2017-12-15 19:00:00,2017-12-15,Peak-aware LightGBM (m=2),441.0,438.85205412060395,0.0,7.138526451740347,337.6883507073685,330.1636831324156,433.86147354825965,431.7135276688636
2017-12-15 20:00:00,2017-12-15,Peak-aware LightGBM (m=2),434.0,427.3425573442024,4.370970324661187,0.0,330.1636831324156,334.310349675696,438.3709703246612,431.7135276688636
2017-12-15 21:00:00,2017-12-15,Peak-aware LightGBM (m=2),428.0,424.81434833254065,6.899179336322959,0.0,334.310349675696,340.85548588232075,434.89917933632296,431.7135276688636
2017-12-15 22:00:00,2017-12-15,Peak-aware LightGBM (m=2),422.0,421.9716579283221,9.741869740541517,0.0,340.85548588232075,350.0974349969562,431.7418697405415,431.7135276688636
2017-12-15 23:00:00,2017-12-15,Peak-aware LightGBM (m=2),417.0,414.54097409306013,17.172553575803477,0.0,350.0974349969562,366.3887497591986,434.1725535758035,431.7135276688636
2017-12-16 00:00:00,2017-12-16,Peak-aware LightGBM (m=2),408.0,411.3394607763327,5.115316808904584,0.0,366.3887497591986,371.2415653800434,413.1153168089046,416.4547775852373
2017-12-16 01:00:00,2017-12-16,Peak-aware LightGBM (m=2),408.0,413.79126661733636,2.6635109679009474,0.0,371.2415653800434,373.7683937494654,410.66351096790095,416.4547775852373
2017-12-16 02:00:00,2017-12-16,Peak-aware LightGBM (m=2),405.0,413.6270792871054,2.8276982981319065,0.0,373.7683937494654,376.4509838968322,407.8276982981319,416.4547775852373
2017-12-16 03:00:00,2017-12-16,Peak-aware LightGBM (m=2),406.0,410.43767467942854,6.01710290580877,0.0,376.4509838968322,382.1593089262242,412.01710290580877,416.4547775852373
2017-12-16 04:00:00,2017-12-16,Peak-aware LightGBM (m=2),405.0,415.08513326346764,1.3696443217696697,0.0,382.1593089262242,383.45866761855683,406.36964432176967,416.4547775852373
2017-12-16 05:00:00,2017-12-16,Peak-aware LightGBM (m=2),400.0,405.2027046894544,11.25207289578293,0.0,383.45866761855683,394.13332124323296,411.25207289578293,416.4547775852373
2017-12-16 06:00:00,2017-12-16,Peak-aware LightGBM (m=2),405.0,404.9892883911605,11.465489194076781,0.0,394.13332124323296,405.0104393456322,416.4654891940768,416.4547775852373
2017-12-16 07:00:00,2017-12-16,Peak-aware LightGBM (m=2),402.0,405.9946670848376,10.460110500399708,0.0,405.0104393456322,414.9337714731271,412.4601105003997,416.4547775852373
2017-12-16 08:00:00,2017-12-16,Peak-aware LightGBM (m=2),406.0,407.62501849371444,8.829759091522874,0.0,414.9337714731271,423.3104164490645,414.8297590915229,416.4547775852373
2017-12-16 09:00:00,2017-12-16,Peak-aware LightGBM (m=2),404.0,411.1535382495809,5.301239335656419,0.0,423.3104164490645,428.3396136657702,409.3012393356564,416.4547775852373
2017-12-16 10:00:00,2017-12-16,Peak-aware LightGBM (m=2),411.0,414.0174695463349,2.4373080389024153,0.0,428.3396136657702,430.6518470944811,413.4373080389024,416.4547775852373
2017-12-16 11:00:00,2017-12-16,Peak-aware LightGBM (m=2),418.0,419.4656541685651,0.0,3.0108765833277857,430.6518470944811,427.47810450882025,414.9891234166722,416.4547775852373
2017-12-16 12:00:00,2017-12-16,Peak-aware LightGBM (m=2),417.0,421.31326188500276,0.0,4.8584842997654505,427.47810450882025,422.35681238767756,412.14151570023455,416.4547775852373
2017-12-16 13:00:00,2017-12-16,Peak-aware LightGBM (m=2),414.0,425.6215244546431,0.0,9.166746869405813,422.35681238767756,412.69421277383117,404.8332531305942,416.4547775852373
2017-12-16 14:00:00,2017-12-16,Peak-aware LightGBM (m=2),418.0,429.1175906182886,0.0,12.662813033051293,412.69421277383117,399.34643585072854,405.3371869669487,416.4547775852373
2017-12-16 15:00:00,2017-12-16,Peak-aware LightGBM (m=2),423.0,428.1706936445816,0.0,11.715916059344295,399.34643585072854,386.9967759764372,411.2840839406557,416.4547775852373
2017-12-16 16:00:00,2017-12-16,Peak-aware LightGBM (m=2),422.0,426.54680186975247,0.0,10.092024284515162,386.9967759764372,376.35884832950387,411.90797571548484,416.4547775852373
2017-12-16 17:00:00,2017-12-16,Peak-aware LightGBM (m=2),425.0,422.5451340128422,0.0,6.090356427604888,376.35884832950387,369.93904897167795,418.9096435723951,416.4547775852373
2017-12-16 18:00:00,2017-12-16,Peak-aware LightGBM (m=2),421.0,419.6239845948778,0.0,3.169207009640502,369.93904897167795,366.59841146266626,417.8307929903595,416.4547775852373
2017-12-16 19:00:00,2017-12-16,Peak-aware LightGBM (m=2),416.0,420.27064261809505,0.0,3.8158650328577437,366.59841146266626,362.57613654679176,412.18413496714226,416.4547775852373
2017-12-16 20:00:00,2017-12-16,Peak-aware LightGBM (m=2),416.0,419.40572642911866,0.0,2.950948843881349,362.57613654679176,359.46556334502316,413.04905115611865,416.4547775852373
2017-12-16 21:00:00,2017-12-16,Peak-aware LightGBM (m=2),411.0,416.2963935257264,0.15838405951092227,0.0,359.46556334502316,359.6158196569586,411.1583840595109,416.4547775852373
2017-12-16 22:00:00,2017-12-16,Peak-aware LightGBM (m=2),411.0,414.3209134359349,2.133864149302383,0.0,359.6158196569586,361.64018093571053,413.1338641493024,416.4547775852373
2017-12-16 23:00:00,2017-12-16,Peak-aware LightGBM (m=2),412.0,411.4493465491412,5.005431036096127,0.0,361.64018093571053,366.3887497591986,417.0054310360961,416.4547775852373
2017-12-17 00:00:00,2017-12-17,Peak-aware LightGBM (m=2),408.0,417.4984179693922,0.0,3.2351850611760256,366.3887497591986,362.97856527737616,404.764814938824,414.2632329082162
2017-12-17 01:00:00,2017-12-17,Peak-aware LightGBM (m=2),406.0,416.1032905469943,0.0,1.8400576387780916,362.97856527737616,361.03897422253283,404.1599423612219,414.2632329082162
2017-12-17 02:00:00,2017-12-17,Peak-aware LightGBM (m=2),403.0,430.39524735976727,0.0,16.132014451551072,361.03897422253283,344.0343379179817,386.8679855484489,414.2632329082162
2017-12-17 03:00:00,2017-12-17,Peak-aware LightGBM (m=2),404.0,417.47176420885285,0.0,3.2085313006366505,344.0343379179817,340.6522489666636,400.79146869936335,414.2632329082162
2017-12-17 04:00:00,2017-12-17,Peak-aware LightGBM (m=2),403.0,411.05598278675706,3.2072501214591362,0.0,340.6522489666636,343.69491358956236,406.20725012145914,414.2632329082162
2017-12-17 05:00:00,2017-12-17,Peak-aware LightGBM (m=2),403.0,406.43610497302274,7.8271279351934595,0.0,343.69491358956236,351.120379133385,410.82712793519346,414.2632329082162
2017-12-17 06:00:00,2017-12-17,Peak-aware LightGBM (m=2),406.0,406.18875448591524,8.074478422300956,0.0,351.120379133385,358.7805019530912,414.07447842230096,414.2632329082162
2017-12-17 07:00:00,2017-12-17,Peak-aware LightGBM (m=2),405.0,408.76301163537283,5.500221272843362,0.0,358.7805019530912,363.998470010222,410.50022127284336,414.2632329082162
2017-12-17 08:00:00,2017-12-17,Peak-aware LightGBM (m=2),403.0,413.0793264699968,1.1839064382194238,0.0,363.998470010222,365.1216222746152,404.1839064382194,414.2632329082162
2017-12-17 09:00:00,2017-12-17,Peak-aware LightGBM (m=2),405.0,413.88709385391115,0.37613905430504246,0.0,365.1216222746152,365.47845911317836,405.37613905430504,414.2632329082162
2017-12-17 10:00:00,2017-12-17,Peak-aware LightGBM (m=2),406.0,405.1742735990016,9.088959309214601,0.0,365.47845911317836,374.101003006491,415.0889593092146,414.2632329082162
2017-12-17 11:00:00,2017-12-17,Peak-aware LightGBM (m=2),413.0,410.9889726778465,3.2742602303696913,0.0,374.101003006491,377.20723900051377,416.2742602303697,414.2632329082162
2017-12-17 12:00:00,2017-12-17,Peak-aware LightGBM (m=2),415.0,410.99716168954285,3.2660712186733463,0.0,377.20723900051377,380.30570621591266,418.26607121867335,414.2632329082162
2017-12-17 13:00:00,2017-12-17,Peak-aware LightGBM (m=2),418.0,411.36598972706093,2.897243181155261,0.0,380.30570621591266,383.05427243226416,420.89724318115526,414.2632329082162
2017-12-17 14:00:00,2017-12-17,Peak-aware LightGBM (m=2),418.0,412.7139917352492,1.5492411729670152,0.0,383.05427243226416,384.52401165771016,419.549241172967,414.2632329082162
2017-12-17 15:00:00,2017-12-17,Peak-aware LightGBM (m=2),421.0,416.38704346769345,0.0,2.123810559477249,384.52401165771016,382.2853187621554,418.87618944052275,414.2632329082162
2017-12-17 16:00:00,2017-12-17,Peak-aware LightGBM (m=2),420.0,418.33612871058784,0.0,4.072895802371647,382.2853187621554,377.99210962614416,415.92710419762835,414.2632329082162
2017-12-17 17:00:00,2017-12-17,Peak-aware LightGBM (m=2),423.0,419.7872190224788,0.0,5.523986114262584,377.99210962614416,372.1693169980731,417.4760138857374,414.2632329082162
2017-12-17 18:00:00,2017-12-17,Peak-aware LightGBM (m=2),422.0,419.31839598610367,0.0,5.055163077887471,372.1693169980731,366.84070724150297,416.94483692211253,414.2632329082162
2017-12-17 19:00:00,2017-12-17,Peak-aware LightGBM (m=2),417.0,415.4876680141163,0.0,1.2244351059001133,366.84070724150297,365.5500393142647,415.7755648940999,414.2632329082162
2017-12-17 20:00:00,2017-12-17,Peak-aware LightGBM (m=2),413.0,414.85588903037063,0.0,0.5926561221544375,365.5500393142647,364.9253249091812,412.40734387784556,414.2632329082162
2017-12-17 21:00:00,2017-12-17,Peak-aware LightGBM (m=2),414.0,413.35247425547254,0.9107586527436524,0.0,364.9253249091812,365.7893464315941,414.91075865274365,414.2632329082162
2017-12-17 22:00:00,2017-12-17,Peak-aware LightGBM (m=2),411.0,413.8557406741349,0.4074922340813032,0.0,365.7893464315941,366.17592750815203,411.4074922340813,414.2632329082162
2017-12-17 23:00:00,2017-12-17,Peak-aware LightGBM (m=2),408.0,414.0388985581924,0.22433435002380975,0.0,366.17592750815203,366.3887497591986,408.2243343500238,414.2632329082162
2017-12-18 00:00:00,2017-12-18,Peak-aware LightGBM (m=2),405.0,416.04386549763,21.98293360200648,0.0,366.3887497591986,387.2435917095756,426.9829336020065,438.0267990996365
2017-12-18 01:00:00,2017-12-18,Peak-aware LightGBM (m=2),403.0,427.48361200521435,10.54318709442208,0.0,387.2435917095756,397.24573721427555,413.5431870944221,438.02679909963643
2017-12-18 02:00:00,2017-12-18,Peak-aware LightGBM (m=2),404.0,422.1902470414846,15.836552058151824,0.0,397.24573721427555,412.2696096505517,419.8365520581518,438.02679909963643
2017-12-18 03:00:00,2017-12-18,Peak-aware LightGBM (m=2),401.0,407.7272310955731,30.29956800406336,0.0,412.2696096505517,441.01430375415396,431.29956800406336,438.02679909963643
2017-12-18 04:00:00,2017-12-18,Peak-aware LightGBM (m=2),399.0,407.5443467866065,30.48245231302991,0.0,441.01430375415396,469.9324971471467,429.4824523130299,438.02679909963643
2017-12-18 05:00:00,2017-12-18,Peak-aware LightGBM (m=2),400.0,405.0430037248432,32.98379537479326,0.0,469.9324971471467,501.22367292552883,432.98379537479326,438.02679909963643
2017-12-18 06:00:00,2017-12-18,Peak-aware LightGBM (m=2),401.0,409.5255064469377,28.501292652698737,0.0,501.22367292552883,528.262373237994,429.50129265269874,438.02679909963643
2017-12-18 07:00:00,2017-12-18,Peak-aware LightGBM (m=2),404.0,418.28404656673354,19.742752532902898,0.0,528.262373237994,546.9919928235034,423.7427525329029,438.02679909963643
2017-12-18 08:00:00,2017-12-18,Peak-aware LightGBM (m=2),414.0,419.941177743928,18.08562135570844,0.0,546.9919928235034,564.1495197385298,432.08562135570844,438.02679909963643
2017-12-18 09:00:00,2017-12-18,Peak-aware LightGBM (m=2),427.0,428.62292539118107,9.403873708455365,0.0,564.1495197385298,573.0708176627177,436.40387370845536,438.02679909963643
2017-12-18 10:00:00,2017-12-18,Peak-aware LightGBM (m=2),441.0,462.2054413000771,0.0,24.178642200440663,573.0708176627177,547.5842909681651,416.82135779955934,438.02679909963643
2017-12-18 11:00:00,2017-12-18,Peak-aware LightGBM (m=2),455.0,461.82054211455215,0.0,23.79374301491572,547.5842909681651,522.5034836388795,431.2062569850843,438.02679909963643
2017-12-18 12:00:00,2017-12-18,Peak-aware LightGBM (m=2),461.0,463.6548463907181,0.0,25.628047291081657,522.5034836388795,495.4891498314364,435.37195270891834,438.02679909963643
2017-12-18 13:00:00,2017-12-18,Peak-aware LightGBM (m=2),461.0,465.61943767599035,0.0,27.59263857635392,495.4891498314364,466.4039549797353,433.4073614236461,438.02679909963643
2017-12-18 14:00:00,2017-12-18,Peak-aware LightGBM (m=2),462.0,468.57480844578845,0.0,30.548009346152014,466.4039549797353,434.20352580708504,431.451990653848,438.02679909963643
2017-12-18 15:00:00,2017-12-18,Peak-aware LightGBM (m=2),461.0,466.1173203480568,0.0,28.090521248420373,434.20352580708504,404.5935165382966,432.9094787515796,438.02679909963643
2017-12-18 16:00:00,2017-12-18,Peak-aware LightGBM (m=2),457.0,462.6914183735976,0.0,24.664619273961193,404.5935165382966,378.59472502942754,432.3353807260388,438.02679909963643
2017-12-18 17:00:00,2017-12-18,Peak-aware LightGBM (m=2),456.0,458.000229936223,0.0,19.973430836586545,378.59472502942754,357.5408803189421,436.02656916341346,438.02679909963643
2017-12-18 18:00:00,2017-12-18,Peak-aware LightGBM (m=2),452.0,453.405366368401,0.0,15.378567268764584,357.5408803189421,341.3304470791386,436.6214327312354,438.02679909963643
2017-12-18 19:00:00,2017-12-18,Peak-aware LightGBM (m=2),441.0,441.2216621586126,0.0,3.194863058976182,341.3304470791386,337.9627657195729,437.8051369410238,438.02679909963643
2017-12-18 20:00:00,2017-12-18,Peak-aware LightGBM (m=2),434.0,439.49928998152706,0.0,1.4724908818906215,337.9627657195729,336.41062404603804,432.5275091181094,438.02679909963643
2017-12-18 21:00:00,2017-12-18,Peak-aware LightGBM (m=2),431.0,433.44431918805094,4.582479911585494,0.0,336.41062404603804,340.75794620181125,435.5824799115855,438.02679909963643
2017-12-18 22:00:00,2017-12-18,Peak-aware LightGBM (m=2),425.0,425.5355478919558,12.491251207680648,0.0,340.75794620181125,352.6081875942912,437.49125120768065,438.02679909963643
2017-12-18 23:00:00,2017-12-18,Peak-aware LightGBM (m=2),424.0,423.500811140087,14.525987959549411,0.0,352.6081875942912,366.3887497591986,438.5259879595494,438.02679909963643
2017-12-19 00:00:00,2017-12-19,Peak-aware LightGBM (m=2),415.0,424.3038632905278,11.713629811740118,0.0,366.3887497591986,377.50127472114303,426.71362981174013,436.0174931022679
2017-12-19 01:00:00,2017-12-19,Peak-aware LightGBM (m=2),417.0,422.38312625804446,13.634366844223393,0.0,377.50127472114303,390.4359708257515,430.6343668442234,436.01749310226785
2017-12-19 02:00:00,2017-12-19,Peak-aware LightGBM (m=2),417.0,420.35904389563314,15.658449206634714,0.0,390.4359708257515,405.29088006145815,432.6584492066347,436.01749310226785
2017-12-19 03:00:00,2017-12-19,Peak-aware LightGBM (m=2),417.0,411.83412295683866,24.183370145429194,0.0,405.29088006145815,428.2332394090037,441.1833701454292,436.01749310226785
2017-12-19 04:00:00,2017-12-19,Peak-aware LightGBM (m=2),417.0,405.83504994251643,30.182443159751415,0.0,428.2332394090037,456.86681912901884,447.1824431597514,436.01749310226785
2017-12-19 05:00:00,2017-12-19,Peak-aware LightGBM (m=2),415.0,410.38180308544105,25.6356900168268,0.0,456.86681912901884,481.18697008198274,440.6356900168268,436.01749310226785
2017-12-19 06:00:00,2017-12-19,Peak-aware LightGBM (m=2),418.0,408.4206394171452,27.596853685122653,0.0,481.18697008198274,507.36764425180235,445.59685368512265,436.01749310226785
2017-12-19 07:00:00,2017-12-19,Peak-aware LightGBM (m=2),421.0,413.03770962790054,22.97978347436731,0.0,507.36764425180235,529.1681810267518,443.9797834743673,436.01749310226785
2017-12-19 08:00:00,2017-12-19,Peak-aware LightGBM (m=2),427.0,415.57226720096537,20.44522590130248,0.0,529.1681810267518,548.5642253641872,447.4452259013025,436.01749310226785
2017-12-19 09:00:00,2017-12-19,Peak-aware LightGBM (m=2),437.0,432.6540585930965,3.363434509171327,0.0,548.5642253641872,551.7550595071243,440.3634345091713,436.01749310226785
2017-12-19 10:00:00,2017-12-19,Peak-aware LightGBM (m=2),447.0,448.139284178913,0.0,12.121791076645138,551.7550595071243,538.9775697994901,434.87820892335486,436.01749310226785
2017-12-19 11:00:00,2017-12-19,Peak-aware LightGBM (m=2),460.0,456.4740212398332,0.0,20.45652813756533,538.9775697994901,517.4144958214802,439.54347186243467,436.01749310226785
2017-12-19 12:00:00,2017-12-19,Peak-aware LightGBM (m=2),463.0,462.84791083303304,0.0,26.83041773076519,517.4144958214802,489.13275228715156,436.1695822692348,436.01749310226785
2017-12-19 13:00:00,2017-12-19,Peak-aware LightGBM (m=2),460.0,461.9267856671606,0.0,25.909292564892723,489.13275228715156,461.82195993090954,434.0907074351073,436.01749310226785
2017-12-19 14:00:00,2017-12-19,Peak-aware LightGBM (m=2),466.0,462.81442029449533,0.0,26.796927192227486,461.82195993090954,433.5755185238627,439.2030728077725,436.01749310226785
2017-12-19 15:00:00,2017-12-19,Peak-aware LightGBM (m=2),466.0,459.06596477148827,0.0,23.04847166922042,433.5755185238627,409.2802961703296,442.9515283307796,436.01749310226785
2017-12-19 16:00:00,2017-12-19,Peak-aware LightGBM (m=2),467.0,456.10229256540686,0.0,20.084799463139007,409.2802961703296,388.1090586199143,446.915200536861,436.01749310226785
2017-12-19 17:00:00,2017-12-19,Peak-aware LightGBM (m=2),467.0,454.8475462283727,0.0,18.830053126104872,388.1090586199143,368.26043983975933,448.1699468738951,436.01749310226785
2017-12-19 18:00:00,2017-12-19,Peak-aware LightGBM (m=2),461.0,451.89855917360245,0.0,15.881066071334601,368.26043983975933,351.5203263540793,445.1189339286654,436.01749310226785
2017-12-19 19:00:00,2017-12-19,Peak-aware LightGBM (m=2),448.0,441.696209606167,0.0,5.678716503899125,351.5203263540793,345.5344335745094,442.3212834961009,436.01749310226785
2017-12-19 20:00:00,2017-12-19,Peak-aware LightGBM (m=2),440.0,436.74955579358766,0.0,0.7320626913198112,345.5344335745094,344.7627717429748,439.2679373086802,436.01749310226785
2017-12-19 21:00:00,2017-12-19,Peak-aware LightGBM (m=2),434.0,432.12779367149477,3.889699430773078,0.0,344.7627717429748,348.45286462738574,437.8896994307731,436.01749310226785
2017-12-19 22:00:00,2017-12-19,Peak-aware LightGBM (m=2),429.0,427.32491920370353,8.69257389856432,0.0,348.45286462738574,356.6993643020235,437.6925738985643,436.01749310226785
2017-12-19 23:00:00,2017-12-19,Peak-aware LightGBM (m=2),428.0,425.80398404493945,10.213509057328395,0.0,356.6993643020235,366.3887497591986,438.2135090573284,436.01749310226785
2017-12-20 00:00:00,2017-12-20,Peak-aware LightGBM (m=2),425.0,418.54780895433396,19.130734871960957,0.0,366.3887497591986,384.5377584116605,444.13073487196095,437.6785438262949
2017-12-20 01:00:00,2017-12-20,Peak-aware LightGBM (m=2),422.0,417.35711997660695,20.321423849687903,0.0,384.5377584116605,403.8163538104648,442.3214238496879,437.67854382629486
2017-12-20 02:00:00,2017-12-20,Peak-aware LightGBM (m=2),419.0,416.12816581325757,21.55037801303729,0.0,403.8163538104648,424.2608374981083,440.5503780130373,437.67854382629486
2017-12-20 03:00:00,2017-12-20,Peak-aware LightGBM (m=2),418.0,411.48115352916375,26.197390297131108,0.0,424.2608374981083,449.1138641255117,444.1973902971311,437.67854382629486
2017-12-20 04:00:00,2017-12-20,Peak-aware LightGBM (m=2),416.0,410.3813827219228,27.297161104372037,0.0,449.1138641255117,475.0102249494236,443.29716110437204,437.67854382629486
2017-12-20 05:00:00,2017-12-20,Peak-aware LightGBM (m=2),417.0,407.7083838462588,29.970159980036044,0.0,475.0102249494236,503.4424151623857,446.97015998003604,437.67854382629486
2017-12-20 06:00:00,2017-12-20,Peak-aware LightGBM (m=2),417.0,412.1894194933024,25.489124332992446,0.0,503.4424151623857,527.6235216990286,442.48912433299245,437.67854382629486
2017-12-20 07:00:00,2017-12-20,Peak-aware LightGBM (m=2),422.0,415.9545151471895,21.724028679105345,0.0,527.6235216990286,548.2327448732663,443.72402867910534,437.67854382629486
2017-12-20 08:00:00,2017-12-20,Peak-aware LightGBM (m=2),422.0,426.07801055449943,11.600533271795427,0.0,548.2327448732663,559.2379770366979,433.6005332717954,437.67854382629486
2017-12-20 09:00:00,2017-12-20,Peak-aware LightGBM (m=2),433.0,438.0973670959111,0.0,0.4188232696162686,559.2379770366979,558.7964985470089,432.58117673038373,437.67854382629486
2017-12-20 10:00:00,2017-12-20,Peak-aware LightGBM (m=2),449.0,448.2299555233129,0.0,10.551411697018068,558.7964985470089,547.674334049435,438.44858830298193,437.67854382629486
2017-12-20 11:00:00,2017-12-20,Peak-aware LightGBM (m=2),456.0,458.10110402523645,0.0,20.422560198941596,547.674334049435,526.1470654225823,435.5774398010584,437.67854382629486
2017-12-20 12:00:00,2017-12-20,Peak-aware LightGBM (m=2),461.0,460.5125220637955,0.0,22.833978237500617,526.1470654225823,502.07793899817625,438.1660217624994,437.67854382629486
2017-12-20 13:00:00,2017-12-20,Peak-aware LightGBM (m=2),457.0,459.9804982719244,0.0,22.30195444562952,502.07793899817625,478.5696148910065,434.6980455543705,437.67854382629486
2017-12-20 14:00:00,2017-12-20,Peak-aware LightGBM (m=2),456.0,465.0448418241568,0.0,27.36629799786192,478.5696148910065,449.72300395762386,428.6337020021381,437.67854382629486
2017-12-20 15:00:00,2017-12-20,Peak-aware LightGBM (m=2),455.0,464.8024133187184,0.0,27.123869492423523,449.72300395762386,421.13193510655265,427.8761305075765,437.67854382629486
2017-12-20 16:00:00,2017-12-20,Peak-aware LightGBM (m=2),456.0,464.52424817980693,0.0,26.845704353512076,421.13193510655265,392.83407805702063,429.1542956464879,437.67854382629486
2017-12-20 17:00:00,2017-12-20,Peak-aware LightGBM (m=2),454.0,463.29803423189304,0.0,25.619490405598185,392.83407805702063,365.8287639988466,428.3805095944018,437.67854382629486
2017-12-20 18:00:00,2017-12-20,Peak-aware LightGBM (m=2),451.0,455.90581100035865,0.0,18.227267174063797,365.8287639988466,346.6155374020259,432.7727328259362,437.67854382629486
2017-12-20 19:00:00,2017-12-20,Peak-aware LightGBM (m=2),439.0,444.14398269100104,0.0,6.4654388647061865,346.6155374020259,339.80036644034453,432.5345611352938,437.67854382629486
2017-12-20 20:00:00,2017-12-20,Peak-aware LightGBM (m=2),433.0,434.79922344477956,2.8793203815152992,0.0,339.80036644034453,342.53192959602484,435.8793203815153,437.67854382629486
2017-12-20 21:00:00,2017-12-20,Peak-aware LightGBM (m=2),424.0,431.8149504231834,5.863593403111452,0.0,342.53192959602484,348.0946227241156,429.86359340311145,437.67854382629486
2017-12-20 22:00:00,2017-12-20,Peak-aware LightGBM (m=2),418.0,428.6473815806296,9.031162245665257,0.0,348.0946227241156,356.6623355085626,427.03116224566526,437.67854382629486
2017-12-20 23:00:00,2017-12-20,Peak-aware LightGBM (m=2),419.0,427.4260029935183,10.25254083277656,0.0,356.6623355085626,366.3887497591986,429.25254083277656,437.67854382629486
2017-12-21 00:00:00,2017-12-21,Peak-aware LightGBM (m=2),415.0,422.9326689078264,9.446841656054055,0.0,366.3887497591986,375.35081065762495,424.44684165605406,432.37951056388044
2017-12-21 01:00:00,2017-12-21,Peak-aware LightGBM (m=2),416.0,418.4519243437458,13.927586220134685,0.0,375.35081065762495,388.56367908682523,429.9275862201347,432.3795105638805
2017-12-21 02:00:00,2017-12-21,Peak-aware LightGBM (m=2),413.0,412.6664308047843,19.713079759096217,0.0,388.56367908682523,407.2651486074174,432.7130797590962,432.3795105638805
2017-12-21 03:00:00,2017-12-21,Peak-aware LightGBM (m=2),409.0,411.48227164887777,20.89723891500273,0.0,407.2651486074174,427.09001014145514,429.89723891500273,432.3795105638805
2017-12-21 04:00:00,2017-12-21,Peak-aware LightGBM (m=2),407.0,408.06192811612897,24.317582447751533,0.0,427.09001014145514,450.1596944586033,431.31758244775153,432.3795105638805
2017-12-21 05:00:00,2017-12-21,Peak-aware LightGBM (m=2),408.0,407.4885025576251,24.89100800625539,0.0,450.1596944586033,473.77337802577944,432.8910080062554,432.3795105638805
2017-12-21 06:00:00,2017-12-21,Peak-aware LightGBM (m=2),408.0,408.65261082256376,23.726899741316743,0.0,473.77337802577944,496.2826915248857,431.72689974131674,432.3795105638805
2017-12-21 07:00:00,2017-12-21,Peak-aware LightGBM (m=2),412.0,416.57623816959097,15.803272394289536,0.0,496.2826915248857,511.27499209989094,427.80327239428954,432.3795105638805
2017-12-21 08:00:00,2017-12-21,Peak-aware LightGBM (m=2),416.0,419.80843270994706,12.571077853933446,0.0,511.27499209989094,523.2009636984103,428.57107785393345,432.3795105638805
2017-12-21 09:00:00,2017-12-21,Peak-aware LightGBM (m=2),424.0,432.32788737191083,0.051623191969667914,0.0,523.2009636984103,523.2499377584245,424.05162319196967,432.3795105638805
2017-12-21 10:00:00,2017-12-21,Peak-aware LightGBM (m=2),438.0,443.397791544338,0.0,11.018280980457519,523.2499377584245,511.635649825771,426.9817190195425,432.3795105638805
2017-12-21 11:00:00,2017-12-21,Peak-aware LightGBM (m=2),452.0,452.79307766584293,0.0,20.41356710196243,511.635649825771,490.1178607554766,431.5864328980376,432.3795105638805
2017-12-21 12:00:00,2017-12-21,Peak-aware LightGBM (m=2),460.0,455.91888669300596,0.0,23.539376129125458,490.1178607554766,465.30517966633124,436.46062387087454,432.3795105638805
2017-12-21 13:00:00,2017-12-21,Peak-aware LightGBM (m=2),460.0,455.1088136577987,0.0,22.72930309391819,465.30517966633124,441.34639053130013,437.2706969060818,432.3795105638805
2017-12-21 14:00:00,2017-12-21,Peak-aware LightGBM (m=2),456.0,454.5118478107625,0.0,22.132337246882003,441.34639053130013,418.01685865025775,433.867662753118,432.3795105638805
2017-12-21 15:00:00,2017-12-21,Peak-aware LightGBM (m=2),458.0,454.00523800181674,0.0,21.625727437936234,418.01685865025775,395.2213403962992,436.37427256206377,432.3795105638805
2017-12-21 16:00:00,2017-12-21,Peak-aware LightGBM (m=2),455.0,455.0076709525462,0.0,22.62816038866572,395.2213403962992,371.3691650337041,432.3718396113343,432.3795105638805
2017-12-21 17:00:00,2017-12-21,Peak-aware LightGBM (m=2),454.0,452.0022368641449,0.0,19.62272630026439,371.3691650337041,350.6849953633955,434.3772736997356,432.3795105638805
2017-12-21 18:00:00,2017-12-21,Peak-aware LightGBM (m=2),445.0,450.0667219598455,0.0,17.687211395964994,350.6849953633955,332.04103754068365,427.312788604035,432.3795105638805
2017-12-21 19:00:00,2017-12-21,Peak-aware LightGBM (m=2),436.0,437.91649852502417,0.0,5.536987961143666,332.04103754068365,326.20453976263525,430.46301203885633,432.3795105638805
2017-12-21 20:00:00,2017-12-21,Peak-aware LightGBM (m=2),434.0,432.217576977194,0.16193358668647306,0.0,326.20453976263525,326.3581634517184,434.1619335866865,432.3795105638805
2017-12-21 21:00:00,2017-12-21,Peak-aware LightGBM (m=2),419.0,423.596794449305,8.782716114575521,0.0,326.3581634517184,334.69017954113514,427.7827161145755,432.3795105638805
2017-12-21 22:00:00,2017-12-21,Peak-aware LightGBM (m=2),416.0,415.95313538039204,16.42637518348846,0.0,334.69017954113514,350.27360732522203,432.42637518348846,432.3795105638805
2017-12-21 23:00:00,2017-12-21,Peak-aware LightGBM (m=2),411.0,415.3926589274153,16.98685163646519,0.0,350.27360732522203,366.3887497591986,427.9868516364652,432.3795105638805
2017-12-22 00:00:00,2017-12-22,Peak-aware LightGBM (m=2),409.0,413.3613780346177,13.592177566909834,0.0,366.3887497591986,379.28342160106286,422.5921775669098,426.9535556015275
2017-12-22 01:00:00,2017-12-22,Peak-aware LightGBM (m=2),405.0,410.8978191163822,16.05573648514536,0.0,379.28342160106286,394.51523064242065,421.05573648514536,426.95355560152757
2017-12-22 02:00:00,2017-12-22,Peak-aware LightGBM (m=2),403.0,411.5728678651073,15.38068773642027,0.0,394.51523064242065,409.10663221049435,418.38068773642027,426.95355560152757
2017-12-22 03:00:00,2017-12-22,Peak-aware LightGBM (m=2),403.0,406.64505913197894,20.30849646954863,0.0,409.10663221049435,428.3729636196731,423.30849646954863,426.95355560152757
2017-12-22 04:00:00,2017-12-22,Peak-aware LightGBM (m=2),405.0,405.73375601674513,21.219799584782436,0.0,428.3729636196731,448.50383307373613,426.21979958478244,426.95355560152757
2017-12-22 05:00:00,2017-12-22,Peak-aware LightGBM (m=2),402.0,404.9230749511068,22.03048065042077,0.0,448.50383307373613,469.40378211481584,424.03048065042077,426.95355560152757
2017-12-22 06:00:00,2017-12-22,Peak-aware LightGBM (m=2),405.0,405.0545823579638,21.898973243563773,0.0,469.40378211481584,490.1789722754411,426.8989732435638,426.95355560152757
2017-12-22 07:00:00,2017-12-22,Peak-aware LightGBM (m=2),405.0,408.2817481577061,18.67180744382148,0.0,490.1789722754411,507.8926041418099,423.6718074438215,426.95355560152757
2017-12-22 08:00:00,2017-12-22,Peak-aware LightGBM (m=2),427.0,412.5780518342801,14.375503767247494,0.0,507.8926041418099,521.5304044668592,441.3755037672475,426.95355560152757
2017-12-22 09:00:00,2017-12-22,Peak-aware LightGBM (m=2),409.0,418.90146151794323,8.052094083584336,0.0,521.5304044668592,529.1692916382872,417.05209408358434,426.95355560152757
2017-12-22 10:00:00,2017-12-22,Peak-aware LightGBM (m=2),436.0,427.26852626512454,0.0,0.31497066359696646,529.1692916382872,528.8372834072534,435.68502933640303,426.95355560152757
2017-12-22 11:00:00,2017-12-22,Peak-aware LightGBM (m=2),444.0,446.05655003726287,0.0,19.102994435735297,528.8372834072534,508.70095922510427,424.8970055642647,426.95355560152757
2017-12-22 12:00:00,2017-12-22,Peak-aware LightGBM (m=2),440.0,453.4909846473721,0.0,26.537429045844533,508.70095922510427,480.72805288177915,413.46257095415547,426.95355560152757
2017-12-22 13:00:00,2017-12-22,Peak-aware LightGBM (m=2),425.0,454.46754921858707,0.0,27.513993617059498,480.72805288177915,451.725757096031,397.4860063829405,426.95355560152757
2017-12-22 14:00:00,2017-12-22,Peak-aware LightGBM (m=2),431.0,453.56861414995194,0.0,26.615058548424372,451.725757096031,423.67102207211155,404.3849414515756,426.95355560152757
2017-12-22 15:00:00,2017-12-22,Peak-aware LightGBM (m=2),426.0,455.775221026126,0.0,28.82166542459845,423.67102207211155,393.2903191717596,397.17833457540155,426.95355560152757
2017-12-22 16:00:00,2017-12-22,Peak-aware LightGBM (m=2),423.0,450.26006686456896,0.0,23.306511263041386,393.2903191717596,368.7230992038999,399.6934887369586,426.95355560152757
2017-12-22 17:00:00,2017-12-22,Peak-aware LightGBM (m=2),420.0,449.5062357600206,0.0,22.552680158493047,368.7230992038999,344.95048698985784,397.44731984150695,426.95355560152757
2017-12-22 18:00:00,2017-12-22,Peak-aware LightGBM (m=2),410.0,441.21503371040984,0.0,14.261478108882272,344.95048698985784,329.91756911495804,395.7385218911177,426.95355560152757
2017-12-22 19:00:00,2017-12-22,Peak-aware LightGBM (m=2),399.0,428.9224381176207,0.0,1.9688825160931174,329.91756911495804,327.8421847162456,397.0311174839069,426.95355560152757
2017-12-22 20:00:00,2017-12-22,Peak-aware LightGBM (m=2),395.0,424.24673689410054,2.7068187074270327,0.0,327.8421847162456,330.4100984148324,397.70681870742703,426.95355560152757
2017-12-22 21:00:00,2017-12-22,Peak-aware LightGBM (m=2),393.0,415.1506664391908,11.802889162336783,0.0,330.4100984148324,341.6073022318827,404.8028891623368,426.95355560152757
2017-12-22 22:00:00,2017-12-22,Peak-aware LightGBM (m=2),389.0,414.4014075719163,12.55214802961126,0.0,341.6073022318827,353.5153154222326,401.55214802961126,426.95355560152757
2017-12-22 23:00:00,2017-12-22,Peak-aware LightGBM (m=2),389.0,413.38376433038354,13.569791271144027,0.0,353.5153154222326,366.3887497591986,402.569791271144,426.95355560152757
2017-12-23 00:00:00,2017-12-23,Peak-aware LightGBM (m=2),389.0,417.4313427426223,0.0,1.266269706796436,366.3887497591986,365.05398429068185,387.73373029320356,416.16507303582586
2017-12-23 01:00:00,2017-12-23,Peak-aware LightGBM (m=2),387.0,435.4816432830921,0.0,19.31657024726627,365.05398429068185,344.69253143601406,367.68342975273373,416.16507303582586
2017-12-23 02:00:00,2017-12-23,Peak-aware LightGBM (m=2),385.0,427.47505449720177,0.0,11.309981461375912,344.69253143601406,332.77076419860487,373.6900185386241,416.16507303582586
2017-12-23 03:00:00,2017-12-23,Peak-aware LightGBM (m=2),386.0,414.43710493074985,1.7279681050760882,0.0,332.77076419860487,334.4100586794548,387.7279681050761,416.16507303582597
2017-12-23 04:00:00,2017-12-23,Peak-aware LightGBM (m=2),385.0,416.7357641809016,0.0,0.5706911450757275,334.4100586794548,333.80849739314544,384.4293088549243,416.16507303582586
2017-12-23 05:00:00,2017-12-23,Peak-aware LightGBM (m=2),384.0,414.60565984627317,1.5594131895526857,0.0,333.80849739314544,335.2878866408337,385.5594131895527,416.16507303582586
2017-12-23 06:00:00,2017-12-23,Peak-aware LightGBM (m=2),385.0,415.0245633366298,1.140509699196059,0.0,335.2878866408337,336.36986914372665,386.14050969919606,416.16507303582586
2017-12-23 07:00:00,2017-12-23,Peak-aware LightGBM (m=2),387.0,413.69917184585756,2.4659011899682923,0.0,336.36986914372665,338.7092284172925,389.4659011899683,416.16507303582586
2017-12-23 08:00:00,2017-12-23,Peak-aware LightGBM (m=2),382.0,405.83907428093164,10.325998754894215,0.0,338.7092284172925,348.505330971751,392.3259987548942,416.16507303582586
2017-12-23 09:00:00,2017-12-23,Peak-aware LightGBM (m=2),389.0,411.00085249596395,5.164220539861901,0.0,348.505330971751,353.40454074536433,394.1642205398619,416.16507303582586
2017-12-23 10:00:00,2017-12-23,Peak-aware LightGBM (m=2),385.0,406.4215042813284,9.74356875449746,0.0,353.40454074536433,362.64810168616293,394.74356875449746,416.16507303582586
2017-12-23 11:00:00,2017-12-23,Peak-aware LightGBM (m=2),388.0,409.3143279345789,6.850745101246957,0.0,362.64810168616293,369.1472891429173,394.85074510124696,416.16507303582586
2017-12-23 12:00:00,2017-12-23,Peak-aware LightGBM (m=2),394.0,410.1654330823085,5.999639953517374,0.0,369.1472891429173,374.8390473611358,399.9996399535174,416.16507303582586
2017-12-23 13:00:00,2017-12-23,Peak-aware LightGBM (m=2),396.0,412.1951525591015,3.9699204767243828,0.0,374.8390473611358,378.60524461199293,399.9699204767244,416.16507303582586
2017-12-23 14:00:00,2017-12-23,Peak-aware LightGBM (m=2),395.0,414.7592632919253,1.4058097439005337,0.0,378.60524461199293,379.9389128362682,396.40580974390053,416.16507303582586
2017-12-23 15:00:00,2017-12-23,Peak-aware LightGBM (m=2),399.0,415.84334907552,0.32172396030586015,0.0,379.9389128362682,380.2441269839924,399.32172396030586,416.16507303582586
2017-12-23 16:00:00,2017-12-23,Peak-aware LightGBM (m=2),399.0,414.5202037344869,1.6448693013389288,0.0,380.2441269839924,381.8045870176484,400.64486930133893,416.16507303582586
2017-12-23 17:00:00,2017-12-23,Peak-aware LightGBM (m=2),400.0,410.66732048615523,5.497752549670622,0.0,381.8045870176484,387.0202130383355,405.4977525496706,416.16507303582586
2017-12-23 18:00:00,2017-12-23,Peak-aware LightGBM (m=2),399.0,413.4255303413501,2.7395426944757446,0.0,387.0202130383355,389.61917143688106,401.73954269447574,416.16507303582586
2017-12-23 19:00:00,2017-12-23,Peak-aware LightGBM (m=2),398.0,424.23257916162123,0.0,8.067506125795376,389.61917143688106,381.1152733052561,389.9324938742046,416.16507303582586
2017-12-23 20:00:00,2017-12-23,Peak-aware LightGBM (m=2),396.0,422.7822924509122,0.0,6.6172194150863675,381.1152733052561,374.1401115956696,389.38278058491363,416.16507303582586
2017-12-23 21:00:00,2017-12-23,Peak-aware LightGBM (m=2),389.0,417.2879760663968,0.0,1.122903030570967,374.1401115956696,372.9564678729663,387.87709696942903,416.16507303582586
2017-12-23 22:00:00,2017-12-23,Peak-aware LightGBM (m=2),392.0,419.78974717145496,0.0,3.624674135629107,372.9564678729663,369.13572585813637,388.3753258643709,416.16507303582586
2017-12-23 23:00:00,2017-12-23,Peak-aware LightGBM (m=2),392.0,418.77108338103204,0.0,2.6060103452061867,369.13572585813637,366.3887497591986,389.3939896547938,416.16507303582586
2017-12-24 00:00:00,2017-12-24,Peak-aware LightGBM (m=2),391.0,423.801420550625,0.0,9.584620568841274,366.3887497591986,356.2856725905196,381.4153794311587,414.2167999817837
2017-12-24 01:00:00,2017-12-24,Peak-aware LightGBM (m=2),390.0,423.25705528716185,0.0,9.040255305378139,356.2856725905196,346.756406792381,380.95974469462186,414.2167999817837
2017-12-24 02:00:00,2017-12-24,Peak-aware LightGBM (m=2),388.0,423.471218286412,0.0,9.254418304628302,346.756406792381,337.0013933715211,378.7455816953717,414.2167999817837
2017-12-24 03:00:00,2017-12-24,Peak-aware LightGBM (m=2),390.0,405.4416226112037,8.775177370580048,0.0,337.0013933715211,345.3262575804253,398.77517737058,414.2167999817837
2017-12-24 04:00:00,2017-12-24,Peak-aware LightGBM (m=2),387.0,404.62200969029806,9.594790291485651,0.0,345.3262575804253,354.428674878255,396.59479029148565,414.2167999817837
2017-12-24 05:00:00,2017-12-24,Peak-aware LightGBM (m=2),386.0,405.2816450547738,8.935154927009933,0.0,354.428674878255,362.90530712300307,394.93515492700993,414.2167999817837
2017-12-24 06:00:00,2017-12-24,Peak-aware LightGBM (m=2),387.0,405.8033113377299,8.413488644053814,0.0,362.90530712300307,370.8870432779546,395.4134886440538,414.2167999817837
2017-12-24 07:00:00,2017-12-24,Peak-aware LightGBM (m=2),385.0,401.8485325780757,12.36826740370799,0.0,370.8870432779546,382.62061198967496,397.368267403708,414.2167999817837
2017-12-24 08:00:00,2017-12-24,Peak-aware LightGBM (m=2),388.0,409.37543297083,4.841367010953718,0.0,382.62061198967496,387.2135360126995,392.8413670109537,414.2167999817837
2017-12-24 09:00:00,2017-12-24,Peak-aware LightGBM (m=2),389.0,404.4058520210178,9.81094796076593,0.0,387.2135360126995,396.52101848112085,398.81094796076593,414.2167999817837
2017-12-24 10:00:00,2017-12-24,Peak-aware LightGBM (m=2),387.0,411.30458308998107,2.912216891802643,0.0,396.52101848112085,399.2837900066746,389.91221689180264,414.2167999817837
2017-12-24 11:00:00,2017-12-24,Peak-aware LightGBM (m=2),387.0,413.52455532016984,0.69224466161387,0.0,399.2837900066746,399.94051095531233,387.69224466161387,414.2167999817837
2017-12-24 12:00:00,2017-12-24,Peak-aware LightGBM (m=2),389.0,413.0666864226349,1.1501135591487923,0.0,399.94051095531233,401.03160447973823,390.1501135591488,414.2167999817837
2017-12-24 13:00:00,2017-12-24,Peak-aware LightGBM (m=2),391.0,415.84717663597456,0.0,1.6303766541908544,401.03160447973823,399.31303658933575,389.36962334580915,414.2167999817837
2017-12-24 14:00:00,2017-12-24,Peak-aware LightGBM (m=2),394.0,416.53794297537036,0.0,2.3211429935866477,399.31303658933575,396.86633704444375,391.67885700641335,414.2167999817837
2017-12-24 15:00:00,2017-12-24,Peak-aware LightGBM (m=2),392.0,413.969698020368,0.2471019614156944,0.0,396.86633704444375,397.1007585481543,392.2471019614157,414.2167999817837
2017-12-24 16:00:00,2017-12-24,Peak-aware LightGBM (m=2),393.0,415.59691733312553,0.0,1.3801173513418235,397.1007585481543,395.64598712530096,391.6198826486582,414.2167999817837
2017-12-24 17:00:00,2017-12-24,Peak-aware LightGBM (m=2),394.0,416.8081211243342,0.0,2.5913211425504983,395.64598712530096,392.9144948054977,391.4086788574495,414.2167999817837
2017-12-24 18:00:00,2017-12-24,Peak-aware LightGBM (m=2),391.0,420.0165796214691,0.0,5.799779639685369,392.9144948054977,386.80099027600545,385.20022036031463,414.2167999817837
2017-12-24 19:00:00,2017-12-24,Peak-aware LightGBM (m=2),390.0,422.1094248910878,0.0,7.892624909304118,386.80099027600545,378.48143313241167,382.1073750906959,414.2167999817837
2017-12-24 20:00:00,2017-12-24,Peak-aware LightGBM (m=2),394.0,420.20824307920805,0.0,5.991443097424337,378.48143313241167,372.1658975793596,388.00855690257566,414.2167999817837
2017-12-24 21:00:00,2017-12-24,Peak-aware LightGBM (m=2),395.0,411.8121079193581,2.4046920624256245,0.0,372.1658975793596,374.44718877593743,397.4046920624256,414.2167999817837
2017-12-24 22:00:00,2017-12-24,Peak-aware LightGBM (m=2),388.0,417.2765897985539,0.0,3.0597898167702056,374.44718877593743,371.221887115143,384.9402101832298,414.2167999817837
2017-12-24 23:00:00,2017-12-24,Peak-aware LightGBM (m=2),387.0,418.80191666855217,0.0,4.585116686768458,371.221887115143,366.3887497591986,382.41488331323154,414.2167999817837
2017-12-25 00:00:00,2017-12-25,Peak-aware LightGBM (m=2),387.0,414.3302770324331,17.00087689620564,0.0,366.3887497591986,382.5171977228418,404.0008768962056,431.33115392863874
2017-12-25 01:00:00,2017-12-25,Peak-aware LightGBM (m=2),385.0,412.76541623959474,18.565737689044,0.0,382.5171977228418,400.1302029844247,403.565737689044,431.33115392863874
2017-12-25 02:00:00,2017-12-25,Peak-aware LightGBM (m=2),386.0,412.10923253782875,19.221921390809996,0.0,400.1302029844247,418.3657187643261,405.22192139081,431.33115392863874
2017-12-25 03:00:00,2017-12-25,Peak-aware LightGBM (m=2),387.0,404.6340946922739,26.69705923636485,0.0,418.3657187643261,443.6927729689316,413.69705923636485,431.33115392863874
2017-12-25 04:00:00,2017-12-25,Peak-aware LightGBM (m=2),387.0,400.278612663906,31.052541264732724,0.0,443.6927729689316,473.15180022880793,418.0525412647327,431.33115392863874
2017-12-25 05:00:00,2017-12-25,Peak-aware LightGBM (m=2),385.0,402.6786435915432,28.65251033709552,0.0,473.15180022880793,500.3339582328301,413.6525103370955,431.33115392863874
2017-12-25 06:00:00,2017-12-25,Peak-aware LightGBM (m=2),385.0,403.8975967584722,27.433557170166523,0.0,500.3339582328301,526.359715726281,412.4335571701665,431.33115392863874
2017-12-25 07:00:00,2017-12-25,Peak-aware LightGBM (m=2),382.0,405.93596837716746,25.395185551471286,0.0,526.359715726281,550.4517041098555,407.3951855514713,431.33115392863874
2017-12-25 08:00:00,2017-12-25,Peak-aware LightGBM (m=2),384.0,412.3569339521975,18.974219976441248,0.0,550.4517041098555,568.4522296950418,402.97421997644125,431.33115392863874
2017-12-25 09:00:00,2017-12-25,Peak-aware LightGBM (m=2),384.0,416.2188499653006,15.11230396333815,0.0,568.4522296950418,582.7890200601232,399.11230396333815,431.33115392863874
2017-12-25 10:00:00,2017-12-25,Peak-aware LightGBM (m=2),385.0,438.62612334238867,0.0,7.294969413749925,582.7890200601232,575.0994471238855,377.7050305862501,431.33115392863874
2017-12-25 11:00:00,2017-12-25,Peak-aware LightGBM (m=2),385.0,456.69490430762283,0.0,25.363750378984093,575.0994471238855,548.3637067233685,359.6362496210159,431.33115392863874
2017-12-25 12:00:00,2017-12-25,Peak-aware LightGBM (m=2),388.0,459.49156517720905,0.0,28.160411248570313,548.3637067233685,518.6800269258665,359.8395887514297,431.33115392863874
2017-12-25 13:00:00,2017-12-25,Peak-aware LightGBM (m=2),390.0,459.8063023572322,0.0,28.475148428593457,518.6800269258665,488.66458501062607,361.52485157140654,431.33115392863874
2017-12-25 14:00:00,2017-12-25,Peak-aware LightGBM (m=2),389.0,463.64668373782666,0.0,32.31552980918792,488.66458501062607,454.60102567992635,356.6844701908121,431.33115392863874
2017-12-25 15:00:00,2017-12-25,Peak-aware LightGBM (m=2),387.0,459.2420424942621,0.0,27.91088856562334,454.60102567992635,425.1803658844192,359.08911143437666,431.33115392863874
2017-12-25 16:00:00,2017-12-25,Peak-aware LightGBM (m=2),390.0,455.6318169941416,0.0,24.300663065502874,425.1803658844192,399.56521790464603,365.6993369344971,431.33115392863874
2017-12-25 17:00:00,2017-12-25,Peak-aware LightGBM (m=2),390.0,454.77537247827195,0.0,23.444218549633206,399.56521790464603,374.8528417114426,366.5557814503668,431.33115392863874
2017-12-25 18:00:00,2017-12-25,Peak-aware LightGBM (m=2),387.0,450.5151871559015,0.0,19.184033227262773,374.8528417114426,354.6310951426094,367.8159667727372,431.33115392863874
2017-12-25 19:00:00,2017-12-25,Peak-aware LightGBM (m=2),386.0,433.3438293446054,0.0,2.012675415966669,354.6310951426094,352.5095489742491,383.98732458403333,431.33115392863874
2017-12-25 20:00:00,2017-12-25,Peak-aware LightGBM (m=2),383.0,435.12967996626475,0.0,3.7985260376260044,352.5095489742491,348.50555096413154,379.201473962374,431.33115392863874
2017-12-25 21:00:00,2017-12-25,Peak-aware LightGBM (m=2),383.0,428.57867303534067,2.7524808932980704,0.0,348.50555096413154,351.1167836158064,385.75248089329807,431.33115392863874
2017-12-25 22:00:00,2017-12-25,Peak-aware LightGBM (m=2),382.0,425.3599922889165,5.971161639722254,0.0,351.1167836158064,356.781524933371,387.97116163972225,431.33115392863874
2017-12-25 23:00:00,2017-12-25,Peak-aware LightGBM (m=2),382.0,421.2042497809955,10.126904147643245,0.0,356.781524933371,366.3887497591986,392.12690414764324,431.33115392863874
2017-12-26 00:00:00,2017-12-26,Peak-aware LightGBM (m=2),379.0,415.19019296116005,8.895742769177241,0.0,366.3887497591986,374.82799234807067,387.8957427691772,424.08593573033727
2017-12-26 01:00:00,2017-12-26,Peak-aware LightGBM (m=2),382.0,411.4061917702155,12.679743960121755,0.0,374.82799234807067,386.8570536665951,394.67974396012175,424.08593573033727
2017-12-26 02:00:00,2017-12-26,Peak-aware LightGBM (m=2),382.0,410.7934442872918,13.292491443045492,0.0,386.8570536665951,399.4674182880917,395.2924914430455,424.08593573033727
2017-12-26 03:00:00,2017-12-26,Peak-aware LightGBM (m=2),383.0,403.1054257254303,20.98051000490699,0.0,399.4674182880917,419.37127771433103,403.980510004907,424.08593573033727
2017-12-26 04:00:00,2017-12-26,Peak-aware LightGBM (m=2),381.0,403.6988873860569,20.387048344280345,0.0,419.37127771433103,438.71212997509815,401.38704834428034,424.08593573033727
2017-12-26 05:00:00,2017-12-26,Peak-aware LightGBM (m=2),383.0,401.46015563340984,22.62578009692743,0.0,438.71212997509815,460.1768296584169,405.62578009692743,424.08593573033727
2017-12-26 06:00:00,2017-12-26,Peak-aware LightGBM (m=2),382.0,403.3307064115703,20.755229318766965,0.0,460.1768296584169,479.8669690603395,402.75522931876696,424.08593573033727
2017-12-26 07:00:00,2017-12-26,Peak-aware LightGBM (m=2),381.0,412.94600226566735,11.139933464669923,0.0,479.8669690603395,490.43523787966586,392.1399334646699,424.08593573033727
2017-12-26 08:00:00,2017-12-26,Peak-aware LightGBM (m=2),381.0,420.90086284123544,3.185072889101832,0.0,490.43523787966586,493.45686333263023,384.18507288910183,424.08593573033727
2017-12-26 09:00:00,2017-12-26,Peak-aware LightGBM (m=2),381.0,419.89698981274023,4.188945917597039,0.0,493.45686333263023,497.4308463610914,385.18894591759704,424.08593573033727
2017-12-26 10:00:00,2017-12-26,Peak-aware LightGBM (m=2),385.0,436.5542787672685,0.0,12.46834303693123,497.4308463610914,484.2880588127564,372.53165696306877,424.08593573033727
2017-12-26 11:00:00,2017-12-26,Peak-aware LightGBM (m=2),392.0,450.04603778155985,0.0,25.960102051222577,484.2880588127564,456.92370855533227,366.0398979487774,424.08593573033727
2017-12-26 12:00:00,2017-12-26,Peak-aware LightGBM (m=2),393.0,450.4546684778763,0.0,26.368732747539013,456.92370855533227,429.1286237238346,366.631267252461,424.08593573033727
2017-12-26 13:00:00,2017-12-26,Peak-aware LightGBM (m=2),394.0,431.9444848128803,0.0,7.85854908254305,429.1286237238346,420.84498565548074,386.14145091745695,424.08593573033727
2017-12-26 14:00:00,2017-12-26,Peak-aware LightGBM (m=2),396.0,440.6772982976597,0.0,16.59136256732245,420.84498565548074,403.35615392268073,379.40863743267755,424.08593573033727
2017-12-26 15:00:00,2017-12-26,Peak-aware LightGBM (m=2),397.0,434.20441066899474,0.0,10.11847493865747,403.35615392268073,392.69034483818405,386.88152506134253,424.08593573033727
2017-12-26 16:00:00,2017-12-26,Peak-aware LightGBM (m=2),399.0,433.34607633202745,0.0,9.260140601690182,392.69034483818405,382.92929958660307,389.7398593983098,424.08593573033727
2017-12-26 17:00:00,2017-12-26,Peak-aware LightGBM (m=2),400.0,432.15205602509076,0.0,8.066120294753489,382.92929958660307,374.42686224915906,391.9338797052465,424.08593573033727
2017-12-26 18:00:00,2017-12-26,Peak-aware LightGBM (m=2),396.0,426.1375331618122,0.0,2.0515974314749315,374.42686224915906,372.2642886740887,393.94840256852507,424.08593573033727
2017-12-26 19:00:00,2017-12-26,Peak-aware LightGBM (m=2),396.0,417.64278843138896,6.443147298948304,0.0,372.2642886740887,378.37679490348023,402.4431472989483,424.08593573033727
2017-12-26 20:00:00,2017-12-26,Peak-aware LightGBM (m=2),392.0,425.81374504825413,0.0,1.727809317916865,378.37679490348023,376.55552396778717,390.27219068208314,424.08593573033727
2017-12-26 21:00:00,2017-12-26,Peak-aware LightGBM (m=2),386.0,424.97607113953774,0.0,0.8901354092004681,376.55552396778717,375.6172388614408,385.10986459079953,424.08593573033727
2017-12-26 22:00:00,2017-12-26,Peak-aware LightGBM (m=2),385.0,428.7076383413424,0.0,4.621702611005105,375.6172388614408,370.7455365551997,380.3782973889949,424.08593573033727
2017-12-26 23:00:00,2017-12-26,Peak-aware LightGBM (m=2),384.0,428.2191465968705,0.0,4.133210866533204,370.7455365551997,366.3887497591986,379.8667891334668,424.08593573033727
2017-12-27 00:00:00,2017-12-27,Peak-aware LightGBM (m=2),385.0,424.4381562076718,0.0,4.894527518301231,366.3887497591986,361.2294647497975,380.10547248169877,419.54362868937056
2017-12-27 01:00:00,2017-12-27,Peak-aware LightGBM (m=2),386.0,420.8811467303794,0.0,1.3375180410088205,361.2294647497975,359.8195969427461,384.6624819589912,419.54362868937056
2017-12-27 02:00:00,2017-12-27,Peak-aware LightGBM (m=2),385.0,422.0571657571467,0.0,2.5135370677761557,359.8195969427461,357.170096236935,382.48646293222384,419.54362868937056
2017-12-27 03:00:00,2017-12-27,Peak-aware LightGBM (m=2),386.0,410.45459840231985,9.089030287050724,0.0,357.170096236935,365.79270746573866,395.0890302870507,419.54362868937056
2017-12-27 04:00:00,2017-12-27,Peak-aware LightGBM (m=2),384.0,410.7838733953474,8.759755294023137,0.0,365.79270746573866,374.102941008188,392.75975529402314,419.54362868937056
2017-12-27 05:00:00,2017-12-27,Peak-aware LightGBM (m=2),385.0,409.5029864259545,10.040642263416089,0.0,374.102941008188,383.6283306251909,395.0406422634161,419.54362868937056
2017-12-27 06:00:00,2017-12-27,Peak-aware LightGBM (m=2),383.0,410.46363495796595,9.079993731404613,0.0,383.6283306251909,392.24236902457784,392.0799937314046,419.54362868937056
2017-12-27 07:00:00,2017-12-27,Peak-aware LightGBM (m=2),386.0,412.59903828028547,6.9445904090850945,0.0,392.24236902457784,398.83058595747866,392.9445904090851,419.54362868937056
2017-12-27 08:00:00,2017-12-27,Peak-aware LightGBM (m=2),385.0,415.5316401533999,4.011988535970659,0.0,398.83058595747866,402.63669247352414,389.01198853597066,419.54362868937056
2017-12-27 09:00:00,2017-12-27,Peak-aware LightGBM (m=2),389.0,419.3062104882659,0.23741820110467415,0.0,402.63669247352414,402.86192715556535,389.2374182011047,419.54362868937056
2017-12-27 10:00:00,2017-12-27,Peak-aware LightGBM (m=2),401.0,421.3200803247745,0.0,1.7764516354039301,402.86192715556535,400.9893827152291,399.22354836459607,419.54362868937056
2017-12-27 11:00:00,2017-12-27,Peak-aware LightGBM (m=2),407.0,425.05568727169333,0.0,5.512058582322766,400.9893827152291,395.1791628097553,401.48794141767723,419.54362868937056
2017-12-27 12:00:00,2017-12-27,Peak-aware LightGBM (m=2),413.0,425.7093744619697,0.0,6.165745772599109,395.1791628097553,388.67989610476616,406.8342542274009,419.54362868937056
2017-12-27 13:00:00,2017-12-27,Peak-aware LightGBM (m=2),413.0,425.0442880273582,0.0,5.500659337987656,388.67989610476616,382.8816920578611,407.49934066201234,419.54362868937056
2017-12-27 14:00:00,2017-12-27,Peak-aware LightGBM (m=2),424.0,426.8125709096557,0.0,7.268942220285112,382.8816920578611,375.2195541924402,416.7310577797149,419.54362868937056
2017-12-27 15:00:00,2017-12-27,Peak-aware LightGBM (m=2),426.0,424.5806114304139,0.0,5.036982741043346,375.2195541924402,369.91010819355415,420.96301725895665,419.54362868937056
2017-12-27 16:00:00,2017-12-27,Peak-aware LightGBM (m=2),424.0,426.0131086149882,0.0,6.469479925617634,369.91010819355415,363.09067757965795,417.53052007438237,419.54362868937056
2017-12-27 17:00:00,2017-12-27,Peak-aware LightGBM (m=2),426.0,423.9511519908814,0.0,4.407523301510821,363.09067757965795,358.4447400886447,421.5924766984892,419.54362868937056
2017-12-27 18:00:00,2017-12-27,Peak-aware LightGBM (m=2),419.0,422.4924657079765,0.0,2.948837018605957,358.4447400886447,355.33639294617296,416.05116298139404,419.54362868937056
2017-12-27 19:00:00,2017-12-27,Peak-aware LightGBM (m=2),414.0,421.01044550570765,0.0,1.4668168163370865,355.33639294617296,353.79023226288587,412.5331831836629,419.54362868937056
2017-12-27 20:00:00,2017-12-27,Peak-aware LightGBM (m=2),412.0,418.05280138985665,1.49082729951391,0.0,353.79023226288587,355.2045552222125,413.4908272995139,419.54362868937056
2017-12-27 21:00:00,2017-12-27,Peak-aware LightGBM (m=2),410.0,413.8304578696744,5.713170819696188,0.0,355.2045552222125,360.62454495776774,415.7131708196962,419.54362868937056
2017-12-27 22:00:00,2017-12-27,Peak-aware LightGBM (m=2),404.0,416.0470928095444,3.496535879826183,0.0,360.62454495776774,363.9416501479932,407.4965358798262,419.54362868937056
2017-12-27 23:00:00,2017-12-27,Peak-aware LightGBM (m=2),403.0,416.9641592117967,2.5794694775738662,0.0,363.9416501479932,366.3887497591986,405.57946947757387,419.54362868937056
2017-12-28 00:00:00,2017-12-28,Peak-aware LightGBM (m=2),402.0,410.46230328184834,9.38877637221915,0.0,366.3887497591986,375.2957250926542,411.3887763722191,419.85107965406746
2017-12-28 01:00:00,2017-12-28,Peak-aware LightGBM (m=2),402.0,407.8421141132038,12.008965540863699,0.0,375.2957250926542,386.6884301281352,414.0089655408637,419.8510796540675
2017-12-28 02:00:00,2017-12-28,Peak-aware LightGBM (m=2),401.0,409.17116757455585,10.679912079511666,0.0,386.6884301281352,396.820284342617,411.67991207951167,419.8510796540675
2017-12-28 03:00:00,2017-12-28,Peak-aware LightGBM (m=2),400.0,400.3369381298021,19.514141524265426,0.0,396.820284342617,415.33302448248105,419.5141415242654,419.8510796540675
2017-12-28 04:00:00,2017-12-28,Peak-aware LightGBM (m=2),400.0,401.24983988804956,18.601239766017954,0.0,415.33302448248105,432.97970997153516,418.60123976601795,419.8510796540675
2017-12-28 05:00:00,2017-12-28,Peak-aware LightGBM (m=2),400.0,400.6433041232985,19.207775530769027,0.0,432.97970997153516,451.20180581028035,419.207775530769,419.8510796540675
2017-12-28 06:00:00,2017-12-28,Peak-aware LightGBM (m=2),397.0,405.19934122865664,14.651738425410883,0.0,451.20180581028035,465.10166534187374,411.6517384254109,419.8510796540675
2017-12-28 07:00:00,2017-12-28,Peak-aware LightGBM (m=2),399.0,405.37272650515155,14.478353148915971,0.0,465.10166534187374,478.83703715752836,413.47835314891597,419.8510796540675
2017-12-28 08:00:00,2017-12-28,Peak-aware LightGBM (m=2),414.0,403.7053337403443,16.145745913723204,0.0,478.83703715752836,494.15423664044556,430.1457459137232,419.8510796540675
2017-12-28 09:00:00,2017-12-28,Peak-aware LightGBM (m=2),400.0,409.7706337785868,10.080445875480734,0.0,494.15423664044556,503.71738727941556,410.08044587548073,419.8510796540675
2017-12-28 10:00:00,2017-12-28,Peak-aware LightGBM (m=2),414.0,424.84629402780746,0.0,4.995214373739941,503.71738727941556,498.45196900547217,409.00478562626006,419.8510796540675
2017-12-28 11:00:00,2017-12-28,Peak-aware LightGBM (m=2),420.0,422.970339119001,0.0,3.1192594649334637,498.45196900547217,495.16398083139575,416.88074053506654,419.8510796540675
2017-12-28 12:00:00,2017-12-28,Peak-aware LightGBM (m=2),422.0,422.43967029199035,0.0,2.5885906379228345,495.16398083139575,492.43536671618676,419.41140936207717,419.8510796540675
2017-12-28 13:00:00,2017-12-28,Peak-aware LightGBM (m=2),427.0,422.0171288652538,0.0,2.166049211186305,492.43536671618676,490.1521503723998,424.8339507888137,419.8510796540675
2017-12-28 14:00:00,2017-12-28,Peak-aware LightGBM (m=2),426.0,436.90771152358155,0.0,17.056631869514035,490.1521503723998,472.1728817328394,408.94336813048596,419.8510796540675
2017-12-28 15:00:00,2017-12-28,Peak-aware LightGBM (m=2),427.0,444.2541442201651,0.0,24.403064566097555,472.1728817328394,446.44979309383325,402.59693543390244,419.8510796540675
2017-12-28 16:00:00,2017-12-28,Peak-aware LightGBM (m=2),426.0,444.07783350588664,0.0,24.226753851819126,446.44979309383325,420.91255226583144,401.7732461481809,419.8510796540675
2017-12-28 17:00:00,2017-12-28,Peak-aware LightGBM (m=2),427.0,441.4208564626168,0.0,21.569776808549307,420.91255226583144,398.1760111536669,405.4302231914507,419.8510796540675
2017-12-28 18:00:00,2017-12-28,Peak-aware LightGBM (m=2),424.0,431.1274037212519,0.0,11.276324067184362,398.1760111536669,386.28972192484116,412.72367593281564,419.8510796540675
2017-12-28 19:00:00,2017-12-28,Peak-aware LightGBM (m=2),419.0,421.9993315259317,0.0,2.148251871864204,386.28972192484116,384.0252656239038,416.8517481281358,419.8510796540675
2017-12-28 20:00:00,2017-12-28,Peak-aware LightGBM (m=2),414.0,421.68677768854207,0.0,1.8356980344745466,384.0252656239038,382.09026999549246,412.16430196552545,419.8510796540675
2017-12-28 21:00:00,2017-12-28,Peak-aware LightGBM (m=2),407.0,421.404626203655,0.0,1.5535465495875087,382.09026999549246,380.4526881462283,405.4464534504125,419.8510796540675
2017-12-28 22:00:00,2017-12-28,Peak-aware LightGBM (m=2),403.0,428.11743652883274,0.0,8.266356874765222,380.4526881462283,371.73918292087853,394.7336431252348,419.8510796540675
2017-12-28 23:00:00,2017-12-28,Peak-aware LightGBM (m=2),404.0,424.92694623188885,0.0,5.07586657782133,371.73918292087853,366.3887497591986,398.92413342217867,419.8510796540675
2017-12-29 00:00:00,2017-12-29,Peak-aware LightGBM (m=2),403.0,419.1116171410356,0.0,0.5729884411823036,366.3887497591986,365.7847669101701,402.4270115588177,418.5386286998533
2017-12-29 01:00:00,2017-12-29,Peak-aware LightGBM (m=2),399.0,420.23797634981383,0.0,1.6993476499605435,365.7847669101701,363.9934972067267,397.30065235003946,418.5386286998533
2017-12-29 02:00:00,2017-12-29,Peak-aware LightGBM (m=2),396.0,418.98290245683506,0.0,0.4442737569817723,363.9934972067267,363.5251915478259,395.5557262430182,418.5386286998533
2017-12-29 03:00:00,2017-12-29,Peak-aware LightGBM (m=2),396.0,404.6717059242251,13.866922775628243,0.0,363.5251915478259,376.68050958042613,409.86692277562827,418.53862869985335
2017-12-29 04:00:00,2017-12-29,Peak-aware LightGBM (m=2),397.0,405.43461802284526,13.104010677008034,0.0,376.68050958042613,389.11206564717924,410.10401067700803,418.5386286998533
2017-12-29 05:00:00,2017-12-29,Peak-aware LightGBM (m=2),400.0,406.1692156975487,12.369413002304611,0.0,389.11206564717924,400.8467211691545,412.3694130023046,418.5386286998533
2017-12-29 06:00:00,2017-12-29,Peak-aware LightGBM (m=2),395.0,403.3613894046138,15.177239295239474,0.0,400.8467211691545,415.2451145990641,410.1772392952395,418.5386286998533
2017-12-29 07:00:00,2017-12-29,Peak-aware LightGBM (m=2),397.0,409.85240167386564,8.686227025987648,0.0,415.2451145990641,423.48559310169355,405.68622702598765,418.5386286998533
2017-12-29 08:00:00,2017-12-29,Peak-aware LightGBM (m=2),403.0,412.10842364990526,6.430205049948029,0.0,423.48559310169355,429.58582123561933,409.43020504994803,418.5386286998533
2017-12-29 09:00:00,2017-12-29,Peak-aware LightGBM (m=2),401.0,415.66432860741696,2.8743000924363287,0.0,429.58582123561933,432.3126217268987,403.87430009243633,418.5386286998533
2017-12-29 10:00:00,2017-12-29,Peak-aware LightGBM (m=2),411.0,414.8889608151146,3.649667884738676,0.0,432.3126217268987,435.77500069258167,414.6496678847387,418.5386286998533
2017-12-29 11:00:00,2017-12-29,Peak-aware LightGBM (m=2),418.0,423.8932378646958,0.0,5.354609164842486,435.77500069258167,430.1307470456104,412.6453908351575,418.5386286998533
2017-12-29 12:00:00,2017-12-29,Peak-aware LightGBM (m=2),426.0,423.9374031267668,0.0,5.398774426913519,430.1307470456104,424.4399391247707,420.6012255730865,418.5386286998533
2017-12-29 13:00:00,2017-12-29,Peak-aware LightGBM (m=2),430.0,426.87079685063424,0.0,8.332168150780944,424.4399391247707,415.65706272344323,421.66783184921906,418.5386286998533
2017-12-29 14:00:00,2017-12-29,Peak-aware LightGBM (m=2),427.0,429.4606625847134,0.0,10.922033884860127,415.65706272344323,404.14422813754527,416.0779661151399,418.5386286998533
2017-12-29 15:00:00,2017-12-29,Peak-aware LightGBM (m=2),426.0,428.89680166401615,0.0,10.358172964162861,404.14422813754527,393.22575514930077,415.64182703583714,418.5386286998533
2017-12-29 16:00:00,2017-12-29,Peak-aware LightGBM (m=2),424.0,427.99598950835565,0.0,9.457360808502358,393.22575514930077,383.25682154634114,414.54263919149764,418.5386286998533
2017-12-29 17:00:00,2017-12-29,Peak-aware LightGBM (m=2),429.0,425.3553132924982,0.0,6.81668459264489,383.25682154634114,376.07140507842905,422.1833154073551,418.5386286998533
2017-12-29 18:00:00,2017-12-29,Peak-aware LightGBM (m=2),420.0,422.7094604020383,0.0,4.170831702185012,376.07140507842905,371.6749624397153,415.829168297815,418.5386286998533
2017-12-29 19:00:00,2017-12-29,Peak-aware LightGBM (m=2),412.0,417.4564299151867,1.0821987846666161,0.0,371.6749624397153,372.70162635189905,413.0821987846666,418.5386286998533
2017-12-29 20:00:00,2017-12-29,Peak-aware LightGBM (m=2),408.0,417.7681857109781,0.7704429888751747,0.0,372.70162635189905,373.4325327475449,408.7704429888752,418.5386286998533
2017-12-29 21:00:00,2017-12-29,Peak-aware LightGBM (m=2),407.0,419.1740451787356,0.0,0.6354164788822914,373.4325327475449,372.7627449688541,406.3645835211177,418.5386286998533
2017-12-29 22:00:00,2017-12-29,Peak-aware LightGBM (m=2),401.0,421.867609475823,0.0,3.328980775969683,372.7627449688541,369.2536911225278,397.6710192240303,418.5386286998533
2017-12-29 23:00:00,2017-12-29,Peak-aware LightGBM (m=2),405.0,421.2565507211378,0.0,2.717922021284494,369.2536911225278,366.3887497591986,402.2820779787155,418.5386286998533
2017-12-30 00:00:00,2017-12-30,Peak-aware LightGBM (m=2),403.0,416.3543971676939,0.0,5.3491006943816615,366.3887497591986,360.75030254992055,397.65089930561834,411.0052964733122
2017-12-30 01:00:00,2017-12-30,Peak-aware LightGBM (m=2),405.0,415.2736530875229,0.0,4.268356614210688,360.75030254992055,356.25105962767043,400.7316433857893,411.0052964733122
2017-12-30 02:00:00,2017-12-30,Peak-aware LightGBM (m=2),403.0,412.8573219673587,0.0,1.8520254940464724,356.25105962767043,354.2988533457085,401.1479745059535,411.0052964733122
2017-12-30 03:00:00,2017-12-30,Peak-aware LightGBM (m=2),404.0,402.40529253330834,8.600003940003905,0.0,354.2988533457085,362.45753344676336,412.6000039400039,411.0052964733122
2017-12-30 04:00:00,2017-12-30,Peak-aware LightGBM (m=2),403.0,402.90298109929967,8.102315374012562,0.0,362.45753344676336,370.144064717627,411.10231537401256,411.0052964733122
2017-12-30 05:00:00,2017-12-30,Peak-aware LightGBM (m=2),403.0,404.16998912193577,6.835307351376457,0.0,370.144064717627,376.62860663891973,409.83530735137646,411.0052964733122
2017-12-30 06:00:00,2017-12-30,Peak-aware LightGBM (m=2),400.0,399.7353262509596,11.26997022235264,0.0,376.62860663891973,387.3202391583923,411.26997022235264,411.0052964733122
2017-12-30 07:00:00,2017-12-30,Peak-aware LightGBM (m=2),402.0,399.8803894045364,11.124907068775826,0.0,387.3202391583923,397.8742526869041,413.1249070687758,411.0052964733122
2017-12-30 08:00:00,2017-12-30,Peak-aware LightGBM (m=2),402.0,405.6436454923684,5.361650980943807,0.0,397.8742526869041,402.9607614225016,407.3616509809438,411.0052964733122
2017-12-30 09:00:00,2017-12-30,Peak-aware LightGBM (m=2),403.0,402.3901698716226,8.61512660168961,0.0,402.9607614225016,411.1337881401152,411.6151266016896,411.0052964733122
2017-12-30 10:00:00,2017-12-30,Peak-aware LightGBM (m=2),399.0,405.782730399836,5.22256607347623,0.0,411.1337881401152,416.08834934698734,404.22256607347623,411.0052964733122
2017-12-30 11:00:00,2017-12-30,Peak-aware LightGBM (m=2),403.0,413.1823693159113,0.0,2.1770728425990455,416.08834934698734,413.79351307541674,400.82292715740095,411.0052964733122
2017-12-30 12:00:00,2017-12-30,Peak-aware LightGBM (m=2),408.0,414.15983748797123,0.0,3.154541014659003,413.79351307541674,410.46833488250286,404.845458985341,411.0052964733122
2017-12-30 13:00:00,2017-12-30,Peak-aware LightGBM (m=2),409.0,416.71717234222376,0.0,5.711875868911534,410.46833488250286,404.4474890631982,403.28812413108847,411.0052964733122
2017-12-30 14:00:00,2017-12-30,Peak-aware LightGBM (m=2),411.0,416.7412561324245,0.0,5.735959659112268,404.4474890631982,398.4012566999859,405.26404034088773,411.0052964733122
2017-12-30 15:00:00,2017-12-30,Peak-aware LightGBM (m=2),411.0,416.52531086380856,0.0,5.520014390496328,398.4012566999859,392.58265063636054,405.4799856095037,411.0052964733122
2017-12-30 16:00:00,2017-12-30,Peak-aware LightGBM (m=2),408.0,415.6243448128728,0.0,4.61904833956055,392.58265063636054,387.7137461778834,403.38095166043945,411.0052964733122
2017-12-30 17:00:00,2017-12-30,Peak-aware LightGBM (m=2),410.0,417.2835281374193,0.0,6.278231664107068,387.7137461778834,381.09590893229415,403.72176833589293,411.0052964733122
2017-12-30 18:00:00,2017-12-30,Peak-aware LightGBM (m=2),410.0,412.4992891373061,0.0,1.493992663993879,381.09590893229415,379.52110239035983,408.5060073360061,411.0052964733122
2017-12-30 19:00:00,2017-12-30,Peak-aware LightGBM (m=2),408.0,407.5764920143107,3.428804459001526,0.0,379.52110239035983,382.77395191289565,411.4288044590015,411.0052964733122
2017-12-30 20:00:00,2017-12-30,Peak-aware LightGBM (m=2),407.0,413.5082929215955,0.0,2.502996448283284,382.77395191289565,380.1355619956,404.4970035517167,411.0052964733122
2017-12-30 21:00:00,2017-12-30,Peak-aware LightGBM (m=2),407.0,410.84323355116976,0.16206292214246787,0.0,380.1355619956,380.28930838306974,407.16206292214247,411.0052964733122
2017-12-30 22:00:00,2017-12-30,Peak-aware LightGBM (m=2),404.0,417.60517161863055,0.0,6.599875145318322,380.28930838306974,373.3324291390894,397.4001248546817,411.0052964733122
2017-12-30 23:00:00,2017-12-30,Peak-aware LightGBM (m=2),404.0,417.59264912803235,0.0,6.587352654720121,373.3324291390894,366.3887497591986,397.4126473452799,411.0052964733122
2017-12-31 00:00:00,2017-12-31,Peak-aware LightGBM (m=2),402.0,420.73556357269047,0.0,6.864176896154618,366.3887497591986,359.15327200781405,395.1358231038454,413.87138667653585
2017-12-31 01:00:00,2017-12-31,Peak-aware LightGBM (m=2),401.0,421.2998222189419,0.0,7.428435542406078,359.15327200781405,351.32301341923016,393.5715644575939,413.87138667653585
2017-12-31 02:00:00,2017-12-31,Peak-aware LightGBM (m=2),398.0,420.8580654385632,0.0,6.9866787620273385,351.32301341923016,343.95840736325295,391.01332123797266,413.87138667653585
2017-12-31 03:00:00,2017-12-31,Peak-aware LightGBM (m=2),402.0,406.1002766632426,7.771110013293255,0.0,343.95840736325295,351.3307296401808,409.77111001329325,413.87138667653585
2017-12-31 04:00:00,2017-12-31,Peak-aware LightGBM (m=2),400.0,405.97224287404424,7.899143802491608,0.0,351.3307296401808,358.8245154345038,407.8991438024916,413.87138667653585
2017-12-31 05:00:00,2017-12-31,Peak-aware LightGBM (m=2),401.0,404.76513304322714,9.106253633308711,0.0,358.8245154345038,367.46346616423557,410.1062536333087,413.87138667653585
2017-12-31 06:00:00,2017-12-31,Peak-aware LightGBM (m=2),399.0,403.320469704974,10.550916971561833,0.0,367.46346616423557,377.472944874274,409.55091697156183,413.87138667653585
2017-12-31 07:00:00,2017-12-31,Peak-aware LightGBM (m=2),400.0,401.7774451188078,12.093941557728044,0.0,377.472944874274,388.9462652376896,412.09394155772804,413.87138667653585
2017-12-31 08:00:00,2017-12-31,Peak-aware LightGBM (m=2),402.0,405.8618360073316,8.009550669204259,0.0,388.9462652376896,396.544792182453,410.00955066920426,413.87138667653585
2017-12-31 09:00:00,2017-12-31,Peak-aware LightGBM (m=2),400.0,403.4257839581657,10.44560271837014,0.0,396.544792182453,406.45436101944176,410.44560271837014,413.87138667653585
2017-12-31 10:00:00,2017-12-31,Peak-aware LightGBM (m=2),398.0,412.9782160445476,0.8931706319882551,0.0,406.45436101944176,407.30169708031826,398.89317063198826,413.87138667653585
2017-12-31 11:00:00,2017-12-31,Peak-aware LightGBM (m=2),399.0,415.5264552449913,0.0,1.6550685684554765,407.30169708031826,405.5571016269605,397.3449314315445,413.87138667653585
2017-12-31 12:00:00,2017-12-31,Peak-aware LightGBM (m=2),399.0,411.4004683043991,2.4709183721367367,0.0,405.5571016269605,407.9012206174528,401.47091837213674,413.87138667653585
2017-12-31 13:00:00,2017-12-31,Peak-aware LightGBM (m=2),401.0,413.49374289246595,0.3776437840699032,0.0,407.9012206174528,408.25948496801175,401.3776437840699,413.87138667653585
2017-12-31 14:00:00,2017-12-31,Peak-aware LightGBM (m=2),403.0,414.3197830982022,0.0,0.4483964216663594,408.25948496801175,407.7868336389665,402.55160357833364,413.87138667653585
2017-12-31 15:00:00,2017-12-31,Peak-aware LightGBM (m=2),401.0,416.01917725334,0.0,2.147790576804141,407.7868336389665,405.52286358571746,398.85220942319586,413.87138667653585
2017-12-31 16:00:00,2017-12-31,Peak-aware LightGBM (m=2),402.0,417.3308847885741,0.0,3.4594981120382613,405.52286358571746,401.8762323873534,398.54050188796174,413.87138667653585
2017-12-31 17:00:00,2017-12-31,Peak-aware LightGBM (m=2),404.0,413.567266042719,0.30412063381686494,0.0,401.8762323873534,402.1647465532483,404.30412063381686,413.87138667653585
2017-12-31 18:00:00,2017-12-31,Peak-aware LightGBM (m=2),399.0,415.6600006534698,0.0,1.7886139769339593,402.1647465532483,400.27938187927384,397.21138602306604,413.87138667653585
2017-12-31 19:00:00,2017-12-31,Peak-aware LightGBM (m=2),400.0,416.72771629120206,0.0,2.8563296146662083,400.27938187927384,397.268546102428,397.1436703853338,413.87138667653585
2017-12-31 20:00:00,2017-12-31,Peak-aware LightGBM (m=2),400.0,418.1783670173485,0.0,4.306980340812629,397.268546102428,392.72859019758243,395.69301965918737,413.87138667653585
2017-12-31 21:00:00,2017-12-31,Peak-aware LightGBM (m=2),398.0,419.47855459556644,0.0,5.607167919030587,392.72859019758243,386.818116248528,392.3928320809694,413.87138667653585
2017-12-31 22:00:00,2017-12-31,Peak-aware LightGBM (m=2),397.0,424.6370086375993,0.0,10.76562196106346,386.818116248528,375.470154306765,386.23437803893654,413.87138667653585
2017-12-31 23:00:00,2017-12-31,Peak-aware LightGBM (m=2),397.0,422.48676349365206,0.0,8.615376817116214,375.470154306765,366.3887497591986,388.3846231828838,413.87138667653585
