timestamp,date,method,actual_load,forecast_load,charge,discharge,soc_start,soc_end,realized_grid_load,optimized_forecast_grid_load
2017-12-02 00:00:00,2017-12-02,Day-week blend (w_week=0.5),418.0,411.0,19.089912280701654,0.0,366.3887497591986,384.49903070114965,437.08991228070164,430.08991228070164
2017-12-02 01:00:00,2017-12-02,Day-week blend (w_week=0.5),414.0,416.5,13.589912280701583,0.0,384.49903070114965,397.3915535038228,427.5899122807016,430.0899122807016
2017-12-02 02:00:00,2017-12-02,Day-week blend (w_week=0.5),412.0,415.0,15.089912280701583,0.0,397.3915535038228,411.70710125357175,427.0899122807016,430.0899122807016
2017-12-02 03:00:00,2017-12-02,Day-week blend (w_week=0.5),411.0,413.0,17.089912280701583,0.0,411.70710125357175,427.9200155994272,428.0899122807016,430.0899122807016
2017-12-02 04:00:00,2017-12-02,Day-week blend (w_week=0.5),411.0,412.0,18.089912280701583,0.0,427.9200155994272,445.08161324332764,429.0899122807016,430.0899122807016
2017-12-02 05:00:00,2017-12-02,Day-week blend (w_week=0.5),409.0,411.5,18.589912280701583,0.0,445.08161324332764,462.7175525362534,427.5899122807016,430.0899122807016
2017-12-02 06:00:00,2017-12-02,Day-week blend (w_week=0.5),412.0,410.5,19.589912280701583,0.0,462.7175525362534,481.3021751272296,431.5899122807016,430.0899122807016
2017-12-02 07:00:00,2017-12-02,Day-week blend (w_week=0.5),410.0,414.0,16.089912280701583,0.0,481.3021751272296,496.56640617502904,426.0899122807016,430.0899122807016
2017-12-02 08:00:00,2017-12-02,Day-week blend (w_week=0.5),409.0,416.5,13.589912280701583,0.0,496.56640617502904,509.45892897770216,422.5899122807016,430.0899122807016
2017-12-02 09:00:00,2017-12-02,Day-week blend (w_week=0.5),408.0,423.0,7.089912280701583,0.0,509.45892897770216,516.185010343047,415.0899122807016,430.0899122807016
2017-12-02 10:00:00,2017-12-02,Day-week blend (w_week=0.5),417.0,434.0,0.0,3.910087719298417,516.185010343047,512.063415995035,413.0899122807016,430.0899122807016
2017-12-02 11:00:00,2017-12-02,Day-week blend (w_week=0.5),421.0,445.5,0.0,15.410087719298417,512.063415995035,495.81975728304405,405.5899122807016,430.0899122807016
2017-12-02 12:00:00,2017-12-02,Day-week blend (w_week=0.5),418.0,448.0,0.0,17.910087719298417,495.81975728304405,476.940867187579,400.0899122807016,430.0899122807016
2017-12-02 13:00:00,2017-12-02,Day-week blend (w_week=0.5),420.0,445.0,0.0,14.910087719298417,476.940867187579,461.22425475228283,405.0899122807016,430.0899122807016
2017-12-02 14:00:00,2017-12-02,Day-week blend (w_week=0.5),425.0,449.0,0.0,18.910087719298417,461.22425475228283,441.2912721034295,406.0899122807016,430.0899122807016
2017-12-02 15:00:00,2017-12-02,Day-week blend (w_week=0.5),424.0,447.5,0.0,17.410087719298417,441.2912721034295,422.9394282846597,406.5899122807016,430.0899122807016
2017-12-02 16:00:00,2017-12-02,Day-week blend (w_week=0.5),426.0,451.5,0.0,21.410087719298417,422.9394282846597,400.3712142523318,404.5899122807016,430.0899122807016
2017-12-02 17:00:00,2017-12-02,Day-week blend (w_week=0.5),423.0,449.0,0.0,18.910087719298417,400.3712142523318,380.438231603478,404.0899122807016,430.0899122807016
2017-12-02 18:00:00,2017-12-02,Day-week blend (w_week=0.5),423.0,442.0,0.0,11.910087719298417,380.438231603478,367.88389682834986,411.0899122807016,430.0899122807016
2017-12-02 19:00:00,2017-12-02,Day-week blend (w_week=0.5),419.0,437.5,0.0,7.410087719298417,367.88389682834986,360.07297854347416,411.5899122807016,430.0899122807016
2017-12-02 20:00:00,2017-12-02,Day-week blend (w_week=0.5),416.0,435.5,0.0,5.410087719298417,360.07297854347416,354.37024536537797,410.5899122807016,430.0899122807016
2017-12-02 21:00:00,2017-12-02,Day-week blend (w_week=0.5),416.0,431.0,0.0,0.9100877192984171,354.37024536537797,353.41092867753434,415.0899122807016,430.0899122807016
2017-12-02 22:00:00,2017-12-02,Day-week blend (w_week=0.5),409.0,424.0,6.089912280701583,0.0,353.41092867753434,359.18832674482854,415.0899122807016,430.0899122807016
2017-12-02 23:00:00,2017-12-02,Day-week blend (w_week=0.5),407.0,422.5,7.589912280701583,0.0,359.18832674482854,366.3887497591986,414.5899122807016,430.0899122807016
2017-12-03 00:00:00,2017-12-03,Day-week blend (w_week=0.5),407.0,417.5,0.8348017621144538,0.0,366.3887497591986,367.1807122480997,407.83480176211447,418.33480176211447
2017-12-03 01:00:00,2017-12-03,Day-week blend (w_week=0.5),408.0,413.5,4.8348017621144095,0.0,367.1807122480997,371.7674079292029,412.8348017621144,418.3348017621144
2017-12-03 02:00:00,2017-12-03,Day-week blend (w_week=0.5),411.0,413.5,4.8348017621144095,0.0,371.7674079292029,376.354103610306,415.8348017621144,418.3348017621144
2017-12-03 03:00:00,2017-12-03,Day-week blend (w_week=0.5),410.0,413.5,4.8348017621144095,0.0,376.354103610306,380.94079929141327,414.8348017621144,418.3348017621144
2017-12-03 04:00:00,2017-12-03,Day-week blend (w_week=0.5),413.0,412.0,6.3348017621144095,0.0,380.94079929141327,386.9505199195922,419.3348017621144,418.3348017621144
2017-12-03 05:00:00,2017-12-03,Day-week blend (w_week=0.5),410.0,411.0,7.3348017621144095,0.0,386.9505199195922,393.9089238458216,417.3348017621144,418.3348017621144
2017-12-03 06:00:00,2017-12-03,Day-week blend (w_week=0.5),411.0,413.0,5.3348017621144095,0.0,393.9089238458216,398.96996117595,416.3348017621144,418.3348017621144
2017-12-03 07:00:00,2017-12-03,Day-week blend (w_week=0.5),410.0,413.0,5.3348017621144095,0.0,398.96996117595,404.0309985060784,415.3348017621144,418.3348017621144
2017-12-03 08:00:00,2017-12-03,Day-week blend (w_week=0.5),409.0,411.0,7.3348017621144095,0.0,404.0309985060784,410.9894024323078,416.3348017621144,418.3348017621144
2017-12-03 09:00:00,2017-12-03,Day-week blend (w_week=0.5),411.0,411.5,6.8348017621144095,0.0,410.9894024323078,417.473464709512,417.8348017621144,418.3348017621144
2017-12-03 10:00:00,2017-12-03,Day-week blend (w_week=0.5),413.0,418.0,0.3348017621144095,0.0,417.473464709512,417.7910855493874,413.3348017621144,418.3348017621144
2017-12-03 11:00:00,2017-12-03,Day-week blend (w_week=0.5),414.0,419.0,0.0,0.6651982378855905,417.7910855493874,417.089905040305,413.3348017621144,418.3348017621144
2017-12-03 12:00:00,2017-12-03,Day-week blend (w_week=0.5),419.0,419.0,0.0,0.6651982378855905,417.089905040305,416.38872453122167,418.3348017621144,418.3348017621144
2017-12-03 13:00:00,2017-12-03,Day-week blend (w_week=0.5),420.0,422.0,0.0,3.6651982378855905,416.38872453122167,412.52526636197035,416.3348017621144,418.3348017621144
2017-12-03 14:00:00,2017-12-03,Day-week blend (w_week=0.5),424.0,426.0,0.0,7.6651982378855905,412.52526636197035,404.44543797916094,416.3348017621144,418.3348017621144
2017-12-03 15:00:00,2017-12-03,Day-week blend (w_week=0.5),432.0,426.5,0.0,8.16519823788559,404.44543797916094,395.83856331965717,423.8348017621144,418.3348017621144
2017-12-03 16:00:00,2017-12-03,Day-week blend (w_week=0.5),431.0,427.5,0.0,9.16519823788559,395.83856331965717,386.17759610676376,421.8348017621144,418.3348017621144
2017-12-03 17:00:00,2017-12-03,Day-week blend (w_week=0.5),430.0,426.0,0.0,7.6651982378855905,386.17759610676376,378.09776772395435,422.3348017621144,418.3348017621144
2017-12-03 18:00:00,2017-12-03,Day-week blend (w_week=0.5),427.0,427.0,0.0,8.66519823788559,378.09776772395435,368.9638467877553,418.3348017621144,418.3348017621144
2017-12-03 19:00:00,2017-12-03,Day-week blend (w_week=0.5),429.0,425.5,0.0,7.1651982378855905,368.9638467877553,361.4110646816407,421.8348017621144,418.3348017621144
2017-12-03 20:00:00,2017-12-03,Day-week blend (w_week=0.5),424.0,422.0,0.0,3.6651982378855905,361.4110646816407,357.54760651238917,420.3348017621144,418.3348017621144
2017-12-03 21:00:00,2017-12-03,Day-week blend (w_week=0.5),418.0,420.0,0.0,1.6651982378855905,357.54760651238917,355.79233344991655,416.3348017621144,418.3348017621144
2017-12-03 22:00:00,2017-12-03,Day-week blend (w_week=0.5),420.0,413.0,5.3348017621144095,0.0,355.79233344991655,360.853370780045,425.3348017621144,418.3348017621144
2017-12-03 23:00:00,2017-12-03,Day-week blend (w_week=0.5),418.0,412.5,5.8348017621144095,0.0,360.853370780045,366.3887497591986,423.8348017621144,418.3348017621144
2017-12-04 00:00:00,2017-12-04,Day-week blend (w_week=0.5),413.0,412.0,18.32158590308359,0.0,366.3887497591986,383.77013229925177,431.3215859030836,430.3215859030836
2017-12-04 01:00:00,2017-12-04,Day-week blend (w_week=0.5),412.0,413.5,16.82158590308353,0.0,383.77013229925177,399.72848989222905,428.82158590308353,430.32158590308353
2017-12-04 02:00:00,2017-12-04,Day-week blend (w_week=0.5),412.0,415.5,14.82158590308353,0.0,399.72848989222905,413.78948088910533,426.82158590308353,430.32158590308353
2017-12-04 03:00:00,2017-12-04,Day-week blend (w_week=0.5),404.0,413.0,17.32158590308353,0.0,413.78948088910533,430.22218013111393,421.32158590308353,430.32158590308353
2017-12-04 04:00:00,2017-12-04,Day-week blend (w_week=0.5),396.0,414.0,16.32158590308353,0.0,430.22218013111393,445.706196075066,412.32158590308353,430.32158590308353
2017-12-04 05:00:00,2017-12-04,Day-week blend (w_week=0.5),394.0,411.0,19.32158590308353,0.0,445.706196075066,464.0362619131696,413.32158590308353,430.32158590308353
2017-12-04 06:00:00,2017-12-04,Day-week blend (w_week=0.5),398.0,412.0,18.32158590308353,0.0,464.0362619131696,481.41764445322264,416.32158590308353,430.32158590308353
2017-12-04 07:00:00,2017-12-04,Day-week blend (w_week=0.5),403.0,415.0,15.32158590308353,0.0,481.41764445322264,495.95297709912415,418.32158590308353,430.32158590308353
2017-12-04 08:00:00,2017-12-04,Day-week blend (w_week=0.5),407.0,420.0,10.32158590308353,0.0,495.95297709912415,505.74489325477316,417.32158590308353,430.32158590308353
2017-12-04 09:00:00,2017-12-04,Day-week blend (w_week=0.5),415.0,429.5,0.8215859030835304,0.0,505.74489325477316,506.5243180789421,415.82158590308353,430.32158590308353
2017-12-04 10:00:00,2017-12-04,Day-week blend (w_week=0.5),435.0,435.5,0.0,5.17841409691647,506.5243180789421,501.0657903410156,429.82158590308353,430.32158590308353
2017-12-04 11:00:00,2017-12-04,Day-week blend (w_week=0.5),447.0,442.5,0.0,12.17841409691647,501.0657903410156,488.22861472936165,434.82158590308353,430.32158590308353
2017-12-04 12:00:00,2017-12-04,Day-week blend (w_week=0.5),457.0,445.0,0.0,14.67841409691647,488.22861472936165,472.75620773423543,442.32158590308353,430.32158590308353
2017-12-04 13:00:00,2017-12-04,Day-week blend (w_week=0.5),462.0,443.5,0.0,13.17841409691647,472.75620773423543,458.86493956919276,448.82158590308353,430.32158590308353
2017-12-04 14:00:00,2017-12-04,Day-week blend (w_week=0.5),463.0,448.0,0.0,17.67841409691647,458.86493956919276,440.23025491389717,445.32158590308353,430.32158590308353
2017-12-04 15:00:00,2017-12-04,Day-week blend (w_week=0.5),463.0,453.0,0.0,22.67841409691647,440.23025491389717,416.32510749165476,440.32158590308353,430.32158590308353
2017-12-04 16:00:00,2017-12-04,Day-week blend (w_week=0.5),462.0,453.0,0.0,22.67841409691647,416.32510749165476,392.41996006941235,439.32158590308353,430.32158590308353
2017-12-04 17:00:00,2017-12-04,Day-week blend (w_week=0.5),465.0,449.5,0.0,19.17841409691647,392.41996006941235,372.2041365840332,445.82158590308353,430.32158590308353
2017-12-04 18:00:00,2017-12-04,Day-week blend (w_week=0.5),460.0,443.5,0.0,13.17841409691647,372.2041365840332,358.312868418991,446.82158590308353,430.32158590308353
2017-12-04 19:00:00,2017-12-04,Day-week blend (w_week=0.5),450.0,438.0,0.0,7.67841409691647,358.312868418991,350.2191092975909,442.32158590308353,430.32158590308353
2017-12-04 20:00:00,2017-12-04,Day-week blend (w_week=0.5),442.0,432.5,0.0,2.1784140969164696,350.2191092975909,347.9228592198326,439.82158590308353,430.32158590308353
2017-12-04 21:00:00,2017-12-04,Day-week blend (w_week=0.5),437.0,424.5,5.82158590308353,0.0,347.9228592198326,353.4457005342543,442.82158590308353,430.32158590308353
2017-12-04 22:00:00,2017-12-04,Day-week blend (w_week=0.5),435.0,424.5,5.82158590308353,0.0,353.4457005342543,358.96854184867595,440.82158590308353,430.32158590308353
2017-12-04 23:00:00,2017-12-04,Day-week blend (w_week=0.5),432.0,422.5,7.82158590308353,0.0,358.96854184867595,366.3887497591986,439.82158590308353,430.32158590308353
2017-12-05 00:00:00,2017-12-05,Day-week blend (w_week=0.5),428.0,418.0,21.332599118942753,0.0,366.3887497591986,386.6266302473467,449.33259911894277,439.33259911894277
2017-12-05 01:00:00,2017-12-05,Day-week blend (w_week=0.5),427.0,414.5,24.83259911894271,0.0,386.6266302473467,410.1849022786716,451.8325991189427,439.3325991189427
2017-12-05 02:00:00,2017-12-05,Day-week blend (w_week=0.5),421.0,413.5,25.83259911894271,0.0,410.1849022786716,434.6918576080469,446.8325991189427,439.3325991189427
2017-12-05 03:00:00,2017-12-05,Day-week blend (w_week=0.5),418.0,412.0,27.33259911894271,0.0,434.6918576080469,460.6218378845009,445.3325991189427,439.3325991189427
2017-12-05 04:00:00,2017-12-05,Day-week blend (w_week=0.5),412.0,407.5,31.83259911894271,0.0,460.6218378845009,490.82089300217933,443.8325991189427,439.3325991189427
2017-12-05 05:00:00,2017-12-05,Day-week blend (w_week=0.5),415.0,405.5,33.83259911894271,0.0,490.82089300217933,522.9173147159588,448.8325991189427,439.3325991189427
2017-12-05 06:00:00,2017-12-05,Day-week blend (w_week=0.5),409.0,409.0,30.33259911894271,0.0,522.9173147159588,551.6933448865615,439.3325991189427,439.3325991189427
2017-12-05 07:00:00,2017-12-05,Day-week blend (w_week=0.5),415.0,416.0,23.33259911894271,0.0,551.6933448865615,573.8285919708105,438.3325991189427,439.3325991189427
2017-12-05 08:00:00,2017-12-05,Day-week blend (w_week=0.5),415.0,423.0,16.33259911894271,0.0,573.8285919708105,589.3230559687061,431.3325991189427,439.3325991189427
2017-12-05 09:00:00,2017-12-05,Day-week blend (w_week=0.5),437.0,434.5,4.83259911894271,0.0,589.3230559687061,593.9076620390206,441.8325991189427,439.3325991189427
2017-12-05 10:00:00,2017-12-05,Day-week blend (w_week=0.5),444.0,445.0,0.0,5.66740088105729,593.9076620390206,587.9336969732258,438.3325991189427,439.3325991189427
2017-12-05 11:00:00,2017-12-05,Day-week blend (w_week=0.5),459.0,458.5,0.0,19.16740088105729,587.9336969732258,567.7294824366718,439.8325991189427,439.3325991189427
2017-12-05 12:00:00,2017-12-05,Day-week blend (w_week=0.5),465.0,464.0,0.0,24.66740088105729,567.7294824366718,541.7277588564766,440.3325991189427,439.3325991189427
2017-12-05 13:00:00,2017-12-05,Day-week blend (w_week=0.5),469.0,467.5,0.0,28.16740088105729,541.7277588564766,512.0367113394177,440.8325991189427,439.3325991189427
2017-12-05 14:00:00,2017-12-05,Day-week blend (w_week=0.5),467.0,464.0,0.0,24.66740088105729,512.0367113394177,486.0349877592221,442.3325991189427,439.3325991189427
2017-12-05 15:00:00,2017-12-05,Day-week blend (w_week=0.5),468.0,467.5,0.0,28.16740088105729,486.0349877592221,456.3439402421636,439.8325991189427,439.3325991189427
2017-12-05 16:00:00,2017-12-05,Day-week blend (w_week=0.5),470.0,469.0,0.0,29.66740088105729,456.3439402421636,425.0717538950212,440.3325991189427,439.3325991189427
2017-12-05 17:00:00,2017-12-05,Day-week blend (w_week=0.5),471.0,472.0,0.0,32.66740088105729,425.0717538950212,390.63728988771027,438.3325991189427,439.3325991189427
2017-12-05 18:00:00,2017-12-05,Day-week blend (w_week=0.5),466.0,464.5,0.0,25.16740088105729,390.63728988771027,364.1085200308207,440.8325991189427,439.3325991189427
2017-12-05 19:00:00,2017-12-05,Day-week blend (w_week=0.5),451.0,452.5,0.0,13.16740088105729,364.1085200308207,350.2288608146041,437.8325991189427,439.3325991189427
2017-12-05 20:00:00,2017-12-05,Day-week blend (w_week=0.5),445.0,442.0,0.0,2.66740088105729,350.2288608146041,347.4171734089773,442.3325991189427,439.3325991189427
2017-12-05 21:00:00,2017-12-05,Day-week blend (w_week=0.5),435.0,435.0,4.33259911894271,0.0,347.4171734089773,351.5274378302664,439.3325991189427,439.3325991189427
2017-12-05 22:00:00,2017-12-05,Day-week blend (w_week=0.5),427.0,433.5,5.83259911894271,0.0,351.5274378302664,357.06072719863147,432.8325991189427,439.3325991189427
2017-12-05 23:00:00,2017-12-05,Day-week blend (w_week=0.5),424.0,429.5,9.83259911894271,0.0,357.06072719863147,366.3887497591986,433.8325991189427,439.3325991189427
2017-12-06 00:00:00,2017-12-06,Day-week blend (w_week=0.5),421.0,425.5,17.18805309734504,0.0,366.3887497591986,382.6947686586553,438.18805309734506,442.68805309734506
2017-12-06 01:00:00,2017-12-06,Day-week blend (w_week=0.5),422.0,424.5,18.188053097345062,0.0,382.6947686586553,399.9494708561624,440.18805309734506,442.68805309734506
2017-12-06 02:00:00,2017-12-06,Day-week blend (w_week=0.5),417.0,420.0,22.688053097345062,0.0,399.9494708561624,421.47324789489693,439.68805309734506,442.68805309734506
2017-12-06 03:00:00,2017-12-06,Day-week blend (w_week=0.5),415.0,417.0,25.688053097345062,0.0,421.47324789489693,445.84307482778576,440.68805309734506,442.68805309734506
2017-12-06 04:00:00,2017-12-06,Day-week blend (w_week=0.5),416.0,414.0,28.688053097345062,0.0,445.84307482778576,473.0589516548233,444.68805309734506,442.68805309734506
2017-12-06 05:00:00,2017-12-06,Day-week blend (w_week=0.5),416.0,414.5,28.188053097345062,0.0,473.0589516548233,499.80048683283565,444.18805309734506,442.68805309734506
2017-12-06 06:00:00,2017-12-06,Day-week blend (w_week=0.5),415.0,412.0,30.688053097345062,0.0,499.80048683283565,528.9137302559742,445.68805309734506,442.68805309734506
2017-12-06 07:00:00,2017-12-06,Day-week blend (w_week=0.5),418.0,417.5,25.188053097345062,0.0,528.9137302559742,552.809215539835,443.18805309734506,442.68805309734506
2017-12-06 08:00:00,2017-12-06,Day-week blend (w_week=0.5),428.0,419.5,23.188053097345062,0.0,552.809215539835,574.8073342275948,451.18805309734506,442.68805309734506
2017-12-06 09:00:00,2017-12-06,Day-week blend (w_week=0.5),430.0,439.5,3.188053097345062,0.0,574.8073342275948,577.8317869543444,433.18805309734506,442.68805309734506
2017-12-06 10:00:00,2017-12-06,Day-week blend (w_week=0.5),450.0,450.5,0.0,7.811946902654938,577.8317869543444,569.5972718967823,442.18805309734506,442.68805309734506
2017-12-06 11:00:00,2017-12-06,Day-week blend (w_week=0.5),463.0,466.5,0.0,23.811946902654938,569.5972718967823,544.4972759849879,439.18805309734506,442.68805309734506
2017-12-06 12:00:00,2017-12-06,Day-week blend (w_week=0.5),468.0,472.0,0.0,29.311946902654938,544.4972759849879,513.5997710295524,438.68805309734506,442.68805309734506
2017-12-06 13:00:00,2017-12-06,Day-week blend (w_week=0.5),467.0,474.0,0.0,31.311946902654938,513.5997710295524,480.5940809673366,435.68805309734506,442.68805309734506
2017-12-06 14:00:00,2017-12-06,Day-week blend (w_week=0.5),472.0,474.0,0.0,31.311946902654938,480.5940809673366,447.58839090512174,440.68805309734506,442.68805309734506
2017-12-06 15:00:00,2017-12-06,Day-week blend (w_week=0.5),475.0,475.0,0.0,32.31194690265494,447.58839090512174,413.5286082895177,442.68805309734506,442.68805309734506
2017-12-06 16:00:00,2017-12-06,Day-week blend (w_week=0.5),471.0,478.5,0.0,35.81194690265494,413.5286082895177,375.77950173704994,435.18805309734506,442.68805309734506
2017-12-06 17:00:00,2017-12-06,Day-week blend (w_week=0.5),468.0,473.5,0.0,30.811946902654938,375.77950173704994,343.3008579515299,437.18805309734506,442.68805309734506
2017-12-06 18:00:00,2017-12-06,Day-week blend (w_week=0.5),457.0,461.0,0.0,18.311946902654938,343.3008579515299,323.99837108337806,438.68805309734506,442.68805309734506
2017-12-06 19:00:00,2017-12-06,Day-week blend (w_week=0.5),449.0,449.5,0.0,6.811946902654938,323.99837108337806,316.8179485792057,442.18805309734506,442.68805309734506
2017-12-06 20:00:00,2017-12-06,Day-week blend (w_week=0.5),438.0,441.5,1.1880530973450618,0.0,316.8179485792057,317.9450347098541,439.18805309734506,442.68805309734506
2017-12-06 21:00:00,2017-12-06,Day-week blend (w_week=0.5),427.0,432.0,10.688053097345062,0.0,317.9450347098541,328.0846121719822,437.68805309734506,442.68805309734506
2017-12-06 22:00:00,2017-12-06,Day-week blend (w_week=0.5),421.0,424.5,18.188053097345062,0.0,328.0846121719822,345.3393143694894,439.18805309734506,442.68805309734506
2017-12-06 23:00:00,2017-12-06,Day-week blend (w_week=0.5),420.0,420.5,22.188053097345062,0.0,345.3393143694894,366.3887497591986,442.18805309734506,442.68805309734506
2017-12-07 00:00:00,2017-12-07,Day-week blend (w_week=0.5),415.0,416.5,21.884955752212424,0.0,366.3887497591986,387.15064175989704,436.8849557522124,438.3849557522124
2017-12-07 01:00:00,2017-12-07,Day-week blend (w_week=0.5),414.0,415.5,22.88495575221242,0.0,387.15064175989704,408.861217058646,436.8849557522124,438.3849557522124
2017-12-07 02:00:00,2017-12-07,Day-week blend (w_week=0.5),410.0,411.5,26.88495575221242,0.0,408.861217058646,434.36652554959704,436.8849557522124,438.3849557522124
2017-12-07 03:00:00,2017-12-07,Day-week blend (w_week=0.5),409.0,411.0,27.38495575221242,0.0,434.36652554959704,460.34617568957486,436.3849557522124,438.3849557522124
2017-12-07 04:00:00,2017-12-07,Day-week blend (w_week=0.5),410.0,410.0,28.38495575221242,0.0,460.34617568957486,487.2745091276016,438.3849557522124,438.3849557522124
2017-12-07 05:00:00,2017-12-07,Day-week blend (w_week=0.5),409.0,411.5,26.88495575221242,0.0,487.2745091276016,512.7798176185527,435.8849557522124,438.3849557522124
2017-12-07 06:00:00,2017-12-07,Day-week blend (w_week=0.5),406.0,411.0,27.38495575221242,0.0,512.7798176185527,538.7594677585289,433.3849557522124,438.3849557522124
2017-12-07 07:00:00,2017-12-07,Day-week blend (w_week=0.5),411.0,414.5,23.88495575221242,0.0,538.7594677585289,561.4187263553283,434.8849557522124,438.3849557522124
2017-12-07 08:00:00,2017-12-07,Day-week blend (w_week=0.5),423.0,423.0,15.38495575221242,0.0,561.4187263553283,576.0141769186985,438.3849557522124,438.3849557522124
2017-12-07 09:00:00,2017-12-07,Day-week blend (w_week=0.5),436.0,431.0,7.38495575221242,0.0,576.0141769186985,583.0201610976646,443.3849557522124,438.3849557522124
2017-12-07 10:00:00,2017-12-07,Day-week blend (w_week=0.5),453.0,450.5,0.0,12.11504424778758,583.0201610976646,570.2497831720875,440.8849557522124,438.3849557522124
2017-12-07 11:00:00,2017-12-07,Day-week blend (w_week=0.5),462.0,462.5,0.0,24.11504424778758,570.2497831720875,544.8302946058375,437.8849557522124,438.3849557522124
2017-12-07 12:00:00,2017-12-07,Day-week blend (w_week=0.5),470.0,469.0,0.0,30.61504424778758,544.8302946058375,512.5592044425548,439.3849557522124,438.3849557522124
2017-12-07 13:00:00,2017-12-07,Day-week blend (w_week=0.5),471.0,466.5,0.0,28.11504424778758,512.5592044425548,482.9233456627471,442.8849557522124,438.3849557522124
2017-12-07 14:00:00,2017-12-07,Day-week blend (w_week=0.5),476.0,470.5,0.0,32.11504424778758,482.9233456627471,449.0711166693809,443.8849557522124,438.3849557522124
2017-12-07 15:00:00,2017-12-07,Day-week blend (w_week=0.5),483.0,474.5,0.0,36.11504424778758,449.0711166693809,411.0025174624566,446.8849557522124,438.3849557522124
2017-12-07 16:00:00,2017-12-07,Day-week blend (w_week=0.5),480.0,472.0,0.0,33.61504424778758,411.0025174624566,375.56914963900635,446.3849557522124,438.3849557522124
2017-12-07 17:00:00,2017-12-07,Day-week blend (w_week=0.5),474.0,468.0,0.0,29.61504424778758,375.56914963900635,344.35215202911377,444.3849557522124,438.3849557522124
2017-12-07 18:00:00,2017-12-07,Day-week blend (w_week=0.5),464.0,458.0,0.0,19.61504424778758,344.35215202911377,323.67607995311573,444.3849557522124,438.3849557522124
2017-12-07 19:00:00,2017-12-07,Day-week blend (w_week=0.5),450.0,446.5,0.0,8.11504424778758,323.67607995311573,315.12207224109693,441.8849557522124,438.3849557522124
2017-12-07 20:00:00,2017-12-07,Day-week blend (w_week=0.5),437.0,436.0,2.38495575221242,0.0,315.12207224109693,317.38463992981065,439.3849557522124,438.3849557522124
2017-12-07 21:00:00,2017-12-07,Day-week blend (w_week=0.5),433.0,427.5,10.88495575221242,0.0,317.38463992981065,327.7110156519533,443.8849557522124,438.3849557522124
2017-12-07 22:00:00,2017-12-07,Day-week blend (w_week=0.5),425.0,419.5,18.88495575221242,0.0,327.7110156519533,345.6268577585002,443.8849557522124,438.3849557522124
2017-12-07 23:00:00,2017-12-07,Day-week blend (w_week=0.5),423.0,416.5,21.88495575221242,0.0,345.6268577585002,366.3887497591986,444.8849557522124,438.3849557522124
2017-12-08 00:00:00,2017-12-08,Day-week blend (w_week=0.5),420.0,412.0,28.873893805309667,0.0,366.3887497591986,393.7809305619801,448.87389380530965,440.87389380530965
2017-12-08 01:00:00,2017-12-08,Day-week blend (w_week=0.5),418.0,415.5,25.373893805309706,0.0,393.7809305619801,417.8527198215848,443.3738938053097,440.8738938053097
2017-12-08 02:00:00,2017-12-08,Day-week blend (w_week=0.5),414.0,413.0,27.873893805309706,0.0,417.8527198215848,444.2962173263158,441.8738938053097,440.8738938053097
2017-12-08 03:00:00,2017-12-08,Day-week blend (w_week=0.5),412.0,410.5,30.373893805309706,0.0,444.2962173263158,473.1114230761743,442.3738938053097,440.8738938053097
2017-12-08 04:00:00,2017-12-08,Day-week blend (w_week=0.5),410.0,411.5,29.373893805309706,0.0,473.1114230761743,500.97794552798103,439.3738938053097,440.8738938053097
2017-12-08 05:00:00,2017-12-08,Day-week blend (w_week=0.5),413.0,410.5,30.373893805309706,0.0,500.97794552798103,529.7931512778383,443.3738938053097,440.8738938053097
2017-12-08 06:00:00,2017-12-08,Day-week blend (w_week=0.5),413.0,408.0,32.873893805309706,0.0,529.7931512778383,560.9800652728219,445.8738938053097,440.8738938053097
2017-12-08 07:00:00,2017-12-08,Day-week blend (w_week=0.5),419.0,413.5,27.373893805309706,0.0,560.9800652728219,586.9492211285276,446.3738938053097,440.8738938053097
2017-12-08 08:00:00,2017-12-08,Day-week blend (w_week=0.5),421.0,423.0,17.873893805309706,0.0,586.9492211285276,603.9058856527536,438.8738938053097,440.8738938053097
2017-12-08 09:00:00,2017-12-08,Day-week blend (w_week=0.5),443.0,435.0,5.873893805309706,0.0,603.9058856527536,609.4783506003732,448.8738938053097,440.8738938053097
2017-12-08 10:00:00,2017-12-08,Day-week blend (w_week=0.5),454.0,454.5,0.0,13.626106194690294,609.4783506003732,595.1151735288568,440.3738938053097,440.8738938053097
2017-12-08 11:00:00,2017-12-08,Day-week blend (w_week=0.5),470.0,467.5,0.0,26.626106194690294,595.1151735288568,567.0487932632768,443.3738938053097,440.8738938053097
2017-12-08 12:00:00,2017-12-08,Day-week blend (w_week=0.5),469.0,470.0,0.0,29.126106194690294,567.0487932632768,536.3471816142228,439.8738938053097,440.8738938053097
2017-12-08 13:00:00,2017-12-08,Day-week blend (w_week=0.5),473.0,468.0,0.0,27.126106194690294,536.3471816142228,507.75375507194804,445.8738938053097,440.8738938053097
2017-12-08 14:00:00,2017-12-08,Day-week blend (w_week=0.5),477.0,475.5,0.0,34.626106194690294,507.75375507194804,471.25463437925237,442.3738938053097,440.8738938053097
2017-12-08 15:00:00,2017-12-08,Day-week blend (w_week=0.5),479.0,477.5,0.0,36.626106194690294,471.25463437925237,432.6473285797774,442.3738938053097,440.8738938053097
2017-12-08 16:00:00,2017-12-08,Day-week blend (w_week=0.5),483.0,478.5,0.0,37.626106194690294,432.6473285797774,392.9859302269133,445.3738938053097,440.8738938053097
2017-12-08 17:00:00,2017-12-08,Day-week blend (w_week=0.5),474.0,472.0,0.0,31.126106194690294,392.9859302269133,360.17613347108045,442.8738938053097,440.8738938053097
2017-12-08 18:00:00,2017-12-08,Day-week blend (w_week=0.5),458.0,461.0,0.0,20.126106194690294,360.17613347108045,338.9613548025318,437.8738938053097,440.8738938053097
2017-12-08 19:00:00,2017-12-08,Day-week blend (w_week=0.5),444.0,449.5,0.0,8.626106194690294,338.9613548025318,329.86864049796236,435.3738938053097,440.8738938053097
2017-12-08 20:00:00,2017-12-08,Day-week blend (w_week=0.5),431.0,440.5,0.37389380530970584,0.0,329.86864049796236,330.2233473063043,431.3738938053097,440.8738938053097
2017-12-08 21:00:00,2017-12-08,Day-week blend (w_week=0.5),428.0,435.5,5.373893805309706,0.0,330.2233473063043,335.32147060489854,433.3738938053097,440.8738938053097
2017-12-08 22:00:00,2017-12-08,Day-week blend (w_week=0.5),424.0,426.0,14.873893805309706,0.0,335.32147060489854,349.43208523497276,438.8738938053097,440.8738938053097
2017-12-08 23:00:00,2017-12-08,Day-week blend (w_week=0.5),418.0,423.0,17.873893805309706,0.0,349.43208523497276,366.3887497591986,435.8738938053097,440.8738938053097
2017-12-09 00:00:00,2017-12-09,Day-week blend (w_week=0.5),414.0,419.0,9.725663716814102,0.0,366.3887497591986,375.615324489796,423.7256637168141,428.7256637168141
2017-12-09 01:00:00,2017-12-09,Day-week blend (w_week=0.5),409.0,416.0,12.725663716814097,0.0,375.615324489796,387.687949114545,421.7256637168141,428.7256637168141
2017-12-09 02:00:00,2017-12-09,Day-week blend (w_week=0.5),409.0,413.0,15.725663716814097,0.0,387.687949114545,402.6066236334455,424.7256637168141,428.7256637168141
2017-12-09 03:00:00,2017-12-09,Day-week blend (w_week=0.5),410.0,411.5,17.225663716814097,0.0,402.6066236334455,418.94832309942535,427.2256637168141,428.7256637168141
2017-12-09 04:00:00,2017-12-09,Day-week blend (w_week=0.5),410.0,410.5,18.225663716814097,0.0,418.94832309942535,436.23870586345214,428.2256637168141,428.7256637168141
2017-12-09 05:00:00,2017-12-09,Day-week blend (w_week=0.5),409.0,411.0,17.725663716814097,0.0,436.23870586345214,453.05474697845364,426.7256637168141,428.7256637168141
2017-12-09 06:00:00,2017-12-09,Day-week blend (w_week=0.5),408.0,412.5,16.225663716814097,0.0,453.05474697845364,468.44776314637943,424.2256637168141,428.7256637168141
2017-12-09 07:00:00,2017-12-09,Day-week blend (w_week=0.5),407.0,414.5,14.225663716814097,0.0,468.44776314637943,481.9434127182042,421.2256637168141,428.7256637168141
2017-12-09 08:00:00,2017-12-09,Day-week blend (w_week=0.5),406.0,415.0,13.725663716814097,0.0,481.9434127182042,494.9647206410036,419.7256637168141,428.7256637168141
2017-12-09 09:00:00,2017-12-09,Day-week blend (w_week=0.5),410.0,425.5,3.225663716814097,0.0,494.9647206410036,498.02485393427196,413.2256637168141,428.7256637168141
2017-12-09 10:00:00,2017-12-09,Day-week blend (w_week=0.5),413.0,435.5,0.0,6.774336283185903,498.02485393427196,490.8840765040104,406.2256637168141,428.7256637168141
2017-12-09 11:00:00,2017-12-09,Day-week blend (w_week=0.5),415.0,445.5,0.0,16.774336283185903,490.8840765040104,473.2023735398534,398.2256637168141,428.7256637168141
2017-12-09 12:00:00,2017-12-09,Day-week blend (w_week=0.5),421.0,443.5,0.0,14.774336283185903,473.2023735398534,457.62885568247475,406.2256637168141,428.7256637168141
2017-12-09 13:00:00,2017-12-09,Day-week blend (w_week=0.5),419.0,446.5,0.0,17.774336283185903,457.62885568247475,438.8930601649281,401.2256637168141,428.7256637168141
2017-12-09 14:00:00,2017-12-09,Day-week blend (w_week=0.5),425.0,451.0,0.0,22.274336283185903,438.8930601649281,415.413848157129,402.7256637168141,428.7256637168141
2017-12-09 15:00:00,2017-12-09,Day-week blend (w_week=0.5),431.0,451.5,0.0,22.774336283185903,415.413848157129,391.4075898726346,408.2256637168141,428.7256637168141
2017-12-09 16:00:00,2017-12-09,Day-week blend (w_week=0.5),432.0,454.5,0.0,25.774336283185903,391.4075898726346,364.2390539279727,406.2256637168141,428.7256637168141
2017-12-09 17:00:00,2017-12-09,Day-week blend (w_week=0.5),430.0,448.5,0.0,19.774336283185903,364.2390539279727,343.3950733036472,410.2256637168141,428.7256637168141
2017-12-09 18:00:00,2017-12-09,Day-week blend (w_week=0.5),423.0,440.5,0.0,11.774336283185903,343.3950733036472,330.9838331064375,411.2256637168141,428.7256637168141
2017-12-09 19:00:00,2017-12-09,Day-week blend (w_week=0.5),419.0,431.5,0.0,2.774336283185903,330.9838331064375,328.05942588973335,416.2256637168141,428.7256637168141
2017-12-09 20:00:00,2017-12-09,Day-week blend (w_week=0.5),416.0,423.5,5.225663716814097,0.0,328.05942588973335,333.01692577910353,421.2256637168141,428.7256637168141
2017-12-09 21:00:00,2017-12-09,Day-week blend (w_week=0.5),416.0,422.0,6.725663716814097,0.0,333.01692577910353,339.3974506155492,422.7256637168141,428.7256637168141
2017-12-09 22:00:00,2017-12-09,Day-week blend (w_week=0.5),413.0,416.5,12.225663716814097,0.0,339.3974506155492,350.9957335912729,425.2256637168141,428.7256637168141
2017-12-09 23:00:00,2017-12-09,Day-week blend (w_week=0.5),417.0,412.5,16.225663716814097,0.0,350.9957335912729,366.3887497591986,433.2256637168141,428.7256637168141
2017-12-10 00:00:00,2017-12-10,Day-week blend (w_week=0.5),413.0,410.5,6.526548672566214,0.0,366.3887497591986,372.5803774787759,419.5265486725662,417.0265486725662
2017-12-10 01:00:00,2017-12-10,Day-week blend (w_week=0.5),409.0,408.5,8.526548672566207,0.0,372.5803774787759,380.66937179445426,417.5265486725662,417.0265486725662
2017-12-10 02:00:00,2017-12-10,Day-week blend (w_week=0.5),407.0,410.0,7.026548672566207,0.0,380.66937179445426,387.33534116305685,414.0265486725662,417.0265486725662
2017-12-10 03:00:00,2017-12-10,Day-week blend (w_week=0.5),408.0,410.0,7.026548672566207,0.0,387.33534116305685,394.0013105316649,415.0265486725662,417.0265486725662
2017-12-10 04:00:00,2017-12-10,Day-week blend (w_week=0.5),408.0,411.5,5.526548672566207,0.0,394.0013105316649,399.24425495319167,413.5265486725662,417.0265486725662
2017-12-10 05:00:00,2017-12-10,Day-week blend (w_week=0.5),406.0,409.5,7.526548672566207,0.0,399.24425495319167,406.3845659708195,413.5265486725662,417.0265486725662
2017-12-10 06:00:00,2017-12-10,Day-week blend (w_week=0.5),404.0,409.5,7.526548672566207,0.0,406.3845659708195,413.5248769884473,411.5265486725662,417.0265486725662
2017-12-10 07:00:00,2017-12-10,Day-week blend (w_week=0.5),404.0,408.5,8.526548672566207,0.0,413.5248769884473,421.61387130412567,412.5265486725662,417.0265486725662
2017-12-10 08:00:00,2017-12-10,Day-week blend (w_week=0.5),406.0,407.5,9.526548672566207,0.0,421.61387130412567,430.6515489178545,415.5265486725662,417.0265486725662
2017-12-10 09:00:00,2017-12-10,Day-week blend (w_week=0.5),408.0,410.5,6.526548672566207,0.0,430.6515489178545,436.84317663743184,414.5265486725662,417.0265486725662
2017-12-10 10:00:00,2017-12-10,Day-week blend (w_week=0.5),410.0,413.0,4.026548672566207,0.0,436.84317663743184,440.66309611188285,414.0265486725662,417.0265486725662
2017-12-10 11:00:00,2017-12-10,Day-week blend (w_week=0.5),416.0,414.5,2.526548672566207,0.0,440.66309611188285,443.0599906392581,418.5265486725662,417.0265486725662
2017-12-10 12:00:00,2017-12-10,Day-week blend (w_week=0.5),419.0,420.0,0.0,2.973451327433793,443.0599906392581,439.9256977371433,416.0265486725662,417.0265486725662
2017-12-10 13:00:00,2017-12-10,Day-week blend (w_week=0.5),418.0,419.5,0.0,2.473451327433793,439.9256977371433,437.31845111172424,415.5265486725662,417.0265486725662
2017-12-10 14:00:00,2017-12-10,Day-week blend (w_week=0.5),421.0,424.5,0.0,7.473451327433793,437.31845111172424,429.4407417193579,413.5265486725662,417.0265486725662
2017-12-10 15:00:00,2017-12-10,Day-week blend (w_week=0.5),425.0,431.5,0.0,14.473451327433793,429.4407417193579,414.184384453265,410.5265486725662,417.0265486725662
2017-12-10 16:00:00,2017-12-10,Day-week blend (w_week=0.5),429.0,431.5,0.0,14.473451327433793,414.184384453265,398.9280271871721,414.5265486725662,417.0265486725662
2017-12-10 17:00:00,2017-12-10,Day-week blend (w_week=0.5),426.0,430.0,0.0,12.973451327433793,398.9280271871721,385.25280875116323,413.0265486725662,417.0265486725662
2017-12-10 18:00:00,2017-12-10,Day-week blend (w_week=0.5),426.0,425.0,0.0,7.973451327433793,385.25280875116323,376.8480530821016,418.0265486725662,417.0265486725662
2017-12-10 19:00:00,2017-12-10,Day-week blend (w_week=0.5),427.0,424.0,0.0,6.973451327433793,376.8480530821016,369.49738996642986,420.0265486725662,417.0265486725662
2017-12-10 20:00:00,2017-12-10,Day-week blend (w_week=0.5),423.0,420.0,0.0,2.973451327433793,369.49738996642986,366.36309706431575,420.0265486725662,417.0265486725662
2017-12-10 21:00:00,2017-12-10,Day-week blend (w_week=0.5),422.0,417.0,0.026548672566207188,0.0,366.36309706431575,366.3882833465648,422.0265486725662,417.0265486725662
2017-12-10 22:00:00,2017-12-10,Day-week blend (w_week=0.5),421.0,416.5,0.5265486725662072,0.0,366.3882833465648,366.8878112778389,421.5265486725662,417.0265486725662
2017-12-10 23:00:00,2017-12-10,Day-week blend (w_week=0.5),415.0,417.5,0.0,0.4734513274337928,366.8878112778389,366.3887497591986,414.5265486725662,417.0265486725662
2017-12-11 00:00:00,2017-12-11,Day-week blend (w_week=0.5),413.0,413.0,11.410087719298136,0.0,366.3887497591986,377.213309407788,424.41008771929813,424.41008771929813
2017-12-11 01:00:00,2017-12-11,Day-week blend (w_week=0.5),414.0,410.5,13.910087719298133,0.0,377.213309407788,390.40957730150376,427.91008771929813,424.41008771929813
2017-12-11 02:00:00,2017-12-11,Day-week blend (w_week=0.5),409.0,409.5,14.910087719298133,0.0,390.40957730150376,404.55452849326997,423.91008771929813,424.41008771929813
2017-12-11 03:00:00,2017-12-11,Day-week blend (w_week=0.5),410.0,406.0,18.410087719298133,0.0,404.55452849326997,422.01987122821686,428.41008771929813,424.41008771929813
2017-12-11 04:00:00,2017-12-11,Day-week blend (w_week=0.5),404.0,402.0,22.410087719298133,0.0,422.01987122821686,443.2799471553619,426.41008771929813,424.41008771929813
2017-12-11 05:00:00,2017-12-11,Day-week blend (w_week=0.5),405.0,400.0,24.410087719298133,0.0,443.2799471553619,466.43738967860804,429.41008771929813,424.41008771929813
2017-12-11 06:00:00,2017-12-11,Day-week blend (w_week=0.5),407.0,401.0,23.410087719298133,0.0,466.43738967860804,488.6461489038036,430.41008771929813,424.41008771929813
2017-12-11 07:00:00,2017-12-11,Day-week blend (w_week=0.5),409.0,403.5,20.910087719298133,0.0,488.6461489038036,508.4831998838729,429.91008771929813,424.41008771929813
2017-12-11 08:00:00,2017-12-11,Day-week blend (w_week=0.5),416.0,406.5,17.910087719298133,0.0,508.4831998838729,525.4742009697907,433.91008771929813,424.41008771929813
2017-12-11 09:00:00,2017-12-11,Day-week blend (w_week=0.5),427.0,411.5,12.910087719298133,0.0,525.4742009697907,537.7217855654559,439.91008771929813,424.41008771929813
2017-12-11 10:00:00,2017-12-11,Day-week blend (w_week=0.5),441.0,422.5,1.910087719298133,0.0,537.7217855654559,539.5338538825654,442.91008771929813,424.41008771929813
2017-12-11 11:00:00,2017-12-11,Day-week blend (w_week=0.5),462.0,431.5,0.0,7.089912280701867,539.5338538825654,532.0604301432923,454.91008771929813,424.41008771929813
2017-12-11 12:00:00,2017-12-11,Day-week blend (w_week=0.5),468.0,438.0,0.0,13.589912280701867,532.0604301432923,517.7354048069883,454.41008771929813,424.41008771929813
2017-12-11 13:00:00,2017-12-11,Day-week blend (w_week=0.5),469.0,440.0,0.0,15.589912280701867,517.7354048069883,501.302194363906,453.41008771929813,424.41008771929813
2017-12-11 14:00:00,2017-12-11,Day-week blend (w_week=0.5),469.0,442.0,0.0,17.589912280701867,501.302194363906,482.7607988140435,451.41008771929813,424.41008771929813
2017-12-11 15:00:00,2017-12-11,Day-week blend (w_week=0.5),468.0,444.0,0.0,19.589912280701867,482.7607988140435,462.1112181574035,448.41008771929813,424.41008771929813
2017-12-11 16:00:00,2017-12-11,Day-week blend (w_week=0.5),467.0,445.5,0.0,21.089912280701867,462.1112181574035,439.88049867067866,445.91008771929813,424.41008771929813
2017-12-11 17:00:00,2017-12-11,Day-week blend (w_week=0.5),467.0,445.5,0.0,21.089912280701867,439.88049867067866,417.6497791839538,445.91008771929813,424.41008771929813
2017-12-11 18:00:00,2017-12-11,Day-week blend (w_week=0.5),456.0,443.0,0.0,18.589912280701867,417.6497791839538,398.05429108070257,437.41008771929813,424.41008771929813
2017-12-11 19:00:00,2017-12-11,Day-week blend (w_week=0.5),451.0,438.5,0.0,14.089912280701867,398.05429108070257,383.202219467704,436.91008771929813,424.41008771929813
2017-12-11 20:00:00,2017-12-11,Day-week blend (w_week=0.5),440.0,432.5,0.0,8.089912280701867,383.202219467704,374.6747031750424,431.91008771929813,424.41008771929813
2017-12-11 21:00:00,2017-12-11,Day-week blend (w_week=0.5),428.0,429.5,0.0,5.089912280701867,374.6747031750424,369.309464542549,422.91008771929813,424.41008771929813
2017-12-11 22:00:00,2017-12-11,Day-week blend (w_week=0.5),429.0,428.0,0.0,3.589912280701867,369.309464542549,365.5253647401396,425.41008771929813,424.41008771929813
2017-12-11 23:00:00,2017-12-11,Day-week blend (w_week=0.5),419.0,423.5,0.9100877192981329,0.0,365.5253647401396,366.3887497591986,419.91008771929813,424.41008771929813
2017-12-12 00:00:00,2017-12-12,Day-week blend (w_week=0.5),417.0,420.5,18.237885462555084,0.0,366.3887497591986,383.6907270892829,435.2378854625551,438.7378854625551
2017-12-12 01:00:00,2017-12-12,Day-week blend (w_week=0.5),415.0,420.5,18.237885462555028,0.0,383.6907270892829,400.9927044193671,433.237885462555,438.737885462555
2017-12-12 02:00:00,2017-12-12,Day-week blend (w_week=0.5),412.0,415.0,23.737885462555028,0.0,400.9927044193671,423.51243988872915,435.737885462555,438.737885462555
2017-12-12 03:00:00,2017-12-12,Day-week blend (w_week=0.5),410.0,414.0,24.737885462555028,0.0,423.51243988872915,446.9808586561442,434.737885462555,438.737885462555
2017-12-12 04:00:00,2017-12-12,Day-week blend (w_week=0.5),408.0,408.0,30.737885462555028,0.0,446.9808586561442,476.1413772118599,438.737885462555,438.737885462555
2017-12-12 05:00:00,2017-12-12,Day-week blend (w_week=0.5),406.0,410.0,28.737885462555028,0.0,476.1413772118599,503.4045291714745,434.737885462555,438.737885462555
2017-12-12 06:00:00,2017-12-12,Day-week blend (w_week=0.5),406.0,408.0,30.737885462555028,0.0,503.4045291714745,532.5650477271902,436.737885462555,438.737885462555
2017-12-12 07:00:00,2017-12-12,Day-week blend (w_week=0.5),408.0,412.0,26.737885462555028,0.0,532.5650477271902,557.9308330907038,434.737885462555,438.737885462555
2017-12-12 08:00:00,2017-12-12,Day-week blend (w_week=0.5),421.0,415.5,23.237885462555028,0.0,557.9308330907038,579.9762269110406,444.237885462555,438.737885462555
2017-12-12 09:00:00,2017-12-12,Day-week blend (w_week=0.5),433.0,432.0,6.7378854625550275,0.0,579.9762269110406,586.368346313544,439.737885462555,438.737885462555
2017-12-12 10:00:00,2017-12-12,Day-week blend (w_week=0.5),446.0,442.5,0.0,3.7621145374449725,586.368346313544,582.4027293946247,442.237885462555,438.737885462555
2017-12-12 11:00:00,2017-12-12,Day-week blend (w_week=0.5),459.0,460.5,0.0,21.762114537444972,582.4027293946247,559.4634465146955,437.237885462555,438.737885462555
2017-12-12 12:00:00,2017-12-12,Day-week blend (w_week=0.5),464.0,466.5,0.0,27.762114537444972,559.4634465146955,530.1996083144295,436.237885462555,438.737885462555
2017-12-12 13:00:00,2017-12-12,Day-week blend (w_week=0.5),468.0,469.0,0.0,30.262114537444972,530.1996083144295,498.30053873068937,437.737885462555,438.737885462555
2017-12-12 14:00:00,2017-12-12,Day-week blend (w_week=0.5),465.0,468.0,0.0,29.262114537444972,498.30053873068937,467.4555617003384,435.737885462555,438.737885462555
2017-12-12 15:00:00,2017-12-12,Day-week blend (w_week=0.5),463.0,468.0,0.0,29.262114537444972,467.4555617003384,436.61058466998793,433.737885462555,438.737885462555
2017-12-12 16:00:00,2017-12-12,Day-week blend (w_week=0.5),461.0,468.5,0.0,29.762114537444972,436.61058466998793,405.2385613629431,431.237885462555,438.737885462555
2017-12-12 17:00:00,2017-12-12,Day-week blend (w_week=0.5),459.0,469.0,0.0,30.262114537444972,405.2385613629431,373.3394917792034,428.737885462555,438.737885462555
2017-12-12 18:00:00,2017-12-12,Day-week blend (w_week=0.5),456.0,461.0,0.0,22.262114537444972,373.3394917792034,349.87316262257946,433.737885462555,438.737885462555
2017-12-12 19:00:00,2017-12-12,Day-week blend (w_week=0.5),446.0,451.0,0.0,12.262114537444972,349.87316262257946,336.9477589998503,433.737885462555,438.737885462555
2017-12-12 20:00:00,2017-12-12,Day-week blend (w_week=0.5),436.0,442.5,0.0,3.7621145374449725,336.9477589998503,332.9821420809312,432.237885462555,438.737885462555
2017-12-12 21:00:00,2017-12-12,Day-week blend (w_week=0.5),432.0,431.5,7.2378854625550275,0.0,332.9821420809312,339.8486031324595,439.237885462555,438.737885462555
2017-12-12 22:00:00,2017-12-12,Day-week blend (w_week=0.5),429.0,428.0,10.737885462555028,0.0,339.8486031324595,350.0354557271649,439.737885462555,438.737885462555
2017-12-12 23:00:00,2017-12-12,Day-week blend (w_week=0.5),420.0,421.5,17.237885462555028,0.0,350.0354557271649,366.3887497591986,437.237885462555,438.737885462555
2017-12-13 00:00:00,2017-12-13,Day-week blend (w_week=0.5),419.0,419.0,19.236725663716747,0.0,366.3887497591986,384.6383101055464,438.23672566371675,438.23672566371675
2017-12-13 01:00:00,2017-12-13,Day-week blend (w_week=0.5),409.0,418.5,19.736725663716754,0.0,384.6383101055464,403.3622121009194,428.73672566371675,438.23672566371675
2017-12-13 02:00:00,2017-12-13,Day-week blend (w_week=0.5),410.0,414.5,23.736725663716754,0.0,403.3622121009194,425.88084728849446,433.73672566371675,438.23672566371675
2017-12-13 03:00:00,2017-12-13,Day-week blend (w_week=0.5),409.0,412.5,25.736725663716754,0.0,425.88084728849446,450.29684907217404,434.73672566371675,438.23672566371675
2017-12-13 04:00:00,2017-12-13,Day-week blend (w_week=0.5),407.0,412.0,26.236725663716754,0.0,450.29684907217404,475.1871925048754,433.23672566371675,438.23672566371675
2017-12-13 05:00:00,2017-12-13,Day-week blend (w_week=0.5),407.0,411.0,27.236725663716754,0.0,475.1871925048754,501.02621923562725,434.23672566371675,438.23672566371675
2017-12-13 06:00:00,2017-12-13,Day-week blend (w_week=0.5),406.0,410.5,27.736725663716754,0.0,501.02621923562725,527.3395876154044,433.73672566371675,438.23672566371675
2017-12-13 07:00:00,2017-12-13,Day-week blend (w_week=0.5),410.0,413.0,25.236725663716754,0.0,527.3395876154044,551.2812477500553,435.23672566371675,438.23672566371675
2017-12-13 08:00:00,2017-12-13,Day-week blend (w_week=0.5),417.0,424.5,13.736725663716754,0.0,551.2812477500553,564.3130499571253,430.73672566371675,438.23672566371675
2017-12-13 09:00:00,2017-12-13,Day-week blend (w_week=0.5),424.0,431.5,6.736725663716754,0.0,564.3130499571253,570.7040690778413,430.73672566371675,438.23672566371675
2017-12-13 10:00:00,2017-12-13,Day-week blend (w_week=0.5),441.0,448.0,0.0,9.763274336283246,570.7040690778413,560.4126743032657,431.23672566371675,438.23672566371675
2017-12-13 11:00:00,2017-12-13,Day-week blend (w_week=0.5),459.0,461.0,0.0,22.763274336283246,560.4126743032657,536.4180763346285,436.23672566371675,438.23672566371675
2017-12-13 12:00:00,2017-12-13,Day-week blend (w_week=0.5),469.0,466.0,0.0,27.763274336283246,536.4180763346285,507.1530155990431,441.23672566371675,438.23672566371675
2017-12-13 13:00:00,2017-12-13,Day-week blend (w_week=0.5),473.0,467.5,0.0,29.263274336283246,507.1530155990431,476.30681603337416,443.73672566371675,438.23672566371675
2017-12-13 14:00:00,2017-12-13,Day-week blend (w_week=0.5),470.0,468.5,0.0,30.263274336283246,476.30681603337416,444.40652391431513,439.73672566371675,438.23672566371675
2017-12-13 15:00:00,2017-12-13,Day-week blend (w_week=0.5),477.0,469.0,0.0,30.763274336283246,444.40652391431513,411.97918551856174,446.23672566371675,438.23672566371675
2017-12-13 16:00:00,2017-12-13,Day-week blend (w_week=0.5),468.0,466.0,0.0,27.763274336283246,411.97918551856174,382.7141247829768,440.23672566371675,438.23672566371675
2017-12-13 17:00:00,2017-12-13,Day-week blend (w_week=0.5),467.0,463.5,0.0,25.263274336283246,382.7141247829768,356.0842954308655,441.73672566371675,438.23672566371675
2017-12-13 18:00:00,2017-12-13,Day-week blend (w_week=0.5),463.0,456.5,0.0,18.263274336283246,356.0842954308655,336.8331139524803,444.73672566371675,438.23672566371675
2017-12-13 19:00:00,2017-12-13,Day-week blend (w_week=0.5),447.0,447.5,0.0,9.263274336283246,336.8331139524803,327.0687654546007,437.73672566371675,438.23672566371675
2017-12-13 20:00:00,2017-12-13,Day-week blend (w_week=0.5),432.0,437.0,1.2367256637167543,0.0,327.0687654546007,328.2420264360394,433.23672566371675,438.23672566371675
2017-12-13 21:00:00,2017-12-13,Day-week blend (w_week=0.5),427.0,429.5,8.736725663716754,0.0,328.2420264360394,336.5304121528567,435.73672566371675,438.23672566371675
2017-12-13 22:00:00,2017-12-13,Day-week blend (w_week=0.5),428.0,425.0,13.236725663716754,0.0,336.5304121528567,349.08787271090137,441.23672566371675,438.23672566371675
2017-12-13 23:00:00,2017-12-13,Day-week blend (w_week=0.5),422.0,420.0,18.236725663716754,0.0,349.08787271090137,366.3887497591986,440.23672566371675,438.23672566371675
2017-12-14 00:00:00,2017-12-14,Day-week blend (w_week=0.5),416.0,417.0,21.8539823008848,0.0,366.3887497591986,387.1212577639396,437.8539823008848,438.8539823008848
2017-12-14 01:00:00,2017-12-14,Day-week blend (w_week=0.5),411.0,411.5,27.35398230088481,0.0,387.1212577639396,413.07152390795835,438.3539823008848,438.8539823008848
2017-12-14 02:00:00,2017-12-14,Day-week blend (w_week=0.5),410.0,410.0,28.85398230088481,0.0,413.07152390795835,440.4448149990529,438.8539823008848,438.8539823008848
2017-12-14 03:00:00,2017-12-14,Day-week blend (w_week=0.5),407.0,409.0,29.85398230088481,0.0,440.4448149990529,468.7667893882015,436.8539823008848,438.8539823008848
2017-12-14 04:00:00,2017-12-14,Day-week blend (w_week=0.5),405.0,408.5,30.35398230088481,0.0,468.7667893882015,497.56310542637186,435.3539823008848,438.8539823008848
2017-12-14 05:00:00,2017-12-14,Day-week blend (w_week=0.5),405.0,408.0,30.85398230088481,0.0,497.56310542637186,526.8337631135674,435.8539823008848,438.8539823008848
2017-12-14 06:00:00,2017-12-14,Day-week blend (w_week=0.5),407.0,406.0,32.85398230088481,0.0,526.8337631135674,558.0017873968641,439.8539823008848,438.8539823008848
2017-12-14 07:00:00,2017-12-14,Day-week blend (w_week=0.5),410.0,410.5,28.35398230088481,0.0,558.0017873968641,584.9007368389334,438.3539823008848,438.8539823008848
2017-12-14 08:00:00,2017-12-14,Day-week blend (w_week=0.5),414.0,420.0,18.85398230088481,0.0,584.9007368389334,602.7871949495228,432.8539823008848,438.8539823008848
2017-12-14 09:00:00,2017-12-14,Day-week blend (w_week=0.5),425.0,430.0,8.853982300884809,0.0,602.7871949495228,611.1868200796071,433.8539823008848,438.8539823008848
2017-12-14 10:00:00,2017-12-14,Day-week blend (w_week=0.5),444.0,447.0,0.0,8.146017699115191,611.1868200796071,602.600163483191,435.8539823008848,438.8539823008848
2017-12-14 11:00:00,2017-12-14,Day-week blend (w_week=0.5),462.0,460.5,0.0,21.64601769911519,602.600163483191,579.7832574160175,440.3539823008848,438.8539823008848
2017-12-14 12:00:00,2017-12-14,Day-week blend (w_week=0.5),466.0,469.5,0.0,30.64601769911519,579.7832574160175,547.4795183683382,435.3539823008848,438.8539823008848
2017-12-14 13:00:00,2017-12-14,Day-week blend (w_week=0.5),468.0,472.0,0.0,33.14601769911519,547.4795183683382,512.5405479371857,434.8539823008848,438.8539823008848
2017-12-14 14:00:00,2017-12-14,Day-week blend (w_week=0.5),471.0,473.0,0.0,34.14601769911519,512.5405479371857,476.5474849526436,436.8539823008848,438.8539823008848
2017-12-14 15:00:00,2017-12-14,Day-week blend (w_week=0.5),468.0,480.0,0.0,41.14601769911519,476.5474849526436,433.17577409437536,426.8539823008848,438.8539823008848
2017-12-14 16:00:00,2017-12-14,Day-week blend (w_week=0.5),465.0,474.0,0.0,35.14601769911519,433.17577409437536,396.12861855644405,429.8539823008848,438.8539823008848
2017-12-14 17:00:00,2017-12-14,Day-week blend (w_week=0.5),463.0,470.5,0.0,31.64601769911519,396.12861855644405,362.7707869553751,431.3539823008848,438.8539823008848
2017-12-14 18:00:00,2017-12-14,Day-week blend (w_week=0.5),457.0,463.5,0.0,24.64601769911519,362.7707869553751,336.7916032280332,432.3539823008848,438.8539823008848
2017-12-14 19:00:00,2017-12-14,Day-week blend (w_week=0.5),448.0,448.5,0.0,9.646017699115191,336.7916032280332,326.6238078015331,438.3539823008848,438.8539823008848
2017-12-14 20:00:00,2017-12-14,Day-week blend (w_week=0.5),443.0,434.5,4.353982300884809,0.0,326.6238078015331,330.75435809039027,447.3539823008848,438.8539823008848
2017-12-14 21:00:00,2017-12-14,Day-week blend (w_week=0.5),439.0,430.0,8.853982300884809,0.0,330.75435809039027,339.1539832204744,447.8539823008848,438.8539823008848
2017-12-14 22:00:00,2017-12-14,Day-week blend (w_week=0.5),430.0,426.5,12.353982300884809,0.0,339.1539832204744,350.87399989373546,442.3539823008848,438.8539823008848
2017-12-14 23:00:00,2017-12-14,Day-week blend (w_week=0.5),423.0,422.5,16.35398230088481,0.0,350.87399989373546,366.3887497591986,439.3539823008848,438.8539823008848
2017-12-15 00:00:00,2017-12-15,Day-week blend (w_week=0.5),417.0,418.0,21.13938053097333,0.0,366.3887497591986,386.4433270000672,438.1393805309733,439.1393805309733
2017-12-15 01:00:00,2017-12-15,Day-week blend (w_week=0.5),413.0,414.5,24.639380530973426,0.0,386.4433270000672,409.8182957841127,437.6393805309734,439.1393805309734
2017-12-15 02:00:00,2017-12-15,Day-week blend (w_week=0.5),411.0,412.0,27.139380530973426,0.0,409.8182957841127,435.5649728132845,438.1393805309734,439.1393805309734
2017-12-15 03:00:00,2017-12-15,Day-week blend (w_week=0.5),409.0,409.5,29.639380530973426,0.0,435.5649728132845,463.6833580875845,438.6393805309734,439.1393805309734
2017-12-15 04:00:00,2017-12-15,Day-week blend (w_week=0.5),406.0,407.5,31.639380530973426,0.0,463.6833580875845,493.6991099579836,437.6393805309734,439.1393805309734
2017-12-15 05:00:00,2017-12-15,Day-week blend (w_week=0.5),408.0,409.0,30.139380530973426,0.0,493.6991099579836,522.291836881307,438.1393805309734,439.1393805309734
2017-12-15 06:00:00,2017-12-15,Day-week blend (w_week=0.5),409.0,410.0,29.139380530973426,0.0,522.291836881307,549.9358805065797,438.1393805309734,439.1393805309734
2017-12-15 07:00:00,2017-12-15,Day-week blend (w_week=0.5),414.0,414.5,24.639380530973426,0.0,549.9358805065797,573.3108492906251,438.6393805309734,439.1393805309734
2017-12-15 08:00:00,2017-12-15,Day-week blend (w_week=0.5),415.0,417.5,21.639380530973426,0.0,573.3108492906251,593.8397681805191,436.6393805309734,439.1393805309734
2017-12-15 09:00:00,2017-12-15,Day-week blend (w_week=0.5),432.0,434.0,5.139380530973426,0.0,593.8397681805191,598.7154126525802,437.1393805309734,439.1393805309734
2017-12-15 10:00:00,2017-12-15,Day-week blend (w_week=0.5),450.0,449.0,0.0,9.860619469026574,598.7154126525802,588.3214070984714,440.1393805309734,439.1393805309734
2017-12-15 11:00:00,2017-12-15,Day-week blend (w_week=0.5),463.0,466.0,0.0,26.860619469026574,588.3214070984714,560.0078281367423,436.1393805309734,439.1393805309734
2017-12-15 12:00:00,2017-12-15,Day-week blend (w_week=0.5),465.0,467.5,0.0,28.360619469026574,560.0078281367423,530.1131103449288,436.6393805309734,439.1393805309734
2017-12-15 13:00:00,2017-12-15,Day-week blend (w_week=0.5),473.0,470.5,0.0,31.360619469026574,530.1131103449288,497.05611489294733,441.6393805309734,439.1393805309734
2017-12-15 14:00:00,2017-12-15,Day-week blend (w_week=0.5),476.0,474.0,0.0,34.860619469026574,497.05611489294733,460.30979550410257,441.1393805309734,439.1393805309734
2017-12-15 15:00:00,2017-12-15,Day-week blend (w_week=0.5),471.0,473.5,0.0,34.360619469026574,460.30979550410257,424.0905223919526,436.6393805309734,439.1393805309734
2017-12-15 16:00:00,2017-12-15,Day-week blend (w_week=0.5),463.0,474.0,0.0,34.860619469026574,424.0905223919526,387.3442030031083,428.1393805309734,439.1393805309734
2017-12-15 17:00:00,2017-12-15,Day-week blend (w_week=0.5),457.0,468.5,0.0,29.360619469026574,387.3442030031083,356.39539265790563,427.6393805309734,439.1393805309734
2017-12-15 18:00:00,2017-12-15,Day-week blend (w_week=0.5),447.0,457.5,0.0,18.360619469026574,356.39539265790563,337.04160039998715,428.6393805309734,439.1393805309734
2017-12-15 19:00:00,2017-12-15,Day-week blend (w_week=0.5),441.0,446.0,0.0,6.860619469026574,337.04160039998715,329.80987250604744,434.1393805309734,439.1393805309734
2017-12-15 20:00:00,2017-12-15,Day-week blend (w_week=0.5),434.0,437.0,2.139380530973426,0.0,329.80987250604744,331.8394670839564,436.1393805309734,439.1393805309734
2017-12-15 21:00:00,2017-12-15,Day-week blend (w_week=0.5),428.0,433.5,5.639380530973426,0.0,331.8394670839564,337.1894532050421,433.6393805309734,439.1393805309734
2017-12-15 22:00:00,2017-12-15,Day-week blend (w_week=0.5),422.0,427.0,12.139380530973426,0.0,337.1894532050421,348.7058807634562,434.1393805309734,439.1393805309734
2017-12-15 23:00:00,2017-12-15,Day-week blend (w_week=0.5),417.0,420.5,18.639380530973426,0.0,348.7058807634562,366.3887497591986,435.6393805309734,439.1393805309734
2017-12-16 00:00:00,2017-12-16,Day-week blend (w_week=0.5),408.0,415.5,10.696902654867268,0.0,366.3887497591986,376.5367226487434,418.69690265486724,426.19690265486724
2017-12-16 01:00:00,2017-12-16,Day-week blend (w_week=0.5),408.0,411.0,15.196902654867301,0.0,376.5367226487434,390.9537703795155,423.1969026548673,426.1969026548673
2017-12-16 02:00:00,2017-12-16,Day-week blend (w_week=0.5),405.0,410.0,16.1969026548673,0.0,390.9537703795155,406.31950140833817,421.1969026548673,426.1969026548673
2017-12-16 03:00:00,2017-12-16,Day-week blend (w_week=0.5),406.0,409.5,16.6969026548673,0.0,406.31950140833817,422.15957408618686,422.6969026548673,426.1969026548673
2017-12-16 04:00:00,2017-12-16,Day-week blend (w_week=0.5),405.0,408.0,18.1969026548673,0.0,422.15957408618686,439.4226717111105,423.1969026548673,426.1969026548673
2017-12-16 05:00:00,2017-12-16,Day-week blend (w_week=0.5),400.0,408.5,17.6969026548673,0.0,439.4226717111105,456.21142768700895,417.6969026548673,426.1969026548673
2017-12-16 06:00:00,2017-12-16,Day-week blend (w_week=0.5),405.0,408.5,17.6969026548673,0.0,456.21142768700895,473.0001836629073,422.6969026548673,426.1969026548673
2017-12-16 07:00:00,2017-12-16,Day-week blend (w_week=0.5),402.0,410.5,15.696902654867301,0.0,473.0001836629073,487.8915730427047,417.6969026548673,426.1969026548673
2017-12-16 08:00:00,2017-12-16,Day-week blend (w_week=0.5),406.0,410.5,15.696902654867301,0.0,487.8915730427047,502.78296242250207,421.6969026548673,426.1969026548673
2017-12-16 09:00:00,2017-12-16,Day-week blend (w_week=0.5),404.0,421.0,5.196902654867301,0.0,502.78296242250207,507.71317717276906,409.1969026548673,426.1969026548673
2017-12-16 10:00:00,2017-12-16,Day-week blend (w_week=0.5),411.0,431.5,0.0,5.303097345132699,507.71317717276906,502.12322175136524,405.6969026548673,426.1969026548673
2017-12-16 11:00:00,2017-12-16,Day-week blend (w_week=0.5),418.0,439.0,0.0,12.803097345132699,502.12322175136524,488.62757217954004,405.1969026548673,426.1969026548673
2017-12-16 12:00:00,2017-12-16,Day-week blend (w_week=0.5),417.0,443.0,0.0,16.8030973451327,488.62757217954004,470.9155523941572,400.1969026548673,426.1969026548673
2017-12-16 13:00:00,2017-12-16,Day-week blend (w_week=0.5),414.0,446.0,0.0,19.8030973451327,470.9155523941572,450.04125494860637,394.1969026548673,426.1969026548673
2017-12-16 14:00:00,2017-12-16,Day-week blend (w_week=0.5),418.0,450.5,0.0,24.3030973451327,450.04125494860637,424.4235410128026,393.6969026548673,426.1969026548673
2017-12-16 15:00:00,2017-12-16,Day-week blend (w_week=0.5),423.0,451.0,0.0,24.8030973451327,424.4235410128026,398.27878080030405,398.1969026548673,426.1969026548673
2017-12-16 16:00:00,2017-12-16,Day-week blend (w_week=0.5),422.0,447.5,0.0,21.3030973451327,398.27878080030405,375.8233445246683,400.6969026548673,426.1969026548673
2017-12-16 17:00:00,2017-12-16,Day-week blend (w_week=0.5),425.0,443.5,0.0,17.3030973451327,375.8233445246683,357.5842784625911,407.6969026548673,426.1969026548673
2017-12-16 18:00:00,2017-12-16,Day-week blend (w_week=0.5),421.0,435.0,0.0,8.803097345132699,357.5842784625911,348.304999104324,412.1969026548673,426.1969026548673
2017-12-16 19:00:00,2017-12-16,Day-week blend (w_week=0.5),416.0,430.0,0.0,3.8030973451326986,348.304999104324,344.2961825130044,412.1969026548673,426.1969026548673
2017-12-16 20:00:00,2017-12-16,Day-week blend (w_week=0.5),416.0,425.0,1.1969026548673014,0.0,344.2961825130044,345.43166407106946,417.1969026548673,426.1969026548673
2017-12-16 21:00:00,2017-12-16,Day-week blend (w_week=0.5),411.0,422.0,4.196902654867301,0.0,345.43166407106946,349.4131955232857,415.1969026548673,426.1969026548673
2017-12-16 22:00:00,2017-12-16,Day-week blend (w_week=0.5),411.0,417.5,8.696902654867301,0.0,349.4131955232857,357.6638018167296,419.6969026548673,426.1969026548673
2017-12-16 23:00:00,2017-12-16,Day-week blend (w_week=0.5),412.0,417.0,9.196902654867301,0.0,357.6638018167296,366.3887497591986,421.1969026548673,426.1969026548673
2017-12-17 00:00:00,2017-12-17,Day-week blend (w_week=0.5),408.0,410.5,3.491228070175358,0.0,366.3887497591986,369.7008195190591,411.49122807017534,413.99122807017534
2017-12-17 01:00:00,2017-12-17,Day-week blend (w_week=0.5),406.0,408.5,5.491228070175339,0.0,369.7008195190591,374.9102558750206,411.49122807017534,413.99122807017534
2017-12-17 02:00:00,2017-12-17,Day-week blend (w_week=0.5),403.0,406.0,7.991228070175339,0.0,374.9102558750206,382.49140047610837,410.99122807017534,413.99122807017534
2017-12-17 03:00:00,2017-12-17,Day-week blend (w_week=0.5),404.0,407.0,6.991228070175339,0.0,382.49140047610837,389.1238617791501,410.99122807017534,413.99122807017534
2017-12-17 04:00:00,2017-12-17,Day-week blend (w_week=0.5),403.0,406.5,7.491228070175339,0.0,389.1238617791501,396.23066473121264,410.49122807017534,413.99122807017534
2017-12-17 05:00:00,2017-12-17,Day-week blend (w_week=0.5),403.0,403.0,10.991228070175339,0.0,396.23066473121264,406.657859226452,413.99122807017534,413.99122807017534
2017-12-17 06:00:00,2017-12-17,Day-week blend (w_week=0.5),406.0,404.5,9.491228070175339,0.0,406.657859226452,415.6620287746155,415.49122807017534,413.99122807017534
2017-12-17 07:00:00,2017-12-17,Day-week blend (w_week=0.5),405.0,403.0,10.991228070175339,0.0,415.6620287746155,426.08922326985487,415.99122807017534,413.99122807017534
2017-12-17 08:00:00,2017-12-17,Day-week blend (w_week=0.5),403.0,406.0,7.991228070175339,0.0,426.08922326985487,433.67036787094264,410.99122807017534,413.99122807017534
2017-12-17 09:00:00,2017-12-17,Day-week blend (w_week=0.5),405.0,406.0,7.991228070175339,0.0,433.67036787094264,441.2515124720304,412.99122807017534,413.99122807017534
2017-12-17 10:00:00,2017-12-17,Day-week blend (w_week=0.5),406.0,410.5,3.491228070175339,0.0,441.2515124720304,444.5635822318909,409.49122807017534,413.99122807017534
2017-12-17 11:00:00,2017-12-17,Day-week blend (w_week=0.5),413.0,417.0,0.0,3.008771929824661,444.5635822318909,441.3920581458151,409.99122807017534,413.99122807017534
2017-12-17 12:00:00,2017-12-17,Day-week blend (w_week=0.5),415.0,418.0,0.0,4.008771929824661,441.3920581458151,437.16644150634966,410.99122807017534,413.99122807017534
2017-12-17 13:00:00,2017-12-17,Day-week blend (w_week=0.5),418.0,416.0,0.0,2.008771929824661,437.16644150634966,435.0490099736635,415.99122807017534,413.99122807017534
2017-12-17 14:00:00,2017-12-17,Day-week blend (w_week=0.5),418.0,419.5,0.0,5.508771929824661,435.0490099736635,429.2422545041145,412.49122807017534,413.99122807017534
2017-12-17 15:00:00,2017-12-17,Day-week blend (w_week=0.5),421.0,424.0,0.0,10.008771929824661,429.2422545041145,418.6920825443126,410.99122807017534,413.99122807017534
2017-12-17 16:00:00,2017-12-17,Day-week blend (w_week=0.5),420.0,425.5,0.0,11.508771929824661,418.6920825443126,406.5607717544267,408.49122807017534,413.99122807017534
2017-12-17 17:00:00,2017-12-17,Day-week blend (w_week=0.5),423.0,425.5,0.0,11.508771929824661,406.5607717544267,394.4294609645408,411.49122807017534,413.99122807017534
2017-12-17 18:00:00,2017-12-17,Day-week blend (w_week=0.5),422.0,423.5,0.0,9.508771929824661,394.4294609645408,384.4063352814337,412.49122807017534,413.99122807017534
2017-12-17 19:00:00,2017-12-17,Day-week blend (w_week=0.5),417.0,421.5,0.0,7.508771929824661,384.4063352814337,376.49139470510545,409.49122807017534,413.99122807017534
2017-12-17 20:00:00,2017-12-17,Day-week blend (w_week=0.5),413.0,419.5,0.0,5.508771929824661,376.49139470510545,370.68463923555646,407.49122807017534,413.99122807017534
2017-12-17 21:00:00,2017-12-17,Day-week blend (w_week=0.5),414.0,416.5,0.0,2.508771929824661,370.68463923555646,368.0401614261757,411.49122807017534,413.99122807017534
2017-12-17 22:00:00,2017-12-17,Day-week blend (w_week=0.5),411.0,416.0,0.0,2.008771929824661,368.0401614261757,365.9227298934897,408.99122807017534,413.99122807017534
2017-12-17 23:00:00,2017-12-17,Day-week blend (w_week=0.5),408.0,413.5,0.49122807017533887,0.0,365.9227298934897,366.3887497591986,408.49122807017534,413.99122807017534
2017-12-18 00:00:00,2017-12-18,Day-week blend (w_week=0.5),405.0,410.5,13.424778761061894,0.0,366.3887497591986,379.1246131498413,418.4247787610619,423.9247787610619
2017-12-18 01:00:00,2017-12-18,Day-week blend (w_week=0.5),403.0,410.0,13.92477876106193,0.0,379.1246131498413,392.3348181895093,416.92477876106193,423.92477876106193
2017-12-18 02:00:00,2017-12-18,Day-week blend (w_week=0.5),404.0,406.0,17.92477876106193,0.0,392.3348181895093,409.3397564213793,421.92477876106193,423.92477876106193
2017-12-18 03:00:00,2017-12-18,Day-week blend (w_week=0.5),401.0,407.0,16.92477876106193,0.0,409.3397564213793,425.39601135520155,417.92477876106193,423.92477876106193
2017-12-18 04:00:00,2017-12-18,Day-week blend (w_week=0.5),399.0,403.5,20.42477876106193,0.0,425.39601135520155,444.77265783219786,419.42477876106193,423.92477876106193
2017-12-18 05:00:00,2017-12-18,Day-week blend (w_week=0.5),400.0,404.0,19.92477876106193,0.0,444.77265783219786,463.67496266016894,419.92477876106193,423.92477876106193
2017-12-18 06:00:00,2017-12-18,Day-week blend (w_week=0.5),401.0,406.5,17.42477876106193,0.0,463.67496266016894,480.2055592430137,418.42477876106193,423.92477876106193
2017-12-18 07:00:00,2017-12-18,Day-week blend (w_week=0.5),404.0,407.0,16.92477876106193,0.0,480.2055592430137,496.2618141768332,420.92477876106193,423.92477876106193
2017-12-18 08:00:00,2017-12-18,Day-week blend (w_week=0.5),414.0,409.5,14.42477876106193,0.0,496.2618141768332,509.94636086552646,428.42477876106193,423.92477876106193
2017-12-18 09:00:00,2017-12-18,Day-week blend (w_week=0.5),427.0,416.0,7.92477876106193,0.0,509.94636086552646,517.4644661168913,434.92477876106193,423.92477876106193
2017-12-18 10:00:00,2017-12-18,Day-week blend (w_week=0.5),441.0,423.5,0.4247787610619298,0.0,517.4644661168913,517.8674466328775,441.42477876106193,423.92477876106193
2017-12-18 11:00:00,2017-12-18,Day-week blend (w_week=0.5),455.0,437.5,0.0,13.57522123893807,517.8674466328775,503.5579070142976,441.42477876106193,423.92477876106193
2017-12-18 12:00:00,2017-12-18,Day-week blend (w_week=0.5),461.0,441.5,0.0,17.57522123893807,503.5579070142976,485.0319971821609,443.42477876106193,423.92477876106193
2017-12-18 13:00:00,2017-12-18,Day-week blend (w_week=0.5),461.0,443.5,0.0,19.57522123893807,485.0319971821609,464.39790224324406,441.42477876106193,423.92477876106193
2017-12-18 14:00:00,2017-12-18,Day-week blend (w_week=0.5),462.0,443.5,0.0,19.57522123893807,464.39790224324406,443.76380730432766,442.42477876106193,423.92477876106193
2017-12-18 15:00:00,2017-12-18,Day-week blend (w_week=0.5),461.0,444.5,0.0,20.57522123893807,443.76380730432766,422.0756198120225,440.42477876106193,423.92477876106193
2017-12-18 16:00:00,2017-12-18,Day-week blend (w_week=0.5),457.0,443.5,0.0,19.57522123893807,422.0756198120225,401.4415248731066,437.42477876106193,423.92477876106193
2017-12-18 17:00:00,2017-12-18,Day-week blend (w_week=0.5),456.0,445.0,0.0,21.07522123893807,401.4415248731066,379.2262911041066,434.92477876106193,423.92477876106193
2017-12-18 18:00:00,2017-12-18,Day-week blend (w_week=0.5),452.0,439.0,0.0,15.07522123893807,379.2262911041066,363.33561265544313,436.92477876106193,423.92477876106193
2017-12-18 19:00:00,2017-12-18,Day-week blend (w_week=0.5),441.0,434.0,0.0,10.07522123893807,363.33561265544313,352.71539697372737,430.92477876106193,423.92477876106193
2017-12-18 20:00:00,2017-12-18,Day-week blend (w_week=0.5),434.0,426.5,0.0,2.57522123893807,352.71539697372737,350.0008754424323,431.42477876106193,423.92477876106193
2017-12-18 21:00:00,2017-12-18,Day-week blend (w_week=0.5),431.0,421.0,2.92477876106193,0.0,350.0008754424323,352.7755642035445,433.92477876106193,423.92477876106193
2017-12-18 22:00:00,2017-12-18,Day-week blend (w_week=0.5),425.0,420.0,3.92477876106193,0.0,352.7755642035445,356.49893626270745,428.92477876106193,423.92477876106193
2017-12-18 23:00:00,2017-12-18,Day-week blend (w_week=0.5),424.0,413.5,10.42477876106193,0.0,356.49893626270745,366.3887497591986,434.42477876106193,423.92477876106193
2017-12-19 00:00:00,2017-12-19,Day-week blend (w_week=0.5),415.0,411.0,22.5572687224669,0.0,366.3887497591986,387.7884538458402,437.5572687224669,433.5572687224669
2017-12-19 01:00:00,2017-12-19,Day-week blend (w_week=0.5),417.0,409.0,24.557268722466915,0.0,387.7884538458402,411.0855245285829,441.5572687224669,433.5572687224669
2017-12-19 02:00:00,2017-12-19,Day-week blend (w_week=0.5),417.0,408.0,25.557268722466915,0.0,411.0855245285829,435.33127850937603,442.5572687224669,433.5572687224669
2017-12-19 03:00:00,2017-12-19,Day-week blend (w_week=0.5),417.0,405.5,28.057268722466915,0.0,435.33127850937603,461.9487407352983,445.0572687224669,433.5572687224669
2017-12-19 04:00:00,2017-12-19,Day-week blend (w_week=0.5),417.0,403.5,30.057268722466915,0.0,461.9487407352983,490.4635695573188,447.0572687224669,433.5572687224669
2017-12-19 05:00:00,2017-12-19,Day-week blend (w_week=0.5),415.0,403.0,30.557268722466915,0.0,490.4635695573188,519.4527400283645,445.5572687224669,433.5572687224669
2017-12-19 06:00:00,2017-12-19,Day-week blend (w_week=0.5),418.0,403.5,30.057268722466915,0.0,519.4527400283645,547.967568850385,448.0572687224669,433.5572687224669
2017-12-19 07:00:00,2017-12-19,Day-week blend (w_week=0.5),421.0,406.0,27.557268722466915,0.0,547.967568850385,574.1106894272791,448.5572687224669,433.5572687224669
2017-12-19 08:00:00,2017-12-19,Day-week blend (w_week=0.5),427.0,417.5,16.057268722466915,0.0,574.1106894272791,589.3439520765924,443.0572687224669,433.5572687224669
2017-12-19 09:00:00,2017-12-19,Day-week blend (w_week=0.5),437.0,430.0,3.5572687224669153,0.0,589.3439520765924,592.7186735002742,440.5572687224669,433.5572687224669
2017-12-19 10:00:00,2017-12-19,Day-week blend (w_week=0.5),447.0,443.5,0.0,9.942731277533085,592.7186735002742,582.2381145002737,437.0572687224669,433.5572687224669
2017-12-19 11:00:00,2017-12-19,Day-week blend (w_week=0.5),460.0,457.0,0.0,23.442731277533085,582.2381145002737,557.5273060295158,436.5572687224669,433.5572687224669
2017-12-19 12:00:00,2017-12-19,Day-week blend (w_week=0.5),463.0,462.5,0.0,28.942731277533085,557.5273060295158,527.0189885151158,434.0572687224669,433.5572687224669
2017-12-19 13:00:00,2017-12-19,Day-week blend (w_week=0.5),460.0,464.5,0.0,30.942731277533085,527.0189885151158,494.4024858939374,429.0572687224669,433.5572687224669
2017-12-19 14:00:00,2017-12-19,Day-week blend (w_week=0.5),466.0,463.5,0.0,29.942731277533085,494.4024858939374,462.8400758261473,436.0572687224669,433.5572687224669
2017-12-19 15:00:00,2017-12-19,Day-week blend (w_week=0.5),466.0,462.0,0.0,28.442731277533085,462.8400758261473,432.8588045884421,437.5572687224669,433.5572687224669
2017-12-19 16:00:00,2017-12-19,Day-week blend (w_week=0.5),467.0,459.0,0.0,25.442731277533085,432.8588045884421,406.03981101090494,441.5572687224669,433.5572687224669
2017-12-19 17:00:00,2017-12-19,Day-week blend (w_week=0.5),467.0,457.5,0.0,23.942731277533085,406.03981101090494,380.8019562634522,443.0572687224669,433.5572687224669
2017-12-19 18:00:00,2017-12-19,Day-week blend (w_week=0.5),461.0,454.0,0.0,20.442731277533085,380.8019562634522,359.2534254528632,440.5572687224669,433.5572687224669
2017-12-19 19:00:00,2017-12-19,Day-week blend (w_week=0.5),448.0,443.5,0.0,9.942731277533085,359.2534254528632,348.7728664528631,438.0572687224669,433.5572687224669
2017-12-19 20:00:00,2017-12-19,Day-week blend (w_week=0.5),440.0,435.0,0.0,1.4427312775330847,348.7728664528631,347.25209415667337,438.5572687224669,433.5572687224669
2017-12-19 21:00:00,2017-12-19,Day-week blend (w_week=0.5),434.0,431.5,2.0572687224669153,0.0,347.25209415667337,349.20379063327925,436.0572687224669,433.5572687224669
2017-12-19 22:00:00,2017-12-19,Day-week blend (w_week=0.5),429.0,427.0,6.557268722466915,0.0,349.20379063327925,355.42456195111265,435.5572687224669,433.5572687224669
2017-12-19 23:00:00,2017-12-19,Day-week blend (w_week=0.5),428.0,422.0,11.557268722466915,0.0,355.42456195111265,366.3887497591986,439.5572687224669,433.5572687224669
2017-12-20 00:00:00,2017-12-20,Day-week blend (w_week=0.5),425.0,417.0,21.54203539822998,0.0,366.3887497591986,386.82531894751236,446.54203539823,438.54203539823
2017-12-20 01:00:00,2017-12-20,Day-week blend (w_week=0.5),422.0,413.0,25.542035398229984,0.0,386.82531894751236,411.05662132802814,447.54203539823,438.54203539823
2017-12-20 02:00:00,2017-12-20,Day-week blend (w_week=0.5),419.0,413.5,25.042035398229984,0.0,411.05662132802814,434.8135820595187,444.04203539823,438.54203539823
2017-12-20 03:00:00,2017-12-20,Day-week blend (w_week=0.5),418.0,413.0,25.542035398229984,0.0,434.8135820595187,459.0448844400401,443.54203539823,438.54203539823
2017-12-20 04:00:00,2017-12-20,Day-week blend (w_week=0.5),416.0,412.0,26.542035398229984,0.0,459.0448844400401,484.2248701186064,442.54203539823,438.54203539823
2017-12-20 05:00:00,2017-12-20,Day-week blend (w_week=0.5),417.0,411.0,27.542035398229984,0.0,484.2248701186064,510.35353909522325,444.54203539823,438.54203539823
2017-12-20 06:00:00,2017-12-20,Day-week blend (w_week=0.5),417.0,412.0,26.542035398229984,0.0,510.35353909522325,535.5335247737895,443.54203539823,438.54203539823
2017-12-20 07:00:00,2017-12-20,Day-week blend (w_week=0.5),422.0,415.5,23.042035398229984,0.0,535.5335247737895,557.3931189091791,445.04203539823,438.54203539823
2017-12-20 08:00:00,2017-12-20,Day-week blend (w_week=0.5),422.0,422.0,16.542035398229984,0.0,557.3931189091791,573.0862716072402,438.54203539823,438.54203539823
2017-12-20 09:00:00,2017-12-20,Day-week blend (w_week=0.5),433.0,430.5,8.042035398229984,0.0,573.0862716072402,580.715616271872,441.04203539823,438.54203539823
2017-12-20 10:00:00,2017-12-20,Day-week blend (w_week=0.5),449.0,444.0,0.0,5.457964601770016,580.715616271872,574.9624164284824,443.54203539823,438.54203539823
2017-12-20 11:00:00,2017-12-20,Day-week blend (w_week=0.5),456.0,459.5,0.0,20.957964601770016,574.9624164284824,552.870782007556,435.04203539823,438.54203539823
2017-12-20 12:00:00,2017-12-20,Day-week blend (w_week=0.5),461.0,466.0,0.0,27.457964601770016,552.870782007556,523.9275459895989,433.54203539823,438.54203539823
2017-12-20 13:00:00,2017-12-20,Day-week blend (w_week=0.5),457.0,466.5,0.0,27.957964601770016,523.9275459895989,494.45726369494696,429.04203539823,438.54203539823
2017-12-20 14:00:00,2017-12-20,Day-week blend (w_week=0.5),456.0,468.0,0.0,29.457964601770016,494.45726369494696,463.40584257021055,426.54203539823,438.54203539823
2017-12-20 15:00:00,2017-12-20,Day-week blend (w_week=0.5),455.0,471.5,0.0,32.957964601770016,463.40584257021055,428.66509750861087,422.04203539823,438.54203539823
2017-12-20 16:00:00,2017-12-20,Day-week blend (w_week=0.5),456.0,467.5,0.0,28.957964601770016,428.66509750861087,398.1407226605693,427.04203539823,438.54203539823
2017-12-20 17:00:00,2017-12-20,Day-week blend (w_week=0.5),454.0,467.0,0.0,28.457964601770016,398.1407226605693,368.14339408922206,425.54203539823,438.54203539823
2017-12-20 18:00:00,2017-12-20,Day-week blend (w_week=0.5),451.0,462.0,0.0,23.457964601770016,368.14339408922206,343.41652828482256,427.54203539823,438.54203539823
2017-12-20 19:00:00,2017-12-20,Day-week blend (w_week=0.5),439.0,447.5,0.0,8.957964601770016,343.41652828482256,333.97400450457053,430.04203539823,438.54203539823
2017-12-20 20:00:00,2017-12-20,Day-week blend (w_week=0.5),433.0,436.0,2.5420353982299844,0.0,333.97400450457053,336.3855910299246,435.54203539823,438.54203539823
2017-12-20 21:00:00,2017-12-20,Day-week blend (w_week=0.5),424.0,430.5,8.042035398229984,0.0,336.3855910299246,344.01493569455624,432.04203539823,438.54203539823
2017-12-20 22:00:00,2017-12-20,Day-week blend (w_week=0.5),418.0,428.5,10.042035398229984,0.0,344.01493569455624,353.54164695528897,428.04203539823,438.54203539823
2017-12-20 23:00:00,2017-12-20,Day-week blend (w_week=0.5),419.0,425.0,13.542035398229984,0.0,353.54164695528897,366.3887497591986,432.54203539823,438.54203539823
2017-12-21 00:00:00,2017-12-21,Day-week blend (w_week=0.5),415.0,420.5,15.812775330396464,0.0,366.3887497591986,381.39006561097096,430.81277533039645,436.31277533039645
2017-12-21 01:00:00,2017-12-21,Day-week blend (w_week=0.5),416.0,416.5,19.81277533039645,0.0,381.39006561097096,400.1861146549453,435.81277533039645,436.31277533039645
2017-12-21 02:00:00,2017-12-21,Day-week blend (w_week=0.5),413.0,414.5,21.81277533039645,0.0,400.1861146549453,420.8795302950207,434.81277533039645,436.31277533039645
2017-12-21 03:00:00,2017-12-21,Day-week blend (w_week=0.5),409.0,412.5,23.81277533039645,0.0,420.8795302950207,443.47031253120053,432.81277533039645,436.31277533039645
2017-12-21 04:00:00,2017-12-21,Day-week blend (w_week=0.5),407.0,410.5,25.81277533039645,0.0,443.47031253120053,467.95846136347797,432.81277533039645,436.31277533039645
2017-12-21 05:00:00,2017-12-21,Day-week blend (w_week=0.5),408.0,411.0,25.31277533039645,0.0,467.95846136347797,491.97226854673016,433.31277533039645,436.31277533039645
2017-12-21 06:00:00,2017-12-21,Day-week blend (w_week=0.5),408.0,412.0,24.31277533039645,0.0,491.97226854673016,515.0373924319318,432.31277533039645,436.31277533039645
2017-12-21 07:00:00,2017-12-21,Day-week blend (w_week=0.5),412.0,416.0,20.31277533039645,0.0,515.0373924319318,534.3077831249315,432.31277533039645,436.31277533039645
2017-12-21 08:00:00,2017-12-21,Day-week blend (w_week=0.5),416.0,418.0,18.31277533039645,0.0,534.3077831249315,551.68080722183,434.31277533039645,436.31277533039645
2017-12-21 09:00:00,2017-12-21,Day-week blend (w_week=0.5),424.0,429.0,7.312775330396448,0.0,551.68080722183,558.618315040173,431.31277533039645,436.31277533039645
2017-12-21 10:00:00,2017-12-21,Day-week blend (w_week=0.5),438.0,446.5,0.0,10.187224669603552,558.618315040173,547.8800373762388,427.81277533039645,436.31277533039645
2017-12-21 11:00:00,2017-12-21,Day-week blend (w_week=0.5),452.0,459.0,0.0,22.68722466960355,547.8800373762388,523.965602794935,429.31277533039645,436.31277533039645
2017-12-21 12:00:00,2017-12-21,Day-week blend (w_week=0.5),460.0,463.5,0.0,27.18722466960355,523.965602794935,495.3077517233796,432.81277533039645,436.31277533039645
2017-12-21 13:00:00,2017-12-21,Day-week blend (w_week=0.5),460.0,462.5,0.0,26.18722466960355,495.3077517233796,467.703993205213,433.81277533039645,436.31277533039645
2017-12-21 14:00:00,2017-12-21,Day-week blend (w_week=0.5),456.0,463.5,0.0,27.18722466960355,467.703993205213,439.04614213365767,428.81277533039645,436.31277533039645
2017-12-21 15:00:00,2017-12-21,Day-week blend (w_week=0.5),458.0,461.5,0.0,25.18722466960355,439.04614213365767,412.4964761688807,432.81277533039645,436.31277533039645
2017-12-21 16:00:00,2017-12-21,Day-week blend (w_week=0.5),455.0,460.5,0.0,24.18722466960355,412.4964761688807,387.00090275749335,430.81277533039645,436.31277533039645
2017-12-21 17:00:00,2017-12-21,Day-week blend (w_week=0.5),454.0,458.5,0.0,22.18722466960355,387.00090275749335,363.6135144528853,431.81277533039645,436.31277533039645
2017-12-21 18:00:00,2017-12-21,Day-week blend (w_week=0.5),445.0,454.0,0.0,17.68722466960355,363.6135144528853,344.96954263853013,427.31277533039645,436.31277533039645
2017-12-21 19:00:00,2017-12-21,Day-week blend (w_week=0.5),436.0,443.5,0.0,7.187224669603552,344.96954263853013,337.39354263476366,428.81277533039645,436.31277533039645
2017-12-21 20:00:00,2017-12-21,Day-week blend (w_week=0.5),434.0,438.0,0.0,1.6872246696035518,337.39354263476366,335.6150516746395,432.31277533039645,436.31277533039645
2017-12-21 21:00:00,2017-12-21,Day-week blend (w_week=0.5),419.0,431.5,4.812775330396448,0.0,335.6150516746395,340.180851247856,423.81277533039645,436.31277533039645
2017-12-21 22:00:00,2017-12-21,Day-week blend (w_week=0.5),416.0,424.0,12.312775330396448,0.0,340.180851247856,351.86177555645156,428.31277533039645,436.31277533039645
2017-12-21 23:00:00,2017-12-21,Day-week blend (w_week=0.5),411.0,421.0,15.312775330396448,0.0,351.86177555645156,366.3887497591986,426.31277533039645,436.31277533039645
2017-12-22 00:00:00,2017-12-22,Day-week blend (w_week=0.5),409.0,416.0,17.60132158590303,0.0,366.3887497591986,383.0868295713608,426.601321585903,433.601321585903
2017-12-22 01:00:00,2017-12-22,Day-week blend (w_week=0.5),405.0,414.5,19.10132158590301,0.0,383.0868295713608,401.20793433059873,424.101321585903,433.601321585903
2017-12-22 02:00:00,2017-12-22,Day-week blend (w_week=0.5),403.0,412.0,21.60132158590301,0.0,401.20793433059873,421.70074733496295,424.601321585903,433.601321585903
2017-12-22 03:00:00,2017-12-22,Day-week blend (w_week=0.5),403.0,409.0,24.60132158590301,0.0,421.70074733496295,445.03961023348205,427.601321585903,433.601321585903
2017-12-22 04:00:00,2017-12-22,Day-week blend (w_week=0.5),405.0,406.5,27.10132158590301,0.0,445.03961023348205,470.7501813771241,432.101321585903,433.601321585903
2017-12-22 05:00:00,2017-12-22,Day-week blend (w_week=0.5),402.0,408.0,25.60132158590301,0.0,470.7501813771241,495.03772757369035,427.601321585903,433.601321585903
2017-12-22 06:00:00,2017-12-22,Day-week blend (w_week=0.5),405.0,408.5,25.10132158590301,0.0,495.03772757369035,518.8509321212314,430.101321585903,433.601321585903
2017-12-22 07:00:00,2017-12-22,Day-week blend (w_week=0.5),405.0,413.0,20.60132158590301,0.0,518.8509321212314,538.3950618275451,425.601321585903,433.601321585903
2017-12-22 08:00:00,2017-12-22,Day-week blend (w_week=0.5),427.0,415.5,18.10132158590301,0.0,538.3950618275451,555.5674832887325,445.101321585903,433.601321585903
2017-12-22 09:00:00,2017-12-22,Day-week blend (w_week=0.5),409.0,428.0,5.601321585903008,0.0,555.5674832887325,560.8813635242886,414.601321585903,433.601321585903
2017-12-22 10:00:00,2017-12-22,Day-week blend (w_week=0.5),436.0,444.0,0.0,10.398678414096992,560.8813635242886,549.9201940428966,425.601321585903,433.601321585903
2017-12-22 11:00:00,2017-12-22,Day-week blend (w_week=0.5),444.0,457.5,0.0,23.89867841409699,549.9201940428966,524.7287750907471,420.101321585903,433.601321585903
2017-12-22 12:00:00,2017-12-22,Day-week blend (w_week=0.5),440.0,462.5,0.0,28.89867841409699,524.7287750907471,494.26689337165044,411.101321585903,433.601321585903
2017-12-22 13:00:00,2017-12-22,Day-week blend (w_week=0.5),425.0,466.5,0.0,32.89867841409699,494.26689337165044,459.5886414389961,392.101321585903,433.601321585903
2017-12-22 14:00:00,2017-12-22,Day-week blend (w_week=0.5),431.0,466.0,0.0,32.39867841409699,459.5886414389961,425.43743578303656,398.601321585903,433.601321585903
2017-12-22 15:00:00,2017-12-22,Day-week blend (w_week=0.5),426.0,464.5,0.0,30.89867841409699,425.43743578303656,392.86736895716103,395.101321585903,433.601321585903
2017-12-22 16:00:00,2017-12-22,Day-week blend (w_week=0.5),423.0,459.0,0.0,25.39867841409699,392.86736895716103,366.0948111749276,397.601321585903,433.601321585903
2017-12-22 17:00:00,2017-12-22,Day-week blend (w_week=0.5),420.0,455.5,0.0,21.89867841409699,366.0948111749276,343.0115773295579,398.101321585903,433.601321585903
2017-12-22 18:00:00,2017-12-22,Day-week blend (w_week=0.5),410.0,446.0,0.0,12.398678414096992,343.0115773295579,329.94222274138747,397.601321585903,433.601321585903
2017-12-22 19:00:00,2017-12-22,Day-week blend (w_week=0.5),399.0,438.5,0.0,4.898678414096992,329.94222274138747,324.7785623036382,394.101321585903,433.601321585903
2017-12-22 20:00:00,2017-12-22,Day-week blend (w_week=0.5),395.0,434.0,0.0,0.3986784140969917,324.7785623036382,324.35831835614135,394.601321585903,433.601321585903
2017-12-22 21:00:00,2017-12-22,Day-week blend (w_week=0.5),393.0,423.5,10.101321585903008,0.0,324.35831835614135,333.9412734329248,403.101321585903,433.601321585903
2017-12-22 22:00:00,2017-12-22,Day-week blend (w_week=0.5),389.0,419.0,14.601321585903008,0.0,333.9412734329248,347.79330335093545,403.601321585903,433.601321585903
2017-12-22 23:00:00,2017-12-22,Day-week blend (w_week=0.5),389.0,414.0,19.60132158590301,0.0,347.79330335093545,366.3887497591986,408.601321585903,433.601321585903
2017-12-23 00:00:00,2017-12-23,Day-week blend (w_week=0.5),389.0,408.5,3.9999999999999956,0.0,366.3887497591986,370.18348295140066,393.0,412.5
2017-12-23 01:00:00,2017-12-23,Day-week blend (w_week=0.5),387.0,406.5,6.0,0.0,370.18348295140066,375.8755827397062,393.0,412.5
2017-12-23 02:00:00,2017-12-23,Day-week blend (w_week=0.5),385.0,404.0,8.5,0.0,375.8755827397062,383.9393907731356,393.5,412.5
2017-12-23 03:00:00,2017-12-23,Day-week blend (w_week=0.5),386.0,404.5,8.0,0.0,383.9393907731356,391.5288571575397,394.0,412.5
2017-12-23 04:00:00,2017-12-23,Day-week blend (w_week=0.5),385.0,405.0,7.5,0.0,391.5288571575397,398.64398189291853,392.5,412.5
2017-12-23 05:00:00,2017-12-23,Day-week blend (w_week=0.5),384.0,401.0,11.5,0.0,398.64398189291853,409.55383982049943,395.5,412.5
2017-12-23 06:00:00,2017-12-23,Day-week blend (w_week=0.5),385.0,405.0,7.5,0.0,409.55383982049943,416.6689645558783,392.5,412.5
2017-12-23 07:00:00,2017-12-23,Day-week blend (w_week=0.5),387.0,403.5,9.0,0.0,416.6689645558783,425.2071142383329,396.0,412.5
2017-12-23 08:00:00,2017-12-23,Day-week blend (w_week=0.5),382.0,416.5,0.0,4.0,425.2071142383329,420.99074402477527,378.0,412.5
2017-12-23 09:00:00,2017-12-23,Day-week blend (w_week=0.5),389.0,406.5,6.0,0.0,420.99074402477527,426.68284381307785,395.0,412.5
2017-12-23 10:00:00,2017-12-23,Day-week blend (w_week=0.5),385.0,423.5,0.0,11.0,426.68284381307785,415.08782572579275,374.0,412.5
2017-12-23 11:00:00,2017-12-23,Day-week blend (w_week=0.5),388.0,431.0,0.0,18.5,415.08782572579275,395.5871134880881,369.5,412.5
2017-12-23 12:00:00,2017-12-23,Day-week blend (w_week=0.5),394.0,428.5,0.0,16.0,395.5871134880881,378.72163263385573,378.0,412.5
2017-12-23 13:00:00,2017-12-23,Day-week blend (w_week=0.5),396.0,419.5,0.0,7.0,378.72163263385573,371.3429847601301,389.0,412.5
2017-12-23 14:00:00,2017-12-23,Day-week blend (w_week=0.5),395.0,424.5,0.0,12.0,371.3429847601301,358.6938741194558,383.0,412.5
2017-12-23 15:00:00,2017-12-23,Day-week blend (w_week=0.5),399.0,424.5,0.0,12.0,358.6938741194558,346.044763478782,387.0,412.5
2017-12-23 16:00:00,2017-12-23,Day-week blend (w_week=0.5),399.0,422.5,0.0,10.0,346.044763478782,335.50383794488744,389.0,412.5
2017-12-23 17:00:00,2017-12-23,Day-week blend (w_week=0.5),400.0,422.5,0.0,10.0,335.50383794488744,324.9629124109929,390.0,412.5
2017-12-23 18:00:00,2017-12-23,Day-week blend (w_week=0.5),399.0,415.5,0.0,3.0,324.9629124109929,321.8006347508242,396.0,412.5
2017-12-23 19:00:00,2017-12-23,Day-week blend (w_week=0.5),398.0,407.5,5.0,0.0,321.8006347508242,326.5440512410771,403.0,412.5
2017-12-23 20:00:00,2017-12-23,Day-week blend (w_week=0.5),396.0,405.5,7.0,0.0,326.5440512410771,333.18483432743074,403.0,412.5
2017-12-23 21:00:00,2017-12-23,Day-week blend (w_week=0.5),389.0,402.0,10.5,0.0,333.18483432743074,343.14600895696105,399.5,412.5
2017-12-23 22:00:00,2017-12-23,Day-week blend (w_week=0.5),392.0,400.0,12.5,0.0,343.14600895696105,355.0045501825924,404.5,412.5
2017-12-23 23:00:00,2017-12-23,Day-week blend (w_week=0.5),392.0,400.5,12.0,0.0,355.0045501825924,366.3887497591986,404.0,412.5
2017-12-24 00:00:00,2017-12-24,Day-week blend (w_week=0.5),391.0,398.5,2.7400881057269038,0.0,366.3887497591986,368.9882255802886,393.7400881057269,401.2400881057269
2017-12-24 01:00:00,2017-12-24,Day-week blend (w_week=0.5),390.0,396.5,4.740088105726841,0.0,368.9882255802886,373.4850679974796,394.74008810572684,401.24008810572684
2017-12-24 02:00:00,2017-12-24,Day-week blend (w_week=0.5),388.0,394.0,7.240088105726841,0.0,373.4850679974796,380.3536186597968,395.24008810572684,401.24008810572684
2017-12-24 03:00:00,2017-12-24,Day-week blend (w_week=0.5),390.0,395.0,6.240088105726841,0.0,380.3536186597968,386.2734860240663,396.24008810572684,401.24008810572684
2017-12-24 04:00:00,2017-12-24,Day-week blend (w_week=0.5),387.0,394.0,7.240088105726841,0.0,386.2734860240663,393.14203668638356,394.24008810572684,401.24008810572684
2017-12-24 05:00:00,2017-12-24,Day-week blend (w_week=0.5),386.0,393.5,7.740088105726841,0.0,393.14203668638356,400.48492899772606,393.74008810572684,401.24008810572684
2017-12-24 06:00:00,2017-12-24,Day-week blend (w_week=0.5),387.0,395.5,5.740088105726841,0.0,400.48492899772606,405.9304547129675,392.74008810572684,401.24008810572684
2017-12-24 07:00:00,2017-12-24,Day-week blend (w_week=0.5),385.0,396.0,5.240088105726841,0.0,405.9304547129675,410.9016387791837,390.24008810572684,401.24008810572684
2017-12-24 08:00:00,2017-12-24,Day-week blend (w_week=0.5),388.0,392.5,8.74008810572684,0.0,410.9016387791837,419.19321438857673,396.74008810572684,401.24008810572684
2017-12-24 09:00:00,2017-12-24,Day-week blend (w_week=0.5),389.0,397.0,4.240088105726841,0.0,419.19321438857673,423.2157151567424,393.24008810572684,401.24008810572684
2017-12-24 10:00:00,2017-12-24,Day-week blend (w_week=0.5),387.0,395.5,5.740088105726841,0.0,423.2157151567424,428.66124087198386,392.74008810572684,401.24008810572684
2017-12-24 11:00:00,2017-12-24,Day-week blend (w_week=0.5),387.0,400.5,0.7400881057268407,0.0,428.66124087198386,429.36335009697177,387.74008810572684,401.24008810572684
2017-12-24 12:00:00,2017-12-24,Day-week blend (w_week=0.5),389.0,404.5,0.0,3.2599118942731593,429.36335009697177,425.9271012445133,385.74008810572684,401.24008810572684
2017-12-24 13:00:00,2017-12-24,Day-week blend (w_week=0.5),391.0,407.0,0.0,5.759911894273159,425.9271012445133,419.8556210085799,385.24008810572684,401.24008810572684
2017-12-24 14:00:00,2017-12-24,Day-week blend (w_week=0.5),394.0,406.5,0.0,5.259911894273159,419.8556210085799,414.3111870493417,388.74008810572684,401.24008810572684
2017-12-24 15:00:00,2017-12-24,Day-week blend (w_week=0.5),392.0,410.0,0.0,8.75991189427316,414.3111870493417,405.07742915324025,383.24008810572684,401.24008810572684
2017-12-24 16:00:00,2017-12-24,Day-week blend (w_week=0.5),393.0,409.5,0.0,8.25991189427316,405.07742915324025,396.37071753383407,384.74008810572684,401.24008810572684
2017-12-24 17:00:00,2017-12-24,Day-week blend (w_week=0.5),394.0,411.5,0.0,10.25991189427316,396.37071753383407,385.5558208076486,383.74008810572684,401.24008810572684
2017-12-24 18:00:00,2017-12-24,Day-week blend (w_week=0.5),391.0,410.5,0.0,9.25991189427316,385.5558208076486,375.79501663485235,381.74008810572684,401.24008810572684
2017-12-24 19:00:00,2017-12-24,Day-week blend (w_week=0.5),390.0,407.5,0.0,6.259911894273159,375.79501663485235,369.196490122225,383.74008810572684,401.24008810572684
2017-12-24 20:00:00,2017-12-24,Day-week blend (w_week=0.5),394.0,404.5,0.0,3.2599118942731593,369.196490122225,365.76024126976586,390.74008810572684,401.24008810572684
2017-12-24 21:00:00,2017-12-24,Day-week blend (w_week=0.5),395.0,401.5,0.0,0.2599118942731593,365.76024126976586,365.4862700774752,394.74008810572684,401.24008810572684
2017-12-24 22:00:00,2017-12-24,Day-week blend (w_week=0.5),388.0,401.5,0.0,0.2599118942731593,365.4862700774752,365.21229888518445,387.74008810572684,401.24008810572684
2017-12-24 23:00:00,2017-12-24,Day-week blend (w_week=0.5),387.0,400.0,1.2400881057268407,0.0,365.21229888518445,366.3887497591986,388.24008810572684,401.24008810572684
2017-12-25 00:00:00,2017-12-25,Day-week blend (w_week=0.5),387.0,398.0,12.43201754385952,0.0,366.3887497591986,378.1827971641291,399.4320175438595,410.4320175438595
2017-12-25 01:00:00,2017-12-25,Day-week blend (w_week=0.5),385.0,396.5,13.932017543859502,0.0,378.1827971641291,391.39986951613537,398.9320175438595,410.4320175438595
2017-12-25 02:00:00,2017-12-25,Day-week blend (w_week=0.5),386.0,396.0,14.432017543859502,0.0,391.39986951613537,405.09128351716686,400.4320175438595,410.4320175438595
2017-12-25 03:00:00,2017-12-25,Day-week blend (w_week=0.5),387.0,395.5,14.932017543859502,0.0,405.09128351716686,419.25703916722796,401.9320175438595,410.4320175438595
2017-12-25 04:00:00,2017-12-25,Day-week blend (w_week=0.5),387.0,393.0,17.4320175438595,0.0,419.25703916722796,435.794503062411,404.4320175438595,410.4320175438595
2017-12-25 05:00:00,2017-12-25,Day-week blend (w_week=0.5),385.0,393.0,17.4320175438595,0.0,435.794503062411,452.3319669575941,402.4320175438595,410.4320175438595
2017-12-25 06:00:00,2017-12-25,Day-week blend (w_week=0.5),385.0,394.0,16.4320175438595,0.0,452.3319669575941,467.92074755472663,401.4320175438595,410.4320175438595
2017-12-25 07:00:00,2017-12-25,Day-week blend (w_week=0.5),382.0,394.5,15.932017543859502,0.0,467.92074755472663,483.0351865028339,397.9320175438595,410.4320175438595
2017-12-25 08:00:00,2017-12-25,Day-week blend (w_week=0.5),384.0,401.0,9.432017543859502,0.0,483.0351865028339,491.98318401361286,393.4320175438595,410.4320175438595
2017-12-25 09:00:00,2017-12-25,Day-week blend (w_week=0.5),384.0,408.0,2.4320175438595015,0.0,491.98318401361286,494.2903984380382,386.4320175438595,410.4320175438595
2017-12-25 10:00:00,2017-12-25,Day-week blend (w_week=0.5),385.0,414.0,0.0,3.5679824561404985,494.2903984380382,490.52941470039696,381.4320175438595,410.4320175438595
2017-12-25 11:00:00,2017-12-25,Day-week blend (w_week=0.5),385.0,421.0,0.0,10.567982456140498,490.52941470039696,479.38978308902824,374.4320175438595,410.4320175438595
2017-12-25 12:00:00,2017-12-25,Day-week blend (w_week=0.5),388.0,425.0,0.0,14.567982456140498,479.38978308902824,464.0337812641019,373.4320175438595,410.4320175438595
2017-12-25 13:00:00,2017-12-25,Day-week blend (w_week=0.5),390.0,426.0,0.0,15.567982456140498,464.0337812641019,447.6236868857868,374.4320175438595,410.4320175438595
2017-12-25 14:00:00,2017-12-25,Day-week blend (w_week=0.5),389.0,428.0,0.0,17.5679824561405,447.6236868857868,429.10540740069155,371.4320175438595,410.4320175438595
2017-12-25 15:00:00,2017-12-25,Day-week blend (w_week=0.5),387.0,426.5,0.0,16.0679824561405,429.10540740069155,412.16826674568165,370.9320175438595,410.4320175438595
2017-12-25 16:00:00,2017-12-25,Day-week blend (w_week=0.5),390.0,425.0,0.0,14.567982456140498,412.16826674568165,396.81226492075575,375.4320175438595,410.4320175438595
2017-12-25 17:00:00,2017-12-25,Day-week blend (w_week=0.5),390.0,425.0,0.0,14.567982456140498,396.81226492075575,381.45626309582985,375.4320175438595,410.4320175438595
2017-12-25 18:00:00,2017-12-25,Day-week blend (w_week=0.5),387.0,421.5,0.0,11.067982456140498,381.45626309582985,369.7895852077668,375.9320175438595,410.4320175438595
2017-12-25 19:00:00,2017-12-25,Day-week blend (w_week=0.5),386.0,415.5,0.0,5.0679824561404985,369.7895852077668,364.4474626400404,380.9320175438595,410.4320175438595
2017-12-25 20:00:00,2017-12-25,Day-week blend (w_week=0.5),383.0,414.0,0.0,3.5679824561404985,364.4474626400404,360.6864789023982,379.4320175438595,410.4320175438595
2017-12-25 21:00:00,2017-12-25,Day-week blend (w_week=0.5),383.0,413.0,0.0,2.5679824561404985,360.6864789023982,357.9795877181459,380.4320175438595,410.4320175438595
2017-12-25 22:00:00,2017-12-25,Day-week blend (w_week=0.5),382.0,406.5,3.9320175438595015,0.0,357.9795877181459,361.709827089647,385.9320175438595,410.4320175438595
2017-12-25 23:00:00,2017-12-25,Day-week blend (w_week=0.5),382.0,405.5,4.9320175438595015,0.0,361.709827089647,366.3887497591986,386.9320175438595,410.4320175438595
2017-12-26 00:00:00,2017-12-26,Day-week blend (w_week=0.5),379.0,401.0,11.933628318583924,0.0,366.3887497591986,377.7099836301818,390.93362831858394,412.93362831858394
2017-12-26 01:00:00,2017-12-26,Day-week blend (w_week=0.5),382.0,401.0,11.933628318583942,0.0,377.7099836301818,389.0312175011659,393.93362831858394,412.93362831858394
2017-12-26 02:00:00,2017-12-26,Day-week blend (w_week=0.5),382.0,401.5,11.433628318583942,0.0,389.0312175011659,399.878109723124,393.43362831858394,412.93362831858394
2017-12-26 03:00:00,2017-12-26,Day-week blend (w_week=0.5),383.0,402.0,10.933628318583942,0.0,399.878109723124,410.2506602960584,393.93362831858394,412.93362831858394
2017-12-26 04:00:00,2017-12-26,Day-week blend (w_week=0.5),381.0,402.0,10.933628318583942,0.0,410.2506602960584,420.6232108689928,391.93362831858394,412.93362831858394
2017-12-26 05:00:00,2017-12-26,Day-week blend (w_week=0.5),383.0,400.0,12.933628318583942,0.0,420.6232108689928,432.8931280380275,395.93362831858394,412.93362831858394
2017-12-26 06:00:00,2017-12-26,Day-week blend (w_week=0.5),382.0,401.5,11.433628318583942,0.0,432.8931280380275,443.7400202599856,393.43362831858394,412.93362831858394
2017-12-26 07:00:00,2017-12-26,Day-week blend (w_week=0.5),381.0,401.5,11.433628318583942,0.0,443.7400202599856,454.5869124819437,392.43362831858394,412.93362831858394
2017-12-26 08:00:00,2017-12-26,Day-week blend (w_week=0.5),381.0,405.5,7.433628318583942,0.0,454.5869124819437,461.6390715116995,388.43362831858394,412.93362831858394
2017-12-26 09:00:00,2017-12-26,Day-week blend (w_week=0.5),381.0,410.5,2.433628318583942,0.0,461.6390715116995,463.94781405120193,383.43362831858394,412.93362831858394
2017-12-26 10:00:00,2017-12-26,Day-week blend (w_week=0.5),385.0,416.0,0.0,3.066371681416058,463.94781405120193,460.7155744958973,381.93362831858394,412.93362831858394
2017-12-26 11:00:00,2017-12-26,Day-week blend (w_week=0.5),392.0,422.5,0.0,9.566371681416058,460.7155744958973,450.63173334356,382.43362831858394,412.93362831858394
2017-12-26 12:00:00,2017-12-26,Day-week blend (w_week=0.5),393.0,425.5,0.0,12.566371681416058,450.63173334356,437.3856145310556,380.43362831858394,412.93362831858394
2017-12-26 13:00:00,2017-12-26,Day-week blend (w_week=0.5),394.0,425.0,0.0,12.066371681416058,437.3856145310556,424.6665419952451,381.93362831858394,412.93362831858394
2017-12-26 14:00:00,2017-12-26,Day-week blend (w_week=0.5),396.0,427.5,0.0,14.566371681416058,424.6665419952451,409.312238075961,381.43362831858394,412.93362831858394
2017-12-26 15:00:00,2017-12-26,Day-week blend (w_week=0.5),397.0,426.5,0.0,13.566371681416058,409.312238075961,395.01202671006695,383.43362831858394,412.93362831858394
2017-12-26 16:00:00,2017-12-26,Day-week blend (w_week=0.5),399.0,428.5,0.0,15.566371681416058,395.01202671006695,378.6036302373932,383.43362831858394,412.93362831858394
2017-12-26 17:00:00,2017-12-26,Day-week blend (w_week=0.5),400.0,428.5,0.0,15.566371681416058,378.6036302373932,362.1952337647199,384.43362831858394,412.93362831858394
2017-12-26 18:00:00,2017-12-26,Day-week blend (w_week=0.5),396.0,424.0,0.0,11.066371681416058,362.1952337647199,350.53025378229904,384.93362831858394,412.93362831858394
2017-12-26 19:00:00,2017-12-26,Day-week blend (w_week=0.5),396.0,417.0,0.0,4.066371681416058,350.53025378229904,346.2439216736045,391.93362831858394,412.93362831858394
2017-12-26 20:00:00,2017-12-26,Day-week blend (w_week=0.5),392.0,411.5,1.433628318583942,0.0,346.2439216736045,347.6039809150575,393.43362831858394,412.93362831858394
2017-12-26 21:00:00,2017-12-26,Day-week blend (w_week=0.5),386.0,408.5,4.433628318583942,0.0,347.6039809150575,351.81009005066164,390.43362831858394,412.93362831858394
2017-12-26 22:00:00,2017-12-26,Day-week blend (w_week=0.5),385.0,405.5,7.433628318583942,0.0,351.81009005066164,358.8622490804174,392.43362831858394,412.93362831858394
2017-12-26 23:00:00,2017-12-26,Day-week blend (w_week=0.5),384.0,405.0,7.933628318583942,0.0,358.8622490804174,366.3887497591986,391.93362831858394,412.93362831858394
2017-12-27 00:00:00,2017-12-27,Day-week blend (w_week=0.5),385.0,402.0,9.999999999999908,0.0,366.3887497591986,375.87558273970365,394.9999999999999,411.9999999999999
2017-12-27 01:00:00,2017-12-27,Day-week blend (w_week=0.5),386.0,402.0,9.999999999999886,0.0,375.87558273970365,385.3624157202087,395.9999999999999,411.9999999999999
2017-12-27 02:00:00,2017-12-27,Day-week blend (w_week=0.5),385.0,400.5,11.499999999999886,0.0,385.3624157202087,396.2722736477895,396.4999999999999,411.9999999999999
2017-12-27 03:00:00,2017-12-27,Day-week blend (w_week=0.5),386.0,400.5,11.499999999999886,0.0,396.2722736477895,407.18213157537457,397.4999999999999,411.9999999999999
2017-12-27 04:00:00,2017-12-27,Day-week blend (w_week=0.5),384.0,398.5,13.499999999999886,0.0,407.18213157537457,419.9893560990564,397.4999999999999,411.9999999999999
2017-12-27 05:00:00,2017-12-27,Day-week blend (w_week=0.5),385.0,400.0,11.999999999999886,0.0,419.9893560990564,431.3735556756625,396.9999999999999,411.9999999999999
2017-12-27 06:00:00,2017-12-27,Day-week blend (w_week=0.5),383.0,399.5,12.499999999999886,0.0,431.3735556756625,443.2320969012938,395.4999999999999,411.9999999999999
2017-12-27 07:00:00,2017-12-27,Day-week blend (w_week=0.5),386.0,401.5,10.499999999999886,0.0,443.2320969012938,453.19327153082406,396.4999999999999,411.9999999999999
2017-12-27 08:00:00,2017-12-27,Day-week blend (w_week=0.5),385.0,401.5,10.499999999999886,0.0,453.19327153082406,463.1544461603544,395.4999999999999,411.9999999999999
2017-12-27 09:00:00,2017-12-27,Day-week blend (w_week=0.5),389.0,407.0,4.999999999999886,0.0,463.1544461603544,467.89786265060684,393.9999999999999,411.9999999999999
2017-12-27 10:00:00,2017-12-27,Day-week blend (w_week=0.5),401.0,417.0,0.0,5.000000000000114,467.89786265060684,462.62739988365865,395.9999999999999,411.9999999999999
2017-12-27 11:00:00,2017-12-27,Day-week blend (w_week=0.5),407.0,424.0,0.0,12.000000000000114,462.62739988365865,449.97828924298483,394.9999999999999,411.9999999999999
2017-12-27 12:00:00,2017-12-27,Day-week blend (w_week=0.5),413.0,427.0,0.0,15.000000000000114,449.97828924298483,434.166900942143,397.9999999999999,411.9999999999999
2017-12-27 13:00:00,2017-12-27,Day-week blend (w_week=0.5),413.0,425.5,0.0,13.500000000000114,434.166900942143,419.9366514713847,399.4999999999999,411.9999999999999
2017-12-27 14:00:00,2017-12-27,Day-week blend (w_week=0.5),424.0,426.0,0.0,14.000000000000114,419.9366514713847,405.1793557239321,409.9999999999999,411.9999999999999
2017-12-27 15:00:00,2017-12-27,Day-week blend (w_week=0.5),426.0,426.0,0.0,14.000000000000114,405.1793557239321,390.42205997647943,411.9999999999999,411.9999999999999
2017-12-27 16:00:00,2017-12-27,Day-week blend (w_week=0.5),424.0,427.5,0.0,15.500000000000114,390.42205997647943,374.0836253989428,408.4999999999999,411.9999999999999
2017-12-27 17:00:00,2017-12-27,Day-week blend (w_week=0.5),426.0,427.0,0.0,15.000000000000114,374.0836253989428,358.27223709810005,410.9999999999999,411.9999999999999
2017-12-27 18:00:00,2017-12-27,Day-week blend (w_week=0.5),419.0,423.5,0.0,11.500000000000114,358.27223709810005,346.1501727341215,407.4999999999999,411.9999999999999
2017-12-27 19:00:00,2017-12-27,Day-week blend (w_week=0.5),414.0,417.5,0.0,5.500000000000114,346.1501727341215,340.3526636904794,408.4999999999999,411.9999999999999
2017-12-27 20:00:00,2017-12-27,Day-week blend (w_week=0.5),412.0,412.5,0.0,0.5000000000001137,340.3526636904794,339.8256174137848,411.4999999999999,411.9999999999999
2017-12-27 21:00:00,2017-12-27,Day-week blend (w_week=0.5),410.0,405.0,6.999999999999886,0.0,339.8256174137848,346.46640050013804,416.9999999999999,411.9999999999999
2017-12-27 22:00:00,2017-12-27,Day-week blend (w_week=0.5),404.0,401.5,10.499999999999886,0.0,346.46640050013804,356.42757512966836,414.4999999999999,411.9999999999999
2017-12-27 23:00:00,2017-12-27,Day-week blend (w_week=0.5),403.0,401.5,10.499999999999886,0.0,356.42757512966836,366.3887497591986,413.4999999999999,411.9999999999999
2017-12-28 00:00:00,2017-12-28,Day-week blend (w_week=0.5),402.0,400.0,16.905286343612257,0.0,366.3887497591986,382.426512562145,418.90528634361226,416.90528634361226
2017-12-28 01:00:00,2017-12-28,Day-week blend (w_week=0.5),402.0,401.0,15.90528634361226,0.0,382.426512562145,397.51559206704087,417.90528634361226,416.90528634361226
2017-12-28 02:00:00,2017-12-28,Day-week blend (w_week=0.5),401.0,399.0,17.90528634361226,0.0,397.51559206704087,414.50203816803776,418.90528634361226,416.90528634361226
2017-12-28 03:00:00,2017-12-28,Day-week blend (w_week=0.5),400.0,397.5,19.40528634361226,0.0,414.50203816803776,432.91150921611273,419.40528634361226,416.90528634361226
2017-12-28 04:00:00,2017-12-28,Day-week blend (w_week=0.5),400.0,395.5,21.40528634361226,0.0,432.91150921611273,453.21834686028643,421.40528634361226,416.90528634361226
2017-12-28 05:00:00,2017-12-28,Day-week blend (w_week=0.5),400.0,396.5,20.40528634361226,0.0,453.21834686028643,472.5765012064096,420.40528634361226,416.90528634361226
2017-12-28 06:00:00,2017-12-28,Day-week blend (w_week=0.5),397.0,395.5,21.40528634361226,0.0,472.5765012064096,492.8833388505833,418.40528634361226,416.90528634361226
2017-12-28 07:00:00,2017-12-28,Day-week blend (w_week=0.5),399.0,399.0,17.90528634361226,0.0,492.8833388505833,509.8697849515802,416.90528634361226,416.90528634361226
2017-12-28 08:00:00,2017-12-28,Day-week blend (w_week=0.5),414.0,400.5,16.40528634361226,0.0,509.8697849515802,525.4332061055013,430.40528634361226,416.90528634361226
2017-12-28 09:00:00,2017-12-28,Day-week blend (w_week=0.5),400.0,406.5,10.40528634361226,0.0,525.4332061055013,535.3045274711194,410.40528634361226,416.90528634361226
2017-12-28 10:00:00,2017-12-28,Day-week blend (w_week=0.5),414.0,419.5,0.0,2.5947136563877393,535.3045274711194,532.5694591277434,411.40528634361226,416.90528634361226
2017-12-28 11:00:00,2017-12-28,Day-week blend (w_week=0.5),420.0,429.5,0.0,12.59471365638774,532.5694591277434,519.2934652504719,407.40528634361226,416.90528634361226
2017-12-28 12:00:00,2017-12-28,Day-week blend (w_week=0.5),422.0,436.5,0.0,19.59471365638774,519.2934652504719,498.6388234994747,402.40528634361226,416.90528634361226
2017-12-28 13:00:00,2017-12-28,Day-week blend (w_week=0.5),427.0,436.5,0.0,19.59471365638774,498.6388234994747,477.98418174847757,407.40528634361226,416.90528634361226
2017-12-28 14:00:00,2017-12-28,Day-week blend (w_week=0.5),426.0,440.0,0.0,23.09471365638774,477.98418174847757,453.6402160606176,402.90528634361226,416.90528634361226
2017-12-28 15:00:00,2017-12-28,Day-week blend (w_week=0.5),427.0,442.0,0.0,25.09471365638774,453.6402160606176,427.18806526597837,401.90528634361226,416.90528634361226
2017-12-28 16:00:00,2017-12-28,Day-week blend (w_week=0.5),426.0,439.5,0.0,22.59471365638774,427.18806526597837,403.37114585481277,403.40528634361226,416.90528634361226
2017-12-28 17:00:00,2017-12-28,Day-week blend (w_week=0.5),427.0,440.0,0.0,23.09471365638774,403.37114585481277,379.0271801669528,403.90528634361226,416.90528634361226
2017-12-28 18:00:00,2017-12-28,Day-week blend (w_week=0.5),424.0,432.0,0.0,15.09471365638774,379.0271801669528,363.1159549062081,408.90528634361226,416.90528634361226
2017-12-28 19:00:00,2017-12-28,Day-week blend (w_week=0.5),419.0,425.0,0.0,8.09471365638774,363.1159549062081,354.58337751919,410.90528634361226,416.90528634361226
2017-12-28 20:00:00,2017-12-28,Day-week blend (w_week=0.5),414.0,423.0,0.0,6.094713656387739,354.58337751919,348.15898523895066,407.90528634361226,416.90528634361226
2017-12-28 21:00:00,2017-12-28,Day-week blend (w_week=0.5),407.0,414.5,2.4052863436122607,0.0,348.15898523895066,350.44084022016443,409.40528634361226,416.90528634361226
2017-12-28 22:00:00,2017-12-28,Day-week blend (w_week=0.5),403.0,410.0,6.905286343612261,0.0,350.44084022016443,356.9917700426058,409.90528634361226,416.90528634361226
2017-12-28 23:00:00,2017-12-28,Day-week blend (w_week=0.5),404.0,407.0,9.90528634361226,0.0,356.9917700426058,366.3887497591986,413.90528634361226,416.90528634361226
2017-12-29 00:00:00,2017-12-29,Day-week blend (w_week=0.5),403.0,405.5,6.935840707964392,0.0,366.3887497591986,372.9686659967833,409.9358407079644,412.4358407079644
2017-12-29 01:00:00,2017-12-29,Day-week blend (w_week=0.5),399.0,403.5,8.935840707964473,0.0,372.9686659967833,381.44594883047284,407.9358407079645,412.4358407079645
2017-12-29 02:00:00,2017-12-29,Day-week blend (w_week=0.5),396.0,402.0,10.435840707964473,0.0,381.44594883047284,391.34625661123437,406.4358407079645,412.4358407079645
2017-12-29 03:00:00,2017-12-29,Day-week blend (w_week=0.5),396.0,401.5,10.935840707964473,0.0,391.34625661123437,401.7209060410212,406.9358407079645,412.4358407079645
2017-12-29 04:00:00,2017-12-29,Day-week blend (w_week=0.5),397.0,402.5,9.935840707964473,0.0,401.7209060410212,411.14687217275747,406.9358407079645,412.4358407079645
2017-12-29 05:00:00,2017-12-29,Day-week blend (w_week=0.5),400.0,401.0,11.435840707964473,0.0,411.14687217275747,421.9958632515695,411.4358407079645,412.4358407079645
2017-12-29 06:00:00,2017-12-29,Day-week blend (w_week=0.5),395.0,401.0,11.435840707964473,0.0,421.9958632515695,432.8448543303816,406.4358407079645,412.4358407079645
2017-12-29 07:00:00,2017-12-29,Day-week blend (w_week=0.5),397.0,402.0,10.435840707964473,0.0,432.8448543303816,442.74516211114315,407.4358407079645,412.4358407079645
2017-12-29 08:00:00,2017-12-29,Day-week blend (w_week=0.5),403.0,420.5,0.0,8.064159292035527,442.74516211114315,434.244791852062,394.9358407079645,412.4358407079645
2017-12-29 09:00:00,2017-12-29,Day-week blend (w_week=0.5),401.0,404.5,7.9358407079644735,0.0,434.244791852062,441.7733913876973,408.9358407079645,412.4358407079645
2017-12-29 10:00:00,2017-12-29,Day-week blend (w_week=0.5),411.0,425.0,0.0,12.564159292035527,441.7733913876973,428.5296046383637,398.4358407079645,412.4358407079645
2017-12-29 11:00:00,2017-12-29,Day-week blend (w_week=0.5),418.0,432.0,0.0,19.564159292035527,428.5296046383637,407.90717001530356,398.4358407079645,412.4358407079645
2017-12-29 12:00:00,2017-12-29,Day-week blend (w_week=0.5),426.0,431.0,0.0,18.564159292035527,407.90717001530356,388.33882794563306,407.4358407079645,412.4358407079645
2017-12-29 13:00:00,2017-12-29,Day-week blend (w_week=0.5),430.0,426.0,0.0,13.564159292035527,388.33882794563306,374.0409486429098,416.4358407079645,412.4358407079645
2017-12-29 14:00:00,2017-12-29,Day-week blend (w_week=0.5),427.0,428.5,0.0,16.064159292035527,374.0409486429098,357.1078379567134,410.9358407079645,412.4358407079645
2017-12-29 15:00:00,2017-12-29,Day-week blend (w_week=0.5),426.0,426.5,0.0,14.064159292035527,357.1078379567134,342.28291237729536,411.9358407079645,412.4358407079645
2017-12-29 16:00:00,2017-12-29,Day-week blend (w_week=0.5),424.0,424.5,0.0,12.064159292035527,342.28291237729536,329.56617190465613,411.9358407079645,412.4358407079645
2017-12-29 17:00:00,2017-12-29,Day-week blend (w_week=0.5),429.0,423.5,0.0,11.064159292035527,329.56617190465613,317.90352398540654,417.9358407079645,412.4358407079645
2017-12-29 18:00:00,2017-12-29,Day-week blend (w_week=0.5),420.0,417.0,0.0,4.5641592920355265,317.90352398540654,313.0924776631887,415.4358407079645,412.4358407079645
2017-12-29 19:00:00,2017-12-29,Day-week blend (w_week=0.5),412.0,409.0,3.4358407079644735,0.0,313.0924776631887,316.3520023575968,415.4358407079645,412.4358407079645
2017-12-29 20:00:00,2017-12-29,Day-week blend (w_week=0.5),408.0,404.5,7.9358407079644735,0.0,316.3520023575968,323.88060189323204,415.9358407079645,412.4358407079645
2017-12-29 21:00:00,2017-12-29,Day-week blend (w_week=0.5),407.0,400.0,12.435840707964473,0.0,323.88060189323204,335.6782762700946,419.4358407079645,412.4358407079645
2017-12-29 22:00:00,2017-12-29,Day-week blend (w_week=0.5),401.0,396.0,16.435840707964473,0.0,335.6782762700946,351.27068383915923,417.4358407079645,412.4358407079645
2017-12-29 23:00:00,2017-12-29,Day-week blend (w_week=0.5),405.0,396.5,15.935840707964473,0.0,351.27068383915923,366.3887497591986,420.9358407079645,412.4358407079645
2017-12-30 00:00:00,2017-12-30,Day-week blend (w_week=0.5),403.0,396.0,4.646017699114967,0.0,366.3887497591986,370.79634915279604,407.64601769911496,400.64601769911496
2017-12-30 01:00:00,2017-12-30,Day-week blend (w_week=0.5),405.0,393.0,7.646017699115021,0.0,370.79634915279604,378.0499984405451,412.646017699115,400.646017699115
2017-12-30 02:00:00,2017-12-30,Day-week blend (w_week=0.5),403.0,390.5,10.14601769911502,0.0,378.0499984405451,387.67535597342044,413.146017699115,400.646017699115
2017-12-30 03:00:00,2017-12-30,Day-week blend (w_week=0.5),404.0,391.0,9.64601769911502,0.0,387.67535597342044,396.82637185727174,413.646017699115,400.646017699115
2017-12-30 04:00:00,2017-12-30,Day-week blend (w_week=0.5),403.0,391.0,9.64601769911502,0.0,396.82637185727174,405.9773877411218,412.646017699115,400.646017699115
2017-12-30 05:00:00,2017-12-30,Day-week blend (w_week=0.5),403.0,392.0,8.64601769911502,0.0,405.9773877411218,414.17972032692137,411.646017699115,400.646017699115
2017-12-30 06:00:00,2017-12-30,Day-week blend (w_week=0.5),400.0,390.0,10.64601769911502,0.0,414.17972032692137,424.27941950882195,410.646017699115,400.646017699115
2017-12-30 07:00:00,2017-12-30,Day-week blend (w_week=0.5),402.0,392.0,8.64601769911502,0.0,424.27941950882195,432.48175209462147,410.646017699115,400.646017699115
2017-12-30 08:00:00,2017-12-30,Day-week blend (w_week=0.5),402.0,392.5,8.14601769911502,0.0,432.48175209462147,440.2097430313958,410.146017699115,400.646017699115
2017-12-30 09:00:00,2017-12-30,Day-week blend (w_week=0.5),403.0,395.0,5.646017699115021,0.0,440.2097430313958,445.56602572304377,408.646017699115,400.646017699115
2017-12-30 10:00:00,2017-12-30,Day-week blend (w_week=0.5),399.0,398.0,2.6460176991150206,0.0,445.56602572304377,448.07625852054025,401.646017699115,400.646017699115
2017-12-30 11:00:00,2017-12-30,Day-week blend (w_week=0.5),403.0,403.0,0.0,2.3539823008849794,448.07625852054025,445.594943306367,400.646017699115,400.646017699115
2017-12-30 12:00:00,2017-12-30,Day-week blend (w_week=0.5),408.0,410.0,0.0,9.35398230088498,445.594943306367,435.7349802184681,398.646017699115,400.646017699115
2017-12-30 13:00:00,2017-12-30,Day-week blend (w_week=0.5),409.0,413.0,0.0,12.35398230088498,435.7349802184681,422.71273947039936,396.646017699115,400.646017699115
2017-12-30 14:00:00,2017-12-30,Day-week blend (w_week=0.5),411.0,411.0,0.0,10.35398230088498,422.71273947039936,411.7986838291099,400.646017699115,400.646017699115
2017-12-30 15:00:00,2017-12-30,Day-week blend (w_week=0.5),411.0,412.5,0.0,11.85398230088498,411.7986838291099,399.3034893577369,399.146017699115,400.646017699115
2017-12-30 16:00:00,2017-12-30,Day-week blend (w_week=0.5),408.0,411.5,0.0,10.85398230088498,399.3034893577369,387.86238743975264,397.146017699115,400.646017699115
2017-12-30 17:00:00,2017-12-30,Day-week blend (w_week=0.5),410.0,414.5,0.0,13.85398230088498,387.86238743975264,373.25900786160037,396.146017699115,400.646017699115
2017-12-30 18:00:00,2017-12-30,Day-week blend (w_week=0.5),410.0,409.5,0.0,8.85398230088498,373.25900786160037,363.92609105039537,401.146017699115,400.646017699115
2017-12-30 19:00:00,2017-12-30,Day-week blend (w_week=0.5),408.0,405.0,0.0,4.353982300884979,363.92609105039537,359.33659072944283,403.646017699115,400.646017699115
2017-12-30 20:00:00,2017-12-30,Day-week blend (w_week=0.5),407.0,402.0,0.0,1.3539823008849794,359.33659072944283,357.90936806865875,405.646017699115,400.646017699115
2017-12-30 21:00:00,2017-12-30,Day-week blend (w_week=0.5),407.0,398.0,2.6460176991150206,0.0,357.90936806865875,360.4196008661552,409.646017699115,400.646017699115
2017-12-30 22:00:00,2017-12-30,Day-week blend (w_week=0.5),404.0,396.5,4.146017699115021,0.0,360.4196008661552,364.3528586107274,408.146017699115,400.646017699115
2017-12-30 23:00:00,2017-12-30,Day-week blend (w_week=0.5),404.0,398.5,2.1460176991150206,0.0,364.3528586107274,366.3887497591986,406.146017699115,400.646017699115
2017-12-31 00:00:00,2017-12-31,Day-week blend (w_week=0.5),402.0,397.0,0.6371681415929569,0.0,366.3887497591986,366.99322053317775,402.63716814159295,397.63716814159295
2017-12-31 01:00:00,2017-12-31,Day-week blend (w_week=0.5),401.0,397.5,0.13716814159300839,0.0,366.99322053317775,367.1233496581317,401.137168141593,397.637168141593
2017-12-31 02:00:00,2017-12-31,Day-week blend (w_week=0.5),398.0,395.5,2.1371681415930084,0.0,367.1233496581317,369.15084537918665,400.137168141593,397.637168141593
2017-12-31 03:00:00,2017-12-31,Day-week blend (w_week=0.5),402.0,397.0,0.6371681415930084,0.0,369.15084537918665,369.75531615316504,402.637168141593,397.637168141593
2017-12-31 04:00:00,2017-12-31,Day-week blend (w_week=0.5),400.0,395.0,2.6371681415930084,0.0,369.75531615316504,372.2571535232452,402.637168141593,397.637168141593
2017-12-31 05:00:00,2017-12-31,Day-week blend (w_week=0.5),401.0,394.5,3.1371681415930084,0.0,372.2571535232452,375.2333325423507,404.137168141593,397.637168141593
2017-12-31 06:00:00,2017-12-31,Day-week blend (w_week=0.5),399.0,393.5,4.137168141593008,0.0,375.2333325423507,379.1581948595067,403.137168141593,397.637168141593
2017-12-31 07:00:00,2017-12-31,Day-week blend (w_week=0.5),400.0,393.5,4.137168141593008,0.0,379.1581948595067,383.0830571766626,404.137168141593,397.637168141593
2017-12-31 08:00:00,2017-12-31,Day-week blend (w_week=0.5),402.0,395.0,2.6371681415930084,0.0,383.0830571766626,385.58489454674276,404.637168141593,397.637168141593
2017-12-31 09:00:00,2017-12-31,Day-week blend (w_week=0.5),400.0,396.0,1.6371681415930084,0.0,385.58489454674276,387.1380486187725,401.637168141593,397.637168141593
2017-12-31 10:00:00,2017-12-31,Day-week blend (w_week=0.5),398.0,393.0,4.637168141593008,0.0,387.1380486187725,391.5372525849537,402.637168141593,397.637168141593
2017-12-31 11:00:00,2017-12-31,Day-week blend (w_week=0.5),399.0,395.0,2.6371681415930084,0.0,391.5372525849537,394.0390899550339,401.637168141593,397.637168141593
2017-12-31 12:00:00,2017-12-31,Day-week blend (w_week=0.5),399.0,398.5,0.0,0.8628318584069916,394.0390899550339,393.12958531826007,398.137168141593,397.637168141593
2017-12-31 13:00:00,2017-12-31,Day-week blend (w_week=0.5),401.0,400.0,0.0,2.3628318584069916,393.12958531826007,390.6389418514018,398.637168141593,397.637168141593
2017-12-31 14:00:00,2017-12-31,Day-week blend (w_week=0.5),403.0,402.5,0.0,4.862831858406992,390.6389418514018,385.51306700106943,398.137168141593,397.637168141593
2017-12-31 15:00:00,2017-12-31,Day-week blend (w_week=0.5),401.0,401.5,0.0,3.8628318584069916,385.51306700106943,381.44128470412716,397.137168141593,397.637168141593
2017-12-31 16:00:00,2017-12-31,Day-week blend (w_week=0.5),402.0,400.5,0.0,2.8628318584069916,381.44128470412716,378.42359496057406,399.137168141593,397.637168141593
2017-12-31 17:00:00,2017-12-31,Day-week blend (w_week=0.5),404.0,402.0,0.0,4.362831858406992,378.42359496057406,373.824766386937,399.637168141593,397.637168141593
2017-12-31 18:00:00,2017-12-31,Day-week blend (w_week=0.5),399.0,400.5,0.0,2.8628318584069916,373.824766386937,370.8070766433839,396.137168141593,397.637168141593
2017-12-31 19:00:00,2017-12-31,Day-week blend (w_week=0.5),400.0,399.0,0.0,1.3628318584069916,370.8070766433839,369.3705257299148,398.637168141593,397.637168141593
2017-12-31 20:00:00,2017-12-31,Day-week blend (w_week=0.5),400.0,400.5,0.0,2.8628318584069916,369.3705257299148,366.3528359863617,397.137168141593,397.637168141593
2017-12-31 21:00:00,2017-12-31,Day-week blend (w_week=0.5),398.0,401.0,0.0,3.3628318584069916,366.3528359863617,362.8080999661139,394.637168141593,397.637168141593
2017-12-31 22:00:00,2017-12-31,Day-week blend (w_week=0.5),397.0,396.0,1.6371681415930084,0.0,362.8080999661139,364.36125403814367,398.637168141593,397.637168141593
2017-12-31 23:00:00,2017-12-31,Day-week blend (w_week=0.5),397.0,395.5,2.1371681415930084,0.0,364.36125403814367,366.3887497591986,399.137168141593,397.637168141593
