timestamp,date,method,actual_load,forecast_load,charge,discharge,soc_start,soc_end,realized_grid_load,optimized_forecast_grid_load
2017-12-02 00:00:00,2017-12-02,Last-week,418.0,413.0,6.105263157894727,0.0,366.3887497591986,372.18071094729646,424.10526315789474,419.10526315789474
2017-12-02 01:00:00,2017-12-02,Last-week,414.0,416.0,3.10526315789474,0.0,372.18071094729646,375.12662224124284,417.10526315789474,419.10526315789474
2017-12-02 02:00:00,2017-12-02,Last-week,412.0,414.0,5.10526315789474,0.0,375.12662224124284,379.96990013129016,417.10526315789474,419.10526315789474
2017-12-02 03:00:00,2017-12-02,Last-week,411.0,414.0,5.10526315789474,0.0,379.96990013129016,384.8131780213387,416.10526315789474,419.10526315789474
2017-12-02 04:00:00,2017-12-02,Last-week,411.0,411.0,8.10526315789474,0.0,384.8131780213387,392.50250580553757,419.10526315789474,419.10526315789474
2017-12-02 05:00:00,2017-12-02,Last-week,409.0,411.0,8.10526315789474,0.0,392.50250580553757,400.19183358973646,417.10526315789474,419.10526315789474
2017-12-02 06:00:00,2017-12-02,Last-week,412.0,411.0,8.10526315789474,0.0,400.19183358973646,407.88116137393536,420.10526315789474,419.10526315789474
2017-12-02 07:00:00,2017-12-02,Last-week,410.0,412.0,7.10526315789474,0.0,407.88116137393536,414.6218058600837,417.10526315789474,419.10526315789474
2017-12-02 08:00:00,2017-12-02,Last-week,409.0,410.0,9.10526315789474,0.0,414.6218058600837,423.25981694233315,418.10526315789474,419.10526315789474
2017-12-02 09:00:00,2017-12-02,Last-week,408.0,412.0,7.10526315789474,0.0,423.25981694233315,430.0004614284816,415.10526315789474,419.10526315789474
2017-12-02 10:00:00,2017-12-02,Last-week,417.0,412.0,7.10526315789474,0.0,430.0004614284816,436.74110591462994,424.10526315789474,419.10526315789474
2017-12-02 11:00:00,2017-12-02,Last-week,421.0,418.0,1.1052631578947398,0.0,436.74110591462994,437.78965061247527,422.10526315789474,419.10526315789474
2017-12-02 12:00:00,2017-12-02,Last-week,418.0,426.0,0.0,6.89473684210526,437.78965061247527,430.52195984963237,411.10526315789474,419.10526315789474
2017-12-02 13:00:00,2017-12-02,Last-week,420.0,425.0,0.0,5.89473684210526,430.52195984963237,424.3083616401791,414.10526315789474,419.10526315789474
2017-12-02 14:00:00,2017-12-02,Last-week,425.0,423.0,0.0,3.89473684210526,424.3083616401791,420.2029485375033,421.10526315789474,419.10526315789474
2017-12-02 15:00:00,2017-12-02,Last-week,424.0,423.0,0.0,3.89473684210526,420.2029485375033,416.0975354348284,420.10526315789474,419.10526315789474
2017-12-02 16:00:00,2017-12-02,Last-week,426.0,426.0,0.0,6.89473684210526,416.0975354348284,408.82984467198503,419.10526315789474,419.10526315789474
2017-12-02 17:00:00,2017-12-02,Last-week,423.0,428.0,0.0,8.89473684210526,408.82984467198503,399.4539688023633,414.10526315789474,419.10526315789474
2017-12-02 18:00:00,2017-12-02,Last-week,423.0,426.0,0.0,6.89473684210526,399.4539688023633,392.18627803951995,416.10526315789474,419.10526315789474
2017-12-02 19:00:00,2017-12-02,Last-week,419.0,426.0,0.0,6.89473684210526,392.18627803951995,384.9185872766766,412.10526315789474,419.10526315789474
2017-12-02 20:00:00,2017-12-02,Last-week,416.0,427.0,0.0,7.89473684210526,384.9185872766766,376.5968039604438,408.10526315789474,419.10526315789474
2017-12-02 21:00:00,2017-12-02,Last-week,416.0,424.0,0.0,4.89473684210526,376.5968039604438,371.43729830437974,411.10526315789474,419.10526315789474
2017-12-02 22:00:00,2017-12-02,Last-week,409.0,421.0,0.0,1.8947368421052602,371.43729830437974,369.4400703084839,407.10526315789474,419.10526315789474
2017-12-02 23:00:00,2017-12-02,Last-week,407.0,422.0,0.0,2.89473684210526,369.4400703084839,366.3887497591986,404.10526315789474,419.10526315789474
2017-12-03 00:00:00,2017-12-03,Last-week,407.0,417.0,3.684444444444416,0.0,366.3887497591986,369.88412066623806,410.6844444444444,420.6844444444444
2017-12-03 01:00:00,2017-12-03,Last-week,408.0,413.0,7.684444444444409,0.0,369.88412066623806,377.1742247654795,415.6844444444444,420.6844444444444
2017-12-03 02:00:00,2017-12-03,Last-week,411.0,415.0,5.684444444444409,0.0,377.1742247654795,382.56696226861993,416.6844444444444,420.6844444444444
2017-12-03 03:00:00,2017-12-03,Last-week,410.0,416.0,4.684444444444409,0.0,382.56696226861993,387.0110164737131,414.6844444444444,420.6844444444444
2017-12-03 04:00:00,2017-12-03,Last-week,413.0,413.0,7.684444444444409,0.0,387.0110164737131,394.3011205729546,420.6844444444444,420.6844444444444
2017-12-03 05:00:00,2017-12-03,Last-week,410.0,413.0,7.684444444444409,0.0,394.3011205729546,401.59122467219606,417.6844444444444,420.6844444444444
2017-12-03 06:00:00,2017-12-03,Last-week,411.0,414.0,6.684444444444409,0.0,401.59122467219606,407.932645473387,417.6844444444444,420.6844444444444
2017-12-03 07:00:00,2017-12-03,Last-week,410.0,416.0,4.684444444444409,0.0,407.932645473387,412.37669967847694,414.6844444444444,420.6844444444444
2017-12-03 08:00:00,2017-12-03,Last-week,409.0,413.0,7.684444444444409,0.0,412.37669967847694,419.6668037777184,416.6844444444444,420.6844444444444
2017-12-03 09:00:00,2017-12-03,Last-week,411.0,415.0,5.684444444444409,0.0,419.6668037777184,425.05954128085887,416.6844444444444,420.6844444444444
2017-12-03 10:00:00,2017-12-03,Last-week,413.0,419.0,1.6844444444444093,0.0,425.05954128085887,426.65754559179663,414.6844444444444,420.6844444444444
2017-12-03 11:00:00,2017-12-03,Last-week,414.0,417.0,3.6844444444444093,0.0,426.65754559179663,430.152916498836,417.6844444444444,420.6844444444444
2017-12-03 12:00:00,2017-12-03,Last-week,419.0,420.0,0.6844444444444093,0.0,430.152916498836,430.80223751172343,419.6844444444444,420.6844444444444
2017-12-03 13:00:00,2017-12-03,Last-week,420.0,424.0,0.0,3.3155555555555907,430.80223751172343,427.30733509026413,416.6844444444444,420.6844444444444
2017-12-03 14:00:00,2017-12-03,Last-week,424.0,427.0,0.0,6.315555555555591,427.30733509026413,420.650155008635,417.6844444444444,420.6844444444444
2017-12-03 15:00:00,2017-12-03,Last-week,432.0,429.0,0.0,8.31555555555559,420.650155008635,411.88478982022707,423.6844444444444,420.6844444444444
2017-12-03 16:00:00,2017-12-03,Last-week,431.0,429.0,0.0,8.31555555555559,411.88478982022707,403.11942463181913,422.6844444444444,420.6844444444444
2017-12-03 17:00:00,2017-12-03,Last-week,430.0,429.0,0.0,8.31555555555559,403.11942463181913,394.35405944341164,421.6844444444444,420.6844444444444
2017-12-03 18:00:00,2017-12-03,Last-week,427.0,431.0,0.0,10.31555555555559,394.35405944341164,383.4805091482249,416.6844444444444,420.6844444444444
2017-12-03 19:00:00,2017-12-03,Last-week,429.0,432.0,0.0,11.31555555555559,383.4805091482249,371.5528662996487,417.6844444444444,420.6844444444444
2017-12-03 20:00:00,2017-12-03,Last-week,424.0,428.0,0.0,7.315555555555591,371.5528662996487,363.84159366463064,416.6844444444444,420.6844444444444
2017-12-03 21:00:00,2017-12-03,Last-week,418.0,424.0,0.0,3.3155555555555907,363.84159366463064,360.3466912431703,414.6844444444444,420.6844444444444
2017-12-03 22:00:00,2017-12-03,Last-week,420.0,417.0,3.6844444444444093,0.0,360.3466912431703,363.8420621502097,423.6844444444444,420.6844444444444
2017-12-03 23:00:00,2017-12-03,Last-week,418.0,418.0,2.6844444444444093,0.0,363.8420621502097,366.3887497591986,420.6844444444444,420.6844444444444
2017-12-04 00:00:00,2017-12-04,Last-week,413.0,417.0,25.903083700440366,0.0,366.3887497591986,390.9625726338109,438.9030837004404,442.9030837004404
2017-12-04 01:00:00,2017-12-04,Last-week,412.0,419.0,23.903083700440334,0.0,390.9625726338109,413.6390289123221,435.90308370044033,442.90308370044033
2017-12-04 02:00:00,2017-12-04,Last-week,412.0,420.0,22.903083700440334,0.0,413.6390289123221,435.3668018927828,434.90308370044033,442.90308370044033
2017-12-04 03:00:00,2017-12-04,Last-week,404.0,416.0,26.903083700440334,0.0,435.3668018927828,460.8893080654521,430.90308370044033,442.90308370044033
2017-12-04 04:00:00,2017-12-04,Last-week,396.0,415.0,27.903083700440334,0.0,460.8893080654521,487.3604975361654,423.90308370044033,442.90308370044033
2017-12-04 05:00:00,2017-12-04,Last-week,394.0,412.0,30.903083700440334,0.0,487.3604975361654,516.6777369010302,424.90308370044033,442.90308370044033
2017-12-04 06:00:00,2017-12-04,Last-week,398.0,413.0,29.903083700440334,0.0,516.6777369010302,545.0462929678445,427.90308370044033,442.90308370044033
2017-12-04 07:00:00,2017-12-04,Last-week,403.0,420.0,22.903083700440334,0.0,545.0462929678445,566.7740659483052,425.90308370044033,442.90308370044033
2017-12-04 08:00:00,2017-12-04,Last-week,407.0,431.0,11.903083700440334,0.0,566.7740659483052,578.0663226502102,418.90308370044033,442.90308370044033
2017-12-04 09:00:00,2017-12-04,Last-week,415.0,448.0,0.0,5.096916299559666,578.0663226502102,572.6937011335949,409.90308370044033,442.90308370044033
2017-12-04 10:00:00,2017-12-04,Last-week,435.0,458.0,0.0,15.096916299559666,572.6937011335949,556.7801540830842,419.90308370044033,442.90308370044033
2017-12-04 11:00:00,2017-12-04,Last-week,447.0,471.0,0.0,28.096916299559666,556.7801540830842,527.1634038385118,418.90308370044033,442.90308370044033
2017-12-04 12:00:00,2017-12-04,Last-week,457.0,471.0,0.0,28.096916299559666,527.1634038385118,497.5466535939386,428.90308370044033,442.90308370044033
2017-12-04 13:00:00,2017-12-04,Last-week,462.0,467.0,0.0,24.096916299559666,497.5466535939386,472.14627356292385,437.90308370044033,442.90308370044033
2017-12-04 14:00:00,2017-12-04,Last-week,463.0,472.0,0.0,29.096916299559666,472.14627356292385,441.4754307649614,433.90308370044033,442.90308370044033
2017-12-04 15:00:00,2017-12-04,Last-week,463.0,474.0,0.0,31.096916299559666,441.4754307649614,408.6964028602197,431.90308370044033,442.90308370044033
2017-12-04 16:00:00,2017-12-04,Last-week,462.0,475.0,0.0,32.096916299559666,408.6964028602197,374.86328240208877,429.90308370044033,442.90308370044033
2017-12-04 17:00:00,2017-12-04,Last-week,465.0,469.0,0.0,26.096916299559666,374.86328240208877,347.3547172642948,438.90308370044033,442.90308370044033
2017-12-04 18:00:00,2017-12-04,Last-week,460.0,460.0,0.0,17.096916299559666,347.3547172642948,329.33298510700615,442.90308370044033,442.90308370044033
2017-12-04 19:00:00,2017-12-04,Last-week,450.0,447.0,0.0,4.096916299559666,329.33298510700615,325.01445614378054,445.90308370044033,442.90308370044033
2017-12-04 20:00:00,2017-12-04,Last-week,442.0,441.0,1.9030837004403338,0.0,325.01445614378054,326.8198798651806,443.90308370044033,442.90308370044033
2017-12-04 21:00:00,2017-12-04,Last-week,437.0,431.0,11.903083700440334,0.0,326.8198798651806,338.11213656708543,448.90308370044033,442.90308370044033
2017-12-04 22:00:00,2017-12-04,Last-week,435.0,429.0,13.903083700440334,0.0,338.11213656708543,351.3017598650915,448.90308370044033,442.90308370044033
2017-12-04 23:00:00,2017-12-04,Last-week,432.0,427.0,15.903083700440334,0.0,351.3017598650915,366.3887497591986,447.90308370044033,442.90308370044033
2017-12-05 00:00:00,2017-12-05,Last-week,428.0,423.0,22.757709251101183,0.0,366.3887497591986,387.978608427608,450.7577092511012,445.7577092511012
2017-12-05 01:00:00,2017-12-05,Last-week,427.0,417.0,28.757709251101176,0.0,387.978608427608,415.2605668843204,455.7577092511012,445.7577092511012
2017-12-05 02:00:00,2017-12-05,Last-week,421.0,415.0,30.757709251101176,0.0,415.2605668843204,444.4398919371339,451.7577092511012,445.7577092511012
2017-12-05 03:00:00,2017-12-05,Last-week,418.0,420.0,25.757709251101176,0.0,444.4398919371339,468.875800499699,443.7577092511012,445.7577092511012
2017-12-05 04:00:00,2017-12-05,Last-week,412.0,419.0,26.757709251101176,0.0,468.875800499699,494.2603923603104,438.7577092511012,445.7577092511012
2017-12-05 05:00:00,2017-12-05,Last-week,415.0,417.0,28.757709251101176,0.0,494.2603923603104,521.5423508170228,443.7577092511012,445.7577092511012
2017-12-05 06:00:00,2017-12-05,Last-week,409.0,420.0,25.757709251101176,0.0,521.5423508170228,545.9782593795837,434.7577092511012,445.7577092511012
2017-12-05 07:00:00,2017-12-05,Last-week,415.0,429.0,16.757709251101176,0.0,545.9782593795837,561.87601825969,431.7577092511012,445.7577092511012
2017-12-05 08:00:00,2017-12-05,Last-week,415.0,439.0,6.757709251101176,0.0,561.87601825969,568.2869441592911,421.7577092511012,445.7577092511012
2017-12-05 09:00:00,2017-12-05,Last-week,437.0,454.0,0.0,8.242290748898824,568.2869441592911,559.5988068580054,428.7577092511012,445.7577092511012
2017-12-05 10:00:00,2017-12-05,Last-week,444.0,455.0,0.0,9.242290748898824,559.5988068580054,549.856577003331,434.7577092511012,445.7577092511012
2017-12-05 11:00:00,2017-12-05,Last-week,459.0,470.0,0.0,24.242290748898824,549.856577003331,524.3029588478148,434.7577092511012,445.7577092511012
2017-12-05 12:00:00,2017-12-05,Last-week,465.0,471.0,0.0,25.242290748898824,524.3029588478148,497.69524813890894,439.7577092511012,445.7577092511012
2017-12-05 13:00:00,2017-12-05,Last-week,469.0,473.0,0.0,27.242290748898824,497.69524813890894,468.9793523232238,441.7577092511012,445.7577092511012
2017-12-05 14:00:00,2017-12-05,Last-week,467.0,465.0,0.0,19.242290748898824,468.9793523232238,448.69619693465484,447.7577092511012,445.7577092511012
2017-12-05 15:00:00,2017-12-05,Last-week,468.0,472.0,0.0,26.242290748898824,448.69619693465484,421.03439367235933,441.7577092511012,445.7577092511012
2017-12-05 16:00:00,2017-12-05,Last-week,470.0,476.0,0.0,30.242290748898824,421.03439367235933,389.1562201965057,439.7577092511012,445.7577092511012
2017-12-05 17:00:00,2017-12-05,Last-week,471.0,479.0,0.0,33.242290748898824,389.1562201965057,354.1157690604841,437.7577092511012,445.7577092511012
2017-12-05 18:00:00,2017-12-05,Last-week,466.0,469.0,0.0,23.242290748898824,354.1157690604841,329.6162434583571,442.7577092511012,445.7577092511012
2017-12-05 19:00:00,2017-12-05,Last-week,451.0,455.0,0.0,9.242290748898824,329.6162434583571,319.87401360368267,441.7577092511012,445.7577092511012
2017-12-05 20:00:00,2017-12-05,Last-week,445.0,442.0,3.7577092511011756,0.0,319.87401360368267,323.4388896091325,448.7577092511012,445.7577092511012
2017-12-05 21:00:00,2017-12-05,Last-week,435.0,433.0,12.757709251101176,0.0,323.4388896091325,335.5419152970366,447.7577092511012,445.7577092511012
2017-12-05 22:00:00,2017-12-05,Last-week,427.0,432.0,13.757709251101176,0.0,335.5419152970366,348.5936242829913,440.7577092511012,445.7577092511012
2017-12-05 23:00:00,2017-12-05,Last-week,424.0,427.0,18.757709251101176,0.0,348.5936242829913,366.3887497591986,442.7577092511012,445.7577092511012
2017-12-06 00:00:00,2017-12-06,Last-week,421.0,423.0,21.438053097344987,0.0,366.3887497591986,386.7266726753699,442.438053097345,444.438053097345
2017-12-06 01:00:00,2017-12-06,Last-week,422.0,422.0,22.438053097345062,0.0,386.7266726753699,408.01327888959173,444.43805309734506,444.43805309734506
2017-12-06 02:00:00,2017-12-06,Last-week,417.0,419.0,25.438053097345062,0.0,408.01327888959173,432.1459349979651,442.43805309734506,444.43805309734506
2017-12-06 03:00:00,2017-12-06,Last-week,415.0,416.0,28.438053097345062,0.0,432.1459349979651,459.1246410004943,443.43805309734506,444.43805309734506
2017-12-06 04:00:00,2017-12-06,Last-week,416.0,416.0,28.438053097345062,0.0,459.1246410004943,486.1033470030192,444.43805309734506,444.43805309734506
2017-12-06 05:00:00,2017-12-06,Last-week,416.0,414.0,30.438053097345062,0.0,486.1033470030192,514.9794196016452,446.43805309734506,444.43805309734506
2017-12-06 06:00:00,2017-12-06,Last-week,415.0,415.0,29.438053097345062,0.0,514.9794196016452,542.9068089022206,444.43805309734506,444.43805309734506
2017-12-06 07:00:00,2017-12-06,Last-week,418.0,420.0,24.438053097345062,0.0,542.9068089022206,566.0907817125435,442.43805309734506,444.43805309734506
2017-12-06 08:00:00,2017-12-06,Last-week,428.0,424.0,20.438053097345062,0.0,566.0907817125435,585.4800213306644,448.43805309734506,444.43805309734506
2017-12-06 09:00:00,2017-12-06,Last-week,430.0,442.0,2.438053097345062,0.0,585.4800213306644,587.7929615838748,432.43805309734506,444.43805309734506
2017-12-06 10:00:00,2017-12-06,Last-week,450.0,457.0,0.0,12.561946902654938,587.7929615838748,574.5515068977129,437.43805309734506,444.43805309734506
2017-12-06 11:00:00,2017-12-06,Last-week,463.0,474.0,0.0,29.561946902654938,574.5515068977129,543.390478803929,433.43805309734506,444.43805309734506
2017-12-06 12:00:00,2017-12-06,Last-week,468.0,479.0,0.0,34.56194690265494,543.390478803929,506.9589879431978,433.43805309734506,444.43805309734506
2017-12-06 13:00:00,2017-12-06,Last-week,467.0,479.0,0.0,34.56194690265494,506.9589879431978,470.52749708246665,432.43805309734506,444.43805309734506
2017-12-06 14:00:00,2017-12-06,Last-week,472.0,481.0,0.0,36.56194690265494,470.52749708246665,431.98782111495757,435.43805309734506,444.43805309734506
2017-12-06 15:00:00,2017-12-06,Last-week,475.0,482.0,0.0,37.56194690265494,431.98782111495757,392.39405259405885,437.43805309734506,444.43805309734506
2017-12-06 16:00:00,2017-12-06,Last-week,471.0,487.0,0.0,42.56194690265494,392.39405259405885,347.5298213062124,428.43805309734506,444.43805309734506
2017-12-06 17:00:00,2017-12-06,Last-week,468.0,476.0,0.0,31.561946902654938,347.5298213062124,314.2606081056506,436.43805309734506,444.43805309734506
2017-12-06 18:00:00,2017-12-06,Last-week,457.0,456.0,0.0,11.561946902654938,314.2606081056506,302.07324597287743,445.43805309734506,444.43805309734506
2017-12-06 19:00:00,2017-12-06,Last-week,449.0,448.0,0.0,3.561946902654938,302.07324597287743,298.3186242672207,445.43805309734506,444.43805309734506
2017-12-06 20:00:00,2017-12-06,Last-week,438.0,438.0,6.438053097345062,0.0,298.3186242672207,304.4262977126343,444.43805309734506,444.43805309734506
2017-12-06 21:00:00,2017-12-06,Last-week,427.0,429.0,15.438053097345062,0.0,304.4262977126343,319.07212084050235,442.43805309734506,444.43805309734506
2017-12-06 22:00:00,2017-12-06,Last-week,421.0,422.0,22.438053097345062,0.0,319.07212084050235,340.35872705472417,443.43805309734506,444.43805309734506
2017-12-06 23:00:00,2017-12-06,Last-week,420.0,417.0,27.438053097345062,0.0,340.35872705472417,366.3887497591986,447.43805309734506,444.43805309734506
2017-12-07 00:00:00,2017-12-07,Last-week,415.0,412.0,24.345132743362743,0.0,366.3887497591986,389.48457058164956,439.34513274336274,436.34513274336274
2017-12-07 01:00:00,2017-12-07,Last-week,414.0,409.0,27.34513274336274,0.0,389.48457058164956,415.426441298252,441.34513274336274,436.34513274336274
2017-12-07 02:00:00,2017-12-07,Last-week,410.0,406.0,30.34513274336274,0.0,415.426441298252,444.214361909006,440.34513274336274,436.34513274336274
2017-12-07 03:00:00,2017-12-07,Last-week,409.0,407.0,29.34513274336274,0.0,444.214361909006,472.0535992217131,438.34513274336274,436.34513274336274
2017-12-07 04:00:00,2017-12-07,Last-week,410.0,404.0,32.34513274336274,0.0,472.0535992217131,502.73888642856815,442.34513274336274,436.34513274336274
2017-12-07 05:00:00,2017-12-07,Last-week,409.0,407.0,29.34513274336274,0.0,502.73888642856815,530.5781237412716,438.34513274336274,436.34513274336274
2017-12-07 06:00:00,2017-12-07,Last-week,406.0,407.0,29.34513274336274,0.0,530.5781237412716,558.4173610539751,435.34513274336274,436.34513274336274
2017-12-07 07:00:00,2017-12-07,Last-week,411.0,411.0,25.34513274336274,0.0,558.4173610539751,582.4618651744765,436.34513274336274,436.34513274336274
2017-12-07 08:00:00,2017-12-07,Last-week,423.0,418.0,18.34513274336274,0.0,582.4618651744765,599.8655862086243,441.34513274336274,436.34513274336274
2017-12-07 09:00:00,2017-12-07,Last-week,436.0,432.0,4.34513274336274,0.0,599.8655862086243,603.9877410700647,440.34513274336274,436.34513274336274
2017-12-07 10:00:00,2017-12-07,Last-week,453.0,451.0,0.0,14.65486725663726,603.9877410700647,588.5401546239318,438.34513274336274,436.34513274336274
2017-12-07 11:00:00,2017-12-07,Last-week,462.0,462.0,0.0,25.65486725663726,588.5401546239318,561.4975500905157,436.34513274336274,436.34513274336274
2017-12-07 12:00:00,2017-12-07,Last-week,470.0,470.0,0.0,33.65486725663726,561.4975500905157,526.0222051299834,436.34513274336274,436.34513274336274
2017-12-07 13:00:00,2017-12-07,Last-week,471.0,466.0,0.0,29.65486725663726,526.0222051299834,494.7632303830096,441.34513274336274,436.34513274336274
2017-12-07 14:00:00,2017-12-07,Last-week,476.0,469.0,0.0,32.65486725663726,494.7632303830096,460.34197797586603,443.34513274336274,436.34513274336274
2017-12-07 15:00:00,2017-12-07,Last-week,483.0,474.0,0.0,37.65486725663726,460.34197797586603,420.6502628017761,445.34513274336274,436.34513274336274
2017-12-07 16:00:00,2017-12-07,Last-week,480.0,473.0,0.0,36.65486725663726,420.6502628017761,382.0126401810753,443.34513274336274,436.34513274336274
2017-12-07 17:00:00,2017-12-07,Last-week,474.0,468.0,0.0,31.65486725663726,382.0126401810753,348.6454803273218,442.34513274336274,436.34513274336274
2017-12-07 18:00:00,2017-12-07,Last-week,464.0,459.0,0.0,22.65486725663726,348.6454803273218,324.7651534540737,441.34513274336274,436.34513274336274
2017-12-07 19:00:00,2017-12-07,Last-week,450.0,444.0,0.0,7.65486725663726,324.7651534540737,316.6962148816681,442.34513274336274,436.34513274336274
2017-12-07 20:00:00,2017-12-07,Last-week,437.0,434.0,2.34513274336274,0.0,316.6962148816681,318.9210031470077,439.34513274336274,436.34513274336274
2017-12-07 21:00:00,2017-12-07,Last-week,433.0,428.0,8.34513274336274,0.0,318.9210031470077,326.8378912006504,441.34513274336274,436.34513274336274
2017-12-07 22:00:00,2017-12-07,Last-week,425.0,418.0,18.34513274336274,0.0,326.8378912006504,344.2416122347982,443.34513274336274,436.34513274336274
2017-12-07 23:00:00,2017-12-07,Last-week,423.0,413.0,23.34513274336274,0.0,344.2416122347982,366.3887497591986,446.34513274336274,436.34513274336274
2017-12-08 00:00:00,2017-12-08,Last-week,420.0,409.0,32.14537444933899,0.0,366.3887497591986,396.8845296088663,452.145374449339,441.145374449339
2017-12-08 01:00:00,2017-12-08,Last-week,418.0,417.0,24.145374449338988,0.0,396.8845296088663,419.7908430741298,442.145374449339,441.145374449339
2017-12-08 02:00:00,2017-12-08,Last-week,414.0,416.0,25.145374449338988,0.0,419.7908430741298,443.6458398374438,439.145374449339,441.145374449339
2017-12-08 03:00:00,2017-12-08,Last-week,412.0,412.0,29.145374449338988,0.0,443.6458398374438,471.295569792965,441.145374449339,441.145374449339
2017-12-08 04:00:00,2017-12-08,Last-week,410.0,413.0,28.145374449338988,0.0,471.295569792965,497.99661645043057,438.145374449339,441.145374449339
2017-12-08 05:00:00,2017-12-08,Last-week,413.0,412.0,29.145374449338988,0.0,497.99661645043057,525.6463464059467,442.145374449339,441.145374449339
2017-12-08 06:00:00,2017-12-08,Last-week,413.0,410.0,31.145374449338988,0.0,525.6463464059467,555.1934429575638,444.145374449339,441.145374449339
2017-12-08 07:00:00,2017-12-08,Last-week,419.0,416.0,25.145374449338988,0.0,555.1934429575638,579.0484397208778,444.145374449339,441.145374449339
2017-12-08 08:00:00,2017-12-08,Last-week,421.0,423.0,18.145374449338988,0.0,579.0484397208778,596.2626533978382,439.145374449339,441.145374449339
2017-12-08 09:00:00,2017-12-08,Last-week,443.0,434.0,7.145374449338988,0.0,596.2626533978382,603.041350796243,450.145374449339,441.145374449339
2017-12-08 10:00:00,2017-12-08,Last-week,454.0,456.0,0.0,14.854625550661012,603.041350796243,587.3832006199027,439.145374449339,441.145374449339
2017-12-08 11:00:00,2017-12-08,Last-week,470.0,473.0,0.0,31.854625550661012,587.3832006199027,553.8054770359413,438.145374449339,441.145374449339
2017-12-08 12:00:00,2017-12-08,Last-week,469.0,470.0,0.0,28.854625550661012,553.8054770359413,523.3900311121479,440.145374449339,441.145374449339
2017-12-08 13:00:00,2017-12-08,Last-week,473.0,465.0,0.0,23.854625550661012,523.3900311121479,498.24504795530265,449.145374449339,441.145374449339
2017-12-08 14:00:00,2017-12-08,Last-week,477.0,475.0,0.0,33.85462555066101,498.24504795530265,462.5591392645624,443.145374449339,441.145374449339
2017-12-08 15:00:00,2017-12-08,Last-week,479.0,472.0,0.0,30.854625550661012,462.5591392645624,430.03550823398973,448.145374449339,441.145374449339
2017-12-08 16:00:00,2017-12-08,Last-week,483.0,477.0,0.0,35.85462555066101,430.03550823398973,392.2414144364707,447.145374449339,441.145374449339
2017-12-08 17:00:00,2017-12-08,Last-week,474.0,470.0,0.0,28.854625550661012,392.2414144364707,361.82596851267726,445.145374449339,441.145374449339
2017-12-08 18:00:00,2017-12-08,Last-week,458.0,458.0,0.0,16.854625550661012,361.82596851267726,344.05963322955813,441.145374449339,441.145374449339
2017-12-08 19:00:00,2017-12-08,Last-week,444.0,449.0,0.0,7.854625550661012,344.05963322955813,335.7801309269439,436.145374449339,441.145374449339
2017-12-08 20:00:00,2017-12-08,Last-week,431.0,444.0,0.0,2.8546255506610123,335.7801309269439,332.7710913912772,428.145374449339,441.145374449339
2017-12-08 21:00:00,2017-12-08,Last-week,428.0,438.0,3.1453744493389877,0.0,332.7710913912772,335.75505559747967,431.145374449339,441.145374449339
2017-12-08 22:00:00,2017-12-08,Last-week,424.0,427.0,14.145374449338988,0.0,335.75505559747967,349.1745360822382,438.145374449339,441.145374449339
2017-12-08 23:00:00,2017-12-08,Last-week,418.0,423.0,18.145374449338988,0.0,349.1745360822382,366.3887497591986,436.145374449339,441.145374449339
2017-12-09 00:00:00,2017-12-09,Last-week,414.0,418.0,0.0,1.982378854625665,366.3887497591986,364.299138970541,412.01762114537433,416.01762114537433
2017-12-09 01:00:00,2017-12-09,Last-week,409.0,414.0,2.0176211453744037,0.0,364.299138970541,366.21322245295124,411.0176211453744,416.0176211453744
2017-12-09 02:00:00,2017-12-09,Last-week,409.0,412.0,4.017621145374335,0.0,366.21322245295124,370.02467253146244,413.01762114537433,416.01762114537433
2017-12-09 03:00:00,2017-12-09,Last-week,410.0,411.0,5.017621145374335,0.0,370.02467253146244,374.78480590802843,415.01762114537433,416.01762114537433
2017-12-09 04:00:00,2017-12-09,Last-week,410.0,411.0,5.017621145374335,0.0,374.78480590802843,379.54493928459016,415.01762114537433,416.01762114537433
2017-12-09 05:00:00,2017-12-09,Last-week,409.0,409.0,7.017621145374335,0.0,379.54493928459016,386.2024392572529,416.01762114537433,416.01762114537433
2017-12-09 06:00:00,2017-12-09,Last-week,408.0,412.0,4.017621145374335,0.0,386.2024392572529,390.01388933576413,412.01762114537433,416.01762114537433
2017-12-09 07:00:00,2017-12-09,Last-week,407.0,410.0,6.017621145374335,0.0,390.01388933576413,395.7227060103764,413.01762114537433,416.01762114537433
2017-12-09 08:00:00,2017-12-09,Last-week,406.0,409.0,7.017621145374335,0.0,395.7227060103764,402.3802059830391,413.01762114537433,416.01762114537433
2017-12-09 09:00:00,2017-12-09,Last-week,410.0,408.0,8.017621145374335,0.0,402.3802059830391,409.98638925375235,418.01762114537433,416.01762114537433
2017-12-09 10:00:00,2017-12-09,Last-week,413.0,417.0,0.0,0.9823788546256651,409.98638925375235,408.95087101848367,412.01762114537433,416.01762114537433
2017-12-09 11:00:00,2017-12-09,Last-week,415.0,421.0,0.0,4.982378854625665,408.95087101848367,403.69898256965735,410.01762114537433,416.01762114537433
2017-12-09 12:00:00,2017-12-09,Last-week,421.0,418.0,0.0,1.982378854625665,403.69898256965735,401.609371780999,419.01762114537433,416.01762114537433
2017-12-09 13:00:00,2017-12-09,Last-week,419.0,420.0,0.0,3.982378854625665,401.609371780999,397.41157588556234,415.01762114537433,416.01762114537433
2017-12-09 14:00:00,2017-12-09,Last-week,425.0,425.0,0.0,8.982378854625665,397.41157588556234,387.9433172231784,416.01762114537433,416.01762114537433
2017-12-09 15:00:00,2017-12-09,Last-week,431.0,424.0,0.0,7.982378854625665,387.9433172231784,379.52915111418406,423.01762114537433,416.01762114537433
2017-12-09 16:00:00,2017-12-09,Last-week,432.0,426.0,0.0,9.982378854625665,379.52915111418406,369.0067998984109,422.01762114537433,416.01762114537433
2017-12-09 17:00:00,2017-12-09,Last-week,430.0,423.0,0.0,6.982378854625665,369.0067998984109,361.6467263428058,423.01762114537433,416.01762114537433
2017-12-09 18:00:00,2017-12-09,Last-week,423.0,423.0,0.0,6.982378854625665,361.6467263428058,354.28665278720064,416.01762114537433,416.01762114537433
2017-12-09 19:00:00,2017-12-09,Last-week,419.0,419.0,0.0,2.982378854625665,354.28665278720064,351.1429494451536,416.01762114537433,416.01762114537433
2017-12-09 20:00:00,2017-12-09,Last-week,416.0,416.0,0.0176211453743349,0.0,351.1429494451536,351.1596663314631,416.01762114537433,416.01762114537433
2017-12-09 21:00:00,2017-12-09,Last-week,416.0,416.0,0.0176211453743349,0.0,351.1596663314631,351.1763832177721,416.01762114537433,416.01762114537433
2017-12-09 22:00:00,2017-12-09,Last-week,413.0,409.0,7.017621145374335,0.0,351.1763832177721,357.83388319043485,420.01762114537433,416.01762114537433
2017-12-09 23:00:00,2017-12-09,Last-week,417.0,407.0,9.017621145374335,0.0,357.83388319043485,366.3887497591986,426.01762114537433,416.01762114537433
2017-12-10 00:00:00,2017-12-10,Last-week,413.0,407.0,10.820175438596394,0.0,366.3887497591986,376.6536694797714,423.8201754385964,417.8201754385964
2017-12-10 01:00:00,2017-12-10,Last-week,409.0,408.0,9.820175438596436,0.0,376.6536694797714,385.9699059022937,418.82017543859644,417.82017543859644
2017-12-10 02:00:00,2017-12-10,Last-week,407.0,411.0,6.820175438596436,0.0,385.9699059022937,392.4400924306645,413.82017543859644,417.82017543859644
2017-12-10 03:00:00,2017-12-10,Last-week,408.0,410.0,7.820175438596436,0.0,392.4400924306645,399.85896225708797,415.82017543859644,417.82017543859644
2017-12-10 04:00:00,2017-12-10,Last-week,408.0,413.0,4.820175438596436,0.0,399.85896225708797,404.4317821893577,412.82017543859644,417.82017543859644
2017-12-10 05:00:00,2017-12-10,Last-week,406.0,410.0,7.820175438596436,0.0,404.4317821893577,411.850652015779,413.82017543859644,417.82017543859644
2017-12-10 06:00:00,2017-12-10,Last-week,404.0,411.0,6.820175438596436,0.0,411.850652015779,418.32083854414975,410.82017543859644,417.82017543859644
2017-12-10 07:00:00,2017-12-10,Last-week,404.0,410.0,7.820175438596436,0.0,418.32083854414975,425.73970837057107,411.82017543859644,417.82017543859644
2017-12-10 08:00:00,2017-12-10,Last-week,406.0,409.0,8.820175438596436,0.0,425.73970837057107,434.10726149504285,414.82017543859644,417.82017543859644
2017-12-10 09:00:00,2017-12-10,Last-week,408.0,411.0,6.820175438596436,0.0,434.10726149504285,440.57744802341364,414.82017543859644,417.82017543859644
2017-12-10 10:00:00,2017-12-10,Last-week,410.0,413.0,4.820175438596436,0.0,440.57744802341364,445.1502679556834,414.82017543859644,417.82017543859644
2017-12-10 11:00:00,2017-12-10,Last-week,416.0,414.0,3.8201754385964364,0.0,445.1502679556834,448.7744045899026,419.82017543859644,417.82017543859644
2017-12-10 12:00:00,2017-12-10,Last-week,419.0,419.0,0.0,1.1798245614035636,448.7744045899026,447.5307603054207,417.82017543859644,417.82017543859644
2017-12-10 13:00:00,2017-12-10,Last-week,418.0,420.0,0.0,2.1798245614035636,447.5307603054207,445.2330234675501,415.82017543859644,417.82017543859644
2017-12-10 14:00:00,2017-12-10,Last-week,421.0,424.0,0.0,6.179824561403564,445.2330234675501,438.7189164161214,414.82017543859644,417.82017543859644
2017-12-10 15:00:00,2017-12-10,Last-week,425.0,432.0,0.0,14.179824561403564,438.7189164161214,423.77206893757693,410.82017543859644,417.82017543859644
2017-12-10 16:00:00,2017-12-10,Last-week,429.0,431.0,0.0,13.179824561403564,423.77206893757693,409.8793140124217,415.82017543859644,417.82017543859644
2017-12-10 17:00:00,2017-12-10,Last-week,426.0,430.0,0.0,12.179824561403564,409.8793140124217,397.04065164065605,413.82017543859644,417.82017543859644
2017-12-10 18:00:00,2017-12-10,Last-week,426.0,427.0,0.0,9.179824561403564,397.04065164065605,387.36426692905843,416.82017543859644,417.82017543859644
2017-12-10 19:00:00,2017-12-10,Last-week,427.0,429.0,0.0,11.179824561403564,387.36426692905843,375.5796971106822,415.82017543859644,417.82017543859644
2017-12-10 20:00:00,2017-12-10,Last-week,423.0,424.0,0.0,6.179824561403564,375.5796971106822,369.0655900592535,416.82017543859644,417.82017543859644
2017-12-10 21:00:00,2017-12-10,Last-week,422.0,418.0,0.0,0.17982456140356362,369.0655900592535,368.8760383281616,421.82017543859644,417.82017543859644
2017-12-10 22:00:00,2017-12-10,Last-week,421.0,420.0,0.0,2.1798245614035636,368.8760383281616,366.57830149029064,418.82017543859644,417.82017543859644
2017-12-10 23:00:00,2017-12-10,Last-week,415.0,418.0,0.0,0.17982456140356362,366.57830149029064,366.3887497591986,414.82017543859644,417.82017543859644
2017-12-11 00:00:00,2017-12-11,Last-week,413.0,413.0,19.986899563318726,0.0,366.3887497591986,385.3499875547322,432.98689956331873,432.98689956331873
2017-12-11 01:00:00,2017-12-11,Last-week,414.0,412.0,20.98689956331873,0.0,385.3499875547322,405.2599086483163,434.98689956331873,432.98689956331873
2017-12-11 02:00:00,2017-12-11,Last-week,409.0,412.0,20.98689956331873,0.0,405.2599086483163,425.1698297419004,429.98689956331873,432.98689956331873
2017-12-11 03:00:00,2017-12-11,Last-week,410.0,404.0,28.98689956331873,0.0,425.1698297419004,452.6692172198925,438.98689956331873,432.98689956331873
2017-12-11 04:00:00,2017-12-11,Last-week,404.0,396.0,36.98689956331873,0.0,452.6692172198925,487.75807108228486,440.98689956331873,432.98689956331873
2017-12-11 05:00:00,2017-12-11,Last-week,405.0,394.0,38.98689956331873,0.0,487.75807108228486,524.7442915407782,443.98689956331873,432.98689956331873
2017-12-11 06:00:00,2017-12-11,Last-week,407.0,398.0,34.98689956331873,0.0,524.7442915407782,557.9357788070695,441.98689956331873,432.98689956331873
2017-12-11 07:00:00,2017-12-11,Last-week,409.0,403.0,29.98689956331873,0.0,557.9357788070695,586.3838495831083,438.98689956331873,432.98689956331873
2017-12-11 08:00:00,2017-12-11,Last-week,416.0,407.0,25.98689956331873,0.0,586.3838495831083,611.0371871669448,441.98689956331873,432.98689956331873
2017-12-11 09:00:00,2017-12-11,Last-week,427.0,415.0,17.98689956331873,0.0,611.0371871669448,628.1010583663774,444.98689956331873,432.98689956331873
2017-12-11 10:00:00,2017-12-11,Last-week,441.0,435.0,0.0,2.0131004366812704,628.1010583663774,625.9790641868467,438.98689956331873,432.98689956331873
2017-12-11 11:00:00,2017-12-11,Last-week,462.0,447.0,0.0,14.01310043668127,625.9790641868467,611.2079593666422,447.98689956331873,432.98689956331873
2017-12-11 12:00:00,2017-12-11,Last-week,468.0,457.0,0.0,24.01310043668127,611.2079593666422,585.8959290125431,443.98689956331873,432.98689956331873
2017-12-11 13:00:00,2017-12-11,Last-week,469.0,462.0,0.0,29.01310043668127,585.8959290125431,555.3134358914967,439.98689956331873,432.98689956331873
2017-12-11 14:00:00,2017-12-11,Last-week,469.0,463.0,0.0,30.01310043668127,555.3134358914967,523.6768502170603,438.98689956331873,432.98689956331873
2017-12-11 15:00:00,2017-12-11,Last-week,468.0,463.0,0.0,30.01310043668127,523.6768502170603,492.0402645426243,437.98689956331873,432.98689956331873
2017-12-11 16:00:00,2017-12-11,Last-week,467.0,462.0,0.0,29.01310043668127,492.0402645426243,461.45777142157795,437.98689956331873,432.98689956331873
2017-12-11 17:00:00,2017-12-11,Last-week,467.0,465.0,0.0,32.01310043668127,461.45777142157795,427.71300064036313,434.98689956331873,432.98689956331873
2017-12-11 18:00:00,2017-12-11,Last-week,456.0,460.0,0.0,27.01310043668127,427.71300064036313,399.2386926260956,428.98689956331873,432.98689956331873
2017-12-11 19:00:00,2017-12-11,Last-week,451.0,450.0,0.0,17.01310043668127,399.2386926260956,381.3053101457224,433.98689956331873,432.98689956331873
2017-12-11 20:00:00,2017-12-11,Last-week,440.0,442.0,0.0,9.01310043668127,381.3053101457224,371.80466809246536,430.98689956331873,432.98689956331873
2017-12-11 21:00:00,2017-12-11,Last-week,428.0,437.0,0.0,4.01310043668127,371.80466809246536,367.5744888061557,423.98689956331873,432.98689956331873
2017-12-11 22:00:00,2017-12-11,Last-week,429.0,435.0,0.0,2.0131004366812704,367.5744888061557,365.4524946266248,426.98689956331873,432.98689956331873
2017-12-11 23:00:00,2017-12-11,Last-week,419.0,432.0,0.9868995633187296,0.0,365.4524946266248,366.3887497591986,419.98689956331873,432.98689956331873
2017-12-12 00:00:00,2017-12-12,Last-week,417.0,428.0,12.955947136563895,0.0,366.3887497591986,378.67984041808216,429.9559471365639,440.9559471365639
2017-12-12 01:00:00,2017-12-12,Last-week,415.0,427.0,13.95594713656385,0.0,378.67984041808216,391.9196143750162,428.95594713656385,440.95594713656385
2017-12-12 02:00:00,2017-12-12,Last-week,412.0,421.0,19.95594713656385,0.0,391.9196143750162,410.8514881202533,431.95594713656385,440.95594713656385
2017-12-12 03:00:00,2017-12-12,Last-week,410.0,418.0,22.95594713656385,0.0,410.8514881202533,432.62941175964494,432.95594713656385,440.95594713656385
2017-12-12 04:00:00,2017-12-12,Last-week,408.0,412.0,28.95594713656385,0.0,432.62941175964494,460.09943518733667,436.95594713656385,440.95594713656385
2017-12-12 05:00:00,2017-12-12,Last-week,406.0,415.0,25.95594713656385,0.0,460.09943518733667,484.7234087208769,431.95594713656385,440.95594713656385
2017-12-12 06:00:00,2017-12-12,Last-week,406.0,409.0,31.95594713656385,0.0,484.7234087208769,515.0394820427201,437.95594713656385,440.95594713656385
2017-12-12 07:00:00,2017-12-12,Last-week,408.0,415.0,25.95594713656385,0.0,515.0394820427201,539.6634555762603,433.95594713656385,440.95594713656385
2017-12-12 08:00:00,2017-12-12,Last-week,421.0,415.0,25.95594713656385,0.0,539.6634555762603,564.2874291098005,446.95594713656385,440.95594713656385
2017-12-12 09:00:00,2017-12-12,Last-week,433.0,437.0,3.95594713656385,0.0,564.2874291098005,568.0403700862289,436.95594713656385,440.95594713656385
2017-12-12 10:00:00,2017-12-12,Last-week,446.0,444.0,0.0,3.04405286343615,568.0403700862289,564.8316566307567,442.95594713656385,440.95594713656385
2017-12-12 11:00:00,2017-12-12,Last-week,459.0,459.0,0.0,18.04405286343615,564.8316566307567,545.8115548744418,440.95594713656385,440.95594713656385
2017-12-12 12:00:00,2017-12-12,Last-week,464.0,465.0,0.0,24.04405286343615,545.8115548744418,520.4668977977917,439.95594713656385,440.95594713656385
2017-12-12 13:00:00,2017-12-12,Last-week,468.0,469.0,0.0,28.04405286343615,520.4668977977917,490.90587050758313,439.95594713656385,440.95594713656385
2017-12-12 14:00:00,2017-12-12,Last-week,465.0,467.0,0.0,26.04405286343615,490.90587050758313,463.45302832415337,438.95594713656385,440.95594713656385
2017-12-12 15:00:00,2017-12-12,Last-week,463.0,468.0,0.0,27.04405286343615,463.45302832415337,434.9460935873344,435.95594713656385,440.95594713656385
2017-12-12 16:00:00,2017-12-12,Last-week,461.0,470.0,0.0,29.04405286343615,434.9460935873344,404.3309737437362,431.95594713656385,440.95594713656385
2017-12-12 17:00:00,2017-12-12,Last-week,459.0,471.0,0.0,30.04405286343615,404.3309737437362,372.66176134674834,428.95594713656385,440.95594713656385
2017-12-12 18:00:00,2017-12-12,Last-week,456.0,466.0,0.0,25.04405286343615,372.66176134674834,346.26301171670866,430.95594713656385,440.95594713656385
2017-12-12 19:00:00,2017-12-12,Last-week,446.0,451.0,0.0,10.04405286343615,346.26301171670866,335.6756503875108,435.95594713656385,440.95594713656385
2017-12-12 20:00:00,2017-12-12,Last-week,436.0,445.0,0.0,4.04405286343615,335.6756503875108,331.4128443786492,431.95594713656385,440.95594713656385
2017-12-12 21:00:00,2017-12-12,Last-week,432.0,435.0,5.95594713656385,0.0,331.4128443786492,337.06315195117907,437.95594713656385,440.95594713656385
2017-12-12 22:00:00,2017-12-12,Last-week,429.0,427.0,13.95594713656385,0.0,337.06315195117907,350.3029259081131,442.95594713656385,440.95594713656385
2017-12-12 23:00:00,2017-12-12,Last-week,420.0,424.0,16.95594713656385,0.0,350.3029259081131,366.3887497591986,436.95594713656385,440.95594713656385
2017-12-13 00:00:00,2017-12-13,Last-week,419.0,421.0,19.424778761061887,0.0,366.3887497591986,384.8167129381444,438.4247787610619,440.4247787610619
2017-12-13 01:00:00,2017-12-13,Last-week,409.0,422.0,18.424778761061987,0.0,384.8167129381444,402.2959928190397,427.424778761062,440.424778761062
2017-12-13 02:00:00,2017-12-13,Last-week,410.0,417.0,23.424778761061987,0.0,402.2959928190397,424.5186891901876,433.424778761062,440.424778761062
2017-12-13 03:00:00,2017-12-13,Last-week,409.0,415.0,25.424778761061987,0.0,424.5186891901876,448.63875215743803,434.424778761062,440.424778761062
2017-12-13 04:00:00,2017-12-13,Last-week,407.0,416.0,24.424778761061987,0.0,448.63875215743803,471.81013182663645,431.424778761062,440.424778761062
2017-12-13 05:00:00,2017-12-13,Last-week,407.0,416.0,24.424778761061987,0.0,471.81013182663645,494.98151149583487,431.424778761062,440.424778761062
2017-12-13 06:00:00,2017-12-13,Last-week,406.0,415.0,25.424778761061987,0.0,494.98151149583487,519.1015744630838,431.424778761062,440.424778761062
2017-12-13 07:00:00,2017-12-13,Last-week,410.0,418.0,22.424778761061987,0.0,519.1015744630838,540.3755875361812,432.424778761062,440.424778761062
2017-12-13 08:00:00,2017-12-13,Last-week,417.0,428.0,12.424778761061987,0.0,540.3755875361812,552.1627676287735,429.424778761062,440.424778761062
2017-12-13 09:00:00,2017-12-13,Last-week,424.0,430.0,10.424778761061987,0.0,552.1627676287735,562.0525811252637,434.424778761062,440.424778761062
2017-12-13 10:00:00,2017-12-13,Last-week,441.0,450.0,0.0,9.575221238938013,562.0525811252637,551.9594117202423,431.424778761062,440.424778761062
2017-12-13 11:00:00,2017-12-13,Last-week,459.0,463.0,0.0,22.575221238938013,551.9594117202423,528.1630391211584,436.424778761062,440.424778761062
2017-12-13 12:00:00,2017-12-13,Last-week,469.0,468.0,0.0,27.575221238938013,528.1630391211584,499.0962037551262,441.424778761062,440.424778761062
2017-12-13 13:00:00,2017-12-13,Last-week,473.0,467.0,0.0,26.575221238938013,499.0962037551262,471.08346094248463,446.424778761062,440.424778761062
2017-12-13 14:00:00,2017-12-13,Last-week,470.0,472.0,0.0,31.575221238938013,471.08346094248463,437.80025536289486,438.424778761062,440.424778761062
2017-12-13 15:00:00,2017-12-13,Last-week,477.0,475.0,0.0,34.57522123893801,437.80025536289486,401.35477212313754,442.424778761062,440.424778761062
2017-12-13 16:00:00,2017-12-13,Last-week,468.0,471.0,0.0,30.575221238938013,401.35477212313754,369.1256590969374,437.424778761062,440.424778761062
2017-12-13 17:00:00,2017-12-13,Last-week,467.0,468.0,0.0,27.575221238938013,369.1256590969374,340.0588237309057,439.424778761062,440.424778761062
2017-12-13 18:00:00,2017-12-13,Last-week,463.0,457.0,0.0,16.575221238938013,340.0588237309057,322.5870064521582,446.424778761062,440.424778761062
2017-12-13 19:00:00,2017-12-13,Last-week,447.0,449.0,0.0,8.575221238938013,322.5870064521582,313.54792960052646,438.424778761062,440.424778761062
2017-12-13 20:00:00,2017-12-13,Last-week,432.0,438.0,2.4247787610619866,0.0,313.54792960052646,315.8482767126136,434.424778761062,440.424778761062
2017-12-13 21:00:00,2017-12-13,Last-week,427.0,427.0,13.424778761061987,0.0,315.8482767126136,328.5841401032564,440.424778761062,440.424778761062
2017-12-13 22:00:00,2017-12-13,Last-week,428.0,421.0,19.424778761061987,0.0,328.5841401032564,347.01210328220225,447.424778761062,440.424778761062
2017-12-13 23:00:00,2017-12-13,Last-week,422.0,420.0,20.424778761061987,0.0,347.01210328220225,366.3887497591986,442.424778761062,440.424778761062
2017-12-14 00:00:00,2017-12-14,Last-week,416.0,415.0,25.61504424778746,0.0,366.3887497591986,390.68931441589945,441.61504424778747,440.61504424778747
2017-12-14 01:00:00,2017-12-14,Last-week,411.0,414.0,26.615044247787466,0.0,390.68931441589945,415.93856237065086,437.61504424778747,440.61504424778747
2017-12-14 02:00:00,2017-12-14,Last-week,410.0,410.0,30.615044247787466,0.0,415.93856237065086,444.98254351760426,440.61504424778747,440.61504424778747
2017-12-14 03:00:00,2017-12-14,Last-week,407.0,409.0,31.615044247787466,0.0,444.98254351760426,474.9752079626121,438.61504424778747,440.61504424778747
2017-12-14 04:00:00,2017-12-14,Last-week,405.0,410.0,30.615044247787466,0.0,474.9752079626121,504.0191891095655,435.61504424778747,440.61504424778747
2017-12-14 05:00:00,2017-12-14,Last-week,405.0,409.0,31.615044247787466,0.0,504.0191891095655,534.0118535545695,436.61504424778747,440.61504424778747
2017-12-14 06:00:00,2017-12-14,Last-week,407.0,406.0,34.615044247787466,0.0,534.0118535545695,566.8505678937249,441.61504424778747,440.61504424778747
2017-12-14 07:00:00,2017-12-14,Last-week,410.0,411.0,29.615044247787466,0.0,566.8505678937249,594.9458657426278,439.61504424778747,440.61504424778747
2017-12-14 08:00:00,2017-12-14,Last-week,414.0,423.0,17.615044247787466,0.0,594.9458657426278,611.6569640149246,431.61504424778747,440.61504424778747
2017-12-14 09:00:00,2017-12-14,Last-week,425.0,436.0,4.615044247787466,0.0,611.6569640149246,616.0351794125645,429.61504424778747,440.61504424778747
2017-12-14 10:00:00,2017-12-14,Last-week,444.0,453.0,0.0,12.384955752212534,616.0351794125645,602.9802897800992,431.61504424778747,440.61504424778747
2017-12-14 11:00:00,2017-12-14,Last-week,462.0,462.0,0.0,21.384955752212534,602.9802897800992,580.4385671671289,440.61504424778747,440.61504424778747
2017-12-14 12:00:00,2017-12-14,Last-week,466.0,470.0,0.0,29.384955752212534,580.4385671671289,549.4641041270434,436.61504424778747,440.61504424778747
2017-12-14 13:00:00,2017-12-14,Last-week,468.0,471.0,0.0,30.384955752212534,549.4641041270434,517.4355485335673,437.61504424778747,440.61504424778747
2017-12-14 14:00:00,2017-12-14,Last-week,471.0,476.0,0.0,35.384955752212534,517.4355485335673,480.1365301731448,435.61504424778747,440.61504424778747
2017-12-14 15:00:00,2017-12-14,Last-week,468.0,483.0,0.0,42.384955752212534,480.1365301731448,435.45886393899536,425.61504424778747,440.61504424778747
2017-12-14 16:00:00,2017-12-14,Last-week,465.0,480.0,0.0,39.384955752212534,435.45886393899536,393.9434753650148,425.61504424778747,440.61504424778747
2017-12-14 17:00:00,2017-12-14,Last-week,463.0,474.0,0.0,33.384955752212534,393.9434753650148,358.75264211137073,429.61504424778747,440.61504424778747
2017-12-14 18:00:00,2017-12-14,Last-week,457.0,464.0,0.0,23.384955752212534,358.75264211137073,334.1027343916212,433.61504424778747,440.61504424778747
2017-12-14 19:00:00,2017-12-14,Last-week,448.0,450.0,0.0,9.384955752212534,334.1027343916212,324.21012241932476,438.61504424778747,440.61504424778747
2017-12-14 20:00:00,2017-12-14,Last-week,443.0,437.0,3.6150442477874662,0.0,324.21012241932476,327.63965451891454,446.61504424778747,440.61504424778747
2017-12-14 21:00:00,2017-12-14,Last-week,439.0,433.0,7.615044247787466,0.0,327.63965451891454,334.86391981070614,446.61504424778747,440.61504424778747
2017-12-14 22:00:00,2017-12-14,Last-week,430.0,425.0,15.615044247787466,0.0,334.86391981070614,349.6776514869019,445.61504424778747,440.61504424778747
2017-12-14 23:00:00,2017-12-14,Last-week,423.0,423.0,17.615044247787466,0.0,349.6776514869019,366.3887497591986,440.61504424778747,440.61504424778747
2017-12-15 00:00:00,2017-12-15,Last-week,417.0,420.0,21.44933920704847,0.0,366.3887497591986,386.73737961914554,438.44933920704847,441.44933920704847
2017-12-15 01:00:00,2017-12-15,Last-week,413.0,418.0,23.44933920704841,0.0,386.73737961914554,408.98337607519346,436.4493392070484,441.4493392070484
2017-12-15 02:00:00,2017-12-15,Last-week,411.0,414.0,27.44933920704841,0.0,408.98337607519346,435.0241057234434,438.4493392070484,441.4493392070484
2017-12-15 03:00:00,2017-12-15,Last-week,409.0,412.0,29.44933920704841,0.0,435.0241057234434,462.96220196779836,438.4493392070484,441.4493392070484
2017-12-15 04:00:00,2017-12-15,Last-week,406.0,410.0,31.44933920704841,0.0,462.96220196779836,492.7976648082504,437.4493392070484,441.4493392070484
2017-12-15 05:00:00,2017-12-15,Last-week,408.0,413.0,28.44933920704841,0.0,492.7976648082504,519.7870777545509,436.4493392070484,441.4493392070484
2017-12-15 06:00:00,2017-12-15,Last-week,409.0,413.0,28.44933920704841,0.0,519.7870777545509,546.7764907008514,437.4493392070484,441.4493392070484
2017-12-15 07:00:00,2017-12-15,Last-week,414.0,419.0,22.44933920704841,0.0,546.7764907008514,568.0738038588487,436.4493392070484,441.4493392070484
2017-12-15 08:00:00,2017-12-15,Last-week,415.0,421.0,20.44933920704841,0.0,568.0738038588487,587.4737504207451,435.4493392070484,441.4493392070484
2017-12-15 09:00:00,2017-12-15,Last-week,432.0,443.0,0.0,1.5506607929515894,587.4737504207451,585.8392104260611,430.4493392070484,441.4493392070484
2017-12-15 10:00:00,2017-12-15,Last-week,450.0,454.0,0.0,12.55066079295159,585.8392104260611,572.6096523440938,437.4493392070484,441.4493392070484
2017-12-15 11:00:00,2017-12-15,Last-week,463.0,470.0,0.0,28.55066079295159,572.6096523440938,542.514613407895,434.4493392070484,441.4493392070484
2017-12-15 12:00:00,2017-12-15,Last-week,465.0,469.0,0.0,27.55066079295159,542.514613407895,513.473667025085,437.4493392070484,441.4493392070484
2017-12-15 13:00:00,2017-12-15,Last-week,473.0,473.0,0.0,31.55066079295159,513.473667025085,480.2163504287173,441.4493392070484,441.4493392070484
2017-12-15 14:00:00,2017-12-15,Last-week,476.0,477.0,0.0,35.55066079295159,480.2163504287173,442.74266361879245,440.4493392070484,441.4493392070484
2017-12-15 15:00:00,2017-12-15,Last-week,471.0,479.0,0.0,37.55066079295159,442.74266361879245,403.1607917020888,433.4493392070484,441.4493392070484
2017-12-15 16:00:00,2017-12-15,Last-week,463.0,483.0,0.0,41.55066079295159,403.1607917020888,359.362549571827,421.4493392070484,441.4493392070484
2017-12-15 17:00:00,2017-12-15,Last-week,457.0,474.0,0.0,32.55066079295159,359.362549571827,325.05114042207015,424.4493392070484,441.4493392070484
2017-12-15 18:00:00,2017-12-15,Last-week,447.0,458.0,0.0,16.55066079295159,325.05114042207015,307.60521212654476,430.4493392070484,441.4493392070484
2017-12-15 19:00:00,2017-12-15,Last-week,441.0,444.0,0.0,2.5506607929515894,307.60521212654476,304.916579578472,438.4493392070484,441.4493392070484
2017-12-15 20:00:00,2017-12-15,Last-week,434.0,431.0,10.44933920704841,0.0,304.916579578472,314.8296931598634,444.4493392070484,441.4493392070484
2017-12-15 21:00:00,2017-12-15,Last-week,428.0,428.0,13.44933920704841,0.0,314.8296931598634,327.5888566354059,441.4493392070484,441.4493392070484
2017-12-15 22:00:00,2017-12-15,Last-week,422.0,424.0,17.44933920704841,0.0,327.5888566354059,344.1427533031507,439.4493392070484,441.4493392070484
2017-12-15 23:00:00,2017-12-15,Last-week,417.0,418.0,23.44933920704841,0.0,344.1427533031507,366.3887497591986,440.4493392070484,441.4493392070484
2017-12-16 00:00:00,2017-12-16,Last-week,408.0,414.0,2.244444444444252,0.0,366.3887497591986,368.51801671704516,410.24444444444424,416.24444444444424
2017-12-16 01:00:00,2017-12-16,Last-week,408.0,409.0,7.244444444444241,0.0,368.51801671704516,375.3907001651442,415.24444444444424,416.24444444444424
2017-12-16 02:00:00,2017-12-16,Last-week,405.0,409.0,7.244444444444241,0.0,375.3907001651442,382.2633836132433,412.24444444444424,416.24444444444424
2017-12-16 03:00:00,2017-12-16,Last-week,406.0,410.0,6.244444444444241,0.0,382.2633836132433,388.1873837632973,412.24444444444424,416.24444444444424
2017-12-16 04:00:00,2017-12-16,Last-week,405.0,410.0,6.244444444444241,0.0,388.1873837632973,394.1113839133459,411.24444444444424,416.24444444444424
2017-12-16 05:00:00,2017-12-16,Last-week,400.0,409.0,7.244444444444241,0.0,394.1113839133459,400.984067361445,407.24444444444424,416.24444444444424
2017-12-16 06:00:00,2017-12-16,Last-week,405.0,408.0,8.244444444444241,0.0,400.984067361445,408.8054341075946,413.24444444444424,416.24444444444424
2017-12-16 07:00:00,2017-12-16,Last-week,402.0,407.0,9.244444444444241,0.0,408.8054341075946,417.5754841517947,411.24444444444424,416.24444444444424
2017-12-16 08:00:00,2017-12-16,Last-week,406.0,406.0,10.244444444444241,0.0,417.5754841517947,427.2942174940453,416.24444444444424,416.24444444444424
2017-12-16 09:00:00,2017-12-16,Last-week,404.0,410.0,6.244444444444241,0.0,427.2942174940453,433.2182176440939,410.24444444444424,416.24444444444424
2017-12-16 10:00:00,2017-12-16,Last-week,411.0,413.0,3.244444444444241,0.0,433.2182176440939,436.2961678999909,414.24444444444424,416.24444444444424
2017-12-16 11:00:00,2017-12-16,Last-week,418.0,415.0,1.244444444444241,0.0,436.2961678999909,437.47675155978686,419.24444444444424,416.24444444444424
2017-12-16 12:00:00,2017-12-16,Last-week,417.0,421.0,0.0,4.755555555555759,437.47675155978686,432.46395586144536,412.24444444444424,416.24444444444424
2017-12-16 13:00:00,2017-12-16,Last-week,414.0,419.0,0.0,2.755555555555759,432.46395586144536,429.5593452698831,411.24444444444424,416.24444444444424
2017-12-16 14:00:00,2017-12-16,Last-week,418.0,425.0,0.0,8.755555555555759,429.5593452698831,420.330179357984,409.24444444444424,416.24444444444424
2017-12-16 15:00:00,2017-12-16,Last-week,423.0,431.0,0.0,14.755555555555759,420.330179357984,404.7764581257479,408.24444444444424,416.24444444444424
2017-12-16 16:00:00,2017-12-16,Last-week,422.0,432.0,0.0,15.755555555555759,404.7764581257479,388.1686443401222,406.24444444444424,416.24444444444424
2017-12-16 17:00:00,2017-12-16,Last-week,425.0,430.0,0.0,13.755555555555759,388.1686443401222,373.6690156612758,411.24444444444424,416.24444444444424
2017-12-16 18:00:00,2017-12-16,Last-week,421.0,423.0,0.0,6.755555555555759,373.6690156612758,366.54803485615594,414.24444444444424,416.24444444444424
2017-12-16 19:00:00,2017-12-16,Last-week,416.0,419.0,0.0,2.755555555555759,366.54803485615594,363.6434242645935,413.24444444444424,416.24444444444424
2017-12-16 20:00:00,2017-12-16,Last-week,416.0,416.0,0.24444444444424107,0.0,363.6434242645935,363.8753246263393,416.24444444444424,416.24444444444424
2017-12-16 21:00:00,2017-12-16,Last-week,411.0,416.0,0.24444444444424107,0.0,363.8753246263393,364.1072249880849,411.24444444444424,416.24444444444424
2017-12-16 22:00:00,2017-12-16,Last-week,411.0,413.0,3.244444444444241,0.0,364.1072249880849,367.185175243982,414.24444444444424,416.24444444444424
2017-12-16 23:00:00,2017-12-16,Last-week,412.0,417.0,0.0,0.7555555555557589,367.185175243982,366.3887497591986,411.24444444444424,416.24444444444424
2017-12-17 00:00:00,2017-12-17,Last-week,408.0,413.0,2.842105263157923,0.0,366.3887497591986,369.085007553658,410.8421052631579,415.8421052631579
2017-12-17 01:00:00,2017-12-17,Last-week,406.0,409.0,6.842105263157862,0.0,369.085007553658,375.5759985403194,412.84210526315786,415.84210526315786
2017-12-17 02:00:00,2017-12-17,Last-week,403.0,407.0,8.842105263157862,0.0,375.5759985403194,383.96435612308176,411.84210526315786,415.84210526315786
2017-12-17 03:00:00,2017-12-17,Last-week,404.0,408.0,7.842105263157862,0.0,383.96435612308176,391.4040304077962,411.84210526315786,415.84210526315786
2017-12-17 04:00:00,2017-12-17,Last-week,403.0,408.0,7.842105263157862,0.0,391.4040304077962,398.8437046925081,410.84210526315786,415.84210526315786
2017-12-17 05:00:00,2017-12-17,Last-week,403.0,406.0,9.842105263157862,0.0,398.8437046925081,408.180745573321,412.84210526315786,415.84210526315786
2017-12-17 06:00:00,2017-12-17,Last-week,406.0,404.0,11.842105263157862,0.0,408.180745573321,419.41515305023495,417.84210526315786,415.84210526315786
2017-12-17 07:00:00,2017-12-17,Last-week,405.0,404.0,11.842105263157862,0.0,419.41515305023495,430.6495605271489,416.84210526315786,415.84210526315786
2017-12-17 08:00:00,2017-12-17,Last-week,403.0,406.0,9.842105263157862,0.0,430.6495605271489,439.9866014079618,412.84210526315786,415.84210526315786
2017-12-17 09:00:00,2017-12-17,Last-week,405.0,408.0,7.842105263157862,0.0,439.9866014079618,447.4262756926737,412.84210526315786,415.84210526315786
2017-12-17 10:00:00,2017-12-17,Last-week,406.0,410.0,5.842105263157862,0.0,447.4262756926737,452.9685833812846,411.84210526315786,415.84210526315786
2017-12-17 11:00:00,2017-12-17,Last-week,413.0,416.0,0.0,0.15789473684213817,452.9685833812846,452.8021477149596,412.84210526315786,415.84210526315786
2017-12-17 12:00:00,2017-12-17,Last-week,415.0,419.0,0.0,3.157894736842138,452.8021477149596,449.47343438846656,411.84210526315786,415.84210526315786
2017-12-17 13:00:00,2017-12-17,Last-week,418.0,418.0,0.0,2.157894736842138,449.47343438846656,447.19881361536227,415.84210526315786,415.84210526315786
2017-12-17 14:00:00,2017-12-17,Last-week,418.0,421.0,0.0,5.157894736842138,447.19881361536227,441.76191518209043,412.84210526315786,415.84210526315786
2017-12-17 15:00:00,2017-12-17,Last-week,421.0,425.0,0.0,9.157894736842138,441.76191518209043,432.1086465352605,411.84210526315786,415.84210526315786
2017-12-17 16:00:00,2017-12-17,Last-week,420.0,429.0,0.0,13.157894736842138,432.1086465352605,418.23900767487294,406.84210526315786,415.84210526315786
2017-12-17 17:00:00,2017-12-17,Last-week,423.0,426.0,0.0,10.157894736842138,418.23900767487294,407.53164647465337,412.84210526315786,415.84210526315786
2017-12-17 18:00:00,2017-12-17,Last-week,422.0,426.0,0.0,10.157894736842138,407.53164647465337,396.8242852744338,411.84210526315786,415.84210526315786
2017-12-17 19:00:00,2017-12-17,Last-week,417.0,427.0,0.0,11.157894736842138,396.8242852744338,385.0628315208246,405.84210526315786,415.84210526315786
2017-12-17 20:00:00,2017-12-17,Last-week,413.0,423.0,0.0,7.157894736842138,385.0628315208246,377.51774798077395,405.84210526315786,415.84210526315786
2017-12-17 21:00:00,2017-12-17,Last-week,414.0,422.0,0.0,6.157894736842138,377.51774798077395,371.0267569941125,407.84210526315786,415.84210526315786
2017-12-17 22:00:00,2017-12-17,Last-week,411.0,421.0,0.0,5.157894736842138,371.0267569941125,365.5898585608403,405.84210526315786,415.84210526315786
2017-12-17 23:00:00,2017-12-17,Last-week,408.0,415.0,0.8421052631578618,0.0,365.5898585608403,366.3887497591986,408.84210526315786,415.84210526315786
2017-12-18 00:00:00,2017-12-18,Last-week,405.0,413.0,23.519823788546162,0.0,366.3887497591986,388.7016137604835,428.51982378854615,436.51982378854615
2017-12-18 01:00:00,2017-12-18,Last-week,403.0,414.0,22.51982378854609,0.0,388.7016137604835,410.0657944637187,425.5198237885461,436.5198237885461
2017-12-18 02:00:00,2017-12-18,Last-week,404.0,409.0,27.51982378854609,0.0,410.0657944637187,436.1733916572066,431.5198237885461,436.5198237885461
2017-12-18 03:00:00,2017-12-18,Last-week,401.0,410.0,26.51982378854609,0.0,436.1733916572066,461.33230555264345,427.5198237885461,436.5198237885461
2017-12-18 04:00:00,2017-12-18,Last-week,399.0,404.0,32.51982378854609,0.0,461.33230555264345,492.1833192363829,431.5198237885461,436.5198237885461
2017-12-18 05:00:00,2017-12-18,Last-week,400.0,405.0,31.51982378854609,0.0,492.1833192363829,522.085649622074,431.5198237885461,436.5198237885461
2017-12-18 06:00:00,2017-12-18,Last-week,401.0,407.0,29.51982378854609,0.0,522.085649622074,550.0906134116631,430.5198237885461,436.5198237885461
2017-12-18 07:00:00,2017-12-18,Last-week,404.0,409.0,27.51982378854609,0.0,550.0906134116631,576.19821060515,431.5198237885461,436.5198237885461
2017-12-18 08:00:00,2017-12-18,Last-week,414.0,416.0,20.51982378854609,0.0,576.19821060515,595.6650247122834,434.5198237885461,436.5198237885461
2017-12-18 09:00:00,2017-12-18,Last-week,427.0,427.0,9.519823788546091,0.0,595.6650247122834,604.6963225408608,436.5198237885461,436.5198237885461
2017-12-18 10:00:00,2017-12-18,Last-week,441.0,441.0,0.0,4.480176211453909,604.6963225408608,599.9738021584953,436.5198237885461,436.5198237885461
2017-12-18 11:00:00,2017-12-18,Last-week,455.0,462.0,0.0,25.48017621145391,599.9738021584953,573.1153381549502,429.5198237885461,436.5198237885461
2017-12-18 12:00:00,2017-12-18,Last-week,461.0,468.0,0.0,31.48017621145391,573.1153381549502,539.9323188310682,429.5198237885461,436.5198237885461
2017-12-18 13:00:00,2017-12-18,Last-week,461.0,469.0,0.0,32.48017621145391,539.9323188310682,505.6952069537965,428.5198237885461,436.5198237885461
2017-12-18 14:00:00,2017-12-18,Last-week,462.0,469.0,0.0,32.48017621145391,505.6952069537965,471.45809507652484,429.5198237885461,436.5198237885461
2017-12-18 15:00:00,2017-12-18,Last-week,461.0,468.0,0.0,31.48017621145391,471.45809507652484,438.2750757526428,429.5198237885461,436.5198237885461
2017-12-18 16:00:00,2017-12-18,Last-week,457.0,467.0,0.0,30.48017621145391,438.2750757526428,406.1461489821504,426.5198237885461,436.5198237885461
2017-12-18 17:00:00,2017-12-18,Last-week,456.0,467.0,0.0,30.48017621145391,406.1461489821504,374.01722221165846,425.5198237885461,436.5198237885461
2017-12-18 18:00:00,2017-12-18,Last-week,452.0,456.0,0.0,19.48017621145391,374.01722221165846,353.4833135284507,432.5198237885461,436.5198237885461
2017-12-18 19:00:00,2017-12-18,Last-week,441.0,451.0,0.0,14.480176211453909,353.4833135284507,338.21986761219,426.5198237885461,436.5198237885461
2017-12-18 20:00:00,2017-12-18,Last-week,434.0,440.0,0.0,3.4801762114539088,338.21986761219,334.55143978321325,430.5198237885461,436.5198237885461
2017-12-18 21:00:00,2017-12-18,Last-week,431.0,428.0,8.519823788546091,0.0,334.55143978321325,342.6340543137402,439.5198237885461,436.5198237885461
2017-12-18 22:00:00,2017-12-18,Last-week,425.0,429.0,7.519823788546091,0.0,342.6340543137402,349.7679855462169,432.5198237885461,436.5198237885461
2017-12-18 23:00:00,2017-12-18,Last-week,424.0,419.0,17.51982378854609,0.0,349.7679855462169,366.3887497591986,441.5198237885461,436.5198237885461
2017-12-19 00:00:00,2017-12-19,Last-week,415.0,417.0,19.048672566371597,0.0,366.3887497591986,384.4599072729484,434.0486725663716,436.0486725663716
2017-12-19 01:00:00,2017-12-19,Last-week,417.0,415.0,21.04867256637158,0.0,384.4599072729484,404.42843138279915,438.0486725663716,436.0486725663716
2017-12-19 02:00:00,2017-12-19,Last-week,417.0,412.0,24.04867256637158,0.0,404.42843138279915,427.2430053868014,441.0486725663716,436.0486725663716
2017-12-19 03:00:00,2017-12-19,Last-week,417.0,410.0,26.04867256637158,0.0,427.2430053868014,451.95494598690897,443.0486725663716,436.0486725663716
2017-12-19 04:00:00,2017-12-19,Last-week,417.0,408.0,28.04867256637158,0.0,451.95494598690897,478.56425318311335,445.0486725663716,436.0486725663716
2017-12-19 05:00:00,2017-12-19,Last-week,415.0,406.0,30.04867256637158,0.0,478.56425318311335,507.07092697541873,445.0486725663716,436.0486725663716
2017-12-19 06:00:00,2017-12-19,Last-week,418.0,406.0,30.04867256637158,0.0,507.07092697541873,535.5776007677241,448.0486725663716,436.0486725663716
2017-12-19 07:00:00,2017-12-19,Last-week,421.0,408.0,28.04867256637158,0.0,535.5776007677241,562.1869079639284,449.0486725663716,436.0486725663716
2017-12-19 08:00:00,2017-12-19,Last-week,427.0,421.0,15.048672566371579,0.0,562.1869079639284,576.4633322854761,442.0486725663716,436.0486725663716
2017-12-19 09:00:00,2017-12-19,Last-week,437.0,433.0,3.048672566371579,0.0,576.4633322854761,579.355557030417,440.0486725663716,436.0486725663716
2017-12-19 10:00:00,2017-12-19,Last-week,447.0,446.0,0.0,9.951327433628421,579.355557030417,568.8659368862891,437.0486725663716,436.0486725663716
2017-12-19 11:00:00,2017-12-19,Last-week,460.0,459.0,0.0,22.95132743362842,568.8659368862891,544.6731135480977,437.0486725663716,436.0486725663716
2017-12-19 12:00:00,2017-12-19,Last-week,463.0,464.0,0.0,27.95132743362842,544.6731135480977,515.2098274429591,435.0486725663716,436.0486725663716
2017-12-19 13:00:00,2017-12-19,Last-week,460.0,468.0,0.0,31.95132743362842,515.2098274429591,481.5301711242628,428.0486725663716,436.0486725663716
2017-12-19 14:00:00,2017-12-19,Last-week,466.0,465.0,0.0,28.95132743362842,481.5301711242628,451.01279246573495,437.0486725663716,436.0486725663716
2017-12-19 15:00:00,2017-12-19,Last-week,466.0,463.0,0.0,26.95132743362842,451.01279246573495,422.60359891398593,439.0486725663716,436.0486725663716
2017-12-19 16:00:00,2017-12-19,Last-week,467.0,461.0,0.0,24.95132743362842,422.60359891398593,396.3025904690162,442.0486725663716,436.0486725663716
2017-12-19 17:00:00,2017-12-19,Last-week,467.0,459.0,0.0,22.95132743362842,396.3025904690162,372.1097671308253,444.0486725663716,436.0486725663716
2017-12-19 18:00:00,2017-12-19,Last-week,461.0,456.0,0.0,19.95132743362842,372.1097671308253,351.07922145280236,441.0486725663716,436.0486725663716
2017-12-19 19:00:00,2017-12-19,Last-week,448.0,446.0,0.0,9.951327433628421,351.07922145280236,340.5896013086749,438.0486725663716,436.0486725663716
2017-12-19 20:00:00,2017-12-19,Last-week,440.0,436.0,0.048672566371578796,0.0,340.5896013086749,340.63577615946497,440.0486725663716,436.0486725663716
2017-12-19 21:00:00,2017-12-19,Last-week,434.0,432.0,4.048672566371579,0.0,340.63577615946497,344.47668420245685,438.0486725663716,436.0486725663716
2017-12-19 22:00:00,2017-12-19,Last-week,429.0,429.0,7.048672566371579,0.0,344.47668420245685,351.1636421396004,436.0486725663716,436.0486725663716
2017-12-19 23:00:00,2017-12-19,Last-week,428.0,420.0,16.04867256637158,0.0,351.1636421396004,366.3887497591986,444.0486725663716,436.0486725663716
2017-12-20 00:00:00,2017-12-20,Last-week,425.0,419.0,18.092920353982198,0.0,366.3887497591986,383.5532011119797,443.0929203539822,437.0929203539822
2017-12-20 01:00:00,2017-12-20,Last-week,422.0,409.0,28.09292035398221,0.0,383.5532011119797,410.20448544526596,450.0929203539822,437.0929203539822
2017-12-20 02:00:00,2017-12-20,Last-week,419.0,410.0,27.09292035398221,0.0,410.20448544526596,435.9070864805017,446.0929203539822,437.0929203539822
2017-12-20 03:00:00,2017-12-20,Last-week,418.0,409.0,28.09292035398221,0.0,435.9070864805017,462.5583708137927,446.0929203539822,437.0929203539822
2017-12-20 04:00:00,2017-12-20,Last-week,416.0,407.0,30.09292035398221,0.0,462.5583708137927,491.10702174318,446.0929203539822,437.0929203539822
2017-12-20 05:00:00,2017-12-20,Last-week,417.0,407.0,30.09292035398221,0.0,491.10702174318,519.6556726725672,447.0929203539822,437.0929203539822
2017-12-20 06:00:00,2017-12-20,Last-week,417.0,406.0,31.09292035398221,0.0,519.6556726725672,549.153006900005,448.0929203539822,437.0929203539822
2017-12-20 07:00:00,2017-12-20,Last-week,422.0,410.0,27.09292035398221,0.0,549.153006900005,574.8556079352408,449.0929203539822,437.0929203539822
2017-12-20 08:00:00,2017-12-20,Last-week,422.0,417.0,20.09292035398221,0.0,574.8556079352408,593.9174258841228,442.0929203539822,437.0929203539822
2017-12-20 09:00:00,2017-12-20,Last-week,433.0,424.0,13.092920353982208,0.0,593.9174258841228,606.3384607466514,446.0929203539822,437.0929203539822
2017-12-20 10:00:00,2017-12-20,Last-week,449.0,441.0,0.0,3.9070796460177917,606.3384607466514,602.2200371862846,445.0929203539822,437.0929203539822
2017-12-20 11:00:00,2017-12-20,Last-week,456.0,459.0,0.0,21.90707964601779,602.2200371862846,579.127947664907,434.0929203539822,437.0929203539822
2017-12-20 12:00:00,2017-12-20,Last-week,461.0,469.0,0.0,31.90707964601779,579.127947664907,545.4949326096348,429.0929203539822,437.0929203539822
2017-12-20 13:00:00,2017-12-20,Last-week,457.0,473.0,0.0,35.90707964601779,545.4949326096348,507.645547340805,421.0929203539822,437.0929203539822
2017-12-20 14:00:00,2017-12-20,Last-week,456.0,470.0,0.0,32.90707964601779,507.645547340805,472.9584397321437,423.0929203539822,437.0929203539822
2017-12-20 15:00:00,2017-12-20,Last-week,455.0,477.0,0.0,39.90707964601779,472.9584397321437,430.8926842497558,415.0929203539822,437.0929203539822
2017-12-20 16:00:00,2017-12-20,Last-week,456.0,468.0,0.0,30.90707964601779,430.8926842497558,398.31376174787283,425.0929203539822,437.0929203539822
2017-12-20 17:00:00,2017-12-20,Last-week,454.0,467.0,0.0,29.90707964601779,398.31376174787283,366.78893179937995,424.0929203539822,437.0929203539822
2017-12-20 18:00:00,2017-12-20,Last-week,451.0,463.0,0.0,25.90707964601779,366.78893179937995,339.4804720644447,425.0929203539822,437.0929203539822
2017-12-20 19:00:00,2017-12-20,Last-week,439.0,447.0,0.0,9.907079646017792,339.4804720644447,329.0374931837414,429.0929203539822,437.0929203539822
2017-12-20 20:00:00,2017-12-20,Last-week,433.0,432.0,5.092920353982208,0.0,329.0374931837414,333.86906166186577,438.0929203539822,437.0929203539822
2017-12-20 21:00:00,2017-12-20,Last-week,424.0,427.0,10.092920353982208,0.0,333.86906166186577,343.4440466302428,434.0929203539822,437.0929203539822
2017-12-20 22:00:00,2017-12-20,Last-week,418.0,428.0,9.092920353982208,0.0,343.4440466302428,352.07034830056904,427.0929203539822,437.0929203539822
2017-12-20 23:00:00,2017-12-20,Last-week,419.0,422.0,15.092920353982208,0.0,352.07034830056904,366.3887497591986,434.0929203539822,437.0929203539822
2017-12-21 00:00:00,2017-12-21,Last-week,415.0,416.0,20.872807017543696,0.0,366.3887497591986,386.1904331601739,435.8728070175437,436.8728070175437
2017-12-21 01:00:00,2017-12-21,Last-week,416.0,411.0,25.872807017543664,0.0,386.1904331601739,410.73553305140194,441.87280701754366,436.87280701754366
2017-12-21 02:00:00,2017-12-21,Last-week,413.0,410.0,26.872807017543664,0.0,410.73553305140194,436.2293162406804,439.87280701754366,436.87280701754366
2017-12-21 03:00:00,2017-12-21,Last-week,409.0,407.0,29.872807017543664,0.0,436.2293162406804,464.569149324112,438.87280701754366,436.87280701754366
2017-12-21 04:00:00,2017-12-21,Last-week,407.0,405.0,31.872807017543664,0.0,464.569149324112,494.80634900364385,438.87280701754366,436.87280701754366
2017-12-21 05:00:00,2017-12-21,Last-week,408.0,405.0,31.872807017543664,0.0,494.80634900364385,525.0435486831757,439.87280701754366,436.87280701754366
2017-12-21 06:00:00,2017-12-21,Last-week,408.0,407.0,29.872807017543664,0.0,525.0435486831757,553.3833817666064,437.87280701754366,436.87280701754366
2017-12-21 07:00:00,2017-12-21,Last-week,412.0,410.0,26.872807017543664,0.0,553.3833817666064,578.8771649558857,438.87280701754366,436.87280701754366
2017-12-21 08:00:00,2017-12-21,Last-week,416.0,414.0,22.872807017543664,0.0,578.8771649558857,600.5762149529619,438.87280701754366,436.87280701754366
2017-12-21 09:00:00,2017-12-21,Last-week,424.0,425.0,11.872807017543664,0.0,600.5762149529619,611.839748671483,435.87280701754366,436.87280701754366
2017-12-21 10:00:00,2017-12-21,Last-week,438.0,444.0,0.0,7.127192982456336,611.839748671483,604.3270276221065,430.87280701754366,436.87280701754366
2017-12-21 11:00:00,2017-12-21,Last-week,452.0,462.0,0.0,25.127192982456336,604.3270276221065,577.8406406117192,426.87280701754366,436.87280701754366
2017-12-21 12:00:00,2017-12-21,Last-week,460.0,466.0,0.0,29.127192982456336,577.8406406117192,547.1378833877743,430.87280701754366,436.87280701754366
2017-12-21 13:00:00,2017-12-21,Last-week,460.0,468.0,0.0,31.127192982456336,547.1378833877743,514.3269410570492,428.87280701754366,436.87280701754366
2017-12-21 14:00:00,2017-12-21,Last-week,456.0,471.0,0.0,34.127192982456336,514.3269410570492,478.3537210661575,421.87280701754366,436.87280701754366
2017-12-21 15:00:00,2017-12-21,Last-week,458.0,468.0,0.0,31.127192982456336,478.3537210661575,445.5427787354338,426.87280701754366,436.87280701754366
2017-12-21 16:00:00,2017-12-21,Last-week,455.0,465.0,0.0,28.127192982456336,445.5427787354338,415.89411406487807,426.87280701754366,436.87280701754366
2017-12-21 17:00:00,2017-12-21,Last-week,454.0,463.0,0.0,26.127192982456336,415.89411406487807,388.3536345011007,427.87280701754366,436.87280701754366
2017-12-21 18:00:00,2017-12-21,Last-week,445.0,457.0,0.0,20.127192982456336,388.3536345011007,367.13771025766073,424.87280701754366,436.87280701754366
2017-12-21 19:00:00,2017-12-21,Last-week,436.0,448.0,0.0,11.127192982456336,367.13771025766073,355.40861899472566,424.87280701754366,436.87280701754366
2017-12-21 20:00:00,2017-12-21,Last-week,434.0,443.0,0.0,6.127192982456336,355.40861899472566,348.9499904987383,427.87280701754366,436.87280701754366
2017-12-21 21:00:00,2017-12-21,Last-week,419.0,439.0,0.0,2.127192982456336,348.9499904987383,346.70773221630884,416.87280701754366,436.87280701754366
2017-12-21 22:00:00,2017-12-21,Last-week,416.0,430.0,6.872807017543664,0.0,346.70773221630884,353.227849444577,422.87280701754366,436.87280701754366
2017-12-21 23:00:00,2017-12-21,Last-week,411.0,423.0,13.872807017543664,0.0,353.227849444577,366.3887497591986,424.87280701754366,436.87280701754366
2017-12-22 00:00:00,2017-12-22,Last-week,409.0,417.0,19.17256637168128,0.0,366.3887497591986,384.5774432567776,428.1725663716813,436.1725663716813
2017-12-22 01:00:00,2017-12-22,Last-week,405.0,413.0,23.17256637168134,0.0,384.5774432567776,406.5608699465587,428.17256637168134,436.17256637168134
2017-12-22 02:00:00,2017-12-22,Last-week,403.0,411.0,25.17256637168134,0.0,406.5608699465587,430.44166323244076,428.17256637168134,436.17256637168134
2017-12-22 03:00:00,2017-12-22,Last-week,403.0,409.0,27.17256637168134,0.0,430.44166323244076,456.2198231144272,430.17256637168134,436.17256637168134
2017-12-22 04:00:00,2017-12-22,Last-week,405.0,406.0,30.17256637168134,0.0,456.2198231144272,484.8440328905619,435.17256637168134,436.17256637168134
2017-12-22 05:00:00,2017-12-22,Last-week,402.0,408.0,28.17256637168134,0.0,484.8440328905619,511.57087607059555,430.17256637168134,436.17256637168134
2017-12-22 06:00:00,2017-12-22,Last-week,405.0,409.0,27.17256637168134,0.0,511.57087607059555,537.3490359525787,432.17256637168134,436.17256637168134
2017-12-22 07:00:00,2017-12-22,Last-week,405.0,414.0,22.17256637168134,0.0,537.3490359525787,558.3837793443092,427.17256637168134,436.17256637168134
2017-12-22 08:00:00,2017-12-22,Last-week,427.0,415.0,21.17256637168134,0.0,558.3837793443092,578.4698394379893,448.17256637168134,436.17256637168134
2017-12-22 09:00:00,2017-12-22,Last-week,409.0,432.0,4.1725663716813415,0.0,578.4698394379893,582.4282834648111,413.17256637168134,436.17256637168134
2017-12-22 10:00:00,2017-12-22,Last-week,436.0,450.0,0.0,13.827433628318659,582.4282834648111,567.852888644713,422.17256637168134,436.17256637168134
2017-12-22 11:00:00,2017-12-22,Last-week,444.0,463.0,0.0,26.82743362831866,567.852888644713,539.5742906305522,417.17256637168134,436.17256637168134
2017-12-22 12:00:00,2017-12-22,Last-week,440.0,465.0,0.0,28.82743362831866,539.5742906305522,509.18750750961317,411.17256637168134,436.17256637168134
2017-12-22 13:00:00,2017-12-22,Last-week,425.0,473.0,0.0,36.82743362831866,509.18750750961317,470.367983961557,388.17256637168134,436.17256637168134
2017-12-22 14:00:00,2017-12-22,Last-week,431.0,476.0,0.0,39.82743362831866,470.367983961557,428.38618275333374,391.17256637168134,436.17256637168134
2017-12-22 15:00:00,2017-12-22,Last-week,426.0,471.0,0.0,34.82743362831866,428.38618275333374,391.67484431205685,391.17256637168134,436.17256637168134
2017-12-22 16:00:00,2017-12-22,Last-week,423.0,463.0,0.0,26.82743362831866,391.67484431205685,363.3962462978957,396.17256637168134,436.17256637168134
2017-12-22 17:00:00,2017-12-22,Last-week,420.0,457.0,0.0,20.82743362831866,363.3962462978957,341.44220360407144,399.17256637168134,436.17256637168134
2017-12-22 18:00:00,2017-12-22,Last-week,410.0,447.0,0.0,10.827433628318659,341.44220360407144,330.0290864441422,399.17256637168134,436.17256637168134
2017-12-22 19:00:00,2017-12-22,Last-week,399.0,441.0,0.0,4.8274336283186585,330.0290864441422,324.94052460454964,394.17256637168134,436.17256637168134
2017-12-22 20:00:00,2017-12-22,Last-week,395.0,434.0,2.1725663716813415,0.0,324.94052460454964,327.00160203527,397.17256637168134,436.17256637168134
2017-12-22 21:00:00,2017-12-22,Last-week,393.0,428.0,8.172566371681341,0.0,327.00160203527,334.7547792542931,401.17256637168134,436.17256637168134
2017-12-22 22:00:00,2017-12-22,Last-week,389.0,422.0,14.172566371681341,0.0,334.7547792542931,348.2000562616196,403.17256637168134,436.17256637168134
2017-12-22 23:00:00,2017-12-22,Last-week,389.0,417.0,19.17256637168134,0.0,348.2000562616196,366.3887497591986,408.17256637168134,436.17256637168134
2017-12-23 00:00:00,2017-12-23,Last-week,389.0,408.0,4.150442477876043,0.0,366.3887497591986,370.326205217479,393.150442477876,412.150442477876
2017-12-23 01:00:00,2017-12-23,Last-week,387.0,408.0,4.150442477876027,0.0,370.326205217479,374.2636606757594,391.150442477876,412.150442477876
2017-12-23 02:00:00,2017-12-23,Last-week,385.0,405.0,7.150442477876027,0.0,374.2636606757594,381.0471660281913,392.150442477876,412.150442477876
2017-12-23 03:00:00,2017-12-23,Last-week,386.0,406.0,6.150442477876027,0.0,381.0471660281913,386.88198808257744,392.150442477876,412.150442477876
2017-12-23 04:00:00,2017-12-23,Last-week,385.0,405.0,7.150442477876027,0.0,386.88198808257744,393.66549343500935,392.150442477876,412.150442477876
2017-12-23 05:00:00,2017-12-23,Last-week,384.0,400.0,12.150442477876027,0.0,393.66549343500935,405.19241527769384,396.150442477876,412.150442477876
2017-12-23 06:00:00,2017-12-23,Last-week,385.0,405.0,7.150442477876027,0.0,405.19241527769384,411.97592063012576,392.150442477876,412.150442477876
2017-12-23 07:00:00,2017-12-23,Last-week,387.0,402.0,10.150442477876027,0.0,411.97592063012576,421.6054758767092,397.150442477876,412.150442477876
2017-12-23 08:00:00,2017-12-23,Last-week,382.0,406.0,6.150442477876027,0.0,421.6054758767092,427.44029793109064,388.150442477876,412.150442477876
2017-12-23 09:00:00,2017-12-23,Last-week,389.0,404.0,8.150442477876027,0.0,427.44029793109064,435.1724865815731,397.150442477876,412.150442477876
2017-12-23 10:00:00,2017-12-23,Last-week,385.0,411.0,1.1504424778760267,0.0,435.1724865815731,436.2638921457019,386.150442477876,412.150442477876
2017-12-23 11:00:00,2017-12-23,Last-week,388.0,418.0,0.0,5.849557522123973,436.2638921457019,430.0979171210065,382.150442477876,412.150442477876
2017-12-23 12:00:00,2017-12-23,Last-week,394.0,417.0,0.0,4.849557522123973,430.0979171210065,424.98603464970165,389.150442477876,412.150442477876
2017-12-23 13:00:00,2017-12-23,Last-week,396.0,414.0,0.0,1.8495575221239733,424.98603464970165,423.0364298385657,394.150442477876,412.150442477876
2017-12-23 14:00:00,2017-12-23,Last-week,395.0,418.0,0.0,5.849557522123973,423.0364298385657,416.87045481387077,389.150442477876,412.150442477876
2017-12-23 15:00:00,2017-12-23,Last-week,399.0,423.0,0.0,10.849557522123973,416.87045481387077,405.43401702222855,388.150442477876,412.150442477876
2017-12-23 16:00:00,2017-12-23,Last-week,399.0,422.0,0.0,9.849557522123973,405.43401702222855,395.0516717839764,389.150442477876,412.150442477876
2017-12-23 17:00:00,2017-12-23,Last-week,400.0,425.0,0.0,12.849557522123973,395.0516717839764,381.50704888555583,387.150442477876,412.150442477876
2017-12-23 18:00:00,2017-12-23,Last-week,399.0,421.0,0.0,8.849557522123973,381.50704888555583,372.17879620069334,390.150442477876,412.150442477876
2017-12-23 19:00:00,2017-12-23,Last-week,398.0,416.0,0.0,3.8495575221239733,372.17879620069334,368.1210062827781,394.150442477876,412.150442477876
2017-12-23 20:00:00,2017-12-23,Last-week,396.0,416.0,0.0,3.8495575221239733,368.1210062827781,364.0632163648629,392.150442477876,412.150442477876
2017-12-23 21:00:00,2017-12-23,Last-week,389.0,411.0,1.1504424778760267,0.0,364.0632163648629,365.15462192899156,390.150442477876,412.150442477876
2017-12-23 22:00:00,2017-12-23,Last-week,392.0,411.0,1.1504424778760267,0.0,365.15462192899156,366.2460274931203,393.150442477876,412.150442477876
2017-12-23 23:00:00,2017-12-23,Last-week,392.0,412.0,0.15044247787602671,0.0,366.2460274931203,366.3887497591986,392.150442477876,412.150442477876
2017-12-24 00:00:00,2017-12-24,Last-week,391.0,408.0,3.3612334801762658,0.0,366.3887497591986,369.57749582269,394.3612334801763,411.3612334801763
2017-12-24 01:00:00,2017-12-24,Last-week,390.0,406.0,5.3612334801762245,0.0,369.57749582269,374.6636084822825,395.3612334801762,411.3612334801762
2017-12-24 02:00:00,2017-12-24,Last-week,388.0,403.0,8.361233480176224,0.0,374.6636084822825,382.5957710360264,396.3612334801762,411.3612334801762
2017-12-24 03:00:00,2017-12-24,Last-week,390.0,404.0,7.3612334801762245,0.0,382.5957710360264,389.57925029172225,397.3612334801762,411.3612334801762
2017-12-24 04:00:00,2017-12-24,Last-week,387.0,403.0,8.361233480176224,0.0,389.57925029172225,397.5114128454662,395.3612334801762,411.3612334801762
2017-12-24 05:00:00,2017-12-24,Last-week,386.0,403.0,8.361233480176224,0.0,397.5114128454662,405.4435753992102,394.3612334801762,411.3612334801762
2017-12-24 06:00:00,2017-12-24,Last-week,387.0,406.0,5.3612334801762245,0.0,405.4435753992102,410.5296880588026,392.3612334801762,411.3612334801762
2017-12-24 07:00:00,2017-12-24,Last-week,385.0,405.0,6.3612334801762245,0.0,410.5296880588026,416.56448401644553,391.3612334801762,411.3612334801762
2017-12-24 08:00:00,2017-12-24,Last-week,388.0,403.0,8.361233480176224,0.0,416.56448401644553,424.4966465701895,396.3612334801762,411.3612334801762
2017-12-24 09:00:00,2017-12-24,Last-week,389.0,405.0,6.3612334801762245,0.0,424.4966465701895,430.53144252783244,395.3612334801762,411.3612334801762
2017-12-24 10:00:00,2017-12-24,Last-week,387.0,406.0,5.3612334801762245,0.0,430.53144252783244,435.61755518742484,392.3612334801762,411.3612334801762
2017-12-24 11:00:00,2017-12-24,Last-week,387.0,413.0,0.0,1.6387665198237755,435.61755518742484,433.89014360213423,385.3612334801762,411.3612334801762
2017-12-24 12:00:00,2017-12-24,Last-week,389.0,415.0,0.0,3.6387665198237755,433.89014360213423,430.05454691006526,385.3612334801762,411.3612334801762
2017-12-24 13:00:00,2017-12-24,Last-week,391.0,418.0,0.0,6.6387665198237755,430.05454691006526,423.05667255782737,384.3612334801762,411.3612334801762
2017-12-24 14:00:00,2017-12-24,Last-week,394.0,418.0,0.0,6.6387665198237755,423.05667255782737,416.058798205589,387.3612334801762,411.3612334801762
2017-12-24 15:00:00,2017-12-24,Last-week,392.0,421.0,0.0,9.638766519823776,416.058798205589,405.89864619318223,382.3612334801762,411.3612334801762
2017-12-24 16:00:00,2017-12-24,Last-week,393.0,420.0,0.0,8.638766519823776,405.89864619318223,396.792586734166,384.3612334801762,411.3612334801762
2017-12-24 17:00:00,2017-12-24,Last-week,394.0,423.0,0.0,11.638766519823776,396.792586734166,384.5242496149813,382.3612334801762,411.3612334801762
2017-12-24 18:00:00,2017-12-24,Last-week,391.0,422.0,0.0,10.638766519823776,384.5242496149813,373.3100050491853,380.3612334801762,411.3612334801762
2017-12-24 19:00:00,2017-12-24,Last-week,390.0,417.0,0.0,5.6387665198237755,373.3100050491853,367.36622325033727,384.3612334801762,411.3612334801762
2017-12-24 20:00:00,2017-12-24,Last-week,394.0,413.0,0.0,1.6387665198237755,367.36622325033727,365.6388116650469,392.3612334801762,411.3612334801762
2017-12-24 21:00:00,2017-12-24,Last-week,395.0,414.0,0.0,2.6387665198237755,365.6388116650469,362.85730752636744,392.3612334801762,411.3612334801762
2017-12-24 22:00:00,2017-12-24,Last-week,388.0,411.0,0.3612334801762245,0.0,362.85730752636744,363.2000036957072,388.3612334801762,411.3612334801762
2017-12-24 23:00:00,2017-12-24,Last-week,387.0,408.0,3.3612334801762245,0.0,363.2000036957072,366.3887497591986,390.3612334801762,411.3612334801762
2017-12-25 00:00:00,2017-12-25,Last-week,387.0,405.0,26.066079295154108,0.0,366.3887497591986,391.11720383217164,413.0660792951541,431.0660792951541
2017-12-25 01:00:00,2017-12-25,Last-week,385.0,403.0,28.06607929515411,0.0,391.11720383217164,417.74302450124566,413.0660792951541,431.0660792951541
2017-12-25 02:00:00,2017-12-25,Last-week,386.0,404.0,27.06607929515411,0.0,417.74302450124566,443.4201618722692,413.0660792951541,431.0660792951541
2017-12-25 03:00:00,2017-12-25,Last-week,387.0,401.0,30.06607929515411,0.0,443.4201618722692,471.94334913744626,417.0660792951541,431.0660792951541
2017-12-25 04:00:00,2017-12-25,Last-week,387.0,399.0,32.06607929515411,0.0,471.94334913744626,502.3639029987224,419.0660792951541,431.0660792951541
2017-12-25 05:00:00,2017-12-25,Last-week,385.0,400.0,31.06607929515411,0.0,502.3639029987224,531.8357735619479,416.0660792951541,431.0660792951541
2017-12-25 06:00:00,2017-12-25,Last-week,385.0,401.0,30.06607929515411,0.0,531.8357735619479,560.358960827123,415.0660792951541,431.0660792951541
2017-12-25 07:00:00,2017-12-25,Last-week,382.0,404.0,27.06607929515411,0.0,560.358960827123,586.0360981981465,409.0660792951541,431.0660792951541
2017-12-25 08:00:00,2017-12-25,Last-week,384.0,414.0,17.06607929515411,0.0,586.0360981981465,602.226402588665,401.0660792951541,431.0660792951541
2017-12-25 09:00:00,2017-12-25,Last-week,384.0,427.0,4.066079295154111,0.0,602.226402588665,606.0838241045267,388.0660792951541,431.0660792951541
2017-12-25 10:00:00,2017-12-25,Last-week,385.0,441.0,0.0,9.933920704845889,606.0838241045267,595.6125522635875,375.0660792951541,431.0660792951541
2017-12-25 11:00:00,2017-12-25,Last-week,385.0,455.0,0.0,23.93392070484589,595.6125522635875,570.3839846751953,361.0660792951541,431.0660792951541
2017-12-25 12:00:00,2017-12-25,Last-week,388.0,461.0,0.0,29.93392070484589,570.3839846751953,538.830861766467,358.0660792951541,431.0660792951541
2017-12-25 13:00:00,2017-12-25,Last-week,390.0,461.0,0.0,29.93392070484589,538.830861766467,507.27773885773877,360.0660792951541,431.0660792951541
2017-12-25 14:00:00,2017-12-25,Last-week,389.0,462.0,0.0,30.93392070484589,507.27773885773877,474.67052339561997,358.0660792951541,431.0660792951541
2017-12-25 15:00:00,2017-12-25,Last-week,387.0,461.0,0.0,29.93392070484589,474.67052339561997,443.11740048689126,357.0660792951541,431.0660792951541
2017-12-25 16:00:00,2017-12-25,Last-week,390.0,457.0,0.0,25.93392070484589,443.11740048689126,415.78064779172064,364.0660792951541,431.0660792951541
2017-12-25 17:00:00,2017-12-25,Last-week,390.0,456.0,0.0,24.93392070484589,415.78064779172064,389.4979876499392,365.0660792951541,431.0660792951541
2017-12-25 18:00:00,2017-12-25,Last-week,387.0,452.0,0.0,20.93392070484589,389.4979876499392,367.43169772171586,366.0660792951541,431.0660792951541
2017-12-25 19:00:00,2017-12-25,Last-week,386.0,441.0,0.0,9.933920704845889,367.43169772171586,356.9604258807765,376.0660792951541,431.0660792951541
2017-12-25 20:00:00,2017-12-25,Last-week,383.0,434.0,0.0,2.933920704845889,356.9604258807765,353.8678019135632,380.0660792951541,431.0660792951541
2017-12-25 21:00:00,2017-12-25,Last-week,383.0,431.0,0.06607929515411115,0.0,353.8678019135632,353.93049023722267,383.0660792951541,431.0660792951541
2017-12-25 22:00:00,2017-12-25,Last-week,382.0,425.0,6.066079295154111,0.0,353.93049023722267,359.68527834918535,388.0660792951541,431.0660792951541
2017-12-25 23:00:00,2017-12-25,Last-week,382.0,424.0,7.066079295154111,0.0,359.68527834918535,366.3887497591986,389.0660792951541,431.0660792951541
2017-12-26 00:00:00,2017-12-26,Last-week,379.0,415.0,24.991189427312673,0.0,366.3887497591986,390.0974737673067,403.9911894273127,439.9911894273127
2017-12-26 01:00:00,2017-12-26,Last-week,382.0,417.0,22.991189427312634,0.0,390.0974737673067,411.9088311793138,404.99118942731263,439.99118942731263
2017-12-26 02:00:00,2017-12-26,Last-week,382.0,417.0,22.991189427312634,0.0,411.9088311793138,433.72018859132083,404.99118942731263,439.99118942731263
2017-12-26 03:00:00,2017-12-26,Last-week,383.0,417.0,22.991189427312634,0.0,433.72018859132083,455.53154600333215,405.99118942731263,439.99118942731263
2017-12-26 04:00:00,2017-12-26,Last-week,381.0,417.0,22.991189427312634,0.0,455.53154600333215,477.3429034153392,403.99118942731263,439.99118942731263
2017-12-26 05:00:00,2017-12-26,Last-week,383.0,415.0,24.991189427312634,0.0,477.3429034153392,501.05162742344726,407.99118942731263,439.99118942731263
2017-12-26 06:00:00,2017-12-26,Last-week,382.0,418.0,21.991189427312634,0.0,501.05162742344726,521.9143015374038,403.99118942731263,439.99118942731263
2017-12-26 07:00:00,2017-12-26,Last-week,381.0,421.0,18.991189427312634,0.0,521.9143015374038,539.9309257572088,399.99118942731263,439.99118942731263
2017-12-26 08:00:00,2017-12-26,Last-week,381.0,427.0,12.991189427312634,0.0,539.9309257572088,552.2554501887107,393.99118942731263,439.99118942731263
2017-12-26 09:00:00,2017-12-26,Last-week,381.0,437.0,2.9911894273126336,0.0,552.2554501887107,555.093141639707,383.99118942731263,439.99118942731263
2017-12-26 10:00:00,2017-12-26,Last-week,385.0,447.0,0.0,7.008810572687366,555.093141639707,547.70520660692,377.99118942731263,439.99118942731263
2017-12-26 11:00:00,2017-12-26,Last-week,392.0,460.0,0.0,20.008810572687366,547.70520660692,526.6140683800695,371.99118942731263,439.99118942731263
2017-12-26 12:00:00,2017-12-26,Last-week,393.0,463.0,0.0,23.008810572687366,526.6140683800695,502.360652493051,369.99118942731263,439.99118942731263
2017-12-26 13:00:00,2017-12-26,Last-week,394.0,460.0,0.0,20.008810572687366,502.360652493051,481.26951426620144,373.99118942731263,439.99118942731263
2017-12-26 14:00:00,2017-12-26,Last-week,396.0,466.0,0.0,26.008810572687366,481.26951426620144,453.85382071901404,369.99118942731263,439.99118942731263
2017-12-26 15:00:00,2017-12-26,Last-week,397.0,466.0,0.0,26.008810572687366,453.85382071901404,426.43812717182755,370.99118942731263,439.99118942731263
2017-12-26 16:00:00,2017-12-26,Last-week,399.0,467.0,0.0,27.008810572687366,426.43812717182755,397.96834107125096,371.99118942731263,439.99118942731263
2017-12-26 17:00:00,2017-12-26,Last-week,400.0,467.0,0.0,27.008810572687366,397.96834107125096,369.4985549706744,372.99118942731263,439.99118942731263
2017-12-26 18:00:00,2017-12-26,Last-week,396.0,461.0,0.0,21.008810572687366,369.4985549706744,347.3533241904356,374.99118942731263,439.99118942731263
2017-12-26 19:00:00,2017-12-26,Last-week,396.0,448.0,0.0,8.008810572687366,347.3533241904356,338.91129660425895,387.99118942731263,439.99118942731263
2017-12-26 20:00:00,2017-12-26,Last-week,392.0,440.0,0.0,0.008810572687366403,338.91129660425895,338.90200944519825,391.99118942731263,439.99118942731263
2017-12-26 21:00:00,2017-12-26,Last-week,386.0,434.0,5.991189427312634,0.0,338.90200944519825,344.5857507903463,391.99118942731263,439.99118942731263
2017-12-26 22:00:00,2017-12-26,Last-week,385.0,429.0,10.991189427312634,0.0,344.5857507903463,355.01290862574723,395.99118942731263,439.99118942731263
2017-12-26 23:00:00,2017-12-26,Last-week,384.0,428.0,11.991189427312634,0.0,355.01290862574723,366.3887497591986,395.99118942731263,439.99118942731263
2017-12-27 00:00:00,2017-12-27,Last-week,385.0,425.0,10.774336283185725,0.0,366.3887497591986,376.61018263863656,395.77433628318573,435.77433628318573
2017-12-27 01:00:00,2017-12-27,Last-week,386.0,422.0,13.774336283185733,0.0,376.61018263863656,389.6776654122261,399.77433628318573,435.77433628318573
2017-12-27 02:00:00,2017-12-27,Last-week,385.0,419.0,16.774336283185733,0.0,389.6776654122261,405.5911980799671,401.77433628318573,435.77433628318573
2017-12-27 03:00:00,2017-12-27,Last-week,386.0,418.0,17.774336283185733,0.0,405.5911980799671,422.45341404576186,403.77433628318573,435.77433628318573
2017-12-27 04:00:00,2017-12-27,Last-week,384.0,416.0,19.774336283185733,0.0,422.45341404576186,441.2129966076544,403.77433628318573,435.77433628318573
2017-12-27 05:00:00,2017-12-27,Last-week,385.0,417.0,18.774336283185733,0.0,441.2129966076544,459.0238958714965,403.77433628318573,435.77433628318573
2017-12-27 06:00:00,2017-12-27,Last-week,383.0,417.0,18.774336283185733,0.0,459.0238958714965,476.83479513533854,401.77433628318573,435.77433628318573
2017-12-27 07:00:00,2017-12-27,Last-week,386.0,422.0,13.774336283185733,0.0,476.83479513533854,489.90227790892806,399.77433628318573,435.77433628318573
2017-12-27 08:00:00,2017-12-27,Last-week,385.0,422.0,13.774336283185733,0.0,489.90227790892806,502.9697606825175,398.77433628318573,435.77433628318573
2017-12-27 09:00:00,2017-12-27,Last-week,389.0,433.0,2.7743362831857326,0.0,502.9697606825175,505.60172717755086,391.77433628318573,435.77433628318573
2017-12-27 10:00:00,2017-12-27,Last-week,401.0,449.0,0.0,13.225663716814267,505.60172717755086,491.6606535400242,387.77433628318573,435.77433628318573
2017-12-27 11:00:00,2017-12-27,Last-week,407.0,456.0,0.0,20.225663716814267,491.6606535400242,470.3409320287701,386.77433628318573,435.77433628318573
2017-12-27 12:00:00,2017-12-27,Last-week,413.0,461.0,0.0,25.225663716814267,470.3409320287701,443.75074775056964,387.77433628318573,435.77433628318573
2017-12-27 13:00:00,2017-12-27,Last-week,413.0,457.0,0.0,21.225663716814267,443.75074775056964,421.3769336859268,391.77433628318573,435.77433628318573
2017-12-27 14:00:00,2017-12-27,Last-week,424.0,456.0,0.0,20.225663716814267,421.3769336859268,400.0572121746736,403.77433628318573,435.77433628318573
2017-12-27 15:00:00,2017-12-27,Last-week,426.0,455.0,0.0,19.225663716814267,400.0572121746736,379.7915832168096,406.77433628318573,435.77433628318573
2017-12-27 16:00:00,2017-12-27,Last-week,424.0,456.0,0.0,20.225663716814267,379.7915832168096,358.4718617055564,403.77433628318573,435.77433628318573
2017-12-27 17:00:00,2017-12-27,Last-week,426.0,454.0,0.0,18.225663716814267,358.4718617055564,339.26032530108205,407.77433628318573,435.77433628318573
2017-12-27 18:00:00,2017-12-27,Last-week,419.0,451.0,0.0,15.225663716814267,339.26032530108205,323.2110665567757,403.77433628318573,435.77433628318573
2017-12-27 19:00:00,2017-12-27,Last-week,414.0,439.0,0.0,3.2256637168142674,323.2110665567757,319.8109184531436,410.77433628318573,435.77433628318573
2017-12-27 20:00:00,2017-12-27,Last-week,412.0,433.0,2.7743362831857326,0.0,319.8109184531436,322.4428849481776,414.77433628318573,435.77433628318573
2017-12-27 21:00:00,2017-12-27,Last-week,410.0,424.0,11.774336283185733,0.0,322.4428849481776,333.613001125666,421.77433628318573,435.77433628318573
2017-12-27 22:00:00,2017-12-27,Last-week,404.0,418.0,17.774336283185733,0.0,333.613001125666,350.4752170914576,421.77433628318573,435.77433628318573
2017-12-27 23:00:00,2017-12-27,Last-week,403.0,419.0,16.774336283185733,0.0,350.4752170914576,366.3887497591986,419.77433628318573,435.77433628318573
2017-12-28 00:00:00,2017-12-28,Last-week,402.0,415.0,16.039647577092417,0.0,366.3887497591986,381.6052955222026,418.0396475770924,431.0396475770924
2017-12-28 01:00:00,2017-12-28,Last-week,402.0,416.0,15.03964757709241,0.0,381.6052955222026,395.87315798715605,417.0396475770924,431.0396475770924
2017-12-28 02:00:00,2017-12-28,Last-week,401.0,413.0,18.03964757709241,0.0,395.87315798715605,412.987070346261,419.0396475770924,431.0396475770924
2017-12-28 03:00:00,2017-12-28,Last-week,400.0,409.0,22.03964757709241,0.0,412.987070346261,433.89571589757213,422.0396475770924,431.0396475770924
2017-12-28 04:00:00,2017-12-28,Last-week,400.0,407.0,24.03964757709241,0.0,433.89571589757213,456.7017280449802,424.0396475770924,431.0396475770924
2017-12-28 05:00:00,2017-12-28,Last-week,400.0,408.0,23.03964757709241,0.0,456.7017280449802,478.55905689433774,423.0396475770924,431.0396475770924
2017-12-28 06:00:00,2017-12-28,Last-week,397.0,408.0,23.03964757709241,0.0,478.55905689433774,500.41638574369534,420.0396475770924,431.0396475770924
2017-12-28 07:00:00,2017-12-28,Last-week,399.0,412.0,19.03964757709241,0.0,500.41638574369534,518.4789814008509,418.0396475770924,431.0396475770924
2017-12-28 08:00:00,2017-12-28,Last-week,414.0,416.0,15.03964757709241,0.0,518.4789814008509,532.7468438658043,429.0396475770924,431.0396475770924
2017-12-28 09:00:00,2017-12-28,Last-week,400.0,424.0,7.03964757709241,0.0,532.7468438658043,539.425239946353,407.0396475770924,431.0396475770924
2017-12-28 10:00:00,2017-12-28,Last-week,414.0,438.0,0.0,6.96035242290759,539.425239946353,532.0883842883995,407.0396475770924,431.0396475770924
2017-12-28 11:00:00,2017-12-28,Last-week,420.0,452.0,0.0,20.96035242290759,532.0883842883995,509.99423288299386,399.0396475770924,431.0396475770924
2017-12-28 12:00:00,2017-12-28,Last-week,422.0,460.0,0.0,28.96035242290759,509.99423288299386,479.4673410504729,393.0396475770924,431.0396475770924
2017-12-28 13:00:00,2017-12-28,Last-week,427.0,460.0,0.0,28.96035242290759,479.4673410504729,448.94044921795194,398.0396475770924,431.0396475770924
2017-12-28 14:00:00,2017-12-28,Last-week,426.0,456.0,0.0,24.96035242290759,448.94044921795194,422.62992759898816,401.0396475770924,431.0396475770924
2017-12-28 15:00:00,2017-12-28,Last-week,427.0,458.0,0.0,26.96035242290759,422.62992759898816,394.2112208732451,400.0396475770924,431.0396475770924
2017-12-28 16:00:00,2017-12-28,Last-week,426.0,455.0,0.0,23.96035242290759,394.2112208732451,368.954791807671,402.0396475770924,431.0396475770924
2017-12-28 17:00:00,2017-12-28,Last-week,427.0,454.0,0.0,22.96035242290759,368.954791807671,344.75245529548647,404.0396475770924,431.0396475770924
2017-12-28 18:00:00,2017-12-28,Last-week,424.0,445.0,0.0,13.96035242290759,344.75245529548647,330.0369517638069,410.0396475770924,431.0396475770924
2017-12-28 19:00:00,2017-12-28,Last-week,419.0,436.0,0.0,4.96035242290759,330.0369517638069,324.80828121263266,414.0396475770924,431.0396475770924
2017-12-28 20:00:00,2017-12-28,Last-week,414.0,434.0,0.0,2.96035242290759,324.80828121263266,321.68779576823727,411.0396475770924,431.0396475770924
2017-12-28 21:00:00,2017-12-28,Last-week,407.0,419.0,12.03964757709241,0.0,321.68779576823727,333.10960833903914,419.0396475770924,431.0396475770924
2017-12-28 22:00:00,2017-12-28,Last-week,403.0,416.0,15.03964757709241,0.0,333.10960833903914,347.3774708039926,418.0396475770924,431.0396475770924
2017-12-28 23:00:00,2017-12-28,Last-week,404.0,411.0,20.03964757709241,0.0,347.3774708039926,366.3887497591986,424.0396475770924,431.0396475770924
2017-12-29 00:00:00,2017-12-29,Last-week,403.0,409.0,3.928888888888741,0.0,366.3887497591986,370.1160210279836,406.92888888888876,412.92888888888876
2017-12-29 01:00:00,2017-12-29,Last-week,399.0,405.0,7.928888888888764,0.0,370.1160210279836,377.6380254889743,406.92888888888876,412.92888888888876
2017-12-29 02:00:00,2017-12-29,Last-week,396.0,403.0,9.928888888888764,0.0,377.6380254889743,387.05739654606236,405.92888888888876,412.92888888888876
2017-12-29 03:00:00,2017-12-29,Last-week,396.0,403.0,9.928888888888764,0.0,387.05739654606236,396.47676760315045,405.92888888888876,412.92888888888876
2017-12-29 04:00:00,2017-12-29,Last-week,397.0,405.0,7.928888888888764,0.0,396.47676760315045,403.99877206413754,404.92888888888876,412.92888888888876
2017-12-29 05:00:00,2017-12-29,Last-week,400.0,402.0,10.928888888888764,0.0,403.99877206413754,414.36682641927615,410.92888888888876,412.92888888888876
2017-12-29 06:00:00,2017-12-29,Last-week,395.0,405.0,7.928888888888764,0.0,414.36682641927615,421.8888308802632,402.92888888888876,412.92888888888876
2017-12-29 07:00:00,2017-12-29,Last-week,397.0,405.0,7.928888888888764,0.0,421.8888308802632,429.4108353412503,404.92888888888876,412.92888888888876
2017-12-29 08:00:00,2017-12-29,Last-week,403.0,427.0,0.0,14.071111111111236,429.4108353412503,414.57858190111165,388.92888888888876,412.92888888888876
2017-12-29 09:00:00,2017-12-29,Last-week,401.0,409.0,3.928888888888764,0.0,414.57858190111165,418.3058531698962,404.92888888888876,412.92888888888876
2017-12-29 10:00:00,2017-12-29,Last-week,411.0,436.0,0.0,23.071111111111236,418.3058531698962,393.98676674925355,387.92888888888876,412.92888888888876
2017-12-29 11:00:00,2017-12-29,Last-week,418.0,444.0,0.0,31.071111111111236,393.98676674925355,361.2349399014947,386.92888888888876,412.92888888888876
2017-12-29 12:00:00,2017-12-29,Last-week,426.0,440.0,0.0,27.071111111111236,361.2349399014947,332.69948326729354,398.92888888888876,412.92888888888876
2017-12-29 13:00:00,2017-12-29,Last-week,430.0,425.0,0.0,12.071111111111236,332.69948326729354,319.97541493393464,417.92888888888876,412.92888888888876
2017-12-29 14:00:00,2017-12-29,Last-week,427.0,431.0,0.0,18.071111111111236,319.97541493393464,300.9267912802379,408.92888888888876,412.92888888888876
2017-12-29 15:00:00,2017-12-29,Last-week,426.0,426.0,0.0,13.071111111111236,300.9267912802379,287.1486303934894,412.92888888888876,412.92888888888876
2017-12-29 16:00:00,2017-12-29,Last-week,424.0,423.0,0.0,10.071111111111236,287.1486303934894,276.53274716690885,413.92888888888876,412.92888888888876
2017-12-29 17:00:00,2017-12-29,Last-week,429.0,420.0,0.0,7.071111111111236,276.53274716690885,269.0791416004977,421.92888888888876,412.92888888888876
2017-12-29 18:00:00,2017-12-29,Last-week,420.0,410.0,2.928888888888764,0.0,269.0791416004977,271.8577295712321,422.92888888888876,412.92888888888876
2017-12-29 19:00:00,2017-12-29,Last-week,412.0,399.0,13.928888888888764,0.0,271.8577295712321,285.0718338205222,425.92888888888876,412.92888888888876
2017-12-29 20:00:00,2017-12-29,Last-week,408.0,395.0,17.928888888888764,0.0,285.0718338205222,302.08067126201445,425.92888888888876,412.92888888888876
2017-12-29 21:00:00,2017-12-29,Last-week,407.0,393.0,19.928888888888764,0.0,302.08067126201445,320.9868752996081,426.92888888888876,412.92888888888876
2017-12-29 22:00:00,2017-12-29,Last-week,401.0,389.0,23.928888888888764,0.0,320.9868752996081,343.68781252940335,424.92888888888876,412.92888888888876
2017-12-29 23:00:00,2017-12-29,Last-week,405.0,389.0,23.928888888888764,0.0,343.68781252940335,366.3887497591986,428.92888888888876,412.92888888888876
2017-12-30 00:00:00,2017-12-30,Last-week,403.0,389.0,2.1409691629955008,0.0,366.3887497591986,368.41985144577365,405.1409691629955,391.1409691629955
2017-12-30 01:00:00,2017-12-30,Last-week,405.0,387.0,4.140969162995475,0.0,368.41985144577365,372.34831972844967,409.1409691629955,391.1409691629955
2017-12-30 02:00:00,2017-12-30,Last-week,403.0,385.0,6.140969162995475,0.0,372.34831972844967,378.1741546072267,409.1409691629955,391.1409691629955
2017-12-30 03:00:00,2017-12-30,Last-week,404.0,386.0,5.140969162995475,0.0,378.1741546072267,383.05130618795675,409.1409691629955,391.1409691629955
2017-12-30 04:00:00,2017-12-30,Last-week,403.0,385.0,6.140969162995475,0.0,383.05130618795675,388.8771410667338,409.1409691629955,391.1409691629955
2017-12-30 05:00:00,2017-12-30,Last-week,403.0,384.0,7.140969162995475,0.0,388.8771410667338,395.65165924356137,410.1409691629955,391.1409691629955
2017-12-30 06:00:00,2017-12-30,Last-week,400.0,385.0,6.140969162995475,0.0,395.65165924356137,401.47749412233844,406.1409691629955,391.1409691629955
2017-12-30 07:00:00,2017-12-30,Last-week,402.0,387.0,4.140969162995475,0.0,401.47749412233844,405.40596240501446,406.1409691629955,391.1409691629955
2017-12-30 08:00:00,2017-12-30,Last-week,402.0,382.0,9.140969162995475,0.0,405.40596240501446,414.07784717794306,411.1409691629955,391.1409691629955
2017-12-30 09:00:00,2017-12-30,Last-week,403.0,389.0,2.140969162995475,0.0,414.07784717794306,416.108948864518,405.1409691629955,391.1409691629955
2017-12-30 10:00:00,2017-12-30,Last-week,399.0,385.0,6.140969162995475,0.0,416.108948864518,421.9347837432951,405.1409691629955,391.1409691629955
2017-12-30 11:00:00,2017-12-30,Last-week,403.0,388.0,3.140969162995475,0.0,421.9347837432951,424.9145687279206,406.1409691629955,391.1409691629955
2017-12-30 12:00:00,2017-12-30,Last-week,408.0,394.0,0.0,2.859030837004525,424.9145687279206,421.90088561272387,405.1409691629955,391.1409691629955
2017-12-30 13:00:00,2017-12-30,Last-week,409.0,396.0,0.0,4.859030837004525,421.90088561272387,416.77901739074696,404.1409691629955,391.1409691629955
2017-12-30 14:00:00,2017-12-30,Last-week,411.0,395.0,0.0,3.859030837004525,416.77901739074696,412.71124172216014,407.1409691629955,391.1409691629955
2017-12-30 15:00:00,2017-12-30,Last-week,411.0,399.0,0.0,7.859030837004525,412.71124172216014,404.4270958400157,403.1409691629955,391.1409691629955
2017-12-30 16:00:00,2017-12-30,Last-week,408.0,399.0,0.0,7.859030837004525,404.4270958400157,396.14294995787077,400.1409691629955,391.1409691629955
2017-12-30 17:00:00,2017-12-30,Last-week,410.0,400.0,0.0,8.859030837004525,396.14294995787077,386.8047115223367,401.1409691629955,391.1409691629955
2017-12-30 18:00:00,2017-12-30,Last-week,410.0,399.0,0.0,7.859030837004525,386.8047115223367,378.5205656401922,402.1409691629955,391.1409691629955
2017-12-30 19:00:00,2017-12-30,Last-week,408.0,398.0,0.0,6.859030837004525,378.5205656401922,371.29051231143694,401.1409691629955,391.1409691629955
2017-12-30 20:00:00,2017-12-30,Last-week,407.0,396.0,0.0,4.859030837004525,371.29051231143694,366.1686440894605,402.1409691629955,391.1409691629955
2017-12-30 21:00:00,2017-12-30,Last-week,407.0,389.0,2.140969162995475,0.0,366.1686440894605,368.19974577603534,409.1409691629955,391.1409691629955
2017-12-30 22:00:00,2017-12-30,Last-week,404.0,392.0,0.0,0.859030837004525,368.19974577603534,367.294247767617,403.1409691629955,391.1409691629955
2017-12-30 23:00:00,2017-12-30,Last-week,404.0,392.0,0.0,0.859030837004525,367.294247767617,366.3887497591986,403.1409691629955,391.1409691629955
2017-12-31 00:00:00,2017-12-31,Last-week,402.0,391.0,0.0,1.1666666666666856,366.3887497591986,365.1589751135776,400.8333333333333,389.8333333333333
2017-12-31 01:00:00,2017-12-31,Last-week,401.0,390.0,0.0,0.16666666666668561,365.1589751135776,364.983293021346,400.8333333333333,389.8333333333333
2017-12-31 02:00:00,2017-12-31,Last-week,398.0,388.0,1.8333333333333541,0.0,364.983293021346,366.7225457344384,399.83333333333337,389.83333333333337
2017-12-31 03:00:00,2017-12-31,Last-week,402.0,390.0,0.0,0.16666666666668561,366.7225457344384,366.5468636422065,401.8333333333333,389.8333333333333
2017-12-31 04:00:00,2017-12-31,Last-week,400.0,387.0,2.8333333333333144,0.0,366.5468636422065,369.2347996533496,402.8333333333333,389.8333333333333
2017-12-31 05:00:00,2017-12-31,Last-week,401.0,386.0,3.8333333333333144,0.0,369.2347996533496,372.87141896254326,404.8333333333333,389.8333333333333
2017-12-31 06:00:00,2017-12-31,Last-week,399.0,387.0,2.8333333333333144,0.0,372.87141896254326,375.55935497368637,401.8333333333333,389.8333333333333
2017-12-31 07:00:00,2017-12-31,Last-week,400.0,385.0,4.833333333333314,0.0,375.55935497368637,380.144657580932,404.8333333333333,389.8333333333333
2017-12-31 08:00:00,2017-12-31,Last-week,402.0,388.0,1.8333333333333144,0.0,380.144657580932,381.8839102940246,403.8333333333333,389.8333333333333
2017-12-31 09:00:00,2017-12-31,Last-week,400.0,389.0,0.8333333333333144,0.0,381.8839102940246,382.6744797090667,400.8333333333333,389.8333333333333
2017-12-31 10:00:00,2017-12-31,Last-week,398.0,387.0,2.8333333333333144,0.0,382.6744797090667,385.3624157202098,400.8333333333333,389.8333333333333
2017-12-31 11:00:00,2017-12-31,Last-week,399.0,387.0,2.8333333333333144,0.0,385.3624157202098,388.0503517313529,401.8333333333333,389.8333333333333
2017-12-31 12:00:00,2017-12-31,Last-week,399.0,389.0,0.8333333333333144,0.0,388.0503517313529,388.840921146395,399.8333333333333,389.8333333333333
2017-12-31 13:00:00,2017-12-31,Last-week,401.0,391.0,0.0,1.1666666666666856,388.840921146395,387.6111465007739,399.8333333333333,389.8333333333333
2017-12-31 14:00:00,2017-12-31,Last-week,403.0,394.0,0.0,4.166666666666686,387.6111465007739,383.21909419498434,398.8333333333333,389.8333333333333
2017-12-31 15:00:00,2017-12-31,Last-week,401.0,392.0,0.0,2.1666666666666856,383.21909419498434,380.93522699597406,398.8333333333333,389.8333333333333
2017-12-31 16:00:00,2017-12-31,Last-week,402.0,393.0,0.0,3.1666666666666856,380.93522699597406,377.5972672435737,398.8333333333333,389.8333333333333
2017-12-31 17:00:00,2017-12-31,Last-week,404.0,394.0,0.0,4.166666666666686,377.5972672435737,373.20521493778415,399.8333333333333,389.8333333333333
2017-12-31 18:00:00,2017-12-31,Last-week,399.0,391.0,0.0,1.1666666666666856,373.20521493778415,371.97544029216283,397.8333333333333,389.8333333333333
2017-12-31 19:00:00,2017-12-31,Last-week,400.0,390.0,0.0,0.16666666666668561,371.97544029216283,371.7997581999314,399.8333333333333,389.8333333333333
2017-12-31 20:00:00,2017-12-31,Last-week,400.0,394.0,0.0,4.166666666666686,371.7997581999314,367.4077058941418,395.8333333333333,389.8333333333333
2017-12-31 21:00:00,2017-12-31,Last-week,398.0,395.0,0.0,5.166666666666686,367.4077058941418,361.96156103496287,392.8333333333333,389.8333333333333
2017-12-31 22:00:00,2017-12-31,Last-week,397.0,388.0,1.8333333333333144,0.0,361.96156103496287,363.7008137480555,398.8333333333333,389.8333333333333
2017-12-31 23:00:00,2017-12-31,Last-week,397.0,387.0,2.8333333333333144,0.0,363.7008137480555,366.3887497591986,399.8333333333333,389.8333333333333
