timestamp,date,method,actual_load,forecast_load,charge,discharge,battery_power,soc_start,soc_end,soc,realized_grid_load,scenario_expected_peak,scenario_cvar_peak,solver_status
2017-12-02 00:00:00,2017-12-02,LightGBM robust,418.0000000000,414.5396148353,16.7270066595,0.0000000000,16.7270066595,366.3887497592,382.2573816034,382.2573816034,434.7270066595,442.6851152850,495.8933880532,0: optimal
2017-12-02 01:00:00,2017-12-02,LightGBM robust,414.0000000000,414.1543829276,15.9376586960,0.0000000000,15.9376586960,382.2573816034,397.3771722183,397.3771722183,429.9376586960,442.6851152850,495.8933880532,0: optimal
2017-12-02 02:00:00,2017-12-02,LightGBM robust,412.0000000000,415.6692247488,0.0000000000,183.1943748796,-183.1943748796,397.3771722183,204.2733458349,204.2733458349,228.8056251204,442.6851152850,495.8933880532,0: optimal
2017-12-02 03:00:00,2017-12-02,LightGBM robust,411.0000000000,409.8783026422,20.5023280127,0.0000000000,20.5023280127,204.2733458349,223.7235619917,223.7235619917,431.5023280127,442.6851152850,495.8933880532,0: optimal
2017-12-02 04:00:00,2017-12-02,LightGBM robust,411.0000000000,409.8924440933,23.7340168587,0.0000000000,23.7340168587,223.7235619917,246.2396273812,246.2396273812,434.7340168587,442.6851152850,495.8933880532,0: optimal
2017-12-02 05:00:00,2017-12-02,LightGBM robust,409.0000000000,409.6717491270,22.5693579293,0.0000000000,22.5693579293,246.2396273812,267.6508002964,267.6508002964,431.5693579293,442.6851152850,495.8933880532,0: optimal
2017-12-02 06:00:00,2017-12-02,LightGBM robust,412.0000000000,410.0001640435,21.8379005264,0.0000000000,21.8379005264,267.6508002964,288.3680517903,288.3680517903,433.8379005264,442.6851152850,495.8933880532,0: optimal
2017-12-02 07:00:00,2017-12-02,LightGBM robust,410.0000000000,408.7837836710,22.4736752954,0.0000000000,22.4736752954,288.3680517903,309.6884521889,309.6884521889,432.4736752954,442.6851152850,495.8933880532,0: optimal
2017-12-02 08:00:00,2017-12-02,LightGBM robust,409.0000000000,410.7468041461,20.8797941889,0.0000000000,20.8797941889,309.6884521889,329.4967642026,329.4967642026,429.8797941889,442.6851152850,495.8933880532,0: optimal
2017-12-02 09:00:00,2017-12-02,LightGBM robust,408.0000000000,415.7648466231,13.5162347849,0.0000000000,13.5162347849,329.4967642026,342.3193903956,342.3193903956,421.5162347849,442.6851152850,495.8933880532,0: optimal
2017-12-02 10:00:00,2017-12-02,LightGBM robust,417.0000000000,419.8628284494,5.4848182987,0.0000000000,5.4848182987,342.3193903956,347.5227459085,347.5227459085,422.4848182987,442.6851152850,495.8933880532,0: optimal
2017-12-02 11:00:00,2017-12-02,LightGBM robust,421.0000000000,425.9390253980,0.0000000000,7.9522183684,-7.9522183684,347.5227459085,339.1403717434,339.1403717434,413.0477816316,442.6851152850,495.8933880532,0: optimal
2017-12-02 12:00:00,2017-12-02,LightGBM robust,418.0000000000,427.6438763713,0.0000000000,4.4861168814,-4.4861168814,339.1403717434,334.4115893451,334.4115893451,413.5138831186,442.6851152850,495.8933880532,0: optimal
2017-12-02 13:00:00,2017-12-02,LightGBM robust,420.0000000000,429.7397174993,1.6010888405,0.0000000000,1.6010888405,334.4115893451,335.9305155868,335.9305155868,421.6010888405,442.6851152850,495.8933880532,0: optimal
2017-12-02 14:00:00,2017-12-02,LightGBM robust,425.0000000000,432.4875411924,0.0000000000,3.7858191470,-3.7858191470,335.9305155868,331.9399118154,331.9399118154,421.2141808530,442.6851152850,495.8933880532,0: optimal
2017-12-02 15:00:00,2017-12-02,LightGBM robust,424.0000000000,432.2658400087,0.0000000000,7.9544461070,-7.9544461070,331.9399118154,323.5551894077,323.5551894077,416.0455538930,442.6851152850,495.8933880532,0: optimal
2017-12-02 16:00:00,2017-12-02,LightGBM robust,426.0000000000,433.5523570246,0.0000000000,4.8684357465,-4.8684357465,323.5551894077,318.4234075407,318.4234075407,421.1315642535,442.6851152850,495.8933880532,0: optimal
2017-12-02 17:00:00,2017-12-02,LightGBM robust,423.0000000000,432.7967535860,0.0000000000,3.8522725198,-3.8522725198,318.4234075407,314.3627557639,314.3627557639,419.1477274802,442.6851152850,495.8933880532,0: optimal
2017-12-02 18:00:00,2017-12-02,LightGBM robust,423.0000000000,428.7120635765,0.0000000000,0.4612170536,-0.4612170536,314.3627557639,313.8765903023,313.8765903023,422.5387829464,442.6851152850,495.8933880532,0: optimal
2017-12-02 19:00:00,2017-12-02,LightGBM robust,419.0000000000,425.0084352082,3.0625680092,0.0000000000,3.0625680092,313.8765903023,316.7819974218,316.7819974218,422.0625680092,442.6851152850,495.8933880532,0: optimal
2017-12-02 20:00:00,2017-12-02,LightGBM robust,416.0000000000,424.9529936596,5.9923599119,0.0000000000,5.9923599119,316.7819974218,322.4668491861,322.4668491861,421.9923599119,442.6851152850,495.8933880532,0: optimal
2017-12-02 21:00:00,2017-12-02,LightGBM robust,416.0000000000,419.9689256669,12.8776204951,0.0000000000,12.8776204951,322.4668491861,334.6836326684,334.6836326684,428.8776204951,442.6851152850,495.8933880532,0: optimal
2017-12-02 22:00:00,2017-12-02,LightGBM robust,409.0000000000,418.1298000892,16.1062784377,0.0000000000,16.1062784377,334.6836326684,349.9633900161,349.9633900161,425.1062784377,442.6851152850,495.8933880532,0: optimal
2017-12-02 23:00:00,2017-12-02,LightGBM robust,407.0000000000,414.2032175615,17.3138493920,0.0000000000,17.3138493920,349.9633900161,366.3887497592,366.3887497592,424.3138493920,442.6851152850,495.8933880532,0: optimal
2017-12-03 00:00:00,2017-12-03,LightGBM robust,407.0000000000,416.8239869434,10.3477995537,0.0000000000,10.3477995537,366.3887497592,376.2055343674,376.2055343674,417.3477995537,441.6993607387,528.0992662314,0: optimal
2017-12-03 01:00:00,2017-12-03,LightGBM robust,408.0000000000,415.6359648179,10.3612418081,0.0000000000,10.3612418081,376.2055343674,386.0350714178,386.0350714178,418.3612418081,441.6993607387,528.0992662314,0: optimal
2017-12-03 02:00:00,2017-12-03,LightGBM robust,411.0000000000,417.6152095104,0.0000000000,183.1943748796,-183.1943748796,386.0350714178,192.9312450344,192.9312450344,227.8056251204,441.6993607387,528.0992662314,0: optimal
2017-12-03 03:00:00,2017-12-03,LightGBM robust,410.0000000000,411.1107535937,15.1750420636,0.0000000000,15.1750420636,192.9312450344,207.3275539873,207.3275539873,425.1750420636,441.6993607387,528.0992662314,0: optimal
2017-12-03 04:00:00,2017-12-03,LightGBM robust,413.0000000000,409.7361015415,19.3058477228,0.0000000000,19.3058477228,207.3275539873,225.6426892766,225.6426892766,432.3058477228,441.6993607387,528.0992662314,0: optimal
2017-12-03 05:00:00,2017-12-03,LightGBM robust,410.0000000000,409.5094345106,18.0848776039,0.0000000000,18.0848776039,225.6426892766,242.7995106067,242.7995106067,428.0848776039,441.6993607387,528.0992662314,0: optimal
2017-12-03 06:00:00,2017-12-03,LightGBM robust,411.0000000000,408.3408589479,18.6580358039,0.0000000000,18.6580358039,242.7995106067,260.5000775483,260.5000775483,429.6580358039,441.6993607387,528.0992662314,0: optimal
2017-12-03 07:00:00,2017-12-03,LightGBM robust,410.0000000000,408.5663359828,18.5962879860,0.0000000000,18.5962879860,260.5000775483,278.1420653664,278.1420653664,428.5962879860,441.6993607387,528.0992662314,0: optimal
2017-12-03 08:00:00,2017-12-03,LightGBM robust,409.0000000000,408.0661022549,20.2631995686,0.0000000000,20.2631995686,278.1420653664,297.3654243622,297.3654243622,429.2631995686,441.6993607387,528.0992662314,0: optimal
2017-12-03 09:00:00,2017-12-03,LightGBM robust,411.0000000000,408.4478444594,17.5359404372,0.0000000000,17.5359404372,297.3654243622,314.0014781705,314.0014781705,428.5359404372,441.6993607387,528.0992662314,0: optimal
2017-12-03 10:00:00,2017-12-03,LightGBM robust,413.0000000000,409.7069468921,12.3434033446,0.0000000000,12.3434033446,314.0014781705,325.7114587647,325.7114587647,425.3434033446,441.6993607387,528.0992662314,0: optimal
2017-12-03 11:00:00,2017-12-03,LightGBM robust,414.0000000000,416.1535397267,0.0000000000,1.4640292086,-1.4640292086,325.7114587647,324.1682364780,324.1682364780,412.5359707914,441.6993607387,528.0992662314,0: optimal
2017-12-03 12:00:00,2017-12-03,LightGBM robust,419.0000000000,416.0777008312,3.7827621473,0.0000000000,3.7827621473,324.1682364780,327.7568797476,327.7568797476,422.7827621473,441.6993607387,528.0992662314,0: optimal
2017-12-03 13:00:00,2017-12-03,LightGBM robust,420.0000000000,418.4360692490,6.6599992637,0.0000000000,6.6599992637,327.7568797476,334.0751098141,334.0751098141,426.6599992637,441.6993607387,528.0992662314,0: optimal
2017-12-03 14:00:00,2017-12-03,LightGBM robust,424.0000000000,423.3785231415,0.0000000000,1.1349578328,-1.1349578328,334.0751098141,332.8787592141,332.8787592141,422.8650421672,441.6993607387,528.0992662314,0: optimal
2017-12-03 15:00:00,2017-12-03,LightGBM robust,432.0000000000,424.1445099146,0.0000000000,5.4780028100,-5.4780028100,332.8787592141,327.1044372446,327.1044372446,426.5219971900,441.6993607387,528.0992662314,0: optimal
2017-12-03 16:00:00,2017-12-03,LightGBM robust,431.0000000000,425.2198795944,0.0000000000,2.1808451134,-2.1808451134,327.1044372446,324.8056246505,324.8056246505,428.8191548866,441.6993607387,528.0992662314,0: optimal
2017-12-03 17:00:00,2017-12-03,LightGBM robust,430.0000000000,422.4562099407,0.8433843284,0.0000000000,0.8433843284,324.8056246505,325.6057292767,325.6057292767,430.8433843284,441.6993607387,528.0992662314,0: optimal
2017-12-03 18:00:00,2017-12-03,LightGBM robust,427.0000000000,422.0151312411,0.5908284848,0.0000000000,0.5908284848,325.6057292767,326.1662383922,326.1662383922,427.5908284848,441.6993607387,528.0992662314,0: optimal
2017-12-03 19:00:00,2017-12-03,LightGBM robust,429.0000000000,419.2942449918,5.5226588244,0.0000000000,5.5226588244,326.1662383922,331.4054925797,331.4054925797,434.5226588244,441.6993607387,528.0992662314,0: optimal
2017-12-03 20:00:00,2017-12-03,LightGBM robust,424.0000000000,415.4549192515,6.6631856469,0.0000000000,6.6631856469,331.4054925797,337.7267455148,337.7267455148,430.6631856469,441.6993607387,528.0992662314,0: optimal
2017-12-03 21:00:00,2017-12-03,LightGBM robust,418.0000000000,415.2707616115,9.3855872826,0.0000000000,9.3855872826,337.7267455148,346.6306954121,346.6306954121,427.3855872826,441.6993607387,528.0992662314,0: optimal
2017-12-03 22:00:00,2017-12-03,LightGBM robust,420.0000000000,415.0455526443,10.3632772096,0.0000000000,10.3632772096,346.6306954121,356.4621634139,356.4621634139,430.3632772096,441.6993607387,528.0992662314,0: optimal
2017-12-03 23:00:00,2017-12-03,LightGBM robust,418.0000000000,412.2262775334,10.4635407471,0.0000000000,10.4635407471,356.4621634139,366.3887497592,366.3887497592,428.4635407471,441.6993607387,528.0992662314,0: optimal
2017-12-04 00:00:00,2017-12-04,LightGBM robust,413.0000000000,412.1637511157,38.7515788239,0.0000000000,38.7515788239,366.3887497592,403.1517253625,403.1517253625,451.7515788239,459.3170176651,506.1508689578,0: optimal
2017-12-04 01:00:00,2017-12-04,LightGBM robust,412.0000000000,413.9445633064,35.8584700160,0.0000000000,35.8584700160,403.1517253625,437.1700569603,437.1700569603,447.8584700160,459.3170176651,506.1508689578,0: optimal
2017-12-04 02:00:00,2017-12-04,LightGBM robust,412.0000000000,413.1171778932,0.0000000000,183.1943748796,-183.1943748796,437.1700569603,244.0662305769,244.0662305769,228.8056251204,459.3170176651,506.1508689578,0: optimal
2017-12-04 03:00:00,2017-12-04,LightGBM robust,404.0000000000,410.4454887615,39.6461335921,0.0000000000,39.6461335921,244.0662305769,281.6778553480,281.6778553480,443.6461335921,459.3170176651,506.1508689578,0: optimal
2017-12-04 04:00:00,2017-12-04,LightGBM robust,396.0000000000,409.3491665671,43.4363261395,0.0000000000,43.4363261395,281.6778553480,322.8851724853,322.8851724853,439.4363261395,459.3170176651,506.1508689578,0: optimal
2017-12-04 05:00:00,2017-12-04,LightGBM robust,394.0000000000,411.0501361577,40.3500026533,0.0000000000,40.3500026533,322.8851724853,361.1645460787,361.1645460787,434.3500026533,459.3170176651,506.1508689578,0: optimal
2017-12-04 06:00:00,2017-12-04,LightGBM robust,398.0000000000,410.1424252108,40.6000129833,0.0000000000,40.6000129833,361.1645460787,399.6811002966,399.6811002966,438.6000129833,459.3170176651,506.1508689578,0: optimal
2017-12-04 07:00:00,2017-12-04,LightGBM robust,403.0000000000,415.1099144856,35.8585361795,0.0000000000,35.8585361795,399.6811002966,433.6994946627,433.6994946627,438.8585361795,459.3170176651,506.1508689578,0: optimal
2017-12-04 08:00:00,2017-12-04,LightGBM robust,407.0000000000,417.5735801224,33.1211215672,0.0000000000,33.1211215672,433.6994946627,465.1209495062,465.1209495062,440.1211215672,459.3170176651,506.1508689578,0: optimal
2017-12-04 09:00:00,2017-12-04,LightGBM robust,415.0000000000,426.1565250053,23.7653378558,0.0000000000,23.7653378558,465.1209495062,487.6667286025,487.6667286025,438.7653378558,459.3170176651,506.1508689578,0: optimal
2017-12-04 10:00:00,2017-12-04,LightGBM robust,435.0000000000,450.4044578551,0.0000000000,3.5306175402,-3.5306175402,487.6667286025,483.9451309445,483.9451309445,431.4693824598,459.3170176651,506.1508689578,0: optimal
2017-12-04 11:00:00,2017-12-04,LightGBM robust,447.0000000000,458.9785455104,0.0000000000,19.4655449141,-19.4655449141,483.9451309445,463.4266450029,463.4266450029,427.5344550859,459.3170176651,506.1508689578,0: optimal
2017-12-04 12:00:00,2017-12-04,LightGBM robust,457.0000000000,464.2469882966,0.0000000000,19.5630352399,-19.5630352399,463.4266450029,442.8053952348,442.8053952348,437.4369647601,459.3170176651,506.1508689578,0: optimal
2017-12-04 13:00:00,2017-12-04,LightGBM robust,462.0000000000,462.3774167084,0.0000000000,13.4755214993,-13.4755214993,442.8053952348,428.6009483693,428.6009483693,448.5244785007,459.3170176651,506.1508689578,0: optimal
2017-12-04 14:00:00,2017-12-04,LightGBM robust,463.0000000000,467.0678504812,0.0000000000,23.5782306151,-23.5782306151,428.6009483693,403.7473110558,403.7473110558,439.4217693849,459.3170176651,506.1508689578,0: optimal
2017-12-04 15:00:00,2017-12-04,LightGBM robust,463.0000000000,474.8389386577,0.0000000000,35.0107499251,-35.0107499251,403.7473110558,366.8427402713,366.8427402713,427.9892500749,459.3170176651,506.1508689578,0: optimal
2017-12-04 16:00:00,2017-12-04,LightGBM robust,462.0000000000,473.7287402122,0.0000000000,29.5280241032,-29.5280241032,366.8427402713,335.7174699478,335.7174699478,432.4719758968,459.3170176651,506.1508689578,0: optimal
2017-12-04 17:00:00,2017-12-04,LightGBM robust,465.0000000000,467.4426355764,0.0000000000,22.9813596792,-22.9813596792,335.7174699478,311.4929898432,311.4929898432,442.0186403208,459.3170176651,506.1508689578,0: optimal
2017-12-04 18:00:00,2017-12-04,LightGBM robust,460.0000000000,453.3573549602,0.0000000000,9.5897136063,-9.5897136063,311.4929898432,301.3845441416,301.3845441416,450.4102863937,459.3170176651,506.1508689578,0: optimal
2017-12-04 19:00:00,2017-12-04,LightGBM robust,450.0000000000,446.3996965154,0.7826071670,0.0000000000,0.7826071670,301.3845441416,302.1269904899,302.1269904899,450.7826071670,459.3170176651,506.1508689578,0: optimal
2017-12-04 20:00:00,2017-12-04,LightGBM robust,442.0000000000,437.7324414854,8.0626550985,0.0000000000,8.0626550985,302.1269904899,309.7758967198,309.7758967198,450.0626550985,459.3170176651,506.1508689578,0: optimal
2017-12-04 21:00:00,2017-12-04,LightGBM robust,437.0000000000,431.4459492704,16.8945208322,0.0000000000,16.8945208322,309.7758967198,325.8034464618,325.8034464618,453.8945208322,459.3170176651,506.1508689578,0: optimal
2017-12-04 22:00:00,2017-12-04,LightGBM robust,435.0000000000,428.5612130096,21.1687894578,0.0000000000,21.1687894578,325.8034464618,345.8859234604,345.8859234604,456.1687894578,459.3170176651,506.1508689578,0: optimal
2017-12-04 23:00:00,2017-12-04,LightGBM robust,432.0000000000,424.7549334409,21.6118765250,0.0000000000,21.6118765250,345.8859234604,366.3887497592,366.3887497592,453.6118765250,459.3170176651,506.1508689578,0: optimal
2017-12-05 00:00:00,2017-12-05,LightGBM robust,428.0000000000,418.8114664116,33.7357129930,0.0000000000,33.7357129930,366.3887497592,398.3932572235,398.3932572235,461.7357129930,468.9302659214,560.0836450197,0: optimal
2017-12-05 01:00:00,2017-12-05,LightGBM robust,427.0000000000,417.0368654371,35.8343088817,0.0000000000,35.8343088817,398.3932572235,432.3886675567,432.3886675567,462.8343088817,468.9302659214,560.0836450197,0: optimal
2017-12-05 02:00:00,2017-12-05,LightGBM robust,421.0000000000,419.9597856792,0.0000000000,183.1943748796,-183.1943748796,432.3886675567,239.2848411733,239.2848411733,237.8056251204,468.9302659214,560.0836450197,0: optimal
2017-12-05 03:00:00,2017-12-05,LightGBM robust,418.0000000000,417.3089963987,35.2477800211,0.0000000000,35.2477800211,239.2848411733,272.7238213727,272.7238213727,453.2477800211,468.9302659214,560.0836450197,0: optimal
2017-12-05 04:00:00,2017-12-05,LightGBM robust,412.0000000000,419.1633548254,35.8319243775,0.0000000000,35.8319243775,272.7238213727,306.7169695666,306.7169695666,447.8319243775,468.9302659214,560.0836450197,0: optimal
2017-12-05 05:00:00,2017-12-05,LightGBM robust,415.0000000000,414.3474191962,39.2625061109,0.0000000000,39.2625061109,306.7169695666,343.9646533536,343.9646533536,454.2625061109,468.9302659214,560.0836450197,0: optimal
2017-12-05 06:00:00,2017-12-05,LightGBM robust,409.0000000000,419.9556935436,34.1984331619,0.0000000000,34.1984331619,343.9646533536,376.4081357138,376.4081357138,443.1984331619,468.9302659214,560.0836450197,0: optimal
2017-12-05 07:00:00,2017-12-05,LightGBM robust,415.0000000000,417.5900515911,36.4766567309,0.0000000000,36.4766567309,376.4081357138,411.0129307231,411.0129307231,451.4766567309,468.9302659214,560.0836450197,0: optimal
2017-12-05 08:00:00,2017-12-05,LightGBM robust,415.0000000000,422.5647716108,32.6686145659,0.0000000000,32.6686145659,411.0129307231,442.0050997322,442.0050997322,447.6686145659,468.9302659214,560.0836450197,0: optimal
2017-12-05 09:00:00,2017-12-05,LightGBM robust,437.0000000000,430.5760550267,23.8844923215,0.0000000000,23.8844923215,442.0050997322,464.6639186801,464.6639186801,460.8844923215,468.9302659214,560.0836450197,0: optimal
2017-12-05 10:00:00,2017-12-05,LightGBM robust,444.0000000000,453.6579828413,0.0000000000,0.8376052222,-0.8376052222,464.6639186801,463.7810052526,463.7810052526,443.1623947778,468.9302659214,560.0836450197,0: optimal
2017-12-05 11:00:00,2017-12-05,LightGBM robust,459.0000000000,467.0288513548,0.0000000000,20.4989781243,-20.4989781243,463.7810052526,442.1731850597,442.1731850597,438.5010218757,468.9302659214,560.0836450197,0: optimal
2017-12-05 12:00:00,2017-12-05,LightGBM robust,465.0000000000,470.4134853220,0.0000000000,18.7126596310,-18.7126596310,442.1731850597,422.4483098886,422.4483098886,446.2873403690,468.9302659214,560.0836450197,0: optimal
2017-12-05 13:00:00,2017-12-05,LightGBM robust,469.0000000000,469.3481760599,0.0000000000,17.3480231940,-17.3480231940,422.4483098886,404.1618878238,404.1618878238,451.6519768060,468.9302659214,560.0836450197,0: optimal
2017-12-05 14:00:00,2017-12-05,LightGBM robust,467.0000000000,470.1821499513,0.0000000000,22.2131229774,-22.2131229774,404.1618878238,380.7472003058,380.7472003058,444.7868770226,468.9302659214,560.0836450197,0: optimal
2017-12-05 15:00:00,2017-12-05,LightGBM robust,468.0000000000,468.9813527447,0.0000000000,25.4026539144,-25.4026539144,380.7472003058,353.9704519783,353.9704519783,442.5973460856,468.9302659214,560.0836450197,0: optimal
2017-12-05 16:00:00,2017-12-05,LightGBM robust,470.0000000000,466.9644401320,0.0000000000,19.0132139253,-19.0132139253,353.9704519783,333.9287647637,333.9287647637,450.9867860747,468.9302659214,560.0836450197,0: optimal
2017-12-05 17:00:00,2017-12-05,LightGBM robust,471.0000000000,466.2483106928,0.0000000000,18.0365246981,-18.0365246981,333.9287647637,314.9165983904,314.9165983904,452.9634753019,468.9302659214,560.0836450197,0: optimal
2017-12-05 18:00:00,2017-12-05,LightGBM robust,466.0000000000,460.0889773378,0.0000000000,12.5708258863,-12.5708258863,314.9165983904,301.6657844337,301.6657844337,453.4291741137,468.9302659214,560.0836450197,0: optimal
2017-12-05 19:00:00,2017-12-05,LightGBM robust,451.0000000000,452.8603852763,0.0000000000,3.1312897344,-3.1312897344,301.6657844337,298.3651152422,298.3651152422,447.8687102656,468.9302659214,560.0836450197,0: optimal
2017-12-05 20:00:00,2017-12-05,LightGBM robust,445.0000000000,440.6208287315,11.1386826841,0.0000000000,11.1386826841,298.3651152422,308.9321974669,308.9321974669,456.1386826841,468.9302659214,560.0836450197,0: optimal
2017-12-05 21:00:00,2017-12-05,LightGBM robust,435.0000000000,434.1748477401,19.2546193918,0.0000000000,19.2546193918,308.9321974669,327.1987332942,327.1987332942,454.2546193918,468.9302659214,560.0836450197,0: optimal
2017-12-05 22:00:00,2017-12-05,LightGBM robust,427.0000000000,434.2229891103,20.6724359427,0.0000000000,20.6724359427,327.1987332942,346.8103280031,346.8103280031,447.6724359427,468.9302659214,560.0836450197,0: optimal
2017-12-05 23:00:00,2017-12-05,LightGBM robust,424.0000000000,431.6937562175,20.6374685802,0.0000000000,20.6374685802,346.8103280031,366.3887497592,366.3887497592,444.6374685802,468.9302659214,560.0836450197,0: optimal
2017-12-06 00:00:00,2017-12-06,LightGBM robust,421.0000000000,429.2944135840,24.7754110366,0.0000000000,24.7754110366,366.3887497592,389.8927684119,389.8927684119,445.7754110366,474.2166476020,609.2298585000,0: optimal
2017-12-06 01:00:00,2017-12-06,LightGBM robust,422.0000000000,427.7576812974,25.4447796305,0.0000000000,25.4447796305,389.8927684119,414.0318058699,414.0318058699,447.4447796305,474.2166476020,609.2298585000,0: optimal
2017-12-06 02:00:00,2017-12-06,LightGBM robust,417.0000000000,423.6492601258,0.0000000000,183.1943748796,-183.1943748796,414.0318058699,220.9279794865,220.9279794865,233.8056251204,474.2166476020,609.2298585000,0: optimal
2017-12-06 03:00:00,2017-12-06,LightGBM robust,415.0000000000,417.6197288875,35.8861479294,0.0000000000,35.8861479294,220.9279794865,254.9725686585,254.9725686585,450.8861479294,474.2166476020,609.2298585000,0: optimal
2017-12-06 04:00:00,2017-12-06,LightGBM robust,416.0000000000,415.1474518330,40.7925355547,0.0000000000,40.7925355547,254.9725686585,293.6717658243,293.6717658243,456.7925355547,474.2166476020,609.2298585000,0: optimal
2017-12-06 05:00:00,2017-12-06,LightGBM robust,416.0000000000,413.4861749279,42.9047704820,0.0000000000,42.9047704820,293.6717658243,334.3748049872,334.3748049872,458.9047704820,474.2166476020,609.2298585000,0: optimal
2017-12-06 06:00:00,2017-12-06,LightGBM robust,415.0000000000,412.7099700635,42.8665351793,0.0000000000,42.8665351793,334.3748049872,375.0415709572,375.0415709572,457.8665351793,474.2166476020,609.2298585000,0: optimal
2017-12-06 07:00:00,2017-12-06,LightGBM robust,418.0000000000,414.9660339914,39.4166711370,0.0000000000,39.4166711370,375.0415709572,412.4355085296,412.4355085296,457.4166711370,474.2166476020,609.2298585000,0: optimal
2017-12-06 08:00:00,2017-12-06,LightGBM robust,428.0000000000,416.9787108071,37.9343938489,0.0000000000,37.9343938489,412.4355085296,448.4232343957,448.4232343957,465.9343938489,474.2166476020,609.2298585000,0: optimal
2017-12-06 09:00:00,2017-12-06,LightGBM robust,430.0000000000,436.4189568255,13.1123534770,0.0000000000,13.1123534770,448.4232343957,460.8627051374,460.8627051374,443.1123534770,474.2166476020,609.2298585000,0: optimal
2017-12-06 10:00:00,2017-12-06,LightGBM robust,450.0000000000,448.6881681360,0.8313970469,0.0000000000,0.8313970469,460.8627051374,461.6514376299,461.6514376299,450.8313970469,474.2166476020,609.2298585000,0: optimal
2017-12-06 11:00:00,2017-12-06,LightGBM robust,463.0000000000,462.0120509147,0.0000000000,19.8533254504,-19.8533254504,461.6514376299,440.7241951126,440.7241951126,443.1466745496,474.2166476020,609.2298585000,0: optimal
2017-12-06 12:00:00,2017-12-06,LightGBM robust,468.0000000000,466.4813804855,0.0000000000,19.1517025609,-19.1517025609,440.7241951126,420.5365280584,420.5365280584,448.8482974391,474.2166476020,609.2298585000,0: optimal
2017-12-06 13:00:00,2017-12-06,LightGBM robust,467.0000000000,470.3875985615,0.0000000000,19.5007124417,-19.5007124417,420.5365280584,399.9809722878,399.9809722878,447.4992875583,474.2166476020,609.2298585000,0: optimal
2017-12-06 14:00:00,2017-12-06,LightGBM robust,472.0000000000,468.2945861797,0.0000000000,19.7132293110,-19.7132293110,399.9809722878,379.2014040678,379.2014040678,452.2867706890,474.2166476020,609.2298585000,0: optimal
2017-12-06 15:00:00,2017-12-06,LightGBM robust,475.0000000000,467.8468704645,0.0000000000,21.4871515314,-21.4871515314,379.2014040678,356.5519576450,356.5519576450,453.5128484686,474.2166476020,609.2298585000,0: optimal
2017-12-06 16:00:00,2017-12-06,LightGBM robust,471.0000000000,468.8120935101,0.0000000000,18.0798472007,-18.0798472007,356.5519576450,337.4941253444,337.4941253444,452.9201527993,474.2166476020,609.2298585000,0: optimal
2017-12-06 17:00:00,2017-12-06,LightGBM robust,468.0000000000,467.7900643788,0.0000000000,18.1526785498,-18.1526785498,337.4941253444,318.3595220610,318.3595220610,449.8473214502,474.2166476020,609.2298585000,0: optimal
2017-12-06 18:00:00,2017-12-06,LightGBM robust,457.0000000000,463.8402363087,0.0000000000,13.5410647543,-13.5410647543,318.3595220610,304.0859865385,304.0859865385,443.4589352457,474.2166476020,609.2298585000,0: optimal
2017-12-06 19:00:00,2017-12-06,LightGBM robust,449.0000000000,450.7779985710,0.0000000000,4.9395611180,-4.9395611180,304.0859865385,298.8792319470,298.8792319470,444.0604388820,474.2166476020,609.2298585000,0: optimal
2017-12-06 20:00:00,2017-12-06,LightGBM robust,438.0000000000,440.9872252845,7.4714736949,0.0000000000,7.4714736949,298.8792319470,305.9672942532,305.9672942532,445.4714736949,474.2166476020,609.2298585000,0: optimal
2017-12-06 21:00:00,2017-12-06,LightGBM robust,427.0000000000,433.6082131136,17.0057672841,0.0000000000,17.0057672841,305.9672942532,322.1003816462,322.1003816462,444.0057672841,474.2166476020,609.2298585000,0: optimal
2017-12-06 22:00:00,2017-12-06,LightGBM robust,421.0000000000,429.5203678089,22.4831449536,0.0000000000,22.4831449536,322.1003816462,343.4297657514,343.4297657514,443.4831449536,474.2166476020,609.2298585000,0: optimal
2017-12-06 23:00:00,2017-12-06,LightGBM robust,420.0000000000,424.8295182855,24.2008940760,0.0000000000,24.2008940760,343.4297657514,366.3887497592,366.3887497592,444.2008940760,474.2166476020,609.2298585000,0: optimal
2017-12-07 00:00:00,2017-12-07,LightGBM robust,415.0000000000,421.3954552028,28.2726361527,0.0000000000,28.2726361527,366.3887497592,393.2105274692,393.2105274692,443.2726361527,466.2611612064,555.7726990591,0: optimal
2017-12-07 01:00:00,2017-12-07,LightGBM robust,414.0000000000,420.7725012552,27.7574814047,0.0000000000,27.7574814047,393.2105274692,419.5435864738,419.5435864738,441.7574814047,466.2611612064,555.7726990591,0: optimal
2017-12-07 02:00:00,2017-12-07,LightGBM robust,410.0000000000,416.2670883322,0.0000000000,183.1943748796,-183.1943748796,419.5435864738,226.4397600903,226.4397600903,226.8056251204,466.2611612064,555.7726990591,0: optimal
2017-12-07 03:00:00,2017-12-07,LightGBM robust,409.0000000000,412.1606682527,36.6214322630,0.0000000000,36.6214322630,226.4397600903,261.1819012289,261.1819012289,445.6214322630,466.2611612064,555.7726990591,0: optimal
2017-12-07 04:00:00,2017-12-07,LightGBM robust,410.0000000000,411.6196112736,39.9186428491,0.0000000000,39.9186428491,261.1819012289,299.0520509807,299.0520509807,449.9186428491,466.2611612064,555.7726990591,0: optimal
2017-12-07 05:00:00,2017-12-07,LightGBM robust,409.0000000000,411.5753959378,39.6551136776,0.0000000000,39.6551136776,299.0520509807,336.6721950089,336.6721950089,448.6551136776,466.2611612064,555.7726990591,0: optimal
2017-12-07 06:00:00,2017-12-07,LightGBM robust,406.0000000000,411.3679609560,39.3291406693,0.0000000000,39.3291406693,336.6721950089,373.9830938886,373.9830938886,445.3291406693,466.2611612064,555.7726990591,0: optimal
2017-12-07 07:00:00,2017-12-07,LightGBM robust,411.0000000000,414.2479879739,35.4109408533,0.0000000000,35.4109408533,373.9830938886,407.5768620443,407.5768620443,446.4109408533,466.2611612064,555.7726990591,0: optimal
2017-12-07 08:00:00,2017-12-07,LightGBM robust,423.0000000000,424.2284766205,26.6336012370,0.0000000000,26.6336012370,407.5768620443,432.8437147048,432.8437147048,449.6336012370,466.2611612064,555.7726990591,0: optimal
2017-12-07 09:00:00,2017-12-07,LightGBM robust,436.0000000000,432.7870232732,14.3861954664,0.0000000000,14.3861954664,432.8437147048,446.4916580663,446.4916580663,450.3861954664,466.2611612064,555.7726990591,0: optimal
2017-12-07 10:00:00,2017-12-07,LightGBM robust,453.0000000000,447.6801819723,0.0000000000,4.4403978926,-4.4403978926,446.4916580663,441.8110677136,441.8110677136,448.5596021074,466.2611612064,555.7726990591,0: optimal
2017-12-07 11:00:00,2017-12-07,LightGBM robust,462.0000000000,456.8182744888,0.0000000000,20.9393301278,-20.9393301278,441.8110677136,419.7390757530,419.7390757530,441.0606698722,466.2611612064,555.7726990591,0: optimal
2017-12-07 12:00:00,2017-12-07,LightGBM robust,470.0000000000,462.7026796698,0.0000000000,21.6527828484,-21.6527828484,419.7390757530,396.9150385923,396.9150385923,448.3472171516,466.2611612064,555.7726990591,0: optimal
2017-12-07 13:00:00,2017-12-07,LightGBM robust,471.0000000000,462.2327468124,0.0000000000,14.6403734413,-14.6403734413,396.9150385923,381.4827299690,381.4827299690,456.3596265587,466.2611612064,555.7726990591,0: optimal
2017-12-07 14:00:00,2017-12-07,LightGBM robust,476.0000000000,463.8040755286,0.0000000000,21.5024997631,-21.5024997631,381.4827299690,358.8171050894,358.8171050894,454.4975002369,466.2611612064,555.7726990591,0: optimal
2017-12-07 15:00:00,2017-12-07,LightGBM robust,483.0000000000,470.3218367420,0.0000000000,30.2418989121,-30.2418989121,358.8171050894,326.9393446459,326.9393446459,452.7581010879,466.2611612064,555.7726990591,0: optimal
2017-12-07 16:00:00,2017-12-07,LightGBM robust,480.0000000000,466.1931186634,0.0000000000,21.7406534571,-21.7406534571,326.9393446459,304.0226837309,304.0226837309,458.2593465429,466.2611612064,555.7726990591,0: optimal
2017-12-07 17:00:00,2017-12-07,LightGBM robust,474.0000000000,462.5127952870,0.0000000000,17.7997702927,-17.7997702927,304.0226837309,285.2600784133,285.2600784133,456.2002297073,466.2611612064,555.7726990591,0: optimal
2017-12-07 18:00:00,2017-12-07,LightGBM robust,464.0000000000,452.5802914254,0.0000000000,8.5609009742,-8.5609009742,285.2600784133,276.2360964461,276.2360964461,455.4390990258,466.2611612064,555.7726990591,0: optimal
2017-12-07 19:00:00,2017-12-07,LightGBM robust,450.0000000000,443.9033327307,3.4463471195,0.0000000000,3.4463471195,276.2360964461,279.5055883977,279.5055883977,453.4463471195,466.2611612064,555.7726990591,0: optimal
2017-12-07 20:00:00,2017-12-07,LightGBM robust,437.0000000000,434.9159165204,13.5986223054,0.0000000000,13.5986223054,279.5055883977,292.4063742553,292.4063742553,450.5986223054,466.2611612064,555.7726990591,0: optimal
2017-12-07 21:00:00,2017-12-07,LightGBM robust,433.0000000000,427.4219762619,21.1931138283,0.0000000000,21.1931138283,292.4063742553,312.5119273779,312.5119273779,454.1931138283,466.2611612064,555.7726990591,0: optimal
2017-12-07 22:00:00,2017-12-07,LightGBM robust,425.0000000000,421.3293772590,28.9250245254,0.0000000000,28.9250245254,312.5119273779,339.9526150409,339.9526150409,453.9250245254,466.2611612064,555.7726990591,0: optimal
2017-12-07 23:00:00,2017-12-07,LightGBM robust,423.0000000000,418.7752972066,27.8661327470,0.0000000000,27.8661327470,339.9526150409,366.3887497592,366.3887497592,450.8661327470,466.2611612064,555.7726990591,0: optimal
2017-12-08 00:00:00,2017-12-08,LightGBM robust,420.0000000000,413.9151554932,25.8775908852,0.0000000000,25.8775908852,366.3887497592,390.9383880258,390.9383880258,445.8775908852,449.8067348012,501.9930496004,0: optimal
2017-12-08 01:00:00,2017-12-08,LightGBM robust,418.0000000000,412.4636228676,26.0570001853,0.0000000000,26.0570001853,390.9383880258,415.6582288989,415.6582288989,444.0570001853,449.8067348012,501.9930496004,0: optimal
2017-12-08 02:00:00,2017-12-08,LightGBM robust,414.0000000000,412.8403596795,0.0000000000,0.0000000000,0.0000000000,415.6582288989,415.6582288989,415.6582288989,414.0000000000,449.8067348012,501.9930496004,0: optimal
2017-12-08 03:00:00,2017-12-08,LightGBM robust,412.0000000000,409.1911463128,29.7156092257,0.0000000000,29.7156092257,415.6582288989,443.8489310628,443.8489310628,441.7156092257,449.8067348012,501.9930496004,0: optimal
2017-12-08 04:00:00,2017-12-08,LightGBM robust,410.0000000000,410.9843240190,30.7216680471,0.0000000000,30.7216680471,443.8489310628,472.9940644273,472.9940644273,440.7216680471,449.8067348012,501.9930496004,0: optimal
2017-12-08 05:00:00,2017-12-08,LightGBM robust,413.0000000000,410.5980739693,29.7225642011,0.0000000000,29.7225642011,472.9940644273,501.1913646601,501.1913646601,442.7225642011,449.8067348012,501.9930496004,0: optimal
2017-12-08 06:00:00,2017-12-08,LightGBM robust,413.0000000000,414.8597269077,26.1328549464,0.0000000000,26.1328549464,501.1913646601,525.9831676781,525.9831676781,439.1328549464,449.8067348012,501.9930496004,0: optimal
2017-12-08 07:00:00,2017-12-08,LightGBM robust,419.0000000000,410.2359405819,29.4500998138,0.0000000000,29.4500998138,525.9831676781,553.9219854974,553.9219854974,448.4500998138,449.8067348012,501.9930496004,0: optimal
2017-12-08 08:00:00,2017-12-08,LightGBM robust,421.0000000000,414.8106545175,25.1415518950,0.0000000000,25.1415518950,553.9219854974,577.7733558673,577.7733558673,446.1415518950,449.8067348012,501.9930496004,0: optimal
2017-12-08 09:00:00,2017-12-08,LightGBM robust,443.0000000000,425.2934442258,9.6539426879,0.0000000000,9.6539426879,577.7733558673,586.9318900556,586.9318900556,452.6539426879,449.8067348012,501.9930496004,0: optimal
2017-12-08 10:00:00,2017-12-08,LightGBM robust,454.0000000000,439.9945855882,0.0000000000,8.9806333345,-8.9806333345,586.9318900556,577.4654713330,577.4654713330,445.0193666655,449.8067348012,501.9930496004,0: optimal
2017-12-08 11:00:00,2017-12-08,LightGBM robust,470.0000000000,456.8520153547,0.0000000000,33.1989028196,-33.1989028196,577.4654713330,542.4707550901,542.4707550901,436.8010971804,449.8067348012,501.9930496004,0: optimal
2017-12-08 12:00:00,2017-12-08,LightGBM robust,469.0000000000,462.2060089706,0.0000000000,33.3819439751,-33.3819439751,542.4707550901,507.2830965283,507.2830965283,435.6180560249,449.8067348012,501.9930496004,0: optimal
2017-12-08 13:00:00,2017-12-08,LightGBM robust,473.0000000000,464.0622896546,0.0000000000,27.0551778092,-27.0551778092,507.2830965283,478.7644350690,478.7644350690,445.9448221908,449.8067348012,501.9930496004,0: optimal
2017-12-08 14:00:00,2017-12-08,LightGBM robust,477.0000000000,466.9496571767,0.0000000000,32.2699173395,-32.2699173395,478.7644350690,444.7489555029,444.7489555029,444.7300826605,449.8067348012,501.9930496004,0: optimal
2017-12-08 15:00:00,2017-12-08,LightGBM robust,479.0000000000,469.4528734751,0.0000000000,39.1634617816,-39.1634617816,444.7489555029,403.4670420740,403.4670420740,439.8365382184,449.8067348012,501.9930496004,0: optimal
2017-12-08 16:00:00,2017-12-08,LightGBM robust,483.0000000000,468.4980026512,0.0000000000,33.8360635813,-33.8360635813,403.4670420740,367.8006994169,367.8006994169,449.1639364187,449.8067348012,501.9930496004,0: optimal
2017-12-08 17:00:00,2017-12-08,LightGBM robust,474.0000000000,464.0014269117,0.0000000000,29.0789280537,-29.0789280537,367.8006994169,337.1488178950,337.1488178950,444.9210719463,449.8067348012,501.9930496004,0: optimal
2017-12-08 18:00:00,2017-12-08,LightGBM robust,458.0000000000,455.0562149383,0.0000000000,20.8273506236,-20.8273506236,337.1488178950,315.1948626958,315.1948626958,437.1726493764,449.8067348012,501.9930496004,0: optimal
2017-12-08 19:00:00,2017-12-08,LightGBM robust,444.0000000000,443.4960520103,0.0000000000,7.0562436051,-7.0562436051,315.1948626958,307.7569288568,307.7569288568,436.9437563949,449.8067348012,501.9930496004,0: optimal
2017-12-08 20:00:00,2017-12-08,LightGBM robust,431.0000000000,431.4917847526,6.9784395264,0.0000000000,6.9784395264,307.7569288568,314.3772578819,314.3772578819,437.9784395264,449.8067348012,501.9930496004,0: optimal
2017-12-08 21:00:00,2017-12-08,LightGBM robust,428.0000000000,425.1173050789,13.7032497937,0.0000000000,13.7032497937,314.3772578819,327.3773020902,327.3773020902,441.7032497937,449.8067348012,501.9930496004,0: optimal
2017-12-08 22:00:00,2017-12-08,LightGBM robust,424.0000000000,420.3883531015,19.5140309310,0.0000000000,19.5140309310,327.3773020902,345.8899373121,345.8899373121,443.5140309310,449.8067348012,501.9930496004,0: optimal
2017-12-08 23:00:00,2017-12-08,LightGBM robust,418.0000000000,415.5757269053,21.6076455538,0.0000000000,21.6076455538,345.8899373121,366.3887497592,366.3887497592,439.6076455538,449.8067348012,501.9930496004,0: optimal
2017-12-09 00:00:00,2017-12-09,LightGBM robust,414.0000000000,415.7113163832,14.8120211898,0.0000000000,14.8120211898,366.3887497592,380.4406668724,380.4406668724,428.8120211898,451.0843627672,581.8450191468,0: optimal
2017-12-09 01:00:00,2017-12-09,LightGBM robust,409.0000000000,416.8514766354,13.1625512506,0.0000000000,13.1625512506,380.4406668724,392.9277594036,392.9277594036,422.1625512506,451.0843627672,581.8450191468,0: optimal
2017-12-09 02:00:00,2017-12-09,LightGBM robust,409.0000000000,416.1136982985,0.0000000000,183.1943748796,-183.1943748796,392.9277594036,199.8239330201,199.8239330201,225.8056251204,451.0843627672,581.8450191468,0: optimal
2017-12-09 03:00:00,2017-12-09,LightGBM robust,410.0000000000,413.3707810570,16.3288489301,0.0000000000,16.3288489301,199.8239330201,215.3148392766,215.3148392766,426.3288489301,451.0843627672,581.8450191468,0: optimal
2017-12-09 04:00:00,2017-12-09,LightGBM robust,410.0000000000,413.4658570180,18.9276433221,0.0000000000,18.9276433221,215.3148392766,233.2711783677,233.2711783677,428.9276433221,451.0843627672,581.8450191468,0: optimal
2017-12-09 05:00:00,2017-12-09,LightGBM robust,409.0000000000,412.6861632230,18.3219832214,0.0000000000,18.3219832214,233.2711783677,250.6529378370,250.6529378370,427.3219832214,451.0843627672,581.8450191468,0: optimal
2017-12-09 06:00:00,2017-12-09,LightGBM robust,408.0000000000,411.0958010365,20.8976383093,0.0000000000,20.8976383093,250.6529378370,270.4781782698,270.4781782698,428.8976383093,451.0843627672,581.8450191468,0: optimal
2017-12-09 07:00:00,2017-12-09,LightGBM robust,407.0000000000,412.2932860014,19.5601905445,0.0000000000,19.5601905445,270.4781782698,289.0346043460,289.0346043460,426.5601905445,451.0843627672,581.8450191468,0: optimal
2017-12-09 08:00:00,2017-12-09,LightGBM robust,406.0000000000,414.3851587811,18.6349956195,0.0000000000,18.6349956195,289.0346043460,306.7133134494,306.7133134494,424.6349956195,451.0843627672,581.8450191468,0: optimal
2017-12-09 09:00:00,2017-12-09,LightGBM robust,410.0000000000,416.1965118861,14.4781255876,0.0000000000,14.4781255876,306.7133134494,320.4484693814,320.4484693814,424.4781255876,451.0843627672,581.8450191468,0: optimal
2017-12-09 10:00:00,2017-12-09,LightGBM robust,413.0000000000,420.1530298259,7.4735851016,0.0000000000,7.4735851016,320.4484693814,327.5385347438,327.5385347438,420.4735851016,451.0843627672,581.8450191468,0: optimal
2017-12-09 11:00:00,2017-12-09,LightGBM robust,415.0000000000,423.6981356589,0.0000000000,3.4323604501,-3.4323604501,327.5385347438,323.9205091529,323.9205091529,411.5676395499,451.0843627672,581.8450191468,0: optimal
2017-12-09 12:00:00,2017-12-09,LightGBM robust,421.0000000000,424.5330198279,0.9037078413,0.0000000000,0.9037078413,323.9205091529,324.7778416882,324.7778416882,421.9037078413,451.0843627672,581.8450191468,0: optimal
2017-12-09 13:00:00,2017-12-09,LightGBM robust,419.0000000000,427.1622331422,1.8317027223,0.0000000000,1.8317027223,324.7778416882,326.5155474678,326.5155474678,420.8317027223,451.0843627672,581.8450191468,0: optimal
2017-12-09 14:00:00,2017-12-09,LightGBM robust,425.0000000000,429.6414826488,0.0000000000,1.5976557670,-1.5976557670,326.5155474678,324.8314704210,324.8314704210,423.4023442330,451.0843627672,581.8450191468,0: optimal
2017-12-09 15:00:00,2017-12-09,LightGBM robust,431.0000000000,430.0360257169,0.0000000000,5.5692570392,-5.5692570392,324.8314704210,318.9609580480,318.9609580480,425.4307429608,451.0843627672,581.8450191468,0: optimal
2017-12-09 16:00:00,2017-12-09,LightGBM robust,432.0000000000,430.3219434724,0.0000000000,1.4826474183,-1.4826474183,318.9609580480,317.3981104450,317.3981104450,430.5173525817,451.0843627672,581.8450191468,0: optimal
2017-12-09 17:00:00,2017-12-09,LightGBM robust,430.0000000000,429.5746429777,0.0000000000,0.4747871355,-0.4747871355,317.3981104450,316.8976408610,316.8976408610,429.5252128645,451.0843627672,581.8450191468,0: optimal
2017-12-09 18:00:00,2017-12-09,LightGBM robust,423.0000000000,427.1198937335,0.0000000000,0.0000000000,0.0000000000,316.8976408610,316.8976408610,316.8976408610,423.0000000000,451.0843627672,581.8450191468,0: optimal
2017-12-09 19:00:00,2017-12-09,LightGBM robust,419.0000000000,424.9198986227,4.1317801409,0.0000000000,4.1317801409,316.8976408610,320.8173916719,320.8173916719,423.1317801409,451.0843627672,581.8450191468,0: optimal
2017-12-09 20:00:00,2017-12-09,LightGBM robust,416.0000000000,422.0876397166,6.5108433795,0.0000000000,6.5108433795,320.8173916719,326.9941200423,326.9941200423,422.5108433795,451.0843627672,581.8450191468,0: optimal
2017-12-09 21:00:00,2017-12-09,LightGBM robust,416.0000000000,418.0520656067,12.4476100800,0.0000000000,12.4476100800,326.9941200423,338.8029598258,338.8029598258,428.4476100800,451.0843627672,581.8450191468,0: optimal
2017-12-09 22:00:00,2017-12-09,LightGBM robust,413.0000000000,417.1073640127,14.7818440388,0.0000000000,14.7818440388,338.8029598258,352.8262483797,352.8262483797,427.7818440388,451.0843627672,581.8450191468,0: optimal
2017-12-09 23:00:00,2017-12-09,LightGBM robust,417.0000000000,414.8740647687,14.2961317094,0.0000000000,14.2961317094,352.8262483797,366.3887497592,366.3887497592,431.2961317094,451.0843627672,581.8450191468,0: optimal
2017-12-10 00:00:00,2017-12-10,LightGBM robust,413.0000000000,414.0971075447,15.1377124006,0.0000000000,15.1377124006,366.3887497592,380.7496446843,380.7496446843,428.1377124006,446.3983687518,544.5756786862,0: optimal
2017-12-10 01:00:00,2017-12-10,LightGBM robust,409.0000000000,415.9165720892,12.2319283260,0.0000000000,12.2319283260,380.7496446843,392.3538707901,392.3538707901,421.2319283260,446.3983687518,544.5756786862,0: optimal
2017-12-10 02:00:00,2017-12-10,LightGBM robust,407.0000000000,416.1219517350,0.0000000000,183.1943748796,-183.1943748796,392.3538707901,199.2500444067,199.2500444067,223.8056251204,446.3983687518,544.5756786862,0: optimal
2017-12-10 03:00:00,2017-12-10,LightGBM robust,408.0000000000,410.5155251666,17.8333039388,0.0000000000,17.8333039388,199.2500444067,216.1682020024,216.1682020024,425.8333039388,446.3983687518,544.5756786862,0: optimal
2017-12-10 04:00:00,2017-12-10,LightGBM robust,408.0000000000,412.0050369892,19.6778827543,0.0000000000,19.6778827543,216.1682020024,234.8362807124,234.8362807124,427.6778827543,446.3983687518,544.5756786862,0: optimal
2017-12-10 05:00:00,2017-12-10,LightGBM robust,406.0000000000,411.6679634665,19.6541945730,0.0000000000,19.6541945730,234.8362807124,253.4818868405,253.4818868405,425.6541945730,446.3983687518,544.5756786862,0: optimal
2017-12-10 06:00:00,2017-12-10,LightGBM robust,404.0000000000,410.4708770211,20.3708902251,0.0000000000,20.3708902251,253.4818868405,272.8074101634,272.8074101634,424.3708902251,446.3983687518,544.5756786862,0: optimal
2017-12-10 07:00:00,2017-12-10,LightGBM robust,404.0000000000,409.8508086706,19.3748487463,0.0000000000,19.3748487463,272.8074101634,291.1880055713,291.1880055713,423.3748487463,446.3983687518,544.5756786862,0: optimal
2017-12-10 08:00:00,2017-12-10,LightGBM robust,406.0000000000,416.3355208389,12.2776528701,0.0000000000,12.2776528701,291.1880055713,302.8356097885,302.8356097885,418.2776528701,446.3983687518,544.5756786862,0: optimal
2017-12-10 09:00:00,2017-12-10,LightGBM robust,408.0000000000,409.7215536938,15.2027608972,0.0000000000,15.2027608972,302.8356097885,317.2582151359,317.2582151359,423.2027608972,446.3983687518,544.5756786862,0: optimal
2017-12-10 10:00:00,2017-12-10,LightGBM robust,410.0000000000,411.1363055265,9.8545744047,0.0000000000,9.8545744047,317.2582151359,326.6070852831,326.6070852831,419.8545744047,446.3983687518,544.5756786862,0: optimal
2017-12-10 11:00:00,2017-12-10,LightGBM robust,416.0000000000,412.8210500548,0.8089901577,0.0000000000,0.8089901577,326.6070852831,327.3745607340,327.3745607340,416.8089901577,446.3983687518,544.5756786862,0: optimal
2017-12-10 12:00:00,2017-12-10,LightGBM robust,419.0000000000,416.5390197587,2.2619729142,0.0000000000,2.2619729142,327.3745607340,329.5204566584,329.5204566584,421.2619729142,446.3983687518,544.5756786862,0: optimal
2017-12-10 13:00:00,2017-12-10,LightGBM robust,418.0000000000,417.3852281157,8.0443033673,0.0000000000,8.0443033673,329.5204566584,337.1519529074,337.1519529074,426.0443033673,446.3983687518,544.5756786862,0: optimal
2017-12-10 14:00:00,2017-12-10,LightGBM robust,421.0000000000,421.8038125587,0.0000000000,0.3957206733,-0.3957206733,337.1519529074,336.7348266925,336.7348266925,420.6042793267,446.3983687518,544.5756786862,0: optimal
2017-12-10 15:00:00,2017-12-10,LightGBM robust,425.0000000000,425.7760792694,0.0000000000,7.9450455881,-7.9450455881,336.7348266925,328.3600133018,328.3600133018,417.0549544119,446.3983687518,544.5756786862,0: optimal
2017-12-10 16:00:00,2017-12-10,LightGBM robust,429.0000000000,424.7149926682,0.0000000000,2.5114316105,-2.5114316105,328.3600133018,325.7127319428,325.7127319428,426.4885683895,446.3983687518,544.5756786862,0: optimal
2017-12-10 17:00:00,2017-12-10,LightGBM robust,426.0000000000,429.0847403485,0.0000000000,6.6206195027,-6.6206195027,325.7127319428,318.7339862262,318.7339862262,419.3793804973,446.3983687518,544.5756786862,0: optimal
2017-12-10 18:00:00,2017-12-10,LightGBM robust,426.0000000000,424.1159016387,0.0000000000,2.3454153361,-2.3454153361,318.7339862262,316.2617013859,316.2617013859,423.6545846639,446.3983687518,544.5756786862,0: optimal
2017-12-10 19:00:00,2017-12-10,LightGBM robust,427.0000000000,420.8659165521,4.2348591496,0.0000000000,4.2348591496,316.2617013859,320.2792415307,320.2792415307,431.2348591496,446.3983687518,544.5756786862,0: optimal
2017-12-10 20:00:00,2017-12-10,LightGBM robust,423.0000000000,417.0637802307,10.2405709873,0.0000000000,10.2405709873,320.2792415307,329.9943001888,329.9943001888,433.2405709873,446.3983687518,544.5756786862,0: optimal
2017-12-10 21:00:00,2017-12-10,LightGBM robust,422.0000000000,415.6190657960,10.7471201457,0.0000000000,10.7471201457,329.9943001888,340.1899135732,340.1899135732,432.7471201457,446.3983687518,544.5756786862,0: optimal
2017-12-10 22:00:00,2017-12-10,LightGBM robust,421.0000000000,414.2564521755,14.7877620009,0.0000000000,14.7877620009,340.1899135732,354.2188163990,354.2188163990,435.7877620009,446.3983687518,544.5756786862,0: optimal
2017-12-10 23:00:00,2017-12-10,LightGBM robust,415.0000000000,413.4969664729,12.8282361302,0.0000000000,12.8282361302,354.2188163990,366.3887497592,366.3887497592,427.8282361302,446.3983687518,544.5756786862,0: optimal
2017-12-11 00:00:00,2017-12-11,LightGBM robust,413.0000000000,413.6475052907,38.6585612943,0.0000000000,38.6585612943,366.3887497592,403.0634811858,403.0634811858,451.6585612943,463.4528369293,510.0628711772,0: optimal
2017-12-11 01:00:00,2017-12-11,LightGBM robust,414.0000000000,414.7799796685,37.8500818307,0.0000000000,37.8500818307,403.0634811858,438.9712216484,438.9712216484,451.8500818307,463.4528369293,510.0628711772,0: optimal
2017-12-11 02:00:00,2017-12-11,LightGBM robust,409.0000000000,414.2319595892,0.0000000000,183.1943748796,-183.1943748796,438.9712216484,245.8673952650,245.8673952650,225.8056251204,463.4528369293,510.0628711772,0: optimal
2017-12-11 03:00:00,2017-12-11,LightGBM robust,410.0000000000,411.6378695325,40.6777940678,0.0000000000,40.6777940678,245.8673952650,284.4577390987,284.4577390987,450.6777940678,463.4528369293,510.0628711772,0: optimal
2017-12-11 04:00:00,2017-12-11,LightGBM robust,404.0000000000,411.0450442419,43.1311851102,0.0000000000,43.1311851102,284.4577390987,325.3755740379,325.3755740379,447.1311851102,463.4528369293,510.0628711772,0: optimal
2017-12-11 05:00:00,2017-12-11,LightGBM robust,405.0000000000,418.0423960620,35.5817839955,0.0000000000,35.5817839955,325.3755740379,359.1314182292,359.1314182292,440.5817839955,463.4528369293,510.0628711772,0: optimal
2017-12-11 06:00:00,2017-12-11,LightGBM robust,407.0000000000,412.8762557723,41.0066414532,0.0000000000,41.0066414532,359.1314182292,398.0337340851,398.0337340851,448.0066414532,463.4528369293,510.0628711772,0: optimal
2017-12-11 07:00:00,2017-12-11,LightGBM robust,409.0000000000,416.5352084482,37.2602703938,0.0000000000,37.2602703938,398.0337340851,433.3819302885,433.3819302885,446.2602703938,463.4528369293,510.0628711772,0: optimal
2017-12-11 08:00:00,2017-12-11,LightGBM robust,416.0000000000,425.6658509793,27.5898973203,0.0000000000,27.5898973203,433.3819302885,459.5560050712,459.5560050712,443.5898973203,463.4528369293,510.0628711772,0: optimal
2017-12-11 09:00:00,2017-12-11,LightGBM robust,427.0000000000,432.4444497662,20.6116415849,0.0000000000,20.6116415849,459.5560050712,479.1099251882,479.1099251882,447.6116415849,463.4528369293,510.0628711772,0: optimal
2017-12-11 10:00:00,2017-12-11,LightGBM robust,441.0000000000,453.0693947677,0.2213421390,0.0000000000,0.2213421390,479.1099251882,479.3199087787,479.3199087787,441.2213421390,463.4528369293,510.0628711772,0: optimal
2017-12-11 11:00:00,2017-12-11,LightGBM robust,462.0000000000,462.4207244227,0.0000000000,15.4852152647,-15.4852152647,479.3199087787,462.9970586805,462.9970586805,446.5147847353,463.4528369293,510.0628711772,0: optimal
2017-12-11 12:00:00,2017-12-11,LightGBM robust,468.0000000000,467.1684270143,0.0000000000,15.0619653959,-15.0619653959,462.9970586805,447.1203531173,447.1203531173,452.9380346041,463.4528369293,510.0628711772,0: optimal
2017-12-11 13:00:00,2017-12-11,LightGBM robust,469.0000000000,468.6681196633,0.0000000000,17.3608929744,-17.3608929744,447.1203531173,428.8203651127,428.8203651127,451.6391070256,463.4528369293,510.0628711772,0: optimal
2017-12-11 14:00:00,2017-12-11,LightGBM robust,469.0000000000,471.0522576576,0.0000000000,24.4284093015,-24.4284093015,428.8203651127,403.0705607769,403.0705607769,444.5715906985,463.4528369293,510.0628711772,0: optimal
2017-12-11 15:00:00,2017-12-11,LightGBM robust,468.0000000000,474.7188786425,0.0000000000,32.4853584300,-32.4853584300,403.0705607769,368.8279863616,368.8279863616,435.5146415700,463.4528369293,510.0628711772,0: optimal
2017-12-11 16:00:00,2017-12-11,LightGBM robust,467.0000000000,476.8004972690,0.0000000000,30.1944496802,-30.1944496802,368.8279863616,337.0002418000,337.0002418000,436.8055503198,463.4528369293,510.0628711772,0: optimal
2017-12-11 17:00:00,2017-12-11,LightGBM robust,467.0000000000,471.0273317575,0.0000000000,24.1607243806,-24.1607243806,337.0002418000,311.5326021459,311.5326021459,442.8392756194,463.4528369293,510.0628711772,0: optimal
2017-12-11 18:00:00,2017-12-11,LightGBM robust,456.0000000000,457.5726631693,0.0000000000,11.3996903356,-11.3996903356,311.5326021459,299.5162734521,299.5162734521,444.6003096644,463.4528369293,510.0628711772,0: optimal
2017-12-11 19:00:00,2017-12-11,LightGBM robust,451.0000000000,448.9629144331,0.7804358592,0.0000000000,0.7804358592,299.5162734521,300.2566599170,300.2566599170,451.7804358592,463.4528369293,510.0628711772,0: optimal
2017-12-11 20:00:00,2017-12-11,LightGBM robust,440.0000000000,437.1279942888,11.2281489051,0.0000000000,11.2281489051,300.2566599170,310.9086172512,310.9086172512,451.2281489051,463.4528369293,510.0628711772,0: optimal
2017-12-11 21:00:00,2017-12-11,LightGBM robust,428.0000000000,434.5453365149,16.2233359578,0.0000000000,16.2233359578,310.9086172512,326.2994251131,326.2994251131,444.2233359578,463.4528369293,510.0628711772,0: optimal
2017-12-11 22:00:00,2017-12-11,LightGBM robust,429.0000000000,432.1443771016,20.0138277360,0.0000000000,20.0138277360,326.2994251131,345.2862092163,345.2862092163,449.0138277360,463.4528369293,510.0628711772,0: optimal
2017-12-11 23:00:00,2017-12-11,LightGBM robust,419.0000000000,426.5509814922,22.2440308439,0.0000000000,22.2440308439,345.2862092163,366.3887497592,366.3887497592,441.2440308439,463.4528369293,510.0628711772,0: optimal
2017-12-12 00:00:00,2017-12-12,LightGBM robust,417.0000000000,419.3120857021,33.6266484562,0.0000000000,33.6266484562,366.3887497592,398.2897895190,398.2897895190,450.6266484562,465.3848420645,526.2605587849,0: optimal
2017-12-12 01:00:00,2017-12-12,LightGBM robust,415.0000000000,417.8016363793,34.6277880921,0.0000000000,34.6277880921,398.2897895190,431.1405937304,431.1405937304,449.6277880921,465.3848420645,526.2605587849,0: optimal
2017-12-12 02:00:00,2017-12-12,LightGBM robust,412.0000000000,416.6382383243,0.0000000000,183.1943748796,-183.1943748796,431.1405937304,238.0367673470,238.0367673470,228.8056251204,465.3848420645,526.2605587849,0: optimal
2017-12-12 03:00:00,2017-12-12,LightGBM robust,410.0000000000,413.5245203665,38.5905062059,0.0000000000,38.5905062059,238.0367673470,274.6469360479,274.6469360479,448.5905062059,465.3848420645,526.2605587849,0: optimal
2017-12-12 04:00:00,2017-12-12,LightGBM robust,408.0000000000,413.2155667501,41.5933301754,0.0000000000,41.5933301754,274.6469360479,314.1058336956,314.1058336956,449.5933301754,465.3848420645,526.2605587849,0: optimal
2017-12-12 05:00:00,2017-12-12,LightGBM robust,406.0000000000,412.7570697013,40.6664733284,0.0000000000,40.6664733284,314.1058336956,352.6854377329,352.6854377329,446.6664733284,465.3848420645,526.2605587849,0: optimal
2017-12-12 06:00:00,2017-12-12,LightGBM robust,406.0000000000,412.1255235093,41.8422209188,0.0000000000,41.8422209188,352.6854377329,392.3804538719,392.3804538719,447.8422209188,465.3848420645,526.2605587849,0: optimal
2017-12-12 07:00:00,2017-12-12,LightGBM robust,408.0000000000,415.5458082647,37.4460466193,0.0000000000,37.4460466193,392.3804538719,427.9048928776,427.9048928776,445.4460466193,465.3848420645,526.2605587849,0: optimal
2017-12-12 08:00:00,2017-12-12,LightGBM robust,421.0000000000,422.0964501911,31.3505527275,0.0000000000,31.3505527275,427.9048928776,457.6466386348,457.6466386348,452.3505527275,465.3848420645,526.2605587849,0: optimal
2017-12-12 09:00:00,2017-12-12,LightGBM robust,433.0000000000,437.0259360616,11.0243557114,0.0000000000,11.0243557114,457.6466386348,468.1052607700,468.1052607700,444.0243557114,465.3848420645,526.2605587849,0: optimal
2017-12-12 10:00:00,2017-12-12,LightGBM robust,446.0000000000,450.2310723870,0.0000000000,5.2196331857,-5.2196331857,468.1052607700,462.6032842975,462.6032842975,440.7803668143,465.3848420645,526.2605587849,0: optimal
2017-12-12 11:00:00,2017-12-12,LightGBM robust,459.0000000000,467.7195188832,0.0000000000,30.0689194006,-30.0689194006,462.6032842975,430.9078602689,430.9078602689,428.9310805994,465.3848420645,526.2605587849,0: optimal
2017-12-12 12:00:00,2017-12-12,LightGBM robust,464.0000000000,469.5636963956,0.0000000000,26.7421444526,-26.7421444526,430.9078602689,402.7191649397,402.7191649397,437.2578555474,465.3848420645,526.2605587849,0: optimal
2017-12-12 13:00:00,2017-12-12,LightGBM robust,468.0000000000,469.8235762407,0.0000000000,18.8982768128,-18.8982768128,402.7191649397,382.7986320794,382.7986320794,449.1017231872,465.3848420645,526.2605587849,0: optimal
2017-12-12 14:00:00,2017-12-12,LightGBM robust,465.0000000000,469.4325117554,0.0000000000,23.1905906603,-23.1905906603,382.7986320794,358.3536031557,358.3536031557,441.8094093397,465.3848420645,526.2605587849,0: optimal
2017-12-12 15:00:00,2017-12-12,LightGBM robust,463.0000000000,466.6444523256,0.0000000000,24.7928593741,-24.7928593741,358.3536031557,332.2196347122,332.2196347122,438.2071406259,465.3848420645,526.2605587849,0: optimal
2017-12-12 16:00:00,2017-12-12,LightGBM robust,461.0000000000,465.7438144061,0.0000000000,19.5196940783,-19.5196940783,332.2196347122,311.6440705399,311.6440705399,441.4803059217,465.3848420645,526.2605587849,0: optimal
2017-12-12 17:00:00,2017-12-12,LightGBM robust,459.0000000000,464.9776535494,0.0000000000,18.4929734334,-18.4929734334,311.6440705399,292.1507649537,292.1507649537,440.5070265666,465.3848420645,526.2605587849,0: optimal
2017-12-12 18:00:00,2017-12-12,LightGBM robust,456.0000000000,455.5908830218,0.0000000000,9.7998374491,-9.7998374491,292.1507649537,281.8208292741,281.8208292741,446.2001625509,465.3848420645,526.2605587849,0: optimal
2017-12-12 19:00:00,2017-12-12,LightGBM robust,446.0000000000,448.7411593338,0.0000000000,0.0000000000,0.0000000000,281.8208292741,281.8208292741,281.8208292741,446.0000000000,465.3848420645,526.2605587849,0: optimal
2017-12-12 20:00:00,2017-12-12,LightGBM robust,436.0000000000,438.5086824262,12.0786360045,0.0000000000,12.0786360045,281.8208292741,293.2796295148,293.2796295148,448.0786360045,465.3848420645,526.2605587849,0: optimal
2017-12-12 21:00:00,2017-12-12,LightGBM robust,432.0000000000,430.3768517139,21.8804224329,0.0000000000,21.8804224329,293.2796295148,314.0372208312,314.0372208312,453.8804224329,465.3848420645,526.2605587849,0: optimal
2017-12-12 22:00:00,2017-12-12,LightGBM robust,429.0000000000,429.1622013613,24.6583702536,0.0000000000,24.6583702536,314.0372208312,337.4302048480,337.4302048480,453.6583702536,465.3848420645,526.2605587849,0: optimal
2017-12-12 23:00:00,2017-12-12,LightGBM robust,420.0000000000,420.6340452648,30.5249865479,0.0000000000,30.5249865479,337.4302048480,366.3887497592,366.3887497592,450.5249865479,465.3848420645,526.2605587849,0: optimal
2017-12-13 00:00:00,2017-12-13,LightGBM robust,419.0000000000,416.3199994805,32.7758738062,0.0000000000,32.7758738062,366.3887497592,397.4826738182,397.4826738182,451.7758738062,459.1914357177,505.5396343673,0: optimal
2017-12-13 01:00:00,2017-12-13,LightGBM robust,409.0000000000,415.1720312156,30.6146481954,0.0000000000,30.6146481954,397.4826738182,426.5262792369,426.5262792369,439.6146481954,459.1914357177,505.5396343673,0: optimal
2017-12-13 02:00:00,2017-12-13,LightGBM robust,410.0000000000,414.2086177332,0.0000000000,183.1943748796,-183.1943748796,426.5262792369,233.4224528534,233.4224528534,226.8056251204,459.1914357177,505.5396343673,0: optimal
2017-12-13 03:00:00,2017-12-13,LightGBM robust,409.0000000000,412.8252278782,36.2802424238,0.0000000000,36.2802424238,233.4224528534,267.8409128901,267.8409128901,445.2802424238,459.1914357177,505.5396343673,0: optimal
2017-12-13 04:00:00,2017-12-13,LightGBM robust,407.0000000000,410.6872220317,40.6709472579,0.0000000000,40.6709472579,267.8409128901,306.4247612695,306.4247612695,447.6709472579,459.1914357177,505.5396343673,0: optimal
2017-12-13 05:00:00,2017-12-13,LightGBM robust,407.0000000000,414.8058428934,35.6081438658,0.0000000000,35.6081438658,306.4247612695,340.2056126296,340.2056126296,442.6081438658,459.1914357177,505.5396343673,0: optimal
2017-12-13 06:00:00,2017-12-13,LightGBM robust,406.0000000000,414.1024004712,36.5423586063,0.0000000000,36.5423586063,340.2056126296,374.8727379108,374.8727379108,442.5423586063,459.1914357177,505.5396343673,0: optimal
2017-12-13 07:00:00,2017-12-13,LightGBM robust,410.0000000000,410.7686715882,38.0460446289,0.0000000000,38.0460446289,374.8727379108,410.9663850071,410.9663850071,448.0460446289,459.1914357177,505.5396343673,0: optimal
2017-12-13 08:00:00,2017-12-13,LightGBM robust,417.0000000000,418.5394357675,30.5414464664,0.0000000000,30.5414464664,410.9663850071,439.9405451681,439.9405451681,447.5414464664,459.1914357177,505.5396343673,0: optimal
2017-12-13 09:00:00,2017-12-13,LightGBM robust,424.0000000000,432.8235483397,8.3722216047,0.0000000000,8.3722216047,439.9405451681,447.8831319721,447.8831319721,432.3722216047,459.1914357177,505.5396343673,0: optimal
2017-12-13 10:00:00,2017-12-13,LightGBM robust,441.0000000000,441.4221000603,0.0000000000,4.1597647758,-4.1597647758,447.8831319721,443.4983548980,443.4983548980,436.8402352242,459.1914357177,505.5396343673,0: optimal
2017-12-13 11:00:00,2017-12-13,LightGBM robust,459.0000000000,454.7849418882,0.0000000000,24.8834463223,-24.8834463223,443.4983548980,417.2688994270,417.2688994270,434.1165536777,459.1914357177,505.5396343673,0: optimal
2017-12-13 12:00:00,2017-12-13,LightGBM robust,469.0000000000,459.0385873961,0.0000000000,23.9661393698,-23.9661393698,417.2688994270,392.0063703838,392.0063703838,445.0338606302,459.1914357177,505.5396343673,0: optimal
2017-12-13 13:00:00,2017-12-13,LightGBM robust,473.0000000000,463.1256415210,0.0000000000,19.8701466449,-19.8701466449,392.0063703838,371.0613967707,371.0613967707,453.1298533551,459.1914357177,505.5396343673,0: optimal
2017-12-13 14:00:00,2017-12-13,LightGBM robust,470.0000000000,460.3990578726,0.0000000000,18.5232574623,-18.5232574623,371.0613967707,351.5361690152,351.5361690152,451.4767425377,459.1914357177,505.5396343673,0: optimal
2017-12-13 15:00:00,2017-12-13,LightGBM robust,477.0000000000,458.2139587389,0.0000000000,17.8311984565,-17.8311984565,351.5361690152,332.7404355042,332.7404355042,459.1688015435,459.1914357177,505.5396343673,0: optimal
2017-12-13 16:00:00,2017-12-13,LightGBM robust,468.0000000000,457.0225994606,0.0000000000,15.2199646096,-15.2199646096,332.7404355042,316.6971841464,316.6971841464,452.7800353904,459.1914357177,505.5396343673,0: optimal
2017-12-13 17:00:00,2017-12-13,LightGBM robust,467.0000000000,455.5895887443,0.0000000000,12.6577593735,-12.6577593735,316.6971841464,303.3547342481,303.3547342481,454.3422406265,459.1914357177,505.5396343673,0: optimal
2017-12-13 18:00:00,2017-12-13,LightGBM robust,463.0000000000,453.4951077840,0.0000000000,9.1728948804,-9.1728948804,303.3547342481,293.6856540617,293.6856540617,453.8271051196,459.1914357177,505.5396343673,0: optimal
2017-12-13 19:00:00,2017-12-13,LightGBM robust,447.0000000000,443.9602263017,1.6082579249,0.0000000000,1.6082579249,293.6856540617,295.2113814940,295.2113814940,448.6082579249,459.1914357177,505.5396343673,0: optimal
2017-12-13 20:00:00,2017-12-13,LightGBM robust,432.0000000000,434.5121788989,10.6031096601,0.0000000000,10.6031096601,295.2113814940,305.2703745360,305.2703745360,442.6031096601,459.1914357177,505.5396343673,0: optimal
2017-12-13 21:00:00,2017-12-13,LightGBM robust,427.0000000000,429.9865501999,17.0299309498,0.0000000000,17.0299309498,305.2703745360,321.4263855950,321.4263855950,444.0299309498,459.1914357177,505.5396343673,0: optimal
2017-12-13 22:00:00,2017-12-13,LightGBM robust,428.0000000000,427.4043987123,21.0016148022,0.0000000000,21.0016148022,321.4263855950,341.3502667899,341.3502667899,449.0016148022,459.1914357177,505.5396343673,0: optimal
2017-12-13 23:00:00,2017-12-13,LightGBM robust,422.0000000000,419.2941234950,26.3928784461,0.0000000000,26.3928784461,341.3502667899,366.3887497592,366.3887497592,448.3928784461,459.1914357177,505.5396343673,0: optimal
2017-12-14 00:00:00,2017-12-14,LightGBM robust,416.0000000000,416.0176222077,30.7728324162,0.0000000000,30.7728324162,366.3887497592,395.5824219061,395.5824219061,446.7728324162,460.1174876388,550.1290645099,0: optimal
2017-12-14 01:00:00,2017-12-14,LightGBM robust,411.0000000000,414.3751003571,31.1432309413,0.0000000000,31.1432309413,395.5824219061,425.1274849475,425.1274849475,442.1432309413,460.1174876388,550.1290645099,0: optimal
2017-12-14 02:00:00,2017-12-14,LightGBM robust,410.0000000000,411.1055588511,0.0000000000,183.1943748796,-183.1943748796,425.1274849475,232.0236585640,232.0236585640,226.8056251204,460.1174876388,550.1290645099,0: optimal
2017-12-14 03:00:00,2017-12-14,LightGBM robust,407.0000000000,410.4957662453,34.5842222591,0.0000000000,34.5842222591,232.0236585640,264.8331325973,264.8331325973,441.5842222591,460.1174876388,550.1290645099,0: optimal
2017-12-14 04:00:00,2017-12-14,LightGBM robust,405.0000000000,409.0915752735,39.5690421175,0.0000000000,39.5690421175,264.8331325973,302.3716219741,302.3716219741,444.5690421175,460.1174876388,550.1290645099,0: optimal
2017-12-14 05:00:00,2017-12-14,LightGBM robust,405.0000000000,407.4664095227,39.8088539726,0.0000000000,39.8088539726,302.3716219741,340.1376168524,340.1376168524,444.8088539726,460.1174876388,550.1290645099,0: optimal
2017-12-14 06:00:00,2017-12-14,LightGBM robust,407.0000000000,412.5684505865,35.2510143071,0.0000000000,35.2510143071,340.1376168524,373.5796653649,373.5796653649,442.2510143071,460.1174876388,550.1290645099,0: optimal
2017-12-14 07:00:00,2017-12-14,LightGBM robust,410.0000000000,409.4425681952,35.4233496272,0.0000000000,35.4233496272,373.5796653649,407.1852055173,407.1852055173,445.4233496272,460.1174876388,550.1290645099,0: optimal
2017-12-14 08:00:00,2017-12-14,LightGBM robust,414.0000000000,412.3614786506,33.4484238712,0.0000000000,33.4484238712,407.1852055173,438.9171665900,438.9171665900,447.4484238712,460.1174876388,550.1290645099,0: optimal
2017-12-14 09:00:00,2017-12-14,LightGBM robust,425.0000000000,424.4989627846,18.9654228103,0.0000000000,18.9654228103,438.9171665900,456.9093464506,456.9093464506,443.9654228103,460.1174876388,550.1290645099,0: optimal
2017-12-14 10:00:00,2017-12-14,LightGBM robust,444.0000000000,437.2145384887,2.9104835468,0.0000000000,2.9104835468,456.9093464506,459.6704735807,459.6704735807,446.9104835468,460.1174876388,550.1290645099,0: optimal
2017-12-14 11:00:00,2017-12-14,LightGBM robust,462.0000000000,451.1687017971,0.0000000000,18.4045194803,-18.4045194803,459.6704735807,440.2704066479,440.2704066479,443.5954805197,460.1174876388,550.1290645099,0: optimal
2017-12-14 12:00:00,2017-12-14,LightGBM robust,466.0000000000,459.6058689141,0.0000000000,21.6707341369,-21.6707341369,440.2704066479,417.4274471677,417.4274471677,444.3292658631,460.1174876388,550.1290645099,0: optimal
2017-12-14 13:00:00,2017-12-14,LightGBM robust,468.0000000000,463.4340799430,0.0000000000,20.6347175766,-20.6347175766,417.4274471677,395.6765450289,395.6765450289,447.3652824234,460.1174876388,550.1290645099,0: optimal
2017-12-14 14:00:00,2017-12-14,LightGBM robust,471.0000000000,460.6113102876,0.0000000000,18.0968781265,-18.0968781265,395.6765450289,376.6007605561,376.6007605561,452.9031218735,460.1174876388,550.1290645099,0: optimal
2017-12-14 15:00:00,2017-12-14,LightGBM robust,468.0000000000,466.9598487846,0.0000000000,26.6670545590,-26.6670545590,376.6007605561,348.4912169246,348.4912169246,441.3329454410,460.1174876388,550.1290645099,0: optimal
2017-12-14 16:00:00,2017-12-14,LightGBM robust,465.0000000000,462.4305456477,0.0000000000,17.7652240457,-17.7652240457,348.4912169246,329.7650265487,329.7650265487,447.2347759543,460.1174876388,550.1290645099,0: optimal
2017-12-14 17:00:00,2017-12-14,LightGBM robust,463.0000000000,458.5721843731,0.0000000000,15.0492880845,-15.0492880845,329.7650265487,313.9016840451,313.9016840451,447.9507119155,460.1174876388,550.1290645099,0: optimal
2017-12-14 18:00:00,2017-12-14,LightGBM robust,457.0000000000,454.7098655588,0.0000000000,11.6900640011,-11.6900640011,313.9016840451,301.5792746328,301.5792746328,445.3099359989,460.1174876388,550.1290645099,0: optimal
2017-12-14 19:00:00,2017-12-14,LightGBM robust,448.0000000000,440.7440530911,0.0000000000,2.1849856347,-2.1849856347,301.5792746328,299.2760975460,299.2760975460,445.8150143653,460.1174876388,550.1290645099,0: optimal
2017-12-14 20:00:00,2017-12-14,LightGBM robust,443.0000000000,430.8796162854,9.5832377721,0.0000000000,9.5832377721,299.2760975460,308.3675551616,308.3675551616,452.5832377721,460.1174876388,550.1290645099,0: optimal
2017-12-14 21:00:00,2017-12-14,LightGBM robust,439.0000000000,425.3413597376,17.9932506635,0.0000000000,17.9932506635,308.3675551616,325.4374515437,325.4374515437,456.9932506635,460.1174876388,550.1290645099,0: optimal
2017-12-14 22:00:00,2017-12-14,LightGBM robust,430.0000000000,424.8156464646,19.9084963013,0.0000000000,19.9084963013,325.4374515437,344.3243094741,344.3243094741,449.9084963013,460.1174876388,550.1290645099,0: optimal
2017-12-14 23:00:00,2017-12-14,LightGBM robust,423.0000000000,418.2240485989,23.2579621993,0.0000000000,23.2579621993,344.3243094741,366.3887497592,366.3887497592,446.2579621993,460.1174876388,550.1290645099,0: optimal
2017-12-15 00:00:00,2017-12-15,LightGBM robust,417.0000000000,412.2493457755,30.8303330135,0.0000000000,30.8303330135,366.3887497592,395.6369717624,395.6369717624,447.8303330135,455.2045003868,517.7007206294,0: optimal
2017-12-15 01:00:00,2017-12-15,LightGBM robust,413.0000000000,410.9667435578,31.6036255443,0.0000000000,31.6036255443,395.6369717624,425.6188034741,425.6188034741,444.6036255443,455.2045003868,517.7007206294,0: optimal
2017-12-15 02:00:00,2017-12-15,LightGBM robust,411.0000000000,411.5864067576,0.0000000000,183.1943748796,-183.1943748796,425.6188034741,232.5149770907,232.5149770907,227.8056251204,455.2045003868,517.7007206294,0: optimal
2017-12-15 03:00:00,2017-12-15,LightGBM robust,409.0000000000,408.7220119945,33.5339592086,0.0000000000,33.5339592086,232.5149770907,264.3280841095,264.3280841095,442.5339592086,455.2045003868,517.7007206294,0: optimal
2017-12-15 04:00:00,2017-12-15,LightGBM robust,406.0000000000,409.6257526067,35.3240889495,0.0000000000,35.3240889495,264.3280841095,297.8394573147,297.8394573147,441.3240889495,455.2045003868,517.7007206294,0: optimal
2017-12-15 05:00:00,2017-12-15,LightGBM robust,408.0000000000,408.9915040709,34.5729835895,0.0000000000,34.5729835895,297.8394573147,330.6382694098,330.6382694098,442.5729835895,455.2045003868,517.7007206294,0: optimal
2017-12-15 06:00:00,2017-12-15,LightGBM robust,409.0000000000,406.5672856482,37.5414034105,0.0000000000,37.5414034105,330.6382694098,366.2531718108,366.2531718108,446.5414034105,455.2045003868,517.7007206294,0: optimal
2017-12-15 07:00:00,2017-12-15,LightGBM robust,414.0000000000,409.2386550553,34.4971313895,0.0000000000,34.4971313895,366.2531718108,398.9800241906,398.9800241906,448.4971313895,455.2045003868,517.7007206294,0: optimal
2017-12-15 08:00:00,2017-12-15,LightGBM robust,415.0000000000,410.7643667354,33.2375857262,0.0000000000,33.2375857262,398.9800241906,430.5119666366,430.5119666366,448.2375857262,455.2045003868,517.7007206294,0: optimal
2017-12-15 09:00:00,2017-12-15,LightGBM robust,432.0000000000,420.2216409890,20.0530245050,0.0000000000,20.0530245050,430.5119666366,449.5359360599,449.5359360599,452.0530245050,455.2045003868,517.7007206294,0: optimal
2017-12-15 10:00:00,2017-12-15,LightGBM robust,450.0000000000,432.1166963787,4.2245344553,0.0000000000,4.2245344553,449.5359360599,453.5436813397,453.5436813397,454.2245344553,455.2045003868,517.7007206294,0: optimal
2017-12-15 11:00:00,2017-12-15,LightGBM robust,463.0000000000,449.2070728475,0.0000000000,20.2266817321,-20.2266817321,453.5436813397,432.2228867461,432.2228867461,442.7733182679,455.2045003868,517.7007206294,0: optimal
2017-12-15 12:00:00,2017-12-15,LightGBM robust,465.0000000000,457.3224340782,0.0000000000,23.1710905024,-23.1710905024,432.2228867461,407.7984127936,407.7984127936,441.8289094976,455.2045003868,517.7007206294,0: optimal
2017-12-15 13:00:00,2017-12-15,LightGBM robust,473.0000000000,457.5477037173,0.0000000000,15.8784727286,-15.8784727286,407.7984127936,391.0610329312,391.0610329312,457.1215272714,455.2045003868,517.7007206294,0: optimal
2017-12-15 14:00:00,2017-12-15,LightGBM robust,476.0000000000,461.1389438611,0.0000000000,21.0528826329,-21.0528826329,391.0610329312,368.8693461205,368.8693461205,454.9471173671,455.2045003868,517.7007206294,0: optimal
2017-12-15 15:00:00,2017-12-15,LightGBM robust,471.0000000000,458.2377043834,0.0000000000,21.7287013593,-21.7287013593,368.8693461205,345.9652838229,345.9652838229,449.2712986407,455.2045003868,517.7007206294,0: optimal
2017-12-15 16:00:00,2017-12-15,LightGBM robust,463.0000000000,457.0643128972,0.0000000000,16.1827824967,-16.1827824967,345.9652838229,328.9071333000,328.9071333000,446.8172175033,455.2045003868,517.7007206294,0: optimal
2017-12-15 17:00:00,2017-12-15,LightGBM robust,457.0000000000,456.1853364791,0.0000000000,15.0432462905,-15.0432462905,328.9071333000,313.0501594064,313.0501594064,441.9567537095,455.2045003868,517.7007206294,0: optimal
2017-12-15 18:00:00,2017-12-15,LightGBM robust,447.0000000000,450.9431322222,0.0000000000,10.4946765768,-10.4946765768,313.0501594064,301.9877989765,301.9877989765,436.5053234232,455.2045003868,517.7007206294,0: optimal
2017-12-15 19:00:00,2017-12-15,LightGBM robust,441.0000000000,439.0447383110,1.4448161433,0.0000000000,1.4448161433,301.9877989765,303.3584719204,303.3584719204,442.4448161433,455.2045003868,517.7007206294,0: optimal
2017-12-15 20:00:00,2017-12-15,LightGBM robust,434.0000000000,429.4882501920,8.5616703236,0.0000000000,8.5616703236,303.3584719204,311.4807855598,311.4807855598,442.5616703236,455.2045003868,517.7007206294,0: optimal
2017-12-15 21:00:00,2017-12-15,LightGBM robust,428.0000000000,426.1978970886,14.3973969457,0.0000000000,14.3973969457,311.4807855598,325.1393555775,325.1393555775,442.3973969457,455.2045003868,517.7007206294,0: optimal
2017-12-15 22:00:00,2017-12-15,LightGBM robust,422.0000000000,422.8063526871,19.5369839789,0.0000000000,19.5369839789,325.1393555775,343.6737659726,343.6737659726,441.5369839789,455.2045003868,517.7007206294,0: optimal
2017-12-15 23:00:00,2017-12-15,LightGBM robust,417.0000000000,414.6779386379,23.9436952598,0.0000000000,23.9436952598,343.6737659726,366.3887497592,366.3887497592,440.9436952598,455.2045003868,517.7007206294,0: optimal
2017-12-16 00:00:00,2017-12-16,LightGBM robust,408.0000000000,413.3419471302,15.7543814542,0.0000000000,15.7543814542,366.3887497592,381.3346683159,381.3346683159,423.7543814542,446.3722221432,544.9243119047,0: optimal
2017-12-16 01:00:00,2017-12-16,LightGBM robust,408.0000000000,413.9304942960,16.2725915094,0.0000000000,16.2725915094,381.3346683159,396.7722040969,396.7722040969,424.2725915094,446.3722221432,544.9243119047,0: optimal
2017-12-16 02:00:00,2017-12-16,LightGBM robust,405.0000000000,414.2274566472,0.0000000000,183.1943748796,-183.1943748796,396.7722040969,203.6683777135,203.6683777135,221.8056251204,446.3722221432,544.9243119047,0: optimal
2017-12-16 03:00:00,2017-12-16,LightGBM robust,406.0000000000,411.0764791363,18.0294464635,0.0000000000,18.0294464635,203.6683777135,220.7726124465,220.7726124465,424.0294464635,446.3722221432,544.9243119047,0: optimal
2017-12-16 04:00:00,2017-12-16,LightGBM robust,405.0000000000,414.5872024548,16.3792888968,0.0000000000,16.3792888968,220.7726124465,236.3113702569,236.3113702569,421.3792888968,446.3722221432,544.9243119047,0: optimal
2017-12-16 05:00:00,2017-12-16,LightGBM robust,400.0000000000,408.3069372793,23.1157522585,0.0000000000,23.1157522585,236.3113702569,258.2408983464,258.2408983464,423.1157522585,446.3722221432,544.9243119047,0: optimal
2017-12-16 06:00:00,2017-12-16,LightGBM robust,405.0000000000,407.8081976689,22.8950782165,0.0000000000,22.8950782165,258.2408983464,279.9610766579,279.9610766579,427.8950782165,446.3722221432,544.9243119047,0: optimal
2017-12-16 07:00:00,2017-12-16,LightGBM robust,402.0000000000,407.8599158604,21.7355111654,0.0000000000,21.7355111654,279.9610766579,300.5811930751,300.5811930751,423.7355111654,446.3722221432,544.9243119047,0: optimal
2017-12-16 08:00:00,2017-12-16,LightGBM robust,406.0000000000,408.2981912874,21.5634017552,0.0000000000,21.5634017552,300.5811930751,321.0380321694,321.0380321694,427.5634017552,446.3722221432,544.9243119047,0: optimal
2017-12-16 09:00:00,2017-12-16,LightGBM robust,404.0000000000,412.7365413848,14.7795347309,0.0000000000,14.7795347309,321.0380321694,335.0591299216,335.0591299216,418.7795347309,446.3722221432,544.9243119047,0: optimal
2017-12-16 10:00:00,2017-12-16,LightGBM robust,411.0000000000,416.9408534475,6.6417880083,0.0000000000,6.6417880083,335.0591299216,341.3600832743,341.3600832743,417.6417880083,446.3722221432,544.9243119047,0: optimal
2017-12-16 11:00:00,2017-12-16,LightGBM robust,418.0000000000,421.7027903954,0.0000000000,5.4809886582,-5.4809886582,341.3600832743,335.5826139444,335.5826139444,412.5190113418,446.3722221432,544.9243119047,0: optimal
2017-12-16 12:00:00,2017-12-16,LightGBM robust,417.0000000000,422.7458572677,0.0000000000,1.3531030702,-1.3531030702,335.5826139444,334.1563180742,334.1563180742,415.6468969298,446.3722221432,544.9243119047,0: optimal
2017-12-16 13:00:00,2017-12-16,LightGBM robust,414.0000000000,425.5662158330,1.9179010404,0.0000000000,1.9179010404,334.1563180742,335.9757987585,335.9757987585,415.9179010404,446.3722221432,544.9243119047,0: optimal
2017-12-16 14:00:00,2017-12-16,LightGBM robust,418.0000000000,427.9790125620,0.0000000000,5.3225013430,-5.3225013430,335.9757987585,330.3653897275,330.3653897275,412.6774986570,446.3722221432,544.9243119047,0: optimal
2017-12-16 15:00:00,2017-12-16,LightGBM robust,423.0000000000,427.6942478919,0.0000000000,7.2714526858,-7.2714526858,330.3653897275,322.7006055991,322.7006055991,415.7285473142,446.3722221432,544.9243119047,0: optimal
2017-12-16 16:00:00,2017-12-16,LightGBM robust,422.0000000000,427.5022174627,0.0000000000,2.7068948803,-2.7068948803,322.7006055991,319.8472878629,319.8472878629,419.2931051197,446.3722221432,544.9243119047,0: optimal
2017-12-16 17:00:00,2017-12-16,LightGBM robust,425.0000000000,424.8618238624,0.0000000000,1.1492836829,-1.1492836829,319.8472878629,318.6358364910,318.6358364910,423.8507163171,446.3722221432,544.9243119047,0: optimal
2017-12-16 18:00:00,2017-12-16,LightGBM robust,421.0000000000,423.4773848501,0.8848629771,0.0000000000,0.8848629771,318.6358364910,319.4752912185,319.4752912185,421.8848629771,446.3722221432,544.9243119047,0: optimal
2017-12-16 19:00:00,2017-12-16,LightGBM robust,416.0000000000,421.0828856265,6.4589741461,0.0000000000,6.4589741461,319.4752912185,325.6028121134,325.6028121134,422.4589741461,446.3722221432,544.9243119047,0: optimal
2017-12-16 20:00:00,2017-12-16,LightGBM robust,416.0000000000,420.6093479211,6.6549267606,0.0000000000,6.6549267606,325.6028121134,331.9162299809,331.9162299809,422.6549267606,446.3722221432,544.9243119047,0: optimal
2017-12-16 21:00:00,2017-12-16,LightGBM robust,411.0000000000,417.8179264929,9.7966787824,0.0000000000,9.7966787824,331.9162299809,341.2101755181,341.2101755181,420.7966787824,446.3722221432,544.9243119047,0: optimal
2017-12-16 22:00:00,2017-12-16,LightGBM robust,411.0000000000,416.1040846868,12.9000529534,0.0000000000,12.9000529534,341.2101755181,353.4482402990,353.4482402990,423.9000529534,446.3722221432,544.9243119047,0: optimal
2017-12-16 23:00:00,2017-12-16,LightGBM robust,412.0000000000,412.6446314077,13.6404946591,0.0000000000,13.6404946591,353.4482402990,366.3887497592,366.3887497592,425.6404946591,446.3722221432,544.9243119047,0: optimal
2017-12-17 00:00:00,2017-12-17,LightGBM robust,408.0000000000,414.0883920032,15.3744187878,0.0000000000,15.3744187878,366.3887497592,380.9742040804,380.9742040804,423.3744187878,439.7693619921,491.6940897991,0: optimal
2017-12-17 01:00:00,2017-12-17,LightGBM robust,406.0000000000,415.3241099051,12.4503265487,0.0000000000,12.4503265487,380.9742040804,392.7856209324,392.7856209324,418.4503265487,439.7693619921,491.6940897991,0: optimal
2017-12-17 02:00:00,2017-12-17,LightGBM robust,403.0000000000,423.7440780972,0.0000000000,183.1943748796,-183.1943748796,392.7856209324,199.6817945490,199.6817945490,219.8056251204,439.7693619921,491.6940897991,0: optimal
2017-12-17 03:00:00,2017-12-17,LightGBM robust,404.0000000000,415.4468624101,13.5843740307,0.0000000000,13.5843740307,199.6817945490,212.5690633064,212.5690633064,417.5843740307,439.7693619921,491.6940897991,0: optimal
2017-12-17 04:00:00,2017-12-17,LightGBM robust,403.0000000000,410.3366223253,21.3884844687,0.0000000000,21.3884844687,212.5690633064,232.8599612925,232.8599612925,424.3884844687,439.7693619921,491.6940897991,0: optimal
2017-12-17 05:00:00,2017-12-17,LightGBM robust,403.0000000000,411.6220045029,18.7177483952,0.0000000000,18.7177483952,232.8599612925,250.6171765721,250.6171765721,421.7177483952,439.7693619921,491.6940897991,0: optimal
2017-12-17 06:00:00,2017-12-17,LightGBM robust,406.0000000000,411.8751440517,19.1365525301,0.0000000000,19.1365525301,250.6171765721,268.7717043397,268.7717043397,425.1365525301,439.7693619921,491.6940897991,0: optimal
2017-12-17 07:00:00,2017-12-17,LightGBM robust,405.0000000000,412.9118830451,14.2101399328,0.0000000000,14.2101399328,268.7717043397,282.2526267569,282.2526267569,419.2101399328,439.7693619921,491.6940897991,0: optimal
2017-12-17 08:00:00,2017-12-17,LightGBM robust,403.0000000000,417.5532246413,9.8349643533,0.0000000000,9.8349643533,282.2526267569,291.5828931758,291.5828931758,412.8349643533,439.7693619921,491.6940897991,0: optimal
2017-12-17 09:00:00,2017-12-17,LightGBM robust,405.0000000000,414.4772219107,8.5978200443,0.0000000000,8.5978200443,291.5828931758,299.7395014514,299.7395014514,413.5978200443,439.7693619921,491.6940897991,0: optimal
2017-12-17 10:00:00,2017-12-17,LightGBM robust,406.0000000000,413.6422004176,5.4994068775,0.0000000000,5.4994068775,299.7395014514,304.9566969053,304.9566969053,411.4994068775,439.7693619921,491.6940897991,0: optimal
2017-12-17 11:00:00,2017-12-17,LightGBM robust,413.0000000000,416.0544257813,0.0000000000,4.2736582048,-4.2736582048,304.9566969053,300.4518656159,300.4518656159,408.7263417952,439.7693619921,491.6940897991,0: optimal
2017-12-17 12:00:00,2017-12-17,LightGBM robust,415.0000000000,413.8421703667,3.1095496702,0.0000000000,3.1095496702,300.4518656159,303.4018434525,303.4018434525,418.1095496702,439.7693619921,491.6940897991,0: optimal
2017-12-17 13:00:00,2017-12-17,LightGBM robust,418.0000000000,414.9515956794,10.1038718423,0.0000000000,10.1038718423,303.4018434525,312.9872179149,312.9872179149,428.1038718423,439.7693619921,491.6940897991,0: optimal
2017-12-17 14:00:00,2017-12-17,LightGBM robust,418.0000000000,417.4828717962,2.6273096231,0.0000000000,2.6273096231,312.9872179149,315.4797026731,315.4797026731,420.6273096231,439.7693619921,491.6940897991,0: optimal
2017-12-17 15:00:00,2017-12-17,LightGBM robust,421.0000000000,419.4400540570,0.0000000000,3.4582930117,-3.4582930117,315.4797026731,311.8343417621,311.8343417621,417.5417069883,439.7693619921,491.6940897991,0: optimal
2017-12-17 16:00:00,2017-12-17,LightGBM robust,420.0000000000,419.3335688970,1.0207195247,0.0000000000,1.0207195247,311.8343417621,312.8026813271,312.8026813271,421.0207195247,439.7693619921,491.6940897991,0: optimal
2017-12-17 17:00:00,2017-12-17,LightGBM robust,423.0000000000,422.0570074789,0.0000000000,1.4421592691,-1.4421592691,312.8026813271,311.2825119808,311.2825119808,421.5578407309,439.7693619921,491.6940897991,0: optimal
2017-12-17 18:00:00,2017-12-17,LightGBM robust,422.0000000000,421.8712339298,0.0000000000,1.9500202632,-1.9500202632,311.2825119808,309.2270101424,309.2270101424,420.0499797368,439.7693619921,491.6940897991,0: optimal
2017-12-17 19:00:00,2017-12-17,LightGBM robust,417.0000000000,415.8595449472,8.0162460401,0.0000000000,8.0162460401,309.2270101424,316.8318888737,316.8318888737,425.0162460401,439.7693619921,491.6940897991,0: optimal
2017-12-17 20:00:00,2017-12-17,LightGBM robust,413.0000000000,414.2722305359,11.4752196106,0.0000000000,11.4752196106,316.8318888737,327.7182380597,327.7182380597,424.4752196106,439.7693619921,491.6940897991,0: optimal
2017-12-17 21:00:00,2017-12-17,LightGBM robust,414.0000000000,415.1533847465,13.1175321626,0.0000000000,13.1175321626,327.7182380597,340.1626217340,340.1626217340,427.1175321626,439.7693619921,491.6940897991,0: optimal
2017-12-17 22:00:00,2017-12-17,LightGBM robust,411.0000000000,414.4992765844,15.5415897124,0.0000000000,15.5415897124,340.1626217340,354.9066683194,354.9066683194,426.5415897124,439.7693619921,491.6940897991,0: optimal
2017-12-17 23:00:00,2017-12-17,LightGBM robust,408.0000000000,414.2159869854,12.1031765431,0.0000000000,12.1031765431,354.9066683194,366.3887497592,366.3887497592,420.1031765431,439.7693619921,491.6940897991,0: optimal
2017-12-18 00:00:00,2017-12-18,LightGBM robust,405.0000000000,415.4819328971,35.0690509408,0.0000000000,35.0690509408,366.3887497592,399.6581726652,399.6581726652,440.0690509408,466.6215849982,557.1050714248,0: optimal
2017-12-18 01:00:00,2017-12-18,LightGBM robust,403.0000000000,423.2016747700,26.4819453752,0.0000000000,26.4819453752,399.6581726652,424.7811519425,424.7811519425,429.4819453752,466.6215849982,557.1050714248,0: optimal
2017-12-18 02:00:00,2017-12-18,LightGBM robust,404.0000000000,418.0072046610,0.0000000000,183.1943748796,-183.1943748796,424.7811519425,231.6773255591,231.6773255591,220.8056251204,466.6215849982,557.1050714248,0: optimal
2017-12-18 03:00:00,2017-12-18,LightGBM robust,401.0000000000,410.6457836397,39.0814926123,0.0000000000,39.0814926123,231.6773255591,268.7532848633,268.7532848633,440.0814926123,466.6215849982,557.1050714248,0: optimal
2017-12-18 04:00:00,2017-12-18,LightGBM robust,399.0000000000,410.8711416714,41.5500049336,0.0000000000,41.5500049336,268.7532848633,308.1710805777,308.1710805777,440.5500049336,466.6215849982,557.1050714248,0: optimal
2017-12-18 05:00:00,2017-12-18,LightGBM robust,400.0000000000,409.7195536183,41.3162390910,0.0000000000,41.3162390910,308.1710805777,347.3671065416,347.3671065416,441.3162390910,466.6215849982,557.1050714248,0: optimal
2017-12-18 06:00:00,2017-12-18,LightGBM robust,401.0000000000,414.6893636971,36.8906304106,0.0000000000,36.8906304106,347.3671065416,382.3646314667,382.3646314667,437.8906304106,466.6215849982,557.1050714248,0: optimal
2017-12-18 07:00:00,2017-12-18,LightGBM robust,404.0000000000,419.8279980171,31.0210394709,0.0000000000,31.0210394709,382.3646314667,411.7937735009,411.7937735009,435.0210394709,466.6215849982,557.1050714248,0: optimal
2017-12-18 08:00:00,2017-12-18,LightGBM robust,414.0000000000,421.4200604455,30.5956548972,0.0000000000,30.5956548972,411.7937735009,440.8193602948,440.8193602948,444.5956548972,466.6215849982,557.1050714248,0: optimal
2017-12-18 09:00:00,2017-12-18,LightGBM robust,427.0000000000,431.2340780557,14.4284633969,0.0000000000,14.4284633969,440.8193602948,454.5074025359,454.5074025359,441.4284633969,466.6215849982,557.1050714248,0: optimal
2017-12-18 10:00:00,2017-12-18,LightGBM robust,441.0000000000,451.9374916611,0.0000000000,7.7730791788,-7.7730791788,454.5074025359,446.3138576566,446.3138576566,433.2269208212,466.6215849982,557.1050714248,0: optimal
2017-12-18 11:00:00,2017-12-18,LightGBM robust,455.0000000000,460.7088140377,0.0000000000,23.9052412741,-23.9052412741,446.3138576566,421.1155208426,421.1155208426,431.0947587259,466.6215849982,557.1050714248,0: optimal
2017-12-18 12:00:00,2017-12-18,LightGBM robust,461.0000000000,463.4757951384,0.0000000000,21.5012699144,-21.5012699144,421.1155208426,398.4511923374,398.4511923374,439.4987300856,466.6215849982,557.1050714248,0: optimal
2017-12-18 13:00:00,2017-12-18,LightGBM robust,461.0000000000,466.1514216925,0.0000000000,19.1867704793,-19.1867704793,398.4511923374,378.2265604516,378.2265604516,441.8132295207,466.6215849982,557.1050714248,0: optimal
2017-12-18 14:00:00,2017-12-18,LightGBM robust,462.0000000000,468.6996476498,0.0000000000,23.3047532737,-23.3047532737,378.2265604516,353.6611935671,353.6611935671,438.6952467263,466.6215849982,557.1050714248,0: optimal
2017-12-18 15:00:00,2017-12-18,LightGBM robust,461.0000000000,466.9310868717,0.0000000000,25.9265206392,-25.9265206392,353.6611935671,326.3322412260,326.3322412260,435.0734793608,466.6215849982,557.1050714248,0: optimal
2017-12-18 16:00:00,2017-12-18,LightGBM robust,457.0000000000,461.7776419389,0.0000000000,16.4005483301,-16.4005483301,326.3322412260,309.0445453598,309.0445453598,440.5994516699,466.6215849982,557.1050714248,0: optimal
2017-12-18 17:00:00,2017-12-18,LightGBM robust,456.0000000000,454.8608805753,0.0000000000,9.2232271783,-9.2232271783,309.0445453598,299.3224102729,299.3224102729,446.7767728217,466.6215849982,557.1050714248,0: optimal
2017-12-18 18:00:00,2017-12-18,LightGBM robust,452.0000000000,449.5489562945,0.0000000000,4.6049374408,-4.6049374408,299.3224102729,294.4683800077,294.4683800077,447.3950625592,466.6215849982,557.1050714248,0: optimal
2017-12-18 19:00:00,2017-12-18,LightGBM robust,441.0000000000,439.0675150546,7.9548790577,0.0000000000,7.9548790577,294.4683800077,302.0150409078,302.0150409078,448.9548790577,466.6215849982,557.1050714248,0: optimal
2017-12-18 20:00:00,2017-12-18,LightGBM robust,434.0000000000,436.3423411116,7.9812540830,0.0000000000,7.9812540830,302.0150409078,309.5867233538,309.5867233538,441.9812540830,466.6215849982,557.1050714248,0: optimal
2017-12-18 21:00:00,2017-12-18,LightGBM robust,431.0000000000,431.4695522523,15.3994164609,0.0000000000,15.3994164609,309.5867233538,324.1958925500,324.1958925500,446.3994164609,466.6215849982,557.1050714248,0: optimal
2017-12-18 22:00:00,2017-12-18,LightGBM robust,425.0000000000,426.1680871596,22.3165848203,0.0000000000,22.3165848203,324.1958925500,345.3672638385,345.3672638385,447.3165848203,466.6215849982,557.1050714248,0: optimal
2017-12-18 23:00:00,2017-12-18,LightGBM robust,424.0000000000,422.7367168064,22.1585917702,0.0000000000,22.1585917702,345.3672638385,366.3887497592,366.3887497592,446.1585917702,466.6215849982,557.1050714248,0: optimal
2017-12-19 00:00:00,2017-12-19,LightGBM robust,415.0000000000,417.0235174536,32.3287144560,0.0000000000,32.3287144560,366.3887497592,397.0584612110,397.0584612110,447.3287144560,458.2558789649,501.3225785693,0: optimal
2017-12-19 01:00:00,2017-12-19,LightGBM robust,417.0000000000,415.2068597509,31.9583626750,0.0000000000,31.9583626750,397.0584612110,427.3768261138,427.3768261138,448.9583626750,458.2558789649,501.3225785693,0: optimal
2017-12-19 02:00:00,2017-12-19,LightGBM robust,417.0000000000,413.0907480444,0.0000000000,183.1943748796,-183.1943748796,427.3768261138,234.2729997304,234.2729997304,233.8056251204,458.2558789649,501.3225785693,0: optimal
2017-12-19 03:00:00,2017-12-19,LightGBM robust,417.0000000000,415.5607951972,33.3922173913,0.0000000000,33.3922173913,234.2729997304,265.9516386544,265.9516386544,450.3922173913,458.2558789649,501.3225785693,0: optimal
2017-12-19 04:00:00,2017-12-19,LightGBM robust,417.0000000000,414.5296764881,37.0848514243,0.0000000000,37.0848514243,265.9516386544,301.1334178113,301.1334178113,454.0848514243,458.2558789649,501.3225785693,0: optimal
2017-12-19 05:00:00,2017-12-19,LightGBM robust,415.0000000000,418.0750509667,32.9313973953,0.0000000000,32.9313973953,301.1334178113,332.3748845017,332.3748845017,447.9313973953,458.2558789649,501.3225785693,0: optimal
2017-12-19 06:00:00,2017-12-19,LightGBM robust,418.0000000000,414.4072665594,36.3661088557,0.0000000000,36.3661088557,332.3748845017,366.8748045881,366.8748045881,454.3661088557,458.2558789649,501.3225785693,0: optimal
2017-12-19 07:00:00,2017-12-19,LightGBM robust,421.0000000000,412.5675896721,35.9300573544,0.0000000000,35.9300573544,366.8748045881,400.9610498982,400.9610498982,456.9300573544,458.2558789649,501.3225785693,0: optimal
2017-12-19 08:00:00,2017-12-19,LightGBM robust,427.0000000000,417.4234655580,29.8541445551,0.0000000000,29.8541445551,400.9610498982,429.2831782152,429.2831782152,456.8541445551,458.2558789649,501.3225785693,0: optimal
2017-12-19 09:00:00,2017-12-19,LightGBM robust,437.0000000000,432.8708911751,13.5474049412,0.0000000000,13.5474049412,429.2831782152,442.1353750149,442.1353750149,450.5474049412,458.2558789649,501.3225785693,0: optimal
2017-12-19 10:00:00,2017-12-19,LightGBM robust,447.0000000000,446.9963412358,0.0000000000,3.9174086790,-3.9174086790,442.1353750149,438.0060636978,438.0060636978,443.0825913210,458.2558789649,501.3225785693,0: optimal
2017-12-19 11:00:00,2017-12-19,LightGBM robust,460.0000000000,460.5863156457,0.0000000000,24.8682228075,-24.8682228075,438.0060636978,411.7926552204,411.7926552204,435.1317771925,458.2558789649,501.3225785693,0: optimal
2017-12-19 12:00:00,2017-12-19,LightGBM robust,463.0000000000,464.2569192054,0.0000000000,23.3678739068,-23.3678739068,411.7926552204,387.1607533467,387.1607533467,439.6321260932,458.2558789649,501.3225785693,0: optimal
2017-12-19 13:00:00,2017-12-19,LightGBM robust,460.0000000000,463.2733106521,0.0000000000,18.8270571583,-18.8270571583,387.1607533467,367.3152925939,367.3152925939,441.1729428417,458.2558789649,501.3225785693,0: optimal
2017-12-19 14:00:00,2017-12-19,LightGBM robust,466.0000000000,462.2921900050,0.0000000000,15.8134879601,-15.8134879601,367.3152925939,350.6464126921,350.6464126921,450.1865120399,458.2558789649,501.3225785693,0: optimal
2017-12-19 15:00:00,2017-12-19,LightGBM robust,466.0000000000,459.8731190223,0.0000000000,14.3862500609,-14.3862500609,350.6464126921,335.4819736317,335.4819736317,451.6137499391,458.2558789649,501.3225785693,0: optimal
2017-12-19 16:00:00,2017-12-19,LightGBM robust,467.0000000000,457.6439774561,0.0000000000,10.0247453328,-10.0247453328,335.4819736317,324.9149642268,324.9149642268,456.9752546672,458.2558789649,501.3225785693,0: optimal
2017-12-19 17:00:00,2017-12-19,LightGBM robust,467.0000000000,455.6217084891,0.0000000000,9.1228689424,-9.1228689424,324.9149642268,315.2986160091,315.2986160091,457.8771310576,458.2558789649,501.3225785693,0: optimal
2017-12-19 18:00:00,2017-12-19,LightGBM robust,461.0000000000,451.1820093479,0.0000000000,5.1862645321,-5.1862645321,315.2986160091,309.8318131859,309.8318131859,455.8137354679,458.2558789649,501.3225785693,0: optimal
2017-12-19 19:00:00,2017-12-19,LightGBM robust,448.0000000000,440.2895030857,3.4757090201,0.0000000000,3.4757090201,309.8318131859,313.1291602821,313.1291602821,451.4757090201,458.2558789649,501.3225785693,0: optimal
2017-12-19 20:00:00,2017-12-19,LightGBM robust,440.0000000000,435.3115383792,7.0664666282,0.0000000000,7.0664666282,313.1291602821,319.8329991485,319.8329991485,447.0664666282,458.2558789649,501.3225785693,0: optimal
2017-12-19 21:00:00,2017-12-19,LightGBM robust,434.0000000000,432.6085825945,12.7871447657,0.0000000000,12.7871447657,319.8329991485,331.9639498175,331.9639498175,446.7871447657,458.2558789649,501.3225785693,0: optimal
2017-12-19 22:00:00,2017-12-19,LightGBM robust,429.0000000000,428.2246133035,18.9191566883,0.0000000000,18.9191566883,331.9639498175,349.9122377809,349.9122377809,447.9191566883,458.2558789649,501.3225785693,0: optimal
2017-12-19 23:00:00,2017-12-19,LightGBM robust,428.0000000000,425.5819498073,17.3677685822,0.0000000000,17.3677685822,349.9122377809,366.3887497592,366.3887497592,445.3677685822,458.2558789649,501.3225785693,0: optimal
2017-12-20 00:00:00,2017-12-20,LightGBM robust,425.0000000000,419.3976248804,29.4722928720,0.0000000000,29.4722928720,366.3887497592,394.3486217621,394.3486217621,454.4722928720,469.5923623270,586.7394872781,0: optimal
2017-12-20 01:00:00,2017-12-20,LightGBM robust,422.0000000000,416.5414351438,31.2591275102,0.0000000000,31.2591275102,394.3486217621,424.0036339427,424.0036339427,453.2591275102,469.5923623270,586.7394872781,0: optimal
2017-12-20 02:00:00,2017-12-20,LightGBM robust,419.0000000000,415.4320147677,0.0000000000,183.1943748796,-183.1943748796,424.0036339427,230.8998075593,230.8998075593,235.8056251204,469.5923623270,586.7394872781,0: optimal
2017-12-20 03:00:00,2017-12-20,LightGBM robust,418.0000000000,413.0612123082,35.8183024595,0.0000000000,35.8183024595,230.8998075593,264.8800328671,264.8800328671,453.8183024595,469.5923623270,586.7394872781,0: optimal
2017-12-20 04:00:00,2017-12-20,LightGBM robust,416.0000000000,412.5742810612,38.1657994584,0.0000000000,38.1657994584,264.8800328671,301.0872893700,301.0872893700,454.1657994584,469.5923623270,586.7394872781,0: optimal
2017-12-20 05:00:00,2017-12-20,LightGBM robust,417.0000000000,412.4135468551,38.5606734233,0.0000000000,38.5606734233,301.0872893700,337.6691562083,337.6691562083,455.5606734233,469.5923623270,586.7394872781,0: optimal
2017-12-20 06:00:00,2017-12-20,LightGBM robust,417.0000000000,414.4428779645,35.4560500576,0.0000000000,35.4560500576,337.6691562083,371.3057187128,371.3057187128,452.4560500576,469.5923623270,586.7394872781,0: optimal
2017-12-20 07:00:00,2017-12-20,LightGBM robust,422.0000000000,418.8094147789,30.1565652179,0.0000000000,30.1565652179,371.3057187128,399.9147484616,399.9147484616,452.1565652179,469.5923623270,586.7394872781,0: optimal
2017-12-20 08:00:00,2017-12-20,LightGBM robust,422.0000000000,426.9775669107,23.1550909409,0.0000000000,23.1550909409,399.9147484616,421.8815965021,421.8815965021,445.1550909409,469.5923623270,586.7394872781,0: optimal
2017-12-20 09:00:00,2017-12-20,LightGBM robust,433.0000000000,436.0387589500,12.5413672000,0.0000000000,12.5413672000,421.8815965021,433.7793820994,433.7793820994,445.5413672000,469.5923623270,586.7394872781,0: optimal
2017-12-20 10:00:00,2017-12-20,LightGBM robust,449.0000000000,445.8586864511,0.0000000000,0.3265828472,-0.3265828472,433.7793820994,433.4351335521,433.4351335521,448.6734171528,469.5923623270,586.7394872781,0: optimal
2017-12-20 11:00:00,2017-12-20,LightGBM robust,456.0000000000,456.5107103402,0.0000000000,18.3394464550,-18.3394464550,433.4351335521,414.1036596106,414.1036596106,437.6605535450,469.5923623270,586.7394872781,0: optimal
2017-12-20 12:00:00,2017-12-20,LightGBM robust,461.0000000000,459.3583570726,0.0000000000,16.0161407270,-16.0161407270,414.1036596106,397.2211649362,397.2211649362,444.9838592730,469.5923623270,586.7394872781,0: optimal
2017-12-20 13:00:00,2017-12-20,LightGBM robust,457.0000000000,457.5917654922,0.0000000000,10.6923409514,-10.6923409514,397.2211649362,385.9504479610,385.9504479610,446.3076590486,469.5923623270,586.7394872781,0: optimal
2017-12-20 14:00:00,2017-12-20,LightGBM robust,456.0000000000,462.9267986472,0.0000000000,16.1642131495,-16.1642131495,385.9504479610,368.9118712488,368.9118712488,439.8357868505,469.5923623270,586.7394872781,0: optimal
2017-12-20 15:00:00,2017-12-20,LightGBM robust,455.0000000000,463.2634453003,0.0000000000,20.8911879462,-20.8911879462,368.9118712488,346.8906256032,346.8906256032,434.1088120538,469.5923623270,586.7394872781,0: optimal
2017-12-20 16:00:00,2017-12-20,LightGBM robust,456.0000000000,463.8420590149,0.0000000000,17.0972742845,-17.0972742845,346.8906256032,328.8685160967,328.8685160967,438.9027257155,469.5923623270,586.7394872781,0: optimal
2017-12-20 17:00:00,2017-12-20,LightGBM robust,454.0000000000,463.4240992320,0.0000000000,16.4187547135,-16.4187547135,328.8685160967,311.5616290173,311.5616290173,437.5812452865,469.5923623270,586.7394872781,0: optimal
2017-12-20 18:00:00,2017-12-20,LightGBM robust,451.0000000000,456.7283921017,0.0000000000,10.4896974929,-10.4896974929,311.5616290173,300.5045170027,300.5045170027,440.5103025071,469.5923623270,586.7394872781,0: optimal
2017-12-20 19:00:00,2017-12-20,LightGBM robust,439.0000000000,444.0937862326,0.0000000000,0.4641648143,-0.4641648143,300.5045170027,300.0152443284,300.0152443284,438.5358351857,469.5923623270,586.7394872781,0: optimal
2017-12-20 20:00:00,2017-12-20,LightGBM robust,433.0000000000,435.8858114708,12.1690222985,0.0000000000,12.1690222985,300.0152443284,311.5597925366,311.5597925366,445.1690222985,469.5923623270,586.7394872781,0: optimal
2017-12-20 21:00:00,2017-12-20,LightGBM robust,424.0000000000,432.2442771551,16.1608872079,0.0000000000,16.1608872079,311.5597925366,326.8913563125,326.8913563125,440.1608872079,469.5923623270,586.7394872781,0: optimal
2017-12-20 22:00:00,2017-12-20,LightGBM robust,418.0000000000,427.7735614321,22.0211352958,0.0000000000,22.0211352958,326.8913563125,347.7824395717,347.7824395717,440.0211352958,469.5923623270,586.7394872781,0: optimal
2017-12-20 23:00:00,2017-12-20,LightGBM robust,419.0000000000,427.4629121398,19.6127730147,0.0000000000,19.6127730147,347.7824395717,366.3887497592,366.3887497592,438.6127730147,469.5923623270,586.7394872781,0: optimal
2017-12-21 00:00:00,2017-12-21,LightGBM robust,415.0000000000,424.5218250812,20.5679054532,0.0000000000,20.5679054532,366.3887497592,385.9011781385,385.9011781385,435.5679054532,457.0672957487,520.9267762862,0: optimal
2017-12-21 01:00:00,2017-12-21,LightGBM robust,416.0000000000,419.6480422745,24.5393601036,0.0000000000,24.5393601036,385.9011781385,409.1812592137,409.1812592137,440.5393601036,457.0672957487,520.9267762862,0: optimal
2017-12-21 02:00:00,2017-12-21,LightGBM robust,413.0000000000,416.8345222927,0.0000000000,183.1943748796,-183.1943748796,409.1812592137,216.0774328303,216.0774328303,229.8056251204,457.0672957487,520.9267762862,0: optimal
2017-12-21 03:00:00,2017-12-21,LightGBM robust,409.0000000000,413.6390751619,30.5021176580,0.0000000000,30.5021176580,216.0774328303,245.0142824076,245.0142824076,439.5021176580,457.0672957487,520.9267762862,0: optimal
2017-12-21 04:00:00,2017-12-21,LightGBM robust,407.0000000000,411.3801785326,36.3416431740,0.0000000000,36.3416431740,245.0142824076,279.4909923104,279.4909923104,443.3416431740,457.0672957487,520.9267762862,0: optimal
2017-12-21 05:00:00,2017-12-21,LightGBM robust,408.0000000000,409.2116156515,36.2380936257,0.0000000000,36.2380936257,279.4909923104,313.8694664863,313.8694664863,444.2380936257,457.0672957487,520.9267762862,0: optimal
2017-12-21 06:00:00,2017-12-21,LightGBM robust,408.0000000000,409.5330073185,36.9019948602,0.0000000000,36.9019948602,313.8694664863,348.8777726749,348.8777726749,444.9019948602,457.0672957487,520.9267762862,0: optimal
2017-12-21 07:00:00,2017-12-21,LightGBM robust,412.0000000000,414.7617338971,30.0106744387,0.0000000000,30.0106744387,348.8777726749,377.3483982781,377.3483982781,442.0106744387,457.0672957487,520.9267762862,0: optimal
2017-12-21 08:00:00,2017-12-21,LightGBM robust,416.0000000000,419.4299946886,25.6085796640,0.0000000000,25.6085796640,377.3483982781,401.6428300921,401.6428300921,441.6085796640,457.0672957487,520.9267762862,0: optimal
2017-12-21 09:00:00,2017-12-21,LightGBM robust,424.0000000000,430.0838102202,10.8794063339,0.0000000000,10.8794063339,401.6428300921,411.9639411738,411.9639411738,434.8794063339,457.0672957487,520.9267762862,0: optimal
2017-12-21 10:00:00,2017-12-21,LightGBM robust,438.0000000000,440.7682602752,0.0000000000,1.1232253957,-1.1232253957,411.9639411738,410.7799576485,410.7799576485,436.8767746043,457.0672957487,520.9267762862,0: optimal
2017-12-21 11:00:00,2017-12-21,LightGBM robust,452.0000000000,451.3428331319,0.0000000000,19.0586379710,-19.0586379710,410.7799576485,390.6903892854,390.6903892854,432.9413620290,457.0672957487,520.9267762862,0: optimal
2017-12-21 12:00:00,2017-12-21,LightGBM robust,460.0000000000,453.3628159772,0.0000000000,15.9076683560,-15.9076683560,390.6903892854,373.9222345296,373.9222345296,444.0923316440,457.0672957487,520.9267762862,0: optimal
2017-12-21 13:00:00,2017-12-21,LightGBM robust,460.0000000000,451.4564368936,0.0000000000,9.9880034474,-9.9880034474,373.9222345296,363.3939544725,363.3939544725,450.0119965526,457.0672957487,520.9267762862,0: optimal
2017-12-21 14:00:00,2017-12-21,LightGBM robust,456.0000000000,451.1501110330,0.0000000000,14.3650559197,-14.3650559197,363.3939544725,348.2518559985,348.2518559985,441.6349440803,457.0672957487,520.9267762862,0: optimal
2017-12-21 15:00:00,2017-12-21,LightGBM robust,458.0000000000,450.6513689295,0.0000000000,18.2566419598,-18.2566419598,348.2518559985,329.0076656588,329.0076656588,439.7433580402,457.0672957487,520.9267762862,0: optimal
2017-12-21 16:00:00,2017-12-21,LightGBM robust,455.0000000000,453.2151501838,0.0000000000,16.4478958377,-16.4478958377,329.0076656588,311.6700611374,311.6700611374,438.5521041623,457.0672957487,520.9267762862,0: optimal
2017-12-21 17:00:00,2017-12-21,LightGBM robust,454.0000000000,449.4440678766,0.0000000000,12.4162537424,-12.4162537424,311.6700611374,298.5821805265,298.5821805265,441.5837462576,457.0672957487,520.9267762862,0: optimal
2017-12-21 18:00:00,2017-12-21,LightGBM robust,445.0000000000,447.4215350182,0.0000000000,11.0873554272,-11.0873554272,298.5821805265,286.8950817339,286.8950817339,433.9126445728,457.0672957487,520.9267762862,0: optimal
2017-12-21 19:00:00,2017-12-21,LightGBM robust,436.0000000000,437.1155084373,4.4106679080,0.0000000000,4.4106679080,286.8950817339,291.0794087114,291.0794087114,440.4106679080,457.0672957487,520.9267762862,0: optimal
2017-12-21 20:00:00,2017-12-21,LightGBM robust,434.0000000000,431.7669405801,9.3060400976,0.0000000000,9.3060400976,291.0794087114,299.9078935231,299.9078935231,443.3060400976,457.0672957487,520.9267762862,0: optimal
2017-12-21 21:00:00,2017-12-21,LightGBM robust,419.0000000000,424.5799866186,18.1629497753,0.0000000000,18.1629497753,299.9078935231,317.1387806182,317.1387806182,437.1629497753,457.0672957487,520.9267762862,0: optimal
2017-12-21 22:00:00,2017-12-21,LightGBM robust,416.0000000000,418.0304395307,26.3332661026,0.0000000000,26.3332661026,317.1387806182,342.1207103528,342.1207103528,442.3332661026,457.0672957487,520.9267762862,0: optimal
2017-12-21 23:00:00,2017-12-21,LightGBM robust,411.0000000000,416.0639344362,25.5807596236,0.0000000000,25.5807596236,342.1207103528,366.3887497592,366.3887497592,436.5807596236,457.0672957487,520.9267762862,0: optimal
2017-12-22 00:00:00,2017-12-22,LightGBM robust,409.0000000000,412.1377131747,25.6121809904,0.0000000000,25.6121809904,366.3887497592,390.6865980914,390.6865980914,434.6121809904,450.3860432324,515.1003000325,0: optimal
2017-12-22 01:00:00,2017-12-22,LightGBM robust,405.0000000000,410.5600999738,27.5137891055,0.0000000000,27.5137891055,390.6865980914,416.7884702819,416.7884702819,432.5137891055,450.3860432324,515.1003000325,0: optimal
2017-12-22 02:00:00,2017-12-22,LightGBM robust,403.0000000000,410.5885065371,0.0000000000,183.1943748796,-183.1943748796,416.7884702819,223.6846438985,223.6846438985,219.8056251204,450.3860432324,515.1003000325,0: optimal
2017-12-22 03:00:00,2017-12-22,LightGBM robust,403.0000000000,407.8814812622,29.8780099182,0.0000000000,29.8780099182,223.6846438985,252.0294128868,252.0294128868,432.8780099182,450.3860432324,515.1003000325,0: optimal
2017-12-22 04:00:00,2017-12-22,LightGBM robust,405.0000000000,408.3616651198,31.2583918124,0.0000000000,31.2583918124,252.0294128868,281.6837271232,281.6837271232,436.2583918124,450.3860432324,515.1003000325,0: optimal
2017-12-22 05:00:00,2017-12-22,LightGBM robust,402.0000000000,408.3084219083,29.9262811282,0.0000000000,29.9262811282,281.6837271232,310.0742902022,310.0742902022,431.9262811282,450.3860432324,515.1003000325,0: optimal
2017-12-22 06:00:00,2017-12-22,LightGBM robust,405.0000000000,407.7947734722,29.7822289476,0.0000000000,29.7822289476,310.0742902022,338.3281933835,338.3281933835,434.7822289476,450.3860432324,515.1003000325,0: optimal
2017-12-22 07:00:00,2017-12-22,LightGBM robust,405.0000000000,409.3253197719,29.7474753175,0.0000000000,29.7474753175,338.3281933835,366.5491263764,366.5491263764,434.7474753175,450.3860432324,515.1003000325,0: optimal
2017-12-22 08:00:00,2017-12-22,LightGBM robust,427.0000000000,412.5679945206,27.8379897562,0.0000000000,27.8379897562,366.5491263764,392.9585623094,392.9585623094,454.8379897562,450.3860432324,515.1003000325,0: optimal
2017-12-22 09:00:00,2017-12-22,LightGBM robust,409.0000000000,420.2078376344,20.1313339338,0.0000000000,20.1313339338,392.9585623094,412.0568225798,412.0568225798,429.1313339338,450.3860432324,515.1003000325,0: optimal
2017-12-22 10:00:00,2017-12-22,LightGBM robust,436.0000000000,429.5648357993,7.7263132227,0.0000000000,7.7263132227,412.0568225798,419.3866468897,419.3866468897,443.7263132227,450.3860432324,515.1003000325,0: optimal
2017-12-22 11:00:00,2017-12-22,LightGBM robust,444.0000000000,444.1663450739,0.0000000000,14.2360357706,-14.2360357706,419.3866468897,404.3805475941,404.3805475941,429.7639642294,450.3860432324,515.1003000325,0: optimal
2017-12-22 12:00:00,2017-12-22,LightGBM robust,440.0000000000,452.9298978742,0.0000000000,17.8286361105,-17.8286361105,404.3805475941,385.5875150330,385.5875150330,422.1713638895,450.3860432324,515.1003000325,0: optimal
2017-12-22 13:00:00,2017-12-22,LightGBM robust,425.0000000000,454.2003968645,0.0000000000,15.9747093901,-15.9747093901,385.5875150330,368.7486928223,368.7486928223,409.0252906099,450.3860432324,515.1003000325,0: optimal
2017-12-22 14:00:00,2017-12-22,LightGBM robust,431.0000000000,452.4771432618,0.0000000000,18.5702146887,-18.5702146887,368.7486928223,349.1739678041,349.1739678041,412.4297853113,450.3860432324,515.1003000325,0: optimal
2017-12-22 15:00:00,2017-12-22,LightGBM robust,426.0000000000,453.0790995487,0.0000000000,23.5624991192,-23.5624991192,349.1739678041,324.3369129433,324.3369129433,402.4375008808,450.3860432324,515.1003000325,0: optimal
2017-12-22 16:00:00,2017-12-22,LightGBM robust,423.0000000000,450.6112568299,0.0000000000,16.7221290240,-16.7221290240,324.3369129433,306.7102412623,306.7102412623,406.2778709760,450.3860432324,515.1003000325,0: optimal
2017-12-22 17:00:00,2017-12-22,LightGBM robust,420.0000000000,448.1880194539,0.0000000000,14.0383318600,-14.0383318600,306.7102412623,291.9125401866,291.9125401866,405.9616681400,450.3860432324,515.1003000325,0: optimal
2017-12-22 18:00:00,2017-12-22,LightGBM robust,410.0000000000,439.0613776803,0.0000000000,5.6053246296,-5.6053246296,291.9125401866,286.0040092353,286.0040092353,404.3946753704,450.3860432324,515.1003000325,0: optimal
2017-12-22 19:00:00,2017-12-22,LightGBM robust,399.0000000000,430.6876262566,2.5885834885,0.0000000000,2.5885834885,286.0040092353,288.4597551564,288.4597551564,401.5885834885,450.3860432324,515.1003000325,0: optimal
2017-12-22 20:00:00,2017-12-22,LightGBM robust,395.0000000000,426.9536793263,8.5526998448,0.0000000000,8.5526998448,288.4597551564,296.5735586524,296.5735586524,403.5526998448,450.3860432324,515.1003000325,0: optimal
2017-12-22 21:00:00,2017-12-22,LightGBM robust,393.0000000000,416.0531292793,21.9986234105,0.0000000000,21.9986234105,296.5735586524,317.4432852621,317.4432852621,414.9986234105,450.3860432324,515.1003000325,0: optimal
2017-12-22 22:00:00,2017-12-22,LightGBM robust,389.0000000000,412.3843971339,27.0568879208,0.0000000000,27.0568879208,317.4432852621,343.1117029297,343.1117029297,416.0568879208,450.3860432324,515.1003000325,0: optimal
2017-12-22 23:00:00,2017-12-22,LightGBM robust,389.0000000000,411.5419308253,24.5361617278,0.0000000000,24.5361617278,343.1117029297,366.3887497592,366.3887497592,413.5361617278,450.3860432324,515.1003000325,0: optimal
2017-12-23 00:00:00,2017-12-23,LightGBM robust,389.0000000000,413.7034359457,16.4701169464,0.0000000000,16.4701169464,366.3887497592,382.0136746232,382.0136746232,405.4701169464,439.4019240909,490.3594978099,0: optimal
2017-12-23 01:00:00,2017-12-23,LightGBM robust,387.0000000000,422.2742021742,8.0303044339,0.0000000000,8.0303044339,382.0136746232,389.6318903179,389.6318903179,395.0303044339,439.4019240909,490.3594978099,0: optimal
2017-12-23 02:00:00,2017-12-23,LightGBM robust,385.0000000000,420.2863415176,0.0000000000,183.1943748796,-183.1943748796,389.6318903179,196.5280639345,196.5280639345,201.8056251204,439.4019240909,490.3594978099,0: optimal
2017-12-23 03:00:00,2017-12-23,LightGBM robust,386.0000000000,413.0432528879,16.2443091643,0.0000000000,16.2443091643,196.5280639345,211.9387687270,211.9387687270,402.2443091643,439.4019240909,490.3594978099,0: optimal
2017-12-23 04:00:00,2017-12-23,LightGBM robust,385.0000000000,413.8041025502,18.8798765120,0.0000000000,18.8798765120,211.9387687270,229.8497922432,229.8497922432,403.8798765120,439.4019240909,490.3594978099,0: optimal
2017-12-23 05:00:00,2017-12-23,LightGBM robust,384.0000000000,413.3519317083,17.9466934581,0.0000000000,17.9466934581,229.8497922432,246.8755205822,246.8755205822,401.9466934581,439.4019240909,490.3594978099,0: optimal
2017-12-23 06:00:00,2017-12-23,LightGBM robust,385.0000000000,414.1363656589,17.6441345341,0.0000000000,17.6441345341,246.8755205822,263.6142163232,263.6142163232,402.6441345341,439.4019240909,490.3594978099,0: optimal
2017-12-23 07:00:00,2017-12-23,LightGBM robust,387.0000000000,412.7617246460,17.4026657176,0.0000000000,17.4026657176,263.6142163232,280.1238346311,280.1238346311,404.4026657176,439.4019240909,490.3594978099,0: optimal
2017-12-23 08:00:00,2017-12-23,LightGBM robust,382.0000000000,412.0153322233,17.4254252143,0.0000000000,17.4254252143,280.1238346311,296.6550444934,296.6550444934,399.4254252143,439.4019240909,490.3594978099,0: optimal
2017-12-23 09:00:00,2017-12-23,LightGBM robust,389.0000000000,410.3734038605,15.6647061153,0.0000000000,15.6647061153,296.6550444934,311.5158895539,311.5158895539,404.6647061153,439.4019240909,490.3594978099,0: optimal
2017-12-23 10:00:00,2017-12-23,LightGBM robust,385.0000000000,410.4634074775,11.6412678385,0.0000000000,11.6412678385,311.5158895539,322.5597659204,322.5597659204,396.6412678385,439.4019240909,490.3594978099,0: optimal
2017-12-23 11:00:00,2017-12-23,LightGBM robust,388.0000000000,413.2554138985,1.4884216988,0.0000000000,1.4884216988,322.5597659204,323.9718067265,323.9718067265,389.4884216988,439.4019240909,490.3594978099,0: optimal
2017-12-23 12:00:00,2017-12-23,LightGBM robust,394.0000000000,415.5977316788,4.3170563789,0.0000000000,4.3170563789,323.9718067265,328.0673260099,328.0673260099,398.3170563789,439.4019240909,490.3594978099,0: optimal
2017-12-23 13:00:00,2017-12-23,LightGBM robust,396.0000000000,418.0666769235,10.0311579841,0.0000000000,10.0311579841,328.0673260099,337.5837180496,337.5837180496,406.0311579841,439.4019240909,490.3594978099,0: optimal
2017-12-23 14:00:00,2017-12-23,LightGBM robust,395.0000000000,421.6947782139,2.7993072277,0.0000000000,2.7993072277,337.5837180496,340.2393740626,340.2393740626,397.7993072277,439.4019240909,490.3594978099,0: optimal
2017-12-23 15:00:00,2017-12-23,LightGBM robust,399.0000000000,421.2561199806,1.0163275254,0.0000000000,1.0163275254,340.2393740626,341.2035470114,341.2035470114,400.0163275254,439.4019240909,490.3594978099,0: optimal
2017-12-23 16:00:00,2017-12-23,LightGBM robust,399.0000000000,419.5573520663,7.0876228162,0.0000000000,7.0876228162,341.2035470114,347.9274564000,347.9274564000,406.0876228162,439.4019240909,490.3594978099,0: optimal
2017-12-23 17:00:00,2017-12-23,LightGBM robust,400.0000000000,417.3185148049,8.2315995971,0.0000000000,8.2315995971,347.9274564000,355.7366374539,355.7366374539,408.2315995971,439.4019240909,490.3594978099,0: optimal
2017-12-23 18:00:00,2017-12-23,LightGBM robust,399.0000000000,413.4295112476,11.7773400633,0.0000000000,11.7773400633,355.7366374539,366.9096032674,366.9096032674,410.7773400633,439.4019240909,490.3594978099,0: optimal
2017-12-23 19:00:00,2017-12-23,LightGBM robust,398.0000000000,428.9179031098,0.0000000000,2.9895436795,-2.9895436795,366.9096032674,363.7583475369,363.7583475369,395.0104563205,439.4019240909,490.3594978099,0: optimal
2017-12-23 20:00:00,2017-12-23,LightGBM robust,396.0000000000,429.3203349917,0.0000000000,4.7791826598,-4.7791826598,363.7583475369,358.7206466839,358.7206466839,391.2208173402,439.4019240909,490.3594978099,0: optimal
2017-12-23 21:00:00,2017-12-23,LightGBM robust,389.0000000000,425.3142201253,2.0432956859,0.0000000000,2.0432956859,358.7206466839,360.6590871741,360.6590871741,391.0432956859,439.4019240909,490.3594978099,0: optimal
2017-12-23 22:00:00,2017-12-23,LightGBM robust,392.0000000000,423.0659637784,6.0395946644,0.0000000000,6.0395946644,360.6590871741,366.3887497592,366.3887497592,398.0395946644,439.4019240909,490.3594978099,0: optimal
2017-12-23 23:00:00,2017-12-23,LightGBM robust,392.0000000000,425.1128657140,0.0000000000,0.0000000000,0.0000000000,366.3887497592,366.3887497592,366.3887497592,392.0000000000,439.4019240909,490.3594978099,0: optimal
2017-12-24 00:00:00,2017-12-24,LightGBM robust,391.0000000000,426.1043275274,5.4013784511,0.0000000000,5.4013784511,366.3887497592,371.5129472822,371.5129472822,396.4013784511,449.2683499662,551.8189901668,0: optimal
2017-12-24 01:00:00,2017-12-24,LightGBM robust,390.0000000000,426.1699883000,4.9615516764,0.0000000000,4.9615516764,371.5129472822,376.2198884900,376.2198884900,394.9615516764,449.2683499662,551.8189901668,0: optimal
2017-12-24 02:00:00,2017-12-24,LightGBM robust,388.0000000000,425.9670582586,0.0000000000,183.1943748796,-183.1943748796,376.2198884900,183.1160621066,183.1160621066,204.8056251204,449.2683499662,551.8189901668,0: optimal
2017-12-24 03:00:00,2017-12-24,LightGBM robust,390.0000000000,414.4256254891,16.9945035185,0.0000000000,16.9945035185,183.1160621066,199.2384637533,199.2384637533,406.9945035185,449.2683499662,551.8189901668,0: optimal
2017-12-24 04:00:00,2017-12-24,LightGBM robust,387.0000000000,413.2559673353,20.1199014103,0.0000000000,20.1199014103,199.2384637533,218.3258781797,218.3258781797,407.1199014103,449.2683499662,551.8189901668,0: optimal
2017-12-24 05:00:00,2017-12-24,LightGBM robust,386.0000000000,416.5408092900,17.2912576418,0.0000000000,17.2912576418,218.3258781797,234.7298055068,234.7298055068,403.2912576418,449.2683499662,551.8189901668,0: optimal
2017-12-24 06:00:00,2017-12-24,LightGBM robust,387.0000000000,414.4092549125,18.1254613358,0.0000000000,18.1254613358,234.7298055068,251.9251279455,251.9251279455,405.1254613358,449.2683499662,551.8189901668,0: optimal
2017-12-24 07:00:00,2017-12-24,LightGBM robust,385.0000000000,415.6440759010,16.6528814181,0.0000000000,16.6528814181,251.9251279455,267.7234384113,267.7234384113,401.6528814181,449.2683499662,551.8189901668,0: optimal
2017-12-24 08:00:00,2017-12-24,LightGBM robust,388.0000000000,420.8674029901,12.5962321838,0.0000000000,12.5962321838,267.7234384113,279.6732735024,279.6732735024,400.5962321838,449.2683499662,551.8189901668,0: optimal
2017-12-24 09:00:00,2017-12-24,LightGBM robust,389.0000000000,417.0638801691,15.6269161763,0.0000000000,15.6269161763,279.6732735024,294.4982678789,294.4982678789,404.6269161763,449.2683499662,551.8189901668,0: optimal
2017-12-24 10:00:00,2017-12-24,LightGBM robust,387.0000000000,420.7235266810,10.1722886171,0.0000000000,10.1722886171,294.4982678789,304.1485481929,304.1485481929,397.1722886171,449.2683499662,551.8189901668,0: optimal
2017-12-24 11:00:00,2017-12-24,LightGBM robust,387.0000000000,419.7217488045,3.8132267749,0.0000000000,3.8132267749,304.1485481929,307.7660927459,307.7660927459,390.8132267749,449.2683499662,551.8189901668,0: optimal
2017-12-24 12:00:00,2017-12-24,LightGBM robust,389.0000000000,420.6993374465,8.0065905933,0.0000000000,8.0065905933,307.7660927459,315.3618115162,315.3618115162,397.0065905933,449.2683499662,551.8189901668,0: optimal
2017-12-24 13:00:00,2017-12-24,LightGBM robust,391.0000000000,424.4436946215,5.7867072416,0.0000000000,5.7867072416,315.3618115162,320.8515640270,320.8515640270,396.7867072416,449.2683499662,551.8189901668,0: optimal
2017-12-24 14:00:00,2017-12-24,LightGBM robust,394.0000000000,424.0385537026,1.5084698277,0.0000000000,1.5084698277,320.8515640270,322.2826241581,322.2826241581,395.5084698277,449.2683499662,551.8189901668,0: optimal
2017-12-24 15:00:00,2017-12-24,LightGBM robust,392.0000000000,424.3360147632,0.0000000000,3.1793193765,-3.1793193765,322.2826241581,318.9313272785,318.9313272785,388.8206806235,449.2683499662,551.8189901668,0: optimal
2017-12-24 16:00:00,2017-12-24,LightGBM robust,393.0000000000,423.9707427152,1.5584800478,0.0000000000,1.5584800478,318.9313272785,320.4098312703,320.4098312703,394.5584800478,449.2683499662,551.8189901668,0: optimal
2017-12-24 17:00:00,2017-12-24,LightGBM robust,394.0000000000,421.7963549961,3.9934275550,0.0000000000,3.9934275550,320.4098312703,324.1983292937,324.1983292937,397.9934275550,449.2683499662,551.8189901668,0: optimal
2017-12-24 18:00:00,2017-12-24,LightGBM robust,391.0000000000,421.8294161318,3.2667318761,0.0000000000,3.2667318761,324.1983292937,327.2974232638,327.2974232638,394.2667318761,449.2683499662,551.8189901668,0: optimal
2017-12-24 19:00:00,2017-12-24,LightGBM robust,390.0000000000,425.8780478894,4.0731892772,0.0000000000,4.0731892772,327.2974232638,331.1615899009,331.1615899009,394.0731892772,449.2683499662,551.8189901668,0: optimal
2017-12-24 20:00:00,2017-12-24,LightGBM robust,394.0000000000,424.7163398147,5.1186092801,0.0000000000,5.1186092801,331.1615899009,336.0175290341,336.0175290341,399.1186092801,449.2683499662,551.8189901668,0: optimal
2017-12-24 21:00:00,2017-12-24,LightGBM robust,395.0000000000,420.3608595270,11.3752821584,0.0000000000,11.3752821584,336.0175290341,346.8090692284,346.8090692284,406.3752821584,449.2683499662,551.8189901668,0: optimal
2017-12-24 22:00:00,2017-12-24,LightGBM robust,388.0000000000,422.2151677658,10.9105062843,0.0000000000,10.9105062843,346.8090692284,357.1596843136,357.1596843136,398.9105062843,449.2683499662,551.8189901668,0: optimal
2017-12-24 23:00:00,2017-12-24,LightGBM robust,387.0000000000,420.6783733158,9.7282891610,0.0000000000,9.7282891610,357.1596843136,366.3887497592,366.3887497592,396.7282891610,449.2683499662,551.8189901668,0: optimal
2017-12-25 00:00:00,2017-12-25,LightGBM robust,387.0000000000,420.9198615655,19.7324518684,0.0000000000,19.7324518684,366.3887497592,385.1085972764,385.1085972764,406.7324518684,450.3613795270,502.9524836912,0: optimal
2017-12-25 01:00:00,2017-12-25,LightGBM robust,385.0000000000,420.6049049038,16.7382146545,0.0000000000,16.7382146545,385.1085972764,400.9878619583,400.9878619583,401.7382146545,450.3613795270,502.9524836912,0: optimal
2017-12-25 02:00:00,2017-12-25,LightGBM robust,386.0000000000,420.0375812343,0.0000000000,0.0000000000,0.0000000000,400.9878619583,400.9878619583,400.9878619583,386.0000000000,450.3613795270,502.9524836912,0: optimal
2017-12-25 03:00:00,2017-12-25,LightGBM robust,387.0000000000,418.6214022371,21.0823734824,0.0000000000,21.0823734824,400.9878619583,420.9883575643,420.9883575643,408.0823734824,450.3613795270,502.9524836912,0: optimal
2017-12-25 04:00:00,2017-12-25,LightGBM robust,387.0000000000,413.6745186568,29.1642189187,0.0000000000,29.1642189187,420.9883575643,448.6559649532,448.6559649532,416.1642189187,450.3613795270,502.9524836912,0: optimal
2017-12-25 05:00:00,2017-12-25,LightGBM robust,385.0000000000,418.4847226799,22.5275694968,0.0000000000,22.5275694968,448.6559649532,470.0274938805,470.0274938805,407.5275694968,450.3613795270,502.9524836912,0: optimal
2017-12-25 06:00:00,2017-12-25,LightGBM robust,385.0000000000,418.9656278124,23.0319572658,0.0000000000,23.0319572658,470.0274938805,491.8775270600,491.8775270600,408.0319572658,450.3613795270,502.9524836912,0: optimal
2017-12-25 07:00:00,2017-12-25,LightGBM robust,382.0000000000,419.7302490861,20.8153583651,0.0000000000,20.8153583651,491.8775270600,511.6247098839,511.6247098839,402.8153583651,450.3613795270,502.9524836912,0: optimal
2017-12-25 08:00:00,2017-12-25,LightGBM robust,384.0000000000,428.1132473746,13.0568997940,0.0000000000,13.0568997940,511.6247098839,524.0115726427,524.0115726427,397.0568997940,450.3613795270,502.9524836912,0: optimal
2017-12-25 09:00:00,2017-12-25,LightGBM robust,384.0000000000,431.7447667886,8.6525415515,0.0000000000,8.6525415515,524.0115726427,532.2200942983,532.2200942983,392.6525415515,450.3613795270,502.9524836912,0: optimal
2017-12-25 10:00:00,2017-12-25,LightGBM robust,385.0000000000,447.3152764915,0.0000000000,10.2035454333,-10.2035454333,532.2200942983,521.4646130390,521.4646130390,374.7964545667,450.3613795270,502.9524836912,0: optimal
2017-12-25 11:00:00,2017-12-25,LightGBM robust,385.0000000000,458.9129515663,0.0000000000,29.1620602268,-29.1620602268,521.4646130390,490.7251025125,490.7251025125,355.8379397732,450.3613795270,502.9524836912,0: optimal
2017-12-25 12:00:00,2017-12-25,LightGBM robust,388.0000000000,457.9216059317,0.0000000000,22.9997621318,-22.9997621318,490.7251025125,466.4812245196,466.4812245196,365.0002378682,450.3613795270,502.9524836912,0: optimal
2017-12-25 13:00:00,2017-12-25,LightGBM robust,390.0000000000,457.3817773205,0.0000000000,18.9027253253,-18.9027253253,466.4812245196,446.5560025155,446.5560025155,371.0972746747,450.3613795270,502.9524836912,0: optimal
2017-12-25 14:00:00,2017-12-25,LightGBM robust,389.0000000000,459.2894275265,0.0000000000,25.4937538641,-25.4937538641,446.5560025155,419.6832264093,419.6832264093,363.5062461359,450.3613795270,502.9524836912,0: optimal
2017-12-25 15:00:00,2017-12-25,LightGBM robust,387.0000000000,455.2965105835,0.0000000000,25.8911650648,-25.8911650648,419.6832264093,392.3915421160,392.3915421160,361.1088349352,450.3613795270,502.9524836912,0: optimal
2017-12-25 16:00:00,2017-12-25,LightGBM robust,390.0000000000,454.8579612127,0.0000000000,21.0800883176,-21.0800883176,392.3915421160,370.1711779956,370.1711779956,368.9199116824,450.3613795270,502.9524836912,0: optimal
2017-12-25 17:00:00,2017-12-25,LightGBM robust,390.0000000000,452.7276721430,0.0000000000,18.6892394598,-18.6892394598,370.1711779956,350.4709898526,350.4709898526,371.3107605402,450.3613795270,502.9524836912,0: optimal
2017-12-25 18:00:00,2017-12-25,LightGBM robust,387.0000000000,448.2770601510,0.0000000000,14.9322620111,-14.9322620111,350.4709898526,334.7310036614,334.7310036614,372.0677379889,450.3613795270,502.9524836912,0: optimal
2017-12-25 19:00:00,2017-12-25,LightGBM robust,386.0000000000,436.9876060572,0.0000000000,3.4422342000,-3.4422342000,334.7310036614,331.1025702242,331.1025702242,382.5577658000,450.3613795270,502.9524836912,0: optimal
2017-12-25 20:00:00,2017-12-25,LightGBM robust,383.0000000000,437.8614431964,0.0000000000,1.5909011335,-1.5909011335,331.1025702242,329.4256131862,329.4256131862,381.4090988665,450.3613795270,502.9524836912,0: optimal
2017-12-25 21:00:00,2017-12-25,LightGBM robust,383.0000000000,428.2102941578,9.7302036212,0.0000000000,9.7302036212,329.4256131862,338.6564948483,338.6564948483,392.7302036212,450.3613795270,502.9524836912,0: optimal
2017-12-25 22:00:00,2017-12-25,LightGBM robust,382.0000000000,424.1418457337,15.5686014331,0.0000000000,15.5686014331,338.6564948483,353.4261670019,353.4261670019,397.5686014331,450.3613795270,502.9524836912,0: optimal
2017-12-25 23:00:00,2017-12-25,LightGBM robust,382.0000000000,423.1784934878,13.6637619572,0.0000000000,13.6637619572,353.4261670019,366.3887497592,366.3887497592,395.6637619572,450.3613795270,502.9524836912,0: optimal
2017-12-26 00:00:00,2017-12-26,LightGBM robust,379.0000000000,418.1208412708,22.5791268565,0.0000000000,22.5791268565,366.3887497592,387.8091902925,387.8091902925,401.5791268565,453.1381352055,517.2531498249,0: optimal
2017-12-26 01:00:00,2017-12-26,LightGBM robust,382.0000000000,415.2530102112,24.1748345906,0.0000000000,24.1748345906,387.8091902925,410.7434521017,410.7434521017,406.1748345906,453.1381352055,517.2531498249,0: optimal
2017-12-26 02:00:00,2017-12-26,LightGBM robust,382.0000000000,413.9304022962,0.0000000000,183.1943748796,-183.1943748796,410.7434521017,217.6396257183,217.6396257183,198.8056251204,453.1381352055,517.2531498249,0: optimal
2017-12-26 03:00:00,2017-12-26,LightGBM robust,383.0000000000,412.1020412540,27.7119360334,0.0000000000,27.7119360334,217.6396257183,243.9294765898,243.9294765898,410.7119360334,453.1381352055,517.2531498249,0: optimal
2017-12-26 04:00:00,2017-12-26,LightGBM robust,381.0000000000,412.5858852091,29.9842456853,0.0000000000,29.9842456853,243.9294765898,272.3750296761,272.3750296761,410.9842456853,453.1381352055,517.2531498249,0: optimal
2017-12-26 05:00:00,2017-12-26,LightGBM robust,383.0000000000,411.9783087234,30.0987810256,0.0000000000,30.0987810256,272.3750296761,300.9292405268,300.9292405268,413.0987810256,453.1381352055,517.2531498249,0: optimal
2017-12-26 06:00:00,2017-12-26,LightGBM robust,382.0000000000,412.8037716269,28.9252067701,0.0000000000,28.9252067701,300.9292405268,328.3701010822,328.3701010822,410.9252067701,453.1381352055,517.2531498249,0: optimal
2017-12-26 07:00:00,2017-12-26,LightGBM robust,381.0000000000,420.9970968070,19.5961653375,0.0000000000,19.5961653375,328.3701010822,346.9606558438,346.9606558438,400.5961653375,453.1381352055,517.2531498249,0: optimal
2017-12-26 08:00:00,2017-12-26,LightGBM robust,381.0000000000,432.9142182629,7.9452098983,0.0000000000,7.9452098983,346.9606558438,354.4981437738,354.4981437738,388.9452098983,453.1381352055,517.2531498249,0: optimal
2017-12-26 09:00:00,2017-12-26,LightGBM robust,381.0000000000,428.2285775811,7.5829481608,0.0000000000,7.5829481608,354.4981437738,361.6919600439,361.6919600439,388.5829481608,453.1381352055,517.2531498249,0: optimal
2017-12-26 10:00:00,2017-12-26,LightGBM robust,385.0000000000,440.6386046990,0.0000000000,8.7605136170,-8.7605136170,361.6919600439,352.4575678764,352.4575678764,376.2394863830,453.1381352055,517.2531498249,0: optimal
2017-12-26 11:00:00,2017-12-26,LightGBM robust,392.0000000000,445.9880891363,0.0000000000,21.4708377730,-21.4708377730,352.4575678764,329.8253176649,329.8253176649,370.5291622270,453.1381352055,517.2531498249,0: optimal
2017-12-26 12:00:00,2017-12-26,LightGBM robust,393.0000000000,447.2900774824,0.0000000000,17.6018736587,-17.6018736587,329.8253176649,311.2713137156,311.2713137156,375.3981263413,453.1381352055,517.2531498249,0: optimal
2017-12-26 13:00:00,2017-12-26,LightGBM robust,394.0000000000,436.9444081524,0.0000000000,0.0000000000,0.0000000000,311.2713137156,311.2713137156,311.2713137156,394.0000000000,453.1381352055,517.2531498249,0: optimal
2017-12-26 14:00:00,2017-12-26,LightGBM robust,396.0000000000,441.0082078195,0.0000000000,4.5720164037,-4.5720164037,311.2713137156,306.4519852705,306.4519852705,391.4279835963,453.1381352055,517.2531498249,0: optimal
2017-12-26 15:00:00,2017-12-26,LightGBM robust,397.0000000000,437.6314832570,0.0000000000,5.5856199848,-5.5856199848,306.4519852705,300.5642248384,300.5642248384,391.4143800152,453.1381352055,517.2531498249,0: optimal
2017-12-26 16:00:00,2017-12-26,LightGBM robust,399.0000000000,436.5313559641,0.0000000000,0.1129653156,-0.1129653156,300.5642248384,300.4451489404,300.4451489404,398.8870346844,453.1381352055,517.2531498249,0: optimal
2017-12-26 17:00:00,2017-12-26,LightGBM robust,400.0000000000,433.1371576767,3.5417927599,0.0000000000,3.5417927599,300.4451489404,303.8051885769,303.8051885769,403.5417927599,453.1381352055,517.2531498249,0: optimal
2017-12-26 18:00:00,2017-12-26,LightGBM robust,396.0000000000,426.3346674128,9.6506484806,0.0000000000,9.6506484806,303.8051885769,312.9605976058,312.9605976058,405.6506484806,453.1381352055,517.2531498249,0: optimal
2017-12-26 19:00:00,2017-12-26,LightGBM robust,396.0000000000,422.5475032066,14.7995269474,0.0000000000,14.7995269474,312.9605976058,327.0006616398,327.0006616398,410.7995269474,453.1381352055,517.2531498249,0: optimal
2017-12-26 20:00:00,2017-12-26,LightGBM robust,392.0000000000,427.2871695871,9.8379017738,0.0000000000,9.8379017738,327.0006616398,336.3337147405,336.3337147405,401.8379017738,453.1381352055,517.2531498249,0: optimal
2017-12-26 21:00:00,2017-12-26,LightGBM robust,386.0000000000,428.2417845624,10.5532425147,0.0000000000,10.5532425147,336.3337147405,346.3453996545,346.3453996545,396.5532425147,453.1381352055,517.2531498249,0: optimal
2017-12-26 22:00:00,2017-12-26,LightGBM robust,385.0000000000,428.7408091796,11.4437502623,0.0000000000,11.4437502623,346.3453996545,357.2018943954,357.2018943954,396.4437502623,453.1381352055,517.2531498249,0: optimal
2017-12-26 23:00:00,2017-12-26,LightGBM robust,384.0000000000,428.0129889150,9.6837958280,0.0000000000,9.6837958280,357.2018943954,366.3887497592,366.3887497592,393.6837958280,453.1381352055,517.2531498249,0: optimal
2017-12-27 00:00:00,2017-12-27,LightGBM robust,385.0000000000,430.1046000813,9.2405601802,0.0000000000,9.2405601802,366.3887497592,375.1551148668,375.1551148668,394.2405601802,457.4275928910,574.9153440834,0: optimal
2017-12-27 01:00:00,2017-12-27,LightGBM robust,386.0000000000,424.0472687753,14.4505948152,0.0000000000,14.4505948152,375.1551148668,388.8641528148,388.8641528148,400.4505948152,457.4275928910,574.9153440834,0: optimal
2017-12-27 02:00:00,2017-12-27,LightGBM robust,385.0000000000,428.0468060469,0.0000000000,183.1943748796,-183.1943748796,388.8641528148,195.7603264314,195.7603264314,201.8056251204,457.4275928910,574.9153440834,0: optimal
2017-12-27 03:00:00,2017-12-27,LightGBM robust,386.0000000000,421.7936493586,16.9928032631,0.0000000000,16.9928032631,195.7603264314,211.8811150742,211.8811150742,402.9928032631,457.4275928910,574.9153440834,0: optimal
2017-12-27 04:00:00,2017-12-27,LightGBM robust,384.0000000000,423.5505816949,18.4817012239,0.0000000000,18.4817012239,211.8811150742,229.4143963449,229.4143963449,402.4817012239,457.4275928910,574.9153440834,0: optimal
2017-12-27 05:00:00,2017-12-27,LightGBM robust,385.0000000000,424.9276406865,16.7438805283,0.0000000000,16.7438805283,229.4143963449,245.2990361466,245.2990361466,401.7438805283,457.4275928910,574.9153440834,0: optimal
2017-12-27 06:00:00,2017-12-27,LightGBM robust,383.0000000000,424.8236925441,15.1655358622,0.0000000000,15.1655358622,245.2990361466,259.6863267251,259.6863267251,398.1655358622,457.4275928910,574.9153440834,0: optimal
2017-12-27 07:00:00,2017-12-27,LightGBM robust,386.0000000000,423.7069127544,15.9563681788,0.0000000000,15.9563681788,259.6863267251,274.8238667138,274.8238667138,401.9563681788,457.4275928910,574.9153440834,0: optimal
2017-12-27 08:00:00,2017-12-27,LightGBM robust,385.0000000000,430.9298752006,9.3580537791,0.0000000000,9.3580537791,274.8238667138,283.7016960363,283.7016960363,394.3580537791,457.4275928910,574.9153440834,0: optimal
2017-12-27 09:00:00,2017-12-27,LightGBM robust,389.0000000000,428.6244889011,9.3179231517,0.0000000000,9.3179231517,283.7016960363,292.5414541029,292.5414541029,398.3179231517,457.4275928910,574.9153440834,0: optimal
2017-12-27 10:00:00,2017-12-27,LightGBM robust,401.0000000000,428.0421903653,6.8521991413,0.0000000000,6.8521991413,292.5414541029,299.0420209832,299.0420209832,407.8521991413,457.4275928910,574.9153440834,0: optimal
2017-12-27 11:00:00,2017-12-27,LightGBM robust,407.0000000000,429.5308534340,0.0000000000,1.9973036460,-1.9973036460,299.0420209832,296.9366780830,296.9366780830,405.0026963540,457.4275928910,574.9153440834,0: optimal
2017-12-27 12:00:00,2017-12-27,LightGBM robust,413.0000000000,428.7347218018,3.9697804466,0.0000000000,3.9697804466,296.9366780830,300.7027424897,300.7027424897,416.9697804466,457.4275928910,574.9153440834,0: optimal
2017-12-27 13:00:00,2017-12-27,LightGBM robust,413.0000000000,429.5662690490,5.6342670576,0.0000000000,5.6342670576,300.7027424897,306.0478775440,306.0478775440,418.6342670576,457.4275928910,574.9153440834,0: optimal
2017-12-27 14:00:00,2017-12-27,LightGBM robust,424.0000000000,431.0804067362,2.7815259373,0.0000000000,2.7815259373,306.0478775440,308.6866647437,308.6866647437,426.7815259373,457.4275928910,574.9153440834,0: optimal
2017-12-27 15:00:00,2017-12-27,LightGBM robust,426.0000000000,430.5997707204,1.0405240175,0.0000000000,1.0405240175,308.6866647437,309.6737925004,309.6737925004,427.0405240175,457.4275928910,574.9153440834,0: optimal
2017-12-27 16:00:00,2017-12-27,LightGBM robust,424.0000000000,431.8430543464,4.1697677680,0.0000000000,4.1697677680,309.6737925004,313.6295815386,313.6295815386,428.1697677680,457.4275928910,574.9153440834,0: optimal
2017-12-27 17:00:00,2017-12-27,LightGBM robust,426.0000000000,431.2541244110,3.6638372229,0.0000000000,3.6638372229,313.6295815386,317.1054027187,317.1054027187,429.6638372229,457.4275928910,574.9153440834,0: optimal
2017-12-27 18:00:00,2017-12-27,LightGBM robust,419.0000000000,430.3013841752,5.2783631840,0.0000000000,5.2783631840,317.1054027187,322.1128977124,322.1128977124,424.2783631840,457.4275928910,574.9153440834,0: optimal
2017-12-27 19:00:00,2017-12-27,LightGBM robust,414.0000000000,429.1629680328,6.0953109730,0.0000000000,6.0953109730,322.1128977124,327.8954174289,327.8954174289,420.0953109730,457.4275928910,574.9153440834,0: optimal
2017-12-27 20:00:00,2017-12-27,LightGBM robust,412.0000000000,428.1472758469,5.6862474563,0.0000000000,5.6862474563,327.8954174289,333.2898654193,333.2898654193,417.6862474563,457.4275928910,574.9153440834,0: optimal
2017-12-27 21:00:00,2017-12-27,LightGBM robust,410.0000000000,423.6201429983,12.7587538237,0.0000000000,12.7587538237,333.2898654193,345.3938820757,345.3938820757,422.7587538237,457.4275928910,574.9153440834,0: optimal
2017-12-27 22:00:00,2017-12-27,LightGBM robust,404.0000000000,424.3203488400,13.7754594537,0.0000000000,13.7754594537,345.3938820757,358.4624303825,358.4624303825,417.7754594537,457.4275928910,574.9153440834,0: optimal
2017-12-27 23:00:00,2017-12-27,LightGBM robust,403.0000000000,426.0501624545,8.3550742308,0.0000000000,8.3550742308,358.4624303825,366.3887497592,366.3887497592,411.3550742308,457.4275928910,574.9153440834,0: optimal
2017-12-28 00:00:00,2017-12-28,LightGBM robust,402.0000000000,420.2217474655,18.2655582095,0.0000000000,18.2655582095,366.3887497592,383.7169797621,383.7169797621,420.2655582095,458.2535614810,585.1073218736,0: optimal
2017-12-28 01:00:00,2017-12-28,LightGBM robust,402.0000000000,419.0760994261,18.5438425562,0.0000000000,18.5438425562,383.7169797621,401.3092134768,401.3092134768,420.5438425562,458.2535614810,585.1073218736,0: optimal
2017-12-28 02:00:00,2017-12-28,LightGBM robust,401.0000000000,418.2425434001,0.0000000000,183.1943748796,-183.1943748796,401.3092134768,208.2053870934,208.2053870934,217.8056251204,458.2535614810,585.1073218736,0: optimal
2017-12-28 03:00:00,2017-12-28,LightGBM robust,400.0000000000,416.3201582316,21.2811566035,0.0000000000,21.2811566035,208.2053870934,228.3944649263,228.3944649263,421.2811566035,458.2535614810,585.1073218736,0: optimal
2017-12-28 04:00:00,2017-12-28,LightGBM robust,400.0000000000,418.3281888965,22.0292795457,0.0000000000,22.0292795457,228.3944649263,249.2932744994,249.2932744994,422.0292795457,458.2535614810,585.1073218736,0: optimal
2017-12-28 05:00:00,2017-12-28,LightGBM robust,400.0000000000,416.8585190571,22.0513122353,0.0000000000,22.0513122353,249.2932744994,270.2129861171,270.2129861171,422.0513122353,458.2535614810,585.1073218736,0: optimal
2017-12-28 06:00:00,2017-12-28,LightGBM robust,397.0000000000,422.4933941606,17.0229217842,0.0000000000,17.0229217842,270.2129861171,286.3623476977,286.3623476977,414.0229217842,458.2535614810,585.1073218736,0: optimal
2017-12-28 07:00:00,2017-12-28,LightGBM robust,399.0000000000,422.0632229239,16.4149202228,0.0000000000,16.4149202228,286.3623476977,301.9349083519,301.9349083519,415.4149202228,458.2535614810,585.1073218736,0: optimal
2017-12-28 08:00:00,2017-12-28,LightGBM robust,414.0000000000,421.9338659381,17.6294219054,0.0000000000,17.6294219054,301.9349083519,318.6596464678,318.6596464678,431.6294219054,458.2535614810,585.1073218736,0: optimal
2017-12-28 09:00:00,2017-12-28,LightGBM robust,400.0000000000,423.5689429416,13.6488279750,0.0000000000,13.6488279750,318.6596464678,331.6080616057,331.6080616057,413.6488279750,458.2535614810,585.1073218736,0: optimal
2017-12-28 10:00:00,2017-12-28,LightGBM robust,414.0000000000,429.8464549829,3.6871971305,0.0000000000,3.6871971305,331.6080616057,335.1060439400,335.1060439400,417.6871971305,458.2535614810,585.1073218736,0: optimal
2017-12-28 11:00:00,2017-12-28,LightGBM robust,420.0000000000,427.6127681636,0.0000000000,1.4399557689,-1.4399557689,335.1060439400,333.5881972868,333.5881972868,418.5600442311,458.2535614810,585.1073218736,0: optimal
2017-12-28 12:00:00,2017-12-28,LightGBM robust,422.0000000000,430.0641165770,1.2796482781,0.0000000000,1.2796482781,333.5881972868,334.8021782356,334.8021782356,423.2796482781,458.2535614810,585.1073218736,0: optimal
2017-12-28 13:00:00,2017-12-28,LightGBM robust,427.0000000000,427.6356309364,7.2653421139,0.0000000000,7.2653421139,334.8021782356,341.6946869536,341.6946869536,434.2653421139,458.2535614810,585.1073218736,0: optimal
2017-12-28 14:00:00,2017-12-28,LightGBM robust,426.0000000000,439.4593088972,0.0000000000,6.8638650981,-6.8638650981,341.6946869536,334.4595378662,334.4595378662,419.1361349019,458.2535614810,585.1073218736,0: optimal
2017-12-28 15:00:00,2017-12-28,LightGBM robust,427.0000000000,443.7552082513,0.0000000000,13.3814023878,-13.3814023878,334.4595378662,320.3543012554,320.3543012554,413.6185976122,458.2535614810,585.1073218736,0: optimal
2017-12-28 16:00:00,2017-12-28,LightGBM robust,426.0000000000,443.0287215255,0.0000000000,8.2823882856,-8.2823882856,320.3543012554,311.6238974392,311.6238974392,417.7176117144,458.2535614810,585.1073218736,0: optimal
2017-12-28 17:00:00,2017-12-28,LightGBM robust,427.0000000000,440.4408611245,0.0000000000,5.4339680965,-5.4339680965,311.6238974392,305.8959921334,305.8959921334,421.5660319035,458.2535614810,585.1073218736,0: optimal
2017-12-28 18:00:00,2017-12-28,LightGBM robust,424.0000000000,430.7976342724,2.0204231644,0.0000000000,2.0204231644,305.8959921334,307.8127338444,307.8127338444,426.0204231644,458.2535614810,585.1073218736,0: optimal
2017-12-28 19:00:00,2017-12-28,LightGBM robust,419.0000000000,420.6909001160,14.2678158334,0.0000000000,14.2678158334,307.8127338444,321.3483724252,321.3483724252,433.2678158334,458.2535614810,585.1073218736,0: optimal
2017-12-28 20:00:00,2017-12-28,LightGBM robust,414.0000000000,419.5728112565,12.8999746534,0.0000000000,12.8999746534,321.3483724252,333.5863629241,333.5863629241,426.8999746534,458.2535614810,585.1073218736,0: optimal
2017-12-28 21:00:00,2017-12-28,LightGBM robust,407.0000000000,420.0686890396,14.9627724126,0.0000000000,14.9627724126,333.5863629241,347.7812952045,347.7812952045,421.9627724126,458.2535614810,585.1073218736,0: optimal
2017-12-28 22:00:00,2017-12-28,LightGBM robust,403.0000000000,425.6552262797,10.7657675373,0.0000000000,10.7657675373,347.7812952045,357.9945990578,357.9945990578,413.7657675373,458.2535614810,585.1073218736,0: optimal
2017-12-28 23:00:00,2017-12-28,LightGBM robust,404.0000000000,424.2095895692,8.8482117463,0.0000000000,8.8482117463,357.9945990578,366.3887497592,366.3887497592,412.8482117463,458.2535614810,585.1073218736,0: optimal
2017-12-29 00:00:00,2017-12-29,LightGBM robust,403.0000000000,417.6080799130,17.5899401920,0.0000000000,17.5899401920,366.3887497592,383.0760322330,383.0760322330,420.5899401920,444.8501487348,498.0067917195,0: optimal
2017-12-29 01:00:00,2017-12-29,LightGBM robust,399.0000000000,419.6259301315,14.9844117105,0.0000000000,14.9844117105,383.0760322330,397.2914933539,397.2914933539,413.9844117105,444.8501487348,498.0067917195,0: optimal
2017-12-29 02:00:00,2017-12-29,LightGBM robust,396.0000000000,421.1441572126,0.0000000000,183.1943748796,-183.1943748796,397.2914933539,204.1876669705,204.1876669705,212.8056251204,444.8501487348,498.0067917195,0: optimal
2017-12-29 03:00:00,2017-12-29,LightGBM robust,396.0000000000,413.6734225874,21.5341945328,0.0000000000,21.5341945328,204.1876669705,224.6167976607,224.6167976607,417.5341945328,444.8501487348,498.0067917195,0: optimal
2017-12-29 04:00:00,2017-12-29,LightGBM robust,397.0000000000,413.9249970913,23.1431857808,0.0000000000,23.1431857808,224.6167976607,246.5723514747,246.5723514747,420.1431857808,444.8501487348,498.0067917195,0: optimal
2017-12-29 05:00:00,2017-12-29,LightGBM robust,400.0000000000,417.0902751233,18.5925538530,0.0000000000,18.5925538530,246.5723514747,264.2107967832,264.2107967832,418.5925538530,444.8501487348,498.0067917195,0: optimal
2017-12-29 06:00:00,2017-12-29,LightGBM robust,395.0000000000,417.4308719819,18.7961583928,0.0000000000,18.7961583928,264.2107967832,282.0423983179,282.0423983179,413.7961583928,444.8501487348,498.0067917195,0: optimal
2017-12-29 07:00:00,2017-12-29,LightGBM robust,397.0000000000,421.7827500201,14.3016954116,0.0000000000,14.3016954116,282.0423983179,295.6101778887,295.6101778887,411.3016954116,444.8501487348,498.0067917195,0: optimal
2017-12-29 08:00:00,2017-12-29,LightGBM robust,403.0000000000,419.2465998549,17.3070878482,0.0000000000,17.3070878482,295.6101778887,312.0291230682,312.0291230682,420.3070878482,444.8501487348,498.0067917195,0: optimal
2017-12-29 09:00:00,2017-12-29,LightGBM robust,401.0000000000,423.1123806754,11.0957901008,0.0000000000,11.0957901008,312.0291230682,322.5555138155,322.5555138155,412.0957901008,444.8501487348,498.0067917195,0: optimal
2017-12-29 10:00:00,2017-12-29,LightGBM robust,411.0000000000,417.9350898536,12.5889621194,0.0000000000,12.5889621194,322.5555138155,334.4984519180,334.4984519180,423.5889621194,444.8501487348,498.0067917195,0: optimal
2017-12-29 11:00:00,2017-12-29,LightGBM robust,418.0000000000,426.9445233546,0.0000000000,3.7813111003,-3.7813111003,334.4984519180,330.5126000451,330.5126000451,414.2186888997,444.8501487348,498.0067917195,0: optimal
2017-12-29 12:00:00,2017-12-29,LightGBM robust,426.0000000000,427.6922307273,0.6419339874,0.0000000000,0.6419339874,330.5126000451,331.1215920975,331.1215920975,426.6419339874,444.8501487348,498.0067917195,0: optimal
2017-12-29 13:00:00,2017-12-29,LightGBM robust,430.0000000000,432.5167480334,0.0000000000,0.6253751235,-0.6253751235,331.1215920975,330.4623888367,330.4623888367,429.3746248765,444.8501487348,498.0067917195,0: optimal
2017-12-29 14:00:00,2017-12-29,LightGBM robust,427.0000000000,433.4636737598,0.0000000000,6.2556791827,-6.2556791827,330.4623888367,323.8683239938,323.8683239938,420.7443208173,444.8501487348,498.0067917195,0: optimal
2017-12-29 15:00:00,2017-12-29,LightGBM robust,426.0000000000,433.5671480363,0.0000000000,10.7494816028,-10.7494816028,323.8683239938,312.5373754835,312.5373754835,415.2505183972,444.8501487348,498.0067917195,0: optimal
2017-12-29 16:00:00,2017-12-29,LightGBM robust,424.0000000000,430.2144342151,0.0000000000,3.0242404052,-3.0242404052,312.5373754835,309.3495461927,309.3495461927,420.9757595948,444.8501487348,498.0067917195,0: optimal
2017-12-29 17:00:00,2017-12-29,LightGBM robust,429.0000000000,429.4591658265,0.0000000000,2.0084122285,-2.0084122285,309.3495461927,307.2324938184,307.2324938184,426.9915877715,444.8501487348,498.0067917195,0: optimal
2017-12-29 18:00:00,2017-12-29,LightGBM robust,420.0000000000,426.3414414858,0.4156775689,0.0000000000,0.4156775689,307.2324938184,307.6268401854,307.6268401854,420.4156775689,444.8501487348,498.0067917195,0: optimal
2017-12-29 19:00:00,2017-12-29,LightGBM robust,412.0000000000,420.5217309622,11.2802682489,0.0000000000,11.2802682489,307.6268401854,318.3282422707,318.3282422707,423.2802682489,444.8501487348,498.0067917195,0: optimal
2017-12-29 20:00:00,2017-12-29,LightGBM robust,408.0000000000,419.1390561015,10.8324324713,0.0000000000,10.8324324713,318.3282422707,328.6047900335,328.6047900335,418.8324324713,444.8501487348,498.0067917195,0: optimal
2017-12-29 21:00:00,2017-12-29,LightGBM robust,407.0000000000,418.6097891921,12.7430295017,0.0000000000,12.7430295017,328.6047900335,340.6938892883,340.6938892883,419.7430295017,444.8501487348,498.0067917195,0: optimal
2017-12-29 22:00:00,2017-12-29,LightGBM robust,401.0000000000,419.6043024363,13.8070912403,0.0000000000,13.8070912403,340.6938892883,353.7924461427,353.7924461427,414.8070912403,444.8501487348,498.0067917195,0: optimal
2017-12-29 23:00:00,2017-12-29,LightGBM robust,405.0000000000,417.2655321124,13.2776698424,0.0000000000,13.2776698424,353.7924461427,366.3887497592,366.3887497592,418.2776698424,444.8501487348,498.0067917195,0: optimal
2017-12-30 00:00:00,2017-12-30,LightGBM robust,403.0000000000,420.5871154433,9.5314252961,0.0000000000,9.5314252961,366.3887497592,375.4310537442,375.4310537442,412.5314252961,444.0091277370,531.0563273404,0: optimal
2017-12-30 01:00:00,2017-12-30,LightGBM robust,405.0000000000,425.1057528568,1.7035940069,0.0000000000,1.7035940069,375.4310537442,377.0472249252,377.0472249252,406.7035940069,444.0091277370,531.0563273404,0: optimal
2017-12-30 02:00:00,2017-12-30,LightGBM robust,403.0000000000,424.8682613651,0.0000000000,183.1943748796,-183.1943748796,377.0472249252,183.9433985418,183.9433985418,219.8056251204,444.0091277370,531.0563273404,0: optimal
2017-12-30 03:00:00,2017-12-30,LightGBM robust,404.0000000000,417.8472363259,11.3853135736,0.0000000000,11.3853135736,183.9433985418,194.7444553722,194.7444553722,415.3853135736,444.0091277370,531.0563273404,0: optimal
2017-12-30 04:00:00,2017-12-30,LightGBM robust,403.0000000000,417.6170521345,14.3093681180,0.0000000000,14.3093681180,194.7444553722,208.3195139114,208.3195139114,417.3093681180,444.0091277370,531.0563273404,0: optimal
2017-12-30 05:00:00,2017-12-30,LightGBM robust,403.0000000000,416.9778958941,13.5631704627,0.0000000000,13.5631704627,208.3195139114,221.1866671980,221.1866671980,416.5631704627,444.0091277370,531.0563273404,0: optimal
2017-12-30 06:00:00,2017-12-30,LightGBM robust,400.0000000000,413.6310114797,17.4542562754,0.0000000000,17.4542562754,221.1866671980,237.7452286064,237.7452286064,417.4542562754,444.0091277370,531.0563273404,0: optimal
2017-12-30 07:00:00,2017-12-30,LightGBM robust,402.0000000000,414.7759653893,15.2358693673,0.0000000000,15.2358693673,237.7452286064,252.1992434065,252.1992434065,417.2358693673,444.0091277370,531.0563273404,0: optimal
2017-12-30 08:00:00,2017-12-30,LightGBM robust,402.0000000000,411.5652036622,18.6074309367,0.0000000000,18.6074309367,252.1992434065,269.8518023557,269.8518023557,420.6074309367,444.0091277370,531.0563273404,0: optimal
2017-12-30 09:00:00,2017-12-30,LightGBM robust,403.0000000000,412.0015152485,13.9633384854,0.0000000000,13.9633384854,269.8518023557,283.0985883618,283.0985883618,416.9633384854,444.0091277370,531.0563273404,0: optimal
2017-12-30 10:00:00,2017-12-30,LightGBM robust,399.0000000000,409.0426642737,12.9887548003,0.0000000000,12.9887548003,283.0985883618,295.4208031033,295.4208031033,411.9887548003,444.0091277370,531.0563273404,0: optimal
2017-12-30 11:00:00,2017-12-30,LightGBM robust,403.0000000000,413.9914637865,0.6791155689,0.0000000000,0.6791155689,295.4208031033,296.0650687010,296.0650687010,403.6791155689,444.0091277370,531.0563273404,0: optimal
2017-12-30 12:00:00,2017-12-30,LightGBM robust,408.0000000000,415.2521292811,4.5894025347,0.0000000000,4.5894025347,296.0650687010,300.4189582336,300.4189582336,412.5894025347,444.0091277370,531.0563273404,0: optimal
2017-12-30 13:00:00,2017-12-30,LightGBM robust,409.0000000000,419.9375082857,8.0077710149,0.0000000000,8.0077710149,300.4189582336,308.0157968500,308.0157968500,417.0077710149,444.0091277370,531.0563273404,0: optimal
2017-12-30 14:00:00,2017-12-30,LightGBM robust,411.0000000000,420.1211108899,2.8464418854,0.0000000000,2.8464418854,308.0157968500,310.7161687256,310.7161687256,413.8464418854,444.0091277370,531.0563273404,0: optimal
2017-12-30 15:00:00,2017-12-30,LightGBM robust,411.0000000000,420.2124253012,0.0000000000,1.3408524770,-1.3408524770,310.7161687256,309.3027861144,309.3027861144,409.6591475230,444.0091277370,531.0563273404,0: optimal
2017-12-30 16:00:00,2017-12-30,LightGBM robust,408.0000000000,420.1721527967,3.0719474039,0.0000000000,3.0719474039,309.3027861144,312.2170913089,312.2170913089,411.0719474039,444.0091277370,531.0563273404,0: optimal
2017-12-30 17:00:00,2017-12-30,LightGBM robust,410.0000000000,420.2734312354,3.2312287533,0.0000000000,3.2312287533,312.2170913089,315.2825040593,315.2825040593,413.2312287533,444.0091277370,531.0563273404,0: optimal
2017-12-30 18:00:00,2017-12-30,LightGBM robust,410.0000000000,420.0458026595,2.7652227859,0.0000000000,2.7652227859,315.2825040593,317.9058247317,317.9058247317,412.7652227859,444.0091277370,531.0563273404,0: optimal
2017-12-30 19:00:00,2017-12-30,LightGBM robust,408.0000000000,413.2940780403,13.3661585512,0.0000000000,13.3661585512,317.9058247317,330.5860761083,330.5860761083,421.3661585512,444.0091277370,531.0563273404,0: optimal
2017-12-30 20:00:00,2017-12-30,LightGBM robust,407.0000000000,414.6110589446,8.9310967947,0.0000000000,8.9310967947,330.5860761083,339.0588584707,339.0588584707,415.9310967947,444.0091277370,531.0563273404,0: optimal
2017-12-30 21:00:00,2017-12-30,LightGBM robust,407.0000000000,411.3354602878,15.2649529747,0.0000000000,15.2649529747,339.0588584707,353.5404644034,353.5404644034,422.2649529747,444.0091277370,531.0563273404,0: optimal
2017-12-30 22:00:00,2017-12-30,LightGBM robust,404.0000000000,420.7719217843,7.2180238431,0.0000000000,7.2180238431,353.5404644034,360.3880830683,360.3880830683,411.2180238431,444.0091277370,531.0563273404,0: optimal
2017-12-30 23:00:00,2017-12-30,LightGBM robust,404.0000000000,418.3014950517,6.3252580743,0.0000000000,6.3252580743,360.3880830683,366.3887497592,366.3887497592,410.3252580743,444.0091277370,531.0563273404,0: optimal
2017-12-31 00:00:00,2017-12-31,LightGBM robust,402.0000000000,421.2533965231,4.8196617427,0.0000000000,4.8196617427,366.3887497592,370.9610823567,370.9610823567,406.8196617427,440.4094201304,527.2737842116,0: optimal
2017-12-31 01:00:00,2017-12-31,LightGBM robust,401.0000000000,419.6207462714,3.1431181187,0.0000000000,3.1431181187,370.9610823567,373.9429060198,373.9429060198,404.1431181187,440.4094201304,527.2737842116,0: optimal
2017-12-31 02:00:00,2017-12-31,LightGBM robust,398.0000000000,422.6056264499,0.0000000000,183.1943748796,-183.1943748796,373.9429060198,180.8390796364,180.8390796364,214.8056251204,440.4094201304,527.2737842116,0: optimal
2017-12-31 03:00:00,2017-12-31,LightGBM robust,402.0000000000,408.8525833197,16.3344841062,0.0000000000,16.3344841062,180.8390796364,196.3353318902,196.3353318902,418.3344841062,440.4094201304,527.2737842116,0: optimal
2017-12-31 04:00:00,2017-12-31,LightGBM robust,400.0000000000,413.4312682654,14.9040860033,0.0000000000,14.9040860033,196.3353318902,210.4745893542,210.4745893542,414.9040860033,440.4094201304,527.2737842116,0: optimal
2017-12-31 05:00:00,2017-12-31,LightGBM robust,401.0000000000,410.3199891648,16.6300112081,0.0000000000,16.6300112081,210.4745893542,226.2512032337,226.2512032337,417.6300112081,440.4094201304,527.2737842116,0: optimal
2017-12-31 06:00:00,2017-12-31,LightGBM robust,399.0000000000,414.4608960988,13.2191094679,0.0000000000,13.2191094679,226.2512032337,238.7919516010,238.7919516010,412.2191094679,440.4094201304,527.2737842116,0: optimal
2017-12-31 07:00:00,2017-12-31,LightGBM robust,400.0000000000,405.1712816939,20.7950705891,0.0000000000,20.7950705891,238.7919516010,258.5198877507,258.5198877507,420.7950705891,440.4094201304,527.2737842116,0: optimal
2017-12-31 08:00:00,2017-12-31,LightGBM robust,402.0000000000,411.0400378863,15.1924804135,0.0000000000,15.1924804135,258.5198877507,272.9327401749,272.9327401749,417.1924804135,440.4094201304,527.2737842116,0: optimal
2017-12-31 09:00:00,2017-12-31,LightGBM robust,400.0000000000,406.2578427263,17.0635997445,0.0000000000,17.0635997445,272.9327401749,289.1206922571,289.1206922571,417.0635997445,440.4094201304,527.2737842116,0: optimal
2017-12-31 10:00:00,2017-12-31,LightGBM robust,398.0000000000,417.8624489844,1.5255588265,0.0000000000,1.5255588265,289.1206922571,290.5679644360,290.5679644360,399.5255588265,440.4094201304,527.2737842116,0: optimal
2017-12-31 11:00:00,2017-12-31,LightGBM robust,399.0000000000,415.4658264738,0.0000000000,3.4386583816,-3.4386583816,290.5679644360,286.9433002423,286.9433002423,395.5613416184,440.4094201304,527.2737842116,0: optimal
2017-12-31 12:00:00,2017-12-31,LightGBM robust,399.0000000000,410.1526298849,7.0454906677,0.0000000000,7.0454906677,286.9433002423,293.6272395653,293.6272395653,406.0454906677,440.4094201304,527.2737842116,0: optimal
2017-12-31 13:00:00,2017-12-31,LightGBM robust,401.0000000000,412.9814251398,12.3997422627,0.0000000000,12.3997422627,293.6272395653,305.3906679501,305.3906679501,413.3997422627,440.4094201304,527.2737842116,0: optimal
2017-12-31 14:00:00,2017-12-31,LightGBM robust,403.0000000000,412.9616498007,11.5089978750,0.0000000000,11.5089978750,305.3906679501,316.3090620114,316.3090620114,414.5089978750,440.4094201304,527.2737842116,0: optimal
2017-12-31 15:00:00,2017-12-31,LightGBM robust,401.0000000000,415.6777772034,4.4025423287,0.0000000000,4.4025423287,316.3090620114,320.4856803875,320.4856803875,405.4025423287,440.4094201304,527.2737842116,0: optimal
2017-12-31 16:00:00,2017-12-31,LightGBM robust,402.0000000000,417.1159125733,6.8123948040,0.0000000000,6.8123948040,320.4856803875,326.9484855578,326.9484855578,408.8123948040,440.4094201304,527.2737842116,0: optimal
2017-12-31 17:00:00,2017-12-31,LightGBM robust,404.0000000000,416.0731748540,8.4496920301,0.0000000000,8.4496920301,326.9484855578,334.9645672605,334.9645672605,412.4496920301,440.4094201304,527.2737842116,0: optimal
2017-12-31 18:00:00,2017-12-31,LightGBM robust,399.0000000000,419.0910072325,4.9287649208,0.0000000000,4.9287649208,334.9645672605,339.6404042208,339.6404042208,403.9287649208,440.4094201304,527.2737842116,0: optimal
2017-12-31 19:00:00,2017-12-31,LightGBM robust,400.0000000000,418.8441291920,3.8759911005,0.0000000000,3.8759911005,339.6404042208,343.3174922413,343.3174922413,403.8759911005,440.4094201304,527.2737842116,0: optimal
2017-12-31 20:00:00,2017-12-31,LightGBM robust,400.0000000000,418.6574504215,3.1317570564,0.0000000000,3.1317570564,343.3174922413,346.2885378543,346.2885378543,403.1317570564,440.4094201304,527.2737842116,0: optimal
2017-12-31 21:00:00,2017-12-31,LightGBM robust,398.0000000000,418.3091891671,6.0253918296,0.0000000000,6.0253918296,346.2885378543,352.0047264472,352.0047264472,404.0253918296,440.4094201304,527.2737842116,0: optimal
2017-12-31 22:00:00,2017-12-31,LightGBM robust,397.0000000000,417.7297170581,7.9943963034,0.0000000000,7.9943963034,352.0047264472,359.5888766983,359.5888766983,404.9943963034,440.4094201304,527.2737842116,0: optimal
2017-12-31 23:00:00,2017-12-31,LightGBM robust,397.0000000000,415.1932253025,7.1676955575,0.0000000000,7.1676955575,359.5888766983,366.3887497592,366.3887497592,404.1676955575,440.4094201304,527.2737842116,0: optimal
