timestamp,date,controller,actual_load,forecast_load,charge,discharge,soc,soc_start,soc_end,realized_grid_load,optimized_forecast_grid_load,battery_size,solver_status
2017-12-02 00:00:00,2017-12-02,Persistence,418.0000000000,409.0000000000,32.1453744493,0.0000000000,396.8845296089,366.3887497592,396.8845296089,450.1453744493,441.1453744493,Medium,0: optimal
2017-12-02 01:00:00,2017-12-02,Persistence,414.0000000000,417.0000000000,24.1453744493,0.0000000000,419.7908430741,396.8845296089,419.7908430741,438.1453744493,441.1453744493,Medium,0: optimal
2017-12-02 02:00:00,2017-12-02,Persistence,412.0000000000,416.0000000000,25.1453744493,0.0000000000,443.6458398374,419.7908430741,443.6458398374,437.1453744493,441.1453744493,Medium,0: optimal
2017-12-02 03:00:00,2017-12-02,Persistence,411.0000000000,412.0000000000,29.1453744493,0.0000000000,471.2955697930,443.6458398374,471.2955697930,440.1453744493,441.1453744493,Medium,0: optimal
2017-12-02 04:00:00,2017-12-02,Persistence,411.0000000000,413.0000000000,28.1453744493,0.0000000000,497.9966164504,471.2955697930,497.9966164504,439.1453744493,441.1453744493,Medium,0: optimal
2017-12-02 05:00:00,2017-12-02,Persistence,409.0000000000,412.0000000000,29.1453744493,0.0000000000,525.6463464059,497.9966164504,525.6463464059,438.1453744493,441.1453744493,Medium,0: optimal
2017-12-02 06:00:00,2017-12-02,Persistence,412.0000000000,410.0000000000,31.1453744493,0.0000000000,555.1934429576,525.6463464059,555.1934429576,443.1453744493,441.1453744493,Medium,0: optimal
2017-12-02 07:00:00,2017-12-02,Persistence,410.0000000000,416.0000000000,25.1453744493,0.0000000000,579.0484397209,555.1934429576,579.0484397209,435.1453744493,441.1453744493,Medium,0: optimal
2017-12-02 08:00:00,2017-12-02,Persistence,409.0000000000,423.0000000000,18.1453744493,0.0000000000,596.2626533978,579.0484397209,596.2626533978,427.1453744493,441.1453744493,Medium,0: optimal
2017-12-02 09:00:00,2017-12-02,Persistence,408.0000000000,434.0000000000,7.1453744493,0.0000000000,603.0413507962,596.2626533978,603.0413507962,415.1453744493,441.1453744493,Medium,0: optimal
2017-12-02 10:00:00,2017-12-02,Persistence,417.0000000000,456.0000000000,0.0000000000,14.8546255507,587.3832006199,603.0413507962,587.3832006199,402.1453744493,441.1453744493,Medium,0: optimal
2017-12-02 11:00:00,2017-12-02,Persistence,421.0000000000,473.0000000000,0.0000000000,31.8546255507,553.8054770359,587.3832006199,553.8054770359,389.1453744493,441.1453744493,Medium,0: optimal
2017-12-02 12:00:00,2017-12-02,Persistence,418.0000000000,470.0000000000,0.0000000000,28.8546255507,523.3900311121,553.8054770359,523.3900311121,389.1453744493,441.1453744493,Medium,0: optimal
2017-12-02 13:00:00,2017-12-02,Persistence,420.0000000000,465.0000000000,0.0000000000,23.8546255507,498.2450479553,523.3900311121,498.2450479553,396.1453744493,441.1453744493,Medium,0: optimal
2017-12-02 14:00:00,2017-12-02,Persistence,425.0000000000,475.0000000000,0.0000000000,33.8546255507,462.5591392646,498.2450479553,462.5591392646,391.1453744493,441.1453744493,Medium,0: optimal
2017-12-02 15:00:00,2017-12-02,Persistence,424.0000000000,472.0000000000,0.0000000000,30.8546255507,430.0355082340,462.5591392646,430.0355082340,393.1453744493,441.1453744493,Medium,0: optimal
2017-12-02 16:00:00,2017-12-02,Persistence,426.0000000000,477.0000000000,0.0000000000,35.8546255507,392.2414144365,430.0355082340,392.2414144365,390.1453744493,441.1453744493,Medium,0: optimal
2017-12-02 17:00:00,2017-12-02,Persistence,423.0000000000,470.0000000000,0.0000000000,28.8546255507,361.8259685127,392.2414144365,361.8259685127,394.1453744493,441.1453744493,Medium,0: optimal
2017-12-02 18:00:00,2017-12-02,Persistence,423.0000000000,458.0000000000,0.0000000000,16.8546255507,344.0596332296,361.8259685127,344.0596332296,406.1453744493,441.1453744493,Medium,0: optimal
2017-12-02 19:00:00,2017-12-02,Persistence,419.0000000000,449.0000000000,0.0000000000,7.8546255507,335.7801309269,344.0596332296,335.7801309269,411.1453744493,441.1453744493,Medium,0: optimal
2017-12-02 20:00:00,2017-12-02,Persistence,416.0000000000,444.0000000000,0.0000000000,2.8546255507,332.7710913913,335.7801309269,332.7710913913,413.1453744493,441.1453744493,Medium,0: optimal
2017-12-02 21:00:00,2017-12-02,Persistence,416.0000000000,438.0000000000,3.1453744493,0.0000000000,335.7550555975,332.7710913913,335.7550555975,419.1453744493,441.1453744493,Medium,0: optimal
2017-12-02 22:00:00,2017-12-02,Persistence,409.0000000000,427.0000000000,14.1453744493,0.0000000000,349.1745360822,335.7550555975,349.1745360822,423.1453744493,441.1453744493,Medium,0: optimal
2017-12-02 23:00:00,2017-12-02,Persistence,407.0000000000,423.0000000000,18.1453744493,0.0000000000,366.3887497592,349.1745360822,366.3887497592,425.1453744493,441.1453744493,Medium,0: optimal
2017-12-03 00:00:00,2017-12-03,Persistence,407.0000000000,418.0000000000,0.0000000000,1.9823788546,364.2991389705,366.3887497592,364.2991389705,405.0176211454,416.0176211454,Medium,0: optimal
2017-12-03 01:00:00,2017-12-03,Persistence,408.0000000000,414.0000000000,2.0176211454,0.0000000000,366.2132224530,364.2991389705,366.2132224530,410.0176211454,416.0176211454,Medium,0: optimal
2017-12-03 02:00:00,2017-12-03,Persistence,411.0000000000,412.0000000000,4.0176211454,0.0000000000,370.0246725315,366.2132224530,370.0246725315,415.0176211454,416.0176211454,Medium,0: optimal
2017-12-03 03:00:00,2017-12-03,Persistence,410.0000000000,411.0000000000,5.0176211454,0.0000000000,374.7848059080,370.0246725315,374.7848059080,415.0176211454,416.0176211454,Medium,0: optimal
2017-12-03 04:00:00,2017-12-03,Persistence,413.0000000000,411.0000000000,5.0176211454,0.0000000000,379.5449392846,374.7848059080,379.5449392846,418.0176211454,416.0176211454,Medium,0: optimal
2017-12-03 05:00:00,2017-12-03,Persistence,410.0000000000,409.0000000000,7.0176211454,0.0000000000,386.2024392573,379.5449392846,386.2024392573,417.0176211454,416.0176211454,Medium,0: optimal
2017-12-03 06:00:00,2017-12-03,Persistence,411.0000000000,412.0000000000,4.0176211454,0.0000000000,390.0138893358,386.2024392573,390.0138893358,415.0176211454,416.0176211454,Medium,0: optimal
2017-12-03 07:00:00,2017-12-03,Persistence,410.0000000000,410.0000000000,6.0176211454,0.0000000000,395.7227060104,390.0138893358,395.7227060104,416.0176211454,416.0176211454,Medium,0: optimal
2017-12-03 08:00:00,2017-12-03,Persistence,409.0000000000,409.0000000000,7.0176211454,0.0000000000,402.3802059830,395.7227060104,402.3802059830,416.0176211454,416.0176211454,Medium,0: optimal
2017-12-03 09:00:00,2017-12-03,Persistence,411.0000000000,408.0000000000,8.0176211454,0.0000000000,409.9863892538,402.3802059830,409.9863892538,419.0176211454,416.0176211454,Medium,0: optimal
2017-12-03 10:00:00,2017-12-03,Persistence,413.0000000000,417.0000000000,0.0000000000,0.9823788546,408.9508710185,409.9863892538,408.9508710185,412.0176211454,416.0176211454,Medium,0: optimal
2017-12-03 11:00:00,2017-12-03,Persistence,414.0000000000,421.0000000000,0.0000000000,4.9823788546,403.6989825697,408.9508710185,403.6989825697,409.0176211454,416.0176211454,Medium,0: optimal
2017-12-03 12:00:00,2017-12-03,Persistence,419.0000000000,418.0000000000,0.0000000000,1.9823788546,401.6093717810,403.6989825697,401.6093717810,417.0176211454,416.0176211454,Medium,0: optimal
2017-12-03 13:00:00,2017-12-03,Persistence,420.0000000000,420.0000000000,0.0000000000,3.9823788546,397.4115758856,401.6093717810,397.4115758856,416.0176211454,416.0176211454,Medium,0: optimal
2017-12-03 14:00:00,2017-12-03,Persistence,424.0000000000,425.0000000000,0.0000000000,8.9823788546,387.9433172232,397.4115758856,387.9433172232,415.0176211454,416.0176211454,Medium,0: optimal
2017-12-03 15:00:00,2017-12-03,Persistence,432.0000000000,424.0000000000,0.0000000000,7.9823788546,379.5291511142,387.9433172232,379.5291511142,424.0176211454,416.0176211454,Medium,0: optimal
2017-12-03 16:00:00,2017-12-03,Persistence,431.0000000000,426.0000000000,0.0000000000,9.9823788546,369.0067998984,379.5291511142,369.0067998984,421.0176211454,416.0176211454,Medium,0: optimal
2017-12-03 17:00:00,2017-12-03,Persistence,430.0000000000,423.0000000000,0.0000000000,6.9823788546,361.6467263428,369.0067998984,361.6467263428,423.0176211454,416.0176211454,Medium,0: optimal
2017-12-03 18:00:00,2017-12-03,Persistence,427.0000000000,423.0000000000,0.0000000000,6.9823788546,354.2866527872,361.6467263428,354.2866527872,420.0176211454,416.0176211454,Medium,0: optimal
2017-12-03 19:00:00,2017-12-03,Persistence,429.0000000000,419.0000000000,0.0000000000,2.9823788546,351.1429494452,354.2866527872,351.1429494452,426.0176211454,416.0176211454,Medium,0: optimal
2017-12-03 20:00:00,2017-12-03,Persistence,424.0000000000,416.0000000000,0.0176211454,0.0000000000,351.1596663315,351.1429494452,351.1596663315,424.0176211454,416.0176211454,Medium,0: optimal
2017-12-03 21:00:00,2017-12-03,Persistence,418.0000000000,416.0000000000,0.0176211454,0.0000000000,351.1763832178,351.1596663315,351.1763832178,418.0176211454,416.0176211454,Medium,0: optimal
2017-12-03 22:00:00,2017-12-03,Persistence,420.0000000000,409.0000000000,7.0176211454,0.0000000000,357.8338831904,351.1763832178,357.8338831904,427.0176211454,416.0176211454,Medium,0: optimal
2017-12-03 23:00:00,2017-12-03,Persistence,418.0000000000,407.0000000000,9.0176211454,0.0000000000,366.3887497592,357.8338831904,366.3887497592,427.0176211454,416.0176211454,Medium,0: optimal
2017-12-04 00:00:00,2017-12-04,Persistence,413.0000000000,407.0000000000,10.8201754386,0.0000000000,376.6536694798,366.3887497592,376.6536694798,423.8201754386,417.8201754386,Medium,0: optimal
2017-12-04 01:00:00,2017-12-04,Persistence,412.0000000000,408.0000000000,9.8201754386,0.0000000000,385.9699059023,376.6536694798,385.9699059023,421.8201754386,417.8201754386,Medium,0: optimal
2017-12-04 02:00:00,2017-12-04,Persistence,412.0000000000,411.0000000000,6.8201754386,0.0000000000,392.4400924307,385.9699059023,392.4400924307,418.8201754386,417.8201754386,Medium,0: optimal
2017-12-04 03:00:00,2017-12-04,Persistence,404.0000000000,410.0000000000,7.8201754386,0.0000000000,399.8589622571,392.4400924307,399.8589622571,411.8201754386,417.8201754386,Medium,0: optimal
2017-12-04 04:00:00,2017-12-04,Persistence,396.0000000000,413.0000000000,4.8201754386,0.0000000000,404.4317821894,399.8589622571,404.4317821894,400.8201754386,417.8201754386,Medium,0: optimal
2017-12-04 05:00:00,2017-12-04,Persistence,394.0000000000,410.0000000000,7.8201754386,0.0000000000,411.8506520158,404.4317821894,411.8506520158,401.8201754386,417.8201754386,Medium,0: optimal
2017-12-04 06:00:00,2017-12-04,Persistence,398.0000000000,411.0000000000,6.8201754386,0.0000000000,418.3208385441,411.8506520158,418.3208385441,404.8201754386,417.8201754386,Medium,0: optimal
2017-12-04 07:00:00,2017-12-04,Persistence,403.0000000000,410.0000000000,7.8201754386,0.0000000000,425.7397083706,418.3208385441,425.7397083706,410.8201754386,417.8201754386,Medium,0: optimal
2017-12-04 08:00:00,2017-12-04,Persistence,407.0000000000,409.0000000000,8.8201754386,0.0000000000,434.1072614950,425.7397083706,434.1072614950,415.8201754386,417.8201754386,Medium,0: optimal
2017-12-04 09:00:00,2017-12-04,Persistence,415.0000000000,411.0000000000,6.8201754386,0.0000000000,440.5774480234,434.1072614950,440.5774480234,421.8201754386,417.8201754386,Medium,0: optimal
2017-12-04 10:00:00,2017-12-04,Persistence,435.0000000000,413.0000000000,4.8201754386,0.0000000000,445.1502679557,440.5774480234,445.1502679557,439.8201754386,417.8201754386,Medium,0: optimal
2017-12-04 11:00:00,2017-12-04,Persistence,447.0000000000,414.0000000000,3.8201754386,0.0000000000,448.7744045899,445.1502679557,448.7744045899,450.8201754386,417.8201754386,Medium,0: optimal
2017-12-04 12:00:00,2017-12-04,Persistence,457.0000000000,419.0000000000,0.0000000000,1.1798245614,447.5307603054,448.7744045899,447.5307603054,455.8201754386,417.8201754386,Medium,0: optimal
2017-12-04 13:00:00,2017-12-04,Persistence,462.0000000000,420.0000000000,0.0000000000,2.1798245614,445.2330234676,447.5307603054,445.2330234676,459.8201754386,417.8201754386,Medium,0: optimal
2017-12-04 14:00:00,2017-12-04,Persistence,463.0000000000,424.0000000000,0.0000000000,6.1798245614,438.7189164161,445.2330234676,438.7189164161,456.8201754386,417.8201754386,Medium,0: optimal
2017-12-04 15:00:00,2017-12-04,Persistence,463.0000000000,432.0000000000,0.0000000000,14.1798245614,423.7720689376,438.7189164161,423.7720689376,448.8201754386,417.8201754386,Medium,0: optimal
2017-12-04 16:00:00,2017-12-04,Persistence,462.0000000000,431.0000000000,0.0000000000,13.1798245614,409.8793140124,423.7720689376,409.8793140124,448.8201754386,417.8201754386,Medium,0: optimal
2017-12-04 17:00:00,2017-12-04,Persistence,465.0000000000,430.0000000000,0.0000000000,12.1798245614,397.0406516407,409.8793140124,397.0406516407,452.8201754386,417.8201754386,Medium,0: optimal
2017-12-04 18:00:00,2017-12-04,Persistence,460.0000000000,427.0000000000,0.0000000000,9.1798245614,387.3642669291,397.0406516407,387.3642669291,450.8201754386,417.8201754386,Medium,0: optimal
2017-12-04 19:00:00,2017-12-04,Persistence,450.0000000000,429.0000000000,0.0000000000,11.1798245614,375.5796971107,387.3642669291,375.5796971107,438.8201754386,417.8201754386,Medium,0: optimal
2017-12-04 20:00:00,2017-12-04,Persistence,442.0000000000,424.0000000000,0.0000000000,6.1798245614,369.0655900593,375.5796971107,369.0655900593,435.8201754386,417.8201754386,Medium,0: optimal
2017-12-04 21:00:00,2017-12-04,Persistence,437.0000000000,418.0000000000,0.0000000000,0.1798245614,368.8760383282,369.0655900593,368.8760383282,436.8201754386,417.8201754386,Medium,0: optimal
2017-12-04 22:00:00,2017-12-04,Persistence,435.0000000000,420.0000000000,0.0000000000,2.1798245614,366.5783014903,368.8760383282,366.5783014903,432.8201754386,417.8201754386,Medium,0: optimal
2017-12-04 23:00:00,2017-12-04,Persistence,432.0000000000,418.0000000000,0.0000000000,0.1798245614,366.3887497592,366.5783014903,366.3887497592,431.8201754386,417.8201754386,Medium,0: optimal
2017-12-05 00:00:00,2017-12-05,Persistence,428.0000000000,413.0000000000,19.9868995633,0.0000000000,385.3499875547,366.3887497592,385.3499875547,447.9868995633,432.9868995633,Medium,0: optimal
2017-12-05 01:00:00,2017-12-05,Persistence,427.0000000000,412.0000000000,20.9868995633,0.0000000000,405.2599086483,385.3499875547,405.2599086483,447.9868995633,432.9868995633,Medium,0: optimal
2017-12-05 02:00:00,2017-12-05,Persistence,421.0000000000,412.0000000000,20.9868995633,0.0000000000,425.1698297419,405.2599086483,425.1698297419,441.9868995633,432.9868995633,Medium,0: optimal
2017-12-05 03:00:00,2017-12-05,Persistence,418.0000000000,404.0000000000,28.9868995633,0.0000000000,452.6692172199,425.1698297419,452.6692172199,446.9868995633,432.9868995633,Medium,0: optimal
2017-12-05 04:00:00,2017-12-05,Persistence,412.0000000000,396.0000000000,36.9868995633,0.0000000000,487.7580710823,452.6692172199,487.7580710823,448.9868995633,432.9868995633,Medium,0: optimal
2017-12-05 05:00:00,2017-12-05,Persistence,415.0000000000,394.0000000000,38.9868995633,0.0000000000,524.7442915408,487.7580710823,524.7442915408,453.9868995633,432.9868995633,Medium,0: optimal
2017-12-05 06:00:00,2017-12-05,Persistence,409.0000000000,398.0000000000,34.9868995633,0.0000000000,557.9357788071,524.7442915408,557.9357788071,443.9868995633,432.9868995633,Medium,0: optimal
2017-12-05 07:00:00,2017-12-05,Persistence,415.0000000000,403.0000000000,29.9868995633,0.0000000000,586.3838495831,557.9357788071,586.3838495831,444.9868995633,432.9868995633,Medium,0: optimal
2017-12-05 08:00:00,2017-12-05,Persistence,415.0000000000,407.0000000000,25.9868995633,0.0000000000,611.0371871669,586.3838495831,611.0371871669,440.9868995633,432.9868995633,Medium,0: optimal
2017-12-05 09:00:00,2017-12-05,Persistence,437.0000000000,415.0000000000,17.9868995633,0.0000000000,628.1010583664,611.0371871669,628.1010583664,454.9868995633,432.9868995633,Medium,0: optimal
2017-12-05 10:00:00,2017-12-05,Persistence,444.0000000000,435.0000000000,0.0000000000,2.0131004367,625.9790641868,628.1010583664,625.9790641868,441.9868995633,432.9868995633,Medium,0: optimal
2017-12-05 11:00:00,2017-12-05,Persistence,459.0000000000,447.0000000000,0.0000000000,14.0131004367,611.2079593666,625.9790641868,611.2079593666,444.9868995633,432.9868995633,Medium,0: optimal
2017-12-05 12:00:00,2017-12-05,Persistence,465.0000000000,457.0000000000,0.0000000000,24.0131004367,585.8959290125,611.2079593666,585.8959290125,440.9868995633,432.9868995633,Medium,0: optimal
2017-12-05 13:00:00,2017-12-05,Persistence,469.0000000000,462.0000000000,0.0000000000,29.0131004367,555.3134358915,585.8959290125,555.3134358915,439.9868995633,432.9868995633,Medium,0: optimal
2017-12-05 14:00:00,2017-12-05,Persistence,467.0000000000,463.0000000000,0.0000000000,30.0131004367,523.6768502171,555.3134358915,523.6768502171,436.9868995633,432.9868995633,Medium,0: optimal
2017-12-05 15:00:00,2017-12-05,Persistence,468.0000000000,463.0000000000,0.0000000000,30.0131004367,492.0402645426,523.6768502171,492.0402645426,437.9868995633,432.9868995633,Medium,0: optimal
2017-12-05 16:00:00,2017-12-05,Persistence,470.0000000000,462.0000000000,0.0000000000,29.0131004367,461.4577714216,492.0402645426,461.4577714216,440.9868995633,432.9868995633,Medium,0: optimal
2017-12-05 17:00:00,2017-12-05,Persistence,471.0000000000,465.0000000000,0.0000000000,32.0131004367,427.7130006404,461.4577714216,427.7130006404,438.9868995633,432.9868995633,Medium,0: optimal
2017-12-05 18:00:00,2017-12-05,Persistence,466.0000000000,460.0000000000,0.0000000000,27.0131004367,399.2386926261,427.7130006404,399.2386926261,438.9868995633,432.9868995633,Medium,0: optimal
2017-12-05 19:00:00,2017-12-05,Persistence,451.0000000000,450.0000000000,0.0000000000,17.0131004367,381.3053101457,399.2386926261,381.3053101457,433.9868995633,432.9868995633,Medium,0: optimal
2017-12-05 20:00:00,2017-12-05,Persistence,445.0000000000,442.0000000000,0.0000000000,9.0131004367,371.8046680925,381.3053101457,371.8046680925,435.9868995633,432.9868995633,Medium,0: optimal
2017-12-05 21:00:00,2017-12-05,Persistence,435.0000000000,437.0000000000,0.0000000000,4.0131004367,367.5744888062,371.8046680925,367.5744888062,430.9868995633,432.9868995633,Medium,0: optimal
2017-12-05 22:00:00,2017-12-05,Persistence,427.0000000000,435.0000000000,0.0000000000,2.0131004367,365.4524946266,367.5744888062,365.4524946266,424.9868995633,432.9868995633,Medium,0: optimal
2017-12-05 23:00:00,2017-12-05,Persistence,424.0000000000,432.0000000000,0.9868995633,0.0000000000,366.3887497592,365.4524946266,366.3887497592,424.9868995633,432.9868995633,Medium,0: optimal
2017-12-06 00:00:00,2017-12-06,Persistence,421.0000000000,428.0000000000,12.9559471366,0.0000000000,378.6798404181,366.3887497592,378.6798404181,433.9559471366,440.9559471366,Medium,0: optimal
2017-12-06 01:00:00,2017-12-06,Persistence,422.0000000000,427.0000000000,13.9559471366,0.0000000000,391.9196143750,378.6798404181,391.9196143750,435.9559471366,440.9559471366,Medium,0: optimal
2017-12-06 02:00:00,2017-12-06,Persistence,417.0000000000,421.0000000000,19.9559471366,0.0000000000,410.8514881203,391.9196143750,410.8514881203,436.9559471366,440.9559471366,Medium,0: optimal
2017-12-06 03:00:00,2017-12-06,Persistence,415.0000000000,418.0000000000,22.9559471366,0.0000000000,432.6294117596,410.8514881203,432.6294117596,437.9559471366,440.9559471366,Medium,0: optimal
2017-12-06 04:00:00,2017-12-06,Persistence,416.0000000000,412.0000000000,28.9559471366,0.0000000000,460.0994351873,432.6294117596,460.0994351873,444.9559471366,440.9559471366,Medium,0: optimal
2017-12-06 05:00:00,2017-12-06,Persistence,416.0000000000,415.0000000000,25.9559471366,0.0000000000,484.7234087209,460.0994351873,484.7234087209,441.9559471366,440.9559471366,Medium,0: optimal
2017-12-06 06:00:00,2017-12-06,Persistence,415.0000000000,409.0000000000,31.9559471366,0.0000000000,515.0394820427,484.7234087209,515.0394820427,446.9559471366,440.9559471366,Medium,0: optimal
2017-12-06 07:00:00,2017-12-06,Persistence,418.0000000000,415.0000000000,25.9559471366,0.0000000000,539.6634555763,515.0394820427,539.6634555763,443.9559471366,440.9559471366,Medium,0: optimal
2017-12-06 08:00:00,2017-12-06,Persistence,428.0000000000,415.0000000000,25.9559471366,0.0000000000,564.2874291098,539.6634555763,564.2874291098,453.9559471366,440.9559471366,Medium,0: optimal
2017-12-06 09:00:00,2017-12-06,Persistence,430.0000000000,437.0000000000,3.9559471366,0.0000000000,568.0403700862,564.2874291098,568.0403700862,433.9559471366,440.9559471366,Medium,0: optimal
2017-12-06 10:00:00,2017-12-06,Persistence,450.0000000000,444.0000000000,0.0000000000,3.0440528634,564.8316566308,568.0403700862,564.8316566308,446.9559471366,440.9559471366,Medium,0: optimal
2017-12-06 11:00:00,2017-12-06,Persistence,463.0000000000,459.0000000000,0.0000000000,18.0440528634,545.8115548744,564.8316566308,545.8115548744,444.9559471366,440.9559471366,Medium,0: optimal
2017-12-06 12:00:00,2017-12-06,Persistence,468.0000000000,465.0000000000,0.0000000000,24.0440528634,520.4668977978,545.8115548744,520.4668977978,443.9559471366,440.9559471366,Medium,0: optimal
2017-12-06 13:00:00,2017-12-06,Persistence,467.0000000000,469.0000000000,0.0000000000,28.0440528634,490.9058705076,520.4668977978,490.9058705076,438.9559471366,440.9559471366,Medium,0: optimal
2017-12-06 14:00:00,2017-12-06,Persistence,472.0000000000,467.0000000000,0.0000000000,26.0440528634,463.4530283242,490.9058705076,463.4530283242,445.9559471366,440.9559471366,Medium,0: optimal
2017-12-06 15:00:00,2017-12-06,Persistence,475.0000000000,468.0000000000,0.0000000000,27.0440528634,434.9460935873,463.4530283242,434.9460935873,447.9559471366,440.9559471366,Medium,0: optimal
2017-12-06 16:00:00,2017-12-06,Persistence,471.0000000000,470.0000000000,0.0000000000,29.0440528634,404.3309737437,434.9460935873,404.3309737437,441.9559471366,440.9559471366,Medium,0: optimal
2017-12-06 17:00:00,2017-12-06,Persistence,468.0000000000,471.0000000000,0.0000000000,30.0440528634,372.6617613467,404.3309737437,372.6617613467,437.9559471366,440.9559471366,Medium,0: optimal
2017-12-06 18:00:00,2017-12-06,Persistence,457.0000000000,466.0000000000,0.0000000000,25.0440528634,346.2630117167,372.6617613467,346.2630117167,431.9559471366,440.9559471366,Medium,0: optimal
2017-12-06 19:00:00,2017-12-06,Persistence,449.0000000000,451.0000000000,0.0000000000,10.0440528634,335.6756503875,346.2630117167,335.6756503875,438.9559471366,440.9559471366,Medium,0: optimal
2017-12-06 20:00:00,2017-12-06,Persistence,438.0000000000,445.0000000000,0.0000000000,4.0440528634,331.4128443786,335.6756503875,331.4128443786,433.9559471366,440.9559471366,Medium,0: optimal
2017-12-06 21:00:00,2017-12-06,Persistence,427.0000000000,435.0000000000,5.9559471366,0.0000000000,337.0631519512,331.4128443786,337.0631519512,432.9559471366,440.9559471366,Medium,0: optimal
2017-12-06 22:00:00,2017-12-06,Persistence,421.0000000000,427.0000000000,13.9559471366,0.0000000000,350.3029259081,337.0631519512,350.3029259081,434.9559471366,440.9559471366,Medium,0: optimal
2017-12-06 23:00:00,2017-12-06,Persistence,420.0000000000,424.0000000000,16.9559471366,0.0000000000,366.3887497592,350.3029259081,366.3887497592,436.9559471366,440.9559471366,Medium,0: optimal
2017-12-07 00:00:00,2017-12-07,Persistence,415.0000000000,421.0000000000,19.4247787611,0.0000000000,384.8167129381,366.3887497592,384.8167129381,434.4247787611,440.4247787611,Medium,0: optimal
2017-12-07 01:00:00,2017-12-07,Persistence,414.0000000000,422.0000000000,18.4247787611,0.0000000000,402.2959928190,384.8167129381,402.2959928190,432.4247787611,440.4247787611,Medium,0: optimal
2017-12-07 02:00:00,2017-12-07,Persistence,410.0000000000,417.0000000000,23.4247787611,0.0000000000,424.5186891902,402.2959928190,424.5186891902,433.4247787611,440.4247787611,Medium,0: optimal
2017-12-07 03:00:00,2017-12-07,Persistence,409.0000000000,415.0000000000,25.4247787611,0.0000000000,448.6387521574,424.5186891902,448.6387521574,434.4247787611,440.4247787611,Medium,0: optimal
2017-12-07 04:00:00,2017-12-07,Persistence,410.0000000000,416.0000000000,24.4247787611,0.0000000000,471.8101318266,448.6387521574,471.8101318266,434.4247787611,440.4247787611,Medium,0: optimal
2017-12-07 05:00:00,2017-12-07,Persistence,409.0000000000,416.0000000000,24.4247787611,0.0000000000,494.9815114958,471.8101318266,494.9815114958,433.4247787611,440.4247787611,Medium,0: optimal
2017-12-07 06:00:00,2017-12-07,Persistence,406.0000000000,415.0000000000,25.4247787611,0.0000000000,519.1015744631,494.9815114958,519.1015744631,431.4247787611,440.4247787611,Medium,0: optimal
2017-12-07 07:00:00,2017-12-07,Persistence,411.0000000000,418.0000000000,22.4247787611,0.0000000000,540.3755875362,519.1015744631,540.3755875362,433.4247787611,440.4247787611,Medium,0: optimal
2017-12-07 08:00:00,2017-12-07,Persistence,423.0000000000,428.0000000000,12.4247787611,0.0000000000,552.1627676288,540.3755875362,552.1627676288,435.4247787611,440.4247787611,Medium,0: optimal
2017-12-07 09:00:00,2017-12-07,Persistence,436.0000000000,430.0000000000,10.4247787611,0.0000000000,562.0525811253,552.1627676288,562.0525811253,446.4247787611,440.4247787611,Medium,0: optimal
2017-12-07 10:00:00,2017-12-07,Persistence,453.0000000000,450.0000000000,0.0000000000,9.5752212389,551.9594117202,562.0525811253,551.9594117202,443.4247787611,440.4247787611,Medium,0: optimal
2017-12-07 11:00:00,2017-12-07,Persistence,462.0000000000,463.0000000000,0.0000000000,22.5752212389,528.1630391212,551.9594117202,528.1630391212,439.4247787611,440.4247787611,Medium,0: optimal
2017-12-07 12:00:00,2017-12-07,Persistence,470.0000000000,468.0000000000,0.0000000000,27.5752212389,499.0962037551,528.1630391212,499.0962037551,442.4247787611,440.4247787611,Medium,0: optimal
2017-12-07 13:00:00,2017-12-07,Persistence,471.0000000000,467.0000000000,0.0000000000,26.5752212389,471.0834609425,499.0962037551,471.0834609425,444.4247787611,440.4247787611,Medium,0: optimal
2017-12-07 14:00:00,2017-12-07,Persistence,476.0000000000,472.0000000000,0.0000000000,31.5752212389,437.8002553629,471.0834609425,437.8002553629,444.4247787611,440.4247787611,Medium,0: optimal
2017-12-07 15:00:00,2017-12-07,Persistence,483.0000000000,475.0000000000,0.0000000000,34.5752212389,401.3547721231,437.8002553629,401.3547721231,448.4247787611,440.4247787611,Medium,0: optimal
2017-12-07 16:00:00,2017-12-07,Persistence,480.0000000000,471.0000000000,0.0000000000,30.5752212389,369.1256590969,401.3547721231,369.1256590969,449.4247787611,440.4247787611,Medium,0: optimal
2017-12-07 17:00:00,2017-12-07,Persistence,474.0000000000,468.0000000000,0.0000000000,27.5752212389,340.0588237309,369.1256590969,340.0588237309,446.4247787611,440.4247787611,Medium,0: optimal
2017-12-07 18:00:00,2017-12-07,Persistence,464.0000000000,457.0000000000,0.0000000000,16.5752212389,322.5870064522,340.0588237309,322.5870064522,447.4247787611,440.4247787611,Medium,0: optimal
2017-12-07 19:00:00,2017-12-07,Persistence,450.0000000000,449.0000000000,0.0000000000,8.5752212389,313.5479296005,322.5870064522,313.5479296005,441.4247787611,440.4247787611,Medium,0: optimal
2017-12-07 20:00:00,2017-12-07,Persistence,437.0000000000,438.0000000000,2.4247787611,0.0000000000,315.8482767126,313.5479296005,315.8482767126,439.4247787611,440.4247787611,Medium,0: optimal
2017-12-07 21:00:00,2017-12-07,Persistence,433.0000000000,427.0000000000,13.4247787611,0.0000000000,328.5841401033,315.8482767126,328.5841401033,446.4247787611,440.4247787611,Medium,0: optimal
2017-12-07 22:00:00,2017-12-07,Persistence,425.0000000000,421.0000000000,19.4247787611,0.0000000000,347.0121032822,328.5841401033,347.0121032822,444.4247787611,440.4247787611,Medium,0: optimal
2017-12-07 23:00:00,2017-12-07,Persistence,423.0000000000,420.0000000000,20.4247787611,0.0000000000,366.3887497592,347.0121032822,366.3887497592,443.4247787611,440.4247787611,Medium,0: optimal
2017-12-08 00:00:00,2017-12-08,Persistence,420.0000000000,415.0000000000,25.6150442478,0.0000000000,390.6893144159,366.3887497592,390.6893144159,445.6150442478,440.6150442478,Medium,0: optimal
2017-12-08 01:00:00,2017-12-08,Persistence,418.0000000000,414.0000000000,26.6150442478,0.0000000000,415.9385623707,390.6893144159,415.9385623707,444.6150442478,440.6150442478,Medium,0: optimal
2017-12-08 02:00:00,2017-12-08,Persistence,414.0000000000,410.0000000000,30.6150442478,0.0000000000,444.9825435176,415.9385623707,444.9825435176,444.6150442478,440.6150442478,Medium,0: optimal
2017-12-08 03:00:00,2017-12-08,Persistence,412.0000000000,409.0000000000,31.6150442478,0.0000000000,474.9752079626,444.9825435176,474.9752079626,443.6150442478,440.6150442478,Medium,0: optimal
2017-12-08 04:00:00,2017-12-08,Persistence,410.0000000000,410.0000000000,30.6150442478,0.0000000000,504.0191891096,474.9752079626,504.0191891096,440.6150442478,440.6150442478,Medium,0: optimal
2017-12-08 05:00:00,2017-12-08,Persistence,413.0000000000,409.0000000000,31.6150442478,0.0000000000,534.0118535546,504.0191891096,534.0118535546,444.6150442478,440.6150442478,Medium,0: optimal
2017-12-08 06:00:00,2017-12-08,Persistence,413.0000000000,406.0000000000,34.6150442478,0.0000000000,566.8505678937,534.0118535546,566.8505678937,447.6150442478,440.6150442478,Medium,0: optimal
2017-12-08 07:00:00,2017-12-08,Persistence,419.0000000000,411.0000000000,29.6150442478,0.0000000000,594.9458657426,566.8505678937,594.9458657426,448.6150442478,440.6150442478,Medium,0: optimal
2017-12-08 08:00:00,2017-12-08,Persistence,421.0000000000,423.0000000000,17.6150442478,0.0000000000,611.6569640149,594.9458657426,611.6569640149,438.6150442478,440.6150442478,Medium,0: optimal
2017-12-08 09:00:00,2017-12-08,Persistence,443.0000000000,436.0000000000,4.6150442478,0.0000000000,616.0351794126,611.6569640149,616.0351794126,447.6150442478,440.6150442478,Medium,0: optimal
2017-12-08 10:00:00,2017-12-08,Persistence,454.0000000000,453.0000000000,0.0000000000,12.3849557522,602.9802897801,616.0351794126,602.9802897801,441.6150442478,440.6150442478,Medium,0: optimal
2017-12-08 11:00:00,2017-12-08,Persistence,470.0000000000,462.0000000000,0.0000000000,21.3849557522,580.4385671671,602.9802897801,580.4385671671,448.6150442478,440.6150442478,Medium,0: optimal
2017-12-08 12:00:00,2017-12-08,Persistence,469.0000000000,470.0000000000,0.0000000000,29.3849557522,549.4641041270,580.4385671671,549.4641041270,439.6150442478,440.6150442478,Medium,0: optimal
2017-12-08 13:00:00,2017-12-08,Persistence,473.0000000000,471.0000000000,0.0000000000,30.3849557522,517.4355485336,549.4641041270,517.4355485336,442.6150442478,440.6150442478,Medium,0: optimal
2017-12-08 14:00:00,2017-12-08,Persistence,477.0000000000,476.0000000000,0.0000000000,35.3849557522,480.1365301731,517.4355485336,480.1365301731,441.6150442478,440.6150442478,Medium,0: optimal
2017-12-08 15:00:00,2017-12-08,Persistence,479.0000000000,483.0000000000,0.0000000000,42.3849557522,435.4588639390,480.1365301731,435.4588639390,436.6150442478,440.6150442478,Medium,0: optimal
2017-12-08 16:00:00,2017-12-08,Persistence,483.0000000000,480.0000000000,0.0000000000,39.3849557522,393.9434753650,435.4588639390,393.9434753650,443.6150442478,440.6150442478,Medium,0: optimal
2017-12-08 17:00:00,2017-12-08,Persistence,474.0000000000,474.0000000000,0.0000000000,33.3849557522,358.7526421114,393.9434753650,358.7526421114,440.6150442478,440.6150442478,Medium,0: optimal
2017-12-08 18:00:00,2017-12-08,Persistence,458.0000000000,464.0000000000,0.0000000000,23.3849557522,334.1027343916,358.7526421114,334.1027343916,434.6150442478,440.6150442478,Medium,0: optimal
2017-12-08 19:00:00,2017-12-08,Persistence,444.0000000000,450.0000000000,0.0000000000,9.3849557522,324.2101224193,334.1027343916,324.2101224193,434.6150442478,440.6150442478,Medium,0: optimal
2017-12-08 20:00:00,2017-12-08,Persistence,431.0000000000,437.0000000000,3.6150442478,0.0000000000,327.6396545189,324.2101224193,327.6396545189,434.6150442478,440.6150442478,Medium,0: optimal
2017-12-08 21:00:00,2017-12-08,Persistence,428.0000000000,433.0000000000,7.6150442478,0.0000000000,334.8639198107,327.6396545189,334.8639198107,435.6150442478,440.6150442478,Medium,0: optimal
2017-12-08 22:00:00,2017-12-08,Persistence,424.0000000000,425.0000000000,15.6150442478,0.0000000000,349.6776514869,334.8639198107,349.6776514869,439.6150442478,440.6150442478,Medium,0: optimal
2017-12-08 23:00:00,2017-12-08,Persistence,418.0000000000,423.0000000000,17.6150442478,0.0000000000,366.3887497592,349.6776514869,366.3887497592,435.6150442478,440.6150442478,Medium,0: optimal
2017-12-09 00:00:00,2017-12-09,Persistence,414.0000000000,420.0000000000,21.4493392070,0.0000000000,386.7373796191,366.3887497592,386.7373796191,435.4493392070,441.4493392070,Medium,0: optimal
2017-12-09 01:00:00,2017-12-09,Persistence,409.0000000000,418.0000000000,23.4493392070,0.0000000000,408.9833760752,386.7373796191,408.9833760752,432.4493392070,441.4493392070,Medium,0: optimal
2017-12-09 02:00:00,2017-12-09,Persistence,409.0000000000,414.0000000000,27.4493392070,0.0000000000,435.0241057234,408.9833760752,435.0241057234,436.4493392070,441.4493392070,Medium,0: optimal
2017-12-09 03:00:00,2017-12-09,Persistence,410.0000000000,412.0000000000,29.4493392070,0.0000000000,462.9622019678,435.0241057234,462.9622019678,439.4493392070,441.4493392070,Medium,0: optimal
2017-12-09 04:00:00,2017-12-09,Persistence,410.0000000000,410.0000000000,31.4493392070,0.0000000000,492.7976648083,462.9622019678,492.7976648083,441.4493392070,441.4493392070,Medium,0: optimal
2017-12-09 05:00:00,2017-12-09,Persistence,409.0000000000,413.0000000000,28.4493392070,0.0000000000,519.7870777546,492.7976648083,519.7870777546,437.4493392070,441.4493392070,Medium,0: optimal
2017-12-09 06:00:00,2017-12-09,Persistence,408.0000000000,413.0000000000,28.4493392070,0.0000000000,546.7764907009,519.7870777546,546.7764907009,436.4493392070,441.4493392070,Medium,0: optimal
2017-12-09 07:00:00,2017-12-09,Persistence,407.0000000000,419.0000000000,22.4493392070,0.0000000000,568.0738038588,546.7764907009,568.0738038588,429.4493392070,441.4493392070,Medium,0: optimal
2017-12-09 08:00:00,2017-12-09,Persistence,406.0000000000,421.0000000000,20.4493392070,0.0000000000,587.4737504207,568.0738038588,587.4737504207,426.4493392070,441.4493392070,Medium,0: optimal
2017-12-09 09:00:00,2017-12-09,Persistence,410.0000000000,443.0000000000,0.0000000000,1.5506607930,585.8392104261,587.4737504207,585.8392104261,408.4493392070,441.4493392070,Medium,0: optimal
2017-12-09 10:00:00,2017-12-09,Persistence,413.0000000000,454.0000000000,0.0000000000,12.5506607930,572.6096523441,585.8392104261,572.6096523441,400.4493392070,441.4493392070,Medium,0: optimal
2017-12-09 11:00:00,2017-12-09,Persistence,415.0000000000,470.0000000000,0.0000000000,28.5506607930,542.5146134079,572.6096523441,542.5146134079,386.4493392070,441.4493392070,Medium,0: optimal
2017-12-09 12:00:00,2017-12-09,Persistence,421.0000000000,469.0000000000,0.0000000000,27.5506607930,513.4736670251,542.5146134079,513.4736670251,393.4493392070,441.4493392070,Medium,0: optimal
2017-12-09 13:00:00,2017-12-09,Persistence,419.0000000000,473.0000000000,0.0000000000,31.5506607930,480.2163504287,513.4736670251,480.2163504287,387.4493392070,441.4493392070,Medium,0: optimal
2017-12-09 14:00:00,2017-12-09,Persistence,425.0000000000,477.0000000000,0.0000000000,35.5506607930,442.7426636188,480.2163504287,442.7426636188,389.4493392070,441.4493392070,Medium,0: optimal
2017-12-09 15:00:00,2017-12-09,Persistence,431.0000000000,479.0000000000,0.0000000000,37.5506607930,403.1607917021,442.7426636188,403.1607917021,393.4493392070,441.4493392070,Medium,0: optimal
2017-12-09 16:00:00,2017-12-09,Persistence,432.0000000000,483.0000000000,0.0000000000,41.5506607930,359.3625495718,403.1607917021,359.3625495718,390.4493392070,441.4493392070,Medium,0: optimal
2017-12-09 17:00:00,2017-12-09,Persistence,430.0000000000,474.0000000000,0.0000000000,32.5506607930,325.0511404221,359.3625495718,325.0511404221,397.4493392070,441.4493392070,Medium,0: optimal
2017-12-09 18:00:00,2017-12-09,Persistence,423.0000000000,458.0000000000,0.0000000000,16.5506607930,307.6052121265,325.0511404221,307.6052121265,406.4493392070,441.4493392070,Medium,0: optimal
2017-12-09 19:00:00,2017-12-09,Persistence,419.0000000000,444.0000000000,0.0000000000,2.5506607930,304.9165795785,307.6052121265,304.9165795785,416.4493392070,441.4493392070,Medium,0: optimal
2017-12-09 20:00:00,2017-12-09,Persistence,416.0000000000,431.0000000000,10.4493392070,0.0000000000,314.8296931599,304.9165795785,314.8296931599,426.4493392070,441.4493392070,Medium,0: optimal
2017-12-09 21:00:00,2017-12-09,Persistence,416.0000000000,428.0000000000,13.4493392070,0.0000000000,327.5888566354,314.8296931599,327.5888566354,429.4493392070,441.4493392070,Medium,0: optimal
2017-12-09 22:00:00,2017-12-09,Persistence,413.0000000000,424.0000000000,17.4493392070,0.0000000000,344.1427533032,327.5888566354,344.1427533032,430.4493392070,441.4493392070,Medium,0: optimal
2017-12-09 23:00:00,2017-12-09,Persistence,417.0000000000,418.0000000000,23.4493392070,0.0000000000,366.3887497592,344.1427533032,366.3887497592,440.4493392070,441.4493392070,Medium,0: optimal
2017-12-10 00:00:00,2017-12-10,Persistence,413.0000000000,414.0000000000,2.2444444444,0.0000000000,368.5180167170,366.3887497592,368.5180167170,415.2444444444,416.2444444444,Medium,0: optimal
2017-12-10 01:00:00,2017-12-10,Persistence,409.0000000000,409.0000000000,7.2444444444,0.0000000000,375.3907001651,368.5180167170,375.3907001651,416.2444444444,416.2444444444,Medium,0: optimal
2017-12-10 02:00:00,2017-12-10,Persistence,407.0000000000,409.0000000000,7.2444444444,0.0000000000,382.2633836132,375.3907001651,382.2633836132,414.2444444444,416.2444444444,Medium,0: optimal
2017-12-10 03:00:00,2017-12-10,Persistence,408.0000000000,410.0000000000,6.2444444444,0.0000000000,388.1873837633,382.2633836132,388.1873837633,414.2444444444,416.2444444444,Medium,0: optimal
2017-12-10 04:00:00,2017-12-10,Persistence,408.0000000000,410.0000000000,6.2444444444,0.0000000000,394.1113839133,388.1873837633,394.1113839133,414.2444444444,416.2444444444,Medium,0: optimal
2017-12-10 05:00:00,2017-12-10,Persistence,406.0000000000,409.0000000000,7.2444444444,0.0000000000,400.9840673614,394.1113839133,400.9840673614,413.2444444444,416.2444444444,Medium,0: optimal
2017-12-10 06:00:00,2017-12-10,Persistence,404.0000000000,408.0000000000,8.2444444444,0.0000000000,408.8054341076,400.9840673614,408.8054341076,412.2444444444,416.2444444444,Medium,0: optimal
2017-12-10 07:00:00,2017-12-10,Persistence,404.0000000000,407.0000000000,9.2444444444,0.0000000000,417.5754841518,408.8054341076,417.5754841518,413.2444444444,416.2444444444,Medium,0: optimal
2017-12-10 08:00:00,2017-12-10,Persistence,406.0000000000,406.0000000000,10.2444444444,0.0000000000,427.2942174940,417.5754841518,427.2942174940,416.2444444444,416.2444444444,Medium,0: optimal
2017-12-10 09:00:00,2017-12-10,Persistence,408.0000000000,410.0000000000,6.2444444444,0.0000000000,433.2182176441,427.2942174940,433.2182176441,414.2444444444,416.2444444444,Medium,0: optimal
2017-12-10 10:00:00,2017-12-10,Persistence,410.0000000000,413.0000000000,3.2444444444,0.0000000000,436.2961679000,433.2182176441,436.2961679000,413.2444444444,416.2444444444,Medium,0: optimal
2017-12-10 11:00:00,2017-12-10,Persistence,416.0000000000,415.0000000000,1.2444444444,0.0000000000,437.4767515598,436.2961679000,437.4767515598,417.2444444444,416.2444444444,Medium,0: optimal
2017-12-10 12:00:00,2017-12-10,Persistence,419.0000000000,421.0000000000,0.0000000000,4.7555555556,432.4639558614,437.4767515598,432.4639558614,414.2444444444,416.2444444444,Medium,0: optimal
2017-12-10 13:00:00,2017-12-10,Persistence,418.0000000000,419.0000000000,0.0000000000,2.7555555556,429.5593452699,432.4639558614,429.5593452699,415.2444444444,416.2444444444,Medium,0: optimal
2017-12-10 14:00:00,2017-12-10,Persistence,421.0000000000,425.0000000000,0.0000000000,8.7555555556,420.3301793580,429.5593452699,420.3301793580,412.2444444444,416.2444444444,Medium,0: optimal
2017-12-10 15:00:00,2017-12-10,Persistence,425.0000000000,431.0000000000,0.0000000000,14.7555555556,404.7764581257,420.3301793580,404.7764581257,410.2444444444,416.2444444444,Medium,0: optimal
2017-12-10 16:00:00,2017-12-10,Persistence,429.0000000000,432.0000000000,0.0000000000,15.7555555556,388.1686443401,404.7764581257,388.1686443401,413.2444444444,416.2444444444,Medium,0: optimal
2017-12-10 17:00:00,2017-12-10,Persistence,426.0000000000,430.0000000000,0.0000000000,13.7555555556,373.6690156613,388.1686443401,373.6690156613,412.2444444444,416.2444444444,Medium,0: optimal
2017-12-10 18:00:00,2017-12-10,Persistence,426.0000000000,423.0000000000,0.0000000000,6.7555555556,366.5480348562,373.6690156613,366.5480348562,419.2444444444,416.2444444444,Medium,0: optimal
2017-12-10 19:00:00,2017-12-10,Persistence,427.0000000000,419.0000000000,0.0000000000,2.7555555556,363.6434242646,366.5480348562,363.6434242646,424.2444444444,416.2444444444,Medium,0: optimal
2017-12-10 20:00:00,2017-12-10,Persistence,423.0000000000,416.0000000000,0.2444444444,0.0000000000,363.8753246263,363.6434242646,363.8753246263,423.2444444444,416.2444444444,Medium,0: optimal
2017-12-10 21:00:00,2017-12-10,Persistence,422.0000000000,416.0000000000,0.2444444444,0.0000000000,364.1072249881,363.8753246263,364.1072249881,422.2444444444,416.2444444444,Medium,0: optimal
2017-12-10 22:00:00,2017-12-10,Persistence,421.0000000000,413.0000000000,3.2444444444,0.0000000000,367.1851752440,364.1072249881,367.1851752440,424.2444444444,416.2444444444,Medium,0: optimal
2017-12-10 23:00:00,2017-12-10,Persistence,415.0000000000,417.0000000000,0.0000000000,0.7555555556,366.3887497592,367.1851752440,366.3887497592,414.2444444444,416.2444444444,Medium,0: optimal
2017-12-11 00:00:00,2017-12-11,Persistence,413.0000000000,413.0000000000,2.8421052632,0.0000000000,369.0850075537,366.3887497592,369.0850075537,415.8421052632,415.8421052632,Medium,0: optimal
2017-12-11 01:00:00,2017-12-11,Persistence,414.0000000000,409.0000000000,6.8421052632,0.0000000000,375.5759985403,369.0850075537,375.5759985403,420.8421052632,415.8421052632,Medium,0: optimal
2017-12-11 02:00:00,2017-12-11,Persistence,409.0000000000,407.0000000000,8.8421052632,0.0000000000,383.9643561231,375.5759985403,383.9643561231,417.8421052632,415.8421052632,Medium,0: optimal
2017-12-11 03:00:00,2017-12-11,Persistence,410.0000000000,408.0000000000,7.8421052632,0.0000000000,391.4040304078,383.9643561231,391.4040304078,417.8421052632,415.8421052632,Medium,0: optimal
2017-12-11 04:00:00,2017-12-11,Persistence,404.0000000000,408.0000000000,7.8421052632,0.0000000000,398.8437046925,391.4040304078,398.8437046925,411.8421052632,415.8421052632,Medium,0: optimal
2017-12-11 05:00:00,2017-12-11,Persistence,405.0000000000,406.0000000000,9.8421052632,0.0000000000,408.1807455733,398.8437046925,408.1807455733,414.8421052632,415.8421052632,Medium,0: optimal
2017-12-11 06:00:00,2017-12-11,Persistence,407.0000000000,404.0000000000,11.8421052632,0.0000000000,419.4151530502,408.1807455733,419.4151530502,418.8421052632,415.8421052632,Medium,0: optimal
2017-12-11 07:00:00,2017-12-11,Persistence,409.0000000000,404.0000000000,11.8421052632,0.0000000000,430.6495605271,419.4151530502,430.6495605271,420.8421052632,415.8421052632,Medium,0: optimal
2017-12-11 08:00:00,2017-12-11,Persistence,416.0000000000,406.0000000000,9.8421052632,0.0000000000,439.9866014080,430.6495605271,439.9866014080,425.8421052632,415.8421052632,Medium,0: optimal
2017-12-11 09:00:00,2017-12-11,Persistence,427.0000000000,408.0000000000,7.8421052632,0.0000000000,447.4262756927,439.9866014080,447.4262756927,434.8421052632,415.8421052632,Medium,0: optimal
2017-12-11 10:00:00,2017-12-11,Persistence,441.0000000000,410.0000000000,5.8421052632,0.0000000000,452.9685833813,447.4262756927,452.9685833813,446.8421052632,415.8421052632,Medium,0: optimal
2017-12-11 11:00:00,2017-12-11,Persistence,462.0000000000,416.0000000000,0.0000000000,0.1578947368,452.8021477150,452.9685833813,452.8021477150,461.8421052632,415.8421052632,Medium,0: optimal
2017-12-11 12:00:00,2017-12-11,Persistence,468.0000000000,419.0000000000,0.0000000000,3.1578947368,449.4734343885,452.8021477150,449.4734343885,464.8421052632,415.8421052632,Medium,0: optimal
2017-12-11 13:00:00,2017-12-11,Persistence,469.0000000000,418.0000000000,0.0000000000,2.1578947368,447.1988136154,449.4734343885,447.1988136154,466.8421052632,415.8421052632,Medium,0: optimal
2017-12-11 14:00:00,2017-12-11,Persistence,469.0000000000,421.0000000000,0.0000000000,5.1578947368,441.7619151821,447.1988136154,441.7619151821,463.8421052632,415.8421052632,Medium,0: optimal
2017-12-11 15:00:00,2017-12-11,Persistence,468.0000000000,425.0000000000,0.0000000000,9.1578947368,432.1086465353,441.7619151821,432.1086465353,458.8421052632,415.8421052632,Medium,0: optimal
2017-12-11 16:00:00,2017-12-11,Persistence,467.0000000000,429.0000000000,0.0000000000,13.1578947368,418.2390076749,432.1086465353,418.2390076749,453.8421052632,415.8421052632,Medium,0: optimal
2017-12-11 17:00:00,2017-12-11,Persistence,467.0000000000,426.0000000000,0.0000000000,10.1578947368,407.5316464747,418.2390076749,407.5316464747,456.8421052632,415.8421052632,Medium,0: optimal
2017-12-11 18:00:00,2017-12-11,Persistence,456.0000000000,426.0000000000,0.0000000000,10.1578947368,396.8242852744,407.5316464747,396.8242852744,445.8421052632,415.8421052632,Medium,0: optimal
2017-12-11 19:00:00,2017-12-11,Persistence,451.0000000000,427.0000000000,0.0000000000,11.1578947368,385.0628315208,396.8242852744,385.0628315208,439.8421052632,415.8421052632,Medium,0: optimal
2017-12-11 20:00:00,2017-12-11,Persistence,440.0000000000,423.0000000000,0.0000000000,7.1578947368,377.5177479808,385.0628315208,377.5177479808,432.8421052632,415.8421052632,Medium,0: optimal
2017-12-11 21:00:00,2017-12-11,Persistence,428.0000000000,422.0000000000,0.0000000000,6.1578947368,371.0267569941,377.5177479808,371.0267569941,421.8421052632,415.8421052632,Medium,0: optimal
2017-12-11 22:00:00,2017-12-11,Persistence,429.0000000000,421.0000000000,0.0000000000,5.1578947368,365.5898585608,371.0267569941,365.5898585608,423.8421052632,415.8421052632,Medium,0: optimal
2017-12-11 23:00:00,2017-12-11,Persistence,419.0000000000,415.0000000000,0.8421052632,0.0000000000,366.3887497592,365.5898585608,366.3887497592,419.8421052632,415.8421052632,Medium,0: optimal
2017-12-12 00:00:00,2017-12-12,Persistence,417.0000000000,413.0000000000,23.5198237885,0.0000000000,388.7016137605,366.3887497592,388.7016137605,440.5198237885,436.5198237885,Medium,0: optimal
2017-12-12 01:00:00,2017-12-12,Persistence,415.0000000000,414.0000000000,22.5198237885,0.0000000000,410.0657944637,388.7016137605,410.0657944637,437.5198237885,436.5198237885,Medium,0: optimal
2017-12-12 02:00:00,2017-12-12,Persistence,412.0000000000,409.0000000000,27.5198237885,0.0000000000,436.1733916572,410.0657944637,436.1733916572,439.5198237885,436.5198237885,Medium,0: optimal
2017-12-12 03:00:00,2017-12-12,Persistence,410.0000000000,410.0000000000,26.5198237885,0.0000000000,461.3323055526,436.1733916572,461.3323055526,436.5198237885,436.5198237885,Medium,0: optimal
2017-12-12 04:00:00,2017-12-12,Persistence,408.0000000000,404.0000000000,32.5198237885,0.0000000000,492.1833192364,461.3323055526,492.1833192364,440.5198237885,436.5198237885,Medium,0: optimal
2017-12-12 05:00:00,2017-12-12,Persistence,406.0000000000,405.0000000000,31.5198237885,0.0000000000,522.0856496221,492.1833192364,522.0856496221,437.5198237885,436.5198237885,Medium,0: optimal
2017-12-12 06:00:00,2017-12-12,Persistence,406.0000000000,407.0000000000,29.5198237885,0.0000000000,550.0906134117,522.0856496221,550.0906134117,435.5198237885,436.5198237885,Medium,0: optimal
2017-12-12 07:00:00,2017-12-12,Persistence,408.0000000000,409.0000000000,27.5198237885,0.0000000000,576.1982106052,550.0906134117,576.1982106052,435.5198237885,436.5198237885,Medium,0: optimal
2017-12-12 08:00:00,2017-12-12,Persistence,421.0000000000,416.0000000000,20.5198237885,0.0000000000,595.6650247123,576.1982106052,595.6650247123,441.5198237885,436.5198237885,Medium,0: optimal
2017-12-12 09:00:00,2017-12-12,Persistence,433.0000000000,427.0000000000,9.5198237885,0.0000000000,604.6963225409,595.6650247123,604.6963225409,442.5198237885,436.5198237885,Medium,0: optimal
2017-12-12 10:00:00,2017-12-12,Persistence,446.0000000000,441.0000000000,0.0000000000,4.4801762115,599.9738021585,604.6963225409,599.9738021585,441.5198237885,436.5198237885,Medium,0: optimal
2017-12-12 11:00:00,2017-12-12,Persistence,459.0000000000,462.0000000000,0.0000000000,25.4801762115,573.1153381550,599.9738021585,573.1153381550,433.5198237885,436.5198237885,Medium,0: optimal
2017-12-12 12:00:00,2017-12-12,Persistence,464.0000000000,468.0000000000,0.0000000000,31.4801762115,539.9323188311,573.1153381550,539.9323188311,432.5198237885,436.5198237885,Medium,0: optimal
2017-12-12 13:00:00,2017-12-12,Persistence,468.0000000000,469.0000000000,0.0000000000,32.4801762115,505.6952069538,539.9323188311,505.6952069538,435.5198237885,436.5198237885,Medium,0: optimal
2017-12-12 14:00:00,2017-12-12,Persistence,465.0000000000,469.0000000000,0.0000000000,32.4801762115,471.4580950765,505.6952069538,471.4580950765,432.5198237885,436.5198237885,Medium,0: optimal
2017-12-12 15:00:00,2017-12-12,Persistence,463.0000000000,468.0000000000,0.0000000000,31.4801762115,438.2750757526,471.4580950765,438.2750757526,431.5198237885,436.5198237885,Medium,0: optimal
2017-12-12 16:00:00,2017-12-12,Persistence,461.0000000000,467.0000000000,0.0000000000,30.4801762115,406.1461489822,438.2750757526,406.1461489822,430.5198237885,436.5198237885,Medium,0: optimal
2017-12-12 17:00:00,2017-12-12,Persistence,459.0000000000,467.0000000000,0.0000000000,30.4801762115,374.0172222117,406.1461489822,374.0172222117,428.5198237885,436.5198237885,Medium,0: optimal
2017-12-12 18:00:00,2017-12-12,Persistence,456.0000000000,456.0000000000,0.0000000000,19.4801762115,353.4833135285,374.0172222117,353.4833135285,436.5198237885,436.5198237885,Medium,0: optimal
2017-12-12 19:00:00,2017-12-12,Persistence,446.0000000000,451.0000000000,0.0000000000,14.4801762115,338.2198676122,353.4833135285,338.2198676122,431.5198237885,436.5198237885,Medium,0: optimal
2017-12-12 20:00:00,2017-12-12,Persistence,436.0000000000,440.0000000000,0.0000000000,3.4801762115,334.5514397832,338.2198676122,334.5514397832,432.5198237885,436.5198237885,Medium,0: optimal
2017-12-12 21:00:00,2017-12-12,Persistence,432.0000000000,428.0000000000,8.5198237885,0.0000000000,342.6340543137,334.5514397832,342.6340543137,440.5198237885,436.5198237885,Medium,0: optimal
2017-12-12 22:00:00,2017-12-12,Persistence,429.0000000000,429.0000000000,7.5198237885,0.0000000000,349.7679855462,342.6340543137,349.7679855462,436.5198237885,436.5198237885,Medium,0: optimal
2017-12-12 23:00:00,2017-12-12,Persistence,420.0000000000,419.0000000000,17.5198237885,0.0000000000,366.3887497592,349.7679855462,366.3887497592,437.5198237885,436.5198237885,Medium,0: optimal
2017-12-13 00:00:00,2017-12-13,Persistence,419.0000000000,417.0000000000,19.0486725664,0.0000000000,384.4599072729,366.3887497592,384.4599072729,438.0486725664,436.0486725664,Medium,0: optimal
2017-12-13 01:00:00,2017-12-13,Persistence,409.0000000000,415.0000000000,21.0486725664,0.0000000000,404.4284313828,384.4599072729,404.4284313828,430.0486725664,436.0486725664,Medium,0: optimal
2017-12-13 02:00:00,2017-12-13,Persistence,410.0000000000,412.0000000000,24.0486725664,0.0000000000,427.2430053868,404.4284313828,427.2430053868,434.0486725664,436.0486725664,Medium,0: optimal
2017-12-13 03:00:00,2017-12-13,Persistence,409.0000000000,410.0000000000,26.0486725664,0.0000000000,451.9549459869,427.2430053868,451.9549459869,435.0486725664,436.0486725664,Medium,0: optimal
2017-12-13 04:00:00,2017-12-13,Persistence,407.0000000000,408.0000000000,28.0486725664,0.0000000000,478.5642531831,451.9549459869,478.5642531831,435.0486725664,436.0486725664,Medium,0: optimal
2017-12-13 05:00:00,2017-12-13,Persistence,407.0000000000,406.0000000000,30.0486725664,0.0000000000,507.0709269754,478.5642531831,507.0709269754,437.0486725664,436.0486725664,Medium,0: optimal
2017-12-13 06:00:00,2017-12-13,Persistence,406.0000000000,406.0000000000,30.0486725664,0.0000000000,535.5776007677,507.0709269754,535.5776007677,436.0486725664,436.0486725664,Medium,0: optimal
2017-12-13 07:00:00,2017-12-13,Persistence,410.0000000000,408.0000000000,28.0486725664,0.0000000000,562.1869079639,535.5776007677,562.1869079639,438.0486725664,436.0486725664,Medium,0: optimal
2017-12-13 08:00:00,2017-12-13,Persistence,417.0000000000,421.0000000000,15.0486725664,0.0000000000,576.4633322855,562.1869079639,576.4633322855,432.0486725664,436.0486725664,Medium,0: optimal
2017-12-13 09:00:00,2017-12-13,Persistence,424.0000000000,433.0000000000,3.0486725664,0.0000000000,579.3555570304,576.4633322855,579.3555570304,427.0486725664,436.0486725664,Medium,0: optimal
2017-12-13 10:00:00,2017-12-13,Persistence,441.0000000000,446.0000000000,0.0000000000,9.9513274336,568.8659368863,579.3555570304,568.8659368863,431.0486725664,436.0486725664,Medium,0: optimal
2017-12-13 11:00:00,2017-12-13,Persistence,459.0000000000,459.0000000000,0.0000000000,22.9513274336,544.6731135481,568.8659368863,544.6731135481,436.0486725664,436.0486725664,Medium,0: optimal
2017-12-13 12:00:00,2017-12-13,Persistence,469.0000000000,464.0000000000,0.0000000000,27.9513274336,515.2098274430,544.6731135481,515.2098274430,441.0486725664,436.0486725664,Medium,0: optimal
2017-12-13 13:00:00,2017-12-13,Persistence,473.0000000000,468.0000000000,0.0000000000,31.9513274336,481.5301711243,515.2098274430,481.5301711243,441.0486725664,436.0486725664,Medium,0: optimal
2017-12-13 14:00:00,2017-12-13,Persistence,470.0000000000,465.0000000000,0.0000000000,28.9513274336,451.0127924657,481.5301711243,451.0127924657,441.0486725664,436.0486725664,Medium,0: optimal
2017-12-13 15:00:00,2017-12-13,Persistence,477.0000000000,463.0000000000,0.0000000000,26.9513274336,422.6035989140,451.0127924657,422.6035989140,450.0486725664,436.0486725664,Medium,0: optimal
2017-12-13 16:00:00,2017-12-13,Persistence,468.0000000000,461.0000000000,0.0000000000,24.9513274336,396.3025904690,422.6035989140,396.3025904690,443.0486725664,436.0486725664,Medium,0: optimal
2017-12-13 17:00:00,2017-12-13,Persistence,467.0000000000,459.0000000000,0.0000000000,22.9513274336,372.1097671308,396.3025904690,372.1097671308,444.0486725664,436.0486725664,Medium,0: optimal
2017-12-13 18:00:00,2017-12-13,Persistence,463.0000000000,456.0000000000,0.0000000000,19.9513274336,351.0792214528,372.1097671308,351.0792214528,443.0486725664,436.0486725664,Medium,0: optimal
2017-12-13 19:00:00,2017-12-13,Persistence,447.0000000000,446.0000000000,0.0000000000,9.9513274336,340.5896013087,351.0792214528,340.5896013087,437.0486725664,436.0486725664,Medium,0: optimal
2017-12-13 20:00:00,2017-12-13,Persistence,432.0000000000,436.0000000000,0.0486725664,0.0000000000,340.6357761595,340.5896013087,340.6357761595,432.0486725664,436.0486725664,Medium,0: optimal
2017-12-13 21:00:00,2017-12-13,Persistence,427.0000000000,432.0000000000,4.0486725664,0.0000000000,344.4766842025,340.6357761595,344.4766842025,431.0486725664,436.0486725664,Medium,0: optimal
2017-12-13 22:00:00,2017-12-13,Persistence,428.0000000000,429.0000000000,7.0486725664,0.0000000000,351.1636421396,344.4766842025,351.1636421396,435.0486725664,436.0486725664,Medium,0: optimal
2017-12-13 23:00:00,2017-12-13,Persistence,422.0000000000,420.0000000000,16.0486725664,0.0000000000,366.3887497592,351.1636421396,366.3887497592,438.0486725664,436.0486725664,Medium,0: optimal
2017-12-14 00:00:00,2017-12-14,Persistence,416.0000000000,419.0000000000,18.0929203540,0.0000000000,383.5532011120,366.3887497592,383.5532011120,434.0929203540,437.0929203540,Medium,0: optimal
2017-12-14 01:00:00,2017-12-14,Persistence,411.0000000000,409.0000000000,28.0929203540,0.0000000000,410.2044854453,383.5532011120,410.2044854453,439.0929203540,437.0929203540,Medium,0: optimal
2017-12-14 02:00:00,2017-12-14,Persistence,410.0000000000,410.0000000000,27.0929203540,0.0000000000,435.9070864805,410.2044854453,435.9070864805,437.0929203540,437.0929203540,Medium,0: optimal
2017-12-14 03:00:00,2017-12-14,Persistence,407.0000000000,409.0000000000,28.0929203540,0.0000000000,462.5583708138,435.9070864805,462.5583708138,435.0929203540,437.0929203540,Medium,0: optimal
2017-12-14 04:00:00,2017-12-14,Persistence,405.0000000000,407.0000000000,30.0929203540,0.0000000000,491.1070217432,462.5583708138,491.1070217432,435.0929203540,437.0929203540,Medium,0: optimal
2017-12-14 05:00:00,2017-12-14,Persistence,405.0000000000,407.0000000000,30.0929203540,0.0000000000,519.6556726726,491.1070217432,519.6556726726,435.0929203540,437.0929203540,Medium,0: optimal
2017-12-14 06:00:00,2017-12-14,Persistence,407.0000000000,406.0000000000,31.0929203540,0.0000000000,549.1530069000,519.6556726726,549.1530069000,438.0929203540,437.0929203540,Medium,0: optimal
2017-12-14 07:00:00,2017-12-14,Persistence,410.0000000000,410.0000000000,27.0929203540,0.0000000000,574.8556079352,549.1530069000,574.8556079352,437.0929203540,437.0929203540,Medium,0: optimal
2017-12-14 08:00:00,2017-12-14,Persistence,414.0000000000,417.0000000000,20.0929203540,0.0000000000,593.9174258841,574.8556079352,593.9174258841,434.0929203540,437.0929203540,Medium,0: optimal
2017-12-14 09:00:00,2017-12-14,Persistence,425.0000000000,424.0000000000,13.0929203540,0.0000000000,606.3384607467,593.9174258841,606.3384607467,438.0929203540,437.0929203540,Medium,0: optimal
2017-12-14 10:00:00,2017-12-14,Persistence,444.0000000000,441.0000000000,0.0000000000,3.9070796460,602.2200371863,606.3384607467,602.2200371863,440.0929203540,437.0929203540,Medium,0: optimal
2017-12-14 11:00:00,2017-12-14,Persistence,462.0000000000,459.0000000000,0.0000000000,21.9070796460,579.1279476649,602.2200371863,579.1279476649,440.0929203540,437.0929203540,Medium,0: optimal
2017-12-14 12:00:00,2017-12-14,Persistence,466.0000000000,469.0000000000,0.0000000000,31.9070796460,545.4949326096,579.1279476649,545.4949326096,434.0929203540,437.0929203540,Medium,0: optimal
2017-12-14 13:00:00,2017-12-14,Persistence,468.0000000000,473.0000000000,0.0000000000,35.9070796460,507.6455473408,545.4949326096,507.6455473408,432.0929203540,437.0929203540,Medium,0: optimal
2017-12-14 14:00:00,2017-12-14,Persistence,471.0000000000,470.0000000000,0.0000000000,32.9070796460,472.9584397321,507.6455473408,472.9584397321,438.0929203540,437.0929203540,Medium,0: optimal
2017-12-14 15:00:00,2017-12-14,Persistence,468.0000000000,477.0000000000,0.0000000000,39.9070796460,430.8926842498,472.9584397321,430.8926842498,428.0929203540,437.0929203540,Medium,0: optimal
2017-12-14 16:00:00,2017-12-14,Persistence,465.0000000000,468.0000000000,0.0000000000,30.9070796460,398.3137617479,430.8926842498,398.3137617479,434.0929203540,437.0929203540,Medium,0: optimal
2017-12-14 17:00:00,2017-12-14,Persistence,463.0000000000,467.0000000000,0.0000000000,29.9070796460,366.7889317994,398.3137617479,366.7889317994,433.0929203540,437.0929203540,Medium,0: optimal
2017-12-14 18:00:00,2017-12-14,Persistence,457.0000000000,463.0000000000,0.0000000000,25.9070796460,339.4804720644,366.7889317994,339.4804720644,431.0929203540,437.0929203540,Medium,0: optimal
2017-12-14 19:00:00,2017-12-14,Persistence,448.0000000000,447.0000000000,0.0000000000,9.9070796460,329.0374931837,339.4804720644,329.0374931837,438.0929203540,437.0929203540,Medium,0: optimal
2017-12-14 20:00:00,2017-12-14,Persistence,443.0000000000,432.0000000000,5.0929203540,0.0000000000,333.8690616619,329.0374931837,333.8690616619,448.0929203540,437.0929203540,Medium,0: optimal
2017-12-14 21:00:00,2017-12-14,Persistence,439.0000000000,427.0000000000,10.0929203540,0.0000000000,343.4440466302,333.8690616619,343.4440466302,449.0929203540,437.0929203540,Medium,0: optimal
2017-12-14 22:00:00,2017-12-14,Persistence,430.0000000000,428.0000000000,9.0929203540,0.0000000000,352.0703483006,343.4440466302,352.0703483006,439.0929203540,437.0929203540,Medium,0: optimal
2017-12-14 23:00:00,2017-12-14,Persistence,423.0000000000,422.0000000000,15.0929203540,0.0000000000,366.3887497592,352.0703483006,366.3887497592,438.0929203540,437.0929203540,Medium,0: optimal
2017-12-15 00:00:00,2017-12-15,Persistence,417.0000000000,416.0000000000,20.8728070175,0.0000000000,386.1904331602,366.3887497592,386.1904331602,437.8728070175,436.8728070175,Medium,0: optimal
2017-12-15 01:00:00,2017-12-15,Persistence,413.0000000000,411.0000000000,25.8728070175,0.0000000000,410.7355330514,386.1904331602,410.7355330514,438.8728070175,436.8728070175,Medium,0: optimal
2017-12-15 02:00:00,2017-12-15,Persistence,411.0000000000,410.0000000000,26.8728070175,0.0000000000,436.2293162407,410.7355330514,436.2293162407,437.8728070175,436.8728070175,Medium,0: optimal
2017-12-15 03:00:00,2017-12-15,Persistence,409.0000000000,407.0000000000,29.8728070175,0.0000000000,464.5691493241,436.2293162407,464.5691493241,438.8728070175,436.8728070175,Medium,0: optimal
2017-12-15 04:00:00,2017-12-15,Persistence,406.0000000000,405.0000000000,31.8728070175,0.0000000000,494.8063490036,464.5691493241,494.8063490036,437.8728070175,436.8728070175,Medium,0: optimal
2017-12-15 05:00:00,2017-12-15,Persistence,408.0000000000,405.0000000000,31.8728070175,0.0000000000,525.0435486832,494.8063490036,525.0435486832,439.8728070175,436.8728070175,Medium,0: optimal
2017-12-15 06:00:00,2017-12-15,Persistence,409.0000000000,407.0000000000,29.8728070175,0.0000000000,553.3833817666,525.0435486832,553.3833817666,438.8728070175,436.8728070175,Medium,0: optimal
2017-12-15 07:00:00,2017-12-15,Persistence,414.0000000000,410.0000000000,26.8728070175,0.0000000000,578.8771649559,553.3833817666,578.8771649559,440.8728070175,436.8728070175,Medium,0: optimal
2017-12-15 08:00:00,2017-12-15,Persistence,415.0000000000,414.0000000000,22.8728070175,0.0000000000,600.5762149530,578.8771649559,600.5762149530,437.8728070175,436.8728070175,Medium,0: optimal
2017-12-15 09:00:00,2017-12-15,Persistence,432.0000000000,425.0000000000,11.8728070175,0.0000000000,611.8397486715,600.5762149530,611.8397486715,443.8728070175,436.8728070175,Medium,0: optimal
2017-12-15 10:00:00,2017-12-15,Persistence,450.0000000000,444.0000000000,0.0000000000,7.1271929825,604.3270276221,611.8397486715,604.3270276221,442.8728070175,436.8728070175,Medium,0: optimal
2017-12-15 11:00:00,2017-12-15,Persistence,463.0000000000,462.0000000000,0.0000000000,25.1271929825,577.8406406117,604.3270276221,577.8406406117,437.8728070175,436.8728070175,Medium,0: optimal
2017-12-15 12:00:00,2017-12-15,Persistence,465.0000000000,466.0000000000,0.0000000000,29.1271929825,547.1378833878,577.8406406117,547.1378833878,435.8728070175,436.8728070175,Medium,0: optimal
2017-12-15 13:00:00,2017-12-15,Persistence,473.0000000000,468.0000000000,0.0000000000,31.1271929825,514.3269410570,547.1378833878,514.3269410570,441.8728070175,436.8728070175,Medium,0: optimal
2017-12-15 14:00:00,2017-12-15,Persistence,476.0000000000,471.0000000000,0.0000000000,34.1271929825,478.3537210662,514.3269410570,478.3537210662,441.8728070175,436.8728070175,Medium,0: optimal
2017-12-15 15:00:00,2017-12-15,Persistence,471.0000000000,468.0000000000,0.0000000000,31.1271929825,445.5427787354,478.3537210662,445.5427787354,439.8728070175,436.8728070175,Medium,0: optimal
2017-12-15 16:00:00,2017-12-15,Persistence,463.0000000000,465.0000000000,0.0000000000,28.1271929825,415.8941140649,445.5427787354,415.8941140649,434.8728070175,436.8728070175,Medium,0: optimal
2017-12-15 17:00:00,2017-12-15,Persistence,457.0000000000,463.0000000000,0.0000000000,26.1271929825,388.3536345011,415.8941140649,388.3536345011,430.8728070175,436.8728070175,Medium,0: optimal
2017-12-15 18:00:00,2017-12-15,Persistence,447.0000000000,457.0000000000,0.0000000000,20.1271929825,367.1377102577,388.3536345011,367.1377102577,426.8728070175,436.8728070175,Medium,0: optimal
2017-12-15 19:00:00,2017-12-15,Persistence,441.0000000000,448.0000000000,0.0000000000,11.1271929825,355.4086189947,367.1377102577,355.4086189947,429.8728070175,436.8728070175,Medium,0: optimal
2017-12-15 20:00:00,2017-12-15,Persistence,434.0000000000,443.0000000000,0.0000000000,6.1271929825,348.9499904987,355.4086189947,348.9499904987,427.8728070175,436.8728070175,Medium,0: optimal
2017-12-15 21:00:00,2017-12-15,Persistence,428.0000000000,439.0000000000,0.0000000000,2.1271929825,346.7077322163,348.9499904987,346.7077322163,425.8728070175,436.8728070175,Medium,0: optimal
2017-12-15 22:00:00,2017-12-15,Persistence,422.0000000000,430.0000000000,6.8728070175,0.0000000000,353.2278494446,346.7077322163,353.2278494446,428.8728070175,436.8728070175,Medium,0: optimal
2017-12-15 23:00:00,2017-12-15,Persistence,417.0000000000,423.0000000000,13.8728070175,0.0000000000,366.3887497592,353.2278494446,366.3887497592,430.8728070175,436.8728070175,Medium,0: optimal
2017-12-16 00:00:00,2017-12-16,Persistence,408.0000000000,417.0000000000,19.1725663717,0.0000000000,384.5774432568,366.3887497592,384.5774432568,427.1725663717,436.1725663717,Medium,0: optimal
2017-12-16 01:00:00,2017-12-16,Persistence,408.0000000000,413.0000000000,23.1725663717,0.0000000000,406.5608699466,384.5774432568,406.5608699466,431.1725663717,436.1725663717,Medium,0: optimal
2017-12-16 02:00:00,2017-12-16,Persistence,405.0000000000,411.0000000000,25.1725663717,0.0000000000,430.4416632324,406.5608699466,430.4416632324,430.1725663717,436.1725663717,Medium,0: optimal
2017-12-16 03:00:00,2017-12-16,Persistence,406.0000000000,409.0000000000,27.1725663717,0.0000000000,456.2198231144,430.4416632324,456.2198231144,433.1725663717,436.1725663717,Medium,0: optimal
2017-12-16 04:00:00,2017-12-16,Persistence,405.0000000000,406.0000000000,30.1725663717,0.0000000000,484.8440328906,456.2198231144,484.8440328906,435.1725663717,436.1725663717,Medium,0: optimal
2017-12-16 05:00:00,2017-12-16,Persistence,400.0000000000,408.0000000000,28.1725663717,0.0000000000,511.5708760706,484.8440328906,511.5708760706,428.1725663717,436.1725663717,Medium,0: optimal
2017-12-16 06:00:00,2017-12-16,Persistence,405.0000000000,409.0000000000,27.1725663717,0.0000000000,537.3490359526,511.5708760706,537.3490359526,432.1725663717,436.1725663717,Medium,0: optimal
2017-12-16 07:00:00,2017-12-16,Persistence,402.0000000000,414.0000000000,22.1725663717,0.0000000000,558.3837793443,537.3490359526,558.3837793443,424.1725663717,436.1725663717,Medium,0: optimal
2017-12-16 08:00:00,2017-12-16,Persistence,406.0000000000,415.0000000000,21.1725663717,0.0000000000,578.4698394380,558.3837793443,578.4698394380,427.1725663717,436.1725663717,Medium,0: optimal
2017-12-16 09:00:00,2017-12-16,Persistence,404.0000000000,432.0000000000,4.1725663717,0.0000000000,582.4282834648,578.4698394380,582.4282834648,408.1725663717,436.1725663717,Medium,0: optimal
2017-12-16 10:00:00,2017-12-16,Persistence,411.0000000000,450.0000000000,0.0000000000,13.8274336283,567.8528886447,582.4282834648,567.8528886447,397.1725663717,436.1725663717,Medium,0: optimal
2017-12-16 11:00:00,2017-12-16,Persistence,418.0000000000,463.0000000000,0.0000000000,26.8274336283,539.5742906306,567.8528886447,539.5742906306,391.1725663717,436.1725663717,Medium,0: optimal
2017-12-16 12:00:00,2017-12-16,Persistence,417.0000000000,465.0000000000,0.0000000000,28.8274336283,509.1875075096,539.5742906306,509.1875075096,388.1725663717,436.1725663717,Medium,0: optimal
2017-12-16 13:00:00,2017-12-16,Persistence,414.0000000000,473.0000000000,0.0000000000,36.8274336283,470.3679839616,509.1875075096,470.3679839616,377.1725663717,436.1725663717,Medium,0: optimal
2017-12-16 14:00:00,2017-12-16,Persistence,418.0000000000,476.0000000000,0.0000000000,39.8274336283,428.3861827533,470.3679839616,428.3861827533,378.1725663717,436.1725663717,Medium,0: optimal
2017-12-16 15:00:00,2017-12-16,Persistence,423.0000000000,471.0000000000,0.0000000000,34.8274336283,391.6748443121,428.3861827533,391.6748443121,388.1725663717,436.1725663717,Medium,0: optimal
2017-12-16 16:00:00,2017-12-16,Persistence,422.0000000000,463.0000000000,0.0000000000,26.8274336283,363.3962462979,391.6748443121,363.3962462979,395.1725663717,436.1725663717,Medium,0: optimal
2017-12-16 17:00:00,2017-12-16,Persistence,425.0000000000,457.0000000000,0.0000000000,20.8274336283,341.4422036041,363.3962462979,341.4422036041,404.1725663717,436.1725663717,Medium,0: optimal
2017-12-16 18:00:00,2017-12-16,Persistence,421.0000000000,447.0000000000,0.0000000000,10.8274336283,330.0290864441,341.4422036041,330.0290864441,410.1725663717,436.1725663717,Medium,0: optimal
2017-12-16 19:00:00,2017-12-16,Persistence,416.0000000000,441.0000000000,0.0000000000,4.8274336283,324.9405246045,330.0290864441,324.9405246045,411.1725663717,436.1725663717,Medium,0: optimal
2017-12-16 20:00:00,2017-12-16,Persistence,416.0000000000,434.0000000000,2.1725663717,0.0000000000,327.0016020353,324.9405246045,327.0016020353,418.1725663717,436.1725663717,Medium,0: optimal
2017-12-16 21:00:00,2017-12-16,Persistence,411.0000000000,428.0000000000,8.1725663717,0.0000000000,334.7547792543,327.0016020353,334.7547792543,419.1725663717,436.1725663717,Medium,0: optimal
2017-12-16 22:00:00,2017-12-16,Persistence,411.0000000000,422.0000000000,14.1725663717,0.0000000000,348.2000562616,334.7547792543,348.2000562616,425.1725663717,436.1725663717,Medium,0: optimal
2017-12-16 23:00:00,2017-12-16,Persistence,412.0000000000,417.0000000000,19.1725663717,0.0000000000,366.3887497592,348.2000562616,366.3887497592,431.1725663717,436.1725663717,Medium,0: optimal
2017-12-17 00:00:00,2017-12-17,Persistence,408.0000000000,408.0000000000,4.1504424779,0.0000000000,370.3262052175,366.3887497592,370.3262052175,412.1504424779,412.1504424779,Medium,0: optimal
2017-12-17 01:00:00,2017-12-17,Persistence,406.0000000000,408.0000000000,4.1504424779,0.0000000000,374.2636606758,370.3262052175,374.2636606758,410.1504424779,412.1504424779,Medium,0: optimal
2017-12-17 02:00:00,2017-12-17,Persistence,403.0000000000,405.0000000000,7.1504424779,0.0000000000,381.0471660282,374.2636606758,381.0471660282,410.1504424779,412.1504424779,Medium,0: optimal
2017-12-17 03:00:00,2017-12-17,Persistence,404.0000000000,406.0000000000,6.1504424779,0.0000000000,386.8819880826,381.0471660282,386.8819880826,410.1504424779,412.1504424779,Medium,0: optimal
2017-12-17 04:00:00,2017-12-17,Persistence,403.0000000000,405.0000000000,7.1504424779,0.0000000000,393.6654934350,386.8819880826,393.6654934350,410.1504424779,412.1504424779,Medium,0: optimal
2017-12-17 05:00:00,2017-12-17,Persistence,403.0000000000,400.0000000000,12.1504424779,0.0000000000,405.1924152777,393.6654934350,405.1924152777,415.1504424779,412.1504424779,Medium,0: optimal
2017-12-17 06:00:00,2017-12-17,Persistence,406.0000000000,405.0000000000,7.1504424779,0.0000000000,411.9759206301,405.1924152777,411.9759206301,413.1504424779,412.1504424779,Medium,0: optimal
2017-12-17 07:00:00,2017-12-17,Persistence,405.0000000000,402.0000000000,10.1504424779,0.0000000000,421.6054758767,411.9759206301,421.6054758767,415.1504424779,412.1504424779,Medium,0: optimal
2017-12-17 08:00:00,2017-12-17,Persistence,403.0000000000,406.0000000000,6.1504424779,0.0000000000,427.4402979311,421.6054758767,427.4402979311,409.1504424779,412.1504424779,Medium,0: optimal
2017-12-17 09:00:00,2017-12-17,Persistence,405.0000000000,404.0000000000,8.1504424779,0.0000000000,435.1724865816,427.4402979311,435.1724865816,413.1504424779,412.1504424779,Medium,0: optimal
2017-12-17 10:00:00,2017-12-17,Persistence,406.0000000000,411.0000000000,1.1504424779,0.0000000000,436.2638921457,435.1724865816,436.2638921457,407.1504424779,412.1504424779,Medium,0: optimal
2017-12-17 11:00:00,2017-12-17,Persistence,413.0000000000,418.0000000000,0.0000000000,5.8495575221,430.0979171210,436.2638921457,430.0979171210,407.1504424779,412.1504424779,Medium,0: optimal
2017-12-17 12:00:00,2017-12-17,Persistence,415.0000000000,417.0000000000,0.0000000000,4.8495575221,424.9860346497,430.0979171210,424.9860346497,410.1504424779,412.1504424779,Medium,0: optimal
2017-12-17 13:00:00,2017-12-17,Persistence,418.0000000000,414.0000000000,0.0000000000,1.8495575221,423.0364298386,424.9860346497,423.0364298386,416.1504424779,412.1504424779,Medium,0: optimal
2017-12-17 14:00:00,2017-12-17,Persistence,418.0000000000,418.0000000000,0.0000000000,5.8495575221,416.8704548139,423.0364298386,416.8704548139,412.1504424779,412.1504424779,Medium,0: optimal
2017-12-17 15:00:00,2017-12-17,Persistence,421.0000000000,423.0000000000,0.0000000000,10.8495575221,405.4340170222,416.8704548139,405.4340170222,410.1504424779,412.1504424779,Medium,0: optimal
2017-12-17 16:00:00,2017-12-17,Persistence,420.0000000000,422.0000000000,0.0000000000,9.8495575221,395.0516717840,405.4340170222,395.0516717840,410.1504424779,412.1504424779,Medium,0: optimal
2017-12-17 17:00:00,2017-12-17,Persistence,423.0000000000,425.0000000000,0.0000000000,12.8495575221,381.5070488856,395.0516717840,381.5070488856,410.1504424779,412.1504424779,Medium,0: optimal
2017-12-17 18:00:00,2017-12-17,Persistence,422.0000000000,421.0000000000,0.0000000000,8.8495575221,372.1787962007,381.5070488856,372.1787962007,413.1504424779,412.1504424779,Medium,0: optimal
2017-12-17 19:00:00,2017-12-17,Persistence,417.0000000000,416.0000000000,0.0000000000,3.8495575221,368.1210062828,372.1787962007,368.1210062828,413.1504424779,412.1504424779,Medium,0: optimal
2017-12-17 20:00:00,2017-12-17,Persistence,413.0000000000,416.0000000000,0.0000000000,3.8495575221,364.0632163649,368.1210062828,364.0632163649,409.1504424779,412.1504424779,Medium,0: optimal
2017-12-17 21:00:00,2017-12-17,Persistence,414.0000000000,411.0000000000,1.1504424779,0.0000000000,365.1546219290,364.0632163649,365.1546219290,415.1504424779,412.1504424779,Medium,0: optimal
2017-12-17 22:00:00,2017-12-17,Persistence,411.0000000000,411.0000000000,1.1504424779,0.0000000000,366.2460274931,365.1546219290,366.2460274931,412.1504424779,412.1504424779,Medium,0: optimal
2017-12-17 23:00:00,2017-12-17,Persistence,408.0000000000,412.0000000000,0.1504424779,0.0000000000,366.3887497592,366.2460274931,366.3887497592,408.1504424779,412.1504424779,Medium,0: optimal
2017-12-18 00:00:00,2017-12-18,Persistence,405.0000000000,408.0000000000,3.3612334802,0.0000000000,369.5774958227,366.3887497592,369.5774958227,408.3612334802,411.3612334802,Medium,0: optimal
2017-12-18 01:00:00,2017-12-18,Persistence,403.0000000000,406.0000000000,5.3612334802,0.0000000000,374.6636084823,369.5774958227,374.6636084823,408.3612334802,411.3612334802,Medium,0: optimal
2017-12-18 02:00:00,2017-12-18,Persistence,404.0000000000,403.0000000000,8.3612334802,0.0000000000,382.5957710360,374.6636084823,382.5957710360,412.3612334802,411.3612334802,Medium,0: optimal
2017-12-18 03:00:00,2017-12-18,Persistence,401.0000000000,404.0000000000,7.3612334802,0.0000000000,389.5792502917,382.5957710360,389.5792502917,408.3612334802,411.3612334802,Medium,0: optimal
2017-12-18 04:00:00,2017-12-18,Persistence,399.0000000000,403.0000000000,8.3612334802,0.0000000000,397.5114128455,389.5792502917,397.5114128455,407.3612334802,411.3612334802,Medium,0: optimal
2017-12-18 05:00:00,2017-12-18,Persistence,400.0000000000,403.0000000000,8.3612334802,0.0000000000,405.4435753992,397.5114128455,405.4435753992,408.3612334802,411.3612334802,Medium,0: optimal
2017-12-18 06:00:00,2017-12-18,Persistence,401.0000000000,406.0000000000,5.3612334802,0.0000000000,410.5296880588,405.4435753992,410.5296880588,406.3612334802,411.3612334802,Medium,0: optimal
2017-12-18 07:00:00,2017-12-18,Persistence,404.0000000000,405.0000000000,6.3612334802,0.0000000000,416.5644840164,410.5296880588,416.5644840164,410.3612334802,411.3612334802,Medium,0: optimal
2017-12-18 08:00:00,2017-12-18,Persistence,414.0000000000,403.0000000000,8.3612334802,0.0000000000,424.4966465702,416.5644840164,424.4966465702,422.3612334802,411.3612334802,Medium,0: optimal
2017-12-18 09:00:00,2017-12-18,Persistence,427.0000000000,405.0000000000,6.3612334802,0.0000000000,430.5314425278,424.4966465702,430.5314425278,433.3612334802,411.3612334802,Medium,0: optimal
2017-12-18 10:00:00,2017-12-18,Persistence,441.0000000000,406.0000000000,5.3612334802,0.0000000000,435.6175551874,430.5314425278,435.6175551874,446.3612334802,411.3612334802,Medium,0: optimal
2017-12-18 11:00:00,2017-12-18,Persistence,455.0000000000,413.0000000000,0.0000000000,1.6387665198,433.8901436021,435.6175551874,433.8901436021,453.3612334802,411.3612334802,Medium,0: optimal
2017-12-18 12:00:00,2017-12-18,Persistence,461.0000000000,415.0000000000,0.0000000000,3.6387665198,430.0545469101,433.8901436021,430.0545469101,457.3612334802,411.3612334802,Medium,0: optimal
2017-12-18 13:00:00,2017-12-18,Persistence,461.0000000000,418.0000000000,0.0000000000,6.6387665198,423.0566725578,430.0545469101,423.0566725578,454.3612334802,411.3612334802,Medium,0: optimal
2017-12-18 14:00:00,2017-12-18,Persistence,462.0000000000,418.0000000000,0.0000000000,6.6387665198,416.0587982056,423.0566725578,416.0587982056,455.3612334802,411.3612334802,Medium,0: optimal
2017-12-18 15:00:00,2017-12-18,Persistence,461.0000000000,421.0000000000,0.0000000000,9.6387665198,405.8986461932,416.0587982056,405.8986461932,451.3612334802,411.3612334802,Medium,0: optimal
2017-12-18 16:00:00,2017-12-18,Persistence,457.0000000000,420.0000000000,0.0000000000,8.6387665198,396.7925867342,405.8986461932,396.7925867342,448.3612334802,411.3612334802,Medium,0: optimal
2017-12-18 17:00:00,2017-12-18,Persistence,456.0000000000,423.0000000000,0.0000000000,11.6387665198,384.5242496150,396.7925867342,384.5242496150,444.3612334802,411.3612334802,Medium,0: optimal
2017-12-18 18:00:00,2017-12-18,Persistence,452.0000000000,422.0000000000,0.0000000000,10.6387665198,373.3100050492,384.5242496150,373.3100050492,441.3612334802,411.3612334802,Medium,0: optimal
2017-12-18 19:00:00,2017-12-18,Persistence,441.0000000000,417.0000000000,0.0000000000,5.6387665198,367.3662232503,373.3100050492,367.3662232503,435.3612334802,411.3612334802,Medium,0: optimal
2017-12-18 20:00:00,2017-12-18,Persistence,434.0000000000,413.0000000000,0.0000000000,1.6387665198,365.6388116650,367.3662232503,365.6388116650,432.3612334802,411.3612334802,Medium,0: optimal
2017-12-18 21:00:00,2017-12-18,Persistence,431.0000000000,414.0000000000,0.0000000000,2.6387665198,362.8573075264,365.6388116650,362.8573075264,428.3612334802,411.3612334802,Medium,0: optimal
2017-12-18 22:00:00,2017-12-18,Persistence,425.0000000000,411.0000000000,0.3612334802,0.0000000000,363.2000036957,362.8573075264,363.2000036957,425.3612334802,411.3612334802,Medium,0: optimal
2017-12-18 23:00:00,2017-12-18,Persistence,424.0000000000,408.0000000000,3.3612334802,0.0000000000,366.3887497592,363.2000036957,366.3887497592,427.3612334802,411.3612334802,Medium,0: optimal
2017-12-19 00:00:00,2017-12-19,Persistence,415.0000000000,405.0000000000,26.0660792952,0.0000000000,391.1172038322,366.3887497592,391.1172038322,441.0660792952,431.0660792952,Medium,0: optimal
2017-12-19 01:00:00,2017-12-19,Persistence,417.0000000000,403.0000000000,28.0660792952,0.0000000000,417.7430245012,391.1172038322,417.7430245012,445.0660792952,431.0660792952,Medium,0: optimal
2017-12-19 02:00:00,2017-12-19,Persistence,417.0000000000,404.0000000000,27.0660792952,0.0000000000,443.4201618723,417.7430245012,443.4201618723,444.0660792952,431.0660792952,Medium,0: optimal
2017-12-19 03:00:00,2017-12-19,Persistence,417.0000000000,401.0000000000,30.0660792952,0.0000000000,471.9433491374,443.4201618723,471.9433491374,447.0660792952,431.0660792952,Medium,0: optimal
2017-12-19 04:00:00,2017-12-19,Persistence,417.0000000000,399.0000000000,32.0660792952,0.0000000000,502.3639029987,471.9433491374,502.3639029987,449.0660792952,431.0660792952,Medium,0: optimal
2017-12-19 05:00:00,2017-12-19,Persistence,415.0000000000,400.0000000000,31.0660792952,0.0000000000,531.8357735619,502.3639029987,531.8357735619,446.0660792952,431.0660792952,Medium,0: optimal
2017-12-19 06:00:00,2017-12-19,Persistence,418.0000000000,401.0000000000,30.0660792952,0.0000000000,560.3589608271,531.8357735619,560.3589608271,448.0660792952,431.0660792952,Medium,0: optimal
2017-12-19 07:00:00,2017-12-19,Persistence,421.0000000000,404.0000000000,27.0660792952,0.0000000000,586.0360981981,560.3589608271,586.0360981981,448.0660792952,431.0660792952,Medium,0: optimal
2017-12-19 08:00:00,2017-12-19,Persistence,427.0000000000,414.0000000000,17.0660792952,0.0000000000,602.2264025887,586.0360981981,602.2264025887,444.0660792952,431.0660792952,Medium,0: optimal
2017-12-19 09:00:00,2017-12-19,Persistence,437.0000000000,427.0000000000,4.0660792952,0.0000000000,606.0838241045,602.2264025887,606.0838241045,441.0660792952,431.0660792952,Medium,0: optimal
2017-12-19 10:00:00,2017-12-19,Persistence,447.0000000000,441.0000000000,0.0000000000,9.9339207048,595.6125522636,606.0838241045,595.6125522636,437.0660792952,431.0660792952,Medium,0: optimal
2017-12-19 11:00:00,2017-12-19,Persistence,460.0000000000,455.0000000000,0.0000000000,23.9339207048,570.3839846752,595.6125522636,570.3839846752,436.0660792952,431.0660792952,Medium,0: optimal
2017-12-19 12:00:00,2017-12-19,Persistence,463.0000000000,461.0000000000,0.0000000000,29.9339207048,538.8308617665,570.3839846752,538.8308617665,433.0660792952,431.0660792952,Medium,0: optimal
2017-12-19 13:00:00,2017-12-19,Persistence,460.0000000000,461.0000000000,0.0000000000,29.9339207048,507.2777388577,538.8308617665,507.2777388577,430.0660792952,431.0660792952,Medium,0: optimal
2017-12-19 14:00:00,2017-12-19,Persistence,466.0000000000,462.0000000000,0.0000000000,30.9339207048,474.6705233956,507.2777388577,474.6705233956,435.0660792952,431.0660792952,Medium,0: optimal
2017-12-19 15:00:00,2017-12-19,Persistence,466.0000000000,461.0000000000,0.0000000000,29.9339207048,443.1174004869,474.6705233956,443.1174004869,436.0660792952,431.0660792952,Medium,0: optimal
2017-12-19 16:00:00,2017-12-19,Persistence,467.0000000000,457.0000000000,0.0000000000,25.9339207048,415.7806477917,443.1174004869,415.7806477917,441.0660792952,431.0660792952,Medium,0: optimal
2017-12-19 17:00:00,2017-12-19,Persistence,467.0000000000,456.0000000000,0.0000000000,24.9339207048,389.4979876499,415.7806477917,389.4979876499,442.0660792952,431.0660792952,Medium,0: optimal
2017-12-19 18:00:00,2017-12-19,Persistence,461.0000000000,452.0000000000,0.0000000000,20.9339207048,367.4316977217,389.4979876499,367.4316977217,440.0660792952,431.0660792952,Medium,0: optimal
2017-12-19 19:00:00,2017-12-19,Persistence,448.0000000000,441.0000000000,0.0000000000,9.9339207048,356.9604258808,367.4316977217,356.9604258808,438.0660792952,431.0660792952,Medium,0: optimal
2017-12-19 20:00:00,2017-12-19,Persistence,440.0000000000,434.0000000000,0.0000000000,2.9339207048,353.8678019136,356.9604258808,353.8678019136,437.0660792952,431.0660792952,Medium,0: optimal
2017-12-19 21:00:00,2017-12-19,Persistence,434.0000000000,431.0000000000,0.0660792952,0.0000000000,353.9304902372,353.8678019136,353.9304902372,434.0660792952,431.0660792952,Medium,0: optimal
2017-12-19 22:00:00,2017-12-19,Persistence,429.0000000000,425.0000000000,6.0660792952,0.0000000000,359.6852783492,353.9304902372,359.6852783492,435.0660792952,431.0660792952,Medium,0: optimal
2017-12-19 23:00:00,2017-12-19,Persistence,428.0000000000,424.0000000000,7.0660792952,0.0000000000,366.3887497592,359.6852783492,366.3887497592,435.0660792952,431.0660792952,Medium,0: optimal
2017-12-20 00:00:00,2017-12-20,Persistence,425.0000000000,415.0000000000,24.9911894273,0.0000000000,390.0974737673,366.3887497592,390.0974737673,449.9911894273,439.9911894273,Medium,0: optimal
2017-12-20 01:00:00,2017-12-20,Persistence,422.0000000000,417.0000000000,22.9911894273,0.0000000000,411.9088311793,390.0974737673,411.9088311793,444.9911894273,439.9911894273,Medium,0: optimal
2017-12-20 02:00:00,2017-12-20,Persistence,419.0000000000,417.0000000000,22.9911894273,0.0000000000,433.7201885913,411.9088311793,433.7201885913,441.9911894273,439.9911894273,Medium,0: optimal
2017-12-20 03:00:00,2017-12-20,Persistence,418.0000000000,417.0000000000,22.9911894273,0.0000000000,455.5315460033,433.7201885913,455.5315460033,440.9911894273,439.9911894273,Medium,0: optimal
2017-12-20 04:00:00,2017-12-20,Persistence,416.0000000000,417.0000000000,22.9911894273,0.0000000000,477.3429034153,455.5315460033,477.3429034153,438.9911894273,439.9911894273,Medium,0: optimal
2017-12-20 05:00:00,2017-12-20,Persistence,417.0000000000,415.0000000000,24.9911894273,0.0000000000,501.0516274234,477.3429034153,501.0516274234,441.9911894273,439.9911894273,Medium,0: optimal
2017-12-20 06:00:00,2017-12-20,Persistence,417.0000000000,418.0000000000,21.9911894273,0.0000000000,521.9143015374,501.0516274234,521.9143015374,438.9911894273,439.9911894273,Medium,0: optimal
2017-12-20 07:00:00,2017-12-20,Persistence,422.0000000000,421.0000000000,18.9911894273,0.0000000000,539.9309257572,521.9143015374,539.9309257572,440.9911894273,439.9911894273,Medium,0: optimal
2017-12-20 08:00:00,2017-12-20,Persistence,422.0000000000,427.0000000000,12.9911894273,0.0000000000,552.2554501887,539.9309257572,552.2554501887,434.9911894273,439.9911894273,Medium,0: optimal
2017-12-20 09:00:00,2017-12-20,Persistence,433.0000000000,437.0000000000,2.9911894273,0.0000000000,555.0931416397,552.2554501887,555.0931416397,435.9911894273,439.9911894273,Medium,0: optimal
2017-12-20 10:00:00,2017-12-20,Persistence,449.0000000000,447.0000000000,0.0000000000,7.0088105727,547.7052066069,555.0931416397,547.7052066069,441.9911894273,439.9911894273,Medium,0: optimal
2017-12-20 11:00:00,2017-12-20,Persistence,456.0000000000,460.0000000000,0.0000000000,20.0088105727,526.6140683801,547.7052066069,526.6140683801,435.9911894273,439.9911894273,Medium,0: optimal
2017-12-20 12:00:00,2017-12-20,Persistence,461.0000000000,463.0000000000,0.0000000000,23.0088105727,502.3606524931,526.6140683801,502.3606524931,437.9911894273,439.9911894273,Medium,0: optimal
2017-12-20 13:00:00,2017-12-20,Persistence,457.0000000000,460.0000000000,0.0000000000,20.0088105727,481.2695142662,502.3606524931,481.2695142662,436.9911894273,439.9911894273,Medium,0: optimal
2017-12-20 14:00:00,2017-12-20,Persistence,456.0000000000,466.0000000000,0.0000000000,26.0088105727,453.8538207190,481.2695142662,453.8538207190,429.9911894273,439.9911894273,Medium,0: optimal
2017-12-20 15:00:00,2017-12-20,Persistence,455.0000000000,466.0000000000,0.0000000000,26.0088105727,426.4381271718,453.8538207190,426.4381271718,428.9911894273,439.9911894273,Medium,0: optimal
2017-12-20 16:00:00,2017-12-20,Persistence,456.0000000000,467.0000000000,0.0000000000,27.0088105727,397.9683410713,426.4381271718,397.9683410713,428.9911894273,439.9911894273,Medium,0: optimal
2017-12-20 17:00:00,2017-12-20,Persistence,454.0000000000,467.0000000000,0.0000000000,27.0088105727,369.4985549707,397.9683410713,369.4985549707,426.9911894273,439.9911894273,Medium,0: optimal
2017-12-20 18:00:00,2017-12-20,Persistence,451.0000000000,461.0000000000,0.0000000000,21.0088105727,347.3533241904,369.4985549707,347.3533241904,429.9911894273,439.9911894273,Medium,0: optimal
2017-12-20 19:00:00,2017-12-20,Persistence,439.0000000000,448.0000000000,0.0000000000,8.0088105727,338.9112966043,347.3533241904,338.9112966043,430.9911894273,439.9911894273,Medium,0: optimal
2017-12-20 20:00:00,2017-12-20,Persistence,433.0000000000,440.0000000000,0.0000000000,0.0088105727,338.9020094452,338.9112966043,338.9020094452,432.9911894273,439.9911894273,Medium,0: optimal
2017-12-20 21:00:00,2017-12-20,Persistence,424.0000000000,434.0000000000,5.9911894273,0.0000000000,344.5857507903,338.9020094452,344.5857507903,429.9911894273,439.9911894273,Medium,0: optimal
2017-12-20 22:00:00,2017-12-20,Persistence,418.0000000000,429.0000000000,10.9911894273,0.0000000000,355.0129086257,344.5857507903,355.0129086257,428.9911894273,439.9911894273,Medium,0: optimal
2017-12-20 23:00:00,2017-12-20,Persistence,419.0000000000,428.0000000000,11.9911894273,0.0000000000,366.3887497592,355.0129086257,366.3887497592,430.9911894273,439.9911894273,Medium,0: optimal
2017-12-21 00:00:00,2017-12-21,Persistence,415.0000000000,425.0000000000,10.7743362832,0.0000000000,376.6101826386,366.3887497592,376.6101826386,425.7743362832,435.7743362832,Medium,0: optimal
2017-12-21 01:00:00,2017-12-21,Persistence,416.0000000000,422.0000000000,13.7743362832,0.0000000000,389.6776654122,376.6101826386,389.6776654122,429.7743362832,435.7743362832,Medium,0: optimal
2017-12-21 02:00:00,2017-12-21,Persistence,413.0000000000,419.0000000000,16.7743362832,0.0000000000,405.5911980800,389.6776654122,405.5911980800,429.7743362832,435.7743362832,Medium,0: optimal
2017-12-21 03:00:00,2017-12-21,Persistence,409.0000000000,418.0000000000,17.7743362832,0.0000000000,422.4534140458,405.5911980800,422.4534140458,426.7743362832,435.7743362832,Medium,0: optimal
2017-12-21 04:00:00,2017-12-21,Persistence,407.0000000000,416.0000000000,19.7743362832,0.0000000000,441.2129966077,422.4534140458,441.2129966077,426.7743362832,435.7743362832,Medium,0: optimal
2017-12-21 05:00:00,2017-12-21,Persistence,408.0000000000,417.0000000000,18.7743362832,0.0000000000,459.0238958715,441.2129966077,459.0238958715,426.7743362832,435.7743362832,Medium,0: optimal
2017-12-21 06:00:00,2017-12-21,Persistence,408.0000000000,417.0000000000,18.7743362832,0.0000000000,476.8347951353,459.0238958715,476.8347951353,426.7743362832,435.7743362832,Medium,0: optimal
2017-12-21 07:00:00,2017-12-21,Persistence,412.0000000000,422.0000000000,13.7743362832,0.0000000000,489.9022779089,476.8347951353,489.9022779089,425.7743362832,435.7743362832,Medium,0: optimal
2017-12-21 08:00:00,2017-12-21,Persistence,416.0000000000,422.0000000000,13.7743362832,0.0000000000,502.9697606825,489.9022779089,502.9697606825,429.7743362832,435.7743362832,Medium,0: optimal
2017-12-21 09:00:00,2017-12-21,Persistence,424.0000000000,433.0000000000,2.7743362832,0.0000000000,505.6017271776,502.9697606825,505.6017271776,426.7743362832,435.7743362832,Medium,0: optimal
2017-12-21 10:00:00,2017-12-21,Persistence,438.0000000000,449.0000000000,0.0000000000,13.2256637168,491.6606535400,505.6017271776,491.6606535400,424.7743362832,435.7743362832,Medium,0: optimal
2017-12-21 11:00:00,2017-12-21,Persistence,452.0000000000,456.0000000000,0.0000000000,20.2256637168,470.3409320288,491.6606535400,470.3409320288,431.7743362832,435.7743362832,Medium,0: optimal
2017-12-21 12:00:00,2017-12-21,Persistence,460.0000000000,461.0000000000,0.0000000000,25.2256637168,443.7507477506,470.3409320288,443.7507477506,434.7743362832,435.7743362832,Medium,0: optimal
2017-12-21 13:00:00,2017-12-21,Persistence,460.0000000000,457.0000000000,0.0000000000,21.2256637168,421.3769336859,443.7507477506,421.3769336859,438.7743362832,435.7743362832,Medium,0: optimal
2017-12-21 14:00:00,2017-12-21,Persistence,456.0000000000,456.0000000000,0.0000000000,20.2256637168,400.0572121747,421.3769336859,400.0572121747,435.7743362832,435.7743362832,Medium,0: optimal
2017-12-21 15:00:00,2017-12-21,Persistence,458.0000000000,455.0000000000,0.0000000000,19.2256637168,379.7915832168,400.0572121747,379.7915832168,438.7743362832,435.7743362832,Medium,0: optimal
2017-12-21 16:00:00,2017-12-21,Persistence,455.0000000000,456.0000000000,0.0000000000,20.2256637168,358.4718617056,379.7915832168,358.4718617056,434.7743362832,435.7743362832,Medium,0: optimal
2017-12-21 17:00:00,2017-12-21,Persistence,454.0000000000,454.0000000000,0.0000000000,18.2256637168,339.2603253011,358.4718617056,339.2603253011,435.7743362832,435.7743362832,Medium,0: optimal
2017-12-21 18:00:00,2017-12-21,Persistence,445.0000000000,451.0000000000,0.0000000000,15.2256637168,323.2110665568,339.2603253011,323.2110665568,429.7743362832,435.7743362832,Medium,0: optimal
2017-12-21 19:00:00,2017-12-21,Persistence,436.0000000000,439.0000000000,0.0000000000,3.2256637168,319.8109184531,323.2110665568,319.8109184531,432.7743362832,435.7743362832,Medium,0: optimal
2017-12-21 20:00:00,2017-12-21,Persistence,434.0000000000,433.0000000000,2.7743362832,0.0000000000,322.4428849482,319.8109184531,322.4428849482,436.7743362832,435.7743362832,Medium,0: optimal
2017-12-21 21:00:00,2017-12-21,Persistence,419.0000000000,424.0000000000,11.7743362832,0.0000000000,333.6130011257,322.4428849482,333.6130011257,430.7743362832,435.7743362832,Medium,0: optimal
2017-12-21 22:00:00,2017-12-21,Persistence,416.0000000000,418.0000000000,17.7743362832,0.0000000000,350.4752170915,333.6130011257,350.4752170915,433.7743362832,435.7743362832,Medium,0: optimal
2017-12-21 23:00:00,2017-12-21,Persistence,411.0000000000,419.0000000000,16.7743362832,0.0000000000,366.3887497592,350.4752170915,366.3887497592,427.7743362832,435.7743362832,Medium,0: optimal
2017-12-22 00:00:00,2017-12-22,Persistence,409.0000000000,415.0000000000,16.0396475771,0.0000000000,381.6052955222,366.3887497592,381.6052955222,425.0396475771,431.0396475771,Medium,0: optimal
2017-12-22 01:00:00,2017-12-22,Persistence,405.0000000000,416.0000000000,15.0396475771,0.0000000000,395.8731579872,381.6052955222,395.8731579872,420.0396475771,431.0396475771,Medium,0: optimal
2017-12-22 02:00:00,2017-12-22,Persistence,403.0000000000,413.0000000000,18.0396475771,0.0000000000,412.9870703463,395.8731579872,412.9870703463,421.0396475771,431.0396475771,Medium,0: optimal
2017-12-22 03:00:00,2017-12-22,Persistence,403.0000000000,409.0000000000,22.0396475771,0.0000000000,433.8957158976,412.9870703463,433.8957158976,425.0396475771,431.0396475771,Medium,0: optimal
2017-12-22 04:00:00,2017-12-22,Persistence,405.0000000000,407.0000000000,24.0396475771,0.0000000000,456.7017280450,433.8957158976,456.7017280450,429.0396475771,431.0396475771,Medium,0: optimal
2017-12-22 05:00:00,2017-12-22,Persistence,402.0000000000,408.0000000000,23.0396475771,0.0000000000,478.5590568943,456.7017280450,478.5590568943,425.0396475771,431.0396475771,Medium,0: optimal
2017-12-22 06:00:00,2017-12-22,Persistence,405.0000000000,408.0000000000,23.0396475771,0.0000000000,500.4163857437,478.5590568943,500.4163857437,428.0396475771,431.0396475771,Medium,0: optimal
2017-12-22 07:00:00,2017-12-22,Persistence,405.0000000000,412.0000000000,19.0396475771,0.0000000000,518.4789814009,500.4163857437,518.4789814009,424.0396475771,431.0396475771,Medium,0: optimal
2017-12-22 08:00:00,2017-12-22,Persistence,427.0000000000,416.0000000000,15.0396475771,0.0000000000,532.7468438658,518.4789814009,532.7468438658,442.0396475771,431.0396475771,Medium,0: optimal
2017-12-22 09:00:00,2017-12-22,Persistence,409.0000000000,424.0000000000,7.0396475771,0.0000000000,539.4252399464,532.7468438658,539.4252399464,416.0396475771,431.0396475771,Medium,0: optimal
2017-12-22 10:00:00,2017-12-22,Persistence,436.0000000000,438.0000000000,0.0000000000,6.9603524229,532.0883842884,539.4252399464,532.0883842884,429.0396475771,431.0396475771,Medium,0: optimal
2017-12-22 11:00:00,2017-12-22,Persistence,444.0000000000,452.0000000000,0.0000000000,20.9603524229,509.9942328830,532.0883842884,509.9942328830,423.0396475771,431.0396475771,Medium,0: optimal
2017-12-22 12:00:00,2017-12-22,Persistence,440.0000000000,460.0000000000,0.0000000000,28.9603524229,479.4673410505,509.9942328830,479.4673410505,411.0396475771,431.0396475771,Medium,0: optimal
2017-12-22 13:00:00,2017-12-22,Persistence,425.0000000000,460.0000000000,0.0000000000,28.9603524229,448.9404492180,479.4673410505,448.9404492180,396.0396475771,431.0396475771,Medium,0: optimal
2017-12-22 14:00:00,2017-12-22,Persistence,431.0000000000,456.0000000000,0.0000000000,24.9603524229,422.6299275990,448.9404492180,422.6299275990,406.0396475771,431.0396475771,Medium,0: optimal
2017-12-22 15:00:00,2017-12-22,Persistence,426.0000000000,458.0000000000,0.0000000000,26.9603524229,394.2112208732,422.6299275990,394.2112208732,399.0396475771,431.0396475771,Medium,0: optimal
2017-12-22 16:00:00,2017-12-22,Persistence,423.0000000000,455.0000000000,0.0000000000,23.9603524229,368.9547918077,394.2112208732,368.9547918077,399.0396475771,431.0396475771,Medium,0: optimal
2017-12-22 17:00:00,2017-12-22,Persistence,420.0000000000,454.0000000000,0.0000000000,22.9603524229,344.7524552955,368.9547918077,344.7524552955,397.0396475771,431.0396475771,Medium,0: optimal
2017-12-22 18:00:00,2017-12-22,Persistence,410.0000000000,445.0000000000,0.0000000000,13.9603524229,330.0369517638,344.7524552955,330.0369517638,396.0396475771,431.0396475771,Medium,0: optimal
2017-12-22 19:00:00,2017-12-22,Persistence,399.0000000000,436.0000000000,0.0000000000,4.9603524229,324.8082812126,330.0369517638,324.8082812126,394.0396475771,431.0396475771,Medium,0: optimal
2017-12-22 20:00:00,2017-12-22,Persistence,395.0000000000,434.0000000000,0.0000000000,2.9603524229,321.6877957682,324.8082812126,321.6877957682,392.0396475771,431.0396475771,Medium,0: optimal
2017-12-22 21:00:00,2017-12-22,Persistence,393.0000000000,419.0000000000,12.0396475771,0.0000000000,333.1096083390,321.6877957682,333.1096083390,405.0396475771,431.0396475771,Medium,0: optimal
2017-12-22 22:00:00,2017-12-22,Persistence,389.0000000000,416.0000000000,15.0396475771,0.0000000000,347.3774708040,333.1096083390,347.3774708040,404.0396475771,431.0396475771,Medium,0: optimal
2017-12-22 23:00:00,2017-12-22,Persistence,389.0000000000,411.0000000000,20.0396475771,0.0000000000,366.3887497592,347.3774708040,366.3887497592,409.0396475771,431.0396475771,Medium,0: optimal
2017-12-23 00:00:00,2017-12-23,Persistence,389.0000000000,409.0000000000,3.9288888889,0.0000000000,370.1160210280,366.3887497592,370.1160210280,392.9288888889,412.9288888889,Medium,0: optimal
2017-12-23 01:00:00,2017-12-23,Persistence,387.0000000000,405.0000000000,7.9288888889,0.0000000000,377.6380254890,370.1160210280,377.6380254890,394.9288888889,412.9288888889,Medium,0: optimal
2017-12-23 02:00:00,2017-12-23,Persistence,385.0000000000,403.0000000000,9.9288888889,0.0000000000,387.0573965461,377.6380254890,387.0573965461,394.9288888889,412.9288888889,Medium,0: optimal
2017-12-23 03:00:00,2017-12-23,Persistence,386.0000000000,403.0000000000,9.9288888889,0.0000000000,396.4767676032,387.0573965461,396.4767676032,395.9288888889,412.9288888889,Medium,0: optimal
2017-12-23 04:00:00,2017-12-23,Persistence,385.0000000000,405.0000000000,7.9288888889,0.0000000000,403.9987720641,396.4767676032,403.9987720641,392.9288888889,412.9288888889,Medium,0: optimal
2017-12-23 05:00:00,2017-12-23,Persistence,384.0000000000,402.0000000000,10.9288888889,0.0000000000,414.3668264193,403.9987720641,414.3668264193,394.9288888889,412.9288888889,Medium,0: optimal
2017-12-23 06:00:00,2017-12-23,Persistence,385.0000000000,405.0000000000,7.9288888889,0.0000000000,421.8888308803,414.3668264193,421.8888308803,392.9288888889,412.9288888889,Medium,0: optimal
2017-12-23 07:00:00,2017-12-23,Persistence,387.0000000000,405.0000000000,7.9288888889,0.0000000000,429.4108353413,421.8888308803,429.4108353413,394.9288888889,412.9288888889,Medium,0: optimal
2017-12-23 08:00:00,2017-12-23,Persistence,382.0000000000,427.0000000000,0.0000000000,14.0711111111,414.5785819011,429.4108353413,414.5785819011,367.9288888889,412.9288888889,Medium,0: optimal
2017-12-23 09:00:00,2017-12-23,Persistence,389.0000000000,409.0000000000,3.9288888889,0.0000000000,418.3058531699,414.5785819011,418.3058531699,392.9288888889,412.9288888889,Medium,0: optimal
2017-12-23 10:00:00,2017-12-23,Persistence,385.0000000000,436.0000000000,0.0000000000,23.0711111111,393.9867667493,418.3058531699,393.9867667493,361.9288888889,412.9288888889,Medium,0: optimal
2017-12-23 11:00:00,2017-12-23,Persistence,388.0000000000,444.0000000000,0.0000000000,31.0711111111,361.2349399015,393.9867667493,361.2349399015,356.9288888889,412.9288888889,Medium,0: optimal
2017-12-23 12:00:00,2017-12-23,Persistence,394.0000000000,440.0000000000,0.0000000000,27.0711111111,332.6994832673,361.2349399015,332.6994832673,366.9288888889,412.9288888889,Medium,0: optimal
2017-12-23 13:00:00,2017-12-23,Persistence,396.0000000000,425.0000000000,0.0000000000,12.0711111111,319.9754149339,332.6994832673,319.9754149339,383.9288888889,412.9288888889,Medium,0: optimal
2017-12-23 14:00:00,2017-12-23,Persistence,395.0000000000,431.0000000000,0.0000000000,18.0711111111,300.9267912802,319.9754149339,300.9267912802,376.9288888889,412.9288888889,Medium,0: optimal
2017-12-23 15:00:00,2017-12-23,Persistence,399.0000000000,426.0000000000,0.0000000000,13.0711111111,287.1486303935,300.9267912802,287.1486303935,385.9288888889,412.9288888889,Medium,0: optimal
2017-12-23 16:00:00,2017-12-23,Persistence,399.0000000000,423.0000000000,0.0000000000,10.0711111111,276.5327471669,287.1486303935,276.5327471669,388.9288888889,412.9288888889,Medium,0: optimal
2017-12-23 17:00:00,2017-12-23,Persistence,400.0000000000,420.0000000000,0.0000000000,7.0711111111,269.0791416005,276.5327471669,269.0791416005,392.9288888889,412.9288888889,Medium,0: optimal
2017-12-23 18:00:00,2017-12-23,Persistence,399.0000000000,410.0000000000,2.9288888889,0.0000000000,271.8577295712,269.0791416005,271.8577295712,401.9288888889,412.9288888889,Medium,0: optimal
2017-12-23 19:00:00,2017-12-23,Persistence,398.0000000000,399.0000000000,13.9288888889,0.0000000000,285.0718338205,271.8577295712,285.0718338205,411.9288888889,412.9288888889,Medium,0: optimal
2017-12-23 20:00:00,2017-12-23,Persistence,396.0000000000,395.0000000000,17.9288888889,0.0000000000,302.0806712620,285.0718338205,302.0806712620,413.9288888889,412.9288888889,Medium,0: optimal
2017-12-23 21:00:00,2017-12-23,Persistence,389.0000000000,393.0000000000,19.9288888889,0.0000000000,320.9868752996,302.0806712620,320.9868752996,408.9288888889,412.9288888889,Medium,0: optimal
2017-12-23 22:00:00,2017-12-23,Persistence,392.0000000000,389.0000000000,23.9288888889,0.0000000000,343.6878125294,320.9868752996,343.6878125294,415.9288888889,412.9288888889,Medium,0: optimal
2017-12-23 23:00:00,2017-12-23,Persistence,392.0000000000,389.0000000000,23.9288888889,0.0000000000,366.3887497592,343.6878125294,366.3887497592,415.9288888889,412.9288888889,Medium,0: optimal
2017-12-24 00:00:00,2017-12-24,Persistence,391.0000000000,389.0000000000,2.1409691630,0.0000000000,368.4198514458,366.3887497592,368.4198514458,393.1409691630,391.1409691630,Medium,0: optimal
2017-12-24 01:00:00,2017-12-24,Persistence,390.0000000000,387.0000000000,4.1409691630,0.0000000000,372.3483197284,368.4198514458,372.3483197284,394.1409691630,391.1409691630,Medium,0: optimal
2017-12-24 02:00:00,2017-12-24,Persistence,388.0000000000,385.0000000000,6.1409691630,0.0000000000,378.1741546072,372.3483197284,378.1741546072,394.1409691630,391.1409691630,Medium,0: optimal
2017-12-24 03:00:00,2017-12-24,Persistence,390.0000000000,386.0000000000,5.1409691630,0.0000000000,383.0513061880,378.1741546072,383.0513061880,395.1409691630,391.1409691630,Medium,0: optimal
2017-12-24 04:00:00,2017-12-24,Persistence,387.0000000000,385.0000000000,6.1409691630,0.0000000000,388.8771410667,383.0513061880,388.8771410667,393.1409691630,391.1409691630,Medium,0: optimal
2017-12-24 05:00:00,2017-12-24,Persistence,386.0000000000,384.0000000000,7.1409691630,0.0000000000,395.6516592436,388.8771410667,395.6516592436,393.1409691630,391.1409691630,Medium,0: optimal
2017-12-24 06:00:00,2017-12-24,Persistence,387.0000000000,385.0000000000,6.1409691630,0.0000000000,401.4774941223,395.6516592436,401.4774941223,393.1409691630,391.1409691630,Medium,0: optimal
2017-12-24 07:00:00,2017-12-24,Persistence,385.0000000000,387.0000000000,4.1409691630,0.0000000000,405.4059624050,401.4774941223,405.4059624050,389.1409691630,391.1409691630,Medium,0: optimal
2017-12-24 08:00:00,2017-12-24,Persistence,388.0000000000,382.0000000000,9.1409691630,0.0000000000,414.0778471779,405.4059624050,414.0778471779,397.1409691630,391.1409691630,Medium,0: optimal
2017-12-24 09:00:00,2017-12-24,Persistence,389.0000000000,389.0000000000,2.1409691630,0.0000000000,416.1089488645,414.0778471779,416.1089488645,391.1409691630,391.1409691630,Medium,0: optimal
2017-12-24 10:00:00,2017-12-24,Persistence,387.0000000000,385.0000000000,6.1409691630,0.0000000000,421.9347837433,416.1089488645,421.9347837433,393.1409691630,391.1409691630,Medium,0: optimal
2017-12-24 11:00:00,2017-12-24,Persistence,387.0000000000,388.0000000000,3.1409691630,0.0000000000,424.9145687279,421.9347837433,424.9145687279,390.1409691630,391.1409691630,Medium,0: optimal
2017-12-24 12:00:00,2017-12-24,Persistence,389.0000000000,394.0000000000,0.0000000000,2.8590308370,421.9008856127,424.9145687279,421.9008856127,386.1409691630,391.1409691630,Medium,0: optimal
2017-12-24 13:00:00,2017-12-24,Persistence,391.0000000000,396.0000000000,0.0000000000,4.8590308370,416.7790173907,421.9008856127,416.7790173907,386.1409691630,391.1409691630,Medium,0: optimal
2017-12-24 14:00:00,2017-12-24,Persistence,394.0000000000,395.0000000000,0.0000000000,3.8590308370,412.7112417222,416.7790173907,412.7112417222,390.1409691630,391.1409691630,Medium,0: optimal
2017-12-24 15:00:00,2017-12-24,Persistence,392.0000000000,399.0000000000,0.0000000000,7.8590308370,404.4270958400,412.7112417222,404.4270958400,384.1409691630,391.1409691630,Medium,0: optimal
2017-12-24 16:00:00,2017-12-24,Persistence,393.0000000000,399.0000000000,0.0000000000,7.8590308370,396.1429499579,404.4270958400,396.1429499579,385.1409691630,391.1409691630,Medium,0: optimal
2017-12-24 17:00:00,2017-12-24,Persistence,394.0000000000,400.0000000000,0.0000000000,8.8590308370,386.8047115223,396.1429499579,386.8047115223,385.1409691630,391.1409691630,Medium,0: optimal
2017-12-24 18:00:00,2017-12-24,Persistence,391.0000000000,399.0000000000,0.0000000000,7.8590308370,378.5205656402,386.8047115223,378.5205656402,383.1409691630,391.1409691630,Medium,0: optimal
2017-12-24 19:00:00,2017-12-24,Persistence,390.0000000000,398.0000000000,0.0000000000,6.8590308370,371.2905123114,378.5205656402,371.2905123114,383.1409691630,391.1409691630,Medium,0: optimal
2017-12-24 20:00:00,2017-12-24,Persistence,394.0000000000,396.0000000000,0.0000000000,4.8590308370,366.1686440895,371.2905123114,366.1686440895,389.1409691630,391.1409691630,Medium,0: optimal
2017-12-24 21:00:00,2017-12-24,Persistence,395.0000000000,389.0000000000,2.1409691630,0.0000000000,368.1997457760,366.1686440895,368.1997457760,397.1409691630,391.1409691630,Medium,0: optimal
2017-12-24 22:00:00,2017-12-24,Persistence,388.0000000000,392.0000000000,0.0000000000,0.8590308370,367.2942477676,368.1997457760,367.2942477676,387.1409691630,391.1409691630,Medium,0: optimal
2017-12-24 23:00:00,2017-12-24,Persistence,387.0000000000,392.0000000000,0.0000000000,0.8590308370,366.3887497592,367.2942477676,366.3887497592,386.1409691630,391.1409691630,Medium,0: optimal
2017-12-25 00:00:00,2017-12-25,Persistence,387.0000000000,391.0000000000,0.0000000000,1.1666666667,365.1589751136,366.3887497592,365.1589751136,385.8333333333,389.8333333333,Medium,0: optimal
2017-12-25 01:00:00,2017-12-25,Persistence,385.0000000000,390.0000000000,0.0000000000,0.1666666667,364.9832930213,365.1589751136,364.9832930213,384.8333333333,389.8333333333,Medium,0: optimal
2017-12-25 02:00:00,2017-12-25,Persistence,386.0000000000,388.0000000000,1.8333333333,0.0000000000,366.7225457344,364.9832930213,366.7225457344,387.8333333333,389.8333333333,Medium,0: optimal
2017-12-25 03:00:00,2017-12-25,Persistence,387.0000000000,390.0000000000,0.0000000000,0.1666666667,366.5468636422,366.7225457344,366.5468636422,386.8333333333,389.8333333333,Medium,0: optimal
2017-12-25 04:00:00,2017-12-25,Persistence,387.0000000000,387.0000000000,2.8333333333,0.0000000000,369.2347996533,366.5468636422,369.2347996533,389.8333333333,389.8333333333,Medium,0: optimal
2017-12-25 05:00:00,2017-12-25,Persistence,385.0000000000,386.0000000000,3.8333333333,0.0000000000,372.8714189625,369.2347996533,372.8714189625,388.8333333333,389.8333333333,Medium,0: optimal
2017-12-25 06:00:00,2017-12-25,Persistence,385.0000000000,387.0000000000,2.8333333333,0.0000000000,375.5593549737,372.8714189625,375.5593549737,387.8333333333,389.8333333333,Medium,0: optimal
2017-12-25 07:00:00,2017-12-25,Persistence,382.0000000000,385.0000000000,4.8333333333,0.0000000000,380.1446575809,375.5593549737,380.1446575809,386.8333333333,389.8333333333,Medium,0: optimal
2017-12-25 08:00:00,2017-12-25,Persistence,384.0000000000,388.0000000000,1.8333333333,0.0000000000,381.8839102940,380.1446575809,381.8839102940,385.8333333333,389.8333333333,Medium,0: optimal
2017-12-25 09:00:00,2017-12-25,Persistence,384.0000000000,389.0000000000,0.8333333333,0.0000000000,382.6744797091,381.8839102940,382.6744797091,384.8333333333,389.8333333333,Medium,0: optimal
2017-12-25 10:00:00,2017-12-25,Persistence,385.0000000000,387.0000000000,2.8333333333,0.0000000000,385.3624157202,382.6744797091,385.3624157202,387.8333333333,389.8333333333,Medium,0: optimal
2017-12-25 11:00:00,2017-12-25,Persistence,385.0000000000,387.0000000000,2.8333333333,0.0000000000,388.0503517314,385.3624157202,388.0503517314,387.8333333333,389.8333333333,Medium,0: optimal
2017-12-25 12:00:00,2017-12-25,Persistence,388.0000000000,389.0000000000,0.8333333333,0.0000000000,388.8409211464,388.0503517314,388.8409211464,388.8333333333,389.8333333333,Medium,0: optimal
2017-12-25 13:00:00,2017-12-25,Persistence,390.0000000000,391.0000000000,0.0000000000,1.1666666667,387.6111465008,388.8409211464,387.6111465008,388.8333333333,389.8333333333,Medium,0: optimal
2017-12-25 14:00:00,2017-12-25,Persistence,389.0000000000,394.0000000000,0.0000000000,4.1666666667,383.2190941950,387.6111465008,383.2190941950,384.8333333333,389.8333333333,Medium,0: optimal
2017-12-25 15:00:00,2017-12-25,Persistence,387.0000000000,392.0000000000,0.0000000000,2.1666666667,380.9352269960,383.2190941950,380.9352269960,384.8333333333,389.8333333333,Medium,0: optimal
2017-12-25 16:00:00,2017-12-25,Persistence,390.0000000000,393.0000000000,0.0000000000,3.1666666667,377.5972672436,380.9352269960,377.5972672436,386.8333333333,389.8333333333,Medium,0: optimal
2017-12-25 17:00:00,2017-12-25,Persistence,390.0000000000,394.0000000000,0.0000000000,4.1666666667,373.2052149378,377.5972672436,373.2052149378,385.8333333333,389.8333333333,Medium,0: optimal
2017-12-25 18:00:00,2017-12-25,Persistence,387.0000000000,391.0000000000,0.0000000000,1.1666666667,371.9754402922,373.2052149378,371.9754402922,385.8333333333,389.8333333333,Medium,0: optimal
2017-12-25 19:00:00,2017-12-25,Persistence,386.0000000000,390.0000000000,0.0000000000,0.1666666667,371.7997581999,371.9754402922,371.7997581999,385.8333333333,389.8333333333,Medium,0: optimal
2017-12-25 20:00:00,2017-12-25,Persistence,383.0000000000,394.0000000000,0.0000000000,4.1666666667,367.4077058941,371.7997581999,367.4077058941,378.8333333333,389.8333333333,Medium,0: optimal
2017-12-25 21:00:00,2017-12-25,Persistence,383.0000000000,395.0000000000,0.0000000000,5.1666666667,361.9615610350,367.4077058941,361.9615610350,377.8333333333,389.8333333333,Medium,0: optimal
2017-12-25 22:00:00,2017-12-25,Persistence,382.0000000000,388.0000000000,1.8333333333,0.0000000000,363.7008137481,361.9615610350,363.7008137481,383.8333333333,389.8333333333,Medium,0: optimal
2017-12-25 23:00:00,2017-12-25,Persistence,382.0000000000,387.0000000000,2.8333333333,0.0000000000,366.3887497592,363.7008137481,366.3887497592,384.8333333333,389.8333333333,Medium,0: optimal
2017-12-26 00:00:00,2017-12-26,Persistence,379.0000000000,387.0000000000,0.0000000000,1.1008771930,365.2283233079,366.3887497592,365.2283233079,377.8991228070,385.8991228070,Medium,0: optimal
2017-12-26 01:00:00,2017-12-26,Persistence,382.0000000000,385.0000000000,0.8991228070,0.0000000000,366.0813060978,365.2283233079,366.0813060978,382.8991228070,385.8991228070,Medium,0: optimal
2017-12-26 02:00:00,2017-12-26,Persistence,382.0000000000,386.0000000000,0.0000000000,0.1008771930,365.9749721999,366.0813060978,365.9749721999,381.8991228070,385.8991228070,Medium,0: optimal
2017-12-26 03:00:00,2017-12-26,Persistence,383.0000000000,387.0000000000,0.0000000000,1.1008771930,364.8145457485,365.9749721999,364.8145457485,381.8991228070,385.8991228070,Medium,0: optimal
2017-12-26 04:00:00,2017-12-26,Persistence,381.0000000000,387.0000000000,0.0000000000,1.1008771930,363.6541192972,364.8145457485,363.6541192972,379.8991228070,385.8991228070,Medium,0: optimal
2017-12-26 05:00:00,2017-12-26,Persistence,383.0000000000,385.0000000000,0.8991228070,0.0000000000,364.5071020871,363.6541192972,364.5071020871,383.8991228070,385.8991228070,Medium,0: optimal
2017-12-26 06:00:00,2017-12-26,Persistence,382.0000000000,385.0000000000,0.8991228070,0.0000000000,365.3600848771,364.5071020871,365.3600848771,382.8991228070,385.8991228070,Medium,0: optimal
2017-12-26 07:00:00,2017-12-26,Persistence,381.0000000000,382.0000000000,3.8991228070,0.0000000000,369.0591175611,365.3600848771,369.0591175611,384.8991228070,385.8991228070,Medium,0: optimal
2017-12-26 08:00:00,2017-12-26,Persistence,381.0000000000,384.0000000000,1.8991228070,0.0000000000,370.8607836491,369.0591175611,370.8607836491,382.8991228070,385.8991228070,Medium,0: optimal
2017-12-26 09:00:00,2017-12-26,Persistence,381.0000000000,384.0000000000,1.8991228070,0.0000000000,372.6624497370,370.8607836491,372.6624497370,382.8991228070,385.8991228070,Medium,0: optimal
2017-12-26 10:00:00,2017-12-26,Persistence,385.0000000000,385.0000000000,0.8991228070,0.0000000000,373.5154325270,372.6624497370,373.5154325270,385.8991228070,385.8991228070,Medium,0: optimal
2017-12-26 11:00:00,2017-12-26,Persistence,392.0000000000,385.0000000000,0.8991228070,0.0000000000,374.3684153169,373.5154325270,374.3684153169,392.8991228070,385.8991228070,Medium,0: optimal
2017-12-26 12:00:00,2017-12-26,Persistence,393.0000000000,388.0000000000,0.0000000000,2.1008771930,372.1538963122,374.3684153169,372.1538963122,390.8991228070,385.8991228070,Medium,0: optimal
2017-12-26 13:00:00,2017-12-26,Persistence,394.0000000000,390.0000000000,0.0000000000,4.1008771930,367.8311922007,372.1538963122,367.8311922007,389.8991228070,385.8991228070,Medium,0: optimal
2017-12-26 14:00:00,2017-12-26,Persistence,396.0000000000,389.0000000000,0.0000000000,3.1008771930,364.5625806426,367.8311922007,364.5625806426,392.8991228070,385.8991228070,Medium,0: optimal
2017-12-26 15:00:00,2017-12-26,Persistence,397.0000000000,387.0000000000,0.0000000000,1.1008771930,363.4021541913,364.5625806426,363.4021541913,395.8991228070,385.8991228070,Medium,0: optimal
2017-12-26 16:00:00,2017-12-26,Persistence,399.0000000000,390.0000000000,0.0000000000,4.1008771930,359.0794500798,363.4021541913,359.0794500798,394.8991228070,385.8991228070,Medium,0: optimal
2017-12-26 17:00:00,2017-12-26,Persistence,400.0000000000,390.0000000000,0.0000000000,4.1008771930,354.7567459683,359.0794500798,354.7567459683,395.8991228070,385.8991228070,Medium,0: optimal
2017-12-26 18:00:00,2017-12-26,Persistence,396.0000000000,387.0000000000,0.0000000000,1.1008771930,353.5963195170,354.7567459683,353.5963195170,394.8991228070,385.8991228070,Medium,0: optimal
2017-12-26 19:00:00,2017-12-26,Persistence,396.0000000000,386.0000000000,0.0000000000,0.1008771930,353.4899856190,353.5963195170,353.4899856190,395.8991228070,385.8991228070,Medium,0: optimal
2017-12-26 20:00:00,2017-12-26,Persistence,392.0000000000,383.0000000000,2.8991228070,0.0000000000,356.2403350051,353.4899856190,356.2403350051,394.8991228070,385.8991228070,Medium,0: optimal
2017-12-26 21:00:00,2017-12-26,Persistence,386.0000000000,383.0000000000,2.8991228070,0.0000000000,358.9906843911,356.2403350051,358.9906843911,388.8991228070,385.8991228070,Medium,0: optimal
2017-12-26 22:00:00,2017-12-26,Persistence,385.0000000000,382.0000000000,3.8991228070,0.0000000000,362.6897170751,358.9906843911,362.6897170751,388.8991228070,385.8991228070,Medium,0: optimal
2017-12-26 23:00:00,2017-12-26,Persistence,384.0000000000,382.0000000000,3.8991228070,0.0000000000,366.3887497592,362.6897170751,366.3887497592,387.8991228070,385.8991228070,Medium,0: optimal
2017-12-27 00:00:00,2017-12-27,Persistence,385.0000000000,379.0000000000,9.2522123894,0.0000000000,375.1661691230,366.3887497592,375.1661691230,394.2522123894,388.2522123894,Medium,0: optimal
2017-12-27 01:00:00,2017-12-27,Persistence,386.0000000000,382.0000000000,6.2522123894,0.0000000000,381.0975385927,375.1661691230,381.0975385927,392.2522123894,388.2522123894,Medium,0: optimal
2017-12-27 02:00:00,2017-12-27,Persistence,385.0000000000,382.0000000000,6.2522123894,0.0000000000,387.0289080624,381.0975385927,387.0289080624,391.2522123894,388.2522123894,Medium,0: optimal
2017-12-27 03:00:00,2017-12-27,Persistence,386.0000000000,383.0000000000,5.2522123894,0.0000000000,392.0115942340,387.0289080624,392.0115942340,391.2522123894,388.2522123894,Medium,0: optimal
2017-12-27 04:00:00,2017-12-27,Persistence,384.0000000000,381.0000000000,7.2522123894,0.0000000000,398.8916470017,392.0115942340,398.8916470017,391.2522123894,388.2522123894,Medium,0: optimal
2017-12-27 05:00:00,2017-12-27,Persistence,385.0000000000,383.0000000000,5.2522123894,0.0000000000,403.8743331733,398.8916470017,403.8743331733,390.2522123894,388.2522123894,Medium,0: optimal
2017-12-27 06:00:00,2017-12-27,Persistence,383.0000000000,382.0000000000,6.2522123894,0.0000000000,409.8057026430,403.8743331733,409.8057026430,389.2522123894,388.2522123894,Medium,0: optimal
2017-12-27 07:00:00,2017-12-27,Persistence,386.0000000000,381.0000000000,7.2522123894,0.0000000000,416.6857554107,409.8057026430,416.6857554107,393.2522123894,388.2522123894,Medium,0: optimal
2017-12-27 08:00:00,2017-12-27,Persistence,385.0000000000,381.0000000000,7.2522123894,0.0000000000,423.5658081784,416.6857554107,423.5658081784,392.2522123894,388.2522123894,Medium,0: optimal
2017-12-27 09:00:00,2017-12-27,Persistence,389.0000000000,381.0000000000,7.2522123894,0.0000000000,430.4458609462,423.5658081784,430.4458609462,396.2522123894,388.2522123894,Medium,0: optimal
2017-12-27 10:00:00,2017-12-27,Persistence,401.0000000000,385.0000000000,3.2522123894,0.0000000000,433.5311805217,430.4458609462,433.5311805217,404.2522123894,388.2522123894,Medium,0: optimal
2017-12-27 11:00:00,2017-12-27,Persistence,407.0000000000,392.0000000000,0.0000000000,3.7477876106,429.5806655096,433.5311805217,429.5806655096,403.2522123894,388.2522123894,Medium,0: optimal
2017-12-27 12:00:00,2017-12-27,Persistence,413.0000000000,393.0000000000,0.0000000000,4.7477876106,424.5760579442,429.5806655096,424.5760579442,408.2522123894,388.2522123894,Medium,0: optimal
2017-12-27 13:00:00,2017-12-27,Persistence,413.0000000000,394.0000000000,0.0000000000,5.7477876106,418.5173578254,424.5760579442,418.5173578254,407.2522123894,388.2522123894,Medium,0: optimal
2017-12-27 14:00:00,2017-12-27,Persistence,424.0000000000,396.0000000000,0.0000000000,7.7477876106,410.3504725998,418.5173578254,410.3504725998,416.2522123894,388.2522123894,Medium,0: optimal
2017-12-27 15:00:00,2017-12-27,Persistence,426.0000000000,397.0000000000,0.0000000000,8.7477876106,401.1294948208,410.3504725998,401.1294948208,417.2522123894,388.2522123894,Medium,0: optimal
2017-12-27 16:00:00,2017-12-27,Persistence,424.0000000000,399.0000000000,0.0000000000,10.7477876106,389.8003319350,401.1294948208,389.8003319350,413.2522123894,388.2522123894,Medium,0: optimal
2017-12-27 17:00:00,2017-12-27,Persistence,426.0000000000,400.0000000000,0.0000000000,11.7477876106,377.4170764959,389.8003319350,377.4170764959,414.2522123894,388.2522123894,Medium,0: optimal
2017-12-27 18:00:00,2017-12-27,Persistence,419.0000000000,396.0000000000,0.0000000000,7.7477876106,369.2501912703,377.4170764959,369.2501912703,411.2522123894,388.2522123894,Medium,0: optimal
2017-12-27 19:00:00,2017-12-27,Persistence,414.0000000000,396.0000000000,0.0000000000,7.7477876106,361.0833060447,369.2501912703,361.0833060447,406.2522123894,388.2522123894,Medium,0: optimal
2017-12-27 20:00:00,2017-12-27,Persistence,412.0000000000,392.0000000000,0.0000000000,3.7477876106,357.1327910326,361.0833060447,357.1327910326,408.2522123894,388.2522123894,Medium,0: optimal
2017-12-27 21:00:00,2017-12-27,Persistence,410.0000000000,386.0000000000,2.2522123894,0.0000000000,359.2694273101,357.1327910326,359.2694273101,412.2522123894,388.2522123894,Medium,0: optimal
2017-12-27 22:00:00,2017-12-27,Persistence,404.0000000000,385.0000000000,3.2522123894,0.0000000000,362.3547468856,359.2694273101,362.3547468856,407.2522123894,388.2522123894,Medium,0: optimal
2017-12-27 23:00:00,2017-12-27,Persistence,403.0000000000,384.0000000000,4.2522123894,0.0000000000,366.3887497592,362.3547468856,366.3887497592,407.2522123894,388.2522123894,Medium,0: optimal
2017-12-28 00:00:00,2017-12-28,Persistence,402.0000000000,385.0000000000,17.8165938865,0.0000000000,383.2910548074,366.3887497592,383.2910548074,419.8165938865,402.8165938865,Medium,0: optimal
2017-12-28 01:00:00,2017-12-28,Persistence,402.0000000000,386.0000000000,16.8165938865,0.0000000000,399.2446765576,383.2910548074,399.2446765576,418.8165938865,402.8165938865,Medium,0: optimal
2017-12-28 02:00:00,2017-12-28,Persistence,401.0000000000,385.0000000000,17.8165938865,0.0000000000,416.1469816059,399.2446765576,416.1469816059,418.8165938865,402.8165938865,Medium,0: optimal
2017-12-28 03:00:00,2017-12-28,Persistence,400.0000000000,386.0000000000,16.8165938865,0.0000000000,432.1006033560,416.1469816059,432.1006033560,416.8165938865,402.8165938865,Medium,0: optimal
2017-12-28 04:00:00,2017-12-28,Persistence,400.0000000000,384.0000000000,18.8165938865,0.0000000000,449.9515917023,432.1006033560,449.9515917023,418.8165938865,402.8165938865,Medium,0: optimal
2017-12-28 05:00:00,2017-12-28,Persistence,400.0000000000,385.0000000000,17.8165938865,0.0000000000,466.8538967506,449.9515917023,466.8538967506,417.8165938865,402.8165938865,Medium,0: optimal
2017-12-28 06:00:00,2017-12-28,Persistence,397.0000000000,383.0000000000,19.8165938865,0.0000000000,485.6535683949,466.8538967506,485.6535683949,416.8165938865,402.8165938865,Medium,0: optimal
2017-12-28 07:00:00,2017-12-28,Persistence,399.0000000000,386.0000000000,16.8165938865,0.0000000000,501.6071901451,485.6535683949,501.6071901451,415.8165938865,402.8165938865,Medium,0: optimal
2017-12-28 08:00:00,2017-12-28,Persistence,414.0000000000,385.0000000000,17.8165938865,0.0000000000,518.5094951933,501.6071901451,518.5094951933,431.8165938865,402.8165938865,Medium,0: optimal
2017-12-28 09:00:00,2017-12-28,Persistence,400.0000000000,389.0000000000,13.8165938865,0.0000000000,531.6170670494,518.5094951933,531.6170670494,413.8165938865,402.8165938865,Medium,0: optimal
2017-12-28 10:00:00,2017-12-28,Persistence,414.0000000000,401.0000000000,1.8165938865,0.0000000000,533.3404393288,531.6170670494,533.3404393288,415.8165938865,402.8165938865,Medium,0: optimal
2017-12-28 11:00:00,2017-12-28,Persistence,420.0000000000,407.0000000000,0.0000000000,4.1834061135,528.9307420967,533.3404393288,528.9307420967,415.8165938865,402.8165938865,Medium,0: optimal
2017-12-28 12:00:00,2017-12-28,Persistence,422.0000000000,413.0000000000,0.0000000000,10.1834061135,518.1964895443,528.9307420967,518.1964895443,411.8165938865,402.8165938865,Medium,0: optimal
2017-12-28 13:00:00,2017-12-28,Persistence,427.0000000000,413.0000000000,0.0000000000,10.1834061135,507.4622369919,518.1964895443,507.4622369919,416.8165938865,402.8165938865,Medium,0: optimal
2017-12-28 14:00:00,2017-12-28,Persistence,426.0000000000,424.0000000000,0.0000000000,21.1834061135,485.1329663522,507.4622369919,485.1329663522,404.8165938865,402.8165938865,Medium,0: optimal
2017-12-28 15:00:00,2017-12-28,Persistence,427.0000000000,426.0000000000,0.0000000000,23.1834061135,460.6955106057,485.1329663522,460.6955106057,403.8165938865,402.8165938865,Medium,0: optimal
2017-12-28 16:00:00,2017-12-28,Persistence,426.0000000000,424.0000000000,0.0000000000,21.1834061135,438.3662399660,460.6955106057,438.3662399660,404.8165938865,402.8165938865,Medium,0: optimal
2017-12-28 17:00:00,2017-12-28,Persistence,427.0000000000,426.0000000000,0.0000000000,23.1834061135,413.9287842195,438.3662399660,413.9287842195,403.8165938865,402.8165938865,Medium,0: optimal
2017-12-28 18:00:00,2017-12-28,Persistence,424.0000000000,419.0000000000,0.0000000000,16.1834061135,396.8699763467,413.9287842195,396.8699763467,407.8165938865,402.8165938865,Medium,0: optimal
2017-12-28 19:00:00,2017-12-28,Persistence,419.0000000000,414.0000000000,0.0000000000,11.1834061135,385.0816312409,396.8699763467,385.0816312409,407.8165938865,402.8165938865,Medium,0: optimal
2017-12-28 20:00:00,2017-12-28,Persistence,414.0000000000,412.0000000000,0.0000000000,9.1834061135,375.4014712419,385.0816312409,375.4014712419,404.8165938865,402.8165938865,Medium,0: optimal
2017-12-28 21:00:00,2017-12-28,Persistence,407.0000000000,410.0000000000,0.0000000000,7.1834061135,367.8294963496,375.4014712419,367.8294963496,399.8165938865,402.8165938865,Medium,0: optimal
2017-12-28 22:00:00,2017-12-28,Persistence,403.0000000000,404.0000000000,0.0000000000,1.1834061135,366.5820767777,367.8294963496,366.5820767777,401.8165938865,402.8165938865,Medium,0: optimal
2017-12-28 23:00:00,2017-12-28,Persistence,404.0000000000,403.0000000000,0.0000000000,0.1834061135,366.3887497592,366.5820767777,366.3887497592,403.8165938865,402.8165938865,Medium,0: optimal
2017-12-29 00:00:00,2017-12-29,Persistence,403.0000000000,402.0000000000,9.9956140351,0.0000000000,375.8714218480,366.3887497592,375.8714218480,412.9956140351,411.9956140351,Medium,0: optimal
2017-12-29 01:00:00,2017-12-29,Persistence,399.0000000000,402.0000000000,9.9956140351,0.0000000000,385.3540939369,375.8714218480,385.3540939369,408.9956140351,411.9956140351,Medium,0: optimal
2017-12-29 02:00:00,2017-12-29,Persistence,396.0000000000,401.0000000000,10.9956140351,0.0000000000,395.7854493238,385.3540939369,395.7854493238,406.9956140351,411.9956140351,Medium,0: optimal
2017-12-29 03:00:00,2017-12-29,Persistence,396.0000000000,400.0000000000,11.9956140351,0.0000000000,407.1654880087,395.7854493238,407.1654880087,407.9956140351,411.9956140351,Medium,0: optimal
2017-12-29 04:00:00,2017-12-29,Persistence,397.0000000000,400.0000000000,11.9956140351,0.0000000000,418.5455266937,407.1654880087,418.5455266937,408.9956140351,411.9956140351,Medium,0: optimal
2017-12-29 05:00:00,2017-12-29,Persistence,400.0000000000,400.0000000000,11.9956140351,0.0000000000,429.9255653786,418.5455266937,429.9255653786,411.9956140351,411.9956140351,Medium,0: optimal
2017-12-29 06:00:00,2017-12-29,Persistence,395.0000000000,397.0000000000,14.9956140351,0.0000000000,444.1516539577,429.9255653786,444.1516539577,409.9956140351,411.9956140351,Medium,0: optimal
2017-12-29 07:00:00,2017-12-29,Persistence,397.0000000000,399.0000000000,12.9956140351,0.0000000000,456.4803759407,444.1516539577,456.4803759407,409.9956140351,411.9956140351,Medium,0: optimal
2017-12-29 08:00:00,2017-12-29,Persistence,403.0000000000,414.0000000000,0.0000000000,2.0043859649,454.3675676210,456.4803759407,454.3675676210,400.9956140351,411.9956140351,Medium,0: optimal
2017-12-29 09:00:00,2017-12-29,Persistence,401.0000000000,400.0000000000,11.9956140351,0.0000000000,465.7476063060,454.3675676210,465.7476063060,412.9956140351,411.9956140351,Medium,0: optimal
2017-12-29 10:00:00,2017-12-29,Persistence,411.0000000000,414.0000000000,0.0000000000,2.0043859649,463.6347979862,465.7476063060,463.6347979862,408.9956140351,411.9956140351,Medium,0: optimal
2017-12-29 11:00:00,2017-12-29,Persistence,418.0000000000,420.0000000000,0.0000000000,8.0043859649,455.1974343461,463.6347979862,455.1974343461,409.9956140351,411.9956140351,Medium,0: optimal
2017-12-29 12:00:00,2017-12-29,Persistence,426.0000000000,422.0000000000,0.0000000000,10.0043859649,444.6518855993,455.1974343461,444.6518855993,415.9956140351,411.9956140351,Medium,0: optimal
2017-12-29 13:00:00,2017-12-29,Persistence,430.0000000000,427.0000000000,0.0000000000,15.0043859649,428.8358740855,444.6518855993,428.8358740855,414.9956140351,411.9956140351,Medium,0: optimal
2017-12-29 14:00:00,2017-12-29,Persistence,427.0000000000,426.0000000000,0.0000000000,14.0043859649,414.0739551251,428.8358740855,414.0739551251,412.9956140351,411.9956140351,Medium,0: optimal
2017-12-29 15:00:00,2017-12-29,Persistence,426.0000000000,427.0000000000,0.0000000000,15.0043859649,398.2579436113,414.0739551251,398.2579436113,410.9956140351,411.9956140351,Medium,0: optimal
2017-12-29 16:00:00,2017-12-29,Persistence,424.0000000000,426.0000000000,0.0000000000,14.0043859649,383.4960246509,398.2579436113,383.4960246509,409.9956140351,411.9956140351,Medium,0: optimal
2017-12-29 17:00:00,2017-12-29,Persistence,429.0000000000,427.0000000000,0.0000000000,15.0043859649,367.6800131371,383.4960246509,367.6800131371,413.9956140351,411.9956140351,Medium,0: optimal
2017-12-29 18:00:00,2017-12-29,Persistence,420.0000000000,424.0000000000,0.0000000000,12.0043859649,355.0262792835,367.6800131371,355.0262792835,407.9956140351,411.9956140351,Medium,0: optimal
2017-12-29 19:00:00,2017-12-29,Persistence,412.0000000000,419.0000000000,0.0000000000,7.0043859649,347.6430081968,355.0262792835,347.6430081968,404.9956140351,411.9956140351,Medium,0: optimal
2017-12-29 20:00:00,2017-12-29,Persistence,408.0000000000,414.0000000000,0.0000000000,2.0043859649,345.5301998771,347.6430081968,345.5301998771,405.9956140351,411.9956140351,Medium,0: optimal
2017-12-29 21:00:00,2017-12-29,Persistence,407.0000000000,407.0000000000,4.9956140351,0.0000000000,350.2694554757,345.5301998771,350.2694554757,411.9956140351,411.9956140351,Medium,0: optimal
2017-12-29 22:00:00,2017-12-29,Persistence,401.0000000000,403.0000000000,8.9956140351,0.0000000000,358.8034442665,350.2694554757,358.8034442665,409.9956140351,411.9956140351,Medium,0: optimal
2017-12-29 23:00:00,2017-12-29,Persistence,405.0000000000,404.0000000000,7.9956140351,0.0000000000,366.3887497592,358.8034442665,366.3887497592,412.9956140351,411.9956140351,Medium,0: optimal
2017-12-30 00:00:00,2017-12-30,Persistence,403.0000000000,403.0000000000,7.1858407080,0.0000000000,373.2058368213,366.3887497592,373.2058368213,410.1858407080,410.1858407080,Medium,0: optimal
2017-12-30 01:00:00,2017-12-30,Persistence,405.0000000000,399.0000000000,11.1858407080,0.0000000000,383.8176570756,373.2058368213,383.8176570756,416.1858407080,410.1858407080,Medium,0: optimal
2017-12-30 02:00:00,2017-12-30,Persistence,403.0000000000,396.0000000000,14.1858407080,0.0000000000,397.2755272240,383.8176570756,397.2755272240,417.1858407080,410.1858407080,Medium,0: optimal
2017-12-30 03:00:00,2017-12-30,Persistence,404.0000000000,396.0000000000,14.1858407080,0.0000000000,410.7333973725,397.2755272240,410.7333973725,418.1858407080,410.1858407080,Medium,0: optimal
2017-12-30 04:00:00,2017-12-30,Persistence,403.0000000000,397.0000000000,13.1858407080,0.0000000000,423.2425842229,410.7333973725,423.2425842229,416.1858407080,410.1858407080,Medium,0: optimal
2017-12-30 05:00:00,2017-12-30,Persistence,403.0000000000,400.0000000000,10.1858407080,0.0000000000,432.9057211792,423.2425842229,432.9057211792,413.1858407080,410.1858407080,Medium,0: optimal
2017-12-30 06:00:00,2017-12-30,Persistence,400.0000000000,395.0000000000,15.1858407080,0.0000000000,447.3122746257,432.9057211792,447.3122746257,415.1858407080,410.1858407080,Medium,0: optimal
2017-12-30 07:00:00,2017-12-30,Persistence,402.0000000000,397.0000000000,13.1858407080,0.0000000000,459.8214614761,447.3122746257,459.8214614761,415.1858407080,410.1858407080,Medium,0: optimal
2017-12-30 08:00:00,2017-12-30,Persistence,402.0000000000,403.0000000000,7.1858407080,0.0000000000,466.6385485382,459.8214614761,466.6385485382,409.1858407080,410.1858407080,Medium,0: optimal
2017-12-30 09:00:00,2017-12-30,Persistence,403.0000000000,401.0000000000,9.1858407080,0.0000000000,475.3530021963,466.6385485382,475.3530021963,412.1858407080,410.1858407080,Medium,0: optimal
2017-12-30 10:00:00,2017-12-30,Persistence,399.0000000000,411.0000000000,0.0000000000,0.8141592920,474.4948029493,475.3530021963,474.4948029493,398.1858407080,410.1858407080,Medium,0: optimal
2017-12-30 11:00:00,2017-12-30,Persistence,403.0000000000,418.0000000000,0.0000000000,7.8141592920,466.2579558286,474.4948029493,466.2579558286,395.1858407080,410.1858407080,Medium,0: optimal
2017-12-30 12:00:00,2017-12-30,Persistence,408.0000000000,426.0000000000,0.0000000000,15.8141592920,449.5883682808,466.2579558286,449.5883682808,392.1858407080,410.1858407080,Medium,0: optimal
2017-12-30 13:00:00,2017-12-30,Persistence,409.0000000000,430.0000000000,0.0000000000,19.8141592920,428.7024105194,449.5883682808,428.7024105194,389.1858407080,410.1858407080,Medium,0: optimal
2017-12-30 14:00:00,2017-12-30,Persistence,411.0000000000,427.0000000000,0.0000000000,16.8141592920,410.9787304181,428.7024105194,410.9787304181,394.1858407080,410.1858407080,Medium,0: optimal
2017-12-30 15:00:00,2017-12-30,Persistence,411.0000000000,426.0000000000,0.0000000000,15.8141592920,394.3091428703,410.9787304181,394.3091428703,395.1858407080,410.1858407080,Medium,0: optimal
2017-12-30 16:00:00,2017-12-30,Persistence,408.0000000000,424.0000000000,0.0000000000,13.8141592920,379.7477404292,394.3091428703,379.7477404292,394.1858407080,410.1858407080,Medium,0: optimal
2017-12-30 17:00:00,2017-12-30,Persistence,410.0000000000,429.0000000000,0.0000000000,18.8141592920,359.9158752212,379.7477404292,359.9158752212,391.1858407080,410.1858407080,Medium,0: optimal
2017-12-30 18:00:00,2017-12-30,Persistence,410.0000000000,420.0000000000,0.0000000000,9.8141592920,349.5708429937,359.9158752212,349.5708429937,400.1858407080,410.1858407080,Medium,0: optimal
2017-12-30 19:00:00,2017-12-30,Persistence,408.0000000000,412.0000000000,0.0000000000,1.8141592920,347.6585511933,349.5708429937,347.6585511933,406.1858407080,410.1858407080,Medium,0: optimal
2017-12-30 20:00:00,2017-12-30,Persistence,407.0000000000,408.0000000000,2.1858407080,0.0000000000,349.7322217651,347.6585511933,349.7322217651,409.1858407080,410.1858407080,Medium,0: optimal
2017-12-30 21:00:00,2017-12-30,Persistence,407.0000000000,407.0000000000,3.1858407080,0.0000000000,352.7545756350,349.7322217651,352.7545756350,410.1858407080,410.1858407080,Medium,0: optimal
2017-12-30 22:00:00,2017-12-30,Persistence,404.0000000000,401.0000000000,9.1858407080,0.0000000000,361.4690292932,352.7545756350,361.4690292932,413.1858407080,410.1858407080,Medium,0: optimal
2017-12-30 23:00:00,2017-12-30,Persistence,404.0000000000,405.0000000000,5.1858407080,0.0000000000,366.3887497592,361.4690292932,366.3887497592,409.1858407080,410.1858407080,Medium,0: optimal
2017-12-31 00:00:00,2017-12-31,Persistence,402.0000000000,403.0000000000,2.4513274336,0.0000000000,368.7142831535,366.3887497592,368.7142831535,404.4513274336,405.4513274336,Medium,0: optimal
2017-12-31 01:00:00,2017-12-31,Persistence,401.0000000000,405.0000000000,0.4513274336,0.0000000000,369.1424499518,368.7142831535,369.1424499518,401.4513274336,405.4513274336,Medium,0: optimal
2017-12-31 02:00:00,2017-12-31,Persistence,398.0000000000,403.0000000000,2.4513274336,0.0000000000,371.4679833461,369.1424499518,371.4679833461,400.4513274336,405.4513274336,Medium,0: optimal
2017-12-31 03:00:00,2017-12-31,Persistence,402.0000000000,404.0000000000,1.4513274336,0.0000000000,372.8448334424,371.4679833461,372.8448334424,403.4513274336,405.4513274336,Medium,0: optimal
2017-12-31 04:00:00,2017-12-31,Persistence,400.0000000000,403.0000000000,2.4513274336,0.0000000000,375.1703668367,372.8448334424,375.1703668367,402.4513274336,405.4513274336,Medium,0: optimal
2017-12-31 05:00:00,2017-12-31,Persistence,401.0000000000,403.0000000000,2.4513274336,0.0000000000,377.4959002311,375.1703668367,377.4959002311,403.4513274336,405.4513274336,Medium,0: optimal
2017-12-31 06:00:00,2017-12-31,Persistence,399.0000000000,400.0000000000,5.4513274336,0.0000000000,382.6674835196,377.4959002311,382.6674835196,404.4513274336,405.4513274336,Medium,0: optimal
2017-12-31 07:00:00,2017-12-31,Persistence,400.0000000000,402.0000000000,3.4513274336,0.0000000000,385.9417002119,382.6674835196,385.9417002119,403.4513274336,405.4513274336,Medium,0: optimal
2017-12-31 08:00:00,2017-12-31,Persistence,402.0000000000,402.0000000000,3.4513274336,0.0000000000,389.2159169043,385.9417002119,389.2159169043,405.4513274336,405.4513274336,Medium,0: optimal
2017-12-31 09:00:00,2017-12-31,Persistence,400.0000000000,403.0000000000,2.4513274336,0.0000000000,391.5414502987,389.2159169043,391.5414502987,402.4513274336,405.4513274336,Medium,0: optimal
2017-12-31 10:00:00,2017-12-31,Persistence,398.0000000000,399.0000000000,6.4513274336,0.0000000000,397.6617168852,391.5414502987,397.6617168852,404.4513274336,405.4513274336,Medium,0: optimal
2017-12-31 11:00:00,2017-12-31,Persistence,399.0000000000,403.0000000000,2.4513274336,0.0000000000,399.9872502795,397.6617168852,399.9872502795,401.4513274336,405.4513274336,Medium,0: optimal
2017-12-31 12:00:00,2017-12-31,Persistence,399.0000000000,408.0000000000,0.0000000000,2.5486725664,397.3007135063,399.9872502795,397.3007135063,396.4513274336,405.4513274336,Medium,0: optimal
2017-12-31 13:00:00,2017-12-31,Persistence,401.0000000000,409.0000000000,0.0000000000,3.5486725664,393.5600841797,397.3007135063,393.5600841797,397.4513274336,405.4513274336,Medium,0: optimal
2017-12-31 14:00:00,2017-12-31,Persistence,403.0000000000,411.0000000000,0.0000000000,5.5486725664,387.7112697463,393.5600841797,387.7112697463,397.4513274336,405.4513274336,Medium,0: optimal
2017-12-31 15:00:00,2017-12-31,Persistence,401.0000000000,411.0000000000,0.0000000000,5.5486725664,381.8624553128,387.7112697463,381.8624553128,395.4513274336,405.4513274336,Medium,0: optimal
2017-12-31 16:00:00,2017-12-31,Persistence,402.0000000000,408.0000000000,0.0000000000,2.5486725664,379.1759185396,381.8624553128,379.1759185396,399.4513274336,405.4513274336,Medium,0: optimal
2017-12-31 17:00:00,2017-12-31,Persistence,404.0000000000,410.0000000000,0.0000000000,4.5486725664,374.3811966596,379.1759185396,374.3811966596,399.4513274336,405.4513274336,Medium,0: optimal
2017-12-31 18:00:00,2017-12-31,Persistence,399.0000000000,410.0000000000,0.0000000000,4.5486725664,369.5864747796,374.3811966596,369.5864747796,394.4513274336,405.4513274336,Medium,0: optimal
2017-12-31 19:00:00,2017-12-31,Persistence,400.0000000000,408.0000000000,0.0000000000,2.5486725664,366.8999380063,369.5864747796,366.8999380063,397.4513274336,405.4513274336,Medium,0: optimal
2017-12-31 20:00:00,2017-12-31,Persistence,400.0000000000,407.0000000000,0.0000000000,1.5486725664,365.2674937865,366.8999380063,365.2674937865,398.4513274336,405.4513274336,Medium,0: optimal
2017-12-31 21:00:00,2017-12-31,Persistence,398.0000000000,407.0000000000,0.0000000000,1.5486725664,363.6350495666,365.2674937865,363.6350495666,396.4513274336,405.4513274336,Medium,0: optimal
2017-12-31 22:00:00,2017-12-31,Persistence,397.0000000000,404.0000000000,1.4513274336,0.0000000000,365.0118996629,363.6350495666,365.0118996629,398.4513274336,405.4513274336,Medium,0: optimal
2017-12-31 23:00:00,2017-12-31,Persistence,397.0000000000,404.0000000000,1.4513274336,0.0000000000,366.3887497592,365.0118996629,366.3887497592,398.4513274336,405.4513274336,Medium,0: optimal
