timestamp,date,controller,actual_load,forecast_load,charge,discharge,soc,soc_start,soc_end,realized_grid_load,optimized_forecast_grid_load,battery_size,solver_status
2017-12-02 00:00:00,2017-12-02,LightGBM,418.0000000000,414.5396148353,6.0461410624,0.0000000000,372.1246228027,366.3887497592,372.1246228027,424.0461410624,420.5857558977,Medium,0: optimal
2017-12-02 01:00:00,2017-12-02,LightGBM,414.0000000000,414.1543829276,6.4313729700,0.0000000000,378.2259589229,372.1246228027,378.2259589229,420.4313729700,420.5857558977,Medium,0: optimal
2017-12-02 02:00:00,2017-12-02,LightGBM,412.0000000000,415.6692247488,4.9165311488,0.0000000000,382.8901899081,378.2259589229,382.8901899081,416.9165311488,420.5857558977,Medium,0: optimal
2017-12-02 03:00:00,2017-12-02,LightGBM,411.0000000000,409.8783026422,10.7074532555,0.0000000000,393.0481719763,382.8901899081,393.0481719763,421.7074532555,420.5857558977,Medium,0: optimal
2017-12-02 04:00:00,2017-12-02,LightGBM,411.0000000000,409.8924440933,10.6933118043,0.0000000000,403.1927382859,393.0481719763,403.1927382859,421.6933118043,420.5857558977,Medium,0: optimal
2017-12-02 05:00:00,2017-12-02,LightGBM,409.0000000000,409.6717491270,10.9140067707,0.0000000000,413.5466742240,403.1927382859,413.5466742240,419.9140067707,420.5857558977,Medium,0: optimal
2017-12-02 06:00:00,2017-12-02,LightGBM,412.0000000000,410.0001640435,10.5855918542,0.0000000000,423.5890484160,413.5466742240,423.5890484160,422.5855918542,420.5857558977,Medium,0: optimal
2017-12-02 07:00:00,2017-12-02,LightGBM,410.0000000000,408.7837836710,11.8019722267,0.0000000000,434.7853823516,423.5890484160,434.7853823516,421.8019722267,420.5857558977,Medium,0: optimal
2017-12-02 08:00:00,2017-12-02,LightGBM,409.0000000000,410.7468041461,9.8389517516,0.0000000000,444.1194315487,434.7853823516,444.1194315487,418.8389517516,420.5857558977,Medium,0: optimal
2017-12-02 09:00:00,2017-12-02,LightGBM,408.0000000000,415.7648466231,4.8209092745,0.0000000000,448.6929476588,444.1194315487,448.6929476588,412.8209092745,420.5857558977,Medium,0: optimal
2017-12-02 10:00:00,2017-12-02,LightGBM,417.0000000000,419.8628284494,0.7229274482,0.0000000000,449.3787768546,448.6929476588,449.3787768546,417.7229274482,420.5857558977,Medium,0: optimal
2017-12-02 11:00:00,2017-12-02,LightGBM,421.0000000000,425.9390253980,0.0000000000,5.3532695003,443.7359353381,449.3787768546,443.7359353381,415.6467304997,420.5857558977,Medium,0: optimal
2017-12-02 12:00:00,2017-12-02,LightGBM,418.0000000000,427.6438763713,0.0000000000,7.0581204736,436.2960231059,443.7359353381,436.2960231059,410.9418795264,420.5857558977,Medium,0: optimal
2017-12-02 13:00:00,2017-12-02,LightGBM,420.0000000000,429.7397174993,0.0000000000,9.1539616017,426.6469003476,436.2960231059,426.6469003476,410.8460383983,420.5857558977,Medium,0: optimal
2017-12-02 14:00:00,2017-12-02,LightGBM,425.0000000000,432.4875411924,0.0000000000,11.9017852947,414.1013170964,426.6469003476,414.1013170964,413.0982147053,420.5857558977,Medium,0: optimal
2017-12-02 15:00:00,2017-12-02,LightGBM,424.0000000000,432.2658400087,0.0000000000,11.6800841111,401.7894274119,414.1013170964,401.7894274119,412.3199158889,420.5857558977,Medium,0: optimal
2017-12-02 16:00:00,2017-12-02,LightGBM,426.0000000000,433.5523570246,0.0000000000,12.9666011270,388.1214297212,401.7894274119,388.1214297212,413.0333988730,420.5857558977,Medium,0: optimal
2017-12-02 17:00:00,2017-12-02,LightGBM,423.0000000000,432.7967535860,0.0000000000,12.2109976883,375.2499079885,388.1214297212,375.2499079885,410.7890023117,420.5857558977,Medium,0: optimal
2017-12-02 18:00:00,2017-12-02,LightGBM,423.0000000000,428.7120635765,0.0000000000,8.1263076789,366.6840275776,375.2499079885,366.6840275776,414.8736923211,420.5857558977,Medium,0: optimal
2017-12-02 19:00:00,2017-12-02,LightGBM,419.0000000000,425.0084352082,0.0000000000,4.4226793105,362.0221142504,366.6840275776,362.0221142504,414.5773206895,420.5857558977,Medium,0: optimal
2017-12-02 20:00:00,2017-12-02,LightGBM,416.0000000000,424.9529936596,0.0000000000,4.3672377619,357.4186414467,362.0221142504,357.4186414467,411.6327622381,420.5857558977,Medium,0: optimal
2017-12-02 21:00:00,2017-12-02,LightGBM,416.0000000000,419.9689256669,0.6168302307,0.0000000000,358.0038179843,357.4186414467,358.0038179843,416.6168302307,420.5857558977,Medium,0: optimal
2017-12-02 22:00:00,2017-12-02,LightGBM,409.0000000000,418.1298000892,2.4559558085,0.0000000000,360.3337422406,358.0038179843,360.3337422406,411.4559558085,420.5857558977,Medium,0: optimal
2017-12-02 23:00:00,2017-12-02,LightGBM,407.0000000000,414.2032175615,6.3825383361,0.0000000000,366.3887497592,360.3337422406,366.3887497592,413.3825383361,420.5857558977,Medium,0: optimal
2017-12-03 00:00:00,2017-12-03,LightGBM,407.0000000000,416.8239869434,0.0000000000,1.2281680748,365.0941469372,366.3887497592,365.0941469372,405.7718319252,415.5958188686,Medium,0: optimal
2017-12-03 01:00:00,2017-12-03,LightGBM,408.0000000000,415.6359648179,0.0000000000,0.0401459493,365.0518293910,365.0941469372,365.0518293910,407.9598540507,415.5958188686,Medium,0: optimal
2017-12-03 02:00:00,2017-12-03,LightGBM,411.0000000000,417.6152095104,0.0000000000,2.0193906418,362.9232047530,365.0518293910,362.9232047530,408.9806093582,415.5958188686,Medium,0: optimal
2017-12-03 03:00:00,2017-12-03,LightGBM,410.0000000000,411.1107535937,4.4850652749,0.0000000000,367.1781112700,362.9232047530,367.1781112700,414.4850652749,415.5958188686,Medium,0: optimal
2017-12-03 04:00:00,2017-12-03,LightGBM,413.0000000000,409.7361015415,5.8597173271,0.0000000000,372.7371272295,367.1781112700,372.7371272295,418.8597173271,415.5958188686,Medium,0: optimal
2017-12-03 05:00:00,2017-12-03,LightGBM,410.0000000000,409.5094345106,6.0863843580,0.0000000000,378.5111784154,372.7371272295,378.5111784154,416.0863843580,415.5958188686,Medium,0: optimal
2017-12-03 06:00:00,2017-12-03,LightGBM,411.0000000000,408.3408589479,7.2549599207,0.0000000000,385.3938377202,378.5111784154,385.3938377202,418.2549599207,415.5958188686,Medium,0: optimal
2017-12-03 07:00:00,2017-12-03,LightGBM,410.0000000000,408.5663359828,7.0294828858,0.0000000000,392.0625907279,385.3938377202,392.0625907279,417.0294828858,415.5958188686,Medium,0: optimal
2017-12-03 08:00:00,2017-12-03,LightGBM,409.0000000000,408.0661022549,7.5297166137,0.0000000000,399.2059071184,392.0625907279,399.2059071184,416.5297166137,415.5958188686,Medium,0: optimal
2017-12-03 09:00:00,2017-12-03,LightGBM,411.0000000000,408.4478444594,7.1479744092,0.0000000000,405.9870710553,399.2059071184,405.9870710553,418.1479744092,415.5958188686,Medium,0: optimal
2017-12-03 10:00:00,2017-12-03,LightGBM,413.0000000000,409.7069468921,5.8888719765,0.0000000000,411.5737455437,405.9870710553,411.5737455437,418.8888719765,415.5958188686,Medium,0: optimal
2017-12-03 11:00:00,2017-12-03,LightGBM,414.0000000000,416.1535397267,0.0000000000,0.5577208581,410.9858561404,411.5737455437,410.9858561404,413.4422791419,415.5958188686,Medium,0: optimal
2017-12-03 12:00:00,2017-12-03,LightGBM,419.0000000000,416.0777008312,0.0000000000,0.4818819626,410.4779079520,410.9858561404,410.4779079520,418.5181180374,415.5958188686,Medium,0: optimal
2017-12-03 13:00:00,2017-12-03,LightGBM,420.0000000000,418.4360692490,0.0000000000,2.8402503804,407.4840211763,410.4779079520,407.4840211763,417.1597496196,415.5958188686,Medium,0: optimal
2017-12-03 14:00:00,2017-12-03,LightGBM,424.0000000000,423.3785231415,0.0000000000,7.7827042729,399.2803305570,407.4840211763,399.2803305570,416.2172957271,415.5958188686,Medium,0: optimal
2017-12-03 15:00:00,2017-12-03,LightGBM,432.0000000000,424.1445099146,0.0000000000,8.5486910460,390.2692189841,399.2803305570,390.2692189841,423.4513089540,415.5958188686,Medium,0: optimal
2017-12-03 16:00:00,2017-12-03,LightGBM,431.0000000000,425.2198795944,0.0000000000,9.6240607258,380.1245682397,390.2692189841,380.1245682397,421.3759392742,415.5958188686,Medium,0: optimal
2017-12-03 17:00:00,2017-12-03,LightGBM,430.0000000000,422.4562099407,0.0000000000,6.8603910721,372.8930810972,380.1245682397,372.8930810972,423.1396089279,415.5958188686,Medium,0: optimal
2017-12-03 18:00:00,2017-12-03,LightGBM,427.0000000000,422.0151312411,0.0000000000,6.4193123725,366.1265317275,372.8930810972,366.1265317275,420.5806876275,415.5958188686,Medium,0: optimal
2017-12-03 19:00:00,2017-12-03,LightGBM,429.0000000000,419.2942449918,0.0000000000,3.6984261232,362.2280482918,366.1265317275,362.2280482918,425.3015738768,415.5958188686,Medium,0: optimal
2017-12-03 20:00:00,2017-12-03,LightGBM,424.0000000000,415.4549192515,0.1408996171,0.0000000000,362.3617174052,362.2280482918,362.3617174052,424.1408996171,415.5958188686,Medium,0: optimal
2017-12-03 21:00:00,2017-12-03,LightGBM,418.0000000000,415.2707616115,0.3250572571,0.0000000000,362.6700937959,362.3617174052,362.6700937959,418.3250572571,415.5958188686,Medium,0: optimal
2017-12-03 22:00:00,2017-12-03,LightGBM,420.0000000000,415.0455526443,0.5502662243,0.0000000000,363.1921221724,362.6700937959,363.1921221724,420.5502662243,415.5958188686,Medium,0: optimal
2017-12-03 23:00:00,2017-12-03,LightGBM,418.0000000000,412.2262775334,3.3695413352,0.0000000000,366.3887497592,363.1921221724,366.3887497592,421.3695413352,415.5958188686,Medium,0: optimal
2017-12-04 00:00:00,2017-12-04,LightGBM,413.0000000000,412.1637511157,25.6342649915,0.0000000000,390.7075488144,366.3887497592,390.7075488144,438.6342649915,437.7980161072,Medium,0: optimal
2017-12-04 01:00:00,2017-12-04,LightGBM,412.0000000000,413.9445633064,23.8534528008,0.0000000000,413.3369210874,390.7075488144,413.3369210874,435.8534528008,437.7980161072,Medium,0: optimal
2017-12-04 02:00:00,2017-12-04,LightGBM,412.0000000000,413.1171778932,24.6808382140,0.0000000000,436.7512200829,413.3369210874,436.7512200829,436.6808382140,437.7980161072,Medium,0: optimal
2017-12-04 03:00:00,2017-12-04,LightGBM,404.0000000000,410.4454887615,27.3525273457,0.0000000000,462.7001059352,436.7512200829,462.7001059352,431.3525273457,437.7980161072,Medium,0: optimal
2017-12-04 04:00:00,2017-12-04,LightGBM,396.0000000000,409.3491665671,28.4488495401,0.0000000000,489.6890543426,462.7001059352,489.6890543426,424.4488495401,437.7980161072,Medium,0: optimal
2017-12-04 05:00:00,2017-12-04,LightGBM,394.0000000000,411.0501361577,26.7478799495,0.0000000000,515.0643213090,489.6890543426,515.0643213090,420.7478799495,437.7980161072,Medium,0: optimal
2017-12-04 06:00:00,2017-12-04,LightGBM,398.0000000000,410.1424252108,27.6555908964,0.0000000000,541.3007184901,515.0643213090,541.3007184901,425.6555908964,437.7980161072,Medium,0: optimal
2017-12-04 07:00:00,2017-12-04,LightGBM,403.0000000000,415.1099144856,22.6881016215,0.0000000000,562.8245415629,541.3007184901,562.8245415629,425.6881016215,437.7980161072,Medium,0: optimal
2017-12-04 08:00:00,2017-12-04,LightGBM,407.0000000000,417.5735801224,20.2244359848,0.0000000000,582.0111261942,562.8245415629,582.0111261942,427.2244359848,437.7980161072,Medium,0: optimal
2017-12-04 09:00:00,2017-12-04,LightGBM,415.0000000000,426.1565250053,11.6414911019,0.0000000000,593.0552143670,582.0111261942,593.0552143670,426.6414911019,437.7980161072,Medium,0: optimal
2017-12-04 10:00:00,2017-12-04,LightGBM,435.0000000000,450.4044578551,0.0000000000,12.6064417480,579.7668579957,593.0552143670,579.7668579957,422.3935582520,437.7980161072,Medium,0: optimal
2017-12-04 11:00:00,2017-12-04,LightGBM,447.0000000000,458.9785455104,0.0000000000,21.1805294032,557.4406196749,579.7668579957,557.4406196749,425.8194705968,437.7980161072,Medium,0: optimal
2017-12-04 12:00:00,2017-12-04,LightGBM,457.0000000000,464.2469882966,0.0000000000,26.4489721894,529.5609550453,557.4406196749,529.5609550453,430.5510278106,437.7980161072,Medium,0: optimal
2017-12-04 13:00:00,2017-12-04,LightGBM,462.0000000000,462.3774167084,0.0000000000,24.5794006012,503.6519919048,529.5609550453,503.6519919048,437.4205993988,437.7980161072,Medium,0: optimal
2017-12-04 14:00:00,2017-12-04,LightGBM,463.0000000000,467.0678504812,0.0000000000,29.2698343740,472.7988774522,503.6519919048,472.7988774522,433.7301656260,437.7980161072,Medium,0: optimal
2017-12-04 15:00:00,2017-12-04,LightGBM,463.0000000000,474.8389386577,0.0000000000,37.0409225505,433.7543168210,472.7988774522,433.7543168210,425.9590774495,437.7980161072,Medium,0: optimal
2017-12-04 16:00:00,2017-12-04,LightGBM,462.0000000000,473.7287402122,0.0000000000,35.9307241050,395.8800081040,433.7543168210,395.8800081040,426.0692758950,437.7980161072,Medium,0: optimal
2017-12-04 17:00:00,2017-12-04,LightGBM,465.0000000000,467.4426355764,0.0000000000,29.6446194692,364.6318354735,395.8800081040,364.6318354735,435.3553805308,437.7980161072,Medium,0: optimal
2017-12-04 18:00:00,2017-12-04,LightGBM,460.0000000000,453.3573549602,0.0000000000,15.5593388530,348.2308522529,364.6318354735,348.2308522529,444.4406611470,437.7980161072,Medium,0: optimal
2017-12-04 19:00:00,2017-12-04,LightGBM,450.0000000000,446.3996965154,0.0000000000,8.6016804082,339.1638849880,348.2308522529,339.1638849880,441.3983195918,437.7980161072,Medium,0: optimal
2017-12-04 20:00:00,2017-12-04,LightGBM,442.0000000000,437.7324414854,0.0655746218,0.0000000000,339.2260945365,339.1638849880,339.2260945365,442.0655746218,437.7980161072,Medium,0: optimal
2017-12-04 21:00:00,2017-12-04,LightGBM,437.0000000000,431.4459492704,6.3520668367,0.0000000000,345.2521942526,339.2260945365,345.2521942526,443.3520668367,437.7980161072,Medium,0: optimal
2017-12-04 22:00:00,2017-12-04,LightGBM,435.0000000000,428.5612130096,9.2368030975,0.0000000000,354.0149950786,345.2521942526,354.0149950786,444.2368030975,437.7980161072,Medium,0: optimal
2017-12-04 23:00:00,2017-12-04,LightGBM,432.0000000000,424.7549334409,13.0430826662,0.0000000000,366.3887497592,354.0149950786,366.3887497592,445.0430826662,437.7980161072,Medium,0: optimal
2017-12-05 00:00:00,2017-12-05,LightGBM,428.0000000000,418.8114664116,23.2238568221,0.0000000000,388.4208348426,366.3887497592,388.4208348426,451.2238568221,442.0353232337,Medium,0: optimal
2017-12-05 01:00:00,2017-12-05,LightGBM,427.0000000000,417.0368654371,24.9984577965,0.0000000000,412.1364542312,388.4208348426,412.1364542312,451.9984577965,442.0353232337,Medium,0: optimal
2017-12-05 02:00:00,2017-12-05,LightGBM,421.0000000000,419.9597856792,22.0755375544,0.0000000000,433.0791480046,412.1364542312,433.0791480046,443.0755375544,442.0353232337,Medium,0: optimal
2017-12-05 03:00:00,2017-12-05,LightGBM,418.0000000000,417.3089963987,24.7263268349,0.0000000000,456.5366012950,433.0791480046,456.5366012950,442.7263268349,442.0353232337,Medium,0: optimal
2017-12-05 04:00:00,2017-12-05,LightGBM,412.0000000000,419.1633548254,22.8719684083,0.0000000000,478.2348557175,456.5366012950,478.2348557175,434.8719684083,442.0353232337,Medium,0: optimal
2017-12-05 05:00:00,2017-12-05,LightGBM,415.0000000000,414.3474191962,27.6879040374,0.0000000000,504.5019078358,478.2348557175,504.5019078358,442.6879040374,442.0353232337,Medium,0: optimal
2017-12-05 06:00:00,2017-12-05,LightGBM,409.0000000000,419.9556935436,22.0796296901,0.0000000000,525.4484837499,504.5019078358,525.4484837499,431.0796296901,442.0353232337,Medium,0: optimal
2017-12-05 07:00:00,2017-12-05,LightGBM,415.0000000000,417.5900515911,24.4452716426,0.0000000000,548.6393046736,525.4484837499,548.6393046736,439.4452716426,442.0353232337,Medium,0: optimal
2017-12-05 08:00:00,2017-12-05,LightGBM,415.0000000000,422.5647716108,19.4705516228,0.0000000000,567.1106918020,548.6393046736,567.1106918020,434.4705516228,442.0353232337,Medium,0: optimal
2017-12-05 09:00:00,2017-12-05,LightGBM,437.0000000000,430.5760550267,11.4592682070,0.0000000000,577.9819081578,567.1106918020,577.9819081578,448.4592682070,442.0353232337,Medium,0: optimal
2017-12-05 10:00:00,2017-12-05,LightGBM,444.0000000000,453.6579828413,0.0000000000,11.6226596077,565.7305492148,577.9819081578,565.7305492148,432.3773403923,442.0353232337,Medium,0: optimal
2017-12-05 11:00:00,2017-12-05,LightGBM,459.0000000000,467.0288513548,0.0000000000,24.9935281212,539.3850573393,565.7305492148,539.3850573393,434.0064718788,442.0353232337,Medium,0: optimal
2017-12-05 12:00:00,2017-12-05,LightGBM,465.0000000000,470.4134853220,0.0000000000,28.3781620883,509.4718480031,539.3850573393,509.4718480031,436.6218379117,442.0353232337,Medium,0: optimal
2017-12-05 13:00:00,2017-12-05,LightGBM,469.0000000000,469.3481760599,0.0000000000,27.3128528262,480.6815732272,509.4718480031,480.6815732272,441.6871471738,442.0353232337,Medium,0: optimal
2017-12-05 14:00:00,2017-12-05,LightGBM,467.0000000000,470.1821499513,0.0000000000,28.1468267176,451.0122127826,480.6815732272,451.0122127826,438.8531732824,442.0353232337,Medium,0: optimal
2017-12-05 15:00:00,2017-12-05,LightGBM,468.0000000000,468.9813527447,0.0000000000,26.9460295110,422.6086037316,451.0122127826,422.6086037316,441.0539704890,442.0353232337,Medium,0: optimal
2017-12-05 16:00:00,2017-12-05,LightGBM,470.0000000000,466.9644401320,0.0000000000,24.9291168983,396.3310072466,422.6086037316,396.3310072466,445.0708831017,442.0353232337,Medium,0: optimal
2017-12-05 17:00:00,2017-12-05,LightGBM,471.0000000000,466.2483106928,0.0000000000,24.2129874591,370.8082774706,396.3310072466,370.8082774706,446.7870125409,442.0353232337,Medium,0: optimal
2017-12-05 18:00:00,2017-12-05,LightGBM,466.0000000000,460.0889773378,0.0000000000,18.0536541041,351.7780551180,370.8082774706,351.7780551180,447.9463458959,442.0353232337,Medium,0: optimal
2017-12-05 19:00:00,2017-12-05,LightGBM,451.0000000000,452.8603852763,0.0000000000,10.8250620426,340.3674378288,351.7780551180,340.3674378288,440.1749379574,442.0353232337,Medium,0: optimal
2017-12-05 20:00:00,2017-12-05,LightGBM,445.0000000000,440.6208287315,1.4144945021,0.0000000000,341.7093451382,340.3674378288,341.7093451382,446.4144945021,442.0353232337,Medium,0: optimal
2017-12-05 21:00:00,2017-12-05,LightGBM,435.0000000000,434.1748477401,7.8604754936,0.0000000000,349.1664469537,341.7093451382,349.1664469537,442.8604754936,442.0353232337,Medium,0: optimal
2017-12-05 22:00:00,2017-12-05,LightGBM,427.0000000000,434.2229891103,7.8123341234,0.0000000000,356.5778778553,349.1664469537,356.5778778553,434.8123341234,442.0353232337,Medium,0: optimal
2017-12-05 23:00:00,2017-12-05,LightGBM,424.0000000000,431.6937562175,10.3415670161,0.0000000000,366.3887497592,356.5778778553,366.3887497592,434.3415670161,442.0353232337,Medium,0: optimal
2017-12-06 00:00:00,2017-12-06,LightGBM,421.0000000000,429.2944135840,12.2191874631,0.0000000000,377.9808888211,366.3887497592,377.9808888211,433.2191874631,441.5136010470,Medium,0: optimal
2017-12-06 01:00:00,2017-12-06,LightGBM,422.0000000000,427.7576812974,13.7559197496,0.0000000000,391.0309001369,377.9808888211,391.0309001369,435.7559197496,441.5136010470,Medium,0: optimal
2017-12-06 02:00:00,2017-12-06,LightGBM,417.0000000000,423.6492601258,17.8643409212,0.0000000000,407.9785019995,391.0309001369,407.9785019995,434.8643409212,441.5136010470,Medium,0: optimal
2017-12-06 03:00:00,2017-12-06,LightGBM,415.0000000000,417.6197288875,23.8938721595,0.0000000000,430.6462194430,407.9785019995,430.6462194430,438.8938721595,441.5136010470,Medium,0: optimal
2017-12-06 04:00:00,2017-12-06,LightGBM,416.0000000000,415.1474518330,26.3661492140,0.0000000000,455.6593448362,430.6462194430,455.6593448362,442.3661492140,441.5136010470,Medium,0: optimal
2017-12-06 05:00:00,2017-12-06,LightGBM,416.0000000000,413.4861749279,28.0274261191,0.0000000000,482.2484958828,455.6593448362,482.2484958828,444.0274261191,441.5136010470,Medium,0: optimal
2017-12-06 06:00:00,2017-12-06,LightGBM,415.0000000000,412.7099700635,28.8036309835,0.0000000000,509.5740195200,482.2484958828,509.5740195200,443.8036309835,441.5136010470,Medium,0: optimal
2017-12-06 07:00:00,2017-12-06,LightGBM,418.0000000000,414.9660339914,26.5475670557,0.0000000000,534.7592529896,509.5740195200,534.7592529896,444.5475670557,441.5136010470,Medium,0: optimal
2017-12-06 08:00:00,2017-12-06,LightGBM,428.0000000000,416.9787108071,24.5348902399,0.0000000000,558.0350935797,534.7592529896,558.0350935797,452.5348902399,441.5136010470,Medium,0: optimal
2017-12-06 09:00:00,2017-12-06,LightGBM,430.0000000000,436.4189568255,5.0946442215,0.0000000000,562.8682974622,558.0350935797,562.8682974622,435.0946442215,441.5136010470,Medium,0: optimal
2017-12-06 10:00:00,2017-12-06,LightGBM,450.0000000000,448.6881681360,0.0000000000,7.1745670890,555.3056397199,562.8682974622,555.3056397199,442.8254329110,441.5136010470,Medium,0: optimal
2017-12-06 11:00:00,2017-12-06,LightGBM,463.0000000000,462.0120509147,0.0000000000,20.4984498676,533.6983763584,555.3056397199,533.6983763584,442.5015501324,441.5136010470,Medium,0: optimal
2017-12-06 12:00:00,2017-12-06,LightGBM,468.0000000000,466.4813804855,0.0000000000,24.9677794385,507.3800259776,533.6983763584,507.3800259776,443.0322205615,441.5136010470,Medium,0: optimal
2017-12-06 13:00:00,2017-12-06,LightGBM,467.0000000000,470.3875985615,0.0000000000,28.8739975145,476.9441602110,507.3800259776,476.9441602110,438.1260024855,441.5136010470,Medium,0: optimal
2017-12-06 14:00:00,2017-12-06,LightGBM,472.0000000000,468.2945861797,0.0000000000,26.7809851327,448.7145232102,476.9441602110,448.7145232102,445.2190148673,441.5136010470,Medium,0: optimal
2017-12-06 15:00:00,2017-12-06,LightGBM,475.0000000000,467.8468704645,0.0000000000,26.3332694174,420.9568200109,448.7145232102,420.9568200109,448.6667305826,441.5136010470,Medium,0: optimal
2017-12-06 16:00:00,2017-12-06,LightGBM,471.0000000000,468.8120935101,0.0000000000,27.2984924631,392.1816823868,420.9568200109,392.1816823868,443.7015075369,441.5136010470,Medium,0: optimal
2017-12-06 17:00:00,2017-12-06,LightGBM,468.0000000000,467.7900643788,0.0000000000,26.2764633318,364.4838580593,392.1816823868,364.4838580593,441.7235366682,441.5136010470,Medium,0: optimal
2017-12-06 18:00:00,2017-12-06,LightGBM,457.0000000000,463.8402363087,0.0000000000,22.3266352617,340.9495180878,364.4838580593,340.9495180878,434.6733647383,441.5136010470,Medium,0: optimal
2017-12-06 19:00:00,2017-12-06,LightGBM,449.0000000000,450.7779985710,0.0000000000,9.2643975240,331.1839856461,340.9495180878,331.1839856461,439.7356024760,441.5136010470,Medium,0: optimal
2017-12-06 20:00:00,2017-12-06,LightGBM,438.0000000000,440.9872252845,0.5263757625,0.0000000000,331.6833495404,331.1839856461,331.6833495404,438.5263757625,441.5136010470,Medium,0: optimal
2017-12-06 21:00:00,2017-12-06,LightGBM,427.0000000000,433.6082131136,7.9053879334,0.0000000000,339.1830590375,331.6833495404,339.1830590375,434.9053879334,441.5136010470,Medium,0: optimal
2017-12-06 22:00:00,2017-12-06,LightGBM,421.0000000000,429.5203678089,11.9932332381,0.0000000000,350.5608391001,339.1830590375,350.5608391001,432.9932332381,441.5136010470,Medium,0: optimal
2017-12-06 23:00:00,2017-12-06,LightGBM,420.0000000000,424.8295182855,16.6840827615,0.0000000000,366.3887497592,350.5608391001,366.3887497592,436.6840827615,441.5136010470,Medium,0: optimal
2017-12-07 00:00:00,2017-12-07,LightGBM,415.0000000000,421.3954552028,15.7606331164,0.0000000000,381.3405991634,366.3887497592,381.3405991634,430.7606331164,437.1560883192,Medium,0: optimal
2017-12-07 01:00:00,2017-12-07,LightGBM,414.0000000000,420.7725012552,16.3835870639,0.0000000000,396.8834345731,381.3405991634,396.8834345731,430.3835870639,437.1560883192,Medium,0: optimal
2017-12-07 02:00:00,2017-12-07,LightGBM,410.0000000000,416.2670883322,20.8889999869,0.0000000000,416.7004799737,396.8834345731,416.7004799737,430.8889999869,437.1560883192,Medium,0: optimal
2017-12-07 03:00:00,2017-12-07,LightGBM,409.0000000000,412.1606682527,24.9954200665,0.0000000000,440.4132175185,416.7004799737,440.4132175185,433.9954200665,437.1560883192,Medium,0: optimal
2017-12-07 04:00:00,2017-12-07,LightGBM,410.0000000000,411.6196112736,25.5364770456,0.0000000000,464.6392467828,440.4132175185,464.6392467828,435.5364770456,437.1560883192,Medium,0: optimal
2017-12-07 05:00:00,2017-12-07,LightGBM,409.0000000000,411.5753959378,25.5806923813,0.0000000000,488.9072223975,464.6392467828,488.9072223975,434.5806923813,437.1560883192,Medium,0: optimal
2017-12-07 06:00:00,2017-12-07,LightGBM,406.0000000000,411.3679609560,25.7881273632,0.0000000000,513.3719881150,488.9072223975,513.3719881150,431.7881273632,437.1560883192,Medium,0: optimal
2017-12-07 07:00:00,2017-12-07,LightGBM,411.0000000000,414.2479879739,22.9081003453,0.0000000000,535.1045203026,513.3719881150,535.1045203026,433.9081003453,437.1560883192,Medium,0: optimal
2017-12-07 08:00:00,2017-12-07,LightGBM,423.0000000000,424.2284766205,12.9276116987,0.0000000000,547.3687296048,535.1045203026,547.3687296048,435.9276116987,437.1560883192,Medium,0: optimal
2017-12-07 09:00:00,2017-12-07,LightGBM,436.0000000000,432.7870232732,4.3690650460,0.0000000000,551.5135886421,547.3687296048,551.5135886421,440.3690650460,437.1560883192,Medium,0: optimal
2017-12-07 10:00:00,2017-12-07,LightGBM,453.0000000000,447.6801819723,0.0000000000,10.5240936531,540.4202198912,551.5135886421,540.4202198912,442.4759063469,437.1560883192,Medium,0: optimal
2017-12-07 11:00:00,2017-12-07,LightGBM,462.0000000000,456.8182744888,0.0000000000,19.6621861696,519.6944558664,540.4202198912,519.6944558664,442.3378138304,437.1560883192,Medium,0: optimal
2017-12-07 12:00:00,2017-12-07,LightGBM,470.0000000000,462.7026796698,0.0000000000,25.5465913506,492.7659841593,519.6944558664,492.7659841593,444.4534086494,437.1560883192,Medium,0: optimal
2017-12-07 13:00:00,2017-12-07,LightGBM,471.0000000000,462.2327468124,0.0000000000,25.0766584932,466.3328651777,492.7659841593,466.3328651777,445.9233415068,437.1560883192,Medium,0: optimal
2017-12-07 14:00:00,2017-12-07,LightGBM,476.0000000000,463.8040755286,0.0000000000,26.6479872094,438.2434202974,466.3328651777,438.2434202974,449.3520127906,437.1560883192,Medium,0: optimal
2017-12-07 15:00:00,2017-12-07,LightGBM,483.0000000000,470.3218367420,0.0000000000,33.1657484228,403.2836518574,438.2434202974,403.2836518574,449.8342515772,437.1560883192,Medium,0: optimal
2017-12-07 16:00:00,2017-12-07,LightGBM,480.0000000000,466.1931186634,0.0000000000,29.0370303442,372.6759343990,403.2836518574,372.6759343990,450.9629696558,437.1560883192,Medium,0: optimal
2017-12-07 17:00:00,2017-12-07,LightGBM,474.0000000000,462.5127952870,0.0000000000,25.3567069679,345.9476184057,372.6759343990,345.9476184057,448.6432930321,437.1560883192,Medium,0: optimal
2017-12-07 18:00:00,2017-12-07,LightGBM,464.0000000000,452.5802914254,0.0000000000,15.4242031062,329.6890807695,345.9476184057,329.6890807695,448.5757968938,437.1560883192,Medium,0: optimal
2017-12-07 19:00:00,2017-12-07,LightGBM,450.0000000000,443.9033327307,0.0000000000,6.7472444115,322.5768606795,329.6890807695,322.5768606795,443.2527555885,437.1560883192,Medium,0: optimal
2017-12-07 20:00:00,2017-12-07,LightGBM,437.0000000000,434.9159165204,2.2401717988,0.0000000000,324.7020742497,322.5768606795,324.7020742497,439.2401717988,437.1560883192,Medium,0: optimal
2017-12-07 21:00:00,2017-12-07,LightGBM,433.0000000000,427.4219762619,9.7341120573,0.0000000000,333.9366637798,324.7020742497,333.9366637798,442.7341120573,437.1560883192,Medium,0: optimal
2017-12-07 22:00:00,2017-12-07,LightGBM,425.0000000000,421.3293772590,15.8267110602,0.0000000000,348.9512002257,333.9366637798,348.9512002257,440.8267110602,437.1560883192,Medium,0: optimal
2017-12-07 23:00:00,2017-12-07,LightGBM,423.0000000000,418.7752972066,18.3807911126,0.0000000000,366.3887497592,348.9512002257,366.3887497592,441.3807911126,437.1560883192,Medium,0: optimal
2017-12-08 00:00:00,2017-12-08,LightGBM,420.0000000000,413.9151554932,21.2865340335,0.0000000000,386.5829290702,366.3887497592,386.5829290702,441.2865340335,435.2016895267,Medium,0: optimal
2017-12-08 01:00:00,2017-12-08,LightGBM,418.0000000000,412.4636228676,22.7380666591,0.0000000000,408.1541531396,386.5829290702,408.1541531396,440.7380666591,435.2016895267,Medium,0: optimal
2017-12-08 02:00:00,2017-12-08,LightGBM,414.0000000000,412.8403596795,22.3613298472,0.0000000000,429.3679732878,408.1541531396,429.3679732878,436.3613298472,435.2016895267,Medium,0: optimal
2017-12-08 03:00:00,2017-12-08,LightGBM,412.0000000000,409.1911463128,26.0105432139,0.0000000000,454.0437412080,429.3679732878,454.0437412080,438.0105432139,435.2016895267,Medium,0: optimal
2017-12-08 04:00:00,2017-12-08,LightGBM,410.0000000000,410.9843240190,24.2173655077,0.0000000000,477.0183513879,454.0437412080,477.0183513879,434.2173655077,435.2016895267,Medium,0: optimal
2017-12-08 05:00:00,2017-12-08,LightGBM,413.0000000000,410.5980739693,24.6036155574,0.0000000000,500.3593905388,477.0183513879,500.3593905388,437.6036155574,435.2016895267,Medium,0: optimal
2017-12-08 06:00:00,2017-12-08,LightGBM,413.0000000000,414.8597269077,20.3419626190,0.0000000000,519.6574707250,500.3593905388,519.6574707250,433.3419626190,435.2016895267,Medium,0: optimal
2017-12-08 07:00:00,2017-12-08,LightGBM,419.0000000000,410.2359405819,24.9657489448,0.0000000000,543.3420597723,519.6574707250,543.3420597723,443.9657489448,435.2016895267,Medium,0: optimal
2017-12-08 08:00:00,2017-12-08,LightGBM,421.0000000000,414.8106545175,20.3910350092,0.0000000000,562.6866941155,543.3420597723,562.6866941155,441.3910350092,435.2016895267,Medium,0: optimal
2017-12-08 09:00:00,2017-12-08,LightGBM,443.0000000000,425.2934442258,9.9082453009,0.0000000000,572.0864809454,562.6866941155,572.0864809454,452.9082453009,435.2016895267,Medium,0: optimal
2017-12-08 10:00:00,2017-12-08,LightGBM,454.0000000000,439.9945855882,0.0000000000,4.7928960615,567.0343248978,572.0864809454,567.0343248978,449.2071039385,435.2016895267,Medium,0: optimal
2017-12-08 11:00:00,2017-12-08,LightGBM,470.0000000000,456.8520153547,0.0000000000,21.6503258280,544.2128776640,567.0343248978,544.2128776640,448.3496741720,435.2016895267,Medium,0: optimal
2017-12-08 12:00:00,2017-12-08,LightGBM,469.0000000000,462.2060089706,0.0000000000,27.0043194439,515.7478256288,544.2128776640,515.7478256288,441.9956805561,435.2016895267,Medium,0: optimal
2017-12-08 13:00:00,2017-12-08,LightGBM,473.0000000000,464.0622896546,0.0000000000,28.8606001279,485.3260819475,515.7478256288,485.3260819475,444.1393998721,435.2016895267,Medium,0: optimal
2017-12-08 14:00:00,2017-12-08,LightGBM,477.0000000000,466.9496571767,0.0000000000,31.7479676500,451.8607856624,485.3260819475,451.8607856624,445.2520323500,435.2016895267,Medium,0: optimal
2017-12-08 15:00:00,2017-12-08,LightGBM,479.0000000000,469.4528734751,0.0000000000,34.2511839485,415.7568677176,451.8607856624,415.7568677176,444.7488160515,435.2016895267,Medium,0: optimal
2017-12-08 16:00:00,2017-12-08,LightGBM,483.0000000000,468.4980026512,0.0000000000,33.2963131246,380.6594719977,415.7568677176,380.6594719977,449.7036868754,435.2016895267,Medium,0: optimal
2017-12-08 17:00:00,2017-12-08,LightGBM,474.0000000000,464.0014269117,0.0000000000,28.7997373850,350.3018832805,380.6594719977,350.3018832805,445.2002626150,435.2016895267,Medium,0: optimal
2017-12-08 18:00:00,2017-12-08,LightGBM,458.0000000000,455.0562149383,0.0000000000,19.8545254117,329.3733758930,350.3018832805,329.3733758930,438.1454745883,435.2016895267,Medium,0: optimal
2017-12-08 19:00:00,2017-12-08,LightGBM,444.0000000000,443.4960520103,0.0000000000,8.2943624836,320.6303501639,329.3733758930,320.6303501639,435.7056375164,435.2016895267,Medium,0: optimal
2017-12-08 20:00:00,2017-12-08,LightGBM,431.0000000000,431.4917847526,3.7099047741,0.0000000000,324.1498748604,320.6303501639,324.1498748604,434.7099047741,435.2016895267,Medium,0: optimal
2017-12-08 21:00:00,2017-12-08,LightGBM,428.0000000000,425.1173050789,10.0843844478,0.0000000000,333.7167619571,324.1498748604,333.7167619571,438.0843844478,435.2016895267,Medium,0: optimal
2017-12-08 22:00:00,2017-12-08,LightGBM,424.0000000000,420.3883531015,14.8133364252,0.0000000000,347.7699268121,333.7167619571,347.7699268121,438.8133364252,435.2016895267,Medium,0: optimal
2017-12-08 23:00:00,2017-12-08,LightGBM,418.0000000000,415.5757269053,19.6259626214,0.0000000000,366.3887497592,347.7699268121,366.3887497592,437.6259626214,435.2016895267,Medium,0: optimal
2017-12-09 00:00:00,2017-12-09,LightGBM,414.0000000000,415.7113163832,4.6522160327,0.0000000000,370.8022294083,366.3887497592,370.8022294083,418.6522160327,420.3635324159,Medium,0: optimal
2017-12-09 01:00:00,2017-12-09,LightGBM,409.0000000000,416.8514766354,3.5120557804,0.0000000000,374.1340580690,370.8022294083,374.1340580690,412.5120557804,420.3635324159,Medium,0: optimal
2017-12-09 02:00:00,2017-12-09,LightGBM,409.0000000000,416.1136982985,4.2498341174,0.0000000000,378.1658047157,374.1340580690,378.1658047157,413.2498341174,420.3635324159,Medium,0: optimal
2017-12-09 03:00:00,2017-12-09,LightGBM,410.0000000000,413.3707810570,6.9927513589,0.0000000000,384.7997111372,378.1658047157,384.7997111372,416.9927513589,420.3635324159,Medium,0: optimal
2017-12-09 04:00:00,2017-12-09,LightGBM,410.0000000000,413.4658570180,6.8976753978,0.0000000000,391.3434205825,384.7997111372,391.3434205825,416.8976753978,420.3635324159,Medium,0: optimal
2017-12-09 05:00:00,2017-12-09,LightGBM,409.0000000000,412.6861632230,7.6773691929,0.0000000000,398.6268125088,391.3434205825,398.6268125088,416.6773691929,420.3635324159,Medium,0: optimal
2017-12-09 06:00:00,2017-12-09,LightGBM,408.0000000000,411.0958010365,9.2677313793,0.0000000000,407.4189544792,398.6268125088,407.4189544792,417.2677313793,420.3635324159,Medium,0: optimal
2017-12-09 07:00:00,2017-12-09,LightGBM,407.0000000000,412.2932860014,8.0702464145,0.0000000000,415.0750624638,407.4189544792,415.0750624638,415.0702464145,420.3635324159,Medium,0: optimal
2017-12-09 08:00:00,2017-12-09,LightGBM,406.0000000000,414.3851587811,5.9783736347,0.0000000000,420.7466456806,415.0750624638,420.7466456806,411.9783736347,420.3635324159,Medium,0: optimal
2017-12-09 09:00:00,2017-12-09,LightGBM,410.0000000000,416.1965118861,4.1670205297,0.0000000000,424.6998284597,420.7466456806,424.6998284597,414.1670205297,420.3635324159,Medium,0: optimal
2017-12-09 10:00:00,2017-12-09,LightGBM,413.0000000000,420.1530298259,0.2105025899,0.0000000000,424.8995287510,424.6998284597,424.8995287510,413.2105025899,420.3635324159,Medium,0: optimal
2017-12-09 11:00:00,2017-12-09,LightGBM,415.0000000000,423.6981356589,0.0000000000,3.3346032431,421.3845483040,424.8995287510,421.3845483040,411.6653967569,420.3635324159,Medium,0: optimal
2017-12-09 12:00:00,2017-12-09,LightGBM,421.0000000000,424.5330198279,0.0000000000,4.1694874121,416.9895226715,421.3845483040,416.9895226715,416.8305125879,420.3635324159,Medium,0: optimal
2017-12-09 13:00:00,2017-12-09,LightGBM,419.0000000000,427.1622331422,0.0000000000,6.7987007263,409.8230628632,416.9895226715,409.8230628632,412.2012992737,420.3635324159,Medium,0: optimal
2017-12-09 14:00:00,2017-12-09,LightGBM,425.0000000000,429.6414826488,0.0000000000,9.2779502329,400.0432446119,409.8230628632,400.0432446119,415.7220497671,420.3635324159,Medium,0: optimal
2017-12-09 15:00:00,2017-12-09,LightGBM,431.0000000000,430.0360257169,0.0000000000,9.6724933011,389.8475414506,400.0432446119,389.8475414506,421.3275066989,420.3635324159,Medium,0: optimal
2017-12-09 16:00:00,2017-12-09,LightGBM,432.0000000000,430.3219434724,0.0000000000,9.9584110566,379.3504545123,389.8475414506,379.3504545123,422.0415889434,420.3635324159,Medium,0: optimal
2017-12-09 17:00:00,2017-12-09,LightGBM,430.0000000000,429.5746429777,0.0000000000,9.2111105618,369.6410914606,379.3504545123,369.6410914606,420.7888894382,420.3635324159,Medium,0: optimal
2017-12-09 18:00:00,2017-12-09,LightGBM,423.0000000000,427.1198937335,0.0000000000,6.7563613176,362.5192613077,369.6410914606,362.5192613077,416.2436386824,420.3635324159,Medium,0: optimal
2017-12-09 19:00:00,2017-12-09,LightGBM,419.0000000000,424.9198986227,0.0000000000,4.5563662068,357.7164296185,362.5192613077,357.7164296185,414.4436337932,420.3635324159,Medium,0: optimal
2017-12-09 20:00:00,2017-12-09,LightGBM,416.0000000000,422.0876397166,0.0000000000,1.7241073007,355.8990609516,357.7164296185,355.8990609516,414.2758926993,420.3635324159,Medium,0: optimal
2017-12-09 21:00:00,2017-12-09,LightGBM,416.0000000000,418.0520656067,2.3114668092,0.0000000000,358.0919109074,355.8990609516,358.0919109074,418.3114668092,420.3635324159,Medium,0: optimal
2017-12-09 22:00:00,2017-12-09,LightGBM,413.0000000000,417.1073640127,3.2561684031,0.0000000000,361.1809834871,358.0919109074,361.1809834871,416.2561684031,420.3635324159,Medium,0: optimal
2017-12-09 23:00:00,2017-12-09,LightGBM,417.0000000000,414.8740647687,5.4894676472,0.0000000000,366.3887497592,361.1809834871,366.3887497592,422.4894676472,420.3635324159,Medium,0: optimal
2017-12-10 00:00:00,2017-12-10,LightGBM,413.0000000000,414.0971075447,2.4352903512,0.0000000000,368.6990690413,366.3887497592,368.6990690413,415.4352903512,416.5323978959,Medium,0: optimal
2017-12-10 01:00:00,2017-12-10,LightGBM,409.0000000000,415.9165720892,0.6158258067,0.0000000000,369.2832926986,368.6990690413,369.2832926986,409.6158258067,416.5323978959,Medium,0: optimal
2017-12-10 02:00:00,2017-12-10,LightGBM,407.0000000000,416.1219517350,0.4104461609,0.0000000000,369.6726761162,369.2832926986,369.6726761162,407.4104461609,416.5323978959,Medium,0: optimal
2017-12-10 03:00:00,2017-12-10,LightGBM,408.0000000000,410.5155251666,6.0168727293,0.0000000000,375.3807827810,369.6726761162,375.3807827810,414.0168727293,416.5323978959,Medium,0: optimal
2017-12-10 04:00:00,2017-12-10,LightGBM,408.0000000000,412.0050369892,4.5273609067,0.0000000000,379.6758144574,375.3807827810,379.6758144574,412.5273609067,416.5323978959,Medium,0: optimal
2017-12-10 05:00:00,2017-12-10,LightGBM,406.0000000000,411.6679634665,4.8644344294,0.0000000000,384.2906221550,379.6758144574,384.2906221550,410.8644344294,416.5323978959,Medium,0: optimal
2017-12-10 06:00:00,2017-12-10,LightGBM,404.0000000000,410.4708770211,6.0615208749,0.0000000000,390.0410857698,384.2906221550,390.0410857698,410.0615208749,416.5323978959,Medium,0: optimal
2017-12-10 07:00:00,2017-12-10,LightGBM,404.0000000000,409.8508086706,6.6815892253,0.0000000000,396.3797978723,390.0410857698,396.3797978723,410.6815892253,416.5323978959,Medium,0: optimal
2017-12-10 08:00:00,2017-12-10,LightGBM,406.0000000000,416.3355208389,0.1968770570,0.0000000000,396.5665718481,396.3797978723,396.5665718481,406.1968770570,416.5323978959,Medium,0: optimal
2017-12-10 09:00:00,2017-12-10,LightGBM,408.0000000000,409.7215536938,6.8108442021,0.0000000000,403.0279059882,396.5665718481,403.0279059882,414.8108442021,416.5323978959,Medium,0: optimal
2017-12-10 10:00:00,2017-12-10,LightGBM,410.0000000000,411.1363055265,5.3960923695,0.0000000000,408.1470886938,403.0279059882,408.1470886938,415.3960923695,416.5323978959,Medium,0: optimal
2017-12-10 11:00:00,2017-12-10,LightGBM,416.0000000000,412.8210500548,3.7113478411,0.0000000000,411.6679824040,408.1470886938,411.6679824040,419.7113478411,416.5323978959,Medium,0: optimal
2017-12-10 12:00:00,2017-12-10,LightGBM,419.0000000000,416.5390197587,0.0000000000,0.0066218628,411.6610023477,411.6679824040,411.6610023477,418.9933781372,416.5323978959,Medium,0: optimal
2017-12-10 13:00:00,2017-12-10,LightGBM,418.0000000000,417.3852281157,0.0000000000,0.8528302198,410.7620403637,411.6610023477,410.7620403637,417.1471697802,416.5323978959,Medium,0: optimal
2017-12-10 14:00:00,2017-12-10,LightGBM,421.0000000000,421.8038125587,0.0000000000,5.2714146628,405.2054814218,410.7620403637,405.2054814218,415.7285853372,416.5323978959,Medium,0: optimal
2017-12-10 15:00:00,2017-12-10,LightGBM,425.0000000000,425.7760792694,0.0000000000,9.2436813735,395.4617857201,405.2054814218,395.4617857201,415.7563186265,416.5323978959,Medium,0: optimal
2017-12-10 16:00:00,2017-12-10,LightGBM,429.0000000000,424.7149926682,0.0000000000,8.1825947723,386.8365735031,395.4617857201,386.8365735031,420.8174052277,416.5323978959,Medium,0: optimal
2017-12-10 17:00:00,2017-12-10,LightGBM,426.0000000000,429.0847403485,0.0000000000,12.5523424526,373.6052427962,386.8365735031,373.6052427962,413.4476575474,416.5323978959,Medium,0: optimal
2017-12-10 18:00:00,2017-12-10,LightGBM,426.0000000000,424.1159016387,0.0000000000,7.5835037428,365.6115279724,373.6052427962,365.6115279724,418.4164962572,416.5323978959,Medium,0: optimal
2017-12-10 19:00:00,2017-12-10,LightGBM,427.0000000000,420.8659165521,0.0000000000,4.3335186562,361.0435982270,365.6115279724,361.0435982270,422.6664813438,416.5323978959,Medium,0: optimal
2017-12-10 20:00:00,2017-12-10,LightGBM,423.0000000000,417.0637802307,0.0000000000,0.5313823348,360.4834720649,361.0435982270,360.4834720649,422.4686176652,416.5323978959,Medium,0: optimal
2017-12-10 21:00:00,2017-12-10,LightGBM,422.0000000000,415.6190657960,0.9133320999,0.0000000000,361.3499349736,360.4834720649,361.3499349736,422.9133320999,416.5323978959,Medium,0: optimal
2017-12-10 22:00:00,2017-12-10,LightGBM,421.0000000000,414.2564521755,2.2759457204,0.0000000000,363.5090866658,361.3499349736,363.5090866658,423.2759457204,416.5323978959,Medium,0: optimal
2017-12-10 23:00:00,2017-12-10,LightGBM,415.0000000000,413.4969664729,3.0354314230,0.0000000000,366.3887497592,363.5090866658,366.3887497592,418.0354314230,416.5323978959,Medium,0: optimal
2017-12-11 00:00:00,2017-12-11,LightGBM,413.0000000000,413.6475052907,27.1758972169,0.0000000000,392.1700695584,366.3887497592,392.1700695584,440.1758972169,440.8234025075,Medium,0: optimal
2017-12-11 01:00:00,2017-12-11,LightGBM,414.0000000000,414.7799796685,26.0434228390,0.0000000000,416.8770298298,392.1700695584,416.8770298298,440.0434228390,440.8234025075,Medium,0: optimal
2017-12-11 02:00:00,2017-12-11,LightGBM,409.0000000000,414.2319595892,26.5914429184,0.0000000000,442.1038875975,416.8770298298,442.1038875975,435.5914429184,440.8234025075,Medium,0: optimal
2017-12-11 03:00:00,2017-12-11,LightGBM,410.0000000000,411.6378695325,29.1855329751,0.0000000000,469.7917152757,442.1038875975,469.7917152757,439.1855329751,440.8234025075,Medium,0: optimal
2017-12-11 04:00:00,2017-12-11,LightGBM,404.0000000000,411.0450442419,29.7783582656,0.0000000000,498.0419464057,469.7917152757,498.0419464057,433.7783582656,440.8234025075,Medium,0: optimal
2017-12-11 05:00:00,2017-12-11,LightGBM,405.0000000000,418.0423960620,22.7810064455,0.0000000000,519.6539067333,498.0419464057,519.6539067333,427.7810064455,440.8234025075,Medium,0: optimal
2017-12-11 06:00:00,2017-12-11,LightGBM,407.0000000000,412.8762557723,27.9471467353,0.0000000000,546.1668980692,519.6539067333,546.1668980692,434.9471467353,440.8234025075,Medium,0: optimal
2017-12-11 07:00:00,2017-12-11,LightGBM,409.0000000000,416.5352084482,24.2881940594,0.0000000000,569.2087021132,546.1668980692,569.2087021132,433.2881940594,440.8234025075,Medium,0: optimal
2017-12-11 08:00:00,2017-12-11,LightGBM,416.0000000000,425.6658509793,15.1575515282,0.0000000000,583.5884180873,569.2087021132,583.5884180873,431.1575515282,440.8234025075,Medium,0: optimal
2017-12-11 09:00:00,2017-12-11,LightGBM,427.0000000000,432.4444497662,8.3789527414,0.0000000000,591.5373906082,583.5884180873,591.5373906082,435.3789527414,440.8234025075,Medium,0: optimal
2017-12-11 10:00:00,2017-12-11,LightGBM,441.0000000000,453.0693947677,0.0000000000,12.2459922601,578.6289813579,591.5373906082,578.6289813579,428.7540077399,440.8234025075,Medium,0: optimal
2017-12-11 11:00:00,2017-12-11,LightGBM,462.0000000000,462.4207244227,0.0000000000,21.5973219152,555.8634051540,578.6289813579,555.8634051540,440.4026780848,440.8234025075,Medium,0: optimal
2017-12-11 12:00:00,2017-12-11,LightGBM,468.0000000000,467.1684270143,0.0000000000,26.3450245068,528.0933110025,555.8634051540,528.0933110025,441.6549754932,440.8234025075,Medium,0: optimal
2017-12-11 13:00:00,2017-12-11,LightGBM,469.0000000000,468.6681196633,0.0000000000,27.8447171557,498.7424019974,528.0933110025,498.7424019974,441.1552828443,440.8234025075,Medium,0: optimal
2017-12-11 14:00:00,2017-12-11,LightGBM,469.0000000000,471.0522576576,0.0000000000,30.2288551500,466.8783908863,498.7424019974,466.8783908863,438.7711448500,440.8234025075,Medium,0: optimal
2017-12-11 15:00:00,2017-12-11,LightGBM,468.0000000000,474.7188786425,0.0000000000,33.8954761349,431.1494218989,466.8783908863,431.1494218989,434.1045238651,440.8234025075,Medium,0: optimal
2017-12-11 16:00:00,2017-12-11,LightGBM,467.0000000000,476.8004972690,0.0000000000,35.9770947615,393.2262342182,431.1494218989,393.2262342182,431.0229052385,440.8234025075,Medium,0: optimal
2017-12-11 17:00:00,2017-12-11,LightGBM,467.0000000000,471.0273317575,0.0000000000,30.2039292500,361.3884973127,393.2262342182,361.3884973127,436.7960707500,440.8234025075,Medium,0: optimal
2017-12-11 18:00:00,2017-12-11,LightGBM,456.0000000000,457.5726631693,0.0000000000,16.7492606618,343.7332263744,361.3884973127,343.7332263744,439.2507393382,440.8234025075,Medium,0: optimal
2017-12-11 19:00:00,2017-12-11,LightGBM,451.0000000000,448.9629144331,0.0000000000,8.1395119256,335.1534274654,343.7332263744,335.1534274654,442.8604880744,440.8234025075,Medium,0: optimal
2017-12-11 20:00:00,2017-12-11,LightGBM,440.0000000000,437.1279942888,3.6954082187,0.0000000000,338.6591995220,335.1534274654,338.6591995220,443.6954082187,440.8234025075,Medium,0: optimal
2017-12-11 21:00:00,2017-12-11,LightGBM,428.0000000000,434.5453365149,6.2780659926,0.0000000000,344.6150958732,338.6591995220,344.6150958732,434.2780659926,440.8234025075,Medium,0: optimal
2017-12-11 22:00:00,2017-12-11,LightGBM,429.0000000000,432.1443771016,8.6790254060,0.0000000000,352.8487423192,344.6150958732,352.8487423192,437.6790254060,440.8234025075,Medium,0: optimal
2017-12-11 23:00:00,2017-12-11,LightGBM,419.0000000000,426.5509814922,14.2724210153,0.0000000000,366.3887497592,352.8487423192,366.3887497592,433.2724210153,440.8234025075,Medium,0: optimal
2017-12-12 00:00:00,2017-12-12,LightGBM,417.0000000000,419.3120857021,20.3923608781,0.0000000000,385.7346419321,366.3887497592,385.7346419321,437.3923608781,439.7044465803,Medium,0: optimal
2017-12-12 01:00:00,2017-12-12,LightGBM,415.0000000000,417.8016363793,21.9028102009,0.0000000000,406.5134721501,385.7346419321,406.5134721501,436.9028102009,439.7044465803,Medium,0: optimal
2017-12-12 02:00:00,2017-12-12,LightGBM,412.0000000000,416.6382383243,23.0662082559,0.0000000000,428.3959986718,406.5134721501,428.3959986718,435.0662082559,439.7044465803,Medium,0: optimal
2017-12-12 03:00:00,2017-12-12,LightGBM,410.0000000000,413.5245203665,26.1799262137,0.0000000000,453.2324574150,428.3959986718,453.2324574150,436.1799262137,439.7044465803,Medium,0: optimal
2017-12-12 04:00:00,2017-12-12,LightGBM,408.0000000000,413.2155667501,26.4888798302,0.0000000000,478.3620152939,453.2324574150,478.3620152939,434.4888798302,439.7044465803,Medium,0: optimal
2017-12-12 05:00:00,2017-12-12,LightGBM,406.0000000000,412.7570697013,26.9473768789,0.0000000000,503.9265416653,478.3620152939,503.9265416653,432.9473768789,439.7044465803,Medium,0: optimal
2017-12-12 06:00:00,2017-12-12,LightGBM,406.0000000000,412.1255235093,27.5789230709,0.0000000000,530.0902053609,503.9265416653,530.0902053609,433.5789230709,439.7044465803,Medium,0: optimal
2017-12-12 07:00:00,2017-12-12,LightGBM,408.0000000000,415.5458082647,24.1586383156,0.0000000000,553.0091020345,530.0902053609,553.0091020345,432.1586383156,439.7044465803,Medium,0: optimal
2017-12-12 08:00:00,2017-12-12,LightGBM,421.0000000000,422.0964501911,17.6079963891,0.0000000000,569.7135141210,553.0091020345,569.7135141210,438.6079963891,439.7044465803,Medium,0: optimal
2017-12-12 09:00:00,2017-12-12,LightGBM,433.0000000000,437.0259360616,2.6785105187,0.0000000000,572.2545723137,569.7135141210,572.2545723137,435.6785105187,439.7044465803,Medium,0: optimal
2017-12-12 10:00:00,2017-12-12,LightGBM,446.0000000000,450.2310723870,0.0000000000,10.5266258067,561.1585344385,572.2545723137,561.1585344385,435.4733741933,439.7044465803,Medium,0: optimal
2017-12-12 11:00:00,2017-12-12,LightGBM,459.0000000000,467.7195188832,0.0000000000,28.0150723030,531.6280553412,561.1585344385,531.6280553412,430.9849276970,439.7044465803,Medium,0: optimal
2017-12-12 12:00:00,2017-12-12,LightGBM,464.0000000000,469.5636963956,0.0000000000,29.8592498154,500.1536424611,531.6280553412,500.1536424611,434.1407501846,439.7044465803,Medium,0: optimal
2017-12-12 13:00:00,2017-12-12,LightGBM,468.0000000000,469.8235762407,0.0000000000,30.1191296604,468.4052921714,500.1536424611,468.4052921714,437.8808703396,439.7044465803,Medium,0: optimal
2017-12-12 14:00:00,2017-12-12,LightGBM,465.0000000000,469.4325117554,0.0000000000,29.7280651751,437.0691600437,468.4052921714,437.0691600437,435.2719348249,439.7044465803,Medium,0: optimal
2017-12-12 15:00:00,2017-12-12,LightGBM,463.0000000000,466.6444523256,0.0000000000,26.9400057453,408.6719005992,437.0691600437,408.6719005992,436.0599942547,439.7044465803,Medium,0: optimal
2017-12-12 16:00:00,2017-12-12,LightGBM,461.0000000000,465.7438144061,0.0000000000,26.0393678259,381.2239968790,408.6719005992,381.2239968790,434.9606321741,439.7044465803,Medium,0: optimal
2017-12-12 17:00:00,2017-12-12,LightGBM,459.0000000000,464.9776535494,0.0000000000,25.2732069691,354.5836976126,381.2239968790,354.5836976126,433.7267930309,439.7044465803,Medium,0: optimal
2017-12-12 18:00:00,2017-12-12,LightGBM,456.0000000000,455.5908830218,0.0000000000,15.8864364416,337.8379232596,354.5836976126,337.8379232596,440.1135635584,439.7044465803,Medium,0: optimal
2017-12-12 19:00:00,2017-12-12,LightGBM,446.0000000000,448.7411593338,0.0000000000,9.0367127535,328.3123916390,337.8379232596,328.3123916390,436.9632872465,439.7044465803,Medium,0: optimal
2017-12-12 20:00:00,2017-12-12,LightGBM,436.0000000000,438.5086824262,1.1957641540,0.0000000000,329.4467931203,328.3123916390,329.4467931203,437.1957641540,439.7044465803,Medium,0: optimal
2017-12-12 21:00:00,2017-12-12,LightGBM,432.0000000000,430.3768517139,9.3275948663,0.0000000000,338.2957265810,329.4467931203,338.2957265810,441.3275948663,439.7044465803,Medium,0: optimal
2017-12-12 22:00:00,2017-12-12,LightGBM,429.0000000000,429.1622013613,10.5422452189,0.0000000000,348.2969785441,338.2957265810,348.2969785441,439.5422452189,439.7044465803,Medium,0: optimal
2017-12-12 23:00:00,2017-12-12,LightGBM,420.0000000000,420.6340452648,19.0704013154,0.0000000000,366.3887497592,348.2969785441,366.3887497592,439.0704013154,439.7044465803,Medium,0: optimal
2017-12-13 00:00:00,2017-12-13,LightGBM,419.0000000000,416.3199994805,18.6957984665,0.0000000000,384.1251415081,366.3887497592,384.1251415081,437.6957984665,435.0157979470,Medium,0: optimal
2017-12-13 01:00:00,2017-12-13,LightGBM,409.0000000000,415.1720312156,19.8437667314,0.0000000000,402.9505915766,384.1251415081,402.9505915766,428.8437667314,435.0157979470,Medium,0: optimal
2017-12-13 02:00:00,2017-12-13,LightGBM,410.0000000000,414.2086177332,20.8071802138,0.0000000000,422.6900159250,402.9505915766,422.6900159250,430.8071802138,435.0157979470,Medium,0: optimal
2017-12-13 03:00:00,2017-12-13,LightGBM,409.0000000000,412.8252278782,22.1905700688,0.0000000000,443.7418391236,422.6900159250,443.7418391236,431.1905700688,435.0157979470,Medium,0: optimal
2017-12-13 04:00:00,2017-12-13,LightGBM,407.0000000000,410.6872220317,24.3285759153,0.0000000000,466.8219527598,443.7418391236,466.8219527598,431.3285759153,435.0157979470,Medium,0: optimal
2017-12-13 05:00:00,2017-12-13,LightGBM,407.0000000000,414.8058428934,20.2099550536,0.0000000000,485.9947995735,466.8219527598,485.9947995735,427.2099550536,435.0157979470,Medium,0: optimal
2017-12-13 06:00:00,2017-12-13,LightGBM,406.0000000000,414.1024004712,20.9133974758,0.0000000000,505.8349904643,485.9947995735,505.8349904643,426.9133974758,435.0157979470,Medium,0: optimal
2017-12-13 07:00:00,2017-12-13,LightGBM,410.0000000000,410.7686715882,24.2471263588,0.0000000000,528.8378342666,505.8349904643,528.8378342666,434.2471263588,435.0157979470,Medium,0: optimal
2017-12-13 08:00:00,2017-12-13,LightGBM,417.0000000000,418.5394357675,16.4763621795,0.0000000000,544.4686838789,528.8378342666,544.4686838789,433.4763621795,435.0157979470,Medium,0: optimal
2017-12-13 09:00:00,2017-12-13,LightGBM,424.0000000000,432.8235483397,2.1922496073,0.0000000000,546.5484344665,544.4686838789,546.5484344665,426.1922496073,435.0157979470,Medium,0: optimal
2017-12-13 10:00:00,2017-12-13,LightGBM,441.0000000000,441.4221000603,0.0000000000,6.4063021133,539.7955991141,546.5484344665,539.7955991141,434.5936978867,435.0157979470,Medium,0: optimal
2017-12-13 11:00:00,2017-12-13,LightGBM,459.0000000000,454.7849418882,0.0000000000,19.7691439412,518.9570916988,539.7955991141,518.9570916988,439.2308560588,435.0157979470,Medium,0: optimal
2017-12-13 12:00:00,2017-12-13,LightGBM,469.0000000000,459.0385873961,0.0000000000,24.0227894491,493.6348482289,518.9570916988,493.6348482289,444.9772105509,435.0157979470,Medium,0: optimal
2017-12-13 13:00:00,2017-12-13,LightGBM,473.0000000000,463.1256415210,0.0000000000,28.1098435740,464.0044714406,493.6348482289,464.0044714406,444.8901564260,435.0157979470,Medium,0: optimal
2017-12-13 14:00:00,2017-12-13,LightGBM,470.0000000000,460.3990578726,0.0000000000,25.3832599256,437.2481661723,464.0044714406,437.2481661723,444.6167400744,435.0157979470,Medium,0: optimal
2017-12-13 15:00:00,2017-12-13,LightGBM,477.0000000000,458.2139587389,0.0000000000,23.1981607919,412.7951576292,437.2481661723,412.7951576292,453.8018392081,435.0157979470,Medium,0: optimal
2017-12-13 16:00:00,2017-12-13,LightGBM,468.0000000000,457.0225994606,0.0000000000,22.0068015136,389.5979520299,412.7951576292,389.5979520299,445.9931984864,435.0157979470,Medium,0: optimal
2017-12-13 17:00:00,2017-12-13,LightGBM,467.0000000000,455.5895887443,0.0000000000,20.5737907973,367.9112723555,389.5979520299,367.9112723555,446.4262092027,435.0157979470,Medium,0: optimal
2017-12-13 18:00:00,2017-12-13,LightGBM,463.0000000000,453.4951077840,0.0000000000,18.4793098370,348.4323694645,367.9112723555,348.4323694645,444.5206901630,435.0157979470,Medium,0: optimal
2017-12-13 19:00:00,2017-12-13,LightGBM,447.0000000000,443.9602263017,0.0000000000,8.9444283547,339.0041141415,348.4323694645,339.0041141415,438.0555716453,435.0157979470,Medium,0: optimal
2017-12-13 20:00:00,2017-12-13,LightGBM,432.0000000000,434.5121788989,0.5036190481,0.0000000000,339.4818891210,339.0041141415,339.4818891210,432.5036190481,435.0157979470,Medium,0: optimal
2017-12-13 21:00:00,2017-12-13,LightGBM,427.0000000000,429.9865501999,5.0292477471,0.0000000000,344.2530524604,339.4818891210,344.2530524604,432.0292477471,435.0157979470,Medium,0: optimal
2017-12-13 22:00:00,2017-12-13,LightGBM,428.0000000000,427.4043987123,7.6113992347,0.0000000000,351.4738597892,344.2530524604,351.4738597892,435.6113992347,435.0157979470,Medium,0: optimal
2017-12-13 23:00:00,2017-12-13,LightGBM,422.0000000000,419.2941234950,15.7216744520,0.0000000000,366.3887497592,351.4738597892,366.3887497592,437.7216744520,435.0157979470,Medium,0: optimal
2017-12-14 00:00:00,2017-12-14,LightGBM,416.0000000000,416.0176222077,17.5871009901,0.0000000000,383.0733387296,366.3887497592,383.0733387296,433.5871009901,433.6047231978,Medium,0: optimal
2017-12-14 01:00:00,2017-12-14,LightGBM,411.0000000000,414.3751003571,19.2296228407,0.0000000000,401.3161607464,383.0733387296,401.3161607464,430.2296228407,433.6047231978,Medium,0: optimal
2017-12-14 02:00:00,2017-12-14,LightGBM,410.0000000000,411.1055588511,22.4991643467,0.0000000000,422.6607421822,401.3161607464,422.6607421822,432.4991643467,433.6047231978,Medium,0: optimal
2017-12-14 03:00:00,2017-12-14,LightGBM,407.0000000000,410.4957662453,23.1089569525,0.0000000000,444.5838236784,422.6607421822,444.5838236784,430.1089569525,433.6047231978,Medium,0: optimal
2017-12-14 04:00:00,2017-12-14,LightGBM,405.0000000000,409.0915752735,24.5131479243,0.0000000000,467.8390376968,444.5838236784,467.8390376968,429.5131479243,433.6047231978,Medium,0: optimal
2017-12-14 05:00:00,2017-12-14,LightGBM,405.0000000000,407.4664095227,26.1383136751,0.0000000000,492.6360193196,467.8390376968,492.6360193196,431.1383136751,433.6047231978,Medium,0: optimal
2017-12-14 06:00:00,2017-12-14,LightGBM,407.0000000000,412.5684505865,21.0362726113,0.0000000000,512.5927797992,492.6360193196,512.5927797992,428.0362726113,433.6047231978,Medium,0: optimal
2017-12-14 07:00:00,2017-12-14,LightGBM,410.0000000000,409.4425681952,24.1621550026,0.0000000000,535.5150126951,512.5927797992,535.5150126951,434.1621550026,433.6047231978,Medium,0: optimal
2017-12-14 08:00:00,2017-12-14,LightGBM,414.0000000000,412.3614786506,21.2432445472,0.0000000000,555.6681239934,535.5150126951,555.6681239934,435.2432445472,433.6047231978,Medium,0: optimal
2017-12-14 09:00:00,2017-12-14,LightGBM,425.0000000000,424.4989627846,9.1057604132,0.0000000000,564.3066068135,555.6681239934,564.3066068135,434.1057604132,433.6047231978,Medium,0: optimal
2017-12-14 10:00:00,2017-12-14,LightGBM,444.0000000000,437.2145384887,0.0000000000,3.6098152908,560.5015273963,564.3066068135,560.5015273963,440.3901847092,433.6047231978,Medium,0: optimal
2017-12-14 11:00:00,2017-12-14,LightGBM,462.0000000000,451.1687017971,0.0000000000,17.5639785993,541.9874683469,560.5015273963,541.9874683469,444.4360214007,433.6047231978,Medium,0: optimal
2017-12-14 12:00:00,2017-12-14,LightGBM,466.0000000000,459.6058689141,0.0000000000,26.0011457163,514.5798542678,541.9874683469,514.5798542678,439.9988542837,433.6047231978,Medium,0: optimal
2017-12-14 13:00:00,2017-12-14,LightGBM,468.0000000000,463.4340799430,0.0000000000,29.8293567452,483.1369514503,514.5798542678,483.1369514503,438.1706432548,433.6047231978,Medium,0: optimal
2017-12-14 14:00:00,2017-12-14,LightGBM,471.0000000000,460.6113102876,0.0000000000,27.0065870898,454.6695091064,483.1369514503,454.6695091064,443.9934129102,433.6047231978,Medium,0: optimal
2017-12-14 15:00:00,2017-12-14,LightGBM,468.0000000000,466.9598487846,0.0000000000,33.3551255868,419.5101196081,454.6695091064,419.5101196081,434.6448744132,433.6047231978,Medium,0: optimal
2017-12-14 16:00:00,2017-12-14,LightGBM,465.0000000000,462.4305456477,0.0000000000,28.8258224499,389.1250348183,419.5101196081,389.1250348183,436.1741775501,433.6047231978,Medium,0: optimal
2017-12-14 17:00:00,2017-12-14,LightGBM,463.0000000000,458.5721843731,0.0000000000,24.9674611753,362.8070199164,389.1250348183,362.8070199164,438.0325388247,433.6047231978,Medium,0: optimal
2017-12-14 18:00:00,2017-12-14,LightGBM,457.0000000000,454.7098655588,0.0000000000,21.1051423610,340.5602465155,362.8070199164,340.5602465155,435.8948576390,433.6047231978,Medium,0: optimal
2017-12-14 19:00:00,2017-12-14,LightGBM,448.0000000000,440.7440530911,0.0000000000,7.1393298933,333.0347320388,340.5602465155,333.0347320388,440.8606701067,433.6047231978,Medium,0: optimal
2017-12-14 20:00:00,2017-12-14,LightGBM,443.0000000000,430.8796162854,2.7251069124,0.0000000000,335.6199954520,333.0347320388,335.6199954520,445.7251069124,433.6047231978,Medium,0: optimal
2017-12-14 21:00:00,2017-12-14,LightGBM,439.0000000000,425.3413597376,8.2633634602,0.0000000000,343.4593103524,335.6199954520,343.4593103524,447.2633634602,433.6047231978,Medium,0: optimal
2017-12-14 22:00:00,2017-12-14,LightGBM,430.0000000000,424.8156464646,8.7890767332,0.0000000000,351.7973606545,343.4593103524,351.7973606545,438.7890767332,433.6047231978,Medium,0: optimal
2017-12-14 23:00:00,2017-12-14,LightGBM,423.0000000000,418.2240485989,15.3806745989,0.0000000000,366.3887497592,351.7973606545,366.3887497592,438.3806745989,433.6047231978,Medium,0: optimal
2017-12-15 00:00:00,2017-12-15,LightGBM,417.0000000000,412.2493457755,18.7551591711,0.0000000000,384.1814560171,366.3887497592,384.1814560171,435.7551591711,431.0045049466,Medium,0: optimal
2017-12-15 01:00:00,2017-12-15,LightGBM,413.0000000000,410.9667435578,20.0377613888,0.0000000000,403.1909455769,384.1814560171,403.1909455769,433.0377613888,431.0045049466,Medium,0: optimal
2017-12-15 02:00:00,2017-12-15,LightGBM,411.0000000000,411.5864067576,19.4180981890,0.0000000000,421.6125710088,403.1909455769,421.6125710088,430.4180981890,431.0045049466,Medium,0: optimal
2017-12-15 03:00:00,2017-12-15,LightGBM,409.0000000000,408.7220119945,22.2824929521,0.0000000000,442.7515999114,421.6125710088,442.7515999114,431.2824929521,431.0045049466,Medium,0: optimal
2017-12-15 04:00:00,2017-12-15,LightGBM,406.0000000000,409.6257526067,21.3787523399,0.0000000000,463.0332651894,442.7515999114,463.0332651894,427.3787523399,431.0045049466,Medium,0: optimal
2017-12-15 05:00:00,2017-12-15,LightGBM,408.0000000000,408.9915040709,22.0130008757,0.0000000000,483.9166314601,463.0332651894,483.9166314601,430.0130008757,431.0045049466,Medium,0: optimal
2017-12-15 06:00:00,2017-12-15,LightGBM,409.0000000000,406.5672856482,24.4372192984,0.0000000000,507.0998132592,483.9166314601,507.0998132592,433.4372192984,431.0045049466,Medium,0: optimal
2017-12-15 07:00:00,2017-12-15,LightGBM,414.0000000000,409.2386550553,21.7658498912,0.0000000000,527.7487115189,507.0998132592,527.7487115189,435.7658498912,431.0045049466,Medium,0: optimal
2017-12-15 08:00:00,2017-12-15,LightGBM,415.0000000000,410.7643667354,20.2401382112,0.0000000000,546.9501925901,527.7487115189,546.9501925901,435.2401382112,431.0045049466,Medium,0: optimal
2017-12-15 09:00:00,2017-12-15,LightGBM,432.0000000000,420.2216409890,10.7828639576,0.0000000000,557.1797155319,546.9501925901,557.1797155319,442.7828639576,431.0045049466,Medium,0: optimal
2017-12-15 10:00:00,2017-12-15,LightGBM,450.0000000000,432.1166963787,0.0000000000,1.1121914321,556.0073628253,557.1797155319,556.0073628253,448.8878085679,431.0045049466,Medium,0: optimal
2017-12-15 11:00:00,2017-12-15,LightGBM,463.0000000000,449.2070728475,0.0000000000,18.2025679010,536.8201715484,556.0073628253,536.8201715484,444.7974320990,431.0045049466,Medium,0: optimal
2017-12-15 12:00:00,2017-12-15,LightGBM,465.0000000000,457.3224340782,0.0000000000,26.3179291316,509.0786384301,536.8201715484,509.0786384301,438.6820708684,431.0045049466,Medium,0: optimal
2017-12-15 13:00:00,2017-12-15,LightGBM,473.0000000000,457.5477037173,0.0000000000,26.5431987708,481.0996502627,509.0786384301,481.0996502627,446.4568012292,431.0045049466,Medium,0: optimal
2017-12-15 14:00:00,2017-12-15,LightGBM,476.0000000000,461.1389438611,0.0000000000,30.1344389146,449.3351626023,481.0996502627,449.3351626023,445.8655610854,431.0045049466,Medium,0: optimal
2017-12-15 15:00:00,2017-12-15,LightGBM,471.0000000000,458.2377043834,0.0000000000,27.2331994368,420.6288498709,449.3351626023,420.6288498709,443.7668005632,431.0045049466,Medium,0: optimal
2017-12-15 16:00:00,2017-12-15,LightGBM,463.0000000000,457.0643128972,0.0000000000,26.0598079506,393.1594003674,420.6288498709,393.1594003674,436.9401920494,431.0045049466,Medium,0: optimal
2017-12-15 17:00:00,2017-12-15,LightGBM,457.0000000000,456.1853364791,0.0000000000,25.1808315325,366.6164733609,393.1594003674,366.6164733609,431.8191684675,431.0045049466,Medium,0: optimal
2017-12-15 18:00:00,2017-12-15,LightGBM,447.0000000000,450.9431322222,0.0000000000,19.9386272756,345.5993148248,366.6164733609,345.5993148248,427.0613727244,431.0045049466,Medium,0: optimal
2017-12-15 19:00:00,2017-12-15,LightGBM,441.0000000000,439.0447383110,0.0000000000,8.0402333645,337.1241647078,345.5993148248,337.1241647078,432.9597666355,431.0045049466,Medium,0: optimal
2017-12-15 20:00:00,2017-12-15,LightGBM,434.0000000000,429.4882501920,1.5162547545,0.0000000000,338.5626102690,337.1241647078,338.5626102690,435.5162547545,431.0045049466,Medium,0: optimal
2017-12-15 21:00:00,2017-12-15,LightGBM,428.0000000000,426.1978970886,4.8066078579,0.0000000000,343.1225588641,338.5626102690,343.1225588641,432.8066078579,431.0045049466,Medium,0: optimal
2017-12-15 22:00:00,2017-12-15,LightGBM,422.0000000000,422.8063526871,8.1981522595,0.0000000000,350.9000089876,343.1225588641,350.9000089876,430.1981522595,431.0045049466,Medium,0: optimal
2017-12-15 23:00:00,2017-12-15,LightGBM,417.0000000000,414.6779386379,16.3265663087,0.0000000000,366.3887497592,350.9000089876,366.3887497592,433.3265663087,431.0045049466,Medium,0: optimal
2017-12-16 00:00:00,2017-12-16,LightGBM,408.0000000000,413.3419471302,4.4164823669,0.0000000000,370.5785928168,366.3887497592,370.5785928168,412.4164823669,417.7584294971,Medium,0: optimal
2017-12-16 01:00:00,2017-12-16,LightGBM,408.0000000000,413.9304942960,3.8279352011,0.0000000000,374.2100910081,370.5785928168,374.2100910081,411.8279352011,417.7584294971,Medium,0: optimal
2017-12-16 02:00:00,2017-12-16,LightGBM,405.0000000000,414.2274566472,3.5309728499,0.0000000000,377.5598659766,374.2100910081,377.5598659766,408.5309728499,417.7584294971,Medium,0: optimal
2017-12-16 03:00:00,2017-12-16,LightGBM,406.0000000000,411.0764791363,6.6819503608,0.0000000000,383.8989206823,377.5598659766,383.8989206823,412.6819503608,417.7584294971,Medium,0: optimal
2017-12-16 04:00:00,2017-12-16,LightGBM,405.0000000000,414.5872024548,3.1712270423,0.0000000000,386.9074108117,383.8989206823,386.9074108117,408.1712270423,417.7584294971,Medium,0: optimal
2017-12-16 05:00:00,2017-12-16,LightGBM,400.0000000000,408.3069372793,9.4514922178,0.0000000000,395.8738836204,386.9074108117,395.8738836204,409.4514922178,417.7584294971,Medium,0: optimal
2017-12-16 06:00:00,2017-12-16,LightGBM,405.0000000000,407.8081976689,9.9502318282,0.0000000000,405.3135023676,395.8738836204,405.3135023676,414.9502318282,417.7584294971,Medium,0: optimal
2017-12-16 07:00:00,2017-12-16,LightGBM,402.0000000000,407.8599158604,9.8985136367,0.0000000000,414.7040569302,405.3135023676,414.7040569302,411.8985136367,417.7584294971,Medium,0: optimal
2017-12-16 08:00:00,2017-12-16,LightGBM,406.0000000000,408.2981912874,9.4602382097,0.0000000000,423.6788269154,414.7040569302,423.6788269154,415.4602382097,417.7584294971,Medium,0: optimal
2017-12-16 09:00:00,2017-12-16,LightGBM,404.0000000000,412.7365413848,5.0218881123,0.0000000000,428.4430082921,423.6788269154,428.4430082921,409.0218881123,417.7584294971,Medium,0: optimal
2017-12-16 10:00:00,2017-12-16,LightGBM,411.0000000000,416.9408534475,0.8175760496,0.0000000000,429.2186290353,428.4430082921,429.2186290353,411.8175760496,417.7584294971,Medium,0: optimal
2017-12-16 11:00:00,2017-12-16,LightGBM,418.0000000000,421.7027903954,0.0000000000,3.9443608983,425.0609075845,429.2186290353,425.0609075845,414.0556391017,417.7584294971,Medium,0: optimal
2017-12-16 12:00:00,2017-12-16,LightGBM,417.0000000000,422.7458572677,0.0000000000,4.9874277706,419.8036971110,425.0609075845,419.8036971110,412.0125722294,417.7584294971,Medium,0: optimal
2017-12-16 13:00:00,2017-12-16,LightGBM,414.0000000000,425.5662158330,0.0000000000,7.8077863359,411.5735676759,419.8036971110,411.5735676759,406.1922136641,417.7584294971,Medium,0: optimal
2017-12-16 14:00:00,2017-12-16,LightGBM,418.0000000000,427.9790125620,0.0000000000,10.2205830649,400.8001271758,411.5735676759,400.8001271758,407.7794169351,417.7584294971,Medium,0: optimal
2017-12-16 15:00:00,2017-12-16,LightGBM,423.0000000000,427.6942478919,0.0000000000,9.9358183948,390.3268549941,400.8001271758,390.3268549941,413.0641816052,417.7584294971,Medium,0: optimal
2017-12-16 16:00:00,2017-12-16,LightGBM,422.0000000000,427.5022174627,0.0000000000,9.7437879656,380.0560006577,390.3268549941,380.0560006577,412.2562120344,417.7584294971,Medium,0: optimal
2017-12-16 17:00:00,2017-12-16,LightGBM,425.0000000000,424.8618238624,0.0000000000,7.1033943653,372.5683655535,380.0560006577,372.5683655535,417.8966056347,417.7584294971,Medium,0: optimal
2017-12-16 18:00:00,2017-12-16,LightGBM,421.0000000000,423.4773848501,0.0000000000,5.7189553530,366.5400573027,372.5683655535,366.5400573027,415.2810446470,417.7584294971,Medium,0: optimal
2017-12-16 19:00:00,2017-12-16,LightGBM,416.0000000000,421.0828856265,0.0000000000,3.3244561294,363.0357728527,366.5400573027,363.0357728527,412.6755438706,417.7584294971,Medium,0: optimal
2017-12-16 20:00:00,2017-12-16,LightGBM,416.0000000000,420.6093479211,0.0000000000,2.8509184239,360.0306409716,363.0357728527,360.0306409716,413.1490815761,417.7584294971,Medium,0: optimal
2017-12-16 21:00:00,2017-12-16,LightGBM,411.0000000000,417.8179264929,0.0000000000,0.0594969958,359.9679256314,360.0306409716,359.9679256314,410.9405030042,417.7584294971,Medium,0: optimal
2017-12-16 22:00:00,2017-12-16,LightGBM,411.0000000000,416.1040846868,1.6543448103,0.0000000000,361.5373749222,359.9679256314,361.5373749222,412.6543448103,417.7584294971,Medium,0: optimal
2017-12-16 23:00:00,2017-12-16,LightGBM,412.0000000000,412.6446314077,5.1137980894,0.0000000000,366.3887497592,361.5373749222,366.3887497592,417.1137980894,417.7584294971,Medium,0: optimal
2017-12-17 00:00:00,2017-12-17,LightGBM,408.0000000000,414.0883920032,1.8849665706,0.0000000000,368.1769860621,366.3887497592,368.1769860621,409.8849665706,415.9733585738,Medium,0: optimal
2017-12-17 01:00:00,2017-12-17,LightGBM,406.0000000000,415.3241099051,0.6492486687,0.0000000000,368.7929174304,368.1769860621,368.7929174304,406.6492486687,415.9733585738,Medium,0: optimal
2017-12-17 02:00:00,2017-12-17,LightGBM,403.0000000000,423.7440780972,0.0000000000,7.7707195234,360.6018598464,368.7929174304,360.6018598464,395.2292804766,415.9733585738,Medium,0: optimal
2017-12-17 03:00:00,2017-12-17,LightGBM,404.0000000000,415.4468624101,0.5264961637,0.0000000000,361.1013379634,360.6018598464,361.1013379634,404.5264961637,415.9733585738,Medium,0: optimal
2017-12-17 04:00:00,2017-12-17,LightGBM,403.0000000000,410.3366223253,5.6367362486,0.0000000000,366.4488154979,361.1013379634,366.4488154979,408.6367362486,415.9733585738,Medium,0: optimal
2017-12-17 05:00:00,2017-12-17,LightGBM,403.0000000000,411.6220045029,4.3513540709,0.0000000000,370.5768724289,366.4488154979,370.5768724289,407.3513540709,415.9733585738,Medium,0: optimal
2017-12-17 06:00:00,2017-12-17,LightGBM,406.0000000000,411.8751440517,4.0982145221,0.0000000000,374.4647800979,370.5768724289,374.4647800979,410.0982145221,415.9733585738,Medium,0: optimal
2017-12-17 07:00:00,2017-12-17,LightGBM,405.0000000000,412.9118830451,3.0614755288,0.0000000000,377.3691507994,374.4647800979,377.3691507994,408.0614755288,415.9733585738,Medium,0: optimal
2017-12-17 08:00:00,2017-12-17,LightGBM,403.0000000000,417.5532246413,0.0000000000,1.5798660674,375.7038257424,377.3691507994,375.7038257424,401.4201339326,415.9733585738,Medium,0: optimal
2017-12-17 09:00:00,2017-12-17,LightGBM,405.0000000000,414.4772219107,1.4961366631,0.0000000000,377.1231856063,375.7038257424,377.1231856063,406.4961366631,415.9733585738,Medium,0: optimal
2017-12-17 10:00:00,2017-12-17,LightGBM,406.0000000000,413.6422004176,2.3311581563,0.0000000000,379.3347164143,377.1231856063,379.3347164143,408.3311581563,415.9733585738,Medium,0: optimal
2017-12-17 11:00:00,2017-12-17,LightGBM,413.0000000000,416.0544257813,0.0000000000,0.0810672075,379.2492640745,379.3347164143,379.2492640745,412.9189327925,415.9733585738,Medium,0: optimal
2017-12-17 12:00:00,2017-12-17,LightGBM,415.0000000000,413.8421703667,2.1311882071,0.0000000000,381.2710867317,379.2492640745,381.2710867317,417.1311882071,415.9733585738,Medium,0: optimal
2017-12-17 13:00:00,2017-12-17,LightGBM,418.0000000000,414.9515956794,1.0217628944,0.0000000000,382.2404161242,381.2710867317,382.2404161242,419.0217628944,415.9733585738,Medium,0: optimal
2017-12-17 14:00:00,2017-12-17,LightGBM,418.0000000000,417.4828717962,0.0000000000,1.5095132224,380.6492494772,382.2404161242,380.6492494772,416.4904867776,415.9733585738,Medium,0: optimal
2017-12-17 15:00:00,2017-12-17,LightGBM,421.0000000000,419.4400540570,0.0000000000,3.4666954832,376.9950315835,380.6492494772,376.9950315835,417.5333045168,415.9733585738,Medium,0: optimal
2017-12-17 16:00:00,2017-12-17,LightGBM,420.0000000000,419.3335688970,0.0000000000,3.3602103232,373.4530589041,376.9950315835,373.4530589041,416.6397896768,415.9733585738,Medium,0: optimal
2017-12-17 17:00:00,2017-12-17,LightGBM,423.0000000000,422.0570074789,0.0000000000,6.0836489051,367.0403298958,373.4530589041,367.0403298958,416.9163510949,415.9733585738,Medium,0: optimal
2017-12-17 18:00:00,2017-12-17,LightGBM,422.0000000000,421.8712339298,0.0000000000,5.8978753559,360.8234234023,367.0403298958,360.8234234023,416.1021246441,415.9733585738,Medium,0: optimal
2017-12-17 19:00:00,2017-12-17,LightGBM,417.0000000000,415.8595449472,0.1138136267,0.0000000000,360.9313964890,360.8234234023,360.9313964890,417.1138136267,415.9733585738,Medium,0: optimal
2017-12-17 20:00:00,2017-12-17,LightGBM,413.0000000000,414.2722305359,1.7011280380,0.0000000000,362.5452282465,360.9313964890,362.5452282465,414.7011280380,415.9733585738,Medium,0: optimal
2017-12-17 21:00:00,2017-12-17,LightGBM,414.0000000000,415.1533847465,0.8199738274,0.0000000000,363.3231237214,362.5452282465,363.3231237214,414.8199738274,415.9733585738,Medium,0: optimal
2017-12-17 22:00:00,2017-12-17,LightGBM,411.0000000000,414.4992765844,1.4740819895,0.0000000000,364.7215606847,363.3231237214,364.7215606847,412.4740819895,415.9733585738,Medium,0: optimal
2017-12-17 23:00:00,2017-12-17,LightGBM,408.0000000000,414.2159869854,1.7573715885,0.0000000000,366.3887497592,364.7215606847,366.3887497592,409.7573715885,415.9733585738,Medium,0: optimal
2017-12-18 00:00:00,2017-12-18,LightGBM,405.0000000000,415.4819328971,21.9425445735,0.0000000000,387.2052753128,366.3887497592,387.2052753128,426.9425445735,437.4244774707,Medium,0: optimal
2017-12-18 01:00:00,2017-12-18,LightGBM,403.0000000000,423.2016747700,14.2228027007,0.0000000000,400.6982106864,387.2052753128,400.6982106864,417.2228027007,437.4244774707,Medium,0: optimal
2017-12-18 02:00:00,2017-12-18,LightGBM,404.0000000000,418.0072046610,19.4172728097,0.0000000000,419.1190530946,400.6982106864,419.1190530946,423.4172728097,437.4244774707,Medium,0: optimal
2017-12-18 03:00:00,2017-12-18,LightGBM,401.0000000000,410.6457836397,26.7786938309,0.0000000000,444.5235526757,419.1190530946,444.5235526757,427.7786938309,437.4244774707,Medium,0: optimal
2017-12-18 04:00:00,2017-12-18,LightGBM,399.0000000000,410.8711416714,26.5533357992,0.0000000000,469.7142588559,444.5235526757,469.7142588559,425.5533357992,437.4244774707,Medium,0: optimal
2017-12-18 05:00:00,2017-12-18,LightGBM,400.0000000000,409.7195536183,27.7049238524,0.0000000000,495.9974573884,469.7142588559,495.9974573884,427.7049238524,437.4244774707,Medium,0: optimal
2017-12-18 06:00:00,2017-12-18,LightGBM,401.0000000000,414.6893636971,22.7351137736,0.0000000000,517.5658801047,495.9974573884,517.5658801047,423.7351137736,437.4244774707,Medium,0: optimal
2017-12-18 07:00:00,2017-12-18,LightGBM,404.0000000000,419.8279980171,17.5964794536,0.0000000000,534.2593662668,517.5658801047,534.2593662668,421.5964794536,437.4244774707,Medium,0: optimal
2017-12-18 08:00:00,2017-12-18,LightGBM,414.0000000000,421.4200604455,16.0044170252,0.0000000000,549.4424893936,534.2593662668,549.4424893936,430.0044170252,437.4244774707,Medium,0: optimal
2017-12-18 09:00:00,2017-12-18,LightGBM,427.0000000000,431.2340780557,6.1903994150,0.0000000000,555.3152179269,549.4424893936,555.3152179269,433.1903994150,437.4244774707,Medium,0: optimal
2017-12-18 10:00:00,2017-12-18,LightGBM,441.0000000000,451.9374916611,0.0000000000,14.5130141904,540.0171577415,555.3152179269,540.0171577415,426.4869858096,437.4244774707,Medium,0: optimal
2017-12-18 11:00:00,2017-12-18,LightGBM,455.0000000000,460.7088140377,0.0000000000,23.2843365671,515.4733119556,540.0171577415,515.4733119556,431.7156634329,437.4244774707,Medium,0: optimal
2017-12-18 12:00:00,2017-12-18,LightGBM,461.0000000000,463.4757951384,0.0000000000,26.0513176677,488.0128119960,515.4733119556,488.0128119960,434.9486823323,437.4244774707,Medium,0: optimal
2017-12-18 13:00:00,2017-12-18,LightGBM,461.0000000000,466.1514216925,0.0000000000,28.7269442218,457.7319540102,488.0128119960,457.7319540102,432.2730557782,437.4244774707,Medium,0: optimal
2017-12-18 14:00:00,2017-12-18,LightGBM,462.0000000000,468.6996476498,0.0000000000,31.2751701792,424.7650300183,457.7319540102,424.7650300183,430.7248298208,437.4244774707,Medium,0: optimal
2017-12-18 15:00:00,2017-12-18,LightGBM,461.0000000000,466.9310868717,0.0000000000,29.5066094010,393.6623327729,424.7650300183,393.6623327729,431.4933905990,437.4244774707,Medium,0: optimal
2017-12-18 16:00:00,2017-12-18,LightGBM,457.0000000000,461.7776419389,0.0000000000,24.3531644682,367.9918434555,393.6623327729,367.9918434555,432.6468355318,437.4244774707,Medium,0: optimal
2017-12-18 17:00:00,2017-12-18,LightGBM,456.0000000000,454.8608805753,0.0000000000,17.4364031046,349.6122607850,367.9918434555,349.6122607850,438.5635968954,437.4244774707,Medium,0: optimal
2017-12-18 18:00:00,2017-12-18,LightGBM,452.0000000000,449.5489562945,0.0000000000,12.1244788239,336.8319379431,349.6122607850,336.8319379431,439.8755211761,437.4244774707,Medium,0: optimal
2017-12-18 19:00:00,2017-12-18,LightGBM,441.0000000000,439.0675150546,0.0000000000,1.6430375839,335.1000242609,336.8319379431,335.1000242609,439.3569624161,437.4244774707,Medium,0: optimal
2017-12-18 20:00:00,2017-12-18,LightGBM,434.0000000000,436.3423411116,1.0821363591,0.0000000000,336.1266289510,335.1000242609,336.1266289510,435.0821363591,437.4244774707,Medium,0: optimal
2017-12-18 21:00:00,2017-12-18,LightGBM,431.0000000000,431.4695522523,5.9549252184,0.0000000000,341.7759670469,336.1266289510,341.7759670469,436.9549252184,437.4244774707,Medium,0: optimal
2017-12-18 22:00:00,2017-12-18,LightGBM,425.0000000000,426.1680871596,11.2563903110,0.0000000000,352.4547165313,341.7759670469,352.4547165313,436.2563903110,437.4244774707,Medium,0: optimal
2017-12-18 23:00:00,2017-12-18,LightGBM,424.0000000000,422.7367168064,14.6877606642,0.0000000000,366.3887497592,352.4547165313,366.3887497592,438.6877606642,437.4244774707,Medium,0: optimal
2017-12-19 00:00:00,2017-12-19,LightGBM,415.0000000000,417.0235174536,19.4919553163,0.0000000000,384.8804422142,366.3887497592,384.8804422142,434.4919553163,436.5154727699,Medium,0: optimal
2017-12-19 01:00:00,2017-12-19,LightGBM,417.0000000000,415.2068597509,21.3086130190,0.0000000000,405.0955674899,384.8804422142,405.0955674899,438.3086130190,436.5154727699,Medium,0: optimal
2017-12-19 02:00:00,2017-12-19,LightGBM,417.0000000000,413.0907480444,23.4247247255,0.0000000000,427.3182125984,405.0955674899,427.3182125984,440.4247247255,436.5154727699,Medium,0: optimal
2017-12-19 03:00:00,2017-12-19,LightGBM,417.0000000000,415.5607951972,20.9546775727,0.0000000000,447.1975652277,427.3182125984,447.1975652277,437.9546775727,436.5154727699,Medium,0: optimal
2017-12-19 04:00:00,2017-12-19,LightGBM,417.0000000000,414.5296764881,21.9857962818,0.0000000000,468.0551229545,447.1975652277,468.0551229545,438.9857962818,436.5154727699,Medium,0: optimal
2017-12-19 05:00:00,2017-12-19,LightGBM,415.0000000000,418.0750509667,18.4404218033,0.0000000000,485.5492431283,468.0551229545,485.5492431283,433.4404218033,436.5154727699,Medium,0: optimal
2017-12-19 06:00:00,2017-12-19,LightGBM,418.0000000000,414.4072665594,22.1082062105,0.0000000000,506.5229291100,485.5492431283,506.5229291100,440.1082062105,436.5154727699,Medium,0: optimal
2017-12-19 07:00:00,2017-12-19,LightGBM,421.0000000000,412.5675896721,23.9478830978,0.0000000000,529.2418858286,506.5229291100,529.2418858286,444.9478830978,436.5154727699,Medium,0: optimal
2017-12-19 08:00:00,2017-12-19,LightGBM,427.0000000000,417.4234655580,19.0920072119,0.0000000000,547.3541541968,529.2418858286,547.3541541968,446.0920072119,436.5154727699,Medium,0: optimal
2017-12-19 09:00:00,2017-12-19,LightGBM,437.0000000000,432.8708911751,3.6445815948,0.0000000000,550.8117078842,547.3541541968,550.8117078842,440.6445815948,436.5154727699,Medium,0: optimal
2017-12-19 10:00:00,2017-12-19,LightGBM,447.0000000000,446.9963412358,0.0000000000,10.4808684659,539.7639024812,550.8117078842,539.7639024812,436.5191315341,436.5154727699,Medium,0: optimal
2017-12-19 11:00:00,2017-12-19,LightGBM,460.0000000000,460.5863156457,0.0000000000,24.0708428758,514.3910062521,539.7639024812,514.3910062521,435.9291571242,436.5154727699,Medium,0: optimal
2017-12-19 12:00:00,2017-12-19,LightGBM,463.0000000000,464.2569192054,0.0000000000,27.7414464354,485.1489541442,514.3910062521,485.1489541442,435.2585535646,436.5154727699,Medium,0: optimal
2017-12-19 13:00:00,2017-12-19,LightGBM,460.0000000000,463.2733106521,0.0000000000,26.7578378822,456.9437164878,485.1489541442,456.9437164878,433.2421621178,436.5154727699,Medium,0: optimal
2017-12-19 14:00:00,2017-12-19,LightGBM,466.0000000000,462.2921900050,0.0000000000,25.7767172350,429.7726707995,456.9437164878,429.7726707995,440.2232827650,436.5154727699,Medium,0: optimal
2017-12-19 15:00:00,2017-12-19,LightGBM,466.0000000000,459.8731190223,0.0000000000,23.3576462524,405.1515498201,429.7726707995,405.1515498201,442.6423537476,436.5154727699,Medium,0: optimal
2017-12-19 16:00:00,2017-12-19,LightGBM,467.0000000000,457.6439774561,0.0000000000,21.1285046862,382.8801503662,405.1515498201,382.8801503662,445.8714953138,436.5154727699,Medium,0: optimal
2017-12-19 17:00:00,2017-12-19,LightGBM,467.0000000000,455.6217084891,0.0000000000,19.1062357192,362.7404095713,382.8801503662,362.7404095713,447.8937642808,436.5154727699,Medium,0: optimal
2017-12-19 18:00:00,2017-12-19,LightGBM,461.0000000000,451.1820093479,0.0000000000,14.6665365780,347.2805225804,362.7404095713,347.2805225804,446.3334634220,436.5154727699,Medium,0: optimal
2017-12-19 19:00:00,2017-12-19,LightGBM,448.0000000000,440.2895030857,0.0000000000,3.7740303158,343.3023453283,347.2805225804,343.3023453283,444.2259696842,436.5154727699,Medium,0: optimal
2017-12-19 20:00:00,2017-12-19,LightGBM,440.0000000000,435.3115383792,1.2039343907,0.0000000000,344.4444977767,343.3023453283,344.4444977767,441.2039343907,436.5154727699,Medium,0: optimal
2017-12-19 21:00:00,2017-12-19,LightGBM,434.0000000000,432.6085825945,3.9068901755,0.0000000000,348.1508992334,344.4444977767,348.1508992334,437.9068901755,436.5154727699,Medium,0: optimal
2017-12-19 22:00:00,2017-12-19,LightGBM,429.0000000000,428.2246133035,8.2908594664,0.0000000000,356.0162991357,348.1508992334,356.0162991357,437.2908594664,436.5154727699,Medium,0: optimal
2017-12-19 23:00:00,2017-12-19,LightGBM,428.0000000000,425.5819498073,10.9335229626,0.0000000000,366.3887497592,356.0162991357,366.3887497592,438.9335229626,436.5154727699,Medium,0: optimal
2017-12-20 00:00:00,2017-12-20,LightGBM,425.0000000000,419.3976248804,18.2903337975,0.0000000000,383.7404839487,366.3887497592,383.7404839487,443.2903337975,437.6879586779,Medium,0: optimal
2017-12-20 01:00:00,2017-12-20,LightGBM,422.0000000000,416.5414351438,21.1465235341,0.0000000000,403.8018376373,383.7404839487,403.8018376373,443.1465235341,437.6879586779,Medium,0: optimal
2017-12-20 02:00:00,2017-12-20,LightGBM,419.0000000000,415.4320147677,22.2559439103,0.0000000000,424.9156799073,403.8018376373,424.9156799073,441.2559439103,437.6879586779,Medium,0: optimal
2017-12-20 03:00:00,2017-12-20,LightGBM,418.0000000000,413.0612123082,24.6267463697,0.0000000000,448.2786628736,424.9156799073,448.2786628736,442.6267463697,437.6879586779,Medium,0: optimal
2017-12-20 04:00:00,2017-12-20,LightGBM,416.0000000000,412.5742810612,25.1136776167,0.0000000000,472.1035893813,448.2786628736,472.1035893813,441.1136776167,437.6879586779,Medium,0: optimal
2017-12-20 05:00:00,2017-12-20,LightGBM,417.0000000000,412.4135468551,25.2744118228,0.0000000000,496.0810017456,472.1035893813,496.0810017456,442.2744118228,437.6879586779,Medium,0: optimal
2017-12-20 06:00:00,2017-12-20,LightGBM,417.0000000000,414.4428779645,23.2450807134,0.0000000000,518.1332215803,496.0810017456,518.1332215803,440.2450807134,437.6879586779,Medium,0: optimal
2017-12-20 07:00:00,2017-12-20,LightGBM,422.0000000000,418.8094147789,18.8785438990,0.0000000000,536.0429808688,518.1332215803,536.0429808688,440.8785438990,437.6879586779,Medium,0: optimal
2017-12-20 08:00:00,2017-12-20,LightGBM,422.0000000000,426.9775669107,10.7103917673,0.0000000000,546.2037506540,536.0429808688,546.2037506540,432.7103917673,437.6879586779,Medium,0: optimal
2017-12-20 09:00:00,2017-12-20,LightGBM,433.0000000000,436.0387589500,1.6491997279,0.0000000000,547.7683188910,546.2037506540,547.7683188910,434.6491997279,437.6879586779,Medium,0: optimal
2017-12-20 10:00:00,2017-12-20,LightGBM,449.0000000000,445.8586864511,0.0000000000,8.1707277732,539.1556155895,547.7683188910,539.1556155895,440.8292722268,437.6879586779,Medium,0: optimal
2017-12-20 11:00:00,2017-12-20,LightGBM,456.0000000000,456.5107103402,0.0000000000,18.8227516623,519.3146932280,539.1556155895,519.3146932280,437.1772483377,437.6879586779,Medium,0: optimal
2017-12-20 12:00:00,2017-12-20,LightGBM,461.0000000000,459.3583570726,0.0000000000,21.6703983946,496.4720876512,519.3146932280,496.4720876512,439.3296016054,437.6879586779,Medium,0: optimal
2017-12-20 13:00:00,2017-12-20,LightGBM,457.0000000000,457.5917654922,0.0000000000,19.9038068143,475.4916331042,496.4720876512,475.4916331042,437.0961931857,437.6879586779,Medium,0: optimal
2017-12-20 14:00:00,2017-12-20,LightGBM,456.0000000000,462.9267986472,0.0000000000,25.2388399692,448.8875598364,475.4916331042,448.8875598364,430.7611600308,437.6879586779,Medium,0: optimal
2017-12-20 15:00:00,2017-12-20,LightGBM,455.0000000000,463.2634453003,0.0000000000,25.5754866224,421.9286298385,448.8875598364,421.9286298385,429.4245133776,437.6879586779,Medium,0: optimal
2017-12-20 16:00:00,2017-12-20,LightGBM,456.0000000000,463.8420590149,0.0000000000,26.1541003370,394.3597874327,421.9286298385,394.3597874327,429.8458996630,437.6879586779,Medium,0: optimal
2017-12-20 17:00:00,2017-12-20,LightGBM,454.0000000000,463.4240992320,0.0000000000,25.7361405541,367.2315133216,394.3597874327,367.2315133216,428.2638594459,437.6879586779,Medium,0: optimal
2017-12-20 18:00:00,2017-12-20,LightGBM,451.0000000000,456.7283921017,0.0000000000,19.0404334238,347.1611342363,367.2315133216,347.1611342363,431.9595665762,437.6879586779,Medium,0: optimal
2017-12-20 19:00:00,2017-12-20,LightGBM,439.0000000000,444.0937862326,0.0000000000,6.4058275547,340.4087991126,347.1611342363,340.4087991126,432.5941724453,437.6879586779,Medium,0: optimal
2017-12-20 20:00:00,2017-12-20,LightGBM,433.0000000000,435.8858114708,1.8021472071,0.0000000000,342.1184660687,340.4087991126,342.1184660687,434.8021472071,437.6879586779,Medium,0: optimal
2017-12-20 21:00:00,2017-12-20,LightGBM,424.0000000000,432.2442771551,5.4436815228,0.0000000000,347.2827958093,342.1184660687,347.2827958093,429.4436815228,437.6879586779,Medium,0: optimal
2017-12-20 22:00:00,2017-12-20,LightGBM,418.0000000000,427.7735614321,9.9143972459,0.0000000000,356.6884188867,347.2827958093,356.6884188867,427.9143972459,437.6879586779,Medium,0: optimal
2017-12-20 23:00:00,2017-12-20,LightGBM,419.0000000000,427.4629121398,10.2250465381,0.0000000000,366.3887497592,356.6884188867,366.3887497592,429.2250465381,437.6879586779,Medium,0: optimal
2017-12-21 00:00:00,2017-12-21,LightGBM,415.0000000000,424.5218250812,7.3128954238,0.0000000000,373.3263715081,366.3887497592,373.3263715081,422.3128954238,431.8347205050,Medium,0: optimal
2017-12-21 01:00:00,2017-12-21,LightGBM,416.0000000000,419.6480422745,12.1866782304,0.0000000000,384.8876696041,373.3263715081,384.8876696041,428.1866782304,431.8347205050,Medium,0: optimal
2017-12-21 02:00:00,2017-12-21,LightGBM,413.0000000000,416.8345222927,15.0001982122,0.0000000000,399.1181071154,384.8876696041,399.1181071154,428.0001982122,431.8347205050,Medium,0: optimal
2017-12-21 03:00:00,2017-12-21,LightGBM,409.0000000000,413.6390751619,18.1956453430,0.0000000000,416.3800119496,399.1181071154,416.3800119496,427.1956453430,431.8347205050,Medium,0: optimal
2017-12-21 04:00:00,2017-12-21,LightGBM,407.0000000000,411.3801785326,20.4545419723,0.0000000000,435.7848942881,416.3800119496,435.7848942881,427.4545419723,431.8347205050,Medium,0: optimal
2017-12-21 05:00:00,2017-12-21,LightGBM,408.0000000000,409.2116156515,22.6231048534,0.0000000000,457.2470560125,435.7848942881,457.2470560125,430.6231048534,431.8347205050,Medium,0: optimal
2017-12-21 06:00:00,2017-12-21,LightGBM,408.0000000000,409.5330073185,22.3017131865,0.0000000000,478.4043188305,457.2470560125,478.4043188305,430.3017131865,431.8347205050,Medium,0: optimal
2017-12-21 07:00:00,2017-12-21,LightGBM,412.0000000000,414.7617338971,17.0729866078,0.0000000000,494.6011760732,478.4043188305,494.6011760732,429.0729866078,431.8347205050,Medium,0: optimal
2017-12-21 08:00:00,2017-12-21,LightGBM,416.0000000000,419.4299946886,12.4047258164,0.0000000000,506.3693322721,494.6011760732,506.3693322721,428.4047258164,431.8347205050,Medium,0: optimal
2017-12-21 09:00:00,2017-12-21,LightGBM,424.0000000000,430.0838102202,1.7509102848,0.0000000000,508.0303916156,506.3693322721,508.0303916156,425.7509102848,431.8347205050,Medium,0: optimal
2017-12-21 10:00:00,2017-12-21,LightGBM,438.0000000000,440.7682602752,0.0000000000,8.9335397702,498.6136138685,508.0303916156,498.6136138685,429.0664602298,431.8347205050,Medium,0: optimal
2017-12-21 11:00:00,2017-12-21,LightGBM,452.0000000000,451.3428331319,0.0000000000,19.5081126269,478.0502576178,498.6136138685,478.0502576178,432.4918873731,431.8347205050,Medium,0: optimal
2017-12-21 12:00:00,2017-12-21,LightGBM,460.0000000000,453.3628159772,0.0000000000,21.5280954722,455.3576524918,478.0502576178,455.3576524918,438.4719045278,431.8347205050,Medium,0: optimal
2017-12-21 13:00:00,2017-12-21,LightGBM,460.0000000000,451.4564368936,0.0000000000,19.6217163886,434.6745473619,455.3576524918,434.6745473619,440.3782836114,431.8347205050,Medium,0: optimal
2017-12-21 14:00:00,2017-12-21,LightGBM,456.0000000000,451.1501110330,0.0000000000,19.3153905281,414.3143380405,434.6745473619,414.3143380405,436.6846094719,431.8347205050,Medium,0: optimal
2017-12-21 15:00:00,2017-12-21,LightGBM,458.0000000000,450.6513689295,0.0000000000,18.8166484245,394.4798490564,414.3143380405,394.4798490564,439.1833515755,431.8347205050,Medium,0: optimal
2017-12-21 16:00:00,2017-12-21,LightGBM,455.0000000000,453.2151501838,0.0000000000,21.3804296789,371.9428973437,394.4798490564,371.9428973437,433.6195703211,431.8347205050,Medium,0: optimal
2017-12-21 17:00:00,2017-12-21,LightGBM,454.0000000000,449.4440678766,0.0000000000,17.6093473716,353.3810154093,371.9428973437,353.3810154093,436.3906526284,431.8347205050,Medium,0: optimal
2017-12-21 18:00:00,2017-12-21,LightGBM,445.0000000000,447.4215350182,0.0000000000,15.5868145132,336.9510702998,353.3810154093,336.9510702998,429.4131854868,431.8347205050,Medium,0: optimal
2017-12-21 19:00:00,2017-12-21,LightGBM,436.0000000000,437.1155084373,0.0000000000,5.2807879324,331.3846310643,336.9510702998,331.3846310643,430.7192120676,431.8347205050,Medium,0: optimal
2017-12-21 20:00:00,2017-12-21,LightGBM,434.0000000000,431.7669405801,0.0677799248,0.0000000000,331.4489327469,331.3846310643,331.4489327469,434.0677799248,431.8347205050,Medium,0: optimal
2017-12-21 21:00:00,2017-12-21,LightGBM,419.0000000000,424.5799866186,7.2547338863,0.0000000000,338.3313776167,331.4489327469,338.3313776167,426.2547338863,431.8347205050,Medium,0: optimal
2017-12-21 22:00:00,2017-12-21,LightGBM,416.0000000000,418.0304395307,13.8042809743,0.0000000000,351.4272684186,338.3313776167,351.4272684186,429.8042809743,431.8347205050,Medium,0: optimal
2017-12-21 23:00:00,2017-12-21,LightGBM,411.0000000000,416.0639344362,15.7707860688,0.0000000000,366.3887497592,351.4272684186,366.3887497592,426.7707860688,431.8347205050,Medium,0: optimal
2017-12-22 00:00:00,2017-12-22,LightGBM,409.0000000000,412.1377131747,14.9492891965,0.0000000000,380.5708907376,366.3887497592,380.5708907376,423.9492891965,427.0870023712,Medium,0: optimal
2017-12-22 01:00:00,2017-12-22,LightGBM,405.0000000000,410.5600999738,16.5269023974,0.0000000000,396.2496870106,380.5708907376,396.2496870106,421.5269023974,427.0870023712,Medium,0: optimal
2017-12-22 02:00:00,2017-12-22,LightGBM,403.0000000000,410.5885065371,16.4984958341,0.0000000000,411.9015344513,396.2496870106,411.9015344513,419.4984958341,427.0870023712,Medium,0: optimal
2017-12-22 03:00:00,2017-12-22,LightGBM,403.0000000000,407.8814812622,19.2055211090,0.0000000000,430.1214915578,411.9015344513,430.1214915578,422.2055211090,427.0870023712,Medium,0: optimal
2017-12-22 04:00:00,2017-12-22,LightGBM,405.0000000000,408.3616651198,18.7253372514,0.0000000000,447.8859062585,430.1214915578,447.8859062585,423.7253372514,427.0870023712,Medium,0: optimal
2017-12-22 05:00:00,2017-12-22,LightGBM,402.0000000000,408.3084219083,18.7785804629,0.0000000000,465.7008319047,447.8859062585,465.7008319047,420.7785804629,427.0870023712,Medium,0: optimal
2017-12-22 06:00:00,2017-12-22,LightGBM,405.0000000000,407.7947734722,19.2922288990,0.0000000000,484.0030472434,465.7008319047,484.0030472434,424.2922288990,427.0870023712,Medium,0: optimal
2017-12-22 07:00:00,2017-12-22,LightGBM,405.0000000000,409.3253197719,17.7616825993,0.0000000000,500.8532588707,484.0030472434,500.8532588707,422.7616825993,427.0870023712,Medium,0: optimal
2017-12-22 08:00:00,2017-12-22,LightGBM,427.0000000000,412.5679945206,14.5190078506,0.0000000000,514.6271991228,500.8532588707,514.6271991228,441.5190078506,427.0870023712,Medium,0: optimal
2017-12-22 09:00:00,2017-12-22,LightGBM,409.0000000000,420.2078376344,6.8791647368,0.0000000000,521.1533478132,514.6271991228,521.1533478132,415.8791647368,427.0870023712,Medium,0: optimal
2017-12-22 10:00:00,2017-12-22,LightGBM,436.0000000000,429.5648357993,0.0000000000,2.4778334281,518.5414820480,521.1533478132,518.5414820480,433.5221665719,427.0870023712,Medium,0: optimal
2017-12-22 11:00:00,2017-12-22,LightGBM,444.0000000000,444.1663450739,0.0000000000,17.0793427027,500.5382740883,518.5414820480,500.5382740883,426.9206572973,427.0870023712,Medium,0: optimal
2017-12-22 12:00:00,2017-12-22,LightGBM,440.0000000000,452.9298978742,0.0000000000,25.8428955030,473.2974703806,500.5382740883,473.2974703806,414.1571044970,427.0870023712,Medium,0: optimal
2017-12-22 13:00:00,2017-12-22,LightGBM,425.0000000000,454.2003968645,0.0000000000,27.1133944933,444.7174431480,473.2974703806,444.7174431480,397.8866055067,427.0870023712,Medium,0: optimal
2017-12-22 14:00:00,2017-12-22,LightGBM,431.0000000000,452.4771432618,0.0000000000,25.3901408906,417.9538847057,444.7174431480,417.9538847057,405.6098591094,427.0870023712,Medium,0: optimal
2017-12-22 15:00:00,2017-12-22,LightGBM,426.0000000000,453.0790995487,0.0000000000,25.9920971775,390.5558086240,417.9538847057,390.5558086240,400.0079028225,427.0870023712,Medium,0: optimal
2017-12-22 16:00:00,2017-12-22,LightGBM,423.0000000000,450.6112568299,0.0000000000,23.5242544587,365.7590671750,390.5558086240,365.7590671750,399.4757455413,427.0870023712,Medium,0: optimal
2017-12-22 17:00:00,2017-12-22,LightGBM,420.0000000000,448.1880194539,0.0000000000,21.1010170828,343.5166421991,365.7590671750,343.5166421991,398.8989829172,427.0870023712,Medium,0: optimal
2017-12-22 18:00:00,2017-12-22,LightGBM,410.0000000000,439.0613776803,0.0000000000,11.9743753091,330.8945423543,343.5166421991,330.8945423543,398.0256246909,427.0870023712,Medium,0: optimal
2017-12-22 19:00:00,2017-12-22,LightGBM,399.0000000000,430.6876262566,0.0000000000,3.6006238855,327.0991515291,330.8945423543,327.0991515291,395.3993761145,427.0870023712,Medium,0: optimal
2017-12-22 20:00:00,2017-12-22,LightGBM,395.0000000000,426.9536793263,0.1333230449,0.0000000000,327.2256328750,327.0991515291,327.2256328750,395.1333230449,427.0870023712,Medium,0: optimal
2017-12-22 21:00:00,2017-12-22,LightGBM,393.0000000000,416.0531292793,11.0338730919,0.0000000000,337.6932839902,327.2256328750,337.6932839902,404.0338730919,427.0870023712,Medium,0: optimal
2017-12-22 22:00:00,2017-12-22,LightGBM,389.0000000000,412.3843971339,14.7026052373,0.0000000000,351.6414000166,337.6932839902,351.6414000166,403.7026052373,427.0870023712,Medium,0: optimal
2017-12-22 23:00:00,2017-12-22,LightGBM,389.0000000000,411.5419308253,15.5450715459,0.0000000000,366.3887497592,351.6414000166,366.3887497592,404.5450715459,427.0870023712,Medium,0: optimal
2017-12-23 00:00:00,2017-12-23,LightGBM,389.0000000000,413.7034359457,4.3934139053,0.0000000000,370.5567081526,366.3887497592,370.5567081526,393.3934139053,418.0968498510,Medium,0: optimal
2017-12-23 01:00:00,2017-12-23,LightGBM,387.0000000000,422.2742021742,0.0000000000,4.1773523232,366.1533921758,370.5567081526,366.1533921758,382.8226476768,418.0968498510,Medium,0: optimal
2017-12-23 02:00:00,2017-12-23,LightGBM,385.0000000000,420.2863415176,0.0000000000,2.1894916666,363.8454653143,366.1533921758,363.8454653143,382.8105083334,418.0968498510,Medium,0: optimal
2017-12-23 03:00:00,2017-12-23,LightGBM,386.0000000000,413.0432528879,5.0535969631,0.0000000000,368.6397283483,363.8454653143,368.6397283483,391.0535969631,418.0968498510,Medium,0: optimal
2017-12-23 04:00:00,2017-12-23,LightGBM,385.0000000000,413.8041025502,4.2927473008,0.0000000000,372.7121860153,368.6397283483,372.7121860153,389.2927473008,418.0968498510,Medium,0: optimal
2017-12-23 05:00:00,2017-12-23,LightGBM,384.0000000000,413.3519317083,4.7449181427,0.0000000000,377.2136106079,372.7121860153,377.2136106079,388.7449181427,418.0968498510,Medium,0: optimal
2017-12-23 06:00:00,2017-12-23,LightGBM,385.0000000000,414.1363656589,3.9604841921,0.0000000000,380.9708558131,377.2136106079,380.9708558131,388.9604841921,418.0968498510,Medium,0: optimal
2017-12-23 07:00:00,2017-12-23,LightGBM,387.0000000000,412.7617246460,5.3351252049,0.0000000000,386.0321999880,380.9708558131,386.0321999880,392.3351252049,418.0968498510,Medium,0: optimal
2017-12-23 08:00:00,2017-12-23,LightGBM,382.0000000000,412.0153322233,6.0815176277,0.0000000000,391.8016341883,386.0321999880,391.8016341883,388.0815176277,418.0968498510,Medium,0: optimal
2017-12-23 09:00:00,2017-12-23,LightGBM,389.0000000000,410.3734038605,7.7234459905,0.0000000000,399.1287384028,391.8016341883,399.1287384028,396.7234459905,418.0968498510,Medium,0: optimal
2017-12-23 10:00:00,2017-12-23,LightGBM,385.0000000000,410.4634074775,7.6334423735,0.0000000000,406.3704576892,399.1287384028,406.3704576892,392.6334423735,418.0968498510,Medium,0: optimal
2017-12-23 11:00:00,2017-12-23,LightGBM,388.0000000000,413.2554138985,4.8414359525,0.0000000000,410.9634471159,406.3704576892,410.9634471159,392.8414359525,418.0968498510,Medium,0: optimal
2017-12-23 12:00:00,2017-12-23,LightGBM,394.0000000000,415.5977316788,2.4991181721,0.0000000000,413.3343187856,410.9634471159,413.3343187856,396.4991181721,418.0968498510,Medium,0: optimal
2017-12-23 13:00:00,2017-12-23,LightGBM,396.0000000000,418.0666769235,0.0301729275,0.0000000000,413.3629433380,413.3343187856,413.3629433380,396.0301729275,418.0968498510,Medium,0: optimal
2017-12-23 14:00:00,2017-12-23,LightGBM,395.0000000000,421.6947782139,0.0000000000,3.5979283629,409.5703938430,413.3629433380,409.5703938430,391.4020716371,418.0968498510,Medium,0: optimal
2017-12-23 15:00:00,2017-12-23,LightGBM,399.0000000000,421.2561199806,0.0000000000,3.1592701296,406.2402307252,409.5703938430,406.2402307252,395.8407298704,418.0968498510,Medium,0: optimal
2017-12-23 16:00:00,2017-12-23,LightGBM,399.0000000000,419.5573520663,0.0000000000,1.4605022153,404.7007262159,406.2402307252,404.7007262159,397.5394977847,418.0968498510,Medium,0: optimal
2017-12-23 17:00:00,2017-12-23,LightGBM,400.0000000000,417.3185148049,0.7783350461,0.0000000000,405.4391196744,404.7007262159,405.4391196744,400.7783350461,418.0968498510,Medium,0: optimal
2017-12-23 18:00:00,2017-12-23,LightGBM,399.0000000000,413.4295112476,4.6673386034,0.0000000000,409.8669458538,405.4391196744,409.8669458538,403.6673386034,418.0968498510,Medium,0: optimal
2017-12-23 19:00:00,2017-12-23,LightGBM,398.0000000000,428.9179031098,0.0000000000,10.8210532588,398.4605541938,409.8669458538,398.4605541938,387.1789467412,418.0968498510,Medium,0: optimal
2017-12-23 20:00:00,2017-12-23,LightGBM,396.0000000000,429.3203349917,0.0000000000,11.2234851408,386.6299620839,398.4605541938,386.6299620839,384.7765148592,418.0968498510,Medium,0: optimal
2017-12-23 21:00:00,2017-12-23,LightGBM,389.0000000000,425.3142201253,0.0000000000,7.2173702743,379.0221858227,386.6299620839,379.0221858227,381.7826297257,418.0968498510,Medium,0: optimal
2017-12-23 22:00:00,2017-12-23,LightGBM,392.0000000000,423.0659637784,0.0000000000,4.9691139274,373.7842798348,379.0221858227,373.7842798348,387.0308860726,418.0968498510,Medium,0: optimal
2017-12-23 23:00:00,2017-12-23,LightGBM,392.0000000000,425.1128657140,0.0000000000,7.0160158630,366.3887497592,373.7842798348,366.3887497592,384.9839841370,418.0968498510,Medium,0: optimal
2017-12-24 00:00:00,2017-12-24,LightGBM,391.0000000000,426.1043275274,0.0000000000,4.8579467308,361.2680242855,366.3887497592,361.2680242855,386.1420532692,421.2463807966,Medium,0: optimal
2017-12-24 01:00:00,2017-12-24,LightGBM,390.0000000000,426.1699883000,0.0000000000,4.9236075034,356.0780862803,361.2680242855,356.0780862803,385.0763924966,421.2463807966,Medium,0: optimal
2017-12-24 02:00:00,2017-12-24,LightGBM,388.0000000000,425.9670582586,0.0000000000,4.7206774620,351.1020553207,356.0780862803,351.1020553207,383.2793225380,421.2463807966,Medium,0: optimal
2017-12-24 03:00:00,2017-12-24,LightGBM,390.0000000000,414.4256254891,6.8207553075,0.0000000000,357.5727919610,351.1020553207,357.5727919610,396.8207553075,421.2463807966,Medium,0: optimal
2017-12-24 04:00:00,2017-12-24,LightGBM,387.0000000000,413.2559673353,7.9904134612,0.0000000000,365.1531637562,357.5727919610,365.1531637562,394.9904134612,421.2463807966,Medium,0: optimal
2017-12-24 05:00:00,2017-12-24,LightGBM,386.0000000000,416.5408092900,4.7055715066,0.0000000000,369.6172608522,365.1531637562,369.6172608522,390.7055715066,421.2463807966,Medium,0: optimal
2017-12-24 06:00:00,2017-12-24,LightGBM,387.0000000000,414.4092549125,6.8371258841,0.0000000000,376.1035279851,369.6172608522,376.1035279851,393.8371258841,421.2463807966,Medium,0: optimal
2017-12-24 07:00:00,2017-12-24,LightGBM,385.0000000000,415.6440759010,5.6023048956,0.0000000000,381.4183410701,376.1035279851,381.4183410701,390.6023048956,421.2463807966,Medium,0: optimal
2017-12-24 08:00:00,2017-12-24,LightGBM,388.0000000000,420.8674029901,0.3789778065,0.0000000000,381.7778709855,381.4183410701,381.7778709855,388.3789778065,421.2463807966,Medium,0: optimal
2017-12-24 09:00:00,2017-12-24,LightGBM,389.0000000000,417.0638801691,4.1825006275,0.0000000000,385.7457394749,381.7778709855,385.7457394749,393.1825006275,421.2463807966,Medium,0: optimal
2017-12-24 10:00:00,2017-12-24,LightGBM,387.0000000000,420.7235266810,0.5228541155,0.0000000000,386.2417624416,385.7457394749,386.2417624416,387.5228541155,421.2463807966,Medium,0: optimal
2017-12-24 11:00:00,2017-12-24,LightGBM,387.0000000000,419.7217488045,1.5246319921,0.0000000000,387.6881553481,386.2417624416,387.6881553481,388.5246319921,421.2463807966,Medium,0: optimal
2017-12-24 12:00:00,2017-12-24,LightGBM,389.0000000000,420.6993374465,0.5470433501,0.0000000000,388.2071262376,387.6881553481,388.2071262376,389.5470433501,421.2463807966,Medium,0: optimal
2017-12-24 13:00:00,2017-12-24,LightGBM,391.0000000000,424.4436946215,0.0000000000,3.1973138249,384.8368615440,388.2071262376,384.8368615440,387.8026861751,421.2463807966,Medium,0: optimal
2017-12-24 14:00:00,2017-12-24,LightGBM,394.0000000000,424.0385537026,0.0000000000,2.7921729060,381.8936528759,384.8368615440,381.8936528759,391.2078270940,421.2463807966,Medium,0: optimal
2017-12-24 15:00:00,2017-12-24,LightGBM,392.0000000000,424.3360147632,0.0000000000,3.0896339666,378.6368927191,381.8936528759,378.6368927191,388.9103660334,421.2463807966,Medium,0: optimal
2017-12-24 16:00:00,2017-12-24,LightGBM,393.0000000000,423.9707427152,0.0000000000,2.7243619186,375.7651631079,378.6368927191,375.7651631079,390.2756380814,421.2463807966,Medium,0: optimal
2017-12-24 17:00:00,2017-12-24,LightGBM,394.0000000000,421.7963549961,0.0000000000,0.5499741996,375.1854393996,375.7651631079,375.1854393996,393.4500258004,421.2463807966,Medium,0: optimal
2017-12-24 18:00:00,2017-12-24,LightGBM,391.0000000000,421.8294161318,0.0000000000,0.5830353352,374.5708661944,375.1854393996,374.5708661944,390.4169646648,421.2463807966,Medium,0: optimal
2017-12-24 19:00:00,2017-12-24,LightGBM,390.0000000000,425.8780478894,0.0000000000,4.6316670928,369.6886604021,374.5708661944,369.6886604021,385.3683329072,421.2463807966,Medium,0: optimal
2017-12-24 20:00:00,2017-12-24,LightGBM,394.0000000000,424.7163398147,0.0000000000,3.4699590181,366.0310024406,369.6886604021,366.0310024406,390.5300409819,421.2463807966,Medium,0: optimal
2017-12-24 21:00:00,2017-12-24,LightGBM,395.0000000000,420.3608595270,0.8855212696,0.0000000000,366.8710816791,366.0310024406,366.8710816791,395.8855212696,421.2463807966,Medium,0: optimal
2017-12-24 22:00:00,2017-12-24,LightGBM,388.0000000000,422.2151677658,0.0000000000,0.9687869693,365.8498905490,366.8710816791,365.8498905490,387.0312130307,421.2463807966,Medium,0: optimal
2017-12-24 23:00:00,2017-12-24,LightGBM,387.0000000000,420.6783733158,0.5680074808,0.0000000000,366.3887497592,365.8498905490,366.3887497592,387.5680074808,421.2463807966,Medium,0: optimal
2017-12-25 00:00:00,2017-12-25,LightGBM,387.0000000000,420.9198615655,15.4067488454,0.0000000000,381.0048750661,366.3887497592,381.0048750661,402.4067488454,436.3266104109,Medium,0: optimal
2017-12-25 01:00:00,2017-12-25,LightGBM,385.0000000000,420.6049049038,15.7217055071,0.0000000000,395.9197944975,381.0048750661,395.9197944975,400.7217055071,436.3266104109,Medium,0: optimal
2017-12-25 02:00:00,2017-12-25,LightGBM,386.0000000000,420.0375812343,16.2890291766,0.0000000000,411.3729244188,395.9197944975,411.3729244188,402.2890291766,436.3266104109,Medium,0: optimal
2017-12-25 03:00:00,2017-12-25,LightGBM,387.0000000000,418.6214022371,17.7052081738,0.0000000000,428.1695597018,411.3729244188,428.1695597018,404.7052081738,436.3266104109,Medium,0: optimal
2017-12-25 04:00:00,2017-12-25,LightGBM,387.0000000000,413.6745186568,22.6520917541,0.0000000000,449.6592208148,428.1695597018,449.6592208148,409.6520917541,436.3266104109,Medium,0: optimal
2017-12-25 05:00:00,2017-12-25,LightGBM,385.0000000000,418.4847226799,17.8418877309,0.0000000000,466.5855217108,449.6592208148,466.5855217108,402.8418877309,436.3266104109,Medium,0: optimal
2017-12-25 06:00:00,2017-12-25,LightGBM,385.0000000000,418.9656278124,17.3609825985,0.0000000000,483.0555959397,466.5855217108,483.0555959397,402.3609825985,436.3266104109,Medium,0: optimal
2017-12-25 07:00:00,2017-12-25,LightGBM,382.0000000000,419.7302490861,16.5963613248,0.0000000000,498.8002867369,483.0555959397,498.8002867369,398.5963613248,436.3266104109,Medium,0: optimal
2017-12-25 08:00:00,2017-12-25,LightGBM,384.0000000000,428.1132473746,8.2133630363,0.0000000000,506.5921670702,498.8002867369,506.5921670702,392.2133630363,436.3266104109,Medium,0: optimal
2017-12-25 09:00:00,2017-12-25,LightGBM,384.0000000000,431.7447667886,4.5818436223,0.0000000000,510.9388855890,506.5921670702,510.9388855890,388.5818436223,436.3266104109,Medium,0: optimal
2017-12-25 10:00:00,2017-12-25,LightGBM,385.0000000000,447.3152764915,0.0000000000,10.9886660806,499.3558145017,510.9388855890,499.3558145017,374.0113339194,436.3266104109,Medium,0: optimal
2017-12-25 11:00:00,2017-12-25,LightGBM,385.0000000000,458.9129515663,0.0000000000,22.5863411555,475.5477204815,499.3558145017,475.5477204815,362.4136588445,436.3266104109,Medium,0: optimal
2017-12-25 12:00:00,2017-12-25,LightGBM,388.0000000000,457.9216059317,0.0000000000,21.5949955209,452.7845965124,475.5477204815,452.7845965124,366.4050044791,436.3266104109,Medium,0: optimal
2017-12-25 13:00:00,2017-12-25,LightGBM,390.0000000000,457.3817773205,0.0000000000,21.0551669096,430.5905018627,452.7845965124,430.5905018627,368.9448330904,436.3266104109,Medium,0: optimal
2017-12-25 14:00:00,2017-12-25,LightGBM,389.0000000000,459.2894275265,0.0000000000,22.9628171156,406.3855673363,430.5905018627,406.3855673363,366.0371828844,436.3266104109,Medium,0: optimal
2017-12-25 15:00:00,2017-12-25,LightGBM,387.0000000000,455.2965105835,0.0000000000,18.9699001726,386.3895368258,406.3855673363,386.3895368258,368.0300998274,436.3266104109,Medium,0: optimal
2017-12-25 16:00:00,2017-12-25,LightGBM,390.0000000000,454.8579612127,0.0000000000,18.5313508018,366.8557779413,386.3895368258,366.8557779413,371.4686491982,436.3266104109,Medium,0: optimal
2017-12-25 17:00:00,2017-12-25,LightGBM,390.0000000000,452.7276721430,0.0000000000,16.4010617321,349.5675409018,366.8557779413,349.5675409018,373.5989382679,436.3266104109,Medium,0: optimal
2017-12-25 18:00:00,2017-12-25,LightGBM,387.0000000000,448.2770601510,0.0000000000,11.9504497401,336.9706608211,349.5675409018,336.9706608211,375.0495502599,436.3266104109,Medium,0: optimal
2017-12-25 19:00:00,2017-12-25,LightGBM,386.0000000000,436.9876060572,0.0000000000,0.6609956464,336.2739102324,336.9706608211,336.2739102324,385.3390043536,436.3266104109,Medium,0: optimal
2017-12-25 20:00:00,2017-12-25,LightGBM,383.0000000000,437.8614431964,0.0000000000,1.5348327855,334.6560544225,336.2739102324,334.6560544225,381.4651672145,436.3266104109,Medium,0: optimal
2017-12-25 21:00:00,2017-12-25,LightGBM,383.0000000000,428.2102941578,8.1163162531,0.0000000000,342.3558680935,334.6560544225,342.3558680935,391.1163162531,436.3266104109,Medium,0: optimal
2017-12-25 22:00:00,2017-12-25,LightGBM,382.0000000000,424.1418457337,12.1847646772,0.0000000000,353.9153508335,342.3558680935,353.9153508335,394.1847646772,436.3266104109,Medium,0: optimal
2017-12-25 23:00:00,2017-12-25,LightGBM,382.0000000000,423.1784934878,13.1481169231,0.0000000000,366.3887497592,353.9153508335,366.3887497592,395.1481169231,436.3266104109,Medium,0: optimal
2017-12-26 00:00:00,2017-12-26,LightGBM,379.0000000000,418.1208412708,9.8203984905,0.0000000000,375.7051977873,366.3887497592,375.7051977873,388.8203984905,427.9412397613,Medium,0: optimal
2017-12-26 01:00:00,2017-12-26,LightGBM,382.0000000000,415.2530102112,12.6882295501,0.0000000000,387.7423092433,375.7051977873,387.7423092433,394.6882295501,427.9412397613,Medium,0: optimal
2017-12-26 02:00:00,2017-12-26,LightGBM,382.0000000000,413.9304022962,14.0108374651,0.0000000000,401.0341567381,387.7423092433,401.0341567381,396.0108374651,427.9412397613,Medium,0: optimal
2017-12-26 03:00:00,2017-12-26,LightGBM,383.0000000000,412.1020412540,15.8391985073,0.0000000000,416.0605398165,401.0341567381,416.0605398165,398.8391985073,427.9412397613,Medium,0: optimal
2017-12-26 04:00:00,2017-12-26,LightGBM,381.0000000000,412.5858852091,15.3553545522,0.0000000000,430.6279082158,416.0605398165,430.6279082158,396.3553545522,427.9412397613,Medium,0: optimal
2017-12-26 05:00:00,2017-12-26,LightGBM,383.0000000000,411.9783087234,15.9629310379,0.0000000000,445.7716742794,430.6279082158,445.7716742794,398.9629310379,427.9412397613,Medium,0: optimal
2017-12-26 06:00:00,2017-12-26,LightGBM,382.0000000000,412.8037716269,15.1374681344,0.0000000000,460.1323374732,445.7716742794,460.1323374732,397.1374681344,427.9412397613,Medium,0: optimal
2017-12-26 07:00:00,2017-12-26,LightGBM,381.0000000000,420.9970968070,6.9441429542,0.0000000000,466.7201299131,460.1323374732,466.7201299131,387.9441429542,427.9412397613,Medium,0: optimal
2017-12-26 08:00:00,2017-12-26,LightGBM,381.0000000000,432.9142182629,0.0000000000,4.9729785017,461.4781503064,466.7201299131,461.4781503064,376.0270214983,427.9412397613,Medium,0: optimal
2017-12-26 09:00:00,2017-12-26,LightGBM,381.0000000000,428.2285775811,0.0000000000,0.2873378199,461.1752696501,461.4781503064,461.1752696501,380.7126621801,427.9412397613,Medium,0: optimal
2017-12-26 10:00:00,2017-12-26,LightGBM,385.0000000000,440.6386046990,0.0000000000,12.6973649377,447.7910718216,461.1752696501,447.7910718216,372.3026350623,427.9412397613,Medium,0: optimal
2017-12-26 11:00:00,2017-12-26,LightGBM,392.0000000000,445.9880891363,0.0000000000,18.0468493751,428.7680222832,447.7910718216,428.7680222832,373.9531506249,427.9412397613,Medium,0: optimal
2017-12-26 12:00:00,2017-12-26,LightGBM,393.0000000000,447.2900774824,0.0000000000,19.3488377212,408.3725565246,428.7680222832,408.3725565246,373.6511622788,427.9412397613,Medium,0: optimal
2017-12-26 13:00:00,2017-12-26,LightGBM,394.0000000000,436.9444081524,0.0000000000,9.0031683911,398.8823837666,408.3725565246,398.8823837666,384.9968316089,427.9412397613,Medium,0: optimal
2017-12-26 14:00:00,2017-12-26,LightGBM,396.0000000000,441.0082078195,0.0000000000,13.0669680582,385.1085900410,398.8823837666,385.1085900410,382.9330319418,427.9412397613,Medium,0: optimal
2017-12-26 15:00:00,2017-12-26,LightGBM,397.0000000000,437.6314832570,0.0000000000,9.6902434957,374.8941765317,385.1085900410,374.8941765317,387.3097565043,427.9412397613,Medium,0: optimal
2017-12-26 16:00:00,2017-12-26,LightGBM,399.0000000000,436.5313559641,0.0000000000,8.5901162029,365.8393990095,374.8941765317,365.8393990095,390.4098837971,427.9412397613,Medium,0: optimal
2017-12-26 17:00:00,2017-12-26,LightGBM,400.0000000000,433.1371576767,0.0000000000,5.1959179154,360.3624206268,365.8393990095,360.3624206268,394.8040820846,427.9412397613,Medium,0: optimal
2017-12-26 18:00:00,2017-12-26,LightGBM,396.0000000000,426.3346674128,1.6065723485,0.0000000000,361.8865489810,360.3624206268,361.8865489810,397.6065723485,427.9412397613,Medium,0: optimal
2017-12-26 19:00:00,2017-12-26,LightGBM,396.0000000000,422.5475032066,5.3937365546,0.0000000000,367.0034967644,361.8865489810,367.0034967644,401.3937365546,427.9412397613,Medium,0: optimal
2017-12-26 20:00:00,2017-12-26,LightGBM,392.0000000000,427.2871695871,0.6540701742,0.0000000000,367.6240022144,367.0034967644,367.6240022144,392.6540701742,427.9412397613,Medium,0: optimal
2017-12-26 21:00:00,2017-12-26,LightGBM,386.0000000000,428.2417845624,0.0000000000,0.3005448011,367.3072001776,367.6240022144,367.3072001776,385.6994551989,427.9412397613,Medium,0: optimal
2017-12-26 22:00:00,2017-12-26,LightGBM,385.0000000000,428.7408091796,0.0000000000,0.7995694183,366.4643800078,367.3072001776,366.4643800078,384.2004305817,427.9412397613,Medium,0: optimal
2017-12-26 23:00:00,2017-12-26,LightGBM,384.0000000000,428.0129889150,0.0000000000,0.0717491537,366.3887497592,366.4643800078,366.3887497592,383.9282508463,427.9412397613,Medium,0: optimal
2017-12-27 00:00:00,2017-12-27,LightGBM,385.0000000000,430.1046000813,0.0000000000,2.3502646161,363.9113533289,366.3887497592,363.9113533289,382.6497353839,427.7543354651,Medium,0: optimal
2017-12-27 01:00:00,2017-12-27,LightGBM,386.0000000000,424.0472687753,3.7070666899,0.0000000000,367.4281855823,363.9113533289,367.4281855823,389.7070666899,427.7543354651,Medium,0: optimal
2017-12-27 02:00:00,2017-12-27,LightGBM,385.0000000000,428.0468060469,0.0000000000,0.2924705818,367.1198945200,367.4281855823,367.1198945200,384.7075294182,427.7543354651,Medium,0: optimal
2017-12-27 03:00:00,2017-12-27,LightGBM,386.0000000000,421.7936493586,5.9606861065,0.0000000000,372.7746978742,367.1198945200,372.7746978742,391.9606861065,427.7543354651,Medium,0: optimal
2017-12-27 04:00:00,2017-12-27,LightGBM,384.0000000000,423.5505816949,4.2037537702,0.0000000000,376.7627288651,372.7746978742,376.7627288651,388.2037537702,427.7543354651,Medium,0: optimal
2017-12-27 05:00:00,2017-12-27,LightGBM,385.0000000000,424.9276406865,2.8266947786,0.0000000000,379.4443669902,376.7627288651,379.4443669902,387.8266947786,427.7543354651,Medium,0: optimal
2017-12-27 06:00:00,2017-12-27,LightGBM,383.0000000000,424.8236925441,2.9306429210,0.0000000000,382.2246189820,379.4443669902,382.2246189820,385.9306429210,427.7543354651,Medium,0: optimal
2017-12-27 07:00:00,2017-12-27,LightGBM,386.0000000000,423.7069127544,4.0474227107,0.0000000000,386.0643413078,382.2246189820,386.0643413078,390.0474227107,427.7543354651,Medium,0: optimal
2017-12-27 08:00:00,2017-12-27,LightGBM,385.0000000000,430.9298752006,0.0000000000,3.1755397354,382.7170285197,386.0643413078,382.7170285197,381.8244602646,427.7543354651,Medium,0: optimal
2017-12-27 09:00:00,2017-12-27,LightGBM,389.0000000000,428.6244889011,0.0000000000,0.8701534359,381.7998062625,382.7170285197,381.7998062625,388.1298465641,427.7543354651,Medium,0: optimal
2017-12-27 10:00:00,2017-12-27,LightGBM,401.0000000000,428.0421903653,0.0000000000,0.2878549002,381.4963805558,381.7998062625,381.4963805558,400.7121450998,427.7543354651,Medium,0: optimal
2017-12-27 11:00:00,2017-12-27,LightGBM,407.0000000000,429.5308534340,0.0000000000,1.7765179689,379.6237661939,381.4963805558,379.6237661939,405.2234820311,427.7543354651,Medium,0: optimal
2017-12-27 12:00:00,2017-12-27,LightGBM,413.0000000000,428.7347218018,0.0000000000,0.9803863366,378.5903482570,379.6237661939,378.5903482570,412.0196136634,427.7543354651,Medium,0: optimal
2017-12-27 13:00:00,2017-12-27,LightGBM,413.0000000000,429.5662690490,0.0000000000,1.8119335839,376.6804025590,378.5903482570,376.6804025590,411.1880664161,427.7543354651,Medium,0: optimal
2017-12-27 14:00:00,2017-12-27,LightGBM,424.0000000000,431.0804067362,0.0000000000,3.3260712711,373.1744156001,376.6804025590,373.1744156001,420.6739287289,427.7543354651,Medium,0: optimal
2017-12-27 15:00:00,2017-12-27,LightGBM,426.0000000000,430.5997707204,0.0000000000,2.8454352553,370.1750634863,373.1744156001,370.1750634863,423.1545647447,427.7543354651,Medium,0: optimal
2017-12-27 16:00:00,2017-12-27,LightGBM,424.0000000000,431.8430543464,0.0000000000,4.0887188812,365.8651753608,370.1750634863,365.8651753608,419.9112811188,427.7543354651,Medium,0: optimal
2017-12-27 17:00:00,2017-12-27,LightGBM,426.0000000000,431.2541244110,0.0000000000,3.4997889459,362.1760738945,365.8651753608,362.1760738945,422.5002110541,427.7543354651,Medium,0: optimal
2017-12-27 18:00:00,2017-12-27,LightGBM,419.0000000000,430.3013841752,0.0000000000,2.5470487100,359.4912488161,362.1760738945,359.4912488161,416.4529512900,427.7543354651,Medium,0: optimal
2017-12-27 19:00:00,2017-12-27,LightGBM,414.0000000000,429.1629680328,0.0000000000,1.4086325677,358.0064197161,359.4912488161,358.0064197161,412.5913674323,427.7543354651,Medium,0: optimal
2017-12-27 20:00:00,2017-12-27,LightGBM,412.0000000000,428.1472758469,0.0000000000,0.3929403818,357.5922241857,358.0064197161,357.5922241857,411.6070596182,427.7543354651,Medium,0: optimal
2017-12-27 21:00:00,2017-12-27,LightGBM,410.0000000000,423.6201429983,4.1341924669,0.0000000000,361.5142635300,357.5922241857,361.5142635300,414.1341924669,427.7543354651,Medium,0: optimal
2017-12-27 22:00:00,2017-12-27,LightGBM,404.0000000000,424.3203488400,3.4339866251,0.0000000000,364.7720292870,361.5142635300,364.7720292870,407.4339866251,427.7543354651,Medium,0: optimal
2017-12-27 23:00:00,2017-12-27,LightGBM,403.0000000000,426.0501624545,1.7041730107,0.0000000000,366.3887497592,364.7720292870,366.3887497592,404.7041730107,427.7543354651,Medium,0: optimal
2017-12-28 00:00:00,2017-12-28,LightGBM,402.0000000000,420.2217474655,6.0455509150,0.0000000000,372.1240629398,366.3887497592,372.1240629398,408.0455509150,426.2672983806,Medium,0: optimal
2017-12-28 01:00:00,2017-12-28,LightGBM,402.0000000000,419.0760994261,7.1911989545,0.0000000000,378.9462332808,372.1240629398,378.9462332808,409.1911989545,426.2672983806,Medium,0: optimal
2017-12-28 02:00:00,2017-12-28,LightGBM,401.0000000000,418.2425434001,8.0247549804,0.0000000000,386.5591843017,378.9462332808,386.5591843017,409.0247549804,426.2672983806,Medium,0: optimal
2017-12-28 03:00:00,2017-12-28,LightGBM,400.0000000000,416.3201582316,9.9471401489,0.0000000000,395.9958700244,386.5591843017,395.9958700244,409.9471401489,426.2672983806,Medium,0: optimal
2017-12-28 04:00:00,2017-12-28,LightGBM,400.0000000000,418.3281888965,7.9391094841,0.0000000000,403.5275705933,395.9958700244,403.5275705933,407.9391094841,426.2672983806,Medium,0: optimal
2017-12-28 05:00:00,2017-12-28,LightGBM,400.0000000000,416.8585190571,9.4087793234,0.0000000000,412.4535223925,403.5275705933,412.4535223925,409.4087793234,426.2672983806,Medium,0: optimal
2017-12-28 06:00:00,2017-12-28,LightGBM,397.0000000000,422.4933941606,3.7739042200,0.0000000000,416.0337622944,412.4535223925,416.0337622944,400.7739042200,426.2672983806,Medium,0: optimal
2017-12-28 07:00:00,2017-12-28,LightGBM,399.0000000000,422.0632229239,4.2040754567,0.0000000000,420.0220984640,416.0337622944,420.0220984640,403.2040754567,426.2672983806,Medium,0: optimal
2017-12-28 08:00:00,2017-12-28,LightGBM,414.0000000000,421.9338659381,4.3334324425,0.0000000000,424.1331534453,420.0220984640,424.1331534453,418.3334324425,426.2672983806,Medium,0: optimal
2017-12-28 09:00:00,2017-12-28,LightGBM,400.0000000000,423.5689429416,2.6983554390,0.0000000000,426.6930381825,424.1331534453,426.6930381825,402.6983554390,426.2672983806,Medium,0: optimal
2017-12-28 10:00:00,2017-12-28,LightGBM,414.0000000000,429.8464549829,0.0000000000,3.5791566023,422.9202758607,426.6930381825,422.9202758607,410.4208433977,426.2672983806,Medium,0: optimal
2017-12-28 11:00:00,2017-12-28,LightGBM,420.0000000000,427.6127681636,0.0000000000,1.3454697830,421.5020261816,422.9202758607,421.5020261816,418.6545302170,426.2672983806,Medium,0: optimal
2017-12-28 12:00:00,2017-12-28,LightGBM,422.0000000000,430.0641165770,0.0000000000,3.7968181964,417.4998283941,421.5020261816,417.4998283941,418.2031818036,426.2672983806,Medium,0: optimal
2017-12-28 13:00:00,2017-12-28,LightGBM,427.0000000000,427.6356309364,0.0000000000,1.3683325558,416.0574792365,417.4998283941,416.0574792365,425.6316674442,426.2672983806,Medium,0: optimal
2017-12-28 14:00:00,2017-12-28,LightGBM,426.0000000000,439.4593088972,0.0000000000,13.1920105166,402.1518791867,416.0574792365,402.1518791867,412.8079894834,426.2672983806,Medium,0: optimal
2017-12-28 15:00:00,2017-12-28,LightGBM,427.0000000000,443.7552082513,0.0000000000,17.4879098707,383.7180036176,402.1518791867,383.7180036176,409.5120901293,426.2672983806,Medium,0: optimal
2017-12-28 16:00:00,2017-12-28,LightGBM,426.0000000000,443.0287215255,0.0000000000,16.7614231450,366.0499122963,383.7180036176,366.0499122963,409.2385768550,426.2672983806,Medium,0: optimal
2017-12-28 17:00:00,2017-12-28,LightGBM,427.0000000000,440.4408611245,0.0000000000,14.1735627439,351.1096653529,366.0499122963,351.1096653529,412.8264372561,426.2672983806,Medium,0: optimal
2017-12-28 18:00:00,2017-12-28,LightGBM,424.0000000000,430.7976342724,0.0000000000,4.5303358919,346.3342720250,351.1096653529,346.3342720250,419.4696641081,426.2672983806,Medium,0: optimal
2017-12-28 19:00:00,2017-12-28,LightGBM,419.0000000000,420.6909001160,5.5763982645,0.0000000000,351.6245079218,346.3342720250,351.6245079218,424.5763982645,426.2672983806,Medium,0: optimal
2017-12-28 20:00:00,2017-12-28,LightGBM,414.0000000000,419.5728112565,6.6944871241,0.0000000000,357.9754560454,351.6245079218,357.9754560454,420.6944871241,426.2672983806,Medium,0: optimal
2017-12-28 21:00:00,2017-12-28,LightGBM,407.0000000000,420.0686890396,6.1986093410,0.0000000000,363.8559731984,357.9754560454,363.8559731984,413.1986093410,426.2672983806,Medium,0: optimal
2017-12-28 22:00:00,2017-12-28,LightGBM,403.0000000000,425.6552262797,0.6120721008,0.0000000000,364.4366357776,363.8559731984,364.4366357776,403.6120721008,426.2672983806,Medium,0: optimal
2017-12-28 23:00:00,2017-12-28,LightGBM,404.0000000000,424.2095895692,2.0577088114,0.0000000000,366.3887497592,364.4366357776,366.3887497592,406.0577088114,426.2672983806,Medium,0: optimal
2017-12-29 00:00:00,2017-12-29,LightGBM,403.0000000000,417.6080799130,5.0787677417,0.0000000000,371.2068918904,366.3887497592,371.2068918904,408.0787677417,422.6868476547,Medium,0: optimal
2017-12-29 01:00:00,2017-12-29,LightGBM,399.0000000000,419.6259301315,3.0609175232,0.0000000000,374.1107332214,371.2068918904,374.1107332214,402.0609175232,422.6868476547,Medium,0: optimal
2017-12-29 02:00:00,2017-12-29,LightGBM,396.0000000000,421.1441572126,1.5426904421,0.0000000000,375.5742578779,374.1107332214,375.5742578779,397.5426904421,422.6868476547,Medium,0: optimal
2017-12-29 03:00:00,2017-12-29,LightGBM,396.0000000000,413.6734225874,9.0134250673,0.0000000000,384.1251436975,375.5742578779,384.1251436975,405.0134250673,422.6868476547,Medium,0: optimal
2017-12-29 04:00:00,2017-12-29,LightGBM,397.0000000000,413.9249970913,8.7618505634,0.0000000000,392.4373649871,384.1251436975,392.4373649871,405.7618505634,422.6868476547,Medium,0: optimal
2017-12-29 05:00:00,2017-12-29,LightGBM,400.0000000000,417.0902751233,5.5965725314,0.0000000000,397.7467398739,392.4373649871,397.7467398739,405.5965725314,422.6868476547,Medium,0: optimal
2017-12-29 06:00:00,2017-12-29,LightGBM,395.0000000000,417.4308719819,5.2559756728,0.0000000000,402.7329962097,397.7467398739,402.7329962097,400.2559756728,422.6868476547,Medium,0: optimal
2017-12-29 07:00:00,2017-12-29,LightGBM,397.0000000000,421.7827500201,0.9040976346,0.0000000000,403.5906985354,402.7329962097,403.5906985354,397.9040976346,422.6868476547,Medium,0: optimal
2017-12-29 08:00:00,2017-12-29,LightGBM,403.0000000000,419.2465998549,3.4402477998,0.0000000000,406.8544041642,403.5906985354,406.8544041642,406.4402477998,422.6868476547,Medium,0: optimal
2017-12-29 09:00:00,2017-12-29,LightGBM,401.0000000000,423.1123806754,0.0000000000,0.4255330207,406.4058529759,406.8544041642,406.4058529759,400.5744669793,422.6868476547,Medium,0: optimal
2017-12-29 10:00:00,2017-12-29,LightGBM,411.0000000000,417.9350898536,4.7517578011,0.0000000000,410.9137662382,406.4058529759,410.9137662382,415.7517578011,422.6868476547,Medium,0: optimal
2017-12-29 11:00:00,2017-12-29,LightGBM,418.0000000000,426.9445233546,0.0000000000,4.2576756999,406.4257819882,410.9137662382,406.4257819882,413.7423243001,422.6868476547,Medium,0: optimal
2017-12-29 12:00:00,2017-12-29,LightGBM,426.0000000000,427.6922307273,0.0000000000,5.0053830726,401.1496449645,406.4257819882,401.1496449645,420.9946169274,422.6868476547,Medium,0: optimal
2017-12-29 13:00:00,2017-12-29,LightGBM,430.0000000000,432.5167480334,0.0000000000,9.8299003787,390.7880201748,401.1496449645,390.7880201748,420.1700996213,422.6868476547,Medium,0: optimal
2017-12-29 14:00:00,2017-12-29,LightGBM,427.0000000000,433.4636737598,0.0000000000,10.7768261051,379.4282480282,390.7880201748,379.4282480282,416.2231738949,422.6868476547,Medium,0: optimal
2017-12-29 15:00:00,2017-12-29,LightGBM,426.0000000000,433.5671480363,0.0000000000,10.8803003816,367.9594044173,379.4282480282,367.9594044173,415.1196996184,422.6868476547,Medium,0: optimal
2017-12-29 16:00:00,2017-12-29,LightGBM,424.0000000000,430.2144342151,0.0000000000,7.5275865604,360.0246314791,367.9594044173,360.0246314791,416.4724134396,422.6868476547,Medium,0: optimal
2017-12-29 17:00:00,2017-12-29,LightGBM,429.0000000000,429.4591658265,0.0000000000,6.7723181718,352.8859813250,360.0246314791,352.8859813250,422.2276818282,422.6868476547,Medium,0: optimal
2017-12-29 18:00:00,2017-12-29,LightGBM,420.0000000000,426.3414414858,0.0000000000,3.6545938311,349.0337011820,352.8859813250,349.0337011820,416.3454061689,422.6868476547,Medium,0: optimal
2017-12-29 19:00:00,2017-12-29,LightGBM,412.0000000000,420.5217309622,2.1651166925,0.0000000000,351.0877112265,349.0337011820,351.0877112265,414.1651166925,422.6868476547,Medium,0: optimal
2017-12-29 20:00:00,2017-12-29,LightGBM,408.0000000000,419.1390561015,3.5477915532,0.0000000000,354.4534418180,351.0877112265,354.4534418180,411.5477915532,422.6868476547,Medium,0: optimal
2017-12-29 21:00:00,2017-12-29,LightGBM,407.0000000000,418.6097891921,4.0770584626,0.0000000000,358.3212790866,354.4534418180,358.3212790866,411.0770584626,422.6868476547,Medium,0: optimal
2017-12-29 22:00:00,2017-12-29,LightGBM,401.0000000000,419.6043024363,3.0825452184,0.0000000000,361.2456382508,358.3212790866,361.2456382508,404.0825452184,422.6868476547,Medium,0: optimal
2017-12-29 23:00:00,2017-12-29,LightGBM,405.0000000000,417.2655321124,5.4213155423,0.0000000000,366.3887497592,361.2456382508,366.3887497592,410.4213155423,422.6868476547,Medium,0: optimal
2017-12-30 00:00:00,2017-12-30,LightGBM,403.0000000000,420.5871154433,0.0000000000,3.2206583346,362.9938777917,366.3887497592,362.9938777917,399.7793416654,417.3664571087,Medium,0: optimal
2017-12-30 01:00:00,2017-12-30,LightGBM,405.0000000000,425.1057528568,0.0000000000,7.7392957481,354.8359437751,362.9938777917,354.8359437751,397.2607042519,417.3664571087,Medium,0: optimal
2017-12-30 02:00:00,2017-12-30,LightGBM,403.0000000000,424.8682613651,0.0000000000,7.5018042564,346.9283477714,354.8359437751,346.9283477714,395.4981957436,417.3664571087,Medium,0: optimal
2017-12-30 03:00:00,2017-12-30,LightGBM,404.0000000000,417.8472363259,0.0000000000,0.4807792172,346.4215619788,346.9283477714,346.4215619788,403.5192207828,417.3664571087,Medium,0: optimal
2017-12-30 04:00:00,2017-12-30,LightGBM,403.0000000000,417.6170521345,0.0000000000,0.2505950258,346.1574116282,346.4215619788,346.1574116282,402.7494049742,417.3664571087,Medium,0: optimal
2017-12-30 05:00:00,2017-12-30,LightGBM,403.0000000000,416.9778958941,0.3885612146,0.0000000000,346.5260331627,346.1574116282,346.5260331627,403.3885612146,417.3664571087,Medium,0: optimal
2017-12-30 06:00:00,2017-12-30,LightGBM,400.0000000000,413.6310114797,3.7354456290,0.0000000000,350.0697880417,346.5260331627,350.0697880417,403.7354456290,417.3664571087,Medium,0: optimal
2017-12-30 07:00:00,2017-12-30,LightGBM,402.0000000000,414.7759653893,2.5904917194,0.0000000000,352.5273442696,350.0697880417,352.5273442696,404.5904917194,417.3664571087,Medium,0: optimal
2017-12-30 08:00:00,2017-12-30,LightGBM,402.0000000000,411.5652036622,5.8012534465,0.0000000000,358.0308965220,352.5273442696,358.0308965220,407.8012534465,417.3664571087,Medium,0: optimal
2017-12-30 09:00:00,2017-12-30,LightGBM,403.0000000000,412.0015152485,5.3649418602,0.0000000000,363.1205272598,358.0308965220,363.1205272598,408.3649418602,417.3664571087,Medium,0: optimal
2017-12-30 10:00:00,2017-12-30,LightGBM,399.0000000000,409.0426642737,8.3237928350,0.0000000000,371.0171704988,363.1205272598,371.0171704988,407.3237928350,417.3664571087,Medium,0: optimal
2017-12-30 11:00:00,2017-12-30,LightGBM,403.0000000000,413.9914637865,3.3749933222,0.0000000000,374.2189702947,371.0171704988,374.2189702947,406.3749933222,417.3664571087,Medium,0: optimal
2017-12-30 12:00:00,2017-12-30,LightGBM,408.0000000000,415.2521292811,2.1143278276,0.0000000000,376.2247977914,374.2189702947,376.2247977914,410.1143278276,417.3664571087,Medium,0: optimal
2017-12-30 13:00:00,2017-12-30,LightGBM,409.0000000000,419.9375082857,0.0000000000,2.5710511771,373.5146718913,376.2247977914,373.5146718913,406.4289488229,417.3664571087,Medium,0: optimal
2017-12-30 14:00:00,2017-12-30,LightGBM,411.0000000000,420.1211108899,0.0000000000,2.7546537813,370.6110118533,373.5146718913,370.6110118533,408.2453462187,417.3664571087,Medium,0: optimal
2017-12-30 15:00:00,2017-12-30,LightGBM,411.0000000000,420.2124253012,0.0000000000,2.8459681925,367.6110979744,370.6110118533,367.6110979744,408.1540318075,417.3664571087,Medium,0: optimal
2017-12-30 16:00:00,2017-12-30,LightGBM,408.0000000000,420.1721527967,0.0000000000,2.8056956880,364.6536350426,367.6110979744,364.6536350426,405.1943043120,417.3664571087,Medium,0: optimal
2017-12-30 17:00:00,2017-12-30,LightGBM,410.0000000000,420.2734312354,0.0000000000,2.9069741267,361.5894152627,364.6536350426,361.5894152627,407.0930258733,417.3664571087,Medium,0: optimal
2017-12-30 18:00:00,2017-12-30,LightGBM,410.0000000000,420.0458026595,0.0000000000,2.6793455509,358.7651370696,361.5894152627,358.7651370696,407.3206544491,417.3664571087,Medium,0: optimal
2017-12-30 19:00:00,2017-12-30,LightGBM,408.0000000000,413.2940780403,4.0723790684,0.0000000000,362.6285350751,358.7651370696,362.6285350751,412.0723790684,417.3664571087,Medium,0: optimal
2017-12-30 20:00:00,2017-12-30,LightGBM,407.0000000000,414.6110589446,2.7553981641,0.0000000000,365.2425352929,362.6285350751,365.2425352929,409.7553981641,417.3664571087,Medium,0: optimal
2017-12-30 21:00:00,2017-12-30,LightGBM,407.0000000000,411.3354602878,6.0309968208,0.0000000000,370.9640412474,365.2425352929,370.9640412474,413.0309968208,417.3664571087,Medium,0: optimal
2017-12-30 22:00:00,2017-12-30,LightGBM,404.0000000000,420.7719217843,0.0000000000,3.4054646756,367.3743662920,370.9640412474,367.3743662920,400.5945353244,417.3664571087,Medium,0: optimal
2017-12-30 23:00:00,2017-12-30,LightGBM,404.0000000000,418.3014950517,0.0000000000,0.9350379430,366.3887497592,367.3743662920,366.3887497592,403.0649620570,417.3664571087,Medium,0: optimal
2017-12-31 00:00:00,2017-12-31,LightGBM,402.0000000000,421.2533965231,0.0000000000,6.0983412496,359.9605336599,366.3887497592,359.9605336599,395.9016587504,415.1550552734,Medium,0: optimal
2017-12-31 01:00:00,2017-12-31,LightGBM,401.0000000000,419.6207462714,0.0000000000,4.4656909979,355.2532820333,359.9605336599,355.2532820333,396.5343090021,415.1550552734,Medium,0: optimal
2017-12-31 02:00:00,2017-12-31,LightGBM,398.0000000000,422.6056264499,0.0000000000,7.4505711764,347.3996904377,355.2532820333,347.3996904377,390.5494288236,415.1550552734,Medium,0: optimal
2017-12-31 03:00:00,2017-12-31,LightGBM,402.0000000000,408.8525833197,6.3024719537,0.0000000000,353.3787403167,347.3996904377,353.3787403167,408.3024719537,415.1550552734,Medium,0: optimal
2017-12-31 04:00:00,2017-12-31,LightGBM,400.0000000000,413.4312682654,1.7237870081,0.0000000000,355.0140682607,353.3787403167,355.0140682607,401.7237870081,415.1550552734,Medium,0: optimal
2017-12-31 05:00:00,2017-12-31,LightGBM,401.0000000000,410.3199891648,4.8350661086,0.0000000000,359.6010147229,355.0140682607,359.6010147229,405.8350661086,415.1550552734,Medium,0: optimal
2017-12-31 06:00:00,2017-12-31,LightGBM,399.0000000000,414.4608960988,0.6941591747,0.0000000000,360.2595519381,359.6010147229,360.2595519381,399.6941591747,415.1550552734,Medium,0: optimal
2017-12-31 07:00:00,2017-12-31,LightGBM,400.0000000000,405.1712816939,9.9837735795,0.0000000000,369.7309911845,360.2595519381,369.7309911845,409.9837735795,415.1550552734,Medium,0: optimal
2017-12-31 08:00:00,2017-12-31,LightGBM,402.0000000000,411.0400378863,4.1150173872,0.0000000000,373.6348394509,369.7309911845,373.6348394509,406.1150173872,415.1550552734,Medium,0: optimal
2017-12-31 09:00:00,2017-12-31,LightGBM,400.0000000000,406.2578427263,8.8972125472,0.0000000000,382.0754763936,373.6348394509,382.0754763936,408.8972125472,415.1550552734,Medium,0: optimal
2017-12-31 10:00:00,2017-12-31,LightGBM,398.0000000000,417.8624489844,0.0000000000,2.7073937109,379.2216328438,382.0754763936,379.2216328438,395.2926062891,415.1550552734,Medium,0: optimal
2017-12-31 11:00:00,2017-12-31,LightGBM,399.0000000000,415.4658264738,0.0000000000,0.3107712004,378.8940512357,379.2216328438,378.8940512357,398.6892287996,415.1550552734,Medium,0: optimal
2017-12-31 12:00:00,2017-12-31,LightGBM,399.0000000000,410.1526298849,5.0024253886,0.0000000000,383.6397686516,378.8940512357,383.6397686516,404.0024253886,415.1550552734,Medium,0: optimal
2017-12-31 13:00:00,2017-12-31,LightGBM,401.0000000000,412.9814251398,2.1736301337,0.0000000000,385.7018552555,383.6397686516,385.7018552555,403.1736301337,415.1550552734,Medium,0: optimal
2017-12-31 14:00:00,2017-12-31,LightGBM,403.0000000000,412.9616498007,2.1934054728,0.0000000000,387.7827023934,385.7018552555,387.7827023934,405.1934054728,415.1550552734,Medium,0: optimal
2017-12-31 15:00:00,2017-12-31,LightGBM,401.0000000000,415.6777772034,0.0000000000,0.5227219299,387.2317050996,387.7827023934,387.2317050996,400.4772780701,415.1550552734,Medium,0: optimal
2017-12-31 16:00:00,2017-12-31,LightGBM,402.0000000000,417.1159125733,0.0000000000,1.9608572999,385.1647800215,387.2317050996,385.1647800215,400.0391427001,415.1550552734,Medium,0: optimal
2017-12-31 17:00:00,2017-12-31,LightGBM,404.0000000000,416.0731748540,0.0000000000,0.9181195806,384.1969970085,385.1647800215,384.1969970085,403.0818804194,415.1550552734,Medium,0: optimal
2017-12-31 18:00:00,2017-12-31,LightGBM,399.0000000000,419.0910072325,0.0000000000,3.9359519590,380.0481393580,384.1969970085,380.0481393580,395.0640480410,415.1550552734,Medium,0: optimal
2017-12-31 19:00:00,2017-12-31,LightGBM,400.0000000000,418.8441291920,0.0000000000,3.6890739185,376.1595140116,380.0481393580,376.1595140116,396.3109260815,415.1550552734,Medium,0: optimal
2017-12-31 20:00:00,2017-12-31,LightGBM,400.0000000000,418.6574504215,0.0000000000,3.5023951481,372.4676653670,376.1595140116,372.4676653670,396.4976048519,415.1550552734,Medium,0: optimal
2017-12-31 21:00:00,2017-12-31,LightGBM,398.0000000000,418.3091891671,0.0000000000,3.1541338936,369.1429163173,372.4676653670,369.1429163173,394.8458661064,415.1550552734,Medium,0: optimal
2017-12-31 22:00:00,2017-12-31,LightGBM,397.0000000000,417.7297170581,0.0000000000,2.5746617847,366.4289845026,369.1429163173,366.4289845026,394.4253382153,415.1550552734,Medium,0: optimal
2017-12-31 23:00:00,2017-12-31,LightGBM,397.0000000000,415.1932253025,0.0000000000,0.0381700291,366.3887497592,366.4289845026,366.3887497592,396.9618299709,415.1550552734,Medium,0: optimal
