split,feature_timestamp,target_timestamp,y_true,y_pred,error,abs_error,hour,day_of_week,is_weekend
validation,2017-11-01 00:00:00,2017-11-02 00:00:00,411.0,414.7106673360705,3.7106673360705145,3.7106673360705145,0,3,False
validation,2017-11-01 01:00:00,2017-11-02 01:00:00,415.0,412.21184114481395,-2.7881588551860546,2.7881588551860546,1,3,False
validation,2017-11-01 02:00:00,2017-11-02 02:00:00,412.0,411.36830944479806,-0.6316905552019421,0.6316905552019421,2,3,False
validation,2017-11-01 03:00:00,2017-11-02 03:00:00,410.0,410.34284763853617,0.3428476385361705,0.3428476385361705,3,3,False
validation,2017-11-01 04:00:00,2017-11-02 04:00:00,408.0,411.9352205973126,3.9352205973125933,3.9352205973125933,4,3,False
validation,2017-11-01 05:00:00,2017-11-02 05:00:00,407.0,413.4115005147881,6.411500514788088,6.411500514788088,5,3,False
validation,2017-11-01 06:00:00,2017-11-02 06:00:00,408.0,412.5864015972722,4.586401597272186,4.586401597272186,6,3,False
validation,2017-11-01 07:00:00,2017-11-02 07:00:00,415.0,416.8665183000495,1.8665183000495063,1.8665183000495063,7,3,False
validation,2017-11-01 08:00:00,2017-11-02 08:00:00,417.0,419.99006670816414,2.990066708164136,2.990066708164136,8,3,False
validation,2017-11-01 09:00:00,2017-11-02 09:00:00,433.0,429.8096700791109,-3.1903299208890985,3.1903299208890985,9,3,False
validation,2017-11-01 10:00:00,2017-11-02 10:00:00,450.0,446.1095058465109,-3.890494153489101,3.890494153489101,10,3,False
validation,2017-11-01 11:00:00,2017-11-02 11:00:00,462.0,454.3810023142536,-7.618997685746422,7.618997685746422,11,3,False
validation,2017-11-01 12:00:00,2017-11-02 12:00:00,466.0,456.93566401757005,-9.064335982429952,9.064335982429952,12,3,False
validation,2017-11-01 13:00:00,2017-11-02 13:00:00,466.0,460.4928722127555,-5.507127787244485,5.507127787244485,13,3,False
validation,2017-11-01 14:00:00,2017-11-02 14:00:00,461.0,465.04708897856233,4.0470889785623285,4.0470889785623285,14,3,False
validation,2017-11-01 15:00:00,2017-11-02 15:00:00,458.0,467.8252204569237,9.825220456923716,9.825220456923716,15,3,False
validation,2017-11-01 16:00:00,2017-11-02 16:00:00,466.0,468.67714923270535,2.6771492327053465,2.6771492327053465,16,3,False
validation,2017-11-01 17:00:00,2017-11-02 17:00:00,457.0,460.1759064273977,3.175906427397706,3.175906427397706,17,3,False
validation,2017-11-01 18:00:00,2017-11-02 18:00:00,448.0,448.9709550815986,0.9709550815986177,0.9709550815986177,18,3,False
validation,2017-11-01 19:00:00,2017-11-02 19:00:00,438.0,436.66438212865194,-1.335617871348063,1.335617871348063,19,3,False
validation,2017-11-01 20:00:00,2017-11-02 20:00:00,428.0,436.65901572450133,8.65901572450133,8.65901572450133,20,3,False
validation,2017-11-01 21:00:00,2017-11-02 21:00:00,422.0,432.44623868216206,10.446238682162061,10.446238682162061,21,3,False
validation,2017-11-01 22:00:00,2017-11-02 22:00:00,421.0,427.59272981826973,6.592729818269731,6.592729818269731,22,3,False
validation,2017-11-01 23:00:00,2017-11-02 23:00:00,417.0,420.25262718933175,3.252627189331747,3.252627189331747,23,3,False
validation,2017-11-02 00:00:00,2017-11-03 00:00:00,413.0,412.2695270041417,-0.7304729958582925,0.7304729958582925,0,4,False
validation,2017-11-02 01:00:00,2017-11-03 01:00:00,408.0,411.3966309752251,3.3966309752250936,3.3966309752250936,1,4,False
validation,2017-11-02 02:00:00,2017-11-03 02:00:00,409.0,409.5166559370771,0.5166559370770756,0.5166559370770756,2,4,False
validation,2017-11-02 03:00:00,2017-11-03 03:00:00,406.0,409.5665507290362,3.56655072903618,3.56655072903618,3,4,False
validation,2017-11-02 04:00:00,2017-11-03 04:00:00,406.0,408.43834173356095,2.4383417335609465,2.4383417335609465,4,4,False
validation,2017-11-02 05:00:00,2017-11-03 05:00:00,410.0,408.43834173356095,-1.5616582664390535,1.5616582664390535,5,4,False
validation,2017-11-02 06:00:00,2017-11-03 06:00:00,403.0,408.9316732417613,5.9316732417613025,5.9316732417613025,6,4,False
validation,2017-11-02 07:00:00,2017-11-03 07:00:00,410.0,412.141528480448,2.1415284804480166,2.1415284804480166,7,4,False
validation,2017-11-02 08:00:00,2017-11-03 08:00:00,413.0,414.38876232841386,1.3887623284138613,1.3887623284138613,8,4,False
validation,2017-11-02 09:00:00,2017-11-03 09:00:00,431.0,427.93038215401674,-3.0696178459832595,3.0696178459832595,9,4,False
validation,2017-11-02 10:00:00,2017-11-03 10:00:00,448.0,445.24333251538576,-2.7566674846142405,2.7566674846142405,10,4,False
validation,2017-11-02 11:00:00,2017-11-03 11:00:00,457.0,462.38864096106573,5.388640961065732,5.388640961065732,11,4,False
validation,2017-11-02 12:00:00,2017-11-03 12:00:00,463.0,463.18892887249865,0.18892887249864998,0.18892887249864998,12,4,False
validation,2017-11-02 13:00:00,2017-11-03 13:00:00,461.0,463.8578703947055,2.8578703947055146,2.8578703947055146,13,4,False
validation,2017-11-02 14:00:00,2017-11-03 14:00:00,471.0,464.146507317444,-6.853492682556009,6.853492682556009,14,4,False
validation,2017-11-02 15:00:00,2017-11-03 15:00:00,474.0,460.96391659637527,-13.03608340362473,13.03608340362473,15,4,False
validation,2017-11-02 16:00:00,2017-11-03 16:00:00,472.0,466.21233666474177,-5.78766333525823,5.78766333525823,16,4,False
validation,2017-11-02 17:00:00,2017-11-03 17:00:00,470.0,457.97588718165053,-12.024112818349465,12.024112818349465,17,4,False
validation,2017-11-02 18:00:00,2017-11-03 18:00:00,449.0,444.57810705973736,-4.421892940262637,4.421892940262637,18,4,False
validation,2017-11-02 19:00:00,2017-11-03 19:00:00,437.0,430.9911966625824,-6.008803337417589,6.008803337417589,19,4,False
validation,2017-11-02 20:00:00,2017-11-03 20:00:00,432.0,425.7987255687098,-6.201274431290187,6.201274431290187,20,4,False
validation,2017-11-02 21:00:00,2017-11-03 21:00:00,426.0,417.8779522774925,-8.122047722507489,8.122047722507489,21,4,False
validation,2017-11-02 22:00:00,2017-11-03 22:00:00,422.0,416.87155509131,-5.128444908690028,5.128444908690028,22,4,False
validation,2017-11-02 23:00:00,2017-11-03 23:00:00,419.0,414.7176646286435,-4.28233537135651,4.28233537135651,23,4,False
validation,2017-11-03 00:00:00,2017-11-04 00:00:00,412.0,409.2648578175906,-2.7351421824093904,2.7351421824093904,0,5,True
validation,2017-11-03 01:00:00,2017-11-04 01:00:00,411.0,406.9927344920913,-4.0072655079086985,4.0072655079086985,1,5,True
validation,2017-11-03 02:00:00,2017-11-04 02:00:00,406.0,406.163099347685,0.1630993476849767,0.1630993476849767,2,5,True
validation,2017-11-03 03:00:00,2017-11-04 03:00:00,406.0,405.06863006786585,-0.931369932134146,0.931369932134146,3,5,True
validation,2017-11-03 04:00:00,2017-11-04 04:00:00,406.0,405.5271538204997,-0.4728461795003227,0.4728461795003227,4,5,True
validation,2017-11-03 05:00:00,2017-11-04 05:00:00,407.0,406.1663921164299,-0.833607883570096,0.833607883570096,5,5,True
validation,2017-11-03 06:00:00,2017-11-04 06:00:00,405.0,406.06898192351497,1.0689819235149685,1.0689819235149685,6,5,True
validation,2017-11-03 07:00:00,2017-11-04 07:00:00,405.0,402.15815183487217,-2.8418481651278285,2.8418481651278285,7,5,True
validation,2017-11-03 08:00:00,2017-11-04 08:00:00,406.0,404.32482968959647,-1.67517031040353,1.67517031040353,8,5,True
validation,2017-11-03 09:00:00,2017-11-04 09:00:00,410.0,408.4049700932999,-1.5950299067001197,1.5950299067001197,9,5,True
validation,2017-11-03 10:00:00,2017-11-04 10:00:00,413.0,411.00847280003177,-1.9915271999682318,1.9915271999682318,10,5,True
validation,2017-11-03 11:00:00,2017-11-04 11:00:00,417.0,415.8797881178012,-1.1202118821988165,1.1202118821988165,11,5,True
validation,2017-11-03 12:00:00,2017-11-04 12:00:00,417.0,418.9390501958888,1.9390501958887967,1.9390501958887967,12,5,True
validation,2017-11-03 13:00:00,2017-11-04 13:00:00,420.0,420.53320471962735,0.5332047196273493,0.5332047196273493,13,5,True
validation,2017-11-03 14:00:00,2017-11-04 14:00:00,425.0,423.40878956488166,-1.5912104351183416,1.5912104351183416,14,5,True
validation,2017-11-03 15:00:00,2017-11-04 15:00:00,426.0,426.1145186920866,0.11451869208661947,0.11451869208661947,15,5,True
validation,2017-11-03 16:00:00,2017-11-04 16:00:00,427.0,426.9231555283462,-0.07684447165382835,0.07684447165382835,16,5,True
validation,2017-11-03 17:00:00,2017-11-04 17:00:00,425.0,426.4853128575684,1.485312857568374,1.485312857568374,17,5,True
validation,2017-11-03 18:00:00,2017-11-04 18:00:00,424.0,423.36807337942395,-0.6319266205760528,0.6319266205760528,18,5,True
validation,2017-11-03 19:00:00,2017-11-04 19:00:00,424.0,422.9048241798847,-1.095175820115287,1.095175820115287,19,5,True
validation,2017-11-03 20:00:00,2017-11-04 20:00:00,415.0,422.5367394778302,7.536739477830224,7.536739477830224,20,5,True
validation,2017-11-03 21:00:00,2017-11-04 21:00:00,415.0,418.06673691770374,3.066736917703736,3.066736917703736,21,5,True
validation,2017-11-03 22:00:00,2017-11-04 22:00:00,411.0,416.246115482877,5.246115482876974,5.246115482876974,22,5,True
validation,2017-11-03 23:00:00,2017-11-04 23:00:00,406.0,413.83265855943023,7.832658559430229,7.832658559430229,23,5,True
validation,2017-11-04 00:00:00,2017-11-05 00:00:00,406.0,411.9413323324276,5.941332332427578,5.941332332427578,0,6,True
validation,2017-11-04 01:00:00,2017-11-05 01:00:00,404.0,408.6869506857931,4.686950685793079,4.686950685793079,1,6,True
validation,2017-11-04 02:00:00,2017-11-05 02:00:00,807.0,407.1409047512191,-399.8590952487809,399.8590952487809,2,6,True
validation,2017-11-04 03:00:00,2017-11-05 03:00:00,404.0,406.4847340135544,2.484734013554373,2.484734013554373,3,6,True
validation,2017-11-04 04:00:00,2017-11-05 04:00:00,400.0,407.23502737854545,7.235027378545453,7.235027378545453,4,6,True
validation,2017-11-04 05:00:00,2017-11-05 05:00:00,400.0,408.0480787244164,8.048078724416428,8.048078724416428,5,6,True
validation,2017-11-04 06:00:00,2017-11-05 06:00:00,400.0,406.4492364976063,6.449236497606307,6.449236497606307,6,6,True
validation,2017-11-04 07:00:00,2017-11-05 07:00:00,402.0,406.1063461051613,4.106346105161322,4.106346105161322,7,6,True
validation,2017-11-04 08:00:00,2017-11-05 08:00:00,400.0,407.6819364371917,7.681936437191723,7.681936437191723,8,6,True
validation,2017-11-04 09:00:00,2017-11-05 09:00:00,404.0,408.91583879402197,4.915838794021965,4.915838794021965,9,6,True
validation,2017-11-04 10:00:00,2017-11-05 10:00:00,405.0,406.88461962894036,1.8846196289403565,1.8846196289403565,10,6,True
validation,2017-11-04 11:00:00,2017-11-05 11:00:00,413.0,408.9270617338856,-4.07293826611442,4.07293826611442,11,6,True
validation,2017-11-04 12:00:00,2017-11-05 12:00:00,418.0,412.02903790608786,-5.970962093912135,5.970962093912135,12,6,True
validation,2017-11-04 13:00:00,2017-11-05 13:00:00,422.0,414.4467260762899,-7.553273923710094,7.553273923710094,13,6,True
validation,2017-11-04 14:00:00,2017-11-05 14:00:00,425.0,419.1778068565493,-5.822193143450704,5.822193143450704,14,6,True
validation,2017-11-04 15:00:00,2017-11-05 15:00:00,428.0,419.94232565629096,-8.057674343709039,8.057674343709039,15,6,True
validation,2017-11-04 16:00:00,2017-11-05 16:00:00,430.0,425.37071707105656,-4.629282928943439,4.629282928943439,16,6,True
validation,2017-11-04 17:00:00,2017-11-05 17:00:00,423.0,422.99979534850837,-0.00020465149162873786,0.00020465149162873786,17,6,True
validation,2017-11-04 18:00:00,2017-11-05 18:00:00,426.0,421.40044272582986,-4.599557274170138,4.599557274170138,18,6,True
validation,2017-11-04 19:00:00,2017-11-05 19:00:00,426.0,420.54219332089343,-5.457806679106568,5.457806679106568,19,6,True
validation,2017-11-04 20:00:00,2017-11-05 20:00:00,420.0,412.6036565377783,-7.396343462221694,7.396343462221694,20,6,True
validation,2017-11-04 21:00:00,2017-11-05 21:00:00,417.0,412.1615145577665,-4.838485442233491,4.838485442233491,21,6,True
validation,2017-11-04 22:00:00,2017-11-05 22:00:00,416.0,411.4091122501931,-4.590887749806882,4.590887749806882,22,6,True
validation,2017-11-04 23:00:00,2017-11-05 23:00:00,413.0,412.0205398608767,-0.9794601391233186,0.9794601391233186,23,6,True
validation,2017-11-05 00:00:00,2017-11-06 00:00:00,412.0,409.75689780046787,-2.2431021995321316,2.2431021995321316,0,0,False
validation,2017-11-05 01:00:00,2017-11-06 01:00:00,412.0,412.44937607746505,0.4493760774650468,0.4493760774650468,1,0,False
validation,2017-11-05 02:00:00,2017-11-06 02:00:00,411.0,442.23038907847535,31.230389078475355,31.230389078475355,2,0,False
validation,2017-11-05 03:00:00,2017-11-06 03:00:00,410.0,426.66992731815344,16.66992731815344,16.66992731815344,3,0,False
validation,2017-11-05 04:00:00,2017-11-06 04:00:00,409.0,412.41256516155045,3.4125651615504466,3.4125651615504466,4,0,False
validation,2017-11-05 05:00:00,2017-11-06 05:00:00,411.0,410.0740832392584,-0.9259167607415861,0.9259167607415861,5,0,False
validation,2017-11-05 06:00:00,2017-11-06 06:00:00,410.0,409.6877292205403,-0.31227077945970905,0.31227077945970905,6,0,False
validation,2017-11-05 07:00:00,2017-11-06 07:00:00,420.0,406.7586824574716,-13.241317542528407,13.241317542528407,7,0,False
validation,2017-11-05 08:00:00,2017-11-06 08:00:00,428.0,412.76682095296303,-15.23317904703697,15.23317904703697,8,0,False
validation,2017-11-05 09:00:00,2017-11-06 09:00:00,440.0,421.5297406008409,-18.47025939915909,18.47025939915909,9,0,False
validation,2017-11-05 10:00:00,2017-11-06 10:00:00,456.0,436.2155275099302,-19.78447249006979,19.78447249006979,10,0,False
validation,2017-11-05 11:00:00,2017-11-06 11:00:00,473.0,447.0036709923041,-25.99632900769592,25.99632900769592,11,0,False
validation,2017-11-05 12:00:00,2017-11-06 12:00:00,476.0,448.55404793380086,-27.44595206619914,27.44595206619914,12,0,False
validation,2017-11-05 13:00:00,2017-11-06 13:00:00,475.0,445.540054889544,-29.459945110455976,29.459945110455976,13,0,False
validation,2017-11-05 14:00:00,2017-11-06 14:00:00,476.0,441.8566765567686,-34.143323443231395,34.143323443231395,14,0,False
validation,2017-11-05 15:00:00,2017-11-06 15:00:00,481.0,442.4663484131338,-38.5336515868662,38.5336515868662,15,0,False
validation,2017-11-05 16:00:00,2017-11-06 16:00:00,478.0,443.8388757895032,-34.16112421049678,34.16112421049678,16,0,False
validation,2017-11-05 17:00:00,2017-11-06 17:00:00,478.0,444.0994355776008,-33.90056442239921,33.90056442239921,17,0,False
validation,2017-11-05 18:00:00,2017-11-06 18:00:00,465.0,430.40580103435985,-34.594198965640146,34.594198965640146,18,0,False
validation,2017-11-05 19:00:00,2017-11-06 19:00:00,447.0,425.44068017712027,-21.55931982287973,21.55931982287973,19,0,False
validation,2017-11-05 20:00:00,2017-11-06 20:00:00,442.0,425.68274006019215,-16.317259939807855,16.317259939807855,20,0,False
validation,2017-11-05 21:00:00,2017-11-06 21:00:00,431.0,421.4236735593276,-9.576326440672403,9.576326440672403,21,0,False
validation,2017-11-05 22:00:00,2017-11-06 22:00:00,428.0,419.46407738232887,-8.535922617671133,8.535922617671133,22,0,False
validation,2017-11-05 23:00:00,2017-11-06 23:00:00,420.0,411.66845333230714,-8.331546667692862,8.331546667692862,23,0,False
validation,2017-11-06 00:00:00,2017-11-07 00:00:00,416.0,410.8528347145838,-5.147165285416179,5.147165285416179,0,1,False
validation,2017-11-06 01:00:00,2017-11-07 01:00:00,418.0,409.5436408389237,-8.456359161076307,8.456359161076307,1,1,False
validation,2017-11-06 02:00:00,2017-11-07 02:00:00,411.0,413.55402600305297,2.554026003052968,2.554026003052968,2,1,False
validation,2017-11-06 03:00:00,2017-11-07 03:00:00,413.0,410.83004101851526,-2.16995898148474,2.16995898148474,3,1,False
validation,2017-11-06 04:00:00,2017-11-07 04:00:00,412.0,410.4799816616689,-1.5200183383311128,1.5200183383311128,4,1,False
validation,2017-11-06 05:00:00,2017-11-07 05:00:00,409.0,410.71180775819283,1.7118077581928333,1.7118077581928333,5,1,False
validation,2017-11-06 06:00:00,2017-11-07 06:00:00,410.0,410.40445334200103,0.4044533420010339,0.4044533420010339,6,1,False
validation,2017-11-06 07:00:00,2017-11-07 07:00:00,422.0,417.54346211337963,-4.456537886620367,4.456537886620367,7,1,False
validation,2017-11-06 08:00:00,2017-11-07 08:00:00,434.0,433.9718421628116,-0.02815783718841658,0.02815783718841658,8,1,False
validation,2017-11-06 09:00:00,2017-11-07 09:00:00,446.0,443.1021283422864,-2.8978716577136083,2.8978716577136083,9,1,False
validation,2017-11-06 10:00:00,2017-11-07 10:00:00,459.0,461.67418458898084,2.674184588980836,2.674184588980836,10,1,False
validation,2017-11-06 11:00:00,2017-11-07 11:00:00,474.0,477.93086914888,3.9308691488799923,3.9308691488799923,11,1,False
validation,2017-11-06 12:00:00,2017-11-07 12:00:00,477.0,476.85211761219955,-0.1478823878004505,0.1478823878004505,12,1,False
validation,2017-11-06 13:00:00,2017-11-07 13:00:00,475.0,476.9117637377888,1.9117637377888173,1.9117637377888173,13,1,False
validation,2017-11-06 14:00:00,2017-11-07 14:00:00,476.0,475.2411516837164,-0.7588483162836042,0.7588483162836042,14,1,False
validation,2017-11-06 15:00:00,2017-11-07 15:00:00,480.0,480.15662481314826,0.15662481314825527,0.15662481314825527,15,1,False
validation,2017-11-06 16:00:00,2017-11-07 16:00:00,480.0,478.1398221146262,-1.860177885373787,1.860177885373787,16,1,False
validation,2017-11-06 17:00:00,2017-11-07 17:00:00,482.0,475.87627661108274,-6.123723388917256,6.123723388917256,17,1,False
validation,2017-11-06 18:00:00,2017-11-07 18:00:00,466.0,463.34742307927337,-2.6525769207266308,2.6525769207266308,18,1,False
validation,2017-11-06 19:00:00,2017-11-07 19:00:00,451.0,446.49279364632093,-4.5072063536790665,4.5072063536790665,19,1,False
validation,2017-11-06 20:00:00,2017-11-07 20:00:00,442.0,438.9190448417019,-3.0809551582980816,3.0809551582980816,20,1,False
validation,2017-11-06 21:00:00,2017-11-07 21:00:00,431.0,436.8353291215047,5.835329121504685,5.835329121504685,21,1,False
validation,2017-11-06 22:00:00,2017-11-07 22:00:00,428.0,432.4600443385012,4.460044338501177,4.460044338501177,22,1,False
validation,2017-11-06 23:00:00,2017-11-07 23:00:00,422.0,423.900866961467,1.9008669614669884,1.9008669614669884,23,1,False
validation,2017-11-07 00:00:00,2017-11-08 00:00:00,419.0,420.94196012865405,1.9419601286540455,1.9419601286540455,0,2,False
validation,2017-11-07 01:00:00,2017-11-08 01:00:00,419.0,420.4065173224034,1.4065173224033742,1.4065173224033742,1,2,False
validation,2017-11-07 02:00:00,2017-11-08 02:00:00,414.0,428.86600336199245,14.866003361992455,14.866003361992455,2,2,False
validation,2017-11-07 03:00:00,2017-11-08 03:00:00,412.0,414.0644241777081,2.0644241777080765,2.0644241777080765,3,2,False
validation,2017-11-07 04:00:00,2017-11-08 04:00:00,410.0,414.3892995525147,4.389299552514672,4.389299552514672,4,2,False
validation,2017-11-07 05:00:00,2017-11-08 05:00:00,410.0,413.56183629164934,3.5618362916493425,3.5618362916493425,5,2,False
validation,2017-11-07 06:00:00,2017-11-08 06:00:00,411.0,413.793336692642,2.793336692642015,2.793336692642015,6,2,False
validation,2017-11-07 07:00:00,2017-11-08 07:00:00,414.0,421.8358560356042,7.835856035604195,7.835856035604195,7,2,False
validation,2017-11-07 08:00:00,2017-11-08 08:00:00,422.0,436.3611455435713,14.361145543571297,14.361145543571297,8,2,False
validation,2017-11-07 09:00:00,2017-11-08 09:00:00,439.0,446.072666035399,7.072666035398981,7.072666035398981,9,2,False
validation,2017-11-07 10:00:00,2017-11-08 10:00:00,458.0,457.9377530716806,-0.06224692831938228,0.06224692831938228,10,2,False
validation,2017-11-07 11:00:00,2017-11-08 11:00:00,468.0,469.35602851586145,1.3560285158614533,1.3560285158614533,11,2,False
validation,2017-11-07 12:00:00,2017-11-08 12:00:00,474.0,475.92034905006426,1.9203490500642602,1.9203490500642602,12,2,False
validation,2017-11-07 13:00:00,2017-11-08 13:00:00,474.0,475.50731614876804,1.5073161487680409,1.5073161487680409,13,2,False
validation,2017-11-07 14:00:00,2017-11-08 14:00:00,476.0,475.43928446409,-0.560715535909992,0.560715535909992,14,2,False
validation,2017-11-07 15:00:00,2017-11-08 15:00:00,479.0,478.9067572766608,-0.0932427233391877,0.0932427233391877,15,2,False
validation,2017-11-07 16:00:00,2017-11-08 16:00:00,477.0,477.98271274625336,0.9827127462533554,0.9827127462533554,16,2,False
validation,2017-11-07 17:00:00,2017-11-08 17:00:00,476.0,477.8640789154649,1.8640789154649156,1.8640789154649156,17,2,False
validation,2017-11-07 18:00:00,2017-11-08 18:00:00,466.0,466.64426382514625,0.644263825146254,0.644263825146254,18,2,False
validation,2017-11-07 19:00:00,2017-11-08 19:00:00,455.0,452.57624355990293,-2.4237564400970655,2.4237564400970655,19,2,False
validation,2017-11-07 20:00:00,2017-11-08 20:00:00,445.0,443.1215331643554,-1.8784668356445877,1.8784668356445877,20,2,False
validation,2017-11-07 21:00:00,2017-11-08 21:00:00,441.0,438.4156886377271,-2.5843113622728993,2.5843113622728993,21,2,False
validation,2017-11-07 22:00:00,2017-11-08 22:00:00,435.0,434.18563802544423,-0.8143619745557658,0.8143619745557658,22,2,False
validation,2017-11-07 23:00:00,2017-11-08 23:00:00,431.0,427.3174463036325,-3.6825536963675063,3.6825536963675063,23,2,False
validation,2017-11-08 00:00:00,2017-11-09 00:00:00,422.0,425.04374549993605,3.043745499936051,3.043745499936051,0,3,False
validation,2017-11-08 01:00:00,2017-11-09 01:00:00,420.0,422.60471736497385,2.604717364973851,2.604717364973851,1,3,False
validation,2017-11-08 02:00:00,2017-11-09 02:00:00,413.0,430.4040141926467,17.404014192646684,17.404014192646684,2,3,False
validation,2017-11-08 03:00:00,2017-11-09 03:00:00,413.0,415.065319045909,2.065319045909007,2.065319045909007,3,3,False
validation,2017-11-08 04:00:00,2017-11-09 04:00:00,413.0,415.86173363323974,2.861733633239737,2.861733633239737,4,3,False
validation,2017-11-08 05:00:00,2017-11-09 05:00:00,413.0,415.63002561057993,2.630025610579935,2.630025610579935,5,3,False
validation,2017-11-08 06:00:00,2017-11-09 06:00:00,413.0,415.8241556360585,2.8241556360584923,2.8241556360584923,6,3,False
validation,2017-11-08 07:00:00,2017-11-09 07:00:00,420.0,416.86455246835885,-3.135447531641148,3.135447531641148,7,3,False
validation,2017-11-08 08:00:00,2017-11-09 08:00:00,424.0,430.0289326998767,6.028932699876691,6.028932699876691,8,3,False
validation,2017-11-08 09:00:00,2017-11-09 09:00:00,440.0,445.2735805957301,5.273580595730095,5.273580595730095,9,3,False
validation,2017-11-08 10:00:00,2017-11-09 10:00:00,456.0,459.98214354826,3.9821435482600123,3.9821435482600123,10,3,False
validation,2017-11-08 11:00:00,2017-11-09 11:00:00,472.0,472.16806181478455,0.16806181478455073,0.16806181478455073,11,3,False
validation,2017-11-08 12:00:00,2017-11-09 12:00:00,478.0,473.6318816138335,-4.368118386166486,4.368118386166486,12,3,False
validation,2017-11-08 13:00:00,2017-11-09 13:00:00,479.0,473.7979970122965,-5.2020029877035086,5.2020029877035086,13,3,False
validation,2017-11-08 14:00:00,2017-11-09 14:00:00,475.0,477.68440126780956,2.6844012678095623,2.6844012678095623,14,3,False
validation,2017-11-08 15:00:00,2017-11-09 15:00:00,478.0,481.5555661537471,3.5555661537471224,3.5555661537471224,15,3,False
validation,2017-11-08 16:00:00,2017-11-09 16:00:00,479.0,480.18460312811806,1.1846031281180558,1.1846031281180558,16,3,False
validation,2017-11-08 17:00:00,2017-11-09 17:00:00,473.0,476.9485364238299,3.948536423829921,3.948536423829921,17,3,False
validation,2017-11-08 18:00:00,2017-11-09 18:00:00,464.0,468.48301835819433,4.483018358194329,4.483018358194329,18,3,False
validation,2017-11-08 19:00:00,2017-11-09 19:00:00,450.0,453.41348951818566,3.4134895181856564,3.4134895181856564,19,3,False
validation,2017-11-08 20:00:00,2017-11-09 20:00:00,440.0,446.52562827888687,6.52562827888687,6.52562827888687,20,3,False
validation,2017-11-08 21:00:00,2017-11-09 21:00:00,434.0,438.20583173775634,4.205831737756341,4.205831737756341,21,3,False
validation,2017-11-08 22:00:00,2017-11-09 22:00:00,431.0,434.21302400059204,3.2130240005920427,3.2130240005920427,22,3,False
validation,2017-11-08 23:00:00,2017-11-09 23:00:00,421.0,434.04145771786483,13.04145771786483,13.04145771786483,23,3,False
validation,2017-11-09 00:00:00,2017-11-10 00:00:00,418.0,421.691517186292,3.6915171862920033,3.6915171862920033,0,4,False
validation,2017-11-09 01:00:00,2017-11-10 01:00:00,416.0,420.0935248796758,4.093524879675783,4.093524879675783,1,4,False
validation,2017-11-09 02:00:00,2017-11-10 02:00:00,414.0,414.07000383671345,0.07000383671345389,0.07000383671345389,2,4,False
validation,2017-11-09 03:00:00,2017-11-10 03:00:00,411.0,412.8010451868518,1.801045186851809,1.801045186851809,3,4,False
validation,2017-11-09 04:00:00,2017-11-10 04:00:00,411.0,412.4018685330319,1.4018685330319158,1.4018685330319158,4,4,False
validation,2017-11-09 05:00:00,2017-11-10 05:00:00,410.0,412.4018685330319,2.401868533031916,2.401868533031916,5,4,False
validation,2017-11-09 06:00:00,2017-11-10 06:00:00,408.0,412.70680893646346,4.70680893646346,4.70680893646346,6,4,False
validation,2017-11-09 07:00:00,2017-11-10 07:00:00,417.0,418.6814601296999,1.6814601296998717,1.6814601296998717,7,4,False
validation,2017-11-09 08:00:00,2017-11-10 08:00:00,429.0,426.8268422256413,-2.1731577743586854,2.1731577743586854,8,4,False
validation,2017-11-09 09:00:00,2017-11-10 09:00:00,437.0,434.0540033971715,-2.9459966028284725,2.9459966028284725,9,4,False
validation,2017-11-09 10:00:00,2017-11-10 10:00:00,453.0,451.9933148876354,-1.0066851123646074,1.0066851123646074,10,4,False
validation,2017-11-09 11:00:00,2017-11-10 11:00:00,466.0,470.2640579023435,4.264057902343495,4.264057902343495,11,4,False
validation,2017-11-09 12:00:00,2017-11-10 12:00:00,468.0,474.10338328809064,6.10338328809064,6.10338328809064,12,4,False
validation,2017-11-09 13:00:00,2017-11-10 13:00:00,474.0,474.025623443159,0.0256234431590201,0.0256234431590201,13,4,False
validation,2017-11-09 14:00:00,2017-11-10 14:00:00,482.0,472.62176040212705,-9.378239597872948,9.378239597872948,14,4,False
validation,2017-11-09 15:00:00,2017-11-10 15:00:00,481.0,473.86598276576433,-7.134017234235671,7.134017234235671,15,4,False
validation,2017-11-09 16:00:00,2017-11-10 16:00:00,480.0,473.6193949849673,-6.3806050150327,6.3806050150327,16,4,False
validation,2017-11-09 17:00:00,2017-11-10 17:00:00,477.0,468.6777893625179,-8.322210637482101,8.322210637482101,17,4,False
validation,2017-11-09 18:00:00,2017-11-10 18:00:00,462.0,461.3464350057816,-0.6535649942184136,0.6535649942184136,18,4,False
validation,2017-11-09 19:00:00,2017-11-10 19:00:00,443.0,448.40786521642576,5.407865216425762,5.407865216425762,19,4,False
validation,2017-11-09 20:00:00,2017-11-10 20:00:00,440.0,436.829355930166,-3.1706440698339975,3.1706440698339975,20,4,False
validation,2017-11-09 21:00:00,2017-11-10 21:00:00,431.0,430.97761679570516,-0.022383204294840198,0.022383204294840198,21,4,False
validation,2017-11-09 22:00:00,2017-11-10 22:00:00,427.0,430.9093546348914,3.909354634891372,3.909354634891372,22,4,False
validation,2017-11-09 23:00:00,2017-11-10 23:00:00,427.0,422.53887111977946,-4.461128880220542,4.461128880220542,23,4,False
validation,2017-11-10 00:00:00,2017-11-11 00:00:00,422.0,417.17781621794427,-4.822183782055731,4.822183782055731,0,5,True
validation,2017-11-10 01:00:00,2017-11-11 01:00:00,416.0,414.37066949870774,-1.6293305012922588,1.6293305012922588,1,5,True
validation,2017-11-10 02:00:00,2017-11-11 02:00:00,414.0,411.4048663602856,-2.5951336397143905,2.5951336397143905,2,5,True
validation,2017-11-10 03:00:00,2017-11-11 03:00:00,415.0,410.1874132332044,-4.812586766795619,4.812586766795619,3,5,True
validation,2017-11-10 04:00:00,2017-11-11 04:00:00,412.0,409.92072178436604,-2.0792782156339626,2.0792782156339626,4,5,True
validation,2017-11-10 05:00:00,2017-11-11 05:00:00,412.0,409.504177171234,-2.495822828765995,2.495822828765995,5,5,True
validation,2017-11-10 06:00:00,2017-11-11 06:00:00,412.0,408.78476351884325,-3.215236481156751,3.215236481156751,6,5,True
validation,2017-11-10 07:00:00,2017-11-11 07:00:00,412.0,409.9025599643146,-2.097440035685395,2.097440035685395,7,5,True
validation,2017-11-10 08:00:00,2017-11-11 08:00:00,414.0,417.14389196537246,3.143891965372461,3.143891965372461,8,5,True
validation,2017-11-10 09:00:00,2017-11-11 09:00:00,414.0,420.737433368435,6.737433368435006,6.737433368435006,9,5,True
validation,2017-11-10 10:00:00,2017-11-11 10:00:00,416.0,425.9040582915639,9.9040582915639,9.9040582915639,10,5,True
validation,2017-11-10 11:00:00,2017-11-11 11:00:00,417.0,428.210720409094,11.210720409093994,11.210720409093994,11,5,True
validation,2017-11-10 12:00:00,2017-11-11 12:00:00,427.0,429.88743577259896,2.8874357725989626,2.8874357725989626,12,5,True
validation,2017-11-10 13:00:00,2017-11-11 13:00:00,428.0,431.8119170069069,3.811917006906924,3.811917006906924,13,5,True
validation,2017-11-10 14:00:00,2017-11-11 14:00:00,432.0,434.38072478913415,2.380724789134149,2.380724789134149,14,5,True
validation,2017-11-10 15:00:00,2017-11-11 15:00:00,431.0,435.48451333618016,4.484513336180157,4.484513336180157,15,5,True
validation,2017-11-10 16:00:00,2017-11-11 16:00:00,434.0,435.48129786451346,1.481297864513465,1.481297864513465,16,5,True
validation,2017-11-10 17:00:00,2017-11-11 17:00:00,429.0,434.928238324052,5.928238324052018,5.928238324052018,17,5,True
validation,2017-11-10 18:00:00,2017-11-11 18:00:00,422.0,433.8588661918884,11.85886619188841,11.85886619188841,18,5,True
validation,2017-11-10 19:00:00,2017-11-11 19:00:00,416.0,428.59796419533734,12.59796419533734,12.59796419533734,19,5,True
validation,2017-11-10 20:00:00,2017-11-11 20:00:00,419.0,425.50453537858954,6.504535378589537,6.504535378589537,20,5,True
validation,2017-11-10 21:00:00,2017-11-11 21:00:00,417.0,427.5933159744233,10.59331597442332,10.59331597442332,21,5,True
validation,2017-11-10 22:00:00,2017-11-11 22:00:00,414.0,424.9226439780855,10.922643978085489,10.922643978085489,22,5,True
validation,2017-11-10 23:00:00,2017-11-11 23:00:00,419.0,421.0419650280259,2.0419650280259134,2.0419650280259134,23,5,True
validation,2017-11-11 00:00:00,2017-11-12 00:00:00,415.0,419.22092404456527,4.220924044565265,4.220924044565265,0,6,True
validation,2017-11-11 01:00:00,2017-11-12 01:00:00,414.0,416.254132983682,2.254132983681984,2.254132983681984,1,6,True
validation,2017-11-11 02:00:00,2017-11-12 02:00:00,414.0,412.0748786625739,-1.9251213374261056,1.9251213374261056,2,6,True
validation,2017-11-11 03:00:00,2017-11-12 03:00:00,413.0,410.8142564962204,-2.1857435037795767,2.1857435037795767,3,6,True
validation,2017-11-11 04:00:00,2017-11-12 04:00:00,409.0,410.74233621410974,1.7423362141097414,1.7423362141097414,4,6,True
validation,2017-11-11 05:00:00,2017-11-12 05:00:00,413.0,410.3257916009777,-2.674208399022291,2.674208399022291,5,6,True
validation,2017-11-11 06:00:00,2017-11-12 06:00:00,413.0,410.49349282488413,-2.506507175115871,2.506507175115871,6,6,True
validation,2017-11-11 07:00:00,2017-11-12 07:00:00,410.0,409.87283972106997,-0.12716027893003456,0.12716027893003456,7,6,True
validation,2017-11-11 08:00:00,2017-11-12 08:00:00,412.0,409.13033953550166,-2.869660464498338,2.869660464498338,8,6,True
validation,2017-11-11 09:00:00,2017-11-12 09:00:00,411.0,411.19824070452086,0.19824070452085607,0.19824070452085607,9,6,True
validation,2017-11-11 10:00:00,2017-11-12 10:00:00,414.0,412.9818076664739,-1.0181923335260876,1.0181923335260876,10,6,True
validation,2017-11-11 11:00:00,2017-11-12 11:00:00,419.0,416.5159546012859,-2.484045398714102,2.484045398714102,11,6,True
validation,2017-11-11 12:00:00,2017-11-12 12:00:00,420.0,423.16494379877037,3.1649437987703664,3.1649437987703664,12,6,True
validation,2017-11-11 13:00:00,2017-11-12 13:00:00,426.0,427.0818786514126,1.0818786514125804,1.0818786514125804,13,6,True
validation,2017-11-11 14:00:00,2017-11-12 14:00:00,429.0,430.56126130173635,1.5612613017363515,1.5612613017363515,14,6,True
validation,2017-11-11 15:00:00,2017-11-12 15:00:00,432.0,429.9657250193679,-2.0342749806321194,2.0342749806321194,15,6,True
validation,2017-11-11 16:00:00,2017-11-12 16:00:00,433.0,433.68356545092206,0.6835654509220603,0.6835654509220603,16,6,True
validation,2017-11-11 17:00:00,2017-11-12 17:00:00,433.0,432.084044314097,-0.9159556859029863,0.9159556859029863,17,6,True
validation,2017-11-11 18:00:00,2017-11-12 18:00:00,436.0,427.0102438220266,-8.98975617797339,8.98975617797339,18,6,True
validation,2017-11-11 19:00:00,2017-11-12 19:00:00,433.0,419.49277526619824,-13.507224733801763,13.507224733801763,19,6,True
validation,2017-11-11 20:00:00,2017-11-12 20:00:00,432.0,415.793976348415,-16.206023651584985,16.206023651584985,20,6,True
validation,2017-11-11 21:00:00,2017-11-12 21:00:00,427.0,416.1564536806413,-10.843546319358722,10.843546319358722,21,6,True
validation,2017-11-11 22:00:00,2017-11-12 22:00:00,422.0,411.78726747847315,-10.212732521526846,10.212732521526846,22,6,True
validation,2017-11-11 23:00:00,2017-11-12 23:00:00,426.0,410.36568973048367,-15.634310269516334,15.634310269516334,23,6,True
validation,2017-11-12 00:00:00,2017-11-13 00:00:00,416.0,414.53886660966725,-1.4611333903327477,1.4611333903327477,0,0,False
validation,2017-11-12 01:00:00,2017-11-13 01:00:00,415.0,412.4509304794254,-2.549069520574619,2.549069520574619,1,0,False
validation,2017-11-12 02:00:00,2017-11-13 02:00:00,414.0,414.9846626803235,0.9846626803234813,0.9846626803234813,2,0,False
validation,2017-11-12 03:00:00,2017-11-13 03:00:00,412.0,407.77841692376813,-4.221583076231866,4.221583076231866,3,0,False
validation,2017-11-12 04:00:00,2017-11-13 04:00:00,412.0,407.16588276006144,-4.834117239938564,4.834117239938564,4,0,False
validation,2017-11-12 05:00:00,2017-11-13 05:00:00,412.0,407.689037456663,-4.310962543336984,4.310962543336984,5,0,False
validation,2017-11-12 06:00:00,2017-11-13 06:00:00,411.0,408.98965925222143,-2.010340747778571,2.010340747778571,6,0,False
validation,2017-11-12 07:00:00,2017-11-13 07:00:00,420.0,415.1087075716413,-4.8912924283587245,4.8912924283587245,7,0,False
validation,2017-11-12 08:00:00,2017-11-13 08:00:00,426.0,418.4733291460162,-7.526670853983774,7.526670853983774,8,0,False
validation,2017-11-12 09:00:00,2017-11-13 09:00:00,440.0,431.0301243027758,-8.96987569722421,8.96987569722421,9,0,False
validation,2017-11-12 10:00:00,2017-11-13 10:00:00,458.0,452.7086651995319,-5.291334800468121,5.291334800468121,10,0,False
validation,2017-11-12 11:00:00,2017-11-13 11:00:00,476.0,460.9340342660545,-15.065965733945518,15.065965733945518,11,0,False
validation,2017-11-12 12:00:00,2017-11-13 12:00:00,475.0,463.49769719955856,-11.502302800441441,11.502302800441441,12,0,False
validation,2017-11-12 13:00:00,2017-11-13 13:00:00,479.0,466.38593627293267,-12.614063727067332,12.614063727067332,13,0,False
validation,2017-11-12 14:00:00,2017-11-13 14:00:00,480.0,471.9931708050778,-8.006829194922204,8.006829194922204,14,0,False
validation,2017-11-12 15:00:00,2017-11-13 15:00:00,479.0,475.13879807324923,-3.8612019267507662,3.8612019267507662,15,0,False
validation,2017-11-12 16:00:00,2017-11-13 16:00:00,480.0,472.5506393687175,-7.449360631282502,7.449360631282502,16,0,False
validation,2017-11-12 17:00:00,2017-11-13 17:00:00,478.0,469.77975058765804,-8.220249412341957,8.220249412341957,17,0,False
validation,2017-11-12 18:00:00,2017-11-13 18:00:00,467.0,460.945546189186,-6.054453810813982,6.054453810813982,18,0,False
validation,2017-11-12 19:00:00,2017-11-13 19:00:00,460.0,447.443679172098,-12.556320827902027,12.556320827902027,19,0,False
validation,2017-11-12 20:00:00,2017-11-13 20:00:00,449.0,445.19738235792795,-3.8026176420720503,3.8026176420720503,20,0,False
validation,2017-11-12 21:00:00,2017-11-13 21:00:00,444.0,437.842314902439,-6.157685097561,6.157685097561,21,0,False
validation,2017-11-12 22:00:00,2017-11-13 22:00:00,440.0,430.2812084600158,-9.718791539984181,9.718791539984181,22,0,False
validation,2017-11-12 23:00:00,2017-11-13 23:00:00,434.0,432.618743653109,-1.381256346891007,1.381256346891007,23,0,False
validation,2017-11-13 00:00:00,2017-11-14 00:00:00,428.0,422.36746594228003,-5.632534057719965,5.632534057719965,0,1,False
validation,2017-11-13 01:00:00,2017-11-14 01:00:00,419.0,416.6367397279119,-2.363260272088098,2.363260272088098,1,1,False
validation,2017-11-13 02:00:00,2017-11-14 02:00:00,416.0,413.6724240717275,-2.327575928272495,2.327575928272495,2,1,False
validation,2017-11-13 03:00:00,2017-11-14 03:00:00,415.0,412.3379633811118,-2.6620366188881803,2.6620366188881803,3,1,False
validation,2017-11-13 04:00:00,2017-11-14 04:00:00,416.0,412.2376287094225,-3.762371290577505,3.762371290577505,4,1,False
validation,2017-11-13 05:00:00,2017-11-14 05:00:00,413.0,412.2376287094225,-0.7623712905775051,0.7623712905775051,5,1,False
validation,2017-11-13 06:00:00,2017-11-14 06:00:00,414.0,412.08742658212367,-1.912573417876331,1.912573417876331,6,1,False
validation,2017-11-13 07:00:00,2017-11-14 07:00:00,418.0,421.25609851273055,3.2560985127305457,3.2560985127305457,7,1,False
validation,2017-11-13 08:00:00,2017-11-14 08:00:00,427.0,436.0280639473073,9.028063947307317,9.028063947307317,8,1,False
validation,2017-11-13 09:00:00,2017-11-14 09:00:00,440.0,444.8349852405867,4.834985240586718,4.834985240586718,9,1,False
validation,2017-11-13 10:00:00,2017-11-14 10:00:00,456.0,466.7754092211523,10.775409221152302,10.775409221152302,10,1,False
validation,2017-11-13 11:00:00,2017-11-14 11:00:00,472.0,483.67032521043205,11.670325210432054,11.670325210432054,11,1,False
validation,2017-11-13 12:00:00,2017-11-14 12:00:00,479.0,479.6612875041514,0.661287504151403,0.661287504151403,12,1,False
validation,2017-11-13 13:00:00,2017-11-14 13:00:00,477.0,481.795665734551,4.795665734550994,4.795665734550994,13,1,False
validation,2017-11-13 14:00:00,2017-11-14 14:00:00,485.0,480.9064542984042,-4.093545701595815,4.093545701595815,14,1,False
validation,2017-11-13 15:00:00,2017-11-14 15:00:00,482.0,479.4194066117582,-2.580593388241823,2.580593388241823,15,1,False
validation,2017-11-13 16:00:00,2017-11-14 16:00:00,483.0,480.16873109967946,-2.831268900320538,2.831268900320538,16,1,False
validation,2017-11-13 17:00:00,2017-11-14 17:00:00,481.0,477.0072652603127,-3.9927347396873074,3.9927347396873074,17,1,False
validation,2017-11-13 18:00:00,2017-11-14 18:00:00,470.0,468.09168131258883,-1.9083186874111675,1.9083186874111675,18,1,False
validation,2017-11-13 19:00:00,2017-11-14 19:00:00,462.0,457.2325509416864,-4.767449058313616,4.767449058313616,19,1,False
validation,2017-11-13 20:00:00,2017-11-14 20:00:00,454.0,447.5565213288482,-6.443478671151809,6.443478671151809,20,1,False
validation,2017-11-13 21:00:00,2017-11-14 21:00:00,442.0,441.7364000174521,-0.2635999825478734,0.2635999825478734,21,1,False
validation,2017-11-13 22:00:00,2017-11-14 22:00:00,435.0,435.73765913964104,0.737659139641039,0.737659139641039,22,1,False
validation,2017-11-13 23:00:00,2017-11-14 23:00:00,428.0,433.72017050060856,5.72017050060856,5.72017050060856,23,1,False
validation,2017-11-14 00:00:00,2017-11-15 00:00:00,423.0,431.1783536482625,8.178353648262487,8.178353648262487,0,2,False
validation,2017-11-14 01:00:00,2017-11-15 01:00:00,417.0,423.0980360794976,6.098036079497604,6.098036079497604,1,2,False
validation,2017-11-14 02:00:00,2017-11-15 02:00:00,416.0,418.3361877349564,2.336187734956411,2.336187734956411,2,2,False
validation,2017-11-14 03:00:00,2017-11-15 03:00:00,411.0,416.717111346205,5.717111346205002,5.717111346205002,3,2,False
validation,2017-11-14 04:00:00,2017-11-15 04:00:00,411.0,415.02923710232113,4.029237102321133,4.029237102321133,4,2,False
validation,2017-11-14 05:00:00,2017-11-15 05:00:00,410.0,413.99229062205944,3.9922906220594427,3.9922906220594427,5,2,False
validation,2017-11-14 06:00:00,2017-11-15 06:00:00,412.0,413.9861825898151,1.9861825898150869,1.9861825898150869,6,2,False
validation,2017-11-14 07:00:00,2017-11-15 07:00:00,417.0,421.19171263504643,4.191712635046429,4.191712635046429,7,2,False
validation,2017-11-14 08:00:00,2017-11-15 08:00:00,413.0,434.4839292572692,21.48392925726921,21.48392925726921,8,2,False
validation,2017-11-14 09:00:00,2017-11-15 09:00:00,426.0,445.3034540752985,19.303454075298475,19.303454075298475,9,2,False
validation,2017-11-14 10:00:00,2017-11-15 10:00:00,436.0,458.20503496185506,22.205034961855063,22.205034961855063,10,2,False
validation,2017-11-14 11:00:00,2017-11-15 11:00:00,449.0,470.119416637533,21.119416637532993,21.119416637532993,11,2,False
validation,2017-11-14 12:00:00,2017-11-15 12:00:00,462.0,476.85964798711746,14.859647987117455,14.859647987117455,12,2,False
validation,2017-11-14 13:00:00,2017-11-15 13:00:00,473.0,475.6348676445083,2.63486764450829,2.63486764450829,13,2,False
validation,2017-11-14 14:00:00,2017-11-15 14:00:00,478.0,481.11051046025324,3.110510460253238,3.110510460253238,14,2,False
validation,2017-11-14 15:00:00,2017-11-15 15:00:00,484.0,481.29505502803454,-2.7049449719654604,2.7049449719654604,15,2,False
validation,2017-11-14 16:00:00,2017-11-15 16:00:00,484.0,482.832039298084,-1.1679607019160017,1.1679607019160017,16,2,False
validation,2017-11-14 17:00:00,2017-11-15 17:00:00,475.0,482.69912428708477,7.699124287084771,7.699124287084771,17,2,False
validation,2017-11-14 18:00:00,2017-11-15 18:00:00,466.0,469.20525369525916,3.2052536952591595,3.2052536952591595,18,2,False
validation,2017-11-14 19:00:00,2017-11-15 19:00:00,457.0,460.09781129549725,3.0978112954972516,3.0978112954972516,19,2,False
validation,2017-11-14 20:00:00,2017-11-15 20:00:00,448.0,451.36701259495453,3.367012594954531,3.367012594954531,20,2,False
validation,2017-11-14 21:00:00,2017-11-15 21:00:00,437.0,441.20608190226346,4.206081902263463,4.206081902263463,21,2,False
validation,2017-11-14 22:00:00,2017-11-15 22:00:00,428.0,435.26692377531,7.2669237753099765,7.2669237753099765,22,2,False
validation,2017-11-14 23:00:00,2017-11-15 23:00:00,424.0,433.5587967468985,9.558796746898508,9.558796746898508,23,2,False
validation,2017-11-15 00:00:00,2017-11-16 00:00:00,420.0,426.15354253256777,6.153542532567769,6.153542532567769,0,3,False
validation,2017-11-15 01:00:00,2017-11-16 01:00:00,415.0,420.23255004567534,5.232550045675339,5.232550045675339,1,3,False
validation,2017-11-15 02:00:00,2017-11-16 02:00:00,414.0,417.7236289908022,3.723628990802183,3.723628990802183,2,3,False
validation,2017-11-15 03:00:00,2017-11-16 03:00:00,412.0,414.2751513906897,2.2751513906897003,2.2751513906897003,3,3,False
validation,2017-11-15 04:00:00,2017-11-16 04:00:00,409.0,412.8615542152787,3.8615542152787157,3.8615542152787157,4,3,False
validation,2017-11-15 05:00:00,2017-11-16 05:00:00,409.0,413.0454051465886,4.045405146588621,4.045405146588621,5,3,False
validation,2017-11-15 06:00:00,2017-11-16 06:00:00,411.0,413.6978664049175,2.6978664049174768,2.6978664049174768,6,3,False
validation,2017-11-15 07:00:00,2017-11-16 07:00:00,421.0,418.87400486051513,-2.1259951394848713,2.1259951394848713,7,3,False
validation,2017-11-15 08:00:00,2017-11-16 08:00:00,423.0,421.14017087725676,-1.8598291227432355,1.8598291227432355,8,3,False
validation,2017-11-15 09:00:00,2017-11-16 09:00:00,440.0,435.79465395036533,-4.20534604963467,4.20534604963467,9,3,False
validation,2017-11-15 10:00:00,2017-11-16 10:00:00,459.0,452.3774726759807,-6.622527324019302,6.622527324019302,10,3,False
validation,2017-11-15 11:00:00,2017-11-16 11:00:00,473.0,458.3857916855238,-14.614208314476173,14.614208314476173,11,3,False
validation,2017-11-15 12:00:00,2017-11-16 12:00:00,475.0,467.2834694427726,-7.716530557227372,7.716530557227372,12,3,False
validation,2017-11-15 13:00:00,2017-11-16 13:00:00,474.0,473.8202942037053,-0.17970579629468375,0.17970579629468375,13,3,False
validation,2017-11-15 14:00:00,2017-11-16 14:00:00,478.0,481.4700425484377,3.470042548437675,3.470042548437675,14,3,False
validation,2017-11-15 15:00:00,2017-11-16 15:00:00,482.0,484.50741365716164,2.507413657161635,2.507413657161635,15,3,False
validation,2017-11-15 16:00:00,2017-11-16 16:00:00,482.0,484.3102262189593,2.310226218959315,2.310226218959315,16,3,False
validation,2017-11-15 17:00:00,2017-11-16 17:00:00,480.0,477.7224120492818,-2.277587950718214,2.277587950718214,17,3,False
validation,2017-11-15 18:00:00,2017-11-16 18:00:00,471.0,468.09849820420976,-2.9015017957902387,2.9015017957902387,18,3,False
validation,2017-11-15 19:00:00,2017-11-16 19:00:00,455.0,456.38774581522006,1.3877458152200575,1.3877458152200575,19,3,False
validation,2017-11-15 20:00:00,2017-11-16 20:00:00,446.0,446.71795807711226,0.7179580771122573,0.7179580771122573,20,3,False
validation,2017-11-15 21:00:00,2017-11-16 21:00:00,437.0,439.3434589302222,2.343458930222198,2.343458930222198,21,3,False
validation,2017-11-15 22:00:00,2017-11-16 22:00:00,434.0,437.79903022763017,3.799030227630169,3.799030227630169,22,3,False
validation,2017-11-15 23:00:00,2017-11-16 23:00:00,425.0,431.48292391849134,6.482923918491338,6.482923918491338,23,3,False
validation,2017-11-16 00:00:00,2017-11-17 00:00:00,421.0,418.30028230607826,-2.699717693921741,2.699717693921741,0,4,False
validation,2017-11-16 01:00:00,2017-11-17 01:00:00,419.0,414.7190456659318,-4.280954334068213,4.280954334068213,1,4,False
validation,2017-11-16 02:00:00,2017-11-17 02:00:00,421.0,412.2022807034994,-8.797719296500588,8.797719296500588,2,4,False
validation,2017-11-16 03:00:00,2017-11-17 03:00:00,414.0,411.2392284252403,-2.7607715747597013,2.7607715747597013,3,4,False
validation,2017-11-16 04:00:00,2017-11-17 04:00:00,414.0,410.80128475916433,-3.198715240835668,3.198715240835668,4,4,False
validation,2017-11-16 05:00:00,2017-11-17 05:00:00,412.0,410.5092788398619,-1.4907211601380936,1.4907211601380936,5,4,False
validation,2017-11-16 06:00:00,2017-11-17 06:00:00,415.0,411.08787454709153,-3.9121254529084695,3.9121254529084695,6,4,False
validation,2017-11-16 07:00:00,2017-11-17 07:00:00,417.0,419.32225003972405,2.3222500397240537,2.3222500397240537,7,4,False
validation,2017-11-16 08:00:00,2017-11-17 08:00:00,424.0,422.48831281279826,-1.511687187201744,1.511687187201744,8,4,False
validation,2017-11-16 09:00:00,2017-11-17 09:00:00,441.0,431.04267960668193,-9.95732039331807,9.95732039331807,9,4,False
validation,2017-11-16 10:00:00,2017-11-17 10:00:00,454.0,454.51004820366376,0.5100482036637572,0.5100482036637572,10,4,False
validation,2017-11-16 11:00:00,2017-11-17 11:00:00,471.0,468.1356946222007,-2.864305377799326,2.864305377799326,11,4,False
validation,2017-11-16 12:00:00,2017-11-17 12:00:00,472.0,471.7258326823056,-0.27416731769437774,0.27416731769437774,12,4,False
validation,2017-11-16 13:00:00,2017-11-17 13:00:00,474.0,471.3292740619123,-2.670725938087685,2.670725938087685,13,4,False
validation,2017-11-16 14:00:00,2017-11-17 14:00:00,482.0,474.0147609709523,-7.985239029047705,7.985239029047705,14,4,False
validation,2017-11-16 15:00:00,2017-11-17 15:00:00,486.0,475.41048835372845,-10.589511646271546,10.589511646271546,15,4,False
validation,2017-11-16 16:00:00,2017-11-17 16:00:00,484.0,475.24361561370677,-8.756384386293234,8.756384386293234,16,4,False
validation,2017-11-16 17:00:00,2017-11-17 17:00:00,477.0,472.402140518033,-4.597859481967021,4.597859481967021,17,4,False
validation,2017-11-16 18:00:00,2017-11-17 18:00:00,460.0,467.18633986668107,7.186339866681067,7.186339866681067,18,4,False
validation,2017-11-16 19:00:00,2017-11-17 19:00:00,443.0,449.58088057217236,6.5808805721723616,6.5808805721723616,19,4,False
validation,2017-11-16 20:00:00,2017-11-17 20:00:00,441.0,438.27483104055074,-2.725168959449263,2.725168959449263,20,4,False
validation,2017-11-16 21:00:00,2017-11-17 21:00:00,429.0,430.6043646823413,1.604364682341327,1.604364682341327,21,4,False
validation,2017-11-16 22:00:00,2017-11-17 22:00:00,425.0,428.5156721925021,3.515672192502109,3.515672192502109,22,4,False
validation,2017-11-16 23:00:00,2017-11-17 23:00:00,426.0,422.7089104257436,-3.2910895742563753,3.2910895742563753,23,4,False
validation,2017-11-17 00:00:00,2017-11-18 00:00:00,423.0,418.4025494251233,-4.597450574876689,4.597450574876689,0,5,True
validation,2017-11-17 01:00:00,2017-11-18 01:00:00,421.0,415.768409609638,-5.231590390361987,5.231590390361987,1,5,True
validation,2017-11-17 02:00:00,2017-11-18 02:00:00,418.0,415.4732567853601,-2.5267432146399074,2.5267432146399074,2,5,True
validation,2017-11-17 03:00:00,2017-11-18 03:00:00,417.0,411.454011710692,-5.5459882893080135,5.5459882893080135,3,5,True
validation,2017-11-17 04:00:00,2017-11-18 04:00:00,410.0,409.50447095818146,-0.49552904181854274,0.49552904181854274,4,5,True
validation,2017-11-17 05:00:00,2017-11-18 05:00:00,413.0,408.76252816796404,-4.237471832035965,4.237471832035965,5,5,True
validation,2017-11-17 06:00:00,2017-11-18 06:00:00,412.0,408.74782106937954,-3.2521789306204596,3.2521789306204596,6,5,True
validation,2017-11-17 07:00:00,2017-11-18 07:00:00,411.0,408.0963229796019,-2.9036770203981064,2.9036770203981064,7,5,True
validation,2017-11-17 08:00:00,2017-11-18 08:00:00,411.0,413.36410099968856,2.36410099968856,2.36410099968856,8,5,True
validation,2017-11-17 09:00:00,2017-11-18 09:00:00,412.0,415.5261658610299,3.526165861029881,3.526165861029881,9,5,True
validation,2017-11-17 10:00:00,2017-11-18 10:00:00,414.0,422.12262709225143,8.122627092251435,8.122627092251435,10,5,True
validation,2017-11-17 11:00:00,2017-11-18 11:00:00,420.0,427.94441974821075,7.944419748210748,7.944419748210748,11,5,True
validation,2017-11-17 12:00:00,2017-11-18 12:00:00,424.0,429.79831389142646,5.79831389142646,5.79831389142646,12,5,True
validation,2017-11-17 13:00:00,2017-11-18 13:00:00,427.0,431.59465412505693,4.594654125056934,4.594654125056934,13,5,True
validation,2017-11-17 14:00:00,2017-11-18 14:00:00,429.0,434.9322975157123,5.932297515712321,5.932297515712321,14,5,True
validation,2017-11-17 15:00:00,2017-11-18 15:00:00,427.0,435.52712946699046,8.52712946699046,8.52712946699046,15,5,True
validation,2017-11-17 16:00:00,2017-11-18 16:00:00,431.0,435.1045331322449,4.10453313224491,4.10453313224491,16,5,True
validation,2017-11-17 17:00:00,2017-11-18 17:00:00,428.0,433.9835024822128,5.9835024822128275,5.9835024822128275,17,5,True
validation,2017-11-17 18:00:00,2017-11-18 18:00:00,425.0,430.83608499041964,5.836084990419636,5.836084990419636,18,5,True
validation,2017-11-17 19:00:00,2017-11-18 19:00:00,423.0,425.7872351180298,2.7872351180297983,2.7872351180297983,19,5,True
validation,2017-11-17 20:00:00,2017-11-18 20:00:00,419.0,423.618576381163,4.618576381162995,4.618576381162995,20,5,True
validation,2017-11-17 21:00:00,2017-11-18 21:00:00,415.0,422.61425319339224,7.614253193392244,7.614253193392244,21,5,True
validation,2017-11-17 22:00:00,2017-11-18 22:00:00,410.0,418.9745949541376,8.974594954137615,8.974594954137615,22,5,True
validation,2017-11-17 23:00:00,2017-11-18 23:00:00,411.0,418.9815285391965,7.981528539196518,7.981528539196518,23,5,True
validation,2017-11-18 00:00:00,2017-11-19 00:00:00,411.0,417.1071057579632,6.107105757963211,6.107105757963211,0,6,True
validation,2017-11-18 01:00:00,2017-11-19 01:00:00,410.0,417.24148976329656,7.241489763296556,7.241489763296556,1,6,True
validation,2017-11-18 02:00:00,2017-11-19 02:00:00,410.0,415.0924391138696,5.092439113869602,5.092439113869602,2,6,True
validation,2017-11-18 03:00:00,2017-11-19 03:00:00,408.0,411.9791993856783,3.979199385678328,3.979199385678328,3,6,True
validation,2017-11-18 04:00:00,2017-11-19 04:00:00,406.0,410.3320225051996,4.332022505199575,4.332022505199575,4,6,True
validation,2017-11-18 05:00:00,2017-11-19 05:00:00,408.0,408.7118474752934,0.7118474752933821,0.7118474752933821,5,6,True
validation,2017-11-18 06:00:00,2017-11-19 06:00:00,408.0,408.7649821329206,0.7649821329205793,0.7649821329205793,6,6,True
validation,2017-11-18 07:00:00,2017-11-19 07:00:00,409.0,408.43146296477596,-0.5685370352240398,0.5685370352240398,7,6,True
validation,2017-11-18 08:00:00,2017-11-19 08:00:00,409.0,407.75181688645745,-1.2481831135425523,1.2481831135425523,8,6,True
validation,2017-11-18 09:00:00,2017-11-19 09:00:00,412.0,408.35476034555415,-3.645239654445845,3.645239654445845,9,6,True
validation,2017-11-18 10:00:00,2017-11-19 10:00:00,410.0,409.4948721055676,-0.5051278944324054,0.5051278944324054,10,6,True
validation,2017-11-18 11:00:00,2017-11-19 11:00:00,415.0,414.52508935472383,-0.474910645276168,0.474910645276168,11,6,True
validation,2017-11-18 12:00:00,2017-11-19 12:00:00,419.0,418.6467421863238,-0.3532578136761799,0.3532578136761799,12,6,True
validation,2017-11-18 13:00:00,2017-11-19 13:00:00,423.0,422.59520881051975,-0.4047911894802496,0.4047911894802496,13,6,True
validation,2017-11-18 14:00:00,2017-11-19 14:00:00,427.0,424.86306974399656,-2.1369302560034384,2.1369302560034384,14,6,True
validation,2017-11-18 15:00:00,2017-11-19 15:00:00,429.0,425.84688543280106,-3.1531145671989407,3.1531145671989407,15,6,True
validation,2017-11-18 16:00:00,2017-11-19 16:00:00,432.0,427.1590265211041,-4.840973478895876,4.840973478895876,16,6,True
validation,2017-11-18 17:00:00,2017-11-19 17:00:00,431.0,430.39216288825713,-0.6078371117428674,0.6078371117428674,17,6,True
validation,2017-11-18 18:00:00,2017-11-19 18:00:00,428.0,427.9916096557939,-0.008390344206077316,0.008390344206077316,18,6,True
validation,2017-11-18 19:00:00,2017-11-19 19:00:00,427.0,422.47812383251096,-4.52187616748904,4.52187616748904,19,6,True
validation,2017-11-18 20:00:00,2017-11-19 20:00:00,429.0,418.93441861154776,-10.065581388452244,10.065581388452244,20,6,True
validation,2017-11-18 21:00:00,2017-11-19 21:00:00,424.0,414.0349698759175,-9.965030124082489,9.965030124082489,21,6,True
validation,2017-11-18 22:00:00,2017-11-19 22:00:00,419.0,410.78301250757914,-8.216987492420856,8.216987492420856,22,6,True
validation,2017-11-18 23:00:00,2017-11-19 23:00:00,420.0,408.0613097392873,-11.93869026071269,11.93869026071269,23,6,True
validation,2017-11-19 00:00:00,2017-11-20 00:00:00,417.0,412.76491795483673,-4.235082045163267,4.235082045163267,0,0,False
validation,2017-11-19 01:00:00,2017-11-20 01:00:00,414.0,409.0893110002063,-4.910688999793706,4.910688999793706,1,0,False
validation,2017-11-19 02:00:00,2017-11-20 02:00:00,417.0,414.0050803245515,-2.9949196754485,2.9949196754485,2,0,False
validation,2017-11-19 03:00:00,2017-11-20 03:00:00,416.0,406.3689839295685,-9.631016070431485,9.631016070431485,3,0,False
validation,2017-11-19 04:00:00,2017-11-20 04:00:00,414.0,407.0304992534617,-6.969500746538301,6.969500746538301,4,0,False
validation,2017-11-19 05:00:00,2017-11-20 05:00:00,414.0,406.42241970293935,-7.577580297060649,7.577580297060649,5,0,False
validation,2017-11-19 06:00:00,2017-11-20 06:00:00,414.0,407.733148314833,-6.266851685167012,6.266851685167012,6,0,False
validation,2017-11-19 07:00:00,2017-11-20 07:00:00,420.0,414.19664556371936,-5.803354436280642,5.803354436280642,7,0,False
validation,2017-11-19 08:00:00,2017-11-20 08:00:00,427.0,415.693581454118,-11.306418545882025,11.306418545882025,8,0,False
validation,2017-11-19 09:00:00,2017-11-20 09:00:00,438.0,430.08930813888736,-7.910691861112639,7.910691861112639,9,0,False
validation,2017-11-19 10:00:00,2017-11-20 10:00:00,446.0,453.2159279128329,7.21592791283291,7.21592791283291,10,0,False
validation,2017-11-19 11:00:00,2017-11-20 11:00:00,460.0,461.60116233199466,1.601162331994658,1.601162331994658,11,0,False
validation,2017-11-19 12:00:00,2017-11-20 12:00:00,461.0,462.70413611656704,1.7041361165670423,1.7041361165670423,12,0,False
validation,2017-11-19 13:00:00,2017-11-20 13:00:00,466.0,463.5951143597031,-2.404885640296925,2.404885640296925,13,0,False
validation,2017-11-19 14:00:00,2017-11-20 14:00:00,466.0,467.3353918197029,1.3353918197029202,1.3353918197029202,14,0,False
validation,2017-11-19 15:00:00,2017-11-20 15:00:00,477.0,470.720430082832,-6.279569917167976,6.279569917167976,15,0,False
validation,2017-11-19 16:00:00,2017-11-20 16:00:00,470.0,472.19748370368507,2.197483703685066,2.197483703685066,16,0,False
validation,2017-11-19 17:00:00,2017-11-20 17:00:00,472.0,468.2800213897809,-3.719978610219073,3.719978610219073,17,0,False
validation,2017-11-19 18:00:00,2017-11-20 18:00:00,461.0,460.50481738827864,-0.49518261172136135,0.49518261172136135,18,0,False
validation,2017-11-19 19:00:00,2017-11-20 19:00:00,460.0,445.1811834468377,-14.818816553162321,14.818816553162321,19,0,False
validation,2017-11-19 20:00:00,2017-11-20 20:00:00,448.0,442.15531601363915,-5.844683986360849,5.844683986360849,20,0,False
validation,2017-11-19 21:00:00,2017-11-20 21:00:00,439.0,433.2370796483947,-5.762920351605317,5.762920351605317,21,0,False
validation,2017-11-19 22:00:00,2017-11-20 22:00:00,433.0,428.6509418875966,-4.349058112403384,4.349058112403384,22,0,False
validation,2017-11-19 23:00:00,2017-11-20 23:00:00,426.0,425.50972449148566,-0.490275508514344,0.490275508514344,23,0,False
validation,2017-11-20 00:00:00,2017-11-21 00:00:00,422.0,423.3735522889065,1.3735522889065237,1.3735522889065237,0,1,False
validation,2017-11-20 01:00:00,2017-11-21 01:00:00,418.0,419.10952016816884,1.1095201681688422,1.1095201681688422,1,1,False
validation,2017-11-20 02:00:00,2017-11-21 02:00:00,414.0,419.6388946058833,5.6388946058833085,5.6388946058833085,2,1,False
validation,2017-11-20 03:00:00,2017-11-21 03:00:00,417.0,415.8546494279747,-1.1453505720252792,1.1453505720252792,3,1,False
validation,2017-11-20 04:00:00,2017-11-21 04:00:00,420.0,413.0525319901974,-6.947468009802606,6.947468009802606,4,1,False
validation,2017-11-20 05:00:00,2017-11-21 05:00:00,418.0,412.3306355032845,-5.669364496715502,5.669364496715502,5,1,False
validation,2017-11-20 06:00:00,2017-11-21 06:00:00,412.0,414.1595737047483,2.1595737047483112,2.1595737047483112,6,1,False
validation,2017-11-20 07:00:00,2017-11-21 07:00:00,418.0,423.0392536848615,5.039253684861478,5.039253684861478,7,1,False
validation,2017-11-20 08:00:00,2017-11-21 08:00:00,424.0,436.60375828084534,12.60375828084534,12.60375828084534,8,1,False
validation,2017-11-20 09:00:00,2017-11-21 09:00:00,446.0,444.04690881661116,-1.9530911833888354,1.9530911833888354,9,1,False
validation,2017-11-20 10:00:00,2017-11-21 10:00:00,454.0,459.3972492744789,5.397249274478895,5.397249274478895,10,1,False
validation,2017-11-20 11:00:00,2017-11-21 11:00:00,473.0,471.7422858567113,-1.2577141432886947,1.2577141432886947,11,1,False
validation,2017-11-20 12:00:00,2017-11-21 12:00:00,481.0,474.3444198423705,-6.655580157629515,6.655580157629515,12,1,False
validation,2017-11-20 13:00:00,2017-11-21 13:00:00,483.0,473.920424093063,-9.07957590693701,9.07957590693701,13,1,False
validation,2017-11-20 14:00:00,2017-11-21 14:00:00,484.0,473.2137512338688,-10.786248766131223,10.786248766131223,14,1,False
validation,2017-11-20 15:00:00,2017-11-21 15:00:00,475.0,482.1122683622691,7.112268362269106,7.112268362269106,15,1,False
validation,2017-11-20 16:00:00,2017-11-21 16:00:00,482.0,475.5007935680903,-6.499206431909727,6.499206431909727,16,1,False
validation,2017-11-20 17:00:00,2017-11-21 17:00:00,482.0,469.91481088771985,-12.085189112280148,12.085189112280148,17,1,False
validation,2017-11-20 18:00:00,2017-11-21 18:00:00,474.0,461.4117161568294,-12.588283843170586,12.588283843170586,18,1,False
validation,2017-11-20 19:00:00,2017-11-21 19:00:00,459.0,456.74090079934524,-2.2590992006547594,2.2590992006547594,19,1,False
validation,2017-11-20 20:00:00,2017-11-21 20:00:00,460.0,447.37619440653856,-12.62380559346144,12.62380559346144,20,1,False
validation,2017-11-20 21:00:00,2017-11-21 21:00:00,450.0,437.7265250002353,-12.273474999764687,12.273474999764687,21,1,False
validation,2017-11-20 22:00:00,2017-11-21 22:00:00,446.0,435.1160573650701,-10.883942634929895,10.883942634929895,22,1,False
validation,2017-11-20 23:00:00,2017-11-21 23:00:00,438.0,431.6336621896735,-6.366337810326513,6.366337810326513,23,1,False
validation,2017-11-21 00:00:00,2017-11-22 00:00:00,434.0,427.2565822134699,-6.743417786530074,6.743417786530074,0,2,False
validation,2017-11-21 01:00:00,2017-11-22 01:00:00,427.0,425.5285529200583,-1.4714470799416972,1.4714470799416972,1,2,False
validation,2017-11-21 02:00:00,2017-11-22 02:00:00,427.0,418.81575438456196,-8.184245615438044,8.184245615438044,2,2,False
validation,2017-11-21 03:00:00,2017-11-22 03:00:00,425.0,417.3705913736001,-7.629408626399879,7.629408626399879,3,2,False
validation,2017-11-21 04:00:00,2017-11-22 04:00:00,423.0,420.92095787071224,-2.079042129287757,2.079042129287757,4,2,False
validation,2017-11-21 05:00:00,2017-11-22 05:00:00,422.0,420.2756119286481,-1.724388071351882,1.724388071351882,5,2,False
validation,2017-11-21 06:00:00,2017-11-22 06:00:00,421.0,417.53542597129797,-3.4645740287020317,3.4645740287020317,6,2,False
validation,2017-11-21 07:00:00,2017-11-22 07:00:00,422.0,421.816885977799,-0.18311402220098216,0.18311402220098216,7,2,False
validation,2017-11-21 08:00:00,2017-11-22 08:00:00,428.0,432.1286796740626,4.128679674062596,4.128679674062596,8,2,False
validation,2017-11-21 09:00:00,2017-11-22 09:00:00,445.0,445.98251252654006,0.9825125265400629,0.9825125265400629,9,2,False
validation,2017-11-21 10:00:00,2017-11-22 10:00:00,461.0,455.88682366312327,-5.113176336876734,5.113176336876734,10,2,False
validation,2017-11-21 11:00:00,2017-11-22 11:00:00,472.0,469.7636943693576,-2.2363056306423914,2.2363056306423914,11,2,False
validation,2017-11-21 12:00:00,2017-11-22 12:00:00,464.0,480.34579463646946,16.345794636469464,16.345794636469464,12,2,False
validation,2017-11-21 13:00:00,2017-11-22 13:00:00,467.0,480.96589711036046,13.965897110360459,13.965897110360459,13,2,False
validation,2017-11-21 14:00:00,2017-11-22 14:00:00,472.0,483.99050144693047,11.990501446930466,11.990501446930466,14,2,False
validation,2017-11-21 15:00:00,2017-11-22 15:00:00,469.0,479.1728415287513,10.172841528751292,10.172841528751292,15,2,False
validation,2017-11-21 16:00:00,2017-11-22 16:00:00,469.0,483.06109591583765,14.061095915837655,14.061095915837655,16,2,False
validation,2017-11-21 17:00:00,2017-11-22 17:00:00,460.0,479.5987106088273,19.598710608827275,19.598710608827275,17,2,False
validation,2017-11-21 18:00:00,2017-11-22 18:00:00,450.0,469.9179468527857,19.91794685278569,19.91794685278569,18,2,False
validation,2017-11-21 19:00:00,2017-11-22 19:00:00,440.0,458.190428388779,18.190428388779026,18.190428388779026,19,2,False
validation,2017-11-21 20:00:00,2017-11-22 20:00:00,433.0,455.53931754974826,22.53931754974826,22.53931754974826,20,2,False
validation,2017-11-21 21:00:00,2017-11-22 21:00:00,430.0,448.91514039605477,18.915140396054767,18.915140396054767,21,2,False
validation,2017-11-21 22:00:00,2017-11-22 22:00:00,425.0,442.9631824127805,17.963182412780498,17.963182412780498,22,2,False
validation,2017-11-21 23:00:00,2017-11-22 23:00:00,426.0,434.5516239107474,8.551623910747423,8.551623910747423,23,2,False
validation,2017-11-22 00:00:00,2017-11-23 00:00:00,419.0,434.09120062575187,15.091200625751867,15.091200625751867,0,3,False
validation,2017-11-22 01:00:00,2017-11-23 01:00:00,416.0,430.6061055807081,14.606105580708117,14.606105580708117,1,3,False
validation,2017-11-22 02:00:00,2017-11-23 02:00:00,416.0,429.04107227514476,13.041072275144757,13.041072275144757,2,3,False
validation,2017-11-22 03:00:00,2017-11-23 03:00:00,417.0,427.9322282651481,10.932228265148126,10.932228265148126,3,3,False
validation,2017-11-22 04:00:00,2017-11-23 04:00:00,414.0,424.89501027587113,10.89501027587113,10.89501027587113,4,3,False
validation,2017-11-22 05:00:00,2017-11-23 05:00:00,415.0,424.50965638010246,9.509656380102456,9.509656380102456,5,3,False
validation,2017-11-22 06:00:00,2017-11-23 06:00:00,412.0,425.5204761828871,13.52047618288708,13.52047618288708,6,3,False
validation,2017-11-22 07:00:00,2017-11-23 07:00:00,412.0,427.49099745389645,15.490997453896455,15.490997453896455,7,3,False
validation,2017-11-22 08:00:00,2017-11-23 08:00:00,412.0,436.2159365734385,24.215936573438512,24.215936573438512,8,3,False
validation,2017-11-22 09:00:00,2017-11-23 09:00:00,413.0,448.95941671498565,35.95941671498565,35.95941671498565,9,3,False
validation,2017-11-22 10:00:00,2017-11-23 10:00:00,414.0,460.11558865917567,46.11558865917567,46.11558865917567,10,3,False
validation,2017-11-22 11:00:00,2017-11-23 11:00:00,423.0,471.07019280015203,48.07019280015203,48.07019280015203,11,3,False
validation,2017-11-22 12:00:00,2017-11-23 12:00:00,428.0,470.4932832729549,42.4932832729549,42.4932832729549,12,3,False
validation,2017-11-22 13:00:00,2017-11-23 13:00:00,424.0,473.4199431982585,49.41994319825852,49.41994319825852,13,3,False
validation,2017-11-22 14:00:00,2017-11-23 14:00:00,420.0,475.86236695465146,55.86236695465146,55.86236695465146,14,3,False
validation,2017-11-22 15:00:00,2017-11-23 15:00:00,422.0,476.6885241155458,54.68852411554582,54.68852411554582,15,3,False
validation,2017-11-22 16:00:00,2017-11-23 16:00:00,419.0,477.42236483897875,58.42236483897875,58.42236483897875,16,3,False
validation,2017-11-22 17:00:00,2017-11-23 17:00:00,417.0,465.3411596356066,48.34115963560657,48.34115963560657,17,3,False
validation,2017-11-22 18:00:00,2017-11-23 18:00:00,416.0,459.7139096800878,43.713909680087795,43.713909680087795,18,3,False
validation,2017-11-22 19:00:00,2017-11-23 19:00:00,415.0,453.3079130824407,38.30791308244068,38.30791308244068,19,3,False
validation,2017-11-22 20:00:00,2017-11-23 20:00:00,409.0,444.4729456515222,35.472945651522195,35.472945651522195,20,3,False
validation,2017-11-22 21:00:00,2017-11-23 21:00:00,406.0,441.3577938357521,35.35779383575209,35.35779383575209,21,3,False
validation,2017-11-22 22:00:00,2017-11-23 22:00:00,407.0,438.316284068825,31.316284068824984,31.316284068824984,22,3,False
validation,2017-11-22 23:00:00,2017-11-23 23:00:00,406.0,434.7925762415712,28.792576241571226,28.792576241571226,23,3,False
validation,2017-11-23 00:00:00,2017-11-24 00:00:00,409.0,422.321561679171,13.321561679170998,13.321561679170998,0,4,False
validation,2017-11-23 01:00:00,2017-11-24 01:00:00,408.0,416.5929353347641,8.592935334764093,8.592935334764093,1,4,False
validation,2017-11-23 02:00:00,2017-11-24 02:00:00,407.0,413.0449758683305,6.044975868330482,6.044975868330482,2,4,False
validation,2017-11-23 03:00:00,2017-11-24 03:00:00,406.0,412.5402877148904,6.540287714890383,6.540287714890383,3,4,False
validation,2017-11-23 04:00:00,2017-11-24 04:00:00,404.0,412.0176091785311,8.017609178531075,8.017609178531075,4,4,False
validation,2017-11-23 05:00:00,2017-11-24 05:00:00,405.0,411.7196448387198,6.719644838719773,6.719644838719773,5,4,False
validation,2017-11-23 06:00:00,2017-11-24 06:00:00,402.0,410.5989343887673,8.598934388767304,8.598934388767304,6,4,False
validation,2017-11-23 07:00:00,2017-11-24 07:00:00,404.0,415.676600421987,11.676600421987018,11.676600421987018,7,4,False
validation,2017-11-23 08:00:00,2017-11-24 08:00:00,406.0,416.62544686403334,10.625446864033336,10.625446864033336,8,4,False
validation,2017-11-23 09:00:00,2017-11-24 09:00:00,407.0,420.26212864565605,13.262128645656048,13.262128645656048,9,4,False
validation,2017-11-23 10:00:00,2017-11-24 10:00:00,408.0,424.76539893527547,16.76539893527547,16.76539893527547,10,4,False
validation,2017-11-23 11:00:00,2017-11-24 11:00:00,409.0,428.82244333096514,19.822443330965143,19.822443330965143,11,4,False
validation,2017-11-23 12:00:00,2017-11-24 12:00:00,405.0,437.44735770228164,32.447357702281636,32.447357702281636,12,4,False
validation,2017-11-23 13:00:00,2017-11-24 13:00:00,407.0,434.328721412738,27.32872141273799,27.32872141273799,13,4,False
validation,2017-11-23 14:00:00,2017-11-24 14:00:00,406.0,430.21600998399407,24.21600998399407,24.21600998399407,14,4,False
validation,2017-11-23 15:00:00,2017-11-24 15:00:00,412.0,431.5360624256509,19.536062425650925,19.536062425650925,15,4,False
validation,2017-11-23 16:00:00,2017-11-24 16:00:00,413.0,432.6403422898049,19.64034228980489,19.64034228980489,16,4,False
validation,2017-11-23 17:00:00,2017-11-24 17:00:00,412.0,427.8179062554338,15.817906255433797,15.817906255433797,17,4,False
validation,2017-11-23 18:00:00,2017-11-24 18:00:00,415.0,425.74796522212324,10.747965222123241,10.747965222123241,18,4,False
validation,2017-11-23 19:00:00,2017-11-24 19:00:00,423.0,418.8636560336957,-4.13634396630431,4.13634396630431,19,4,False
validation,2017-11-23 20:00:00,2017-11-24 20:00:00,417.0,417.54870226671306,0.5487022667130645,0.5487022667130645,20,4,False
validation,2017-11-23 21:00:00,2017-11-24 21:00:00,416.0,416.8219490174926,0.8219490174926136,0.8219490174926136,21,4,False
validation,2017-11-23 22:00:00,2017-11-24 22:00:00,414.0,416.02873134321396,2.0287313432139626,2.0287313432139626,22,4,False
validation,2017-11-23 23:00:00,2017-11-24 23:00:00,413.0,415.5094967355947,2.5094967355947233,2.5094967355947233,23,4,False
validation,2017-11-24 00:00:00,2017-11-25 00:00:00,413.0,413.5901836216528,0.590183621652784,0.590183621652784,0,5,True
validation,2017-11-24 01:00:00,2017-11-25 01:00:00,416.0,410.79680626494536,-5.20319373505464,5.20319373505464,1,5,True
validation,2017-11-24 02:00:00,2017-11-25 02:00:00,414.0,410.4804631856,-3.5195368143999985,3.5195368143999985,2,5,True
validation,2017-11-24 03:00:00,2017-11-25 03:00:00,414.0,410.07517657826145,-3.9248234217385516,3.9248234217385516,3,5,True
validation,2017-11-24 04:00:00,2017-11-25 04:00:00,411.0,410.92168433329897,-0.0783156667010303,0.0783156667010303,4,5,True
validation,2017-11-24 05:00:00,2017-11-25 05:00:00,411.0,410.0943853995393,-0.9056146004606944,0.9056146004606944,5,5,True
validation,2017-11-24 06:00:00,2017-11-25 06:00:00,411.0,412.76726422207565,1.767264222075653,1.767264222075653,6,5,True
validation,2017-11-24 07:00:00,2017-11-25 07:00:00,412.0,412.3456119407953,0.3456119407953224,0.3456119407953224,7,5,True
validation,2017-11-24 08:00:00,2017-11-25 08:00:00,410.0,410.7828103234367,0.7828103234367063,0.7828103234367063,8,5,True
validation,2017-11-24 09:00:00,2017-11-25 09:00:00,412.0,415.11171378596487,3.1117137859648665,3.1117137859648665,9,5,True
validation,2017-11-24 10:00:00,2017-11-25 10:00:00,412.0,417.6108217028617,5.610821702861699,5.610821702861699,10,5,True
validation,2017-11-24 11:00:00,2017-11-25 11:00:00,418.0,417.5655013475807,-0.4344986524192791,0.4344986524192791,11,5,True
validation,2017-11-24 12:00:00,2017-11-25 12:00:00,426.0,419.5461148804759,-6.453885119524102,6.453885119524102,12,5,True
validation,2017-11-24 13:00:00,2017-11-25 13:00:00,425.0,420.48223922337735,-4.5177607766226515,4.5177607766226515,13,5,True
validation,2017-11-24 14:00:00,2017-11-25 14:00:00,423.0,425.4712996835189,2.4712996835189074,2.4712996835189074,14,5,True
validation,2017-11-24 15:00:00,2017-11-25 15:00:00,423.0,423.2446296986446,0.24462969864458728,0.24462969864458728,15,5,True
validation,2017-11-24 16:00:00,2017-11-25 16:00:00,426.0,424.80388103195634,-1.1961189680436632,1.1961189680436632,16,5,True
validation,2017-11-24 17:00:00,2017-11-25 17:00:00,428.0,422.0478904848469,-5.952109515153097,5.952109515153097,17,5,True
validation,2017-11-24 18:00:00,2017-11-25 18:00:00,426.0,421.0607891248489,-4.939210875151105,4.939210875151105,18,5,True
validation,2017-11-24 19:00:00,2017-11-25 19:00:00,426.0,422.7148069658376,-3.2851930341623756,3.2851930341623756,19,5,True
validation,2017-11-24 20:00:00,2017-11-25 20:00:00,427.0,420.3696821780798,-6.630317821920187,6.630317821920187,20,5,True
validation,2017-11-24 21:00:00,2017-11-25 21:00:00,424.0,417.5461202202947,-6.453879779705289,6.453879779705289,21,5,True
validation,2017-11-24 22:00:00,2017-11-25 22:00:00,421.0,414.59785809966564,-6.402141900334357,6.402141900334357,22,5,True
validation,2017-11-24 23:00:00,2017-11-25 23:00:00,422.0,412.8788465262868,-9.121153473713207,9.121153473713207,23,5,True
validation,2017-11-25 00:00:00,2017-11-26 00:00:00,417.0,413.0481337373335,-3.951866262666499,3.951866262666499,0,6,True
validation,2017-11-25 01:00:00,2017-11-26 01:00:00,413.0,412.91846711888655,-0.08153288111344636,0.08153288111344636,1,6,True
validation,2017-11-25 02:00:00,2017-11-26 02:00:00,415.0,409.96569400137344,-5.034305998626564,5.034305998626564,2,6,True
validation,2017-11-25 03:00:00,2017-11-26 03:00:00,416.0,409.2388362271418,-6.761163772858197,6.761163772858197,3,6,True
validation,2017-11-25 04:00:00,2017-11-26 04:00:00,413.0,409.81946511379624,-3.180534886203759,3.180534886203759,4,6,True
validation,2017-11-25 05:00:00,2017-11-26 05:00:00,413.0,409.26123383239025,-3.7387661676097537,3.7387661676097537,5,6,True
validation,2017-11-25 06:00:00,2017-11-26 06:00:00,414.0,410.0409603684751,-3.959039631524888,3.959039631524888,6,6,True
validation,2017-11-25 07:00:00,2017-11-26 07:00:00,416.0,410.11566453862935,-5.884335461370654,5.884335461370654,7,6,True
validation,2017-11-25 08:00:00,2017-11-26 08:00:00,413.0,409.404123608603,-3.5958763913969847,3.5958763913969847,8,6,True
validation,2017-11-25 09:00:00,2017-11-26 09:00:00,415.0,410.38204101742434,-4.617958982575658,4.617958982575658,9,6,True
validation,2017-11-25 10:00:00,2017-11-26 10:00:00,419.0,411.7849505390248,-7.2150494609751945,7.2150494609751945,10,6,True
validation,2017-11-25 11:00:00,2017-11-26 11:00:00,417.0,418.0481959623392,1.0481959623392072,1.0481959623392072,11,6,True
validation,2017-11-25 12:00:00,2017-11-26 12:00:00,420.0,424.37683918799354,4.376839187993539,4.376839187993539,12,6,True
validation,2017-11-25 13:00:00,2017-11-26 13:00:00,424.0,427.0912088869985,3.0912088869985155,3.0912088869985155,13,6,True
validation,2017-11-25 14:00:00,2017-11-26 14:00:00,427.0,424.74704240396335,-2.2529575960366515,2.2529575960366515,14,6,True
validation,2017-11-25 15:00:00,2017-11-26 15:00:00,429.0,423.13575267626226,-5.864247323737743,5.864247323737743,15,6,True
validation,2017-11-25 16:00:00,2017-11-26 16:00:00,429.0,427.31823733844556,-1.681762661554444,1.681762661554444,16,6,True
validation,2017-11-25 17:00:00,2017-11-26 17:00:00,429.0,427.36592864418793,-1.6340713558120683,1.6340713558120683,17,6,True
validation,2017-11-25 18:00:00,2017-11-26 18:00:00,431.0,424.8509604895168,-6.149039510483192,6.149039510483192,18,6,True
validation,2017-11-25 19:00:00,2017-11-26 19:00:00,432.0,423.80641556168564,-8.19358443831436,8.19358443831436,19,6,True
validation,2017-11-25 20:00:00,2017-11-26 20:00:00,428.0,423.6012729945853,-4.398727005414685,4.398727005414685,20,6,True
validation,2017-11-25 21:00:00,2017-11-26 21:00:00,424.0,421.9478721700197,-2.052127829980293,2.052127829980293,21,6,True
validation,2017-11-25 22:00:00,2017-11-26 22:00:00,417.0,418.76659567421297,1.7665956742129652,1.7665956742129652,22,6,True
validation,2017-11-25 23:00:00,2017-11-26 23:00:00,418.0,417.74203008549597,-0.25796991450403084,0.25796991450403084,23,6,True
validation,2017-11-26 00:00:00,2017-11-27 00:00:00,417.0,417.37536550639555,0.37536550639555344,0.37536550639555344,0,0,False
validation,2017-11-26 01:00:00,2017-11-27 01:00:00,419.0,412.8014674036239,-6.198532596376083,6.198532596376083,1,0,False
validation,2017-11-26 02:00:00,2017-11-27 02:00:00,420.0,411.17091787066096,-8.829082129339042,8.829082129339042,2,0,False
validation,2017-11-26 03:00:00,2017-11-27 03:00:00,416.0,410.81956063734197,-5.180439362658035,5.180439362658035,3,0,False
validation,2017-11-26 04:00:00,2017-11-27 04:00:00,415.0,409.69315360457693,-5.306846395423065,5.306846395423065,4,0,False
validation,2017-11-26 05:00:00,2017-11-27 05:00:00,412.0,410.2599189067903,-1.7400810932097102,1.7400810932097102,5,0,False
validation,2017-11-26 06:00:00,2017-11-27 06:00:00,413.0,410.9527260840946,-2.047273915905407,2.047273915905407,6,0,False
validation,2017-11-26 07:00:00,2017-11-27 07:00:00,420.0,414.43179103160145,-5.568208968398551,5.568208968398551,7,0,False
validation,2017-11-26 08:00:00,2017-11-27 08:00:00,431.0,413.4131901705027,-17.586809829497327,17.586809829497327,8,0,False
validation,2017-11-26 09:00:00,2017-11-27 09:00:00,448.0,416.5596293228264,-31.440370677173576,31.440370677173576,9,0,False
validation,2017-11-26 10:00:00,2017-11-27 10:00:00,458.0,422.62619466292966,-35.37380533707034,35.37380533707034,10,0,False
validation,2017-11-26 11:00:00,2017-11-27 11:00:00,471.0,428.2653549442772,-42.73464505572281,42.73464505572281,11,0,False
validation,2017-11-26 12:00:00,2017-11-27 12:00:00,471.0,433.43630740466256,-37.56369259533744,37.56369259533744,12,0,False
validation,2017-11-26 13:00:00,2017-11-27 13:00:00,467.0,437.6193542545636,-29.380645745436425,29.380645745436425,13,0,False
validation,2017-11-26 14:00:00,2017-11-27 14:00:00,472.0,442.76138995738603,-29.23861004261397,29.23861004261397,14,0,False
validation,2017-11-26 15:00:00,2017-11-27 15:00:00,474.0,444.90897155180846,-29.091028448191537,29.091028448191537,15,0,False
validation,2017-11-26 16:00:00,2017-11-27 16:00:00,475.0,444.1664942293988,-30.83350577060122,30.83350577060122,16,0,False
validation,2017-11-26 17:00:00,2017-11-27 17:00:00,469.0,439.2956887491524,-29.70431125084758,29.70431125084758,17,0,False
validation,2017-11-26 18:00:00,2017-11-27 18:00:00,460.0,441.07436993140163,-18.925630068598366,18.925630068598366,18,0,False
validation,2017-11-26 19:00:00,2017-11-27 19:00:00,447.0,439.41018954897777,-7.589810451022231,7.589810451022231,19,0,False
validation,2017-11-26 20:00:00,2017-11-27 20:00:00,441.0,433.67690886155924,-7.323091138440759,7.323091138440759,20,0,False
validation,2017-11-26 21:00:00,2017-11-27 21:00:00,431.0,428.75192850325516,-2.248071496744842,2.248071496744842,21,0,False
validation,2017-11-26 22:00:00,2017-11-27 22:00:00,429.0,418.81957904678194,-10.18042095321806,10.18042095321806,22,0,False
validation,2017-11-26 23:00:00,2017-11-27 23:00:00,427.0,418.22233196264096,-8.777668037359035,8.777668037359035,23,0,False
validation,2017-11-27 00:00:00,2017-11-28 00:00:00,423.0,419.7480867929212,-3.2519132070788146,3.2519132070788146,0,1,False
validation,2017-11-27 01:00:00,2017-11-28 01:00:00,417.0,419.67306080459815,2.673060804598151,2.673060804598151,1,1,False
validation,2017-11-27 02:00:00,2017-11-28 02:00:00,415.0,420.0933925391695,5.093392539169486,5.093392539169486,2,1,False
validation,2017-11-27 03:00:00,2017-11-28 03:00:00,420.0,416.06147079979394,-3.9385292002060623,3.9385292002060623,3,1,False
validation,2017-11-27 04:00:00,2017-11-28 04:00:00,419.0,413.72845682411764,-5.271543175882357,5.271543175882357,4,1,False
validation,2017-11-27 05:00:00,2017-11-28 05:00:00,417.0,412.46782329075165,-4.532176709248347,4.532176709248347,5,1,False
validation,2017-11-27 06:00:00,2017-11-28 06:00:00,420.0,413.88730432673714,-6.112695673262863,6.112695673262863,6,1,False
validation,2017-11-27 07:00:00,2017-11-28 07:00:00,429.0,422.7998859432521,-6.200114056747907,6.200114056747907,7,1,False
validation,2017-11-27 08:00:00,2017-11-28 08:00:00,439.0,437.691655511229,-1.308344488771013,1.308344488771013,8,1,False
validation,2017-11-27 09:00:00,2017-11-28 09:00:00,454.0,450.5484382356702,-3.451561764329824,3.451561764329824,9,1,False
validation,2017-11-27 10:00:00,2017-11-28 10:00:00,455.0,466.1419370472018,11.141937047201793,11.141937047201793,10,1,False
validation,2017-11-27 11:00:00,2017-11-28 11:00:00,470.0,478.0262696645315,8.026269664531526,8.026269664531526,11,1,False
validation,2017-11-27 12:00:00,2017-11-28 12:00:00,471.0,474.85171343276517,3.851713432765166,3.851713432765166,12,1,False
validation,2017-11-27 13:00:00,2017-11-28 13:00:00,473.0,473.0283085615314,0.028308561531389387,0.028308561531389387,13,1,False
validation,2017-11-27 14:00:00,2017-11-28 14:00:00,465.0,474.05970755964273,9.059707559642732,9.059707559642732,14,1,False
validation,2017-11-27 15:00:00,2017-11-28 15:00:00,472.0,474.98803719396113,2.9880371939611337,2.9880371939611337,15,1,False
validation,2017-11-27 16:00:00,2017-11-28 16:00:00,476.0,475.5719239494583,-0.4280760505416765,0.4280760505416765,16,1,False
validation,2017-11-27 17:00:00,2017-11-28 17:00:00,479.0,470.08358480219533,-8.916415197804668,8.916415197804668,17,1,False
validation,2017-11-27 18:00:00,2017-11-28 18:00:00,469.0,459.22707091334337,-9.772929086656632,9.772929086656632,18,1,False
validation,2017-11-27 19:00:00,2017-11-28 19:00:00,455.0,449.92871500684845,-5.071284993151551,5.071284993151551,19,1,False
validation,2017-11-27 20:00:00,2017-11-28 20:00:00,442.0,439.3979033180863,-2.602096681913679,2.602096681913679,20,1,False
validation,2017-11-27 21:00:00,2017-11-28 21:00:00,433.0,435.1663145324722,2.1663145324721995,2.1663145324721995,21,1,False
validation,2017-11-27 22:00:00,2017-11-28 22:00:00,432.0,432.8341985229516,0.834198522951624,0.834198522951624,22,1,False
validation,2017-11-27 23:00:00,2017-11-28 23:00:00,427.0,431.41412141351054,4.414121413510543,4.414121413510543,23,1,False
validation,2017-11-28 00:00:00,2017-11-29 00:00:00,423.0,425.8595129940766,2.859512994076624,2.859512994076624,0,2,False
validation,2017-11-28 01:00:00,2017-11-29 01:00:00,422.0,421.4927032087502,-0.5072967912498143,0.5072967912498143,1,2,False
validation,2017-11-28 02:00:00,2017-11-29 02:00:00,419.0,416.49749984697837,-2.5025001530216286,2.5025001530216286,2,2,False
validation,2017-11-28 03:00:00,2017-11-29 03:00:00,416.0,418.1356663679594,2.135666367959402,2.135666367959402,3,2,False
validation,2017-11-28 04:00:00,2017-11-29 04:00:00,416.0,420.04565350059977,4.045653500599769,4.045653500599769,4,2,False
validation,2017-11-28 05:00:00,2017-11-29 05:00:00,414.0,418.0130407271941,4.013040727194095,4.013040727194095,5,2,False
validation,2017-11-28 06:00:00,2017-11-29 06:00:00,415.0,420.49171240437215,5.4917124043721515,5.4917124043721515,6,2,False
validation,2017-11-28 07:00:00,2017-11-29 07:00:00,420.0,432.1860011670668,12.18600116706682,12.18600116706682,7,2,False
validation,2017-11-28 08:00:00,2017-11-29 08:00:00,424.0,439.1232279217326,15.12322792173262,15.12322792173262,8,2,False
validation,2017-11-28 09:00:00,2017-11-29 09:00:00,442.0,454.1175390565299,12.117539056529893,12.117539056529893,9,2,False
validation,2017-11-28 10:00:00,2017-11-29 10:00:00,457.0,456.03563360133825,-0.9643663986617526,0.9643663986617526,10,2,False
validation,2017-11-28 11:00:00,2017-11-29 11:00:00,474.0,472.3438531853443,-1.656146814655699,1.656146814655699,11,2,False
validation,2017-11-28 12:00:00,2017-11-29 12:00:00,479.0,474.56024689121557,-4.43975310878443,4.43975310878443,12,2,False
validation,2017-11-28 13:00:00,2017-11-29 13:00:00,479.0,476.24072351716484,-2.759276482835162,2.759276482835162,13,2,False
validation,2017-11-28 14:00:00,2017-11-29 14:00:00,481.0,472.8284481741858,-8.17155182581422,8.17155182581422,14,2,False
validation,2017-11-28 15:00:00,2017-11-29 15:00:00,482.0,473.0761794484056,-8.923820551594417,8.923820551594417,15,2,False
validation,2017-11-28 16:00:00,2017-11-29 16:00:00,487.0,480.9793376150129,-6.020662384987077,6.020662384987077,16,2,False
validation,2017-11-28 17:00:00,2017-11-29 17:00:00,476.0,481.60263468850417,5.602634688504168,5.602634688504168,17,2,False
validation,2017-11-28 18:00:00,2017-11-29 18:00:00,456.0,470.7815618447369,14.781561844736927,14.781561844736927,18,2,False
validation,2017-11-28 19:00:00,2017-11-29 19:00:00,448.0,455.8212394934394,7.821239493439407,7.821239493439407,19,2,False
validation,2017-11-28 20:00:00,2017-11-29 20:00:00,438.0,448.1193274438778,10.119327443877808,10.119327443877808,20,2,False
validation,2017-11-28 21:00:00,2017-11-29 21:00:00,429.0,437.66565826209813,8.665658262098134,8.665658262098134,21,2,False
validation,2017-11-28 22:00:00,2017-11-29 22:00:00,422.0,437.36148744259447,15.361487442594466,15.361487442594466,22,2,False
validation,2017-11-28 23:00:00,2017-11-29 23:00:00,417.0,431.35454501392644,14.35454501392644,14.35454501392644,23,2,False
validation,2017-11-29 00:00:00,2017-11-30 00:00:00,412.0,425.53999125466873,13.539991254668735,13.539991254668735,0,3,False
validation,2017-11-29 01:00:00,2017-11-30 01:00:00,409.0,424.51206014322486,15.512060143224858,15.512060143224858,1,3,False
validation,2017-11-29 02:00:00,2017-11-30 02:00:00,406.0,422.3287232632371,16.328723263237123,16.328723263237123,2,3,False
validation,2017-11-29 03:00:00,2017-11-30 03:00:00,407.0,419.05735719932824,12.057357199328237,12.057357199328237,3,3,False
validation,2017-11-29 04:00:00,2017-11-30 04:00:00,404.0,415.9357356974437,11.935735697443704,11.935735697443704,4,3,False
validation,2017-11-29 05:00:00,2017-11-30 05:00:00,407.0,414.58960460628384,7.589604606283842,7.589604606283842,5,3,False
validation,2017-11-29 06:00:00,2017-11-30 06:00:00,407.0,417.05132946946816,10.051329469468158,10.051329469468158,6,3,False
validation,2017-11-29 07:00:00,2017-11-30 07:00:00,411.0,423.11921406921726,12.119214069217264,12.119214069217264,7,3,False
validation,2017-11-29 08:00:00,2017-11-30 08:00:00,418.0,432.9829314609545,14.98293146095449,14.98293146095449,8,3,False
validation,2017-11-29 09:00:00,2017-11-30 09:00:00,432.0,446.02587332952004,14.025873329520039,14.025873329520039,9,3,False
validation,2017-11-29 10:00:00,2017-11-30 10:00:00,451.0,461.8319488760009,10.831948876000922,10.831948876000922,10,3,False
validation,2017-11-29 11:00:00,2017-11-30 11:00:00,462.0,473.94367192537607,11.943671925376066,11.943671925376066,11,3,False
validation,2017-11-29 12:00:00,2017-11-30 12:00:00,470.0,480.62439323831364,10.624393238313644,10.624393238313644,12,3,False
validation,2017-11-29 13:00:00,2017-11-30 13:00:00,466.0,481.32698074602865,15.326980746028653,15.326980746028653,13,3,False
validation,2017-11-29 14:00:00,2017-11-30 14:00:00,469.0,482.8742226396753,13.874222639675281,13.874222639675281,14,3,False
validation,2017-11-29 15:00:00,2017-11-30 15:00:00,474.0,483.6285789081127,9.628578908112672,9.628578908112672,15,3,False
validation,2017-11-29 16:00:00,2017-11-30 16:00:00,473.0,484.64126657340665,11.641266573406654,11.641266573406654,16,3,False
validation,2017-11-29 17:00:00,2017-11-30 17:00:00,468.0,476.1628742331971,8.162874233197101,8.162874233197101,17,3,False
validation,2017-11-29 18:00:00,2017-11-30 18:00:00,459.0,460.4978307506919,1.4978307506918895,1.4978307506918895,18,3,False
validation,2017-11-29 19:00:00,2017-11-30 19:00:00,444.0,447.7087748410704,3.708774841070408,3.708774841070408,19,3,False
validation,2017-11-29 20:00:00,2017-11-30 20:00:00,434.0,439.7391907148727,5.739190714872677,5.739190714872677,20,3,False
validation,2017-11-29 21:00:00,2017-11-30 21:00:00,428.0,435.4449313719139,7.444931371913924,7.444931371913924,21,3,False
validation,2017-11-29 22:00:00,2017-11-30 22:00:00,418.0,428.10097172545034,10.100971725450336,10.100971725450336,22,3,False
validation,2017-11-29 23:00:00,2017-11-30 23:00:00,413.0,423.4498411899609,10.449841189960921,10.449841189960921,23,3,False
validation,2017-11-30 00:00:00,2017-12-01 00:00:00,409.0,415.4101673537959,6.4101673537958845,6.4101673537958845,0,4,False
validation,2017-11-30 01:00:00,2017-12-01 01:00:00,417.0,411.96902049675174,-5.030979503248261,5.030979503248261,1,4,False
validation,2017-11-30 02:00:00,2017-12-01 02:00:00,416.0,410.57780708117855,-5.422192918821452,5.422192918821452,2,4,False
validation,2017-11-30 03:00:00,2017-12-01 03:00:00,412.0,410.79258594162224,-1.2074140583777648,1.2074140583777648,3,4,False
validation,2017-11-30 04:00:00,2017-12-01 04:00:00,413.0,412.2866218899219,-0.7133781100781107,0.7133781100781107,4,4,False
validation,2017-11-30 05:00:00,2017-12-01 05:00:00,412.0,411.1459999415331,-0.8540000584669087,0.8540000584669087,5,4,False
validation,2017-11-30 06:00:00,2017-12-01 06:00:00,410.0,411.8311332419378,1.8311332419377777,1.8311332419377777,6,4,False
validation,2017-11-30 07:00:00,2017-12-01 07:00:00,416.0,415.18949443606664,-0.8105055639333614,0.8105055639333614,7,4,False
validation,2017-11-30 08:00:00,2017-12-01 08:00:00,423.0,418.7650335187112,-4.2349664812887795,4.2349664812887795,8,4,False
validation,2017-11-30 09:00:00,2017-12-01 09:00:00,434.0,433.31694033349885,-0.6830596665011512,0.6830596665011512,9,4,False
validation,2017-11-30 10:00:00,2017-12-01 10:00:00,456.0,444.72857006120995,-11.27142993879005,11.27142993879005,10,4,False
validation,2017-11-30 11:00:00,2017-12-01 11:00:00,473.0,461.62558041308023,-11.374419586919771,11.374419586919771,11,4,False
validation,2017-11-30 12:00:00,2017-12-01 12:00:00,470.0,465.38743172575033,-4.612568274249668,4.612568274249668,12,4,False
validation,2017-11-30 13:00:00,2017-12-01 13:00:00,465.0,464.73942362769714,-0.26057637230286446,0.26057637230286446,13,4,False
validation,2017-11-30 14:00:00,2017-12-01 14:00:00,475.0,465.72964132381054,-9.27035867618946,9.27035867618946,14,4,False
validation,2017-11-30 15:00:00,2017-12-01 15:00:00,472.0,469.2764727296265,-2.723527270373495,2.723527270373495,15,4,False
validation,2017-11-30 16:00:00,2017-12-01 16:00:00,477.0,468.87017140226766,-8.129828597732342,8.129828597732342,16,4,False
validation,2017-11-30 17:00:00,2017-12-01 17:00:00,470.0,463.8913288979988,-6.10867110200121,6.10867110200121,17,4,False
validation,2017-11-30 18:00:00,2017-12-01 18:00:00,458.0,454.55137162803663,-3.448628371963366,3.448628371963366,18,4,False
validation,2017-11-30 19:00:00,2017-12-01 19:00:00,449.0,439.86822334202833,-9.13177665797167,9.13177665797167,19,4,False
validation,2017-11-30 20:00:00,2017-12-01 20:00:00,444.0,431.6677038578002,-12.332296142199823,12.332296142199823,20,4,False
validation,2017-11-30 21:00:00,2017-12-01 21:00:00,438.0,428.72596138110566,-9.274038618894338,9.274038618894338,21,4,False
validation,2017-11-30 22:00:00,2017-12-01 22:00:00,427.0,419.2321099687366,-7.767890031263391,7.767890031263391,22,4,False
validation,2017-11-30 23:00:00,2017-12-01 23:00:00,423.0,414.300584908365,-8.69941509163499,8.69941509163499,23,4,False
test,2017-12-01 00:00:00,2017-12-02 00:00:00,418.0,414.5396148353089,-3.460385164691104,3.460385164691104,0,5,True
test,2017-12-01 01:00:00,2017-12-02 01:00:00,414.0,414.15438292764935,0.15438292764935113,0.15438292764935113,1,5,True
test,2017-12-01 02:00:00,2017-12-02 02:00:00,412.0,415.6692247488238,3.669224748823808,3.669224748823808,2,5,True
test,2017-12-01 03:00:00,2017-12-02 03:00:00,411.0,409.8783026421879,-1.1216973578120815,1.1216973578120815,3,5,True
test,2017-12-01 04:00:00,2017-12-02 04:00:00,411.0,409.8924440933406,-1.1075559066593996,1.1075559066593996,4,5,True
test,2017-12-01 05:00:00,2017-12-02 05:00:00,409.0,409.67174912699755,0.671749126997554,0.671749126997554,5,5,True
test,2017-12-01 06:00:00,2017-12-02 06:00:00,412.0,410.0001640434845,-1.9998359565154828,1.9998359565154828,6,5,True
test,2017-12-01 07:00:00,2017-12-02 07:00:00,410.0,408.7837836709561,-1.2162163290439025,1.2162163290439025,7,5,True
test,2017-12-01 08:00:00,2017-12-02 08:00:00,409.0,410.7468041460516,1.746804146051602,1.746804146051602,8,5,True
test,2017-12-01 09:00:00,2017-12-02 09:00:00,408.0,415.76484662314164,7.764846623141636,7.764846623141636,9,5,True
test,2017-12-01 10:00:00,2017-12-02 10:00:00,417.0,419.862828449441,2.862828449440997,2.862828449440997,10,5,True
test,2017-12-01 11:00:00,2017-12-02 11:00:00,421.0,425.9390253979571,4.939025397957096,4.939025397957096,11,5,True
test,2017-12-01 12:00:00,2017-12-02 12:00:00,418.0,427.6438763712991,9.643876371299086,9.643876371299086,12,5,True
test,2017-12-01 13:00:00,2017-12-02 13:00:00,420.0,429.73971749932593,9.739717499325934,9.739717499325934,13,5,True
test,2017-12-01 14:00:00,2017-12-02 14:00:00,425.0,432.4875411923853,7.487541192385322,7.487541192385322,14,5,True
test,2017-12-01 15:00:00,2017-12-02 15:00:00,424.0,432.2658400087406,8.26584000874061,8.26584000874061,15,5,True
test,2017-12-01 16:00:00,2017-12-02 16:00:00,426.0,433.55235702463716,7.5523570246371605,7.5523570246371605,16,5,True
test,2017-12-01 17:00:00,2017-12-02 17:00:00,423.0,432.796753586006,9.796753586005991,9.796753586005991,17,5,True
test,2017-12-01 18:00:00,2017-12-02 18:00:00,423.0,428.7120635765334,5.71206357653341,5.71206357653341,18,5,True
test,2017-12-01 19:00:00,2017-12-02 19:00:00,419.0,425.0084352081505,6.008435208150502,6.008435208150502,19,5,True
test,2017-12-01 20:00:00,2017-12-02 20:00:00,416.0,424.95299365956936,8.952993659569358,8.952993659569358,20,5,True
test,2017-12-01 21:00:00,2017-12-02 21:00:00,416.0,419.96892566694873,3.968925666948735,3.968925666948735,21,5,True
test,2017-12-01 22:00:00,2017-12-02 22:00:00,409.0,418.1298000891656,9.129800089165599,9.129800089165599,22,5,True
test,2017-12-01 23:00:00,2017-12-02 23:00:00,407.0,414.2032175615401,7.2032175615401,7.2032175615401,23,5,True
test,2017-12-02 00:00:00,2017-12-03 00:00:00,407.0,416.8239869434035,9.823986943403497,9.823986943403497,0,6,True
test,2017-12-02 01:00:00,2017-12-03 01:00:00,408.0,415.6359648179282,7.635964817928198,7.635964817928198,1,6,True
test,2017-12-02 02:00:00,2017-12-03 02:00:00,411.0,417.6152095104105,6.615209510410523,6.615209510410523,2,6,True
test,2017-12-02 03:00:00,2017-12-03 03:00:00,410.0,411.1107535937206,1.110753593720574,1.110753593720574,3,6,True
test,2017-12-02 04:00:00,2017-12-03 04:00:00,413.0,409.7361015414996,-3.263898458500421,3.263898458500421,4,6,True
test,2017-12-02 05:00:00,2017-12-03 05:00:00,410.0,409.50943451060596,-0.49056548939404365,0.49056548939404365,5,6,True
test,2017-12-02 06:00:00,2017-12-03 06:00:00,411.0,408.34085894792463,-2.6591410520753698,2.6591410520753698,6,6,True
test,2017-12-02 07:00:00,2017-12-03 07:00:00,410.0,408.566335982754,-1.4336640172459738,1.4336640172459738,7,6,True
test,2017-12-02 08:00:00,2017-12-03 08:00:00,409.0,408.0661022548712,-0.9338977451287747,0.9338977451287747,8,6,True
test,2017-12-02 09:00:00,2017-12-03 09:00:00,411.0,408.4478444594147,-2.552155540585318,2.552155540585318,9,6,True
test,2017-12-02 10:00:00,2017-12-03 10:00:00,413.0,409.7069468920627,-3.2930531079372827,3.2930531079372827,10,6,True
test,2017-12-02 11:00:00,2017-12-03 11:00:00,414.0,416.15353972665565,2.1535397266556515,2.1535397266556515,11,6,True
test,2017-12-02 12:00:00,2017-12-03 12:00:00,419.0,416.07770083117214,-2.9222991688278626,2.9222991688278626,12,6,True
test,2017-12-02 13:00:00,2017-12-03 13:00:00,420.0,418.436069248978,-1.563930751021985,1.563930751021985,13,6,True
test,2017-12-02 14:00:00,2017-12-03 14:00:00,424.0,423.37852314150393,-0.6214768584960666,0.6214768584960666,14,6,True
test,2017-12-02 15:00:00,2017-12-03 15:00:00,432.0,424.1445099146194,-7.855490085380609,7.855490085380609,15,6,True
test,2017-12-02 16:00:00,2017-12-03 16:00:00,431.0,425.21987959439116,-5.780120405608841,5.780120405608841,16,6,True
test,2017-12-02 17:00:00,2017-12-03 17:00:00,430.0,422.4562099406835,-7.543790059316507,7.543790059316507,17,6,True
test,2017-12-02 18:00:00,2017-12-03 18:00:00,427.0,422.0151312410727,-4.984868758927291,4.984868758927291,18,6,True
test,2017-12-02 19:00:00,2017-12-03 19:00:00,429.0,419.2942449918167,-9.705755008183303,9.705755008183303,19,6,True
test,2017-12-02 20:00:00,2017-12-03 20:00:00,424.0,415.45491925151623,-8.54508074848377,8.54508074848377,20,6,True
test,2017-12-02 21:00:00,2017-12-03 21:00:00,418.0,415.2707616114857,-2.729238388514318,2.729238388514318,21,6,True
test,2017-12-02 22:00:00,2017-12-03 22:00:00,420.0,415.0455526442678,-4.9544473557322135,4.9544473557322135,22,6,True
test,2017-12-02 23:00:00,2017-12-03 23:00:00,418.0,412.2262775333697,-5.773722466630318,5.773722466630318,23,6,True
test,2017-12-03 00:00:00,2017-12-04 00:00:00,413.0,412.1637511156879,-0.8362488843121128,0.8362488843121128,0,0,False
test,2017-12-03 01:00:00,2017-12-04 01:00:00,412.0,413.94456330637615,1.9445633063761534,1.9445633063761534,1,0,False
test,2017-12-03 02:00:00,2017-12-04 02:00:00,412.0,413.11717789318925,1.1171778931892504,1.1171778931892504,2,0,False
test,2017-12-03 03:00:00,2017-12-04 03:00:00,404.0,410.44548876149724,6.445488761497245,6.445488761497245,3,0,False
test,2017-12-03 04:00:00,2017-12-04 04:00:00,396.0,409.3491665671377,13.349166567137672,13.349166567137672,4,0,False
test,2017-12-03 05:00:00,2017-12-04 05:00:00,394.0,411.0501361576551,17.050136157655118,17.050136157655118,5,0,False
test,2017-12-03 06:00:00,2017-12-04 06:00:00,398.0,410.14242521083764,12.142425210837644,12.142425210837644,6,0,False
test,2017-12-03 07:00:00,2017-12-04 07:00:00,403.0,415.10991448564806,12.109914485648062,12.109914485648062,7,0,False
test,2017-12-03 08:00:00,2017-12-04 08:00:00,407.0,417.573580122375,10.573580122375006,10.573580122375006,8,0,False
test,2017-12-03 09:00:00,2017-12-04 09:00:00,415.0,426.156525005333,11.15652500533298,11.15652500533298,9,0,False
test,2017-12-03 10:00:00,2017-12-04 10:00:00,435.0,450.4044578551431,15.404457855143107,15.404457855143107,10,0,False
test,2017-12-03 11:00:00,2017-12-04 11:00:00,447.0,458.97854551043565,11.978545510435652,11.978545510435652,11,0,False
test,2017-12-03 12:00:00,2017-12-04 12:00:00,457.0,464.246988296558,7.2469882965580155,7.2469882965580155,12,0,False
test,2017-12-03 13:00:00,2017-12-04 13:00:00,462.0,462.37741670840705,0.3774167084070541,0.3774167084070541,13,0,False
test,2017-12-03 14:00:00,2017-12-04 14:00:00,463.0,467.0678504811986,4.0678504811986045,4.0678504811986045,14,0,False
test,2017-12-03 15:00:00,2017-12-04 15:00:00,463.0,474.8389386577113,11.83893865771131,11.83893865771131,15,0,False
test,2017-12-03 16:00:00,2017-12-04 16:00:00,462.0,473.7287402121849,11.728740212184903,11.728740212184903,16,0,False
test,2017-12-03 17:00:00,2017-12-04 17:00:00,465.0,467.4426355763508,2.442635576350824,2.442635576350824,17,0,False
test,2017-12-03 18:00:00,2017-12-04 18:00:00,460.0,453.3573549602149,-6.642645039785123,6.642645039785123,18,0,False
test,2017-12-03 19:00:00,2017-12-04 19:00:00,450.0,446.39969651535887,-3.600303484641131,3.600303484641131,19,0,False
test,2017-12-03 20:00:00,2017-12-04 20:00:00,442.0,437.73244148536844,-4.26755851463156,4.26755851463156,20,0,False
test,2017-12-03 21:00:00,2017-12-04 21:00:00,437.0,431.4459492704401,-5.55405072955989,5.55405072955989,21,0,False
test,2017-12-03 22:00:00,2017-12-04 22:00:00,435.0,428.5612130096458,-6.438786990354174,6.438786990354174,22,0,False
test,2017-12-03 23:00:00,2017-12-04 23:00:00,432.0,424.7549334409446,-7.245066559055374,7.245066559055374,23,0,False
test,2017-12-04 00:00:00,2017-12-05 00:00:00,428.0,418.81146641157574,-9.188533588424264,9.188533588424264,0,1,False
test,2017-12-04 01:00:00,2017-12-05 01:00:00,427.0,417.0368654371273,-9.96313456287271,9.96313456287271,1,1,False
test,2017-12-04 02:00:00,2017-12-05 02:00:00,421.0,419.95978567924675,-1.0402143207532504,1.0402143207532504,2,1,False
test,2017-12-04 03:00:00,2017-12-05 03:00:00,418.0,417.30899639873775,-0.6910036012622527,0.6910036012622527,3,1,False
test,2017-12-04 04:00:00,2017-12-05 04:00:00,412.0,419.1633548254102,7.163354825410181,7.163354825410181,4,1,False
test,2017-12-04 05:00:00,2017-12-05 05:00:00,415.0,414.3474191962174,-0.6525808037825982,0.6525808037825982,5,1,False
test,2017-12-04 06:00:00,2017-12-05 06:00:00,409.0,419.95569354358133,10.955693543581333,10.955693543581333,6,1,False
test,2017-12-04 07:00:00,2017-12-05 07:00:00,415.0,417.5900515910654,2.5900515910653894,2.5900515910653894,7,1,False
test,2017-12-04 08:00:00,2017-12-05 08:00:00,415.0,422.56477161084945,7.564771610849448,7.564771610849448,8,1,False
test,2017-12-04 09:00:00,2017-12-05 09:00:00,437.0,430.5760550267058,-6.423944973294226,6.423944973294226,9,1,False
test,2017-12-04 10:00:00,2017-12-05 10:00:00,444.0,453.65798284132103,9.65798284132103,9.65798284132103,10,1,False
test,2017-12-04 11:00:00,2017-12-05 11:00:00,459.0,467.0288513548383,8.02885135483831,8.02885135483831,11,1,False
test,2017-12-04 12:00:00,2017-12-05 12:00:00,465.0,470.4134853219519,5.413485321951896,5.413485321951896,12,1,False
test,2017-12-04 13:00:00,2017-12-05 13:00:00,469.0,469.3481760598856,0.34817605988558853,0.34817605988558853,13,1,False
test,2017-12-04 14:00:00,2017-12-05 14:00:00,467.0,470.18214995129847,3.18214995129847,3.18214995129847,14,1,False
test,2017-12-04 15:00:00,2017-12-05 15:00:00,468.0,468.98135274465557,0.9813527446555668,0.9813527446555668,15,1,False
test,2017-12-04 16:00:00,2017-12-05 16:00:00,470.0,466.96444013196543,-3.035559868034568,3.035559868034568,16,1,False
test,2017-12-04 17:00:00,2017-12-05 17:00:00,471.0,466.2483106927975,-4.7516893072025255,4.7516893072025255,17,1,False
test,2017-12-04 18:00:00,2017-12-05 18:00:00,466.0,460.0889773377879,-5.911022662212076,5.911022662212076,18,1,False
test,2017-12-04 19:00:00,2017-12-05 19:00:00,451.0,452.86038527630654,1.8603852763065447,1.8603852763065447,19,1,False
test,2017-12-04 20:00:00,2017-12-05 20:00:00,445.0,440.6208287315447,-4.379171268455309,4.379171268455309,20,1,False
test,2017-12-04 21:00:00,2017-12-05 21:00:00,435.0,434.1748477400637,-0.825152259936317,0.825152259936317,21,1,False
test,2017-12-04 22:00:00,2017-12-05 22:00:00,427.0,434.22298911027406,7.222989110274057,7.222989110274057,22,1,False
test,2017-12-04 23:00:00,2017-12-05 23:00:00,424.0,431.6937562175254,7.69375621752539,7.69375621752539,23,1,False
test,2017-12-05 00:00:00,2017-12-06 00:00:00,421.0,429.2944135839535,8.294413583953485,8.294413583953485,0,2,False
test,2017-12-05 01:00:00,2017-12-06 01:00:00,422.0,427.7576812973835,5.757681297383499,5.757681297383499,1,2,False
test,2017-12-05 02:00:00,2017-12-06 02:00:00,417.0,423.6492601258243,6.6492601258242985,6.6492601258242985,2,2,False
test,2017-12-05 03:00:00,2017-12-06 03:00:00,415.0,417.6197288875077,2.6197288875076765,2.6197288875076765,3,2,False
test,2017-12-05 04:00:00,2017-12-06 04:00:00,416.0,415.147451833011,-0.8525481669889814,0.8525481669889814,4,2,False
test,2017-12-05 05:00:00,2017-12-06 05:00:00,416.0,413.48617492792823,-2.513825072071768,2.513825072071768,5,2,False
test,2017-12-05 06:00:00,2017-12-06 06:00:00,415.0,412.7099700635244,-2.290029936475605,2.290029936475605,6,2,False
test,2017-12-05 07:00:00,2017-12-06 07:00:00,418.0,414.9660339913516,-3.033966008648406,3.033966008648406,7,2,False
test,2017-12-05 08:00:00,2017-12-06 08:00:00,428.0,416.97871080706983,-11.021289192930169,11.021289192930169,8,2,False
test,2017-12-05 09:00:00,2017-12-06 09:00:00,430.0,436.4189568254753,6.418956825475277,6.418956825475277,9,2,False
test,2017-12-05 10:00:00,2017-12-06 10:00:00,450.0,448.68816813597766,-1.3118318640223379,1.3118318640223379,10,2,False
test,2017-12-05 11:00:00,2017-12-06 11:00:00,463.0,462.01205091465584,-0.9879490853441553,0.9879490853441553,11,2,False
test,2017-12-05 12:00:00,2017-12-06 12:00:00,468.0,466.481380485518,-1.5186195144819976,1.5186195144819976,12,2,False
test,2017-12-05 13:00:00,2017-12-06 13:00:00,467.0,470.3875985614761,3.387598561476125,3.387598561476125,13,2,False
test,2017-12-05 14:00:00,2017-12-06 14:00:00,472.0,468.2945861796791,-3.7054138203209277,3.7054138203209277,14,2,False
test,2017-12-05 15:00:00,2017-12-06 15:00:00,475.0,467.84687046445316,-7.153129535546839,7.153129535546839,15,2,False
test,2017-12-05 16:00:00,2017-12-06 16:00:00,471.0,468.8120935101212,-2.1879064898787988,2.1879064898787988,16,2,False
test,2017-12-05 17:00:00,2017-12-06 17:00:00,468.0,467.790064378805,-0.20993562119497255,0.20993562119497255,17,2,False
test,2017-12-05 18:00:00,2017-12-06 18:00:00,457.0,463.8402363086639,6.840236308663918,6.840236308663918,18,2,False
test,2017-12-05 19:00:00,2017-12-06 19:00:00,449.0,450.7779985710073,1.7779985710072879,1.7779985710072879,19,2,False
test,2017-12-05 20:00:00,2017-12-06 20:00:00,438.0,440.9872252845382,2.9872252845382263,2.9872252845382263,20,2,False
test,2017-12-05 21:00:00,2017-12-06 21:00:00,427.0,433.6082131135917,6.608213113591717,6.608213113591717,21,2,False
test,2017-12-05 22:00:00,2017-12-06 22:00:00,421.0,429.52036780891353,8.520367808913534,8.520367808913534,22,2,False
test,2017-12-05 23:00:00,2017-12-06 23:00:00,420.0,424.82951828550495,4.829518285504946,4.829518285504946,23,2,False
test,2017-12-06 00:00:00,2017-12-07 00:00:00,415.0,421.39545520280103,6.395455202801031,6.395455202801031,0,3,False
test,2017-12-06 01:00:00,2017-12-07 01:00:00,414.0,420.77250125524773,6.772501255247732,6.772501255247732,1,3,False
test,2017-12-06 02:00:00,2017-12-07 02:00:00,410.0,416.2670883322337,6.267088332233698,6.267088332233698,2,3,False
test,2017-12-06 03:00:00,2017-12-07 03:00:00,409.0,412.16066825269826,3.160668252698258,3.160668252698258,3,3,False
test,2017-12-06 04:00:00,2017-12-07 04:00:00,410.0,411.6196112735726,1.619611273572616,1.619611273572616,4,3,False
test,2017-12-06 05:00:00,2017-12-07 05:00:00,409.0,411.57539593783974,2.575395937839744,2.575395937839744,5,3,False
test,2017-12-06 06:00:00,2017-12-07 06:00:00,406.0,411.36796095599544,5.367960955995443,5.367960955995443,6,3,False
test,2017-12-06 07:00:00,2017-12-07 07:00:00,411.0,414.2479879738772,3.247987973877173,3.247987973877173,7,3,False
test,2017-12-06 08:00:00,2017-12-07 08:00:00,423.0,424.22847662050293,1.2284766205029314,1.2284766205029314,8,3,False
test,2017-12-06 09:00:00,2017-12-07 09:00:00,436.0,432.78702327315176,-3.2129767268482397,3.2129767268482397,9,3,False
test,2017-12-06 10:00:00,2017-12-07 10:00:00,453.0,447.6801819722847,-5.319818027715314,5.319818027715314,10,3,False
test,2017-12-06 11:00:00,2017-12-07 11:00:00,462.0,456.8182744887899,-5.181725511210118,5.181725511210118,11,3,False
test,2017-12-06 12:00:00,2017-12-07 12:00:00,470.0,462.7026796698134,-7.297320330186608,7.297320330186608,12,3,False
test,2017-12-06 13:00:00,2017-12-07 13:00:00,471.0,462.23274681239667,-8.76725318760333,8.76725318760333,13,3,False
test,2017-12-06 14:00:00,2017-12-07 14:00:00,476.0,463.80407552856457,-12.195924471435433,12.195924471435433,14,3,False
test,2017-12-06 15:00:00,2017-12-07 15:00:00,483.0,470.3218367419738,-12.678163258026188,12.678163258026188,15,3,False
test,2017-12-06 16:00:00,2017-12-07 16:00:00,480.0,466.19311866337426,-13.806881336625736,13.806881336625736,16,3,False
test,2017-12-06 17:00:00,2017-12-07 17:00:00,474.0,462.51279528703566,-11.487204712964342,11.487204712964342,17,3,False
test,2017-12-06 18:00:00,2017-12-07 18:00:00,464.0,452.5802914253671,-11.41970857463292,11.41970857463292,18,3,False
test,2017-12-06 19:00:00,2017-12-07 19:00:00,450.0,443.90333273068063,-6.096667269319369,6.096667269319369,19,3,False
test,2017-12-06 20:00:00,2017-12-07 20:00:00,437.0,434.9159165204004,-2.084083479599599,2.084083479599599,20,3,False
test,2017-12-06 21:00:00,2017-12-07 21:00:00,433.0,427.4219762619049,-5.578023738095112,5.578023738095112,21,3,False
test,2017-12-06 22:00:00,2017-12-07 22:00:00,425.0,421.3293772589577,-3.67062274104228,3.67062274104228,22,3,False
test,2017-12-06 23:00:00,2017-12-07 23:00:00,423.0,418.7752972065933,-4.2247027934067205,4.2247027934067205,23,3,False
test,2017-12-07 00:00:00,2017-12-08 00:00:00,420.0,413.9151554931765,-6.084844506823515,6.084844506823515,0,4,False
test,2017-12-07 01:00:00,2017-12-08 01:00:00,418.0,412.4636228675907,-5.536377132409314,5.536377132409314,1,4,False
test,2017-12-07 02:00:00,2017-12-08 02:00:00,414.0,412.8403596795085,-1.159640320491519,1.159640320491519,2,4,False
test,2017-12-07 03:00:00,2017-12-08 03:00:00,412.0,409.1911463127885,-2.808853687211524,2.808853687211524,3,4,False
test,2017-12-07 04:00:00,2017-12-08 04:00:00,410.0,410.984324018991,0.9843240189910034,0.9843240189910034,4,4,False
test,2017-12-07 05:00:00,2017-12-08 05:00:00,413.0,410.5980739693054,-2.4019260306945966,2.4019260306945966,5,4,False
test,2017-12-07 06:00:00,2017-12-08 06:00:00,413.0,414.85972690768284,1.859726907682841,1.859726907682841,6,4,False
test,2017-12-07 07:00:00,2017-12-08 07:00:00,419.0,410.23594058185125,-8.764059418148747,8.764059418148747,7,4,False
test,2017-12-07 08:00:00,2017-12-08 08:00:00,421.0,414.8106545174545,-6.189345482545491,6.189345482545491,8,4,False
test,2017-12-07 09:00:00,2017-12-08 09:00:00,443.0,425.2934442257939,-17.706555774206095,17.706555774206095,9,4,False
test,2017-12-07 10:00:00,2017-12-08 10:00:00,454.0,439.99458558821243,-14.00541441178757,14.00541441178757,10,4,False
test,2017-12-07 11:00:00,2017-12-08 11:00:00,470.0,456.8520153547118,-13.147984645288204,13.147984645288204,11,4,False
test,2017-12-07 12:00:00,2017-12-08 12:00:00,469.0,462.2060089706147,-6.7939910293853245,6.7939910293853245,12,4,False
test,2017-12-07 13:00:00,2017-12-08 13:00:00,473.0,464.0622896546123,-8.9377103453877,8.9377103453877,13,4,False
test,2017-12-07 14:00:00,2017-12-08 14:00:00,477.0,466.94965717666764,-10.050342823332358,10.050342823332358,14,4,False
test,2017-12-07 15:00:00,2017-12-08 15:00:00,479.0,469.4528734751296,-9.547126524870407,9.547126524870407,15,4,False
test,2017-12-07 16:00:00,2017-12-08 16:00:00,483.0,468.49800265122155,-14.501997348778445,14.501997348778445,16,4,False
test,2017-12-07 17:00:00,2017-12-08 17:00:00,474.0,464.00142691170174,-9.998573088298258,9.998573088298258,17,4,False
test,2017-12-07 18:00:00,2017-12-08 18:00:00,458.0,455.0562149383435,-2.943785061656513,2.943785061656513,18,4,False
test,2017-12-07 19:00:00,2017-12-08 19:00:00,444.0,443.49605201027487,-0.503947989725134,0.503947989725134,19,4,False
test,2017-12-07 20:00:00,2017-12-08 20:00:00,431.0,431.49178475259885,0.49178475259884635,0.49178475259884635,20,4,False
test,2017-12-07 21:00:00,2017-12-08 21:00:00,428.0,425.1173050789077,-2.882694921092309,2.882694921092309,21,4,False
test,2017-12-07 22:00:00,2017-12-08 22:00:00,424.0,420.3883531014705,-3.6116468985295,3.6116468985295,22,4,False
test,2017-12-07 23:00:00,2017-12-08 23:00:00,418.0,415.57572690525456,-2.4242730947454447,2.4242730947454447,23,4,False
test,2017-12-08 00:00:00,2017-12-09 00:00:00,414.0,415.71131638319565,1.7113163831956513,1.7113163831956513,0,5,True
test,2017-12-08 01:00:00,2017-12-09 01:00:00,409.0,416.8514766354283,7.851476635428298,7.851476635428298,1,5,True
test,2017-12-08 02:00:00,2017-12-09 02:00:00,409.0,416.11369829850196,7.113698298501959,7.113698298501959,2,5,True
test,2017-12-08 03:00:00,2017-12-09 03:00:00,410.0,413.3707810569847,3.370781056984697,3.370781056984697,3,5,True
test,2017-12-08 04:00:00,2017-12-09 04:00:00,410.0,413.46585701802724,3.4658570180272363,3.4658570180272363,4,5,True
test,2017-12-08 05:00:00,2017-12-09 05:00:00,409.0,412.6861632229636,3.6861632229636143,3.6861632229636143,5,5,True
test,2017-12-08 06:00:00,2017-12-09 06:00:00,408.0,411.09580103652837,3.0958010365283712,3.0958010365283712,6,5,True
test,2017-12-08 07:00:00,2017-12-09 07:00:00,407.0,412.29328600138206,5.293286001382057,5.293286001382057,7,5,True
test,2017-12-08 08:00:00,2017-12-09 08:00:00,406.0,414.38515878111826,8.385158781118264,8.385158781118264,8,5,True
test,2017-12-08 09:00:00,2017-12-09 09:00:00,410.0,416.1965118861381,6.196511886138126,6.196511886138126,9,5,True
test,2017-12-08 10:00:00,2017-12-09 10:00:00,413.0,420.15302982592556,7.153029825925557,7.153029825925557,10,5,True
test,2017-12-08 11:00:00,2017-12-09 11:00:00,415.0,423.6981356589302,8.698135658930198,8.698135658930198,11,5,True
test,2017-12-08 12:00:00,2017-12-09 12:00:00,421.0,424.53301982791464,3.533019827914643,3.533019827914643,12,5,True
test,2017-12-08 13:00:00,2017-12-09 13:00:00,419.0,427.1622331421517,8.162233142151706,8.162233142151706,13,5,True
test,2017-12-08 14:00:00,2017-12-09 14:00:00,425.0,429.64148264879907,4.6414826487990695,4.6414826487990695,14,5,True
test,2017-12-08 15:00:00,2017-12-09 15:00:00,431.0,430.03602571691596,-0.9639742830840419,0.9639742830840419,15,5,True
test,2017-12-08 16:00:00,2017-12-09 16:00:00,432.0,430.32194347242165,-1.6780565275783488,1.6780565275783488,16,5,True
test,2017-12-08 17:00:00,2017-12-09 17:00:00,430.0,429.5746429777067,-0.4253570222933263,0.4253570222933263,17,5,True
test,2017-12-08 18:00:00,2017-12-09 18:00:00,423.0,427.11989373349934,4.119893733499339,4.119893733499339,18,5,True
test,2017-12-08 19:00:00,2017-12-09 19:00:00,419.0,424.9198986226885,5.919898622688493,5.919898622688493,19,5,True
test,2017-12-08 20:00:00,2017-12-09 20:00:00,416.0,422.08763971656316,6.08763971656316,6.08763971656316,20,5,True
test,2017-12-08 21:00:00,2017-12-09 21:00:00,416.0,418.0520656067099,2.0520656067099026,2.0520656067099026,21,5,True
test,2017-12-08 22:00:00,2017-12-09 22:00:00,413.0,417.10736401272834,4.10736401272834,4.10736401272834,22,5,True
test,2017-12-08 23:00:00,2017-12-09 23:00:00,417.0,414.8740647686949,-2.1259352313051068,2.1259352313051068,23,5,True
test,2017-12-09 00:00:00,2017-12-10 00:00:00,413.0,414.0971075446926,1.0971075446926193,1.0971075446926193,0,6,True
test,2017-12-09 01:00:00,2017-12-10 01:00:00,409.0,415.9165720891846,6.916572089184626,6.916572089184626,1,6,True
test,2017-12-09 02:00:00,2017-12-10 02:00:00,407.0,416.12195173503073,9.121951735030734,9.121951735030734,2,6,True
test,2017-12-09 03:00:00,2017-12-10 03:00:00,408.0,410.5155251666485,2.5155251666485015,2.5155251666485015,3,6,True
test,2017-12-09 04:00:00,2017-12-10 04:00:00,408.0,412.00503698924166,4.00503698924166,4.00503698924166,4,6,True
test,2017-12-09 05:00:00,2017-12-10 05:00:00,406.0,411.66796346650386,5.667963466503863,5.667963466503863,5,6,True
test,2017-12-09 06:00:00,2017-12-10 06:00:00,404.0,410.4708770210531,6.470877021053127,6.470877021053127,6,6,True
test,2017-12-09 07:00:00,2017-12-10 07:00:00,404.0,409.85080867057167,5.850808670571666,5.850808670571666,7,6,True
test,2017-12-09 08:00:00,2017-12-10 08:00:00,406.0,416.33552083885644,10.33552083885644,10.33552083885644,8,6,True
test,2017-12-09 09:00:00,2017-12-10 09:00:00,408.0,409.7215536938343,1.7215536938343234,1.7215536938343234,9,6,True
test,2017-12-09 10:00:00,2017-12-10 10:00:00,410.0,411.13630552645066,1.1363055264506556,1.1363055264506556,10,6,True
test,2017-12-09 11:00:00,2017-12-10 11:00:00,416.0,412.8210500547882,-3.178949945211798,3.178949945211798,11,6,True
test,2017-12-09 12:00:00,2017-12-10 12:00:00,419.0,416.5390197586608,-2.4609802413392003,2.4609802413392003,12,6,True
test,2017-12-09 13:00:00,2017-12-10 13:00:00,418.0,417.385228115743,-0.6147718842569816,0.6147718842569816,13,6,True
test,2017-12-09 14:00:00,2017-12-10 14:00:00,421.0,421.8038125587191,0.8038125587190734,0.8038125587190734,14,6,True
test,2017-12-09 15:00:00,2017-12-10 15:00:00,425.0,425.7760792694326,0.7760792694326142,0.7760792694326142,15,6,True
test,2017-12-09 16:00:00,2017-12-10 16:00:00,429.0,424.7149926682434,-4.285007331756617,4.285007331756617,16,6,True
test,2017-12-09 17:00:00,2017-12-10 17:00:00,426.0,429.0847403485219,3.0847403485219047,3.0847403485219047,17,6,True
test,2017-12-09 18:00:00,2017-12-10 18:00:00,426.0,424.1159016386825,-1.8840983613175126,1.8840983613175126,18,6,True
test,2017-12-09 19:00:00,2017-12-10 19:00:00,427.0,420.86591655206115,-6.134083447938849,6.134083447938849,19,6,True
test,2017-12-09 20:00:00,2017-12-10 20:00:00,423.0,417.0637802306897,-5.9362197693102985,5.9362197693102985,20,6,True
test,2017-12-09 21:00:00,2017-12-10 21:00:00,422.0,415.6190657959979,-6.380934204002074,6.380934204002074,21,6,True
test,2017-12-09 22:00:00,2017-12-10 22:00:00,421.0,414.25645217553574,-6.743547824464258,6.743547824464258,22,6,True
test,2017-12-09 23:00:00,2017-12-10 23:00:00,415.0,413.4969664728793,-1.5030335271206923,1.5030335271206923,23,6,True
test,2017-12-10 00:00:00,2017-12-11 00:00:00,413.0,413.6475052906867,0.6475052906866949,0.6475052906866949,0,0,False
test,2017-12-10 01:00:00,2017-12-11 01:00:00,414.0,414.77997966851626,0.7799796685162619,0.7799796685162619,1,0,False
test,2017-12-10 02:00:00,2017-12-11 02:00:00,409.0,414.23195958916386,5.231959589163864,5.231959589163864,2,0,False
test,2017-12-10 03:00:00,2017-12-11 03:00:00,410.0,411.6378695324585,1.6378695324585237,1.6378695324585237,3,0,False
test,2017-12-10 04:00:00,2017-12-11 04:00:00,404.0,411.04504424191197,7.045044241911967,7.045044241911967,4,0,False
test,2017-12-10 05:00:00,2017-12-11 05:00:00,405.0,418.0423960620402,13.042396062040211,13.042396062040211,5,0,False
test,2017-12-10 06:00:00,2017-12-11 06:00:00,407.0,412.8762557722687,5.876255772268678,5.876255772268678,6,0,False
test,2017-12-10 07:00:00,2017-12-11 07:00:00,409.0,416.53520844818934,7.535208448189337,7.535208448189337,7,0,False
test,2017-12-10 08:00:00,2017-12-11 08:00:00,416.0,425.66585097933006,9.66585097933006,9.66585097933006,8,0,False
test,2017-12-10 09:00:00,2017-12-11 09:00:00,427.0,432.4444497661701,5.444449766170123,5.444449766170123,9,0,False
test,2017-12-10 10:00:00,2017-12-11 10:00:00,441.0,453.06939476767394,12.069394767673941,12.069394767673941,10,0,False
test,2017-12-10 11:00:00,2017-12-11 11:00:00,462.0,462.4207244227116,0.4207244227116007,0.4207244227116007,11,0,False
test,2017-12-10 12:00:00,2017-12-11 12:00:00,468.0,467.16842701432546,-0.8315729856745406,0.8315729856745406,12,0,False
test,2017-12-10 13:00:00,2017-12-11 13:00:00,469.0,468.6681196632894,-0.3318803367105829,0.3318803367105829,13,0,False
test,2017-12-10 14:00:00,2017-12-11 14:00:00,469.0,471.0522576575673,2.0522576575672815,2.0522576575672815,14,0,False
test,2017-12-10 15:00:00,2017-12-11 15:00:00,468.0,474.7188786424855,6.7188786424854925,6.7188786424854925,15,0,False
test,2017-12-10 16:00:00,2017-12-11 16:00:00,467.0,476.8004972690001,9.800497269000118,9.800497269000118,16,0,False
test,2017-12-10 17:00:00,2017-12-11 17:00:00,467.0,471.0273317575114,4.0273317575113765,4.0273317575113765,17,0,False
test,2017-12-10 18:00:00,2017-12-11 18:00:00,456.0,457.5726631692961,1.5726631692961064,1.5726631692961064,18,0,False
test,2017-12-10 19:00:00,2017-12-11 19:00:00,451.0,448.96291443312447,-2.0370855668755325,2.0370855668755325,19,0,False
test,2017-12-10 20:00:00,2017-12-11 20:00:00,440.0,437.12799428883153,-2.8720057111684696,2.8720057111684696,20,0,False
test,2017-12-10 21:00:00,2017-12-11 21:00:00,428.0,434.5453365149246,6.5453365149246,6.5453365149246,21,0,False
test,2017-12-10 22:00:00,2017-12-11 22:00:00,429.0,432.14437710159194,3.1443771015919424,3.1443771015919424,22,0,False
test,2017-12-10 23:00:00,2017-12-11 23:00:00,419.0,426.55098149222346,7.550981492223457,7.550981492223457,23,0,False
test,2017-12-11 00:00:00,2017-12-12 00:00:00,417.0,419.3120857021398,2.312085702139825,2.312085702139825,0,1,False
test,2017-12-11 01:00:00,2017-12-12 01:00:00,415.0,417.8016363793395,2.801636379339527,2.801636379339527,1,1,False
test,2017-12-11 02:00:00,2017-12-12 02:00:00,412.0,416.63823832433206,4.638238324332065,4.638238324332065,2,1,False
test,2017-12-11 03:00:00,2017-12-12 03:00:00,410.0,413.52452036652505,3.524520366525053,3.524520366525053,3,1,False
test,2017-12-11 04:00:00,2017-12-12 04:00:00,408.0,413.21556675006764,5.215566750067637,5.215566750067637,4,1,False
test,2017-12-11 05:00:00,2017-12-12 05:00:00,406.0,412.75706970130824,6.7570697013082395,6.7570697013082395,5,1,False
test,2017-12-11 06:00:00,2017-12-12 06:00:00,406.0,412.1255235093216,6.125523509321624,6.125523509321624,6,1,False
test,2017-12-11 07:00:00,2017-12-12 07:00:00,408.0,415.54580826468555,7.545808264685547,7.545808264685547,7,1,False
test,2017-12-11 08:00:00,2017-12-12 08:00:00,421.0,422.096450191148,1.0964501911479942,1.0964501911479942,8,1,False
test,2017-12-11 09:00:00,2017-12-12 09:00:00,433.0,437.0259360615993,4.025936061599282,4.025936061599282,9,1,False
test,2017-12-11 10:00:00,2017-12-12 10:00:00,446.0,450.23107238695786,4.231072386957862,4.231072386957862,10,1,False
test,2017-12-11 11:00:00,2017-12-12 11:00:00,459.0,467.7195188832491,8.719518883249123,8.719518883249123,11,1,False
test,2017-12-11 12:00:00,2017-12-12 12:00:00,464.0,469.563696395624,5.563696395623992,5.563696395623992,12,1,False
test,2017-12-11 13:00:00,2017-12-12 13:00:00,468.0,469.82357624069897,1.8235762406989693,1.8235762406989693,13,1,False
test,2017-12-11 14:00:00,2017-12-12 14:00:00,465.0,469.43251175536005,4.4325117553600535,4.4325117553600535,14,1,False
test,2017-12-11 15:00:00,2017-12-12 15:00:00,463.0,466.64445232559467,3.6444523255946706,3.6444523255946706,15,1,False
test,2017-12-11 16:00:00,2017-12-12 16:00:00,461.0,465.7438144061409,4.7438144061409275,4.7438144061409275,16,1,False
test,2017-12-11 17:00:00,2017-12-12 17:00:00,459.0,464.9776535493515,5.977653549351487,5.977653549351487,17,1,False
test,2017-12-11 18:00:00,2017-12-12 18:00:00,456.0,455.5908830218357,-0.40911697816432024,0.40911697816432024,18,1,False
test,2017-12-11 19:00:00,2017-12-12 19:00:00,446.0,448.74115933380267,2.7411593338026705,2.7411593338026705,19,1,False
test,2017-12-11 20:00:00,2017-12-12 20:00:00,436.0,438.50868242622397,2.50868242622397,2.50868242622397,20,1,False
test,2017-12-11 21:00:00,2017-12-12 21:00:00,432.0,430.3768517139377,-1.6231482860623032,1.6231482860623032,21,1,False
test,2017-12-11 22:00:00,2017-12-12 22:00:00,429.0,429.16220136132273,0.16220136132272955,0.16220136132272955,22,1,False
test,2017-12-11 23:00:00,2017-12-12 23:00:00,420.0,420.63404526482407,0.6340452648240671,0.6340452648240671,23,1,False
test,2017-12-12 00:00:00,2017-12-13 00:00:00,419.0,416.319999480486,-2.68000051951401,2.68000051951401,0,2,False
test,2017-12-12 01:00:00,2017-12-13 01:00:00,409.0,415.1720312155864,6.172031215586401,6.172031215586401,1,2,False
test,2017-12-12 02:00:00,2017-12-13 02:00:00,410.0,414.20861773318717,4.208617733187168,4.208617733187168,2,2,False
test,2017-12-12 03:00:00,2017-12-13 03:00:00,409.0,412.8252278781706,3.825227878170608,3.825227878170608,3,2,False
test,2017-12-12 04:00:00,2017-12-13 04:00:00,407.0,410.68722203172626,3.6872220317262645,3.6872220317262645,4,2,False
test,2017-12-12 05:00:00,2017-12-13 05:00:00,407.0,414.8058428934247,7.80584289342471,7.80584289342471,5,2,False
test,2017-12-12 06:00:00,2017-12-13 06:00:00,406.0,414.10240047119635,8.102400471196347,8.102400471196347,6,2,False
test,2017-12-12 07:00:00,2017-12-13 07:00:00,410.0,410.76867158822034,0.768671588220343,0.768671588220343,7,2,False
test,2017-12-12 08:00:00,2017-12-13 08:00:00,417.0,418.5394357674869,1.539435767486907,1.539435767486907,8,2,False
test,2017-12-12 09:00:00,2017-12-13 09:00:00,424.0,432.8235483397037,8.823548339703677,8.823548339703677,9,2,False
test,2017-12-12 10:00:00,2017-12-13 10:00:00,441.0,441.42210006034003,0.42210006034002845,0.42210006034002845,10,2,False
test,2017-12-12 11:00:00,2017-12-13 11:00:00,459.0,454.78494188820184,-4.215058111798157,4.215058111798157,11,2,False
test,2017-12-12 12:00:00,2017-12-13 12:00:00,469.0,459.0385873961087,-9.96141260389129,9.96141260389129,12,2,False
test,2017-12-12 13:00:00,2017-12-13 13:00:00,473.0,463.12564152103715,-9.874358478962847,9.874358478962847,13,2,False
test,2017-12-12 14:00:00,2017-12-13 14:00:00,470.0,460.39905787263893,-9.600942127361066,9.600942127361066,14,2,False
test,2017-12-12 15:00:00,2017-12-13 15:00:00,477.0,458.2139587388775,-18.786041261122477,18.786041261122477,15,2,False
test,2017-12-12 16:00:00,2017-12-13 16:00:00,468.0,457.0225994605897,-10.977400539410326,10.977400539410326,16,2,False
test,2017-12-12 17:00:00,2017-12-13 17:00:00,467.0,455.5895887442715,-11.41041125572849,11.41041125572849,17,2,False
test,2017-12-12 18:00:00,2017-12-13 18:00:00,463.0,453.4951077840246,-9.504892215975417,9.504892215975417,18,2,False
test,2017-12-12 19:00:00,2017-12-13 19:00:00,447.0,443.9602263016948,-3.0397736983052255,3.0397736983052255,19,2,False
test,2017-12-12 20:00:00,2017-12-13 20:00:00,432.0,434.5121788989428,2.512178898942807,2.512178898942807,20,2,False
test,2017-12-12 21:00:00,2017-12-13 21:00:00,427.0,429.98655019991804,2.9865501999180424,2.9865501999180424,21,2,False
test,2017-12-12 22:00:00,2017-12-13 22:00:00,428.0,427.4043987123156,-0.595601287684417,0.595601287684417,22,2,False
test,2017-12-12 23:00:00,2017-12-13 23:00:00,422.0,419.2941234950277,-2.7058765049723092,2.7058765049723092,23,2,False
test,2017-12-13 00:00:00,2017-12-14 00:00:00,416.0,416.01762220774015,0.017622207740146223,0.017622207740146223,0,3,False
test,2017-12-13 01:00:00,2017-12-14 01:00:00,411.0,414.375100357118,3.375100357118015,3.375100357118015,1,3,False
test,2017-12-13 02:00:00,2017-12-14 02:00:00,410.0,411.1055588511037,1.1055588511036945,1.1055588511036945,2,3,False
test,2017-12-13 03:00:00,2017-12-14 03:00:00,407.0,410.49576624532097,3.495766245320965,3.495766245320965,3,3,False
test,2017-12-13 04:00:00,2017-12-14 04:00:00,405.0,409.0915752735091,4.091575273509079,4.091575273509079,4,3,False
test,2017-12-13 05:00:00,2017-12-14 05:00:00,405.0,407.46640952268433,2.46640952268433,2.46640952268433,5,3,False
test,2017-12-13 06:00:00,2017-12-14 06:00:00,407.0,412.56845058653295,5.568450586532947,5.568450586532947,6,3,False
test,2017-12-13 07:00:00,2017-12-14 07:00:00,410.0,409.4425681952007,-0.5574318047993074,0.5574318047993074,7,3,False
test,2017-12-13 08:00:00,2017-12-14 08:00:00,414.0,412.36147865060735,-1.6385213493926472,1.6385213493926472,8,3,False
test,2017-12-13 09:00:00,2017-12-14 09:00:00,425.0,424.49896278459,-0.5010372154100082,0.5010372154100082,9,3,False
test,2017-12-13 10:00:00,2017-12-14 10:00:00,444.0,437.21453848866076,-6.785461511339236,6.785461511339236,10,3,False
test,2017-12-13 11:00:00,2017-12-14 11:00:00,462.0,451.1687017970998,-10.8312982029002,10.8312982029002,11,3,False
test,2017-12-13 12:00:00,2017-12-14 12:00:00,466.0,459.60586891410026,-6.394131085899744,6.394131085899744,12,3,False
test,2017-12-13 13:00:00,2017-12-14 13:00:00,468.0,463.43407994296547,-4.565920057034532,4.565920057034532,13,3,False
test,2017-12-13 14:00:00,2017-12-14 14:00:00,471.0,460.61131028764214,-10.38868971235786,10.38868971235786,14,3,False
test,2017-12-13 15:00:00,2017-12-14 15:00:00,468.0,466.9598487845738,-1.0401512154261923,1.0401512154261923,15,3,False
test,2017-12-13 16:00:00,2017-12-14 16:00:00,465.0,462.4305456476758,-2.5694543523242146,2.5694543523242146,16,3,False
test,2017-12-13 17:00:00,2017-12-14 17:00:00,463.0,458.57218437307375,-4.427815626926247,4.427815626926247,17,3,False
test,2017-12-13 18:00:00,2017-12-14 18:00:00,457.0,454.7098655588158,-2.2901344411841933,2.2901344411841933,18,3,False
test,2017-12-13 19:00:00,2017-12-14 19:00:00,448.0,440.74405309110267,-7.255946908897329,7.255946908897329,19,3,False
test,2017-12-13 20:00:00,2017-12-14 20:00:00,443.0,430.8796162854135,-12.120383714586524,12.120383714586524,20,3,False
test,2017-12-13 21:00:00,2017-12-14 21:00:00,439.0,425.34135973761784,-13.658640262382164,13.658640262382164,21,3,False
test,2017-12-13 22:00:00,2017-12-14 22:00:00,430.0,424.81564646460185,-5.184353535398145,5.184353535398145,22,3,False
test,2017-12-13 23:00:00,2017-12-14 23:00:00,423.0,418.2240485989062,-4.775951401093778,4.775951401093778,23,3,False
test,2017-12-14 00:00:00,2017-12-15 00:00:00,417.0,412.2493457755204,-4.750654224479604,4.750654224479604,0,4,False
test,2017-12-14 01:00:00,2017-12-15 01:00:00,413.0,410.9667435577534,-2.033256442246625,2.033256442246625,1,4,False
test,2017-12-14 02:00:00,2017-12-15 02:00:00,411.0,411.58640675756146,0.5864067575614627,0.5864067575614627,2,4,False
test,2017-12-14 03:00:00,2017-12-15 03:00:00,409.0,408.7220119944713,-0.27798800552869807,0.27798800552869807,3,4,False
test,2017-12-14 04:00:00,2017-12-15 04:00:00,406.0,409.62575260667376,3.625752606673757,3.625752606673757,4,4,False
test,2017-12-14 05:00:00,2017-12-15 05:00:00,408.0,408.99150407091105,0.9915040709110485,0.9915040709110485,5,4,False
test,2017-12-14 06:00:00,2017-12-15 06:00:00,409.0,406.56728564821935,-2.432714351780646,2.432714351780646,6,4,False
test,2017-12-14 07:00:00,2017-12-15 07:00:00,414.0,409.23865505534064,-4.761344944659356,4.761344944659356,7,4,False
test,2017-12-14 08:00:00,2017-12-15 08:00:00,415.0,410.7643667353531,-4.235633264646879,4.235633264646879,8,4,False
test,2017-12-14 09:00:00,2017-12-15 09:00:00,432.0,420.2216409889526,-11.778359011047428,11.778359011047428,9,4,False
test,2017-12-14 10:00:00,2017-12-15 10:00:00,450.0,432.1166963787019,-17.883303621298126,17.883303621298126,10,4,False
test,2017-12-14 11:00:00,2017-12-15 11:00:00,463.0,449.20707284753723,-13.792927152462767,13.792927152462767,11,4,False
test,2017-12-14 12:00:00,2017-12-15 12:00:00,465.0,457.32243407821113,-7.677565921788869,7.677565921788869,12,4,False
test,2017-12-14 13:00:00,2017-12-15 13:00:00,473.0,457.54770371732917,-15.45229628267083,15.45229628267083,13,4,False
test,2017-12-14 14:00:00,2017-12-15 14:00:00,476.0,461.13894386112855,-14.861056138871447,14.861056138871447,14,4,False
test,2017-12-14 15:00:00,2017-12-15 15:00:00,471.0,458.237704383405,-12.762295616594997,12.762295616594997,15,4,False
test,2017-12-14 16:00:00,2017-12-15 16:00:00,463.0,457.06431289720126,-5.935687102798738,5.935687102798738,16,4,False
test,2017-12-14 17:00:00,2017-12-15 17:00:00,457.0,456.18533647907464,-0.8146635209253645,0.8146635209253645,17,4,False
test,2017-12-14 18:00:00,2017-12-15 18:00:00,447.0,450.94313222221257,3.9431322222125686,3.9431322222125686,18,4,False
test,2017-12-14 19:00:00,2017-12-15 19:00:00,441.0,439.04473831104457,-1.9552616889554315,1.9552616889554315,19,4,False
test,2017-12-14 20:00:00,2017-12-15 20:00:00,434.0,429.48825019202457,-4.511749807975434,4.511749807975434,20,4,False
test,2017-12-14 21:00:00,2017-12-15 21:00:00,428.0,426.19789708862595,-1.8021029113740497,1.8021029113740497,21,4,False
test,2017-12-14 22:00:00,2017-12-15 22:00:00,422.0,422.80635268707346,0.8063526870734563,0.8063526870734563,22,4,False
test,2017-12-14 23:00:00,2017-12-15 23:00:00,417.0,414.6779386378576,-2.3220613621423922,2.3220613621423922,23,4,False
test,2017-12-15 00:00:00,2017-12-16 00:00:00,408.0,413.34194713023527,5.341947130235269,5.341947130235269,0,5,True
test,2017-12-15 01:00:00,2017-12-16 01:00:00,408.0,413.9304942960082,5.930494296008192,5.930494296008192,1,5,True
test,2017-12-15 02:00:00,2017-12-16 02:00:00,405.0,414.22745664723396,9.227456647233964,9.227456647233964,2,5,True
test,2017-12-15 03:00:00,2017-12-16 03:00:00,406.0,411.07647913626727,5.076479136267267,5.076479136267267,3,5,True
test,2017-12-15 04:00:00,2017-12-16 04:00:00,405.0,414.5872024547801,9.587202454780083,9.587202454780083,4,5,True
test,2017-12-15 05:00:00,2017-12-16 05:00:00,400.0,408.30693727928576,8.306937279285762,8.306937279285762,5,5,True
test,2017-12-15 06:00:00,2017-12-16 06:00:00,405.0,407.8081976688718,2.8081976688717987,2.8081976688717987,6,5,True
test,2017-12-15 07:00:00,2017-12-16 07:00:00,402.0,407.8599158604254,5.859915860425417,5.859915860425417,7,5,True
test,2017-12-15 08:00:00,2017-12-16 08:00:00,406.0,408.29819128740877,2.2981912874087698,2.2981912874087698,8,5,True
test,2017-12-15 09:00:00,2017-12-16 09:00:00,404.0,412.73654138483795,8.736541384837949,8.736541384837949,9,5,True
test,2017-12-15 10:00:00,2017-12-16 10:00:00,411.0,416.9408534475079,5.940853447507891,5.940853447507891,10,5,True
test,2017-12-15 11:00:00,2017-12-16 11:00:00,418.0,421.70279039538985,3.7027903953898544,3.7027903953898544,11,5,True
test,2017-12-15 12:00:00,2017-12-16 12:00:00,417.0,422.745857267705,5.7458572677049915,5.7458572677049915,12,5,True
test,2017-12-15 13:00:00,2017-12-16 13:00:00,414.0,425.5662158329647,11.566215832964701,11.566215832964701,13,5,True
test,2017-12-15 14:00:00,2017-12-16 14:00:00,418.0,427.9790125620478,9.979012562047785,9.979012562047785,14,5,True
test,2017-12-15 15:00:00,2017-12-16 15:00:00,423.0,427.69424789185706,4.69424789185706,4.69424789185706,15,5,True
test,2017-12-15 16:00:00,2017-12-16 16:00:00,422.0,427.50221746273587,5.502217462735871,5.502217462735871,16,5,True
test,2017-12-15 17:00:00,2017-12-16 17:00:00,425.0,424.86182386235856,-0.13817613764143744,0.13817613764143744,17,5,True
test,2017-12-15 18:00:00,2017-12-16 18:00:00,421.0,423.4773848501478,2.477384850147814,2.477384850147814,18,5,True
test,2017-12-15 19:00:00,2017-12-16 19:00:00,416.0,421.0828856264569,5.082885626456914,5.082885626456914,19,5,True
test,2017-12-15 20:00:00,2017-12-16 20:00:00,416.0,420.6093479210526,4.609347921052574,4.609347921052574,20,5,True
test,2017-12-15 21:00:00,2017-12-16 21:00:00,411.0,417.81792649291987,6.817926492919867,6.817926492919867,21,5,True
test,2017-12-15 22:00:00,2017-12-16 22:00:00,411.0,416.10408468679447,5.104084686794465,5.104084686794465,22,5,True
test,2017-12-15 23:00:00,2017-12-16 23:00:00,412.0,412.6446314076812,0.6446314076811746,0.6446314076811746,23,5,True
test,2017-12-16 00:00:00,2017-12-17 00:00:00,408.0,414.08839200322984,6.088392003229842,6.088392003229842,0,6,True
test,2017-12-16 01:00:00,2017-12-17 01:00:00,406.0,415.32410990510397,9.324109905103967,9.324109905103967,1,6,True
test,2017-12-16 02:00:00,2017-12-17 02:00:00,403.0,423.7440780972264,20.744078097226406,20.744078097226406,2,6,True
test,2017-12-16 03:00:00,2017-12-17 03:00:00,404.0,415.44686241013227,11.446862410132269,11.446862410132269,3,6,True
test,2017-12-16 04:00:00,2017-12-17 04:00:00,403.0,410.33662232525,7.336622325250005,7.336622325250005,4,6,True
test,2017-12-16 05:00:00,2017-12-17 05:00:00,403.0,411.6220045029213,8.6220045029213,8.6220045029213,5,6,True
test,2017-12-16 06:00:00,2017-12-17 06:00:00,406.0,411.87514405173704,5.875144051737038,5.875144051737038,6,6,True
test,2017-12-16 07:00:00,2017-12-17 07:00:00,405.0,412.91188304507324,7.911883045073239,7.911883045073239,7,6,True
test,2017-12-16 08:00:00,2017-12-17 08:00:00,403.0,417.55322464126385,14.553224641263853,14.553224641263853,8,6,True
test,2017-12-16 09:00:00,2017-12-17 09:00:00,405.0,414.4772219107352,9.477221910735182,9.477221910735182,9,6,True
test,2017-12-16 10:00:00,2017-12-17 10:00:00,406.0,413.64220041759734,7.642200417597337,7.642200417597337,10,6,True
test,2017-12-16 11:00:00,2017-12-17 11:00:00,413.0,416.0544257813248,3.0544257813248237,3.0544257813248237,11,6,True
test,2017-12-16 12:00:00,2017-12-17 12:00:00,415.0,413.84217036670805,-1.1578296332919535,1.1578296332919535,12,6,True
test,2017-12-16 13:00:00,2017-12-17 13:00:00,418.0,414.95159567943136,-3.048404320568636,3.048404320568636,13,6,True
test,2017-12-16 14:00:00,2017-12-17 14:00:00,418.0,417.4828717962043,-0.5171282037957212,0.5171282037957212,14,6,True
test,2017-12-16 15:00:00,2017-12-17 15:00:00,421.0,419.4400540570349,-1.5599459429651006,1.5599459429651006,15,6,True
test,2017-12-16 16:00:00,2017-12-17 16:00:00,420.0,419.3335688970191,-0.66643110298088,0.66643110298088,16,6,True
test,2017-12-16 17:00:00,2017-12-17 17:00:00,423.0,422.0570074789202,-0.942992521079816,0.942992521079816,17,6,True
test,2017-12-16 18:00:00,2017-12-17 18:00:00,422.0,421.87123392975064,-0.12876607024935538,0.12876607024935538,18,6,True
test,2017-12-16 19:00:00,2017-12-17 19:00:00,417.0,415.85954494717413,-1.140455052825871,1.140455052825871,19,6,True
test,2017-12-16 20:00:00,2017-12-17 20:00:00,413.0,414.2722305358584,1.272230535858398,1.272230535858398,20,6,True
test,2017-12-16 21:00:00,2017-12-17 21:00:00,414.0,415.15338474648706,1.1533847464870632,1.1533847464870632,21,6,True
test,2017-12-16 22:00:00,2017-12-17 22:00:00,411.0,414.49927658439464,3.499276584394636,3.499276584394636,22,6,True
test,2017-12-16 23:00:00,2017-12-17 23:00:00,408.0,414.2159869853632,6.215986985363202,6.215986985363202,23,6,True
test,2017-12-17 00:00:00,2017-12-18 00:00:00,405.0,415.4819328971484,10.481932897148397,10.481932897148397,0,0,False
test,2017-12-17 01:00:00,2017-12-18 01:00:00,403.0,423.2016747699859,20.201674769985914,20.201674769985914,1,0,False
test,2017-12-17 02:00:00,2017-12-18 02:00:00,404.0,418.00720466101075,14.007204661010746,14.007204661010746,2,0,False
test,2017-12-17 03:00:00,2017-12-18 03:00:00,401.0,410.64578363971964,9.645783639719639,9.645783639719639,3,0,False
test,2017-12-17 04:00:00,2017-12-18 04:00:00,399.0,410.87114167142613,11.87114167142613,11.87114167142613,4,0,False
test,2017-12-17 05:00:00,2017-12-18 05:00:00,400.0,409.7195536183129,9.719553618312887,9.719553618312887,5,0,False
test,2017-12-17 06:00:00,2017-12-18 06:00:00,401.0,414.68936369710656,13.689363697106558,13.689363697106558,6,0,False
test,2017-12-17 07:00:00,2017-12-18 07:00:00,404.0,419.8279980170507,15.827998017050675,15.827998017050675,7,0,False
test,2017-12-17 08:00:00,2017-12-18 08:00:00,414.0,421.42006044550993,7.420060445509932,7.420060445509932,8,0,False
test,2017-12-17 09:00:00,2017-12-18 09:00:00,427.0,431.23407805570577,4.234078055705766,4.234078055705766,9,0,False
test,2017-12-17 10:00:00,2017-12-18 10:00:00,441.0,451.93749166107114,10.937491661071135,10.937491661071135,10,0,False
test,2017-12-17 11:00:00,2017-12-18 11:00:00,455.0,460.7088140377228,5.708814037722789,5.708814037722789,11,0,False
test,2017-12-17 12:00:00,2017-12-18 12:00:00,461.0,463.47579513840907,2.475795138409069,2.475795138409069,12,0,False
test,2017-12-17 13:00:00,2017-12-18 13:00:00,461.0,466.15142169248253,5.151421692482529,5.151421692482529,13,0,False
test,2017-12-17 14:00:00,2017-12-18 14:00:00,462.0,468.69964764982336,6.699647649823362,6.699647649823362,14,0,False
test,2017-12-17 15:00:00,2017-12-18 15:00:00,461.0,466.93108687171195,5.931086871711955,5.931086871711955,15,0,False
test,2017-12-17 16:00:00,2017-12-18 16:00:00,457.0,461.77764193891346,4.777641938913462,4.777641938913462,16,0,False
test,2017-12-17 17:00:00,2017-12-18 17:00:00,456.0,454.86088057525376,-1.1391194247462408,1.1391194247462408,17,0,False
test,2017-12-17 18:00:00,2017-12-18 18:00:00,452.0,449.54895629453983,-2.4510437054601653,2.4510437054601653,18,0,False
test,2017-12-17 19:00:00,2017-12-18 19:00:00,441.0,439.0675150545766,-1.9324849454234254,1.9324849454234254,19,0,False
test,2017-12-17 20:00:00,2017-12-18 20:00:00,434.0,436.3423411115505,2.3423411115505246,2.3423411115505246,20,0,False
test,2017-12-17 21:00:00,2017-12-18 21:00:00,431.0,431.469552252285,0.4695522522849842,0.4695522522849842,21,0,False
test,2017-12-17 22:00:00,2017-12-18 22:00:00,425.0,426.16808715964635,1.1680871596463476,1.1680871596463476,22,0,False
test,2017-12-17 23:00:00,2017-12-18 23:00:00,424.0,422.73671680642985,-1.263283193570146,1.263283193570146,23,0,False
test,2017-12-18 00:00:00,2017-12-19 00:00:00,415.0,417.02351745358243,2.0235174535824285,2.0235174535824285,0,1,False
test,2017-12-18 01:00:00,2017-12-19 01:00:00,417.0,415.20685975089197,-1.7931402491080348,1.7931402491080348,1,1,False
test,2017-12-18 02:00:00,2017-12-19 02:00:00,417.0,413.0907480444466,-3.9092519555533727,3.9092519555533727,2,1,False
test,2017-12-18 03:00:00,2017-12-19 03:00:00,417.0,415.5607951972232,-1.4392048027768283,1.4392048027768283,3,1,False
test,2017-12-18 04:00:00,2017-12-19 04:00:00,417.0,414.52967648813785,-2.470323511862148,2.470323511862148,4,1,False
test,2017-12-18 05:00:00,2017-12-19 05:00:00,415.0,418.07505096666677,3.0750509666667654,3.0750509666667654,5,1,False
test,2017-12-18 06:00:00,2017-12-19 06:00:00,418.0,414.40726655941864,-3.5927334405813554,3.5927334405813554,6,1,False
test,2017-12-18 07:00:00,2017-12-19 07:00:00,421.0,412.5675896720889,-8.4324103279111,8.4324103279111,7,1,False
test,2017-12-18 08:00:00,2017-12-19 08:00:00,427.0,417.4234655579855,-9.57653444201452,9.57653444201452,8,1,False
test,2017-12-18 09:00:00,2017-12-19 09:00:00,437.0,432.87089117510266,-4.129108824897344,4.129108824897344,9,1,False
test,2017-12-18 10:00:00,2017-12-19 10:00:00,447.0,446.9963412358415,-0.0036587641585015263,0.0036587641585015263,10,1,False
test,2017-12-18 11:00:00,2017-12-19 11:00:00,460.0,460.58631564570516,0.5863156457051559,0.5863156457051559,11,1,False
test,2017-12-18 12:00:00,2017-12-19 12:00:00,463.0,464.25691920536195,1.2569192053619531,1.2569192053619531,12,1,False
test,2017-12-18 13:00:00,2017-12-19 13:00:00,460.0,463.2733106521081,3.27331065210808,3.27331065210808,13,1,False
test,2017-12-18 14:00:00,2017-12-19 14:00:00,466.0,462.2921900049647,-3.7078099950352907,3.7078099950352907,14,1,False
test,2017-12-18 15:00:00,2017-12-19 15:00:00,466.0,459.87311902234205,-6.126880977657947,6.126880977657947,15,1,False
test,2017-12-18 16:00:00,2017-12-19 16:00:00,467.0,457.6439774561038,-9.356022543896188,9.356022543896188,16,1,False
test,2017-12-18 17:00:00,2017-12-19 17:00:00,467.0,455.621708489081,-11.378291510918984,11.378291510918984,17,1,False
test,2017-12-18 18:00:00,2017-12-19 18:00:00,461.0,451.1820093479052,-9.817990652094807,9.817990652094807,18,1,False
test,2017-12-18 19:00:00,2017-12-19 19:00:00,448.0,440.2895030857213,-7.710496914278679,7.710496914278679,19,1,False
test,2017-12-18 20:00:00,2017-12-19 20:00:00,440.0,435.3115383792095,-4.68846162079052,4.68846162079052,20,1,False
test,2017-12-18 21:00:00,2017-12-19 21:00:00,434.0,432.6085825944666,-1.3914174055333888,1.3914174055333888,21,1,False
test,2017-12-18 22:00:00,2017-12-19 22:00:00,429.0,428.22461330352724,-0.7753866964727649,0.7753866964727649,22,1,False
test,2017-12-18 23:00:00,2017-12-19 23:00:00,428.0,425.5819498072848,-2.4180501927152136,2.4180501927152136,23,1,False
test,2017-12-19 00:00:00,2017-12-20 00:00:00,425.0,419.3976248804182,-5.6023751195817795,5.6023751195817795,0,2,False
test,2017-12-19 01:00:00,2017-12-20 01:00:00,422.0,416.5414351438113,-5.458564856188673,5.458564856188673,1,2,False
test,2017-12-19 02:00:00,2017-12-20 02:00:00,419.0,415.4320147676686,-3.5679852323314094,3.5679852323314094,2,2,False
test,2017-12-19 03:00:00,2017-12-20 03:00:00,418.0,413.0612123081942,-4.938787691805828,4.938787691805828,3,2,False
test,2017-12-19 04:00:00,2017-12-20 04:00:00,416.0,412.5742810611837,-3.425718938816317,3.425718938816317,4,2,False
test,2017-12-19 05:00:00,2017-12-20 05:00:00,417.0,412.4135468550908,-4.586453144909228,4.586453144909228,5,2,False
test,2017-12-19 06:00:00,2017-12-20 06:00:00,417.0,414.4428779645436,-2.557122035456416,2.557122035456416,6,2,False
test,2017-12-19 07:00:00,2017-12-20 07:00:00,422.0,418.80941477890104,-3.1905852210989565,3.1905852210989565,7,2,False
test,2017-12-19 08:00:00,2017-12-20 08:00:00,422.0,426.9775669106704,4.977566910670419,4.977566910670419,8,2,False
test,2017-12-19 09:00:00,2017-12-20 09:00:00,433.0,436.03875895002795,3.0387589500279546,3.0387589500279546,9,2,False
test,2017-12-19 10:00:00,2017-12-20 10:00:00,449.0,445.85868645109326,-3.141313548906737,3.141313548906737,10,2,False
test,2017-12-19 11:00:00,2017-12-20 11:00:00,456.0,456.5107103402279,0.5107103402278881,0.5107103402278881,11,2,False
test,2017-12-19 12:00:00,2017-12-20 12:00:00,461.0,459.3583570725609,-1.6416429274390794,1.6416429274390794,12,2,False
test,2017-12-19 13:00:00,2017-12-20 13:00:00,457.0,457.59176549220285,0.5917654922028532,0.5917654922028532,13,2,False
test,2017-12-19 14:00:00,2017-12-20 14:00:00,456.0,462.92679864715967,6.926798647159671,6.926798647159671,14,2,False
test,2017-12-19 15:00:00,2017-12-20 15:00:00,455.0,463.26344530028763,8.263445300287628,8.263445300287628,15,2,False
test,2017-12-19 16:00:00,2017-12-20 16:00:00,456.0,463.8420590149188,7.842059014918789,7.842059014918789,16,2,False
test,2017-12-19 17:00:00,2017-12-20 17:00:00,454.0,463.42409923198954,9.424099231989544,9.424099231989544,17,2,False
test,2017-12-19 18:00:00,2017-12-20 18:00:00,451.0,456.72839210169565,5.728392101695647,5.728392101695647,18,2,False
test,2017-12-19 19:00:00,2017-12-20 19:00:00,439.0,444.0937862326321,5.093786232632112,5.093786232632112,19,2,False
test,2017-12-19 20:00:00,2017-12-20 20:00:00,433.0,435.8858114707904,2.8858114707903724,2.8858114707903724,20,2,False
test,2017-12-19 21:00:00,2017-12-20 21:00:00,424.0,432.2442771550927,8.244277155092675,8.244277155092675,21,2,False
test,2017-12-19 22:00:00,2017-12-20 22:00:00,418.0,427.7735614320558,9.773561432055828,9.773561432055828,22,2,False
test,2017-12-19 23:00:00,2017-12-20 23:00:00,419.0,427.46291213980817,8.462912139808168,8.462912139808168,23,2,False
test,2017-12-20 00:00:00,2017-12-21 00:00:00,415.0,424.5218250811843,9.521825081184318,9.521825081184318,0,3,False
test,2017-12-20 01:00:00,2017-12-21 01:00:00,416.0,419.6480422745486,3.6480422745485725,3.6480422745485725,1,3,False
test,2017-12-20 02:00:00,2017-12-21 02:00:00,413.0,416.83452229274934,3.834522292749341,3.834522292749341,2,3,False
test,2017-12-20 03:00:00,2017-12-21 03:00:00,409.0,413.63907516193126,4.63907516193126,4.63907516193126,3,3,False
test,2017-12-20 04:00:00,2017-12-21 04:00:00,407.0,411.3801785326346,4.380178532634602,4.380178532634602,4,3,False
test,2017-12-20 05:00:00,2017-12-21 05:00:00,408.0,409.2116156515473,1.2116156515472767,1.2116156515472767,5,3,False
test,2017-12-20 06:00:00,2017-12-21 06:00:00,408.0,409.53300731845917,1.5330073184591697,1.5330073184591697,6,3,False
test,2017-12-20 07:00:00,2017-12-21 07:00:00,412.0,414.7617338971249,2.761733897124884,2.761733897124884,7,3,False
test,2017-12-20 08:00:00,2017-12-21 08:00:00,416.0,419.4299946886205,3.429994688620525,3.429994688620525,8,3,False
test,2017-12-20 09:00:00,2017-12-21 09:00:00,424.0,430.08381022017943,6.08381022017943,6.08381022017943,9,3,False
test,2017-12-20 10:00:00,2017-12-21 10:00:00,438.0,440.76826027517285,2.7682602751728496,2.7682602751728496,10,3,False
test,2017-12-20 11:00:00,2017-12-21 11:00:00,452.0,451.3428331318797,-0.6571668681203278,0.6571668681203278,11,3,False
test,2017-12-20 12:00:00,2017-12-21 12:00:00,460.0,453.3628159771885,-6.637184022811482,6.637184022811482,12,3,False
test,2017-12-20 13:00:00,2017-12-21 13:00:00,460.0,451.4564368935691,-8.543563106430895,8.543563106430895,13,3,False
test,2017-12-20 14:00:00,2017-12-21 14:00:00,456.0,451.1501110330221,-4.849888966977915,4.849888966977915,14,3,False
test,2017-12-20 15:00:00,2017-12-21 15:00:00,458.0,450.6513689294823,-7.348631070517683,7.348631070517683,15,3,False
test,2017-12-20 16:00:00,2017-12-21 16:00:00,455.0,453.21515018382246,-1.784849816177541,1.784849816177541,16,3,False
test,2017-12-20 17:00:00,2017-12-21 17:00:00,454.0,449.44406787655214,-4.55593212344786,4.55593212344786,17,3,False
test,2017-12-20 18:00:00,2017-12-21 18:00:00,445.0,447.4215350181758,2.4215350181758026,2.4215350181758026,18,3,False
test,2017-12-20 19:00:00,2017-12-21 19:00:00,436.0,437.1155084373337,1.1155084373336877,1.1155084373336877,19,3,False
test,2017-12-20 20:00:00,2017-12-21 20:00:00,434.0,431.7669405801226,-2.2330594198774065,2.2330594198774065,20,3,False
test,2017-12-20 21:00:00,2017-12-21 21:00:00,419.0,424.5799866186374,5.579986618637406,5.579986618637406,21,3,False
test,2017-12-20 22:00:00,2017-12-21 22:00:00,416.0,418.0304395306596,2.030439530659578,2.030439530659578,22,3,False
test,2017-12-20 23:00:00,2017-12-21 23:00:00,411.0,416.06393443620004,5.063934436200043,5.063934436200043,23,3,False
test,2017-12-21 00:00:00,2017-12-22 00:00:00,409.0,412.13771317469786,3.137713174697865,3.137713174697865,0,4,False
test,2017-12-21 01:00:00,2017-12-22 01:00:00,405.0,410.5600999737828,5.560099973782826,5.560099973782826,1,4,False
test,2017-12-21 02:00:00,2017-12-22 02:00:00,403.0,410.5885065371111,7.588506537111073,7.588506537111073,2,4,False
test,2017-12-21 03:00:00,2017-12-22 03:00:00,403.0,407.8814812621946,4.8814812621945975,4.8814812621945975,3,4,False
test,2017-12-21 04:00:00,2017-12-22 04:00:00,405.0,408.36166511984135,3.361665119841348,3.361665119841348,4,4,False
test,2017-12-21 05:00:00,2017-12-22 05:00:00,402.0,408.3084219082993,6.3084219082992945,6.3084219082992945,5,4,False
test,2017-12-21 06:00:00,2017-12-22 06:00:00,405.0,407.79477347216033,2.7947734721603297,2.7947734721603297,6,4,False
test,2017-12-21 07:00:00,2017-12-22 07:00:00,405.0,409.3253197718534,4.325319771853401,4.325319771853401,7,4,False
test,2017-12-21 08:00:00,2017-12-22 08:00:00,427.0,412.56799452059994,-14.432005479400061,14.432005479400061,8,4,False
test,2017-12-21 09:00:00,2017-12-22 09:00:00,409.0,420.20783763439533,11.207837634395332,11.207837634395332,9,4,False
test,2017-12-21 10:00:00,2017-12-22 10:00:00,436.0,429.5648357993019,-6.435164200698125,6.435164200698125,10,4,False
test,2017-12-21 11:00:00,2017-12-22 11:00:00,444.0,444.1663450739102,0.16634507391017905,0.16634507391017905,11,4,False
test,2017-12-21 12:00:00,2017-12-22 12:00:00,440.0,452.92989787421476,12.92989787421476,12.92989787421476,12,4,False
test,2017-12-21 13:00:00,2017-12-22 13:00:00,425.0,454.200396864516,29.200396864515994,29.200396864515994,13,4,False
test,2017-12-21 14:00:00,2017-12-22 14:00:00,431.0,452.4771432618283,21.477143261828303,21.477143261828303,14,4,False
test,2017-12-21 15:00:00,2017-12-22 15:00:00,426.0,453.07909954866466,27.079099548664658,27.079099548664658,15,4,False
test,2017-12-21 16:00:00,2017-12-22 16:00:00,423.0,450.61125682990456,27.611256829904562,27.611256829904562,16,4,False
test,2017-12-21 17:00:00,2017-12-22 17:00:00,420.0,448.18801945394745,28.188019453947447,28.188019453947447,17,4,False
test,2017-12-21 18:00:00,2017-12-22 18:00:00,410.0,439.06137768030385,29.06137768030385,29.06137768030385,18,4,False
test,2017-12-21 19:00:00,2017-12-22 19:00:00,399.0,430.6876262566456,31.687626256645615,31.687626256645615,19,4,False
test,2017-12-21 20:00:00,2017-12-22 20:00:00,395.0,426.9536793262711,31.95367932627107,31.95367932627107,20,4,False
test,2017-12-21 21:00:00,2017-12-22 21:00:00,393.0,416.05312927925297,23.05312927925297,23.05312927925297,21,4,False
test,2017-12-21 22:00:00,2017-12-22 22:00:00,389.0,412.3843971338645,23.384397133864525,23.384397133864525,22,4,False
test,2017-12-21 23:00:00,2017-12-22 23:00:00,389.0,411.5419308253398,22.54193082533982,22.54193082533982,23,4,False
test,2017-12-22 00:00:00,2017-12-23 00:00:00,389.0,413.70343594566606,24.703435945666058,24.703435945666058,0,5,True
test,2017-12-22 01:00:00,2017-12-23 01:00:00,387.0,422.2742021742074,35.2742021742074,35.2742021742074,1,5,True
test,2017-12-22 02:00:00,2017-12-23 02:00:00,385.0,420.28634151759485,35.28634151759485,35.28634151759485,2,5,True
test,2017-12-22 03:00:00,2017-12-23 03:00:00,386.0,413.043252887899,27.043252887898973,27.043252887898973,3,5,True
test,2017-12-22 04:00:00,2017-12-23 04:00:00,385.0,413.80410255019405,28.804102550194045,28.804102550194045,4,5,True
test,2017-12-22 05:00:00,2017-12-23 05:00:00,384.0,413.35193170829353,29.351931708293534,29.351931708293534,5,5,True
test,2017-12-22 06:00:00,2017-12-23 06:00:00,385.0,414.13636565885514,29.13636565885514,29.13636565885514,6,5,True
test,2017-12-22 07:00:00,2017-12-23 07:00:00,387.0,412.7617246460452,25.761724646045195,25.761724646045195,7,5,True
test,2017-12-22 08:00:00,2017-12-23 08:00:00,382.0,412.0153322232649,30.01533222326492,30.01533222326492,8,5,True
test,2017-12-22 09:00:00,2017-12-23 09:00:00,389.0,410.37340386053035,21.373403860530345,21.373403860530345,9,5,True
test,2017-12-22 10:00:00,2017-12-23 10:00:00,385.0,410.4634074774899,25.46340747748991,25.46340747748991,10,5,True
test,2017-12-22 11:00:00,2017-12-23 11:00:00,388.0,413.255413898481,25.25541389848098,25.25541389848098,11,5,True
test,2017-12-22 12:00:00,2017-12-23 12:00:00,394.0,415.59773167884043,21.597731678840432,21.597731678840432,12,5,True
test,2017-12-22 13:00:00,2017-12-23 13:00:00,396.0,418.066676923487,22.066676923487023,22.066676923487023,13,5,True
test,2017-12-22 14:00:00,2017-12-23 14:00:00,395.0,421.694778213884,26.69477821388398,26.69477821388398,14,5,True
test,2017-12-22 15:00:00,2017-12-23 15:00:00,399.0,421.2561199806294,22.25611998062942,22.25611998062942,15,5,True
test,2017-12-22 16:00:00,2017-12-23 16:00:00,399.0,419.55735206627855,20.557352066278554,20.557352066278554,16,5,True
test,2017-12-22 17:00:00,2017-12-23 17:00:00,400.0,417.3185148049262,17.318514804926224,17.318514804926224,17,5,True
test,2017-12-22 18:00:00,2017-12-23 18:00:00,399.0,413.4295112475722,14.42951124757218,14.42951124757218,18,5,True
test,2017-12-22 19:00:00,2017-12-23 19:00:00,398.0,428.91790310979235,30.91790310979235,30.91790310979235,19,5,True
test,2017-12-22 20:00:00,2017-12-23 20:00:00,396.0,429.32033499173855,33.32033499173855,33.32033499173855,20,5,True
test,2017-12-22 21:00:00,2017-12-23 21:00:00,389.0,425.3142201252732,36.31422012527321,36.31422012527321,21,5,True
test,2017-12-22 22:00:00,2017-12-23 22:00:00,392.0,423.06596377840134,31.06596377840134,31.06596377840134,22,5,True
test,2017-12-22 23:00:00,2017-12-23 23:00:00,392.0,425.1128657139694,33.11286571396943,33.11286571396943,23,5,True
test,2017-12-23 00:00:00,2017-12-24 00:00:00,391.0,426.1043275274028,35.1043275274028,35.1043275274028,0,6,True
test,2017-12-23 01:00:00,2017-12-24 01:00:00,390.0,426.16998829998016,36.16998829998016,36.16998829998016,1,6,True
test,2017-12-23 02:00:00,2017-12-24 02:00:00,388.0,425.9670582586061,37.96705825860607,37.96705825860607,2,6,True
test,2017-12-23 03:00:00,2017-12-24 03:00:00,390.0,414.4256254891221,24.425625489122126,24.425625489122126,3,6,True
test,2017-12-23 04:00:00,2017-12-24 04:00:00,387.0,413.2559673353371,26.255967335337118,26.255967335337118,4,6,True
test,2017-12-23 05:00:00,2017-12-24 05:00:00,386.0,416.5408092900126,30.54080929001259,30.54080929001259,5,6,True
test,2017-12-23 06:00:00,2017-12-24 06:00:00,387.0,414.40925491252085,27.40925491252085,27.40925491252085,6,6,True
test,2017-12-23 07:00:00,2017-12-24 07:00:00,385.0,415.64407590101223,30.64407590101223,30.64407590101223,7,6,True
test,2017-12-23 08:00:00,2017-12-24 08:00:00,388.0,420.86740299008557,32.867402990085566,32.867402990085566,8,6,True
test,2017-12-23 09:00:00,2017-12-24 09:00:00,389.0,417.0638801691,28.063880169100003,28.063880169100003,9,6,True
test,2017-12-23 10:00:00,2017-12-24 10:00:00,387.0,420.7235266810436,33.72352668104361,33.72352668104361,10,6,True
test,2017-12-23 11:00:00,2017-12-24 11:00:00,387.0,419.7217488045329,32.72174880453292,32.72174880453292,11,6,True
test,2017-12-23 12:00:00,2017-12-24 12:00:00,389.0,420.69933744652184,31.699337446521838,31.699337446521838,12,6,True
test,2017-12-23 13:00:00,2017-12-24 13:00:00,391.0,424.44369462147876,33.443694621478755,33.443694621478755,13,6,True
test,2017-12-23 14:00:00,2017-12-24 14:00:00,394.0,424.0385537026209,30.038553702620902,30.038553702620902,14,6,True
test,2017-12-23 15:00:00,2017-12-24 15:00:00,392.0,424.3360147631696,32.3360147631696,32.3360147631696,15,6,True
test,2017-12-23 16:00:00,2017-12-24 16:00:00,393.0,423.97074271519926,30.970742715199265,30.970742715199265,16,6,True
test,2017-12-23 17:00:00,2017-12-24 17:00:00,394.0,421.7963549961459,27.796354996145908,27.796354996145908,17,6,True
test,2017-12-23 18:00:00,2017-12-24 18:00:00,391.0,421.8294161317895,30.829416131789515,30.829416131789515,18,6,True
test,2017-12-23 19:00:00,2017-12-24 19:00:00,390.0,425.87804788937916,35.87804788937916,35.87804788937916,19,6,True
test,2017-12-23 20:00:00,2017-12-24 20:00:00,394.0,424.71633981466584,30.716339814665844,30.716339814665844,20,6,True
test,2017-12-23 21:00:00,2017-12-24 21:00:00,395.0,420.3608595269553,25.360859526955323,25.360859526955323,21,6,True
test,2017-12-23 22:00:00,2017-12-24 22:00:00,388.0,422.2151677658371,34.21516776583712,34.21516776583712,22,6,True
test,2017-12-23 23:00:00,2017-12-24 23:00:00,387.0,420.67837331582746,33.67837331582746,33.67837331582746,23,6,True
test,2017-12-24 00:00:00,2017-12-25 00:00:00,387.0,420.9198615655021,33.91986156550212,33.91986156550212,0,0,False
test,2017-12-24 01:00:00,2017-12-25 01:00:00,385.0,420.6049049037778,35.60490490377782,35.60490490377782,1,0,False
test,2017-12-24 02:00:00,2017-12-25 02:00:00,386.0,420.0375812342893,34.03758123428929,34.03758123428929,2,0,False
test,2017-12-24 03:00:00,2017-12-25 03:00:00,387.0,418.62140223713214,31.621402237132145,31.621402237132145,3,0,False
test,2017-12-24 04:00:00,2017-12-25 04:00:00,387.0,413.6745186568274,26.674518656827388,26.674518656827388,4,0,False
test,2017-12-24 05:00:00,2017-12-25 05:00:00,385.0,418.4847226799379,33.484722679937875,33.484722679937875,5,0,False
test,2017-12-24 06:00:00,2017-12-25 06:00:00,385.0,418.9656278124201,33.96562781242011,33.96562781242011,6,0,False
test,2017-12-24 07:00:00,2017-12-25 07:00:00,382.0,419.7302490861284,37.730249086128424,37.730249086128424,7,0,False
test,2017-12-24 08:00:00,2017-12-25 08:00:00,384.0,428.11324737463616,44.11324737463616,44.11324737463616,8,0,False
test,2017-12-24 09:00:00,2017-12-25 09:00:00,384.0,431.74476678859287,47.74476678859287,47.74476678859287,9,0,False
test,2017-12-24 10:00:00,2017-12-25 10:00:00,385.0,447.3152764914917,62.315276491491716,62.315276491491716,10,0,False
test,2017-12-24 11:00:00,2017-12-25 11:00:00,385.0,458.91295156634095,73.91295156634095,73.91295156634095,11,0,False
test,2017-12-24 12:00:00,2017-12-25 12:00:00,388.0,457.9216059317483,69.92160593174827,69.92160593174827,12,0,False
test,2017-12-24 13:00:00,2017-12-25 13:00:00,390.0,457.38177732045614,67.38177732045614,67.38177732045614,13,0,False
test,2017-12-24 14:00:00,2017-12-25 14:00:00,389.0,459.2894275265168,70.28942752651682,70.28942752651682,14,0,False
test,2017-12-24 15:00:00,2017-12-25 15:00:00,387.0,455.2965105834999,68.29651058349992,68.29651058349992,15,0,False
test,2017-12-24 16:00:00,2017-12-25 16:00:00,390.0,454.8579612127231,64.85796121272313,64.85796121272313,16,0,False
test,2017-12-24 17:00:00,2017-12-25 17:00:00,390.0,452.72767214299984,62.727672142999836,62.727672142999836,17,0,False
test,2017-12-24 18:00:00,2017-12-25 18:00:00,387.0,448.27706015102837,61.277060151028365,61.277060151028365,18,0,False
test,2017-12-24 19:00:00,2017-12-25 19:00:00,386.0,436.98760605723913,50.987606057239134,50.987606057239134,19,0,False
test,2017-12-24 20:00:00,2017-12-25 20:00:00,383.0,437.8614431964125,54.861443196412495,54.861443196412495,20,0,False
test,2017-12-24 21:00:00,2017-12-25 21:00:00,383.0,428.2102941578112,45.21029415781118,45.21029415781118,21,0,False
test,2017-12-24 22:00:00,2017-12-25 22:00:00,382.0,424.14184573366055,42.141845733660546,42.141845733660546,22,0,False
test,2017-12-24 23:00:00,2017-12-25 23:00:00,382.0,423.17849348780413,41.17849348780413,41.17849348780413,23,0,False
test,2017-12-25 00:00:00,2017-12-26 00:00:00,379.0,418.12084127079106,39.12084127079106,39.12084127079106,0,1,False
test,2017-12-25 01:00:00,2017-12-26 01:00:00,382.0,415.253010211184,33.253010211184005,33.253010211184005,1,1,False
test,2017-12-25 02:00:00,2017-12-26 02:00:00,382.0,413.9304022961746,31.930402296174577,31.930402296174577,2,1,False
test,2017-12-25 03:00:00,2017-12-26 03:00:00,383.0,412.1020412540041,29.10204125400412,29.10204125400412,3,1,False
test,2017-12-25 04:00:00,2017-12-26 04:00:00,381.0,412.58588520908825,31.585885209088246,31.585885209088246,4,1,False
test,2017-12-25 05:00:00,2017-12-26 05:00:00,383.0,411.9783087233933,28.978308723393297,28.978308723393297,5,1,False
test,2017-12-25 06:00:00,2017-12-26 06:00:00,382.0,412.80377162690206,30.803771626902062,30.803771626902062,6,1,False
test,2017-12-25 07:00:00,2017-12-26 07:00:00,381.0,420.997096807049,39.99709680704899,39.99709680704899,7,1,False
test,2017-12-25 08:00:00,2017-12-26 08:00:00,381.0,432.9142182629497,51.9142182629497,51.9142182629497,8,1,False
test,2017-12-25 09:00:00,2017-12-26 09:00:00,381.0,428.2285775811339,47.22857758113389,47.22857758113389,9,1,False
test,2017-12-25 10:00:00,2017-12-26 10:00:00,385.0,440.6386046989893,55.6386046989893,55.6386046989893,10,1,False
test,2017-12-25 11:00:00,2017-12-26 11:00:00,392.0,445.9880891363285,53.98808913632848,53.98808913632848,11,1,False
test,2017-12-25 12:00:00,2017-12-26 12:00:00,393.0,447.2900774824436,54.29007748244362,54.29007748244362,12,1,False
test,2017-12-25 13:00:00,2017-12-26 13:00:00,394.0,436.94440815238664,42.94440815238664,42.94440815238664,13,1,False
test,2017-12-25 14:00:00,2017-12-26 14:00:00,396.0,441.00820781950557,45.00820781950557,45.00820781950557,14,1,False
test,2017-12-25 15:00:00,2017-12-26 15:00:00,397.0,437.63148325695187,40.63148325695187,40.63148325695187,15,1,False
test,2017-12-25 16:00:00,2017-12-26 16:00:00,399.0,436.53135596414927,37.53135596414927,37.53135596414927,16,1,False
test,2017-12-25 17:00:00,2017-12-26 17:00:00,400.0,433.13715767668685,33.137157676686854,33.137157676686854,17,1,False
test,2017-12-25 18:00:00,2017-12-26 18:00:00,396.0,426.3346674127536,30.334667412753618,30.334667412753618,18,1,False
test,2017-12-25 19:00:00,2017-12-26 19:00:00,396.0,422.5475032066394,26.54750320663942,26.54750320663942,19,1,False
test,2017-12-25 20:00:00,2017-12-26 20:00:00,392.0,427.2871695871089,35.287169587108906,35.287169587108906,20,1,False
test,2017-12-25 21:00:00,2017-12-26 21:00:00,386.0,428.24178456239434,42.24178456239434,42.24178456239434,21,1,False
test,2017-12-25 22:00:00,2017-12-26 22:00:00,385.0,428.7408091795893,43.74080917958929,43.74080917958929,22,1,False
test,2017-12-25 23:00:00,2017-12-26 23:00:00,384.0,428.0129889149501,44.012988914950085,44.012988914950085,23,1,False
test,2017-12-26 00:00:00,2017-12-27 00:00:00,385.0,430.10460008125983,45.10460008125983,45.10460008125983,0,2,False
test,2017-12-26 01:00:00,2017-12-27 01:00:00,386.0,424.04726877526974,38.04726877526974,38.04726877526974,1,2,False
test,2017-12-26 02:00:00,2017-12-27 02:00:00,385.0,428.04680604691305,43.04680604691305,43.04680604691305,2,2,False
test,2017-12-26 03:00:00,2017-12-27 03:00:00,386.0,421.79364935863117,35.79364935863117,35.79364935863117,3,2,False
test,2017-12-26 04:00:00,2017-12-27 04:00:00,384.0,423.55058169493736,39.550581694937364,39.550581694937364,4,2,False
test,2017-12-26 05:00:00,2017-12-27 05:00:00,385.0,424.9276406865189,39.927640686518885,39.927640686518885,5,2,False
test,2017-12-26 06:00:00,2017-12-27 06:00:00,383.0,424.8236925441057,41.82369254410571,41.82369254410571,6,2,False
test,2017-12-26 07:00:00,2017-12-27 07:00:00,386.0,423.70691275444955,37.70691275444955,37.70691275444955,7,2,False
test,2017-12-26 08:00:00,2017-12-27 08:00:00,385.0,430.9298752005848,45.929875200584775,45.929875200584775,8,2,False
test,2017-12-26 09:00:00,2017-12-27 09:00:00,389.0,428.6244889010808,39.62448890108078,39.62448890108078,9,2,False
test,2017-12-26 10:00:00,2017-12-27 10:00:00,401.0,428.0421903653335,27.04219036533351,27.04219036533351,10,2,False
test,2017-12-26 11:00:00,2017-12-27 11:00:00,407.0,429.53085343400295,22.53085343400295,22.53085343400295,11,2,False
test,2017-12-26 12:00:00,2017-12-27 12:00:00,413.0,428.7347218017699,15.734721801769922,15.734721801769922,12,2,False
test,2017-12-26 13:00:00,2017-12-27 13:00:00,413.0,429.56626904903527,16.56626904903527,16.56626904903527,13,2,False
test,2017-12-26 14:00:00,2017-12-27 14:00:00,424.0,431.0804067362278,7.080406736227815,7.080406736227815,14,2,False
test,2017-12-26 15:00:00,2017-12-27 15:00:00,426.0,430.59977072041994,4.59977072041994,4.59977072041994,15,2,False
test,2017-12-26 16:00:00,2017-12-27 16:00:00,424.0,431.8430543463656,7.843054346365591,7.843054346365591,16,2,False
test,2017-12-26 17:00:00,2017-12-27 17:00:00,426.0,431.2541244110364,5.2541244110364005,5.2541244110364005,17,2,False
test,2017-12-26 18:00:00,2017-12-27 18:00:00,419.0,430.30138417516963,11.30138417516963,11.30138417516963,18,2,False
test,2017-12-26 19:00:00,2017-12-27 19:00:00,414.0,429.162968032816,15.162968032816025,15.162968032816025,19,2,False
test,2017-12-26 20:00:00,2017-12-27 20:00:00,412.0,428.1472758468997,16.147275846899674,16.147275846899674,20,2,False
test,2017-12-26 21:00:00,2017-12-27 21:00:00,410.0,423.62014299826893,13.620142998268932,13.620142998268932,21,2,False
test,2017-12-26 22:00:00,2017-12-27 22:00:00,404.0,424.3203488400084,20.32034884000842,20.32034884000842,22,2,False
test,2017-12-26 23:00:00,2017-12-27 23:00:00,403.0,426.05016245447763,23.05016245447763,23.05016245447763,23,2,False
test,2017-12-27 00:00:00,2017-12-28 00:00:00,402.0,420.22174746554896,18.221747465548958,18.221747465548958,0,3,False
test,2017-12-27 01:00:00,2017-12-28 01:00:00,402.0,419.07609942611873,17.07609942611873,17.07609942611873,1,3,False
test,2017-12-27 02:00:00,2017-12-28 02:00:00,401.0,418.24254340013897,17.24254340013897,17.24254340013897,2,3,False
test,2017-12-27 03:00:00,2017-12-28 03:00:00,400.0,416.3201582316389,16.320158231638914,16.320158231638914,3,3,False
test,2017-12-27 04:00:00,2017-12-28 04:00:00,400.0,418.32818889648894,18.32818889648894,18.32818889648894,4,3,False
test,2017-12-27 05:00:00,2017-12-28 05:00:00,400.0,416.85851905713037,16.858519057130366,16.858519057130366,5,3,False
test,2017-12-27 06:00:00,2017-12-28 06:00:00,397.0,422.4933941606054,25.49339416060542,25.49339416060542,6,3,False
test,2017-12-27 07:00:00,2017-12-28 07:00:00,399.0,422.06322292385425,23.063222923854255,23.063222923854255,7,3,False
test,2017-12-27 08:00:00,2017-12-28 08:00:00,414.0,421.93386593811374,7.93386593811374,7.93386593811374,8,3,False
test,2017-12-27 09:00:00,2017-12-28 09:00:00,400.0,423.5689429415561,23.568942941556088,23.568942941556088,9,3,False
test,2017-12-27 10:00:00,2017-12-28 10:00:00,414.0,429.84645498285647,15.846454982856471,15.846454982856471,10,3,False
test,2017-12-27 11:00:00,2017-12-28 11:00:00,420.0,427.61276816357963,7.612768163579631,7.612768163579631,11,3,False
test,2017-12-27 12:00:00,2017-12-28 12:00:00,422.0,430.0641165769998,8.064116576999822,8.064116576999822,12,3,False
test,2017-12-27 13:00:00,2017-12-28 13:00:00,427.0,427.6356309363935,0.6356309363935111,0.6356309363935111,13,3,False
test,2017-12-27 14:00:00,2017-12-28 14:00:00,426.0,439.45930889717636,13.459308897176356,13.459308897176356,14,3,False
test,2017-12-27 15:00:00,2017-12-28 15:00:00,427.0,443.7552082512862,16.755208251286206,16.755208251286206,15,3,False
test,2017-12-27 16:00:00,2017-12-28 16:00:00,426.0,443.0287215255422,17.02872152554221,17.02872152554221,16,3,False
test,2017-12-27 17:00:00,2017-12-28 17:00:00,427.0,440.44086112448196,13.440861124481955,13.440861124481955,17,3,False
test,2017-12-27 18:00:00,2017-12-28 18:00:00,424.0,430.7976342724462,6.797634272446203,6.797634272446203,18,3,False
test,2017-12-27 19:00:00,2017-12-28 19:00:00,419.0,420.6909001160465,1.690900116046521,1.690900116046521,19,3,False
test,2017-12-27 20:00:00,2017-12-28 20:00:00,414.0,419.57281125648694,5.572811256486943,5.572811256486943,20,3,False
test,2017-12-27 21:00:00,2017-12-28 21:00:00,407.0,420.06868903958735,13.068689039587355,13.068689039587355,21,3,False
test,2017-12-27 22:00:00,2017-12-28 22:00:00,403.0,425.6552262797343,22.65522627973428,22.65522627973428,22,3,False
test,2017-12-27 23:00:00,2017-12-28 23:00:00,404.0,424.2095895692177,20.209589569217712,20.209589569217712,23,3,False
test,2017-12-28 00:00:00,2017-12-29 00:00:00,403.0,417.6080799129905,14.60807991299049,14.60807991299049,0,4,False
test,2017-12-28 01:00:00,2017-12-29 01:00:00,399.0,419.6259301314509,20.6259301314509,20.6259301314509,1,4,False
test,2017-12-28 02:00:00,2017-12-29 02:00:00,396.0,421.1441572126005,25.144157212600476,25.144157212600476,2,4,False
test,2017-12-28 03:00:00,2017-12-29 03:00:00,396.0,413.67342258739285,17.67342258739285,17.67342258739285,3,4,False
test,2017-12-28 04:00:00,2017-12-29 04:00:00,397.0,413.9249970912594,16.9249970912594,16.9249970912594,4,4,False
test,2017-12-28 05:00:00,2017-12-29 05:00:00,400.0,417.09027512330425,17.090275123304252,17.090275123304252,5,4,False
test,2017-12-28 06:00:00,2017-12-29 06:00:00,395.0,417.4308719819039,22.43087198190392,22.43087198190392,6,4,False
test,2017-12-28 07:00:00,2017-12-29 07:00:00,397.0,421.78275002009116,24.782750020091157,24.782750020091157,7,4,False
test,2017-12-28 08:00:00,2017-12-29 08:00:00,403.0,419.2465998549393,16.24659985493929,16.24659985493929,8,4,False
test,2017-12-28 09:00:00,2017-12-29 09:00:00,401.0,423.11238067541024,22.112380675410236,22.112380675410236,9,4,False
test,2017-12-28 10:00:00,2017-12-29 10:00:00,411.0,417.93508985358096,6.935089853580962,6.935089853580962,10,4,False
test,2017-12-28 11:00:00,2017-12-29 11:00:00,418.0,426.9445233545758,8.944523354575779,8.944523354575779,11,4,False
test,2017-12-28 12:00:00,2017-12-29 12:00:00,426.0,427.69223072726027,1.6922307272602666,1.6922307272602666,12,4,False
test,2017-12-28 13:00:00,2017-12-29 13:00:00,430.0,432.51674803338676,2.5167480333867616,2.5167480333867616,13,4,False
test,2017-12-28 14:00:00,2017-12-29 14:00:00,427.0,433.4636737598324,6.463673759832375,6.463673759832375,14,4,False
test,2017-12-28 15:00:00,2017-12-29 15:00:00,426.0,433.56714803627926,7.567148036279264,7.567148036279264,15,4,False
test,2017-12-28 16:00:00,2017-12-29 16:00:00,424.0,430.2144342150607,6.214434215060692,6.214434215060692,16,4,False
test,2017-12-28 17:00:00,2017-12-29 17:00:00,429.0,429.4591658264647,0.45916582646469806,0.45916582646469806,17,4,False
test,2017-12-28 18:00:00,2017-12-29 18:00:00,420.0,426.3414414858284,6.341441485828398,6.341441485828398,18,4,False
test,2017-12-28 19:00:00,2017-12-29 19:00:00,412.0,420.5217309621801,8.521730962180072,8.521730962180072,19,4,False
test,2017-12-28 20:00:00,2017-12-29 20:00:00,408.0,419.13905610150056,11.139056101500557,11.139056101500557,20,4,False
test,2017-12-28 21:00:00,2017-12-29 21:00:00,407.0,418.6097891920714,11.60978919207139,11.60978919207139,21,4,False
test,2017-12-28 22:00:00,2017-12-29 22:00:00,401.0,419.60430243631964,18.604302436319642,18.604302436319642,22,4,False
test,2017-12-28 23:00:00,2017-12-29 23:00:00,405.0,417.2655321124299,12.265532112429923,12.265532112429923,23,4,False
test,2017-12-29 00:00:00,2017-12-30 00:00:00,403.0,420.58711544325797,17.58711544325797,17.58711544325797,0,5,True
test,2017-12-29 01:00:00,2017-12-30 01:00:00,405.0,425.10575285683683,20.10575285683683,20.10575285683683,1,5,True
test,2017-12-29 02:00:00,2017-12-30 02:00:00,403.0,424.8682613651361,21.868261365136107,21.868261365136107,2,5,True
test,2017-12-29 03:00:00,2017-12-30 03:00:00,404.0,417.8472363258625,13.847236325862525,13.847236325862525,3,5,True
test,2017-12-29 04:00:00,2017-12-30 04:00:00,403.0,417.61705213449784,14.61705213449784,14.61705213449784,4,5,True
test,2017-12-29 05:00:00,2017-12-30 05:00:00,403.0,416.97789589410127,13.977895894101266,13.977895894101266,5,5,True
test,2017-12-29 06:00:00,2017-12-30 06:00:00,400.0,413.63101147972753,13.631011479727533,13.631011479727533,6,5,True
test,2017-12-29 07:00:00,2017-12-30 07:00:00,402.0,414.7759653893341,12.77596538933409,12.77596538933409,7,5,True
test,2017-12-29 08:00:00,2017-12-30 08:00:00,402.0,411.5652036621956,9.565203662195586,9.565203662195586,8,5,True
test,2017-12-29 09:00:00,2017-12-30 09:00:00,403.0,412.0015152484656,9.00151524846558,9.00151524846558,9,5,True
test,2017-12-29 10:00:00,2017-12-30 10:00:00,399.0,409.04266427368975,10.042664273689752,10.042664273689752,10,5,True
test,2017-12-29 11:00:00,2017-12-30 11:00:00,403.0,413.9914637864555,10.991463786455483,10.991463786455483,11,5,True
test,2017-12-29 12:00:00,2017-12-30 12:00:00,408.0,415.252129281052,7.252129281052021,7.252129281052021,12,5,True
test,2017-12-29 13:00:00,2017-12-30 13:00:00,409.0,419.93750828574366,10.937508285743661,10.937508285743661,13,5,True
test,2017-12-29 14:00:00,2017-12-30 14:00:00,411.0,420.1211108899468,9.121110889946806,9.121110889946806,14,5,True
test,2017-12-29 15:00:00,2017-12-30 15:00:00,411.0,420.21242530117837,9.21242530117837,9.21242530117837,15,5,True
test,2017-12-29 16:00:00,2017-12-30 16:00:00,408.0,420.172152796703,12.172152796703017,12.172152796703017,16,5,True
test,2017-12-29 17:00:00,2017-12-30 17:00:00,410.0,420.27343123537617,10.273431235376165,10.273431235376165,17,5,True
test,2017-12-29 18:00:00,2017-12-30 18:00:00,410.0,420.0458026595487,10.045802659548713,10.045802659548713,18,5,True
test,2017-12-29 19:00:00,2017-12-30 19:00:00,408.0,413.29407804033593,5.294078040335933,5.294078040335933,19,5,True
test,2017-12-29 20:00:00,2017-12-30 20:00:00,407.0,414.6110589445803,7.611058944580293,7.611058944580293,20,5,True
test,2017-12-29 21:00:00,2017-12-30 21:00:00,407.0,411.335460287845,4.335460287845024,4.335460287845024,21,5,True
test,2017-12-29 22:00:00,2017-12-30 22:00:00,404.0,420.77192178430346,16.77192178430346,16.77192178430346,22,5,True
test,2017-12-29 23:00:00,2017-12-30 23:00:00,404.0,418.30149505166827,14.301495051668269,14.301495051668269,23,5,True
test,2017-12-30 00:00:00,2017-12-31 00:00:00,402.0,421.2533965230734,19.253396523073377,19.253396523073377,0,6,True
test,2017-12-30 01:00:00,2017-12-31 01:00:00,401.0,419.62074627135615,18.620746271356154,18.620746271356154,1,6,True
test,2017-12-30 02:00:00,2017-12-31 02:00:00,398.0,422.6056264498874,24.60562644988738,24.60562644988738,2,6,True
test,2017-12-30 03:00:00,2017-12-31 03:00:00,402.0,408.8525833197032,6.852583319703172,6.852583319703172,3,6,True
test,2017-12-30 04:00:00,2017-12-31 04:00:00,400.0,413.43126826535723,13.431268265357232,13.431268265357232,4,6,True
test,2017-12-30 05:00:00,2017-12-31 05:00:00,401.0,410.31998916482735,9.319989164827348,9.319989164827348,5,6,True
test,2017-12-30 06:00:00,2017-12-31 06:00:00,399.0,414.46089609876435,15.460896098764351,15.460896098764351,6,6,True
test,2017-12-30 07:00:00,2017-12-31 07:00:00,400.0,405.17128169391486,5.171281693914864,5.171281693914864,7,6,True
test,2017-12-30 08:00:00,2017-12-31 08:00:00,402.0,411.04003788627494,9.040037886274945,9.040037886274945,8,6,True
test,2017-12-30 09:00:00,2017-12-31 09:00:00,400.0,406.2578427262925,6.257842726292495,6.257842726292495,9,6,True
test,2017-12-30 10:00:00,2017-12-31 10:00:00,398.0,417.862448984377,19.86244898437701,19.86244898437701,10,6,True
test,2017-12-30 11:00:00,2017-12-31 11:00:00,399.0,415.4658264738305,16.465826473830475,16.465826473830475,11,6,True
test,2017-12-30 12:00:00,2017-12-31 12:00:00,399.0,410.152629884873,11.152629884873022,11.152629884873022,12,6,True
test,2017-12-30 13:00:00,2017-12-31 13:00:00,401.0,412.98142513975256,11.98142513975256,11.98142513975256,13,6,True
test,2017-12-30 14:00:00,2017-12-31 14:00:00,403.0,412.96164980068363,9.961649800683631,9.961649800683631,14,6,True
test,2017-12-30 15:00:00,2017-12-31 15:00:00,401.0,415.67777720338586,14.677777203385858,14.677777203385858,15,6,True
test,2017-12-30 16:00:00,2017-12-31 16:00:00,402.0,417.1159125733082,15.115912573308208,15.115912573308208,16,6,True
test,2017-12-30 17:00:00,2017-12-31 17:00:00,404.0,416.0731748540389,12.073174854038882,12.073174854038882,17,6,True
test,2017-12-30 18:00:00,2017-12-31 18:00:00,399.0,419.0910072324607,20.091007232460697,20.091007232460697,18,6,True
test,2017-12-30 19:00:00,2017-12-31 19:00:00,400.0,418.844129191977,18.844129191977004,18.844129191977004,19,6,True
test,2017-12-30 20:00:00,2017-12-31 20:00:00,400.0,418.657450421547,18.657450421547026,18.657450421547026,20,6,True
test,2017-12-30 21:00:00,2017-12-31 21:00:00,398.0,418.30918916705934,20.309189167059344,20.309189167059344,21,6,True
test,2017-12-30 22:00:00,2017-12-31 22:00:00,397.0,417.7297170581129,20.729717058112897,20.729717058112897,22,6,True
test,2017-12-30 23:00:00,2017-12-31 23:00:00,397.0,415.19322530251253,18.19322530251253,18.19322530251253,23,6,True
