split,feature_timestamp,target_timestamp,y_true,y_pred,error,abs_error,hour,day_of_week,is_weekend
validation,2017-11-01 00:00:00,2017-11-02 00:00:00,411.0,414.6448371927748,3.644837192774787,3.644837192774787,0,3,False
validation,2017-11-01 01:00:00,2017-11-02 01:00:00,415.0,411.2643647361152,-3.735635263884774,3.735635263884774,1,3,False
validation,2017-11-01 02:00:00,2017-11-02 02:00:00,412.0,410.2840913589053,-1.7159086410946998,1.7159086410946998,2,3,False
validation,2017-11-01 03:00:00,2017-11-02 03:00:00,410.0,408.5939835665069,-1.4060164334931073,1.4060164334931073,3,3,False
validation,2017-11-01 04:00:00,2017-11-02 04:00:00,408.0,409.69043543777013,1.6904354377701338,1.6904354377701338,4,3,False
validation,2017-11-01 05:00:00,2017-11-02 05:00:00,407.0,409.90936966223717,2.909369662237168,2.909369662237168,5,3,False
validation,2017-11-01 06:00:00,2017-11-02 06:00:00,408.0,410.07315662030754,2.073156620307543,2.073156620307543,6,3,False
validation,2017-11-01 07:00:00,2017-11-02 07:00:00,415.0,413.6046039270674,-1.3953960729326127,1.3953960729326127,7,3,False
validation,2017-11-01 08:00:00,2017-11-02 08:00:00,417.0,417.89803353643106,0.8980335364310577,0.8980335364310577,8,3,False
validation,2017-11-01 09:00:00,2017-11-02 09:00:00,433.0,429.63339617910844,-3.366603820891555,3.366603820891555,9,3,False
validation,2017-11-01 10:00:00,2017-11-02 10:00:00,450.0,446.08366070764924,-3.916339292350756,3.916339292350756,10,3,False
validation,2017-11-01 11:00:00,2017-11-02 11:00:00,462.0,454.01438968604333,-7.98561031395667,7.98561031395667,11,3,False
validation,2017-11-01 12:00:00,2017-11-02 12:00:00,466.0,458.3750571354533,-7.6249428645467106,7.6249428645467106,12,3,False
validation,2017-11-01 13:00:00,2017-11-02 13:00:00,466.0,462.1272094032294,-3.872790596770585,3.872790596770585,13,3,False
validation,2017-11-01 14:00:00,2017-11-02 14:00:00,461.0,466.4245856530485,5.424585653048496,5.424585653048496,14,3,False
validation,2017-11-01 15:00:00,2017-11-02 15:00:00,458.0,469.4906838917536,11.490683891753577,11.490683891753577,15,3,False
validation,2017-11-01 16:00:00,2017-11-02 16:00:00,466.0,470.12388633224595,4.123886332245945,4.123886332245945,16,3,False
validation,2017-11-01 17:00:00,2017-11-02 17:00:00,457.0,460.7020901124834,3.702090112483404,3.702090112483404,17,3,False
validation,2017-11-01 18:00:00,2017-11-02 18:00:00,448.0,449.0621114748565,1.062111474856522,1.062111474856522,18,3,False
validation,2017-11-01 19:00:00,2017-11-02 19:00:00,438.0,437.3976742533511,-0.6023257466488872,0.6023257466488872,19,3,False
validation,2017-11-01 20:00:00,2017-11-02 20:00:00,428.0,437.59031030940963,9.590310309409631,9.590310309409631,20,3,False
validation,2017-11-01 21:00:00,2017-11-02 21:00:00,422.0,432.2568754992211,10.25687549922111,10.25687549922111,21,3,False
validation,2017-11-01 22:00:00,2017-11-02 22:00:00,421.0,426.2465292704434,5.246529270443375,5.246529270443375,22,3,False
validation,2017-11-01 23:00:00,2017-11-02 23:00:00,417.0,418.8811747611071,1.8811747611071041,1.8811747611071041,23,3,False
validation,2017-11-02 00:00:00,2017-11-03 00:00:00,413.0,413.95585726506096,0.9558572650609563,0.9558572650609563,0,4,False
validation,2017-11-02 01:00:00,2017-11-03 01:00:00,408.0,412.59592615995354,4.595926159953535,4.595926159953535,1,4,False
validation,2017-11-02 02:00:00,2017-11-03 02:00:00,409.0,410.8916529530951,1.8916529530951038,1.8916529530951038,2,4,False
validation,2017-11-02 03:00:00,2017-11-03 03:00:00,406.0,408.7362304226916,2.7362304226916194,2.7362304226916194,3,4,False
validation,2017-11-02 04:00:00,2017-11-03 04:00:00,406.0,406.9047265839534,0.9047265839533907,0.9047265839533907,4,4,False
validation,2017-11-02 05:00:00,2017-11-03 05:00:00,410.0,406.90765723903377,-3.0923427609662326,3.0923427609662326,5,4,False
validation,2017-11-02 06:00:00,2017-11-03 06:00:00,403.0,407.4541049126926,4.454104912692628,4.454104912692628,6,4,False
validation,2017-11-02 07:00:00,2017-11-03 07:00:00,410.0,412.5169424655052,2.516942465505224,2.516942465505224,7,4,False
validation,2017-11-02 08:00:00,2017-11-03 08:00:00,413.0,415.81019971496863,2.8101997149686326,2.8101997149686326,8,4,False
validation,2017-11-02 09:00:00,2017-11-03 09:00:00,431.0,429.19936176468997,-1.800638235310032,1.800638235310032,9,4,False
validation,2017-11-02 10:00:00,2017-11-03 10:00:00,448.0,446.82885333321303,-1.1711466667869672,1.1711466667869672,10,4,False
validation,2017-11-02 11:00:00,2017-11-03 11:00:00,457.0,462.5482428651196,5.548242865119619,5.548242865119619,11,4,False
validation,2017-11-02 12:00:00,2017-11-03 12:00:00,463.0,464.34451496354404,1.344514963544043,1.344514963544043,12,4,False
validation,2017-11-02 13:00:00,2017-11-03 13:00:00,461.0,464.5970209269363,3.5970209269362954,3.5970209269362954,13,4,False
validation,2017-11-02 14:00:00,2017-11-03 14:00:00,471.0,464.64692585624624,-6.353074143753759,6.353074143753759,14,4,False
validation,2017-11-02 15:00:00,2017-11-03 15:00:00,474.0,461.8028994480464,-12.19710055195361,12.19710055195361,15,4,False
validation,2017-11-02 16:00:00,2017-11-03 16:00:00,472.0,467.09868356807783,-4.901316431922169,4.901316431922169,16,4,False
validation,2017-11-02 17:00:00,2017-11-03 17:00:00,470.0,457.9985593324797,-12.001440667520285,12.001440667520285,17,4,False
validation,2017-11-02 18:00:00,2017-11-03 18:00:00,449.0,445.3307001986819,-3.669299801318118,3.669299801318118,18,4,False
validation,2017-11-02 19:00:00,2017-11-03 19:00:00,437.0,431.57058736284245,-5.429412637157554,5.429412637157554,19,4,False
validation,2017-11-02 20:00:00,2017-11-03 20:00:00,432.0,427.45345078798977,-4.546549212010234,4.546549212010234,20,4,False
validation,2017-11-02 21:00:00,2017-11-03 21:00:00,426.0,418.92721899915153,-7.072781000848465,7.072781000848465,21,4,False
validation,2017-11-02 22:00:00,2017-11-03 22:00:00,422.0,418.40509987736647,-3.5949001226335326,3.5949001226335326,22,4,False
validation,2017-11-02 23:00:00,2017-11-03 23:00:00,419.0,414.3844312947714,-4.615568705228611,4.615568705228611,23,4,False
validation,2017-11-03 00:00:00,2017-11-04 00:00:00,412.0,410.9771182145464,-1.0228817854535919,1.0228817854535919,0,5,True
validation,2017-11-03 01:00:00,2017-11-04 01:00:00,411.0,406.1079331711816,-4.892066828818372,4.892066828818372,1,5,True
validation,2017-11-03 02:00:00,2017-11-04 02:00:00,406.0,407.4927995849834,1.492799584983402,1.492799584983402,2,5,True
validation,2017-11-03 03:00:00,2017-11-04 03:00:00,406.0,403.8399482910821,-2.1600517089178766,2.1600517089178766,3,5,True
validation,2017-11-03 04:00:00,2017-11-04 04:00:00,406.0,404.0233502622301,-1.9766497377698897,1.9766497377698897,4,5,True
validation,2017-11-03 05:00:00,2017-11-04 05:00:00,407.0,405.1334758594886,-1.8665241405113875,1.8665241405113875,5,5,True
validation,2017-11-03 06:00:00,2017-11-04 06:00:00,405.0,407.0804578289834,2.0804578289834126,2.0804578289834126,6,5,True
validation,2017-11-03 07:00:00,2017-11-04 07:00:00,405.0,402.26470467855563,-2.7352953214443687,2.7352953214443687,7,5,True
validation,2017-11-03 08:00:00,2017-11-04 08:00:00,406.0,403.800794659399,-2.1992053406009973,2.1992053406009973,8,5,True
validation,2017-11-03 09:00:00,2017-11-04 09:00:00,410.0,409.9107906830646,-0.08920931693540979,0.08920931693540979,9,5,True
validation,2017-11-03 10:00:00,2017-11-04 10:00:00,413.0,413.5287402910514,0.5287402910514061,0.5287402910514061,10,5,True
validation,2017-11-03 11:00:00,2017-11-04 11:00:00,417.0,416.8059595519683,-0.19404044803172837,0.19404044803172837,11,5,True
validation,2017-11-03 12:00:00,2017-11-04 12:00:00,417.0,418.56955605029805,1.569556050298047,1.569556050298047,12,5,True
validation,2017-11-03 13:00:00,2017-11-04 13:00:00,420.0,421.2407887782484,1.2407887782483726,1.2407887782483726,13,5,True
validation,2017-11-03 14:00:00,2017-11-04 14:00:00,425.0,423.2599526555584,-1.7400473444416207,1.7400473444416207,14,5,True
validation,2017-11-03 15:00:00,2017-11-04 15:00:00,426.0,425.5423097510503,-0.4576902489496888,0.4576902489496888,15,5,True
validation,2017-11-03 16:00:00,2017-11-04 16:00:00,427.0,426.1368259001833,-0.8631740998167174,0.8631740998167174,16,5,True
validation,2017-11-03 17:00:00,2017-11-04 17:00:00,425.0,425.9985049947045,0.99850499470449,0.99850499470449,17,5,True
validation,2017-11-03 18:00:00,2017-11-04 18:00:00,424.0,424.6789885826873,0.6789885826872819,0.6789885826872819,18,5,True
validation,2017-11-03 19:00:00,2017-11-04 19:00:00,424.0,424.2348378033889,0.23483780338892757,0.23483780338892757,19,5,True
validation,2017-11-03 20:00:00,2017-11-04 20:00:00,415.0,423.4393876316734,8.439387631673412,8.439387631673412,20,5,True
validation,2017-11-03 21:00:00,2017-11-04 21:00:00,415.0,417.6260150721499,2.626015072149926,2.626015072149926,21,5,True
validation,2017-11-03 22:00:00,2017-11-04 22:00:00,411.0,415.7198392424279,4.719839242427895,4.719839242427895,22,5,True
validation,2017-11-03 23:00:00,2017-11-04 23:00:00,406.0,414.3415803217119,8.341580321711888,8.341580321711888,23,5,True
validation,2017-11-04 00:00:00,2017-11-05 00:00:00,406.0,414.3042861181609,8.304286118160917,8.304286118160917,0,6,True
validation,2017-11-04 01:00:00,2017-11-05 01:00:00,404.0,409.86567252109984,5.865672521099839,5.865672521099839,1,6,True
validation,2017-11-04 02:00:00,2017-11-05 02:00:00,807.0,409.0918270248341,-397.9081729751659,397.9081729751659,2,6,True
validation,2017-11-04 03:00:00,2017-11-05 03:00:00,404.0,405.612923110051,1.6129231100509855,1.6129231100509855,3,6,True
validation,2017-11-04 04:00:00,2017-11-05 04:00:00,400.0,405.72463167908137,5.724631679081369,5.724631679081369,4,6,True
validation,2017-11-04 05:00:00,2017-11-05 05:00:00,400.0,405.56768554824265,5.56768554824265,5.56768554824265,5,6,True
validation,2017-11-04 06:00:00,2017-11-05 06:00:00,400.0,405.19207252132946,5.1920725213294645,5.1920725213294645,6,6,True
validation,2017-11-04 07:00:00,2017-11-05 07:00:00,402.0,405.1048109371537,3.1048109371536725,3.1048109371536725,7,6,True
validation,2017-11-04 08:00:00,2017-11-05 08:00:00,400.0,405.58989935077886,5.589899350778865,5.589899350778865,8,6,True
validation,2017-11-04 09:00:00,2017-11-05 09:00:00,404.0,408.3382455279995,4.338245527999504,4.338245527999504,9,6,True
validation,2017-11-04 10:00:00,2017-11-05 10:00:00,405.0,409.6051431137214,4.605143113721397,4.605143113721397,10,6,True
validation,2017-11-04 11:00:00,2017-11-05 11:00:00,413.0,410.9456616528987,-2.054338347101293,2.054338347101293,11,6,True
validation,2017-11-04 12:00:00,2017-11-05 12:00:00,418.0,412.5029457851579,-5.4970542148420805,5.4970542148420805,12,6,True
validation,2017-11-04 13:00:00,2017-11-05 13:00:00,422.0,416.2962985231752,-5.70370147682479,5.70370147682479,13,6,True
validation,2017-11-04 14:00:00,2017-11-05 14:00:00,425.0,420.89746737186846,-4.1025326281315415,4.1025326281315415,14,6,True
validation,2017-11-04 15:00:00,2017-11-05 15:00:00,428.0,421.5334021696984,-6.466597830301623,6.466597830301623,15,6,True
validation,2017-11-04 16:00:00,2017-11-05 16:00:00,430.0,428.44595439314406,-1.5540456068559365,1.5540456068559365,16,6,True
validation,2017-11-04 17:00:00,2017-11-05 17:00:00,423.0,426.23390912836027,3.233909128360267,3.233909128360267,17,6,True
validation,2017-11-04 18:00:00,2017-11-05 18:00:00,426.0,424.25416789149335,-1.7458321085066473,1.7458321085066473,18,6,True
validation,2017-11-04 19:00:00,2017-11-05 19:00:00,426.0,421.5900914946152,-4.409908505384806,4.409908505384806,19,6,True
validation,2017-11-04 20:00:00,2017-11-05 20:00:00,420.0,415.5893898157222,-4.4106101842778,4.4106101842778,20,6,True
validation,2017-11-04 21:00:00,2017-11-05 21:00:00,417.0,413.60765742257513,-3.39234257742487,3.39234257742487,21,6,True
validation,2017-11-04 22:00:00,2017-11-05 22:00:00,416.0,412.2660208266784,-3.733979173321586,3.733979173321586,22,6,True
validation,2017-11-04 23:00:00,2017-11-05 23:00:00,413.0,409.21918573766436,-3.780814262335639,3.780814262335639,23,6,True
validation,2017-11-05 00:00:00,2017-11-06 00:00:00,412.0,407.32176056687,-4.678239433129988,4.678239433129988,0,0,False
validation,2017-11-05 01:00:00,2017-11-06 01:00:00,412.0,409.14350790413096,-2.8564920958690436,2.8564920958690436,1,0,False
validation,2017-11-05 02:00:00,2017-11-06 02:00:00,411.0,435.3505948440933,24.35059484409328,24.35059484409328,2,0,False
validation,2017-11-05 03:00:00,2017-11-06 03:00:00,410.0,423.1301574071207,13.130157407120691,13.130157407120691,3,0,False
validation,2017-11-05 04:00:00,2017-11-06 04:00:00,409.0,414.7241156853284,5.7241156853284,5.7241156853284,4,0,False
validation,2017-11-05 05:00:00,2017-11-06 05:00:00,411.0,412.98258104425423,1.982581044254232,1.982581044254232,5,0,False
validation,2017-11-05 06:00:00,2017-11-06 06:00:00,410.0,414.94196987885215,4.941969878852149,4.941969878852149,6,0,False
validation,2017-11-05 07:00:00,2017-11-06 07:00:00,420.0,412.0814871793035,-7.918512820696492,7.918512820696492,7,0,False
validation,2017-11-05 08:00:00,2017-11-06 08:00:00,428.0,417.6558431512236,-10.344156848776379,10.344156848776379,8,0,False
validation,2017-11-05 09:00:00,2017-11-06 09:00:00,440.0,421.8372015234636,-18.16279847653641,18.16279847653641,9,0,False
validation,2017-11-05 10:00:00,2017-11-06 10:00:00,456.0,433.1645557748612,-22.835444225138815,22.835444225138815,10,0,False
validation,2017-11-05 11:00:00,2017-11-06 11:00:00,473.0,442.95328380247327,-30.046716197526735,30.046716197526735,11,0,False
validation,2017-11-05 12:00:00,2017-11-06 12:00:00,476.0,444.8996497546346,-31.100350245365405,31.100350245365405,12,0,False
validation,2017-11-05 13:00:00,2017-11-06 13:00:00,475.0,443.8898659427231,-31.110134057276923,31.110134057276923,13,0,False
validation,2017-11-05 14:00:00,2017-11-06 14:00:00,476.0,440.08276547472235,-35.91723452527765,35.91723452527765,14,0,False
validation,2017-11-05 15:00:00,2017-11-06 15:00:00,481.0,440.10452179521144,-40.89547820478856,40.89547820478856,15,0,False
validation,2017-11-05 16:00:00,2017-11-06 16:00:00,478.0,440.82128399808636,-37.17871600191364,37.17871600191364,16,0,False
validation,2017-11-05 17:00:00,2017-11-06 17:00:00,478.0,442.750376375785,-35.24962362421502,35.24962362421502,17,0,False
validation,2017-11-05 18:00:00,2017-11-06 18:00:00,465.0,430.78185463181245,-34.21814536818755,34.21814536818755,18,0,False
validation,2017-11-05 19:00:00,2017-11-06 19:00:00,447.0,426.2909469817653,-20.709053018234727,20.709053018234727,19,0,False
validation,2017-11-05 20:00:00,2017-11-06 20:00:00,442.0,425.0345435870249,-16.965456412975072,16.965456412975072,20,0,False
validation,2017-11-05 21:00:00,2017-11-06 21:00:00,431.0,420.42637812792435,-10.573621872075648,10.573621872075648,21,0,False
validation,2017-11-05 22:00:00,2017-11-06 22:00:00,428.0,418.7708925267753,-9.229107473224701,9.229107473224701,22,0,False
validation,2017-11-05 23:00:00,2017-11-06 23:00:00,420.0,412.5041288268638,-7.495871173136209,7.495871173136209,23,0,False
validation,2017-11-06 00:00:00,2017-11-07 00:00:00,416.0,412.1980136432165,-3.801986356783516,3.801986356783516,0,1,False
validation,2017-11-06 01:00:00,2017-11-07 01:00:00,418.0,410.26288062203577,-7.737119377964234,7.737119377964234,1,1,False
validation,2017-11-06 02:00:00,2017-11-07 02:00:00,411.0,412.6146743415414,1.614674341541388,1.614674341541388,2,1,False
validation,2017-11-06 03:00:00,2017-11-07 03:00:00,413.0,409.7875011658299,-3.2124988341701055,3.2124988341701055,3,1,False
validation,2017-11-06 04:00:00,2017-11-07 04:00:00,412.0,409.76405780096405,-2.2359421990359465,2.2359421990359465,4,1,False
validation,2017-11-06 05:00:00,2017-11-07 05:00:00,409.0,409.8348360688267,0.8348360688266894,0.8348360688266894,5,1,False
validation,2017-11-06 06:00:00,2017-11-07 06:00:00,410.0,410.06750843034774,0.06750843034774334,0.06750843034774334,6,1,False
validation,2017-11-06 07:00:00,2017-11-07 07:00:00,422.0,418.05084594491694,-3.9491540550830564,3.9491540550830564,7,1,False
validation,2017-11-06 08:00:00,2017-11-07 08:00:00,434.0,432.8086681904638,-1.1913318095362229,1.1913318095362229,8,1,False
validation,2017-11-06 09:00:00,2017-11-07 09:00:00,446.0,443.10419828442554,-2.895801715574464,2.895801715574464,9,1,False
validation,2017-11-06 10:00:00,2017-11-07 10:00:00,459.0,459.9237261544018,0.923726154401777,0.923726154401777,10,1,False
validation,2017-11-06 11:00:00,2017-11-07 11:00:00,474.0,474.0871573168931,0.08715731689312634,0.08715731689312634,11,1,False
validation,2017-11-06 12:00:00,2017-11-07 12:00:00,477.0,473.59711211857837,-3.402887881421634,3.402887881421634,12,1,False
validation,2017-11-06 13:00:00,2017-11-07 13:00:00,475.0,475.14798381984843,0.14798381984843445,0.14798381984843445,13,1,False
validation,2017-11-06 14:00:00,2017-11-07 14:00:00,476.0,474.1527945741013,-1.8472054258987214,1.8472054258987214,14,1,False
validation,2017-11-06 15:00:00,2017-11-07 15:00:00,480.0,479.96130268974736,-0.038697310252644,0.038697310252644,15,1,False
validation,2017-11-06 16:00:00,2017-11-07 16:00:00,480.0,477.9191604257536,-2.080839574246397,2.080839574246397,16,1,False
validation,2017-11-06 17:00:00,2017-11-07 17:00:00,482.0,476.3790998921777,-5.620900107822308,5.620900107822308,17,1,False
validation,2017-11-06 18:00:00,2017-11-07 18:00:00,466.0,462.0473035592386,-3.952696440761372,3.952696440761372,18,1,False
validation,2017-11-06 19:00:00,2017-11-07 19:00:00,451.0,447.45375655846783,-3.5462434415321695,3.5462434415321695,19,1,False
validation,2017-11-06 20:00:00,2017-11-07 20:00:00,442.0,439.19645589648,-2.8035441035199824,2.8035441035199824,20,1,False
validation,2017-11-06 21:00:00,2017-11-07 21:00:00,431.0,436.23347924620754,5.233479246207537,5.233479246207537,21,1,False
validation,2017-11-06 22:00:00,2017-11-07 22:00:00,428.0,431.4332063699823,3.433206369982315,3.433206369982315,22,1,False
validation,2017-11-06 23:00:00,2017-11-07 23:00:00,422.0,424.2314484728715,2.2314484728714774,2.2314484728714774,23,1,False
validation,2017-11-07 00:00:00,2017-11-08 00:00:00,419.0,421.09587208675237,2.0958720867523652,2.0958720867523652,0,2,False
validation,2017-11-07 01:00:00,2017-11-08 01:00:00,419.0,420.42532794211394,1.4253279421139382,1.4253279421139382,1,2,False
validation,2017-11-07 02:00:00,2017-11-08 02:00:00,414.0,430.7367066254172,16.736706625417185,16.736706625417185,2,2,False
validation,2017-11-07 03:00:00,2017-11-08 03:00:00,412.0,414.72877835223653,2.7287783522365316,2.7287783522365316,3,2,False
validation,2017-11-07 04:00:00,2017-11-08 04:00:00,410.0,414.99470504458026,4.994705044580257,4.994705044580257,4,2,False
validation,2017-11-07 05:00:00,2017-11-08 05:00:00,410.0,414.3533088198592,4.353308819859194,4.353308819859194,5,2,False
validation,2017-11-07 06:00:00,2017-11-08 06:00:00,411.0,413.8817660678684,2.881766067868398,2.881766067868398,6,2,False
validation,2017-11-07 07:00:00,2017-11-08 07:00:00,414.0,422.42953036662203,8.429530366622032,8.429530366622032,7,2,False
validation,2017-11-07 08:00:00,2017-11-08 08:00:00,422.0,436.94924784599914,14.949247845999139,14.949247845999139,8,2,False
validation,2017-11-07 09:00:00,2017-11-08 09:00:00,439.0,444.36898472022636,5.368984720226365,5.368984720226365,9,2,False
validation,2017-11-07 10:00:00,2017-11-08 10:00:00,458.0,457.1509781431692,-0.8490218568308023,0.8490218568308023,10,2,False
validation,2017-11-07 11:00:00,2017-11-08 11:00:00,468.0,470.1802720815436,2.180272081543592,2.180272081543592,11,2,False
validation,2017-11-07 12:00:00,2017-11-08 12:00:00,474.0,476.1554636953676,2.1554636953675868,2.1554636953675868,12,2,False
validation,2017-11-07 13:00:00,2017-11-08 13:00:00,474.0,475.81196262973225,1.8119626297322498,1.8119626297322498,13,2,False
validation,2017-11-07 14:00:00,2017-11-08 14:00:00,476.0,476.12948576874754,0.1294857687475428,0.1294857687475428,14,2,False
validation,2017-11-07 15:00:00,2017-11-08 15:00:00,479.0,479.83097934652034,0.830979346520337,0.830979346520337,15,2,False
validation,2017-11-07 16:00:00,2017-11-08 16:00:00,477.0,478.9053274817371,1.9053274817371175,1.9053274817371175,16,2,False
validation,2017-11-07 17:00:00,2017-11-08 17:00:00,476.0,478.7139580483846,2.7139580483845975,2.7139580483845975,17,2,False
validation,2017-11-07 18:00:00,2017-11-08 18:00:00,466.0,466.1321508565191,0.13215085651910385,0.13215085651910385,18,2,False
validation,2017-11-07 19:00:00,2017-11-08 19:00:00,455.0,451.8402862058122,-3.1597137941877804,3.1597137941877804,19,2,False
validation,2017-11-07 20:00:00,2017-11-08 20:00:00,445.0,441.75362062779664,-3.2463793722033643,3.2463793722033643,20,2,False
validation,2017-11-07 21:00:00,2017-11-08 21:00:00,441.0,435.78101402515466,-5.218985974845339,5.218985974845339,21,2,False
validation,2017-11-07 22:00:00,2017-11-08 22:00:00,435.0,432.5113525060427,-2.4886474939572736,2.4886474939572736,22,2,False
validation,2017-11-07 23:00:00,2017-11-08 23:00:00,431.0,425.5947874808413,-5.405212519158681,5.405212519158681,23,2,False
validation,2017-11-08 00:00:00,2017-11-09 00:00:00,422.0,424.092531837722,2.0925318377219924,2.0925318377219924,0,3,False
validation,2017-11-08 01:00:00,2017-11-09 01:00:00,420.0,422.21786612249167,2.217866122491671,2.217866122491671,1,3,False
validation,2017-11-08 02:00:00,2017-11-09 02:00:00,413.0,431.998844166507,18.998844166507013,18.998844166507013,2,3,False
validation,2017-11-08 03:00:00,2017-11-09 03:00:00,413.0,415.5823858673836,2.582385867383607,2.582385867383607,3,3,False
validation,2017-11-08 04:00:00,2017-11-09 04:00:00,413.0,415.04769318941067,2.0476931894106656,2.0476931894106656,4,3,False
validation,2017-11-08 05:00:00,2017-11-09 05:00:00,413.0,414.7481640967628,1.748164096762821,1.748164096762821,5,3,False
validation,2017-11-08 06:00:00,2017-11-09 06:00:00,413.0,414.68002121958233,1.6800212195823292,1.6800212195823292,6,3,False
validation,2017-11-08 07:00:00,2017-11-09 07:00:00,420.0,417.8466048811447,-2.1533951188553146,2.1533951188553146,7,3,False
validation,2017-11-08 08:00:00,2017-11-09 08:00:00,424.0,426.8875550401704,2.8875550401704118,2.8875550401704118,8,3,False
validation,2017-11-08 09:00:00,2017-11-09 09:00:00,440.0,443.07280582641295,3.072805826412946,3.072805826412946,9,3,False
validation,2017-11-08 10:00:00,2017-11-09 10:00:00,456.0,455.3903699056869,-0.6096300943131041,0.6096300943131041,10,3,False
validation,2017-11-08 11:00:00,2017-11-09 11:00:00,472.0,469.8992412173547,-2.1007587826453005,2.1007587826453005,11,3,False
validation,2017-11-08 12:00:00,2017-11-09 12:00:00,478.0,471.7666038486869,-6.233396151313116,6.233396151313116,12,3,False
validation,2017-11-08 13:00:00,2017-11-09 13:00:00,479.0,472.9211300175695,-6.07886998243049,6.07886998243049,13,3,False
validation,2017-11-08 14:00:00,2017-11-09 14:00:00,475.0,476.3292195942676,1.329219594267613,1.329219594267613,14,3,False
validation,2017-11-08 15:00:00,2017-11-09 15:00:00,478.0,480.47556639488164,2.475566394881639,2.475566394881639,15,3,False
validation,2017-11-08 16:00:00,2017-11-09 16:00:00,479.0,478.5946076525914,-0.40539234740862184,0.40539234740862184,16,3,False
validation,2017-11-08 17:00:00,2017-11-09 17:00:00,473.0,475.96352457646213,2.9635245764621345,2.9635245764621345,17,3,False
validation,2017-11-08 18:00:00,2017-11-09 18:00:00,464.0,466.5059903983695,2.5059903983694767,2.5059903983694767,18,3,False
validation,2017-11-08 19:00:00,2017-11-09 19:00:00,450.0,452.95688917546045,2.9568891754604465,2.9568891754604465,19,3,False
validation,2017-11-08 20:00:00,2017-11-09 20:00:00,440.0,445.722342489518,5.722342489517985,5.722342489517985,20,3,False
validation,2017-11-08 21:00:00,2017-11-09 21:00:00,434.0,437.4929865045508,3.4929865045507995,3.4929865045507995,21,3,False
validation,2017-11-08 22:00:00,2017-11-09 22:00:00,431.0,434.30960163559536,3.3096016355953566,3.3096016355953566,22,3,False
validation,2017-11-08 23:00:00,2017-11-09 23:00:00,421.0,432.47752786387565,11.47752786387565,11.47752786387565,23,3,False
validation,2017-11-09 00:00:00,2017-11-10 00:00:00,418.0,421.83077591476643,3.830775914766434,3.830775914766434,0,4,False
validation,2017-11-09 01:00:00,2017-11-10 01:00:00,416.0,420.532938081846,4.532938081845998,4.532938081845998,1,4,False
validation,2017-11-09 02:00:00,2017-11-10 02:00:00,414.0,415.6379063274444,1.637906327444398,1.637906327444398,2,4,False
validation,2017-11-09 03:00:00,2017-11-10 03:00:00,411.0,414.19645698123736,3.196456981237361,3.196456981237361,3,4,False
validation,2017-11-09 04:00:00,2017-11-10 04:00:00,411.0,413.28039452159067,2.280394521590665,2.280394521590665,4,4,False
validation,2017-11-09 05:00:00,2017-11-10 05:00:00,410.0,413.28332517667104,3.283325176671042,3.283325176671042,5,4,False
validation,2017-11-09 06:00:00,2017-11-10 06:00:00,408.0,413.56834393386424,5.5683439338642415,5.5683439338642415,6,4,False
validation,2017-11-09 07:00:00,2017-11-10 07:00:00,417.0,419.95916317977753,2.9591631797775335,2.9591631797775335,7,4,False
validation,2017-11-09 08:00:00,2017-11-10 08:00:00,429.0,427.1802313946694,-1.8197686053305802,1.8197686053305802,8,4,False
validation,2017-11-09 09:00:00,2017-11-10 09:00:00,437.0,435.68444224268035,-1.3155577573196524,1.3155577573196524,9,4,False
validation,2017-11-09 10:00:00,2017-11-10 10:00:00,453.0,451.46534712732205,-1.5346528726779525,1.5346528726779525,10,4,False
validation,2017-11-09 11:00:00,2017-11-10 11:00:00,466.0,469.1618307982206,3.161830798220592,3.161830798220592,11,4,False
validation,2017-11-09 12:00:00,2017-11-10 12:00:00,468.0,474.2362829485725,6.236282948572523,6.236282948572523,12,4,False
validation,2017-11-09 13:00:00,2017-11-10 13:00:00,474.0,474.65205432491825,0.6520543249182538,0.6520543249182538,13,4,False
validation,2017-11-09 14:00:00,2017-11-10 14:00:00,482.0,471.6554787873091,-10.344521212690893,10.344521212690893,14,4,False
validation,2017-11-09 15:00:00,2017-11-10 15:00:00,481.0,473.5639457067967,-7.436054293203313,7.436054293203313,15,4,False
validation,2017-11-09 16:00:00,2017-11-10 16:00:00,480.0,473.85344923011775,-6.1465507698822535,6.1465507698822535,16,4,False
validation,2017-11-09 17:00:00,2017-11-10 17:00:00,477.0,468.10239997227296,-8.897600027727037,8.897600027727037,17,4,False
validation,2017-11-09 18:00:00,2017-11-10 18:00:00,462.0,461.03592375694484,-0.9640762430551604,0.9640762430551604,18,4,False
validation,2017-11-09 19:00:00,2017-11-10 19:00:00,443.0,448.33498895258975,5.334988952589754,5.334988952589754,19,4,False
validation,2017-11-09 20:00:00,2017-11-10 20:00:00,440.0,436.91839342516283,-3.081606574837167,3.081606574837167,20,4,False
validation,2017-11-09 21:00:00,2017-11-10 21:00:00,431.0,430.32243150086583,-0.6775684991341677,0.6775684991341677,21,4,False
validation,2017-11-09 22:00:00,2017-11-10 22:00:00,427.0,429.0257122995887,2.0257122995886903,2.0257122995886903,22,4,False
validation,2017-11-09 23:00:00,2017-11-10 23:00:00,427.0,422.29304931980187,-4.706950680198133,4.706950680198133,23,4,False
validation,2017-11-10 00:00:00,2017-11-11 00:00:00,422.0,416.9845511477196,-5.015448852280372,5.015448852280372,0,5,True
validation,2017-11-10 01:00:00,2017-11-11 01:00:00,416.0,414.44896989462336,-1.5510301053766398,1.5510301053766398,1,5,True
validation,2017-11-10 02:00:00,2017-11-11 02:00:00,414.0,412.27936126863125,-1.7206387313687515,1.7206387313687515,2,5,True
validation,2017-11-10 03:00:00,2017-11-11 03:00:00,415.0,409.34728994824894,-5.652710051751058,5.652710051751058,3,5,True
validation,2017-11-10 04:00:00,2017-11-11 04:00:00,412.0,409.6979537244689,-2.3020462755310973,2.3020462755310973,4,5,True
validation,2017-11-10 05:00:00,2017-11-11 05:00:00,412.0,409.86989570927983,-2.130104290720169,2.130104290720169,5,5,True
validation,2017-11-10 06:00:00,2017-11-11 06:00:00,412.0,408.60124829201146,-3.398751707988538,3.398751707988538,6,5,True
validation,2017-11-10 07:00:00,2017-11-11 07:00:00,412.0,409.76637780709905,-2.2336221929009525,2.2336221929009525,7,5,True
validation,2017-11-10 08:00:00,2017-11-11 08:00:00,414.0,415.7326565694104,1.7326565694103806,1.7326565694103806,8,5,True
validation,2017-11-10 09:00:00,2017-11-11 09:00:00,414.0,421.91917951134764,7.919179511347636,7.919179511347636,9,5,True
validation,2017-11-10 10:00:00,2017-11-11 10:00:00,416.0,424.6885725852314,8.688572585231384,8.688572585231384,10,5,True
validation,2017-11-10 11:00:00,2017-11-11 11:00:00,417.0,427.21165392389736,10.211653923897359,10.211653923897359,11,5,True
validation,2017-11-10 12:00:00,2017-11-11 12:00:00,427.0,428.02909197828166,1.0290919782816559,1.0290919782816559,12,5,True
validation,2017-11-10 13:00:00,2017-11-11 13:00:00,428.0,431.28033757895076,3.280337578950764,3.280337578950764,13,5,True
validation,2017-11-10 14:00:00,2017-11-11 14:00:00,432.0,433.77062886844243,1.7706288684424294,1.7706288684424294,14,5,True
validation,2017-11-10 15:00:00,2017-11-11 15:00:00,431.0,434.72817143879877,3.7281714387987677,3.7281714387987677,15,5,True
validation,2017-11-10 16:00:00,2017-11-11 16:00:00,434.0,434.5841722370308,0.5841722370308275,0.5841722370308275,16,5,True
validation,2017-11-10 17:00:00,2017-11-11 17:00:00,429.0,434.7097772601904,5.7097772601903785,5.7097772601903785,17,5,True
validation,2017-11-10 18:00:00,2017-11-11 18:00:00,422.0,433.95475712195264,11.954757121952639,11.954757121952639,18,5,True
validation,2017-11-10 19:00:00,2017-11-11 19:00:00,416.0,430.0369950410858,14.036995041085788,14.036995041085788,19,5,True
validation,2017-11-10 20:00:00,2017-11-11 20:00:00,419.0,427.49217058553165,8.492170585531653,8.492170585531653,20,5,True
validation,2017-11-10 21:00:00,2017-11-11 21:00:00,417.0,426.5894945525043,9.589494552504277,9.589494552504277,21,5,True
validation,2017-11-10 22:00:00,2017-11-11 22:00:00,414.0,424.9049809419107,10.904980941910708,10.904980941910708,22,5,True
validation,2017-11-10 23:00:00,2017-11-11 23:00:00,419.0,420.1860376808464,1.1860376808464252,1.1860376808464252,23,5,True
validation,2017-11-11 00:00:00,2017-11-12 00:00:00,415.0,417.73747449163824,2.7374744916382383,2.7374744916382383,0,6,True
validation,2017-11-11 01:00:00,2017-11-12 01:00:00,414.0,415.3731995047415,1.3731995047414784,1.3731995047414784,1,6,True
validation,2017-11-11 02:00:00,2017-11-12 02:00:00,414.0,412.96954499510633,-1.0304550048936676,1.0304550048936676,2,6,True
validation,2017-11-11 03:00:00,2017-11-12 03:00:00,413.0,410.3365341510345,-2.6634658489654726,2.6634658489654726,3,6,True
validation,2017-11-11 04:00:00,2017-11-12 04:00:00,409.0,410.599198968097,1.5991989680970278,1.5991989680970278,4,6,True
validation,2017-11-11 05:00:00,2017-11-12 05:00:00,413.0,410.34185926551675,-2.658140734483254,2.658140734483254,5,6,True
validation,2017-11-11 06:00:00,2017-11-12 06:00:00,413.0,410.48819007224563,-2.5118099277543706,2.5118099277543706,6,6,True
validation,2017-11-11 07:00:00,2017-11-12 07:00:00,410.0,409.579417116814,-0.42058288318600034,0.42058288318600034,7,6,True
validation,2017-11-11 08:00:00,2017-11-12 08:00:00,412.0,409.02393098348347,-2.976069016516533,2.976069016516533,8,6,True
validation,2017-11-11 09:00:00,2017-11-12 09:00:00,411.0,410.5178994990491,-0.4821005009508781,0.4821005009508781,9,6,True
validation,2017-11-11 10:00:00,2017-11-12 10:00:00,414.0,413.63034332191455,-0.3696566780854482,0.3696566780854482,10,6,True
validation,2017-11-11 11:00:00,2017-11-12 11:00:00,419.0,415.80377617088607,-3.196223829113933,3.196223829113933,11,6,True
validation,2017-11-11 12:00:00,2017-11-12 12:00:00,420.0,421.39429621981134,1.3942962198113378,1.3942962198113378,12,6,True
validation,2017-11-11 13:00:00,2017-11-12 13:00:00,426.0,425.5917721308323,-0.40822786916771747,0.40822786916771747,13,6,True
validation,2017-11-11 14:00:00,2017-11-12 14:00:00,429.0,427.62375332609935,-1.3762466739006527,1.3762466739006527,14,6,True
validation,2017-11-11 15:00:00,2017-11-12 15:00:00,432.0,426.98656372960886,-5.013436270391139,5.013436270391139,15,6,True
validation,2017-11-11 16:00:00,2017-11-12 16:00:00,433.0,433.2270950234431,0.2270950234430984,0.2270950234430984,16,6,True
validation,2017-11-11 17:00:00,2017-11-12 17:00:00,433.0,431.45860855262475,-1.541391447375247,1.541391447375247,17,6,True
validation,2017-11-11 18:00:00,2017-11-12 18:00:00,436.0,427.28494043626887,-8.715059563731131,8.715059563731131,18,6,True
validation,2017-11-11 19:00:00,2017-11-12 19:00:00,433.0,421.15150796462933,-11.848492035370668,11.848492035370668,19,6,True
validation,2017-11-11 20:00:00,2017-11-12 20:00:00,432.0,417.36621633258915,-14.633783667410853,14.633783667410853,20,6,True
validation,2017-11-11 21:00:00,2017-11-12 21:00:00,427.0,416.2116672345274,-10.788332765472603,10.788332765472603,21,6,True
validation,2017-11-11 22:00:00,2017-11-12 22:00:00,422.0,413.6656363576429,-8.334363642357118,8.334363642357118,22,6,True
validation,2017-11-11 23:00:00,2017-11-12 23:00:00,426.0,411.4388844169205,-14.561115583079527,14.561115583079527,23,6,True
validation,2017-11-12 00:00:00,2017-11-13 00:00:00,416.0,412.8344077192763,-3.165592280723672,3.165592280723672,0,0,False
validation,2017-11-12 01:00:00,2017-11-13 01:00:00,415.0,410.1983643986067,-4.801635601393286,4.801635601393286,1,0,False
validation,2017-11-12 02:00:00,2017-11-13 02:00:00,414.0,417.59971924826164,3.5997192482616356,3.5997192482616356,2,0,False
validation,2017-11-12 03:00:00,2017-11-13 03:00:00,412.0,407.52797792114166,-4.472022078858345,4.472022078858345,3,0,False
validation,2017-11-12 04:00:00,2017-11-13 04:00:00,412.0,406.76719658071073,-5.232803419289269,5.232803419289269,4,0,False
validation,2017-11-12 05:00:00,2017-11-13 05:00:00,412.0,407.31427971880805,-4.685720281191948,4.685720281191948,5,0,False
validation,2017-11-12 06:00:00,2017-11-13 06:00:00,411.0,408.2253815561527,-2.7746184438473165,2.7746184438473165,6,0,False
validation,2017-11-12 07:00:00,2017-11-13 07:00:00,420.0,412.7610219377236,-7.238978062276374,7.238978062276374,7,0,False
validation,2017-11-12 08:00:00,2017-11-13 08:00:00,426.0,417.41950302083,-8.580496979169993,8.580496979169993,8,0,False
validation,2017-11-12 09:00:00,2017-11-13 09:00:00,440.0,433.17783110495697,-6.822168895043035,6.822168895043035,9,0,False
validation,2017-11-12 10:00:00,2017-11-13 10:00:00,458.0,454.15892036244236,-3.841079637557641,3.841079637557641,10,0,False
validation,2017-11-12 11:00:00,2017-11-13 11:00:00,476.0,460.3071159777009,-15.692884022299097,15.692884022299097,11,0,False
validation,2017-11-12 12:00:00,2017-11-13 12:00:00,475.0,465.64226639241303,-9.357733607586965,9.357733607586965,12,0,False
validation,2017-11-12 13:00:00,2017-11-13 13:00:00,479.0,468.70103296944495,-10.298967030555048,10.298967030555048,13,0,False
validation,2017-11-12 14:00:00,2017-11-13 14:00:00,480.0,473.634819975969,-6.3651800240310195,6.3651800240310195,14,0,False
validation,2017-11-12 15:00:00,2017-11-13 15:00:00,479.0,475.1618546950532,-3.8381453049468064,3.8381453049468064,15,0,False
validation,2017-11-12 16:00:00,2017-11-13 16:00:00,480.0,472.4091406993908,-7.590859300609225,7.590859300609225,16,0,False
validation,2017-11-12 17:00:00,2017-11-13 17:00:00,478.0,470.96372861837693,-7.036271381623067,7.036271381623067,17,0,False
validation,2017-11-12 18:00:00,2017-11-13 18:00:00,467.0,461.5438768612412,-5.456123138758812,5.456123138758812,18,0,False
validation,2017-11-12 19:00:00,2017-11-13 19:00:00,460.0,447.50607990371486,-12.493920096285137,12.493920096285137,19,0,False
validation,2017-11-12 20:00:00,2017-11-13 20:00:00,449.0,444.2150583071948,-4.784941692805205,4.784941692805205,20,0,False
validation,2017-11-12 21:00:00,2017-11-13 21:00:00,444.0,436.8727800702752,-7.127219929724788,7.127219929724788,21,0,False
validation,2017-11-12 22:00:00,2017-11-13 22:00:00,440.0,428.98390446244423,-11.01609553755577,11.01609553755577,22,0,False
validation,2017-11-12 23:00:00,2017-11-13 23:00:00,434.0,432.8832688103267,-1.1167311896733167,1.1167311896733167,23,0,False
validation,2017-11-13 00:00:00,2017-11-14 00:00:00,428.0,423.75930441168504,-4.2406955883149635,4.2406955883149635,0,1,False
validation,2017-11-13 01:00:00,2017-11-14 01:00:00,419.0,416.8516863500848,-2.1483136499152238,2.1483136499152238,1,1,False
validation,2017-11-13 02:00:00,2017-11-14 02:00:00,416.0,414.03815861935715,-1.961841380642852,1.961841380642852,2,1,False
validation,2017-11-13 03:00:00,2017-11-14 03:00:00,415.0,412.2056070966521,-2.794392903347898,2.794392903347898,3,1,False
validation,2017-11-13 04:00:00,2017-11-14 04:00:00,416.0,412.01010998553744,-3.98989001446256,3.98989001446256,4,1,False
validation,2017-11-13 05:00:00,2017-11-14 05:00:00,413.0,412.30508148803386,-0.6949185119661365,0.6949185119661365,5,1,False
validation,2017-11-13 06:00:00,2017-11-14 06:00:00,414.0,411.91208390505943,-2.0879160949405673,2.0879160949405673,6,1,False
validation,2017-11-13 07:00:00,2017-11-14 07:00:00,418.0,421.20352680145334,3.203526801453336,3.203526801453336,7,1,False
validation,2017-11-13 08:00:00,2017-11-14 08:00:00,427.0,434.42321185308407,7.423211853084069,7.423211853084069,8,1,False
validation,2017-11-13 09:00:00,2017-11-14 09:00:00,440.0,444.46522659339035,4.465226593390355,4.465226593390355,9,1,False
validation,2017-11-13 10:00:00,2017-11-14 10:00:00,456.0,466.31453010247384,10.314530102473839,10.314530102473839,10,1,False
validation,2017-11-13 11:00:00,2017-11-14 11:00:00,472.0,480.6445402955539,8.644540295553895,8.644540295553895,11,1,False
validation,2017-11-13 12:00:00,2017-11-14 12:00:00,479.0,478.74920155866727,-0.25079844133273355,0.25079844133273355,12,1,False
validation,2017-11-13 13:00:00,2017-11-14 13:00:00,477.0,481.3533007184595,4.353300718459479,4.353300718459479,13,1,False
validation,2017-11-13 14:00:00,2017-11-14 14:00:00,485.0,480.67290747094023,-4.327092529059769,4.327092529059769,14,1,False
validation,2017-11-13 15:00:00,2017-11-14 15:00:00,482.0,478.8520735525913,-3.147926447408679,3.147926447408679,15,1,False
validation,2017-11-13 16:00:00,2017-11-14 16:00:00,483.0,480.4920152107303,-2.507984789269699,2.507984789269699,16,1,False
validation,2017-11-13 17:00:00,2017-11-14 17:00:00,481.0,476.8346657954826,-4.165334204517421,4.165334204517421,17,1,False
validation,2017-11-13 18:00:00,2017-11-14 18:00:00,470.0,467.43845204176034,-2.5615479582396574,2.5615479582396574,18,1,False
validation,2017-11-13 19:00:00,2017-11-14 19:00:00,462.0,456.13241520994933,-5.867584790050671,5.867584790050671,19,1,False
validation,2017-11-13 20:00:00,2017-11-14 20:00:00,454.0,446.1970103317048,-7.802989668295197,7.802989668295197,20,1,False
validation,2017-11-13 21:00:00,2017-11-14 21:00:00,442.0,441.03675443232163,-0.9632455676783707,0.9632455676783707,21,1,False
validation,2017-11-13 22:00:00,2017-11-14 22:00:00,435.0,435.2568046403912,0.2568046403911808,0.2568046403911808,22,1,False
validation,2017-11-13 23:00:00,2017-11-14 23:00:00,428.0,432.6448744877876,4.644874487787604,4.644874487787604,23,1,False
validation,2017-11-14 00:00:00,2017-11-15 00:00:00,423.0,430.3653174527097,7.365317452709689,7.365317452709689,0,2,False
validation,2017-11-14 01:00:00,2017-11-15 01:00:00,417.0,423.2702771255654,6.270277125565428,6.270277125565428,1,2,False
validation,2017-11-14 02:00:00,2017-11-15 02:00:00,416.0,417.6518406966322,1.6518406966321777,1.6518406966321777,2,2,False
validation,2017-11-14 03:00:00,2017-11-15 03:00:00,411.0,415.37947338392235,4.379473383922345,4.379473383922345,3,2,False
validation,2017-11-14 04:00:00,2017-11-15 04:00:00,411.0,414.1402889033585,3.1402889033585097,3.1402889033585097,4,2,False
validation,2017-11-14 05:00:00,2017-11-15 05:00:00,410.0,412.64600471952207,2.646004719522068,2.646004719522068,5,2,False
validation,2017-11-14 06:00:00,2017-11-15 06:00:00,412.0,413.12807537806424,1.1280753780642385,1.1280753780642385,6,2,False
validation,2017-11-14 07:00:00,2017-11-15 07:00:00,417.0,418.73504050624985,1.7350405062498453,1.7350405062498453,7,2,False
validation,2017-11-14 08:00:00,2017-11-15 08:00:00,413.0,433.12478612758616,20.124786127586162,20.124786127586162,8,2,False
validation,2017-11-14 09:00:00,2017-11-15 09:00:00,426.0,442.81435370867547,16.81435370867547,16.81435370867547,9,2,False
validation,2017-11-14 10:00:00,2017-11-15 10:00:00,436.0,457.72744396063894,21.727443960638936,21.727443960638936,10,2,False
validation,2017-11-14 11:00:00,2017-11-15 11:00:00,449.0,469.9615819179557,20.961581917955698,20.961581917955698,11,2,False
validation,2017-11-14 12:00:00,2017-11-15 12:00:00,462.0,476.87553124644444,14.875531246444439,14.875531246444439,12,2,False
validation,2017-11-14 13:00:00,2017-11-15 13:00:00,473.0,475.5249545319504,2.5249545319504136,2.5249545319504136,13,2,False
validation,2017-11-14 14:00:00,2017-11-15 14:00:00,478.0,481.10885993514955,3.108859935149553,3.108859935149553,14,2,False
validation,2017-11-14 15:00:00,2017-11-15 15:00:00,484.0,482.08209964735613,-1.9179003526438692,1.9179003526438692,15,2,False
validation,2017-11-14 16:00:00,2017-11-15 16:00:00,484.0,483.0571194846505,-0.9428805153494864,0.9428805153494864,16,2,False
validation,2017-11-14 17:00:00,2017-11-15 17:00:00,475.0,483.93834902707937,8.938349027079369,8.938349027079369,17,2,False
validation,2017-11-14 18:00:00,2017-11-15 18:00:00,466.0,469.660718587302,3.6607185873019716,3.6607185873019716,18,2,False
validation,2017-11-14 19:00:00,2017-11-15 19:00:00,457.0,460.3475217720953,3.3475217720953196,3.3475217720953196,19,2,False
validation,2017-11-14 20:00:00,2017-11-15 20:00:00,448.0,451.2960742516882,3.2960742516881965,3.2960742516881965,20,2,False
validation,2017-11-14 21:00:00,2017-11-15 21:00:00,437.0,439.6157537407221,2.6157537407220843,2.6157537407220843,21,2,False
validation,2017-11-14 22:00:00,2017-11-15 22:00:00,428.0,434.8726848019193,6.87268480191932,6.87268480191932,22,2,False
validation,2017-11-14 23:00:00,2017-11-15 23:00:00,424.0,430.9422433398306,6.942243339830611,6.942243339830611,23,2,False
validation,2017-11-15 00:00:00,2017-11-16 00:00:00,420.0,425.84375681995823,5.84375681995823,5.84375681995823,0,3,False
validation,2017-11-15 01:00:00,2017-11-16 01:00:00,415.0,419.72007495403966,4.72007495403966,4.72007495403966,1,3,False
validation,2017-11-15 02:00:00,2017-11-16 02:00:00,414.0,416.80153726140605,2.801537261406054,2.801537261406054,2,3,False
validation,2017-11-15 03:00:00,2017-11-16 03:00:00,412.0,412.3631921266447,0.36319212664471934,0.36319212664471934,3,3,False
validation,2017-11-15 04:00:00,2017-11-16 04:00:00,409.0,411.18302447381683,2.183024473816829,2.183024473816829,4,3,False
validation,2017-11-15 05:00:00,2017-11-16 05:00:00,409.0,411.24142830082906,2.2414283008290568,2.2414283008290568,5,3,False
validation,2017-11-15 06:00:00,2017-11-16 06:00:00,411.0,412.37707345394944,1.3770734539494356,1.3770734539494356,6,3,False
validation,2017-11-15 07:00:00,2017-11-16 07:00:00,421.0,417.1751097848345,-3.82489021516551,3.82489021516551,7,3,False
validation,2017-11-15 08:00:00,2017-11-16 08:00:00,423.0,419.51126720371803,-3.4887327962819654,3.4887327962819654,8,3,False
validation,2017-11-15 09:00:00,2017-11-16 09:00:00,440.0,436.134711864945,-3.865288135054982,3.865288135054982,9,3,False
validation,2017-11-15 10:00:00,2017-11-16 10:00:00,459.0,450.966526371957,-8.033473628042998,8.033473628042998,10,3,False
validation,2017-11-15 11:00:00,2017-11-16 11:00:00,473.0,458.55798661214993,-14.442013387850068,14.442013387850068,11,3,False
validation,2017-11-15 12:00:00,2017-11-16 12:00:00,475.0,466.2764250181144,-8.723574981885577,8.723574981885577,12,3,False
validation,2017-11-15 13:00:00,2017-11-16 13:00:00,474.0,473.19580606230784,-0.8041939376921619,0.8041939376921619,13,3,False
validation,2017-11-15 14:00:00,2017-11-16 14:00:00,478.0,481.5314950004061,3.531495000406096,3.531495000406096,14,3,False
validation,2017-11-15 15:00:00,2017-11-16 15:00:00,482.0,484.48341538304527,2.483415383045269,2.483415383045269,15,3,False
validation,2017-11-15 16:00:00,2017-11-16 16:00:00,482.0,484.3436611802698,2.3436611802698053,2.3436611802698053,16,3,False
validation,2017-11-15 17:00:00,2017-11-16 17:00:00,480.0,476.550454295198,-3.4495457048020057,3.4495457048020057,17,3,False
validation,2017-11-15 18:00:00,2017-11-16 18:00:00,471.0,467.68657766369046,-3.313422336309543,3.313422336309543,18,3,False
validation,2017-11-15 19:00:00,2017-11-16 19:00:00,455.0,456.5799548780339,1.5799548780339023,1.5799548780339023,19,3,False
validation,2017-11-15 20:00:00,2017-11-16 20:00:00,446.0,447.64708832549474,1.6470883254947353,1.6470883254947353,20,3,False
validation,2017-11-15 21:00:00,2017-11-16 21:00:00,437.0,440.32019981809924,3.3201998180992405,3.3201998180992405,21,3,False
validation,2017-11-15 22:00:00,2017-11-16 22:00:00,434.0,437.7647758511976,3.764775851197612,3.764775851197612,22,3,False
validation,2017-11-15 23:00:00,2017-11-16 23:00:00,425.0,431.76673969417124,6.766739694171235,6.766739694171235,23,3,False
validation,2017-11-16 00:00:00,2017-11-17 00:00:00,421.0,418.7833007028817,-2.216699297118282,2.216699297118282,0,4,False
validation,2017-11-16 01:00:00,2017-11-17 01:00:00,419.0,415.419141846755,-3.5808581532450035,3.5808581532450035,1,4,False
validation,2017-11-16 02:00:00,2017-11-17 02:00:00,421.0,412.67952508292177,-8.32047491707823,8.32047491707823,2,4,False
validation,2017-11-16 03:00:00,2017-11-17 03:00:00,414.0,410.866635442274,-3.133364557725997,3.133364557725997,3,4,False
validation,2017-11-16 04:00:00,2017-11-17 04:00:00,414.0,410.377956467536,-3.6220435324639766,3.6220435324639766,4,4,False
validation,2017-11-16 05:00:00,2017-11-17 05:00:00,412.0,410.09151706540683,-1.9084829345931666,1.9084829345931666,5,4,False
validation,2017-11-16 06:00:00,2017-11-17 06:00:00,415.0,410.37653582260003,-4.623464177399967,4.623464177399967,6,4,False
validation,2017-11-16 07:00:00,2017-11-17 07:00:00,417.0,418.91119479426703,1.9111947942670326,1.9111947942670326,7,4,False
validation,2017-11-16 08:00:00,2017-11-17 08:00:00,424.0,420.72376024030723,-3.2762397596927713,3.2762397596927713,8,4,False
validation,2017-11-16 09:00:00,2017-11-17 09:00:00,441.0,432.65667358893216,-8.343326411067835,8.343326411067835,9,4,False
validation,2017-11-16 10:00:00,2017-11-17 10:00:00,454.0,453.59157637708415,-0.4084236229158478,0.4084236229158478,10,4,False
validation,2017-11-16 11:00:00,2017-11-17 11:00:00,471.0,467.6509253646884,-3.349074635311581,3.349074635311581,11,4,False
validation,2017-11-16 12:00:00,2017-11-17 12:00:00,472.0,471.5549268274609,-0.4450731725390824,0.4450731725390824,12,4,False
validation,2017-11-16 13:00:00,2017-11-17 13:00:00,474.0,471.34859419045716,-2.6514058095428368,2.6514058095428368,13,4,False
validation,2017-11-16 14:00:00,2017-11-17 14:00:00,482.0,474.2381240380679,-7.761875961932105,7.761875961932105,14,4,False
validation,2017-11-16 15:00:00,2017-11-17 15:00:00,486.0,475.28034259339216,-10.719657406607837,10.719657406607837,15,4,False
validation,2017-11-16 16:00:00,2017-11-17 16:00:00,484.0,475.1063785902228,-8.89362140977721,8.89362140977721,16,4,False
validation,2017-11-16 17:00:00,2017-11-17 17:00:00,477.0,472.81133226047245,-4.188667739527546,4.188667739527546,17,4,False
validation,2017-11-16 18:00:00,2017-11-17 18:00:00,460.0,466.6365009546021,6.636500954602127,6.636500954602127,18,4,False
validation,2017-11-16 19:00:00,2017-11-17 19:00:00,443.0,448.5022269108814,5.502226910881404,5.502226910881404,19,4,False
validation,2017-11-16 20:00:00,2017-11-17 20:00:00,441.0,438.0156565801304,-2.9843434198696173,2.9843434198696173,20,4,False
validation,2017-11-16 21:00:00,2017-11-17 21:00:00,429.0,431.57689866267486,2.5768986626748642,2.5768986626748642,21,4,False
validation,2017-11-16 22:00:00,2017-11-17 22:00:00,425.0,428.79346742033704,3.7934674203370378,3.7934674203370378,22,4,False
validation,2017-11-16 23:00:00,2017-11-17 23:00:00,426.0,421.0183776860049,-4.9816223139951035,4.9816223139951035,23,4,False
validation,2017-11-17 00:00:00,2017-11-18 00:00:00,423.0,417.0854722215003,-5.914527778499689,5.914527778499689,0,5,True
validation,2017-11-17 01:00:00,2017-11-18 01:00:00,421.0,414.385763585509,-6.6142364144910175,6.6142364144910175,1,5,True
validation,2017-11-17 02:00:00,2017-11-18 02:00:00,418.0,415.4972661516867,-2.502733848313312,2.502733848313312,2,5,True
validation,2017-11-17 03:00:00,2017-11-18 03:00:00,417.0,410.5874939127668,-6.412506087233226,6.412506087233226,3,5,True
validation,2017-11-17 04:00:00,2017-11-18 04:00:00,410.0,409.11693108550867,-0.8830689144913322,0.8830689144913322,4,5,True
validation,2017-11-17 05:00:00,2017-11-18 05:00:00,413.0,408.17601568737484,-4.823984312625157,4.823984312625157,5,5,True
validation,2017-11-17 06:00:00,2017-11-18 06:00:00,412.0,408.16006956742365,-3.8399304325763524,3.8399304325763524,6,5,True
validation,2017-11-17 07:00:00,2017-11-18 07:00:00,411.0,406.6491021003573,-4.350897899642689,4.350897899642689,7,5,True
validation,2017-11-17 08:00:00,2017-11-18 08:00:00,411.0,411.34061764867755,0.34061764867755073,0.34061764867755073,8,5,True
validation,2017-11-17 09:00:00,2017-11-18 09:00:00,412.0,417.7769807737489,5.776980773748903,5.776980773748903,9,5,True
validation,2017-11-17 10:00:00,2017-11-18 10:00:00,414.0,423.18140126808,9.18140126807998,9.18140126807998,10,5,True
validation,2017-11-17 11:00:00,2017-11-18 11:00:00,420.0,425.7222670535674,5.722267053567407,5.722267053567407,11,5,True
validation,2017-11-17 12:00:00,2017-11-18 12:00:00,424.0,428.1132820863802,4.113282086380195,4.113282086380195,12,5,True
validation,2017-11-17 13:00:00,2017-11-18 13:00:00,427.0,430.2440811065757,3.2440811065757202,3.2440811065757202,13,5,True
validation,2017-11-17 14:00:00,2017-11-18 14:00:00,429.0,433.0058741386807,4.005874138680724,4.005874138680724,14,5,True
validation,2017-11-17 15:00:00,2017-11-18 15:00:00,427.0,433.220392967958,6.2203929679579915,6.2203929679579915,15,5,True
validation,2017-11-17 16:00:00,2017-11-18 16:00:00,431.0,433.36059575572244,2.360595755722443,2.360595755722443,16,5,True
validation,2017-11-17 17:00:00,2017-11-18 17:00:00,428.0,432.3211672961741,4.32116729617411,4.32116729617411,17,5,True
validation,2017-11-17 18:00:00,2017-11-18 18:00:00,425.0,430.43698881314896,5.436988813148957,5.436988813148957,18,5,True
validation,2017-11-17 19:00:00,2017-11-18 19:00:00,423.0,426.09490899443716,3.094908994437162,3.094908994437162,19,5,True
validation,2017-11-17 20:00:00,2017-11-18 20:00:00,419.0,425.49530952889893,6.495309528898929,6.495309528898929,20,5,True
validation,2017-11-17 21:00:00,2017-11-18 21:00:00,415.0,423.50377150573433,8.503771505734335,8.503771505734335,21,5,True
validation,2017-11-17 22:00:00,2017-11-18 22:00:00,410.0,418.54310736074063,8.543107360740635,8.543107360740635,22,5,True
validation,2017-11-17 23:00:00,2017-11-18 23:00:00,411.0,418.0863503887788,7.086350388778783,7.086350388778783,23,5,True
validation,2017-11-18 00:00:00,2017-11-19 00:00:00,411.0,415.5986702050129,4.5986702050129225,4.5986702050129225,0,6,True
validation,2017-11-18 01:00:00,2017-11-19 01:00:00,410.0,416.1508155912809,6.150815591280889,6.150815591280889,1,6,True
validation,2017-11-18 02:00:00,2017-11-19 02:00:00,410.0,414.95819389572335,4.958193895723355,4.958193895723355,2,6,True
validation,2017-11-18 03:00:00,2017-11-19 03:00:00,408.0,410.29616734947837,2.2961673494783668,2.2961673494783668,3,6,True
validation,2017-11-18 04:00:00,2017-11-19 04:00:00,406.0,408.2406392640285,2.240639264028516,2.240639264028516,4,6,True
validation,2017-11-18 05:00:00,2017-11-19 05:00:00,408.0,407.10953883618487,-0.8904611638151323,0.8904611638151323,5,6,True
validation,2017-11-18 06:00:00,2017-11-19 06:00:00,408.0,406.9445873089981,-1.0554126910018908,1.0554126910018908,6,6,True
validation,2017-11-18 07:00:00,2017-11-19 07:00:00,409.0,405.7313360906257,-3.268663909374311,3.268663909374311,7,6,True
validation,2017-11-18 08:00:00,2017-11-19 08:00:00,409.0,405.77179787764527,-3.2282021223547304,3.2282021223547304,8,6,True
validation,2017-11-18 09:00:00,2017-11-19 09:00:00,412.0,408.2048436165983,-3.795156383401718,3.795156383401718,9,6,True
validation,2017-11-18 10:00:00,2017-11-19 10:00:00,410.0,410.3212360169247,0.3212360169246722,0.3212360169246722,10,6,True
validation,2017-11-18 11:00:00,2017-11-19 11:00:00,415.0,413.5423796120982,-1.457620387901784,1.457620387901784,11,6,True
validation,2017-11-18 12:00:00,2017-11-19 12:00:00,419.0,418.0039899890813,-0.9960100109187238,0.9960100109187238,12,6,True
validation,2017-11-18 13:00:00,2017-11-19 13:00:00,423.0,422.78651407585636,-0.2134859241436402,0.2134859241436402,13,6,True
validation,2017-11-18 14:00:00,2017-11-19 14:00:00,427.0,424.1356883615341,-2.8643116384658924,2.8643116384658924,14,6,True
validation,2017-11-18 15:00:00,2017-11-19 15:00:00,429.0,425.39339042774634,-3.60660957225366,3.60660957225366,15,6,True
validation,2017-11-18 16:00:00,2017-11-19 16:00:00,432.0,428.31780717064294,-3.6821928293570636,3.6821928293570636,16,6,True
validation,2017-11-18 17:00:00,2017-11-19 17:00:00,431.0,429.82758433016846,-1.1724156698315369,1.1724156698315369,17,6,True
validation,2017-11-18 18:00:00,2017-11-19 18:00:00,428.0,430.0643084762641,2.0643084762641024,2.0643084762641024,18,6,True
validation,2017-11-18 19:00:00,2017-11-19 19:00:00,427.0,423.67700831416477,-3.322991685835234,3.322991685835234,19,6,True
validation,2017-11-18 20:00:00,2017-11-19 20:00:00,429.0,420.3969076216756,-8.60309237832439,8.60309237832439,20,6,True
validation,2017-11-18 21:00:00,2017-11-19 21:00:00,424.0,415.83711969494817,-8.162880305051829,8.162880305051829,21,6,True
validation,2017-11-18 22:00:00,2017-11-19 22:00:00,419.0,412.54026169419524,-6.459738305804763,6.459738305804763,22,6,True
validation,2017-11-18 23:00:00,2017-11-19 23:00:00,420.0,407.5937228471261,-12.406277152873884,12.406277152873884,23,6,True
validation,2017-11-19 00:00:00,2017-11-20 00:00:00,417.0,410.33143984977437,-6.66856015022563,6.66856015022563,0,0,False
validation,2017-11-19 01:00:00,2017-11-20 01:00:00,414.0,407.67724458926324,-6.322755410736761,6.322755410736761,1,0,False
validation,2017-11-19 02:00:00,2017-11-20 02:00:00,417.0,414.5510370547042,-2.4489629452958184,2.4489629452958184,2,0,False
validation,2017-11-19 03:00:00,2017-11-20 03:00:00,416.0,405.47408440589635,-10.525915594103651,10.525915594103651,3,0,False
validation,2017-11-19 04:00:00,2017-11-20 04:00:00,414.0,405.61631393964143,-8.38368606035857,8.38368606035857,4,0,False
validation,2017-11-19 05:00:00,2017-11-20 05:00:00,414.0,405.48397162794174,-8.516028372058258,8.516028372058258,5,0,False
validation,2017-11-19 06:00:00,2017-11-20 06:00:00,414.0,406.08217819267105,-7.917821807328949,7.917821807328949,6,0,False
validation,2017-11-19 07:00:00,2017-11-20 07:00:00,420.0,412.82728896145164,-7.172711038548357,7.172711038548357,7,0,False
validation,2017-11-19 08:00:00,2017-11-20 08:00:00,427.0,415.2896932180402,-11.710306781959787,11.710306781959787,8,0,False
validation,2017-11-19 09:00:00,2017-11-20 09:00:00,438.0,432.1481707627101,-5.8518292372899054,5.8518292372899054,9,0,False
validation,2017-11-19 10:00:00,2017-11-20 10:00:00,446.0,453.82728779534614,7.8272877953461375,7.8272877953461375,10,0,False
validation,2017-11-19 11:00:00,2017-11-20 11:00:00,460.0,461.9554917568546,1.9554917568545989,1.9554917568545989,11,0,False
validation,2017-11-19 12:00:00,2017-11-20 12:00:00,461.0,463.081134865756,2.0811348657559847,2.0811348657559847,12,0,False
validation,2017-11-19 13:00:00,2017-11-20 13:00:00,466.0,464.7346210916403,-1.2653789083597076,1.2653789083597076,13,0,False
validation,2017-11-19 14:00:00,2017-11-20 14:00:00,466.0,468.83324840689085,2.8332484068908457,2.8332484068908457,14,0,False
validation,2017-11-19 15:00:00,2017-11-20 15:00:00,477.0,472.52754042532735,-4.472459574672655,4.472459574672655,15,0,False
validation,2017-11-19 16:00:00,2017-11-20 16:00:00,470.0,472.22033210698,2.2203321069799813,2.2203321069799813,16,0,False
validation,2017-11-19 17:00:00,2017-11-20 17:00:00,472.0,469.02892522788073,-2.971074772119266,2.971074772119266,17,0,False
validation,2017-11-19 18:00:00,2017-11-20 18:00:00,461.0,461.1710376211437,0.17103762114368237,0.17103762114368237,18,0,False
validation,2017-11-19 19:00:00,2017-11-20 19:00:00,460.0,446.03224943142675,-13.967750568573251,13.967750568573251,19,0,False
validation,2017-11-19 20:00:00,2017-11-20 20:00:00,448.0,443.14517331896303,-4.854826681036968,4.854826681036968,20,0,False
validation,2017-11-19 21:00:00,2017-11-20 21:00:00,439.0,431.51365955261133,-7.48634044738867,7.48634044738867,21,0,False
validation,2017-11-19 22:00:00,2017-11-20 22:00:00,433.0,428.802060652176,-4.19793934782399,4.19793934782399,22,0,False
validation,2017-11-19 23:00:00,2017-11-20 23:00:00,426.0,425.8179095460034,-0.18209045399657953,0.18209045399657953,23,0,False
validation,2017-11-20 00:00:00,2017-11-21 00:00:00,422.0,423.4230630982117,1.423063098211685,1.423063098211685,0,1,False
validation,2017-11-20 01:00:00,2017-11-21 01:00:00,418.0,419.8480614495989,1.8480614495989016,1.8480614495989016,1,1,False
validation,2017-11-20 02:00:00,2017-11-21 02:00:00,414.0,420.0442578668172,6.0442578668171905,6.0442578668171905,2,1,False
validation,2017-11-20 03:00:00,2017-11-21 03:00:00,417.0,416.1443703113596,-0.8556296886404198,0.8556296886404198,3,1,False
validation,2017-11-20 04:00:00,2017-11-21 04:00:00,420.0,413.3483680814133,-6.651631918586702,6.651631918586702,4,1,False
validation,2017-11-20 05:00:00,2017-11-21 05:00:00,418.0,412.66746437452224,-5.33253562547776,5.33253562547776,5,1,False
validation,2017-11-20 06:00:00,2017-11-21 06:00:00,412.0,414.28967312786045,2.2896731278604534,2.2896731278604534,6,1,False
validation,2017-11-20 07:00:00,2017-11-21 07:00:00,418.0,422.34213010210556,4.342130102105557,4.342130102105557,7,1,False
validation,2017-11-20 08:00:00,2017-11-21 08:00:00,424.0,434.69251356457534,10.692513564575336,10.692513564575336,8,1,False
validation,2017-11-20 09:00:00,2017-11-21 09:00:00,446.0,443.1427890007411,-2.857210999258882,2.857210999258882,9,1,False
validation,2017-11-20 10:00:00,2017-11-21 10:00:00,454.0,458.8605182864955,4.860518286495505,4.860518286495505,10,1,False
validation,2017-11-20 11:00:00,2017-11-21 11:00:00,473.0,469.78027685390634,-3.2197231460936564,3.2197231460936564,11,1,False
validation,2017-11-20 12:00:00,2017-11-21 12:00:00,481.0,472.09860650476577,-8.901393495234231,8.901393495234231,12,1,False
validation,2017-11-20 13:00:00,2017-11-21 13:00:00,483.0,473.28041530772043,-9.719584692279568,9.719584692279568,13,1,False
validation,2017-11-20 14:00:00,2017-11-21 14:00:00,484.0,471.895253865135,-12.104746134865024,12.104746134865024,14,1,False
validation,2017-11-20 15:00:00,2017-11-21 15:00:00,475.0,480.7385249284329,5.738524928432923,5.738524928432923,15,1,False
validation,2017-11-20 16:00:00,2017-11-21 16:00:00,482.0,474.6981650782159,-7.3018349217841205,7.3018349217841205,16,1,False
validation,2017-11-20 17:00:00,2017-11-21 17:00:00,482.0,469.77525997181016,-12.224740028189842,12.224740028189842,17,1,False
validation,2017-11-20 18:00:00,2017-11-21 18:00:00,474.0,460.33282984023543,-13.667170159764567,13.667170159764567,18,1,False
validation,2017-11-20 19:00:00,2017-11-21 19:00:00,459.0,455.06635458502154,-3.933645414978457,3.933645414978457,19,1,False
validation,2017-11-20 20:00:00,2017-11-21 20:00:00,460.0,445.52576486552636,-14.474235134473645,14.474235134473645,20,1,False
validation,2017-11-20 21:00:00,2017-11-21 21:00:00,450.0,437.84955619372386,-12.150443806276144,12.150443806276144,21,1,False
validation,2017-11-20 22:00:00,2017-11-21 22:00:00,446.0,434.9657233308254,-11.034276669174574,11.034276669174574,22,1,False
validation,2017-11-20 23:00:00,2017-11-21 23:00:00,438.0,431.2564846907371,-6.743515309262875,6.743515309262875,23,1,False
validation,2017-11-21 00:00:00,2017-11-22 00:00:00,434.0,427.74238258244515,-6.2576174175548545,6.2576174175548545,0,2,False
validation,2017-11-21 01:00:00,2017-11-22 01:00:00,427.0,424.30830867906485,-2.691691320935149,2.691691320935149,1,2,False
validation,2017-11-21 02:00:00,2017-11-22 02:00:00,427.0,417.56069008896367,-9.439309911036332,9.439309911036332,2,2,False
validation,2017-11-21 03:00:00,2017-11-22 03:00:00,425.0,415.3918110629477,-9.608188937052319,9.608188937052319,3,2,False
validation,2017-11-21 04:00:00,2017-11-22 04:00:00,423.0,418.69772395511893,-4.302276044881069,4.302276044881069,4,2,False
validation,2017-11-21 05:00:00,2017-11-22 05:00:00,422.0,417.31402284606366,-4.685977153936335,4.685977153936335,5,2,False
validation,2017-11-21 06:00:00,2017-11-22 06:00:00,421.0,415.1984337427295,-5.801566257270508,5.801566257270508,6,2,False
validation,2017-11-21 07:00:00,2017-11-22 07:00:00,422.0,419.1307215854531,-2.8692784145468977,2.8692784145468977,7,2,False
validation,2017-11-21 08:00:00,2017-11-22 08:00:00,428.0,429.25791934601153,1.2579193460115334,1.2579193460115334,8,2,False
validation,2017-11-21 09:00:00,2017-11-22 09:00:00,445.0,443.32076644350633,-1.6792335564936707,1.6792335564936707,9,2,False
validation,2017-11-21 10:00:00,2017-11-22 10:00:00,461.0,455.1344448136144,-5.86555518638562,5.86555518638562,10,2,False
validation,2017-11-21 11:00:00,2017-11-22 11:00:00,472.0,469.89455634693655,-2.105443653063446,2.105443653063446,11,2,False
validation,2017-11-21 12:00:00,2017-11-22 12:00:00,464.0,479.8144943703772,15.81449437037719,15.81449437037719,12,2,False
validation,2017-11-21 13:00:00,2017-11-22 13:00:00,467.0,479.96112590049034,12.961125900490345,12.961125900490345,13,2,False
validation,2017-11-21 14:00:00,2017-11-22 14:00:00,472.0,483.80483363170595,11.804833631705947,11.804833631705947,14,2,False
validation,2017-11-21 15:00:00,2017-11-22 15:00:00,469.0,479.0491599803258,10.049159980325783,10.049159980325783,15,2,False
validation,2017-11-21 16:00:00,2017-11-22 16:00:00,469.0,485.3585536900017,16.358553690001713,16.358553690001713,16,2,False
validation,2017-11-21 17:00:00,2017-11-22 17:00:00,460.0,480.43192645675816,20.431926456758163,20.431926456758163,17,2,False
validation,2017-11-21 18:00:00,2017-11-22 18:00:00,450.0,469.7757509225392,19.775750922539203,19.775750922539203,18,2,False
validation,2017-11-21 19:00:00,2017-11-22 19:00:00,440.0,458.4319881048156,18.431988104815616,18.431988104815616,19,2,False
validation,2017-11-21 20:00:00,2017-11-22 20:00:00,433.0,454.76597230541176,21.765972305411765,21.765972305411765,20,2,False
validation,2017-11-21 21:00:00,2017-11-22 21:00:00,430.0,447.60505167316956,17.605051673169555,17.605051673169555,21,2,False
validation,2017-11-21 22:00:00,2017-11-22 22:00:00,425.0,440.9287450975541,15.9287450975541,15.9287450975541,22,2,False
validation,2017-11-21 23:00:00,2017-11-22 23:00:00,426.0,433.1139237538379,7.113923753837923,7.113923753837923,23,2,False
validation,2017-11-22 00:00:00,2017-11-23 00:00:00,419.0,432.7980082698247,13.79800826982472,13.79800826982472,0,3,False
validation,2017-11-22 01:00:00,2017-11-23 01:00:00,416.0,429.52061452628806,13.520614526288057,13.520614526288057,1,3,False
validation,2017-11-22 02:00:00,2017-11-23 02:00:00,416.0,427.92004532890815,11.920045328908145,11.920045328908145,2,3,False
validation,2017-11-22 03:00:00,2017-11-23 03:00:00,417.0,426.32359220407676,9.32359220407676,9.32359220407676,3,3,False
validation,2017-11-22 04:00:00,2017-11-23 04:00:00,414.0,422.83007050021644,8.830070500216436,8.830070500216436,4,3,False
validation,2017-11-22 05:00:00,2017-11-23 05:00:00,415.0,423.0393710312291,8.03937103122911,8.03937103122911,5,3,False
validation,2017-11-22 06:00:00,2017-11-23 06:00:00,412.0,423.8098521282701,11.809852128270109,11.809852128270109,6,3,False
validation,2017-11-22 07:00:00,2017-11-23 07:00:00,412.0,425.2036028411906,13.203602841190616,13.203602841190616,7,3,False
validation,2017-11-22 08:00:00,2017-11-23 08:00:00,412.0,432.1056148537097,20.10561485370971,20.10561485370971,8,3,False
validation,2017-11-22 09:00:00,2017-11-23 09:00:00,413.0,445.39853734297395,32.39853734297395,32.39853734297395,9,3,False
validation,2017-11-22 10:00:00,2017-11-23 10:00:00,414.0,456.4475127420057,42.4475127420057,42.4475127420057,10,3,False
validation,2017-11-22 11:00:00,2017-11-23 11:00:00,423.0,469.8687817662124,46.86878176621241,46.86878176621241,11,3,False
validation,2017-11-22 12:00:00,2017-11-23 12:00:00,428.0,468.9678693416062,40.96786934160622,40.96786934160622,12,3,False
validation,2017-11-22 13:00:00,2017-11-23 13:00:00,424.0,472.4837386788926,48.48373867889262,48.48373867889262,13,3,False
validation,2017-11-22 14:00:00,2017-11-23 14:00:00,420.0,475.22083814190165,55.22083814190165,55.22083814190165,14,3,False
validation,2017-11-22 15:00:00,2017-11-23 15:00:00,422.0,476.5802805173208,54.58028051732077,54.58028051732077,15,3,False
validation,2017-11-22 16:00:00,2017-11-23 16:00:00,419.0,477.83482541963645,58.834825419636445,58.834825419636445,16,3,False
validation,2017-11-22 17:00:00,2017-11-23 17:00:00,417.0,465.3988101501122,48.39881015011218,48.39881015011218,17,3,False
validation,2017-11-22 18:00:00,2017-11-23 18:00:00,416.0,458.573799901385,42.57379990138497,42.57379990138497,18,3,False
validation,2017-11-22 19:00:00,2017-11-23 19:00:00,415.0,451.5550927684309,36.55509276843088,36.55509276843088,19,3,False
validation,2017-11-22 20:00:00,2017-11-23 20:00:00,409.0,444.33797978131844,35.33797978131844,35.33797978131844,20,3,False
validation,2017-11-22 21:00:00,2017-11-23 21:00:00,406.0,443.6727388892943,37.672738889294294,37.672738889294294,21,3,False
validation,2017-11-22 22:00:00,2017-11-23 22:00:00,407.0,438.45722235017325,31.457222350173254,31.457222350173254,22,3,False
validation,2017-11-22 23:00:00,2017-11-23 23:00:00,406.0,431.9541582463937,25.954158246393717,25.954158246393717,23,3,False
validation,2017-11-23 00:00:00,2017-11-24 00:00:00,409.0,420.48971597209476,11.489715972094757,11.489715972094757,0,4,False
validation,2017-11-23 01:00:00,2017-11-24 01:00:00,408.0,414.8695573018292,6.869557301829218,6.869557301829218,1,4,False
validation,2017-11-23 02:00:00,2017-11-24 02:00:00,407.0,412.5433803123085,5.5433803123085,5.5433803123085,2,4,False
validation,2017-11-23 03:00:00,2017-11-24 03:00:00,406.0,411.39171142343844,5.391711423438437,5.391711423438437,3,4,False
validation,2017-11-23 04:00:00,2017-11-24 04:00:00,404.0,410.5737914283813,6.573791428381298,6.573791428381298,4,4,False
validation,2017-11-23 05:00:00,2017-11-24 05:00:00,405.0,409.8816371696403,4.881637169640328,4.881637169640328,5,4,False
validation,2017-11-23 06:00:00,2017-11-24 06:00:00,402.0,409.42187615656127,7.421876156561268,7.421876156561268,6,4,False
validation,2017-11-23 07:00:00,2017-11-24 07:00:00,404.0,412.65073689155884,8.650736891558836,8.650736891558836,7,4,False
validation,2017-11-23 08:00:00,2017-11-24 08:00:00,406.0,413.60150666058473,7.601506660584732,7.601506660584732,8,4,False
validation,2017-11-23 09:00:00,2017-11-24 09:00:00,407.0,421.3446200717215,14.344620071721522,14.344620071721522,9,4,False
validation,2017-11-23 10:00:00,2017-11-24 10:00:00,408.0,425.32242583720154,17.322425837201536,17.322425837201536,10,4,False
validation,2017-11-23 11:00:00,2017-11-24 11:00:00,409.0,430.3661149507456,21.36611495074561,21.36611495074561,11,4,False
validation,2017-11-23 12:00:00,2017-11-24 12:00:00,405.0,439.5753756397604,34.57537563976041,34.57537563976041,12,4,False
validation,2017-11-23 13:00:00,2017-11-24 13:00:00,407.0,437.6356111101715,30.63561111017151,30.63561111017151,13,4,False
validation,2017-11-23 14:00:00,2017-11-24 14:00:00,406.0,434.39381343843854,28.393813438438542,28.393813438438542,14,4,False
validation,2017-11-23 15:00:00,2017-11-24 15:00:00,412.0,435.7044696811026,23.70446968110258,23.70446968110258,15,4,False
validation,2017-11-23 16:00:00,2017-11-24 16:00:00,413.0,436.0246544000002,23.024654400000202,23.024654400000202,16,4,False
validation,2017-11-23 17:00:00,2017-11-24 17:00:00,412.0,430.8486884869522,18.8486884869522,18.8486884869522,17,4,False
validation,2017-11-23 18:00:00,2017-11-24 18:00:00,415.0,431.00844077412694,16.00844077412694,16.00844077412694,18,4,False
validation,2017-11-23 19:00:00,2017-11-24 19:00:00,423.0,423.0648532729289,0.06485327292887177,0.06485327292887177,19,4,False
validation,2017-11-23 20:00:00,2017-11-24 20:00:00,417.0,419.9669352165302,2.966935216530203,2.966935216530203,20,4,False
validation,2017-11-23 21:00:00,2017-11-24 21:00:00,416.0,416.94794342790834,0.9479434279083421,0.9479434279083421,21,4,False
validation,2017-11-23 22:00:00,2017-11-24 22:00:00,414.0,415.5275437858601,1.5275437858600753,1.5275437858600753,22,4,False
validation,2017-11-23 23:00:00,2017-11-24 23:00:00,413.0,413.1571151726608,0.1571151726607809,0.1571151726607809,23,4,False
validation,2017-11-24 00:00:00,2017-11-25 00:00:00,413.0,412.34497761802,-0.655022381980018,0.655022381980018,0,5,True
validation,2017-11-24 01:00:00,2017-11-25 01:00:00,416.0,406.61163027515136,-9.388369724848644,9.388369724848644,1,5,True
validation,2017-11-24 02:00:00,2017-11-25 02:00:00,414.0,407.76152740028317,-6.238472599716829,6.238472599716829,2,5,True
validation,2017-11-24 03:00:00,2017-11-25 03:00:00,414.0,406.015337402323,-7.984662597677016,7.984662597677016,3,5,True
validation,2017-11-24 04:00:00,2017-11-25 04:00:00,411.0,407.3189356481461,-3.681064351853877,3.681064351853877,4,5,True
validation,2017-11-24 05:00:00,2017-11-25 05:00:00,411.0,406.5104924332798,-4.489507566720192,4.489507566720192,5,5,True
validation,2017-11-24 06:00:00,2017-11-25 06:00:00,411.0,409.91857706191524,-1.0814229380847564,1.0814229380847564,6,5,True
validation,2017-11-24 07:00:00,2017-11-25 07:00:00,412.0,406.6343006647979,-5.365699335202123,5.365699335202123,7,5,True
validation,2017-11-24 08:00:00,2017-11-25 08:00:00,410.0,406.4050256841097,-3.5949743158902834,3.5949743158902834,8,5,True
validation,2017-11-24 09:00:00,2017-11-25 09:00:00,412.0,410.7643047972764,-1.2356952027236048,1.2356952027236048,9,5,True
validation,2017-11-24 10:00:00,2017-11-25 10:00:00,412.0,415.64664593164207,3.6466459316420696,3.6466459316420696,10,5,True
validation,2017-11-24 11:00:00,2017-11-25 11:00:00,418.0,418.5698356828104,0.5698356828103783,0.5698356828103783,11,5,True
validation,2017-11-24 12:00:00,2017-11-25 12:00:00,426.0,419.35775139107346,-6.642248608926536,6.642248608926536,12,5,True
validation,2017-11-24 13:00:00,2017-11-25 13:00:00,425.0,421.26630983162744,-3.7336901683725614,3.7336901683725614,13,5,True
validation,2017-11-24 14:00:00,2017-11-25 14:00:00,423.0,424.9805385353691,1.980538535369078,1.980538535369078,14,5,True
validation,2017-11-24 15:00:00,2017-11-25 15:00:00,423.0,426.49671190301774,3.49671190301774,3.49671190301774,15,5,True
validation,2017-11-24 16:00:00,2017-11-25 16:00:00,426.0,425.5217753236869,-0.4782246763131184,0.4782246763131184,16,5,True
validation,2017-11-24 17:00:00,2017-11-25 17:00:00,428.0,423.2469630832436,-4.7530369167564,4.7530369167564,17,5,True
validation,2017-11-24 18:00:00,2017-11-25 18:00:00,426.0,419.97482191994783,-6.0251780800521715,6.0251780800521715,18,5,True
validation,2017-11-24 19:00:00,2017-11-25 19:00:00,426.0,421.62503671925253,-4.374963280747465,4.374963280747465,19,5,True
validation,2017-11-24 20:00:00,2017-11-25 20:00:00,427.0,420.86964712604845,-6.130352873951551,6.130352873951551,20,5,True
validation,2017-11-24 21:00:00,2017-11-25 21:00:00,424.0,417.4542426059114,-6.545757394088582,6.545757394088582,21,5,True
validation,2017-11-24 22:00:00,2017-11-25 22:00:00,421.0,413.80808054336217,-7.191919456637834,7.191919456637834,22,5,True
validation,2017-11-24 23:00:00,2017-11-25 23:00:00,422.0,411.5398376866002,-10.460162313399792,10.460162313399792,23,5,True
validation,2017-11-25 00:00:00,2017-11-26 00:00:00,417.0,409.5149433573321,-7.485056642667928,7.485056642667928,0,6,True
validation,2017-11-25 01:00:00,2017-11-26 01:00:00,413.0,410.06979714157546,-2.9302028584245363,2.9302028584245363,1,6,True
validation,2017-11-25 02:00:00,2017-11-26 02:00:00,415.0,408.8573671733833,-6.142632826616705,6.142632826616705,2,6,True
validation,2017-11-25 03:00:00,2017-11-26 03:00:00,416.0,406.1839008473721,-9.816099152627885,9.816099152627885,3,6,True
validation,2017-11-25 04:00:00,2017-11-26 04:00:00,413.0,406.31537188959186,-6.684628110408141,6.684628110408141,4,6,True
validation,2017-11-25 05:00:00,2017-11-26 05:00:00,413.0,405.647011725341,-7.352988274659026,7.352988274659026,5,6,True
validation,2017-11-25 06:00:00,2017-11-26 06:00:00,414.0,405.9928151185496,-8.007184881450428,8.007184881450428,6,6,True
validation,2017-11-25 07:00:00,2017-11-26 07:00:00,416.0,406.099114654607,-9.900885345393021,9.900885345393021,7,6,True
validation,2017-11-25 08:00:00,2017-11-26 08:00:00,413.0,406.1407796274907,-6.859220372509299,6.859220372509299,8,6,True
validation,2017-11-25 09:00:00,2017-11-26 09:00:00,415.0,406.966741240154,-8.033258759845978,8.033258759845978,9,6,True
validation,2017-11-25 10:00:00,2017-11-26 10:00:00,419.0,410.2769781989379,-8.723021801062089,8.723021801062089,10,6,True
validation,2017-11-25 11:00:00,2017-11-26 11:00:00,417.0,413.90453243533966,-3.095467564660339,3.095467564660339,11,6,True
validation,2017-11-25 12:00:00,2017-11-26 12:00:00,420.0,421.72530608481736,1.7253060848173618,1.7253060848173618,12,6,True
validation,2017-11-25 13:00:00,2017-11-26 13:00:00,424.0,423.8999094970114,-0.10009050298862121,0.10009050298862121,13,6,True
validation,2017-11-25 14:00:00,2017-11-26 14:00:00,427.0,422.679549903835,-4.320450096165018,4.320450096165018,14,6,True
validation,2017-11-25 15:00:00,2017-11-26 15:00:00,429.0,421.58389342793686,-7.416106572063143,7.416106572063143,15,6,True
validation,2017-11-25 16:00:00,2017-11-26 16:00:00,429.0,425.2377858922352,-3.7622141077648052,3.7622141077648052,16,6,True
validation,2017-11-25 17:00:00,2017-11-26 17:00:00,429.0,425.3468043426426,-3.6531956573574007,3.6531956573574007,17,6,True
validation,2017-11-25 18:00:00,2017-11-26 18:00:00,431.0,422.57975453188016,-8.420245468119845,8.420245468119845,18,6,True
validation,2017-11-25 19:00:00,2017-11-26 19:00:00,432.0,422.28131984007894,-9.718680159921064,9.718680159921064,19,6,True
validation,2017-11-25 20:00:00,2017-11-26 20:00:00,428.0,422.1788098255658,-5.821190174434207,5.821190174434207,20,6,True
validation,2017-11-25 21:00:00,2017-11-26 21:00:00,424.0,418.2196868640195,-5.780313135980521,5.780313135980521,21,6,True
validation,2017-11-25 22:00:00,2017-11-26 22:00:00,417.0,417.7873674088499,0.7873674088498888,0.7873674088498888,22,6,True
validation,2017-11-25 23:00:00,2017-11-26 23:00:00,418.0,414.8263826402658,-3.1736173597341804,3.1736173597341804,23,6,True
validation,2017-11-26 00:00:00,2017-11-27 00:00:00,417.0,415.45033248786933,-1.549667512130668,1.549667512130668,0,0,False
validation,2017-11-26 01:00:00,2017-11-27 01:00:00,419.0,411.9854910546566,-7.01450894534338,7.01450894534338,1,0,False
validation,2017-11-26 02:00:00,2017-11-27 02:00:00,420.0,410.784769844062,-9.215230155938002,9.215230155938002,2,0,False
validation,2017-11-26 03:00:00,2017-11-27 03:00:00,416.0,410.37530026306945,-5.624699736930552,5.624699736930552,3,0,False
validation,2017-11-26 04:00:00,2017-11-27 04:00:00,415.0,409.01866436967236,-5.981335630327635,5.981335630327635,4,0,False
validation,2017-11-26 05:00:00,2017-11-27 05:00:00,412.0,408.61874839113733,-3.3812516088626694,3.3812516088626694,5,0,False
validation,2017-11-26 06:00:00,2017-11-27 06:00:00,413.0,408.9430287363643,-4.056971263635717,4.056971263635717,6,0,False
validation,2017-11-26 07:00:00,2017-11-27 07:00:00,420.0,411.7765318548323,-8.223468145167715,8.223468145167715,7,0,False
validation,2017-11-26 08:00:00,2017-11-27 08:00:00,431.0,412.2382122181828,-18.76178778181719,18.76178778181719,8,0,False
validation,2017-11-26 09:00:00,2017-11-27 09:00:00,448.0,414.0646458774977,-33.935354122502304,33.935354122502304,9,0,False
validation,2017-11-26 10:00:00,2017-11-27 10:00:00,458.0,421.22152881515643,-36.77847118484357,36.77847118484357,10,0,False
validation,2017-11-26 11:00:00,2017-11-27 11:00:00,471.0,425.1971654768586,-45.80283452314143,45.80283452314143,11,0,False
validation,2017-11-26 12:00:00,2017-11-27 12:00:00,471.0,431.41472673433475,-39.58527326566525,39.58527326566525,12,0,False
validation,2017-11-26 13:00:00,2017-11-27 13:00:00,467.0,431.65868599114435,-35.34131400885565,35.34131400885565,13,0,False
validation,2017-11-26 14:00:00,2017-11-27 14:00:00,472.0,439.0326293447418,-32.96737065525821,32.96737065525821,14,0,False
validation,2017-11-26 15:00:00,2017-11-27 15:00:00,474.0,442.4053910884177,-31.594608911582327,31.594608911582327,15,0,False
validation,2017-11-26 16:00:00,2017-11-27 16:00:00,475.0,441.5581236881088,-33.44187631189118,33.44187631189118,16,0,False
validation,2017-11-26 17:00:00,2017-11-27 17:00:00,469.0,438.6131393675992,-30.386860632400783,30.386860632400783,17,0,False
validation,2017-11-26 18:00:00,2017-11-27 18:00:00,460.0,439.61900094213786,-20.38099905786214,20.38099905786214,18,0,False
validation,2017-11-26 19:00:00,2017-11-27 19:00:00,447.0,438.19331857032716,-8.806681429672835,8.806681429672835,19,0,False
validation,2017-11-26 20:00:00,2017-11-27 20:00:00,441.0,434.5018576241628,-6.498142375837176,6.498142375837176,20,0,False
validation,2017-11-26 21:00:00,2017-11-27 21:00:00,431.0,427.3370536765927,-3.6629463234073114,3.6629463234073114,21,0,False
validation,2017-11-26 22:00:00,2017-11-27 22:00:00,429.0,420.4619915733253,-8.538008426674708,8.538008426674708,22,0,False
validation,2017-11-26 23:00:00,2017-11-27 23:00:00,427.0,419.130308360302,-7.869691639697976,7.869691639697976,23,0,False
validation,2017-11-27 00:00:00,2017-11-28 00:00:00,423.0,419.21750500871923,-3.782494991280771,3.782494991280771,0,1,False
validation,2017-11-27 01:00:00,2017-11-28 01:00:00,417.0,419.6346388459268,2.6346388459268155,2.6346388459268155,1,1,False
validation,2017-11-27 02:00:00,2017-11-28 02:00:00,415.0,419.80782433898867,4.807824338988667,4.807824338988667,2,1,False
validation,2017-11-27 03:00:00,2017-11-28 03:00:00,420.0,416.7208771714764,-3.2791228285236116,3.2791228285236116,3,1,False
validation,2017-11-27 04:00:00,2017-11-28 04:00:00,419.0,414.1881856311609,-4.811814368839123,4.811814368839123,4,1,False
validation,2017-11-27 05:00:00,2017-11-28 05:00:00,417.0,412.7237800184339,-4.276219981566101,4.276219981566101,5,1,False
validation,2017-11-27 06:00:00,2017-11-28 06:00:00,420.0,413.30035733602773,-6.69964266397227,6.69964266397227,6,1,False
validation,2017-11-27 07:00:00,2017-11-28 07:00:00,429.0,420.3260861775186,-8.673913822481381,8.673913822481381,7,1,False
validation,2017-11-27 08:00:00,2017-11-28 08:00:00,439.0,434.39543703432673,-4.604562965673267,4.604562965673267,8,1,False
validation,2017-11-27 09:00:00,2017-11-28 09:00:00,454.0,448.4084748945764,-5.591525105423614,5.591525105423614,9,1,False
validation,2017-11-27 10:00:00,2017-11-28 10:00:00,455.0,465.8532401472318,10.853240147231816,10.853240147231816,10,1,False
validation,2017-11-27 11:00:00,2017-11-28 11:00:00,470.0,477.18751872735135,7.187518727351346,7.187518727351346,11,1,False
validation,2017-11-27 12:00:00,2017-11-28 12:00:00,471.0,475.3251274348399,4.325127434839885,4.325127434839885,12,1,False
validation,2017-11-27 13:00:00,2017-11-28 13:00:00,473.0,472.2842297227555,-0.7157702772444736,0.7157702772444736,13,1,False
validation,2017-11-27 14:00:00,2017-11-28 14:00:00,465.0,473.12300887007626,8.123008870076262,8.123008870076262,14,1,False
validation,2017-11-27 15:00:00,2017-11-28 15:00:00,472.0,473.8040092814104,1.8040092814104014,1.8040092814104014,15,1,False
validation,2017-11-27 16:00:00,2017-11-28 16:00:00,476.0,474.40845111602124,-1.59154888397876,1.59154888397876,16,1,False
validation,2017-11-27 17:00:00,2017-11-28 17:00:00,479.0,470.1394359658856,-8.860564034114418,8.860564034114418,17,1,False
validation,2017-11-27 18:00:00,2017-11-28 18:00:00,469.0,459.3305283310653,-9.669471668934705,9.669471668934705,18,1,False
validation,2017-11-27 19:00:00,2017-11-28 19:00:00,455.0,449.914845717744,-5.085154282255985,5.085154282255985,19,1,False
validation,2017-11-27 20:00:00,2017-11-28 20:00:00,442.0,440.00510645451783,-1.9948935454821708,1.9948935454821708,20,1,False
validation,2017-11-27 21:00:00,2017-11-28 21:00:00,433.0,435.5598547363508,2.5598547363508146,2.5598547363508146,21,1,False
validation,2017-11-27 22:00:00,2017-11-28 22:00:00,432.0,431.53874522003247,-0.4612547799675326,0.4612547799675326,22,1,False
validation,2017-11-27 23:00:00,2017-11-28 23:00:00,427.0,429.2676356054693,2.2676356054693088,2.2676356054693088,23,1,False
validation,2017-11-28 00:00:00,2017-11-29 00:00:00,423.0,424.2185615108775,1.218561510877521,1.218561510877521,0,2,False
validation,2017-11-28 01:00:00,2017-11-29 01:00:00,422.0,420.73428861876107,-1.2657113812389298,1.2657113812389298,1,2,False
validation,2017-11-28 02:00:00,2017-11-29 02:00:00,419.0,416.26140000778406,-2.7385999922159385,2.7385999922159385,2,2,False
validation,2017-11-28 03:00:00,2017-11-29 03:00:00,416.0,417.25984396529765,1.259843965297648,1.259843965297648,3,2,False
validation,2017-11-28 04:00:00,2017-11-29 04:00:00,416.0,418.93529553087785,2.935295530877852,2.935295530877852,4,2,False
validation,2017-11-28 05:00:00,2017-11-29 05:00:00,414.0,417.00045222579797,3.0004522257979716,3.0004522257979716,5,2,False
validation,2017-11-28 06:00:00,2017-11-29 06:00:00,415.0,419.118285691265,4.118285691264987,4.118285691264987,6,2,False
validation,2017-11-28 07:00:00,2017-11-29 07:00:00,420.0,428.2994620683335,8.299462068333526,8.299462068333526,7,2,False
validation,2017-11-28 08:00:00,2017-11-29 08:00:00,424.0,436.2296439166655,12.229643916665509,12.229643916665509,8,2,False
validation,2017-11-28 09:00:00,2017-11-29 09:00:00,442.0,451.5341607179492,9.534160717949192,9.534160717949192,9,2,False
validation,2017-11-28 10:00:00,2017-11-29 10:00:00,457.0,455.2568069355583,-1.743193064441698,1.743193064441698,10,2,False
validation,2017-11-28 11:00:00,2017-11-29 11:00:00,474.0,471.2781474972862,-2.721852502713773,2.721852502713773,11,2,False
validation,2017-11-28 12:00:00,2017-11-29 12:00:00,479.0,473.03445665815394,-5.9655433418460575,5.9655433418460575,12,2,False
validation,2017-11-28 13:00:00,2017-11-29 13:00:00,479.0,475.76920704568766,-3.230792954312335,3.230792954312335,13,2,False
validation,2017-11-28 14:00:00,2017-11-29 14:00:00,481.0,472.43775687534384,-8.562243124656163,8.562243124656163,14,2,False
validation,2017-11-28 15:00:00,2017-11-29 15:00:00,482.0,473.2896579709976,-8.71034202900239,8.71034202900239,15,2,False
validation,2017-11-28 16:00:00,2017-11-29 16:00:00,487.0,479.1258547449992,-7.874145255000826,7.874145255000826,16,2,False
validation,2017-11-28 17:00:00,2017-11-29 17:00:00,476.0,479.55948488950503,3.559484889505029,3.559484889505029,17,2,False
validation,2017-11-28 18:00:00,2017-11-29 18:00:00,456.0,469.6646575957979,13.664657595797905,13.664657595797905,18,2,False
validation,2017-11-28 19:00:00,2017-11-29 19:00:00,448.0,456.5031745256534,8.503174525653378,8.503174525653378,19,2,False
validation,2017-11-28 20:00:00,2017-11-29 20:00:00,438.0,446.62458472633483,8.624584726334831,8.624584726334831,20,2,False
validation,2017-11-28 21:00:00,2017-11-29 21:00:00,429.0,437.54904619955994,8.549046199559939,8.549046199559939,21,2,False
validation,2017-11-28 22:00:00,2017-11-29 22:00:00,422.0,436.18785433954105,14.187854339541047,14.187854339541047,22,2,False
validation,2017-11-28 23:00:00,2017-11-29 23:00:00,417.0,430.5719640773462,13.571964077346195,13.571964077346195,23,2,False
validation,2017-11-29 00:00:00,2017-11-30 00:00:00,412.0,426.1450564255247,14.145056425524672,14.145056425524672,0,3,False
validation,2017-11-29 01:00:00,2017-11-30 01:00:00,409.0,424.46755687866283,15.467556878662833,15.467556878662833,1,3,False
validation,2017-11-29 02:00:00,2017-11-30 02:00:00,406.0,422.91492941444005,16.914929414440053,16.914929414440053,2,3,False
validation,2017-11-29 03:00:00,2017-11-30 03:00:00,407.0,419.16958563342234,12.169585633422344,12.169585633422344,3,3,False
validation,2017-11-29 04:00:00,2017-11-30 04:00:00,404.0,415.771389735205,11.771389735204991,11.771389735204991,4,3,False
validation,2017-11-29 05:00:00,2017-11-30 05:00:00,407.0,414.12438512920875,7.124385129208747,7.124385129208747,5,3,False
validation,2017-11-29 06:00:00,2017-11-30 06:00:00,407.0,415.27826926433113,8.27826926433113,8.27826926433113,6,3,False
validation,2017-11-29 07:00:00,2017-11-30 07:00:00,411.0,421.47251015669394,10.472510156693943,10.472510156693943,7,3,False
validation,2017-11-29 08:00:00,2017-11-30 08:00:00,418.0,431.39895512413585,13.398955124135853,13.398955124135853,8,3,False
validation,2017-11-29 09:00:00,2017-11-30 09:00:00,432.0,446.8474792253255,14.847479225325515,14.847479225325515,9,3,False
validation,2017-11-29 10:00:00,2017-11-30 10:00:00,451.0,461.416263381424,10.416263381424017,10.416263381424017,10,3,False
validation,2017-11-29 11:00:00,2017-11-30 11:00:00,462.0,474.1901756307288,12.190175630728788,12.190175630728788,11,3,False
validation,2017-11-29 12:00:00,2017-11-30 12:00:00,470.0,481.5425560289378,11.542556028937781,11.542556028937781,12,3,False
validation,2017-11-29 13:00:00,2017-11-30 13:00:00,466.0,482.2679952366687,16.267995236668696,16.267995236668696,13,3,False
validation,2017-11-29 14:00:00,2017-11-30 14:00:00,469.0,484.48256002540705,15.482560025407054,15.482560025407054,14,3,False
validation,2017-11-29 15:00:00,2017-11-30 15:00:00,474.0,484.32977868003053,10.329778680030529,10.329778680030529,15,3,False
validation,2017-11-29 16:00:00,2017-11-30 16:00:00,473.0,484.8039588373394,11.803958837339394,11.803958837339394,16,3,False
validation,2017-11-29 17:00:00,2017-11-30 17:00:00,468.0,474.8023224618142,6.802322461814185,6.802322461814185,17,3,False
validation,2017-11-29 18:00:00,2017-11-30 18:00:00,459.0,459.6621349017513,0.6621349017513012,0.6621349017513012,18,3,False
validation,2017-11-29 19:00:00,2017-11-30 19:00:00,444.0,447.32942627910353,3.3294262791035294,3.3294262791035294,19,3,False
validation,2017-11-29 20:00:00,2017-11-30 20:00:00,434.0,439.78426559079264,5.784265590792643,5.784265590792643,20,3,False
validation,2017-11-29 21:00:00,2017-11-30 21:00:00,428.0,434.1190141213832,6.119014121383202,6.119014121383202,21,3,False
validation,2017-11-29 22:00:00,2017-11-30 22:00:00,418.0,425.71473979771156,7.714739797711559,7.714739797711559,22,3,False
validation,2017-11-29 23:00:00,2017-11-30 23:00:00,413.0,420.74872541731276,7.748725417312755,7.748725417312755,23,3,False
validation,2017-11-30 00:00:00,2017-12-01 00:00:00,409.0,416.0123845830061,7.01238458300611,7.01238458300611,0,4,False
validation,2017-11-30 01:00:00,2017-12-01 01:00:00,417.0,412.5120521424233,-4.487947857576728,4.487947857576728,1,4,False
validation,2017-11-30 02:00:00,2017-12-01 02:00:00,416.0,410.1784369974299,-5.8215630025700875,5.8215630025700875,2,4,False
validation,2017-11-30 03:00:00,2017-12-01 03:00:00,412.0,410.3160209945324,-1.68397900546762,1.68397900546762,3,4,False
validation,2017-11-30 04:00:00,2017-12-01 04:00:00,413.0,411.1396300660522,-1.8603699339478226,1.8603699339478226,4,4,False
validation,2017-11-30 05:00:00,2017-12-01 05:00:00,412.0,410.215506009746,-1.7844939902540204,1.7844939902540204,5,4,False
validation,2017-11-30 06:00:00,2017-12-01 06:00:00,410.0,409.839760701364,-0.16023929863598596,0.16023929863598596,6,4,False
validation,2017-11-30 07:00:00,2017-12-01 07:00:00,416.0,413.14196020030886,-2.8580397996911415,2.8580397996911415,7,4,False
validation,2017-11-30 08:00:00,2017-12-01 08:00:00,423.0,420.133451830301,-2.8665481696990014,2.8665481696990014,8,4,False
validation,2017-11-30 09:00:00,2017-12-01 09:00:00,434.0,434.0034824081167,0.0034824081167244003,0.0034824081167244003,9,4,False
validation,2017-11-30 10:00:00,2017-12-01 10:00:00,456.0,446.16721119474056,-9.83278880525944,9.83278880525944,10,4,False
validation,2017-11-30 11:00:00,2017-12-01 11:00:00,473.0,460.6708179356867,-12.329182064313272,12.329182064313272,11,4,False
validation,2017-11-30 12:00:00,2017-12-01 12:00:00,470.0,466.676596197387,-3.3234038026129724,3.3234038026129724,12,4,False
validation,2017-11-30 13:00:00,2017-12-01 13:00:00,465.0,465.7220174081229,0.7220174081228947,0.7220174081228947,13,4,False
validation,2017-11-30 14:00:00,2017-12-01 14:00:00,475.0,465.4481505216042,-9.551849478395809,9.551849478395809,14,4,False
validation,2017-11-30 15:00:00,2017-12-01 15:00:00,472.0,469.56429102928814,-2.4357089707118575,2.4357089707118575,15,4,False
validation,2017-11-30 16:00:00,2017-12-01 16:00:00,477.0,468.8951848447651,-8.104815155234917,8.104815155234917,16,4,False
validation,2017-11-30 17:00:00,2017-12-01 17:00:00,470.0,463.5385885864316,-6.461411413568385,6.461411413568385,17,4,False
validation,2017-11-30 18:00:00,2017-12-01 18:00:00,458.0,453.5025756217309,-4.497424378269102,4.497424378269102,18,4,False
validation,2017-11-30 19:00:00,2017-12-01 19:00:00,449.0,438.8324581750636,-10.167541824936393,10.167541824936393,19,4,False
validation,2017-11-30 20:00:00,2017-12-01 20:00:00,444.0,430.64174873548984,-13.358251264510159,13.358251264510159,20,4,False
validation,2017-11-30 21:00:00,2017-12-01 21:00:00,438.0,427.4348423264016,-10.565157673598378,10.565157673598378,21,4,False
validation,2017-11-30 22:00:00,2017-12-01 22:00:00,427.0,417.64725364602145,-9.352746353978546,9.352746353978546,22,4,False
validation,2017-11-30 23:00:00,2017-12-01 23:00:00,423.0,412.134167088554,-10.865832911445978,10.865832911445978,23,4,False
test,2017-12-01 00:00:00,2017-12-02 00:00:00,418.0,410.99783484699174,-7.002165153008264,7.002165153008264,0,5,True
test,2017-12-01 01:00:00,2017-12-02 01:00:00,414.0,410.21090132315373,-3.7890986768462653,3.7890986768462653,1,5,True
test,2017-12-01 02:00:00,2017-12-02 02:00:00,412.0,411.58280791022054,-0.4171920897794621,0.4171920897794621,2,5,True
test,2017-12-01 03:00:00,2017-12-02 03:00:00,411.0,405.98024111583715,-5.019758884162854,5.019758884162854,3,5,True
test,2017-12-01 04:00:00,2017-12-02 04:00:00,411.0,405.84971859932415,-5.150281400675851,5.150281400675851,4,5,True
test,2017-12-01 05:00:00,2017-12-02 05:00:00,409.0,406.1324660204578,-2.867533979542202,2.867533979542202,5,5,True
test,2017-12-01 06:00:00,2017-12-02 06:00:00,412.0,405.17859994885214,-6.821400051147862,6.821400051147862,6,5,True
test,2017-12-01 07:00:00,2017-12-02 07:00:00,410.0,404.8366575171078,-5.163342482892176,5.163342482892176,7,5,True
test,2017-12-01 08:00:00,2017-12-02 08:00:00,409.0,407.8932123202249,-1.1067876797750955,1.1067876797750955,8,5,True
test,2017-12-01 09:00:00,2017-12-02 09:00:00,408.0,415.00267890273386,7.002678902733862,7.002678902733862,9,5,True
test,2017-12-01 10:00:00,2017-12-02 10:00:00,417.0,422.0200760122435,5.020076012243521,5.020076012243521,10,5,True
test,2017-12-01 11:00:00,2017-12-02 11:00:00,421.0,427.4959306400899,6.4959306400899095,6.4959306400899095,11,5,True
test,2017-12-01 12:00:00,2017-12-02 12:00:00,418.0,429.4332728164066,11.4332728164066,11.4332728164066,12,5,True
test,2017-12-01 13:00:00,2017-12-02 13:00:00,420.0,432.0973892505393,12.097389250539322,12.097389250539322,13,5,True
test,2017-12-01 14:00:00,2017-12-02 14:00:00,425.0,433.21246382683904,8.212463826839041,8.212463826839041,14,5,True
test,2017-12-01 15:00:00,2017-12-02 15:00:00,424.0,435.8363249562053,11.836324956205317,11.836324956205317,15,5,True
test,2017-12-01 16:00:00,2017-12-02 16:00:00,426.0,435.8779185352575,9.877918535257493,9.877918535257493,16,5,True
test,2017-12-01 17:00:00,2017-12-02 17:00:00,423.0,435.30366924246783,12.303669242467834,12.303669242467834,17,5,True
test,2017-12-01 18:00:00,2017-12-02 18:00:00,423.0,431.29864102140317,8.29864102140317,8.29864102140317,18,5,True
test,2017-12-01 19:00:00,2017-12-02 19:00:00,419.0,427.37286097125946,8.372860971259456,8.372860971259456,19,5,True
test,2017-12-01 20:00:00,2017-12-02 20:00:00,416.0,425.30422421588173,9.304224215881732,9.304224215881732,20,5,True
test,2017-12-01 21:00:00,2017-12-02 21:00:00,416.0,419.01997891703326,3.0199789170332565,3.0199789170332565,21,5,True
test,2017-12-01 22:00:00,2017-12-02 22:00:00,409.0,417.9533383869815,8.9533383869815,8.9533383869815,22,5,True
test,2017-12-01 23:00:00,2017-12-02 23:00:00,407.0,413.1465465214889,6.146546521488915,6.146546521488915,23,5,True
test,2017-12-02 00:00:00,2017-12-03 00:00:00,407.0,412.5417680515331,5.541768051533097,5.541768051533097,0,6,True
test,2017-12-02 01:00:00,2017-12-03 01:00:00,408.0,408.60470608635785,0.6047060863578508,0.6047060863578508,1,6,True
test,2017-12-02 02:00:00,2017-12-03 02:00:00,411.0,408.39960070450974,-2.600399295490263,2.600399295490263,2,6,True
test,2017-12-02 03:00:00,2017-12-03 03:00:00,410.0,405.0418331801311,-4.958166819868893,4.958166819868893,3,6,True
test,2017-12-02 04:00:00,2017-12-03 04:00:00,413.0,404.45111976087657,-8.548880239123434,8.548880239123434,4,6,True
test,2017-12-02 05:00:00,2017-12-03 05:00:00,410.0,405.089589510623,-4.910410489377,4.910410489377,5,6,True
test,2017-12-02 06:00:00,2017-12-03 06:00:00,411.0,405.26319670206846,-5.736803297931544,5.736803297931544,6,6,True
test,2017-12-02 07:00:00,2017-12-03 07:00:00,410.0,403.7094702762683,-6.290529723731709,6.290529723731709,7,6,True
test,2017-12-02 08:00:00,2017-12-03 08:00:00,409.0,404.0964945457511,-4.9035054542488865,4.9035054542488865,8,6,True
test,2017-12-02 09:00:00,2017-12-03 09:00:00,411.0,405.3965818277149,-5.603418172285103,5.603418172285103,9,6,True
test,2017-12-02 10:00:00,2017-12-03 10:00:00,413.0,408.89944025762793,-4.10055974237207,4.10055974237207,10,6,True
test,2017-12-02 11:00:00,2017-12-03 11:00:00,414.0,415.4381093755891,1.4381093755890788,1.4381093755890788,11,6,True
test,2017-12-02 12:00:00,2017-12-03 12:00:00,419.0,416.4006565455386,-2.5993434544614047,2.5993434544614047,12,6,True
test,2017-12-02 13:00:00,2017-12-03 13:00:00,420.0,416.8142891434355,-3.1857108565645262,3.1857108565645262,13,6,True
test,2017-12-02 14:00:00,2017-12-03 14:00:00,424.0,423.72574772188307,-0.27425227811693276,0.27425227811693276,14,6,True
test,2017-12-02 15:00:00,2017-12-03 15:00:00,432.0,424.467264624128,-7.532735375871994,7.532735375871994,15,6,True
test,2017-12-02 16:00:00,2017-12-03 16:00:00,431.0,426.8293744882359,-4.170625511764115,4.170625511764115,16,6,True
test,2017-12-02 17:00:00,2017-12-03 17:00:00,430.0,426.29034775297697,-3.7096522470230298,3.7096522470230298,17,6,True
test,2017-12-02 18:00:00,2017-12-03 18:00:00,427.0,423.6628634820221,-3.3371365179779104,3.3371365179779104,18,6,True
test,2017-12-02 19:00:00,2017-12-03 19:00:00,429.0,419.8266913074477,-9.173308692552325,9.173308692552325,19,6,True
test,2017-12-02 20:00:00,2017-12-03 20:00:00,424.0,418.0327050393527,-5.96729496064728,5.96729496064728,20,6,True
test,2017-12-02 21:00:00,2017-12-03 21:00:00,418.0,412.8081595940169,-5.1918404059831005,5.1918404059831005,21,6,True
test,2017-12-02 22:00:00,2017-12-03 22:00:00,420.0,410.64695891703093,-9.35304108296907,9.35304108296907,22,6,True
test,2017-12-02 23:00:00,2017-12-03 23:00:00,418.0,408.9129074491159,-9.087092550884108,9.087092550884108,23,6,True
test,2017-12-03 00:00:00,2017-12-04 00:00:00,413.0,406.13717189012357,-6.862828109876432,6.862828109876432,0,0,False
test,2017-12-03 01:00:00,2017-12-04 01:00:00,412.0,406.2641119573024,-5.735888042697582,5.735888042697582,1,0,False
test,2017-12-03 02:00:00,2017-12-04 02:00:00,412.0,407.2838911737289,-4.716108826271125,4.716108826271125,2,0,False
test,2017-12-03 03:00:00,2017-12-04 03:00:00,404.0,405.5968544492958,1.5968544492957903,1.5968544492957903,3,0,False
test,2017-12-03 04:00:00,2017-12-04 04:00:00,396.0,406.17541344541957,10.175413445419565,10.175413445419565,4,0,False
test,2017-12-03 05:00:00,2017-12-04 05:00:00,394.0,405.77029968683473,11.770299686834733,11.770299686834733,5,0,False
test,2017-12-03 06:00:00,2017-12-04 06:00:00,398.0,406.3693868340914,8.369386834091415,8.369386834091415,6,0,False
test,2017-12-03 07:00:00,2017-12-04 07:00:00,403.0,407.0174794274983,4.0174794274983014,4.0174794274983014,7,0,False
test,2017-12-03 08:00:00,2017-12-04 08:00:00,407.0,411.49902223247153,4.499022232471532,4.499022232471532,8,0,False
test,2017-12-03 09:00:00,2017-12-04 09:00:00,415.0,424.49865058788805,9.49865058788805,9.49865058788805,9,0,False
test,2017-12-03 10:00:00,2017-12-04 10:00:00,435.0,445.24565758152795,10.24565758152795,10.24565758152795,10,0,False
test,2017-12-03 11:00:00,2017-12-04 11:00:00,447.0,455.97833680915335,8.978336809153348,8.978336809153348,11,0,False
test,2017-12-03 12:00:00,2017-12-04 12:00:00,457.0,458.7255557004559,1.7255557004559137,1.7255557004559137,12,0,False
test,2017-12-03 13:00:00,2017-12-04 13:00:00,462.0,456.31118004448444,-5.688819955515555,5.688819955515555,13,0,False
test,2017-12-03 14:00:00,2017-12-04 14:00:00,463.0,461.613881995926,-1.3861180040739782,1.3861180040739782,14,0,False
test,2017-12-03 15:00:00,2017-12-04 15:00:00,463.0,468.20049580197303,5.200495801973034,5.200495801973034,15,0,False
test,2017-12-03 16:00:00,2017-12-04 16:00:00,462.0,466.64981722811405,4.6498172281140455,4.6498172281140455,16,0,False
test,2017-12-03 17:00:00,2017-12-04 17:00:00,465.0,462.35524447001154,-2.6447555299884584,2.6447555299884584,17,0,False
test,2017-12-03 18:00:00,2017-12-04 18:00:00,460.0,448.63303085342585,-11.36696914657415,11.36696914657415,18,0,False
test,2017-12-03 19:00:00,2017-12-04 19:00:00,450.0,441.00563638481026,-8.99436361518974,8.99436361518974,19,0,False
test,2017-12-03 20:00:00,2017-12-04 20:00:00,442.0,434.3265847261401,-7.673415273859916,7.673415273859916,20,0,False
test,2017-12-03 21:00:00,2017-12-04 21:00:00,437.0,431.4865351334364,-5.513464866563595,5.513464866563595,21,0,False
test,2017-12-03 22:00:00,2017-12-04 22:00:00,435.0,422.36694342708813,-12.633056572911869,12.633056572911869,22,0,False
test,2017-12-03 23:00:00,2017-12-04 23:00:00,432.0,419.05114627645486,-12.948853723545142,12.948853723545142,23,0,False
test,2017-12-04 00:00:00,2017-12-05 00:00:00,428.0,418.49750285141357,-9.502497148586428,9.502497148586428,0,1,False
test,2017-12-04 01:00:00,2017-12-05 01:00:00,427.0,415.5697657045316,-11.43023429546838,11.43023429546838,1,1,False
test,2017-12-04 02:00:00,2017-12-05 02:00:00,421.0,415.4410731256576,-5.558926874342376,5.558926874342376,2,1,False
test,2017-12-04 03:00:00,2017-12-05 03:00:00,418.0,412.52554761818413,-5.4744523818158655,5.4744523818158655,3,1,False
test,2017-12-04 04:00:00,2017-12-05 04:00:00,412.0,414.9806960323638,2.9806960323638236,2.9806960323638236,4,1,False
test,2017-12-04 05:00:00,2017-12-05 05:00:00,415.0,412.6071462886703,-2.3928537113296784,2.3928537113296784,5,1,False
test,2017-12-04 06:00:00,2017-12-05 06:00:00,409.0,416.0757744844321,7.075774484432088,7.075774484432088,6,1,False
test,2017-12-04 07:00:00,2017-12-05 07:00:00,415.0,418.57131655363946,3.5713165536394627,3.5713165536394627,7,1,False
test,2017-12-04 08:00:00,2017-12-05 08:00:00,415.0,424.36930184596963,9.36930184596963,9.36930184596963,8,1,False
test,2017-12-04 09:00:00,2017-12-05 09:00:00,437.0,430.8973480396862,-6.1026519603137785,6.1026519603137785,9,1,False
test,2017-12-04 10:00:00,2017-12-05 10:00:00,444.0,451.6411144985346,7.641114498534591,7.641114498534591,10,1,False
test,2017-12-04 11:00:00,2017-12-05 11:00:00,459.0,462.55673079410263,3.5567307941026343,3.5567307941026343,11,1,False
test,2017-12-04 12:00:00,2017-12-05 12:00:00,465.0,465.834755697467,0.8347556974670169,0.8347556974670169,12,1,False
test,2017-12-04 13:00:00,2017-12-05 13:00:00,469.0,465.5562972511226,-3.4437027488773992,3.4437027488773992,13,1,False
test,2017-12-04 14:00:00,2017-12-05 14:00:00,467.0,467.8250080450504,0.8250080450504242,0.8250080450504242,14,1,False
test,2017-12-04 15:00:00,2017-12-05 15:00:00,468.0,467.1842203337409,-0.8157796662591181,0.8157796662591181,15,1,False
test,2017-12-04 16:00:00,2017-12-05 16:00:00,470.0,463.7337582618872,-6.266241738112797,6.266241738112797,16,1,False
test,2017-12-04 17:00:00,2017-12-05 17:00:00,471.0,464.30735883176465,-6.692641168235355,6.692641168235355,17,1,False
test,2017-12-04 18:00:00,2017-12-05 18:00:00,466.0,456.4981124838262,-9.501887516173781,9.501887516173781,18,1,False
test,2017-12-04 19:00:00,2017-12-05 19:00:00,451.0,448.90232819846,-2.0976718015400024,2.0976718015400024,19,1,False
test,2017-12-04 20:00:00,2017-12-05 20:00:00,445.0,438.27627177048487,-6.723728229515132,6.723728229515132,20,1,False
test,2017-12-04 21:00:00,2017-12-05 21:00:00,435.0,431.53515399715104,-3.464846002848958,3.464846002848958,21,1,False
test,2017-12-04 22:00:00,2017-12-05 22:00:00,427.0,430.5763286946888,3.5763286946888115,3.5763286946888115,22,1,False
test,2017-12-04 23:00:00,2017-12-05 23:00:00,424.0,430.2963857797723,6.296385779772322,6.296385779772322,23,1,False
test,2017-12-05 00:00:00,2017-12-06 00:00:00,421.0,427.6568034453117,6.656803445311709,6.656803445311709,0,2,False
test,2017-12-05 01:00:00,2017-12-06 01:00:00,422.0,426.4119575328887,4.411957532888721,4.411957532888721,1,2,False
test,2017-12-05 02:00:00,2017-12-06 02:00:00,417.0,421.45945748939147,4.459457489391468,4.459457489391468,2,2,False
test,2017-12-05 03:00:00,2017-12-06 03:00:00,415.0,417.1099003419974,2.1099003419973883,2.1099003419973883,3,2,False
test,2017-12-05 04:00:00,2017-12-06 04:00:00,416.0,412.80816574129625,-3.19183425870375,3.19183425870375,4,2,False
test,2017-12-05 05:00:00,2017-12-06 05:00:00,416.0,410.71347034449434,-5.28652965550566,5.28652965550566,5,2,False
test,2017-12-05 06:00:00,2017-12-06 06:00:00,415.0,409.7932248341349,-5.2067751658651105,5.2067751658651105,6,2,False
test,2017-12-05 07:00:00,2017-12-06 07:00:00,418.0,416.17760417820523,-1.822395821794771,1.822395821794771,7,2,False
test,2017-12-05 08:00:00,2017-12-06 08:00:00,428.0,418.78716626239725,-9.21283373760275,9.21283373760275,8,2,False
test,2017-12-05 09:00:00,2017-12-06 09:00:00,430.0,438.07402273334134,8.074022733341337,8.074022733341337,9,2,False
test,2017-12-05 10:00:00,2017-12-06 10:00:00,450.0,451.516895130645,1.5168951306450253,1.5168951306450253,10,2,False
test,2017-12-05 11:00:00,2017-12-06 11:00:00,463.0,461.98741916479935,-1.0125808352006516,1.0125808352006516,11,2,False
test,2017-12-05 12:00:00,2017-12-06 12:00:00,468.0,466.691534627008,-1.308465372991975,1.308465372991975,12,2,False
test,2017-12-05 13:00:00,2017-12-06 13:00:00,467.0,469.7620396468032,2.7620396468032027,2.7620396468032027,13,2,False
test,2017-12-05 14:00:00,2017-12-06 14:00:00,472.0,468.62442934405385,-3.3755706559461487,3.3755706559461487,14,2,False
test,2017-12-05 15:00:00,2017-12-06 15:00:00,475.0,471.8728369884959,-3.1271630115040807,3.1271630115040807,15,2,False
test,2017-12-05 16:00:00,2017-12-06 16:00:00,471.0,469.9331361402954,-1.066863859704597,1.066863859704597,16,2,False
test,2017-12-05 17:00:00,2017-12-06 17:00:00,468.0,469.3476278228879,1.3476278228878869,1.3476278228878869,17,2,False
test,2017-12-05 18:00:00,2017-12-06 18:00:00,457.0,465.2781205134379,8.278120513437898,8.278120513437898,18,2,False
test,2017-12-05 19:00:00,2017-12-06 19:00:00,449.0,452.7141608692621,3.714160869262116,3.714160869262116,19,2,False
test,2017-12-05 20:00:00,2017-12-06 20:00:00,438.0,441.9283171099319,3.9283171099319247,3.9283171099319247,20,2,False
test,2017-12-05 21:00:00,2017-12-06 21:00:00,427.0,435.24355371312464,8.24355371312464,8.24355371312464,21,2,False
test,2017-12-05 22:00:00,2017-12-06 22:00:00,421.0,432.5651575025756,11.565157502575573,11.565157502575573,22,2,False
test,2017-12-05 23:00:00,2017-12-06 23:00:00,420.0,427.43527418146664,7.435274181466639,7.435274181466639,23,2,False
test,2017-12-06 00:00:00,2017-12-07 00:00:00,415.0,424.0430249482638,9.043024948263792,9.043024948263792,0,3,False
test,2017-12-06 01:00:00,2017-12-07 01:00:00,414.0,422.5693528192504,8.569352819250412,8.569352819250412,1,3,False
test,2017-12-06 02:00:00,2017-12-07 02:00:00,410.0,417.043404551625,7.043404551624974,7.043404551624974,2,3,False
test,2017-12-06 03:00:00,2017-12-07 03:00:00,409.0,414.25150315739666,5.251503157396655,5.251503157396655,3,3,False
test,2017-12-06 04:00:00,2017-12-07 04:00:00,410.0,413.07572610964655,3.0757261096465527,3.0757261096465527,4,3,False
test,2017-12-06 05:00:00,2017-12-07 05:00:00,409.0,413.18098662654677,4.180986626546769,4.180986626546769,5,3,False
test,2017-12-06 06:00:00,2017-12-07 06:00:00,406.0,413.14902534638935,7.149025346389351,7.149025346389351,6,3,False
test,2017-12-06 07:00:00,2017-12-07 07:00:00,411.0,417.9618045480824,6.961804548082398,6.961804548082398,7,3,False
test,2017-12-06 08:00:00,2017-12-07 08:00:00,423.0,430.2665531672259,7.266553167225879,7.266553167225879,8,3,False
test,2017-12-06 09:00:00,2017-12-07 09:00:00,436.0,438.8282776811401,2.8282776811400936,2.8282776811400936,9,3,False
test,2017-12-06 10:00:00,2017-12-07 10:00:00,453.0,453.93984716568724,0.9398471656872402,0.9398471656872402,10,3,False
test,2017-12-06 11:00:00,2017-12-07 11:00:00,462.0,462.5596835546756,0.559683554675587,0.559683554675587,11,3,False
test,2017-12-06 12:00:00,2017-12-07 12:00:00,470.0,469.95082799444305,-0.049172005556954446,0.049172005556954446,12,3,False
test,2017-12-06 13:00:00,2017-12-07 13:00:00,471.0,470.42423206693513,-0.5757679330648671,0.5757679330648671,13,3,False
test,2017-12-06 14:00:00,2017-12-07 14:00:00,476.0,472.6891357814373,-3.310864218562699,3.310864218562699,14,3,False
test,2017-12-06 15:00:00,2017-12-07 15:00:00,483.0,477.3461097347937,-5.653890265206314,5.653890265206314,15,3,False
test,2017-12-06 16:00:00,2017-12-07 16:00:00,480.0,474.4543624304023,-5.545637569597716,5.545637569597716,16,3,False
test,2017-12-06 17:00:00,2017-12-07 17:00:00,474.0,470.6558082755853,-3.3441917244147135,3.3441917244147135,17,3,False
test,2017-12-06 18:00:00,2017-12-07 18:00:00,464.0,457.95514727175924,-6.044852728240755,6.044852728240755,18,3,False
test,2017-12-06 19:00:00,2017-12-07 19:00:00,450.0,448.77031484291206,-1.2296851570879426,1.2296851570879426,19,3,False
test,2017-12-06 20:00:00,2017-12-07 20:00:00,437.0,440.02587304178746,3.025873041787463,3.025873041787463,20,3,False
test,2017-12-06 21:00:00,2017-12-07 21:00:00,433.0,435.1152215856459,2.115221585645884,2.115221585645884,21,3,False
test,2017-12-06 22:00:00,2017-12-07 22:00:00,425.0,427.9823687244025,2.982368724402477,2.982368724402477,22,3,False
test,2017-12-06 23:00:00,2017-12-07 23:00:00,423.0,423.0023579719778,0.0023579719778012986,0.0023579719778012986,23,3,False
test,2017-12-07 00:00:00,2017-12-08 00:00:00,420.0,414.6663240284977,-5.333675971502316,5.333675971502316,0,4,False
test,2017-12-07 01:00:00,2017-12-08 01:00:00,418.0,411.1320592367582,-6.867940763241791,6.867940763241791,1,4,False
test,2017-12-07 02:00:00,2017-12-08 02:00:00,414.0,409.7481784993426,-4.2518215006574,4.2518215006574,2,4,False
test,2017-12-07 03:00:00,2017-12-08 03:00:00,412.0,408.1946323299569,-3.805367670043097,3.805367670043097,3,4,False
test,2017-12-07 04:00:00,2017-12-08 04:00:00,410.0,409.58030474760255,-0.419695252397446,0.419695252397446,4,4,False
test,2017-12-07 05:00:00,2017-12-08 05:00:00,413.0,409.9277072097243,-3.0722927902756965,3.0722927902756965,5,4,False
test,2017-12-07 06:00:00,2017-12-08 06:00:00,413.0,408.83489347800787,-4.165106521992129,4.165106521992129,6,4,False
test,2017-12-07 07:00:00,2017-12-08 07:00:00,419.0,410.7110976969321,-8.288902303067914,8.288902303067914,7,4,False
test,2017-12-07 08:00:00,2017-12-08 08:00:00,421.0,416.84923865804893,-4.150761341951068,4.150761341951068,8,4,False
test,2017-12-07 09:00:00,2017-12-08 09:00:00,443.0,429.8203353872889,-13.179664612711122,13.179664612711122,9,4,False
test,2017-12-07 10:00:00,2017-12-08 10:00:00,454.0,445.5396639038669,-8.460336096133119,8.460336096133119,10,4,False
test,2017-12-07 11:00:00,2017-12-08 11:00:00,470.0,461.5482419644828,-8.451758035517173,8.451758035517173,11,4,False
test,2017-12-07 12:00:00,2017-12-08 12:00:00,469.0,467.1748385791885,-1.8251614208115257,1.8251614208115257,12,4,False
test,2017-12-07 13:00:00,2017-12-08 13:00:00,473.0,468.5459023361595,-4.454097663840514,4.454097663840514,13,4,False
test,2017-12-07 14:00:00,2017-12-08 14:00:00,477.0,471.65394261404356,-5.346057385956442,5.346057385956442,14,4,False
test,2017-12-07 15:00:00,2017-12-08 15:00:00,479.0,474.39086540114613,-4.609134598853871,4.609134598853871,15,4,False
test,2017-12-07 16:00:00,2017-12-08 16:00:00,483.0,473.41287900280594,-9.587120997194063,9.587120997194063,16,4,False
test,2017-12-07 17:00:00,2017-12-08 17:00:00,474.0,468.3626230585726,-5.637376941427419,5.637376941427419,17,4,False
test,2017-12-07 18:00:00,2017-12-08 18:00:00,458.0,458.26940481589315,0.2694048158931537,0.2694048158931537,18,4,False
test,2017-12-07 19:00:00,2017-12-08 19:00:00,444.0,445.49914189702827,1.4991418970282666,1.4991418970282666,19,4,False
test,2017-12-07 20:00:00,2017-12-08 20:00:00,431.0,432.3470262111657,1.347026211165712,1.347026211165712,20,4,False
test,2017-12-07 21:00:00,2017-12-08 21:00:00,428.0,426.6856966405046,-1.3143033594953977,1.3143033594953977,21,4,False
test,2017-12-07 22:00:00,2017-12-08 22:00:00,424.0,419.54303878460183,-4.456961215398167,4.456961215398167,22,4,False
test,2017-12-07 23:00:00,2017-12-08 23:00:00,418.0,415.81049534768425,-2.1895046523157475,2.1895046523157475,23,4,False
test,2017-12-08 00:00:00,2017-12-09 00:00:00,414.0,413.8195947525347,-0.18040524746527353,0.18040524746527353,0,5,True
test,2017-12-08 01:00:00,2017-12-09 01:00:00,409.0,412.2971744541506,3.2971744541505927,3.2971744541505927,1,5,True
test,2017-12-08 02:00:00,2017-12-09 02:00:00,409.0,410.05562269317784,1.0556226931778383,1.0556226931778383,2,5,True
test,2017-12-08 03:00:00,2017-12-09 03:00:00,410.0,406.516113549341,-3.4838864506589857,3.4838864506589857,3,5,True
test,2017-12-08 04:00:00,2017-12-09 04:00:00,410.0,406.2408694053626,-3.7591305946373836,3.7591305946373836,4,5,True
test,2017-12-08 05:00:00,2017-12-09 05:00:00,409.0,406.20252237637646,-2.7974776236235357,2.7974776236235357,5,5,True
test,2017-12-08 06:00:00,2017-12-09 06:00:00,408.0,405.7713263149758,-2.228673685024205,2.228673685024205,6,5,True
test,2017-12-08 07:00:00,2017-12-09 07:00:00,407.0,406.55719470944405,-0.4428052905559525,0.4428052905559525,7,5,True
test,2017-12-08 08:00:00,2017-12-09 08:00:00,406.0,409.6759516990404,3.675951699040411,3.675951699040411,8,5,True
test,2017-12-08 09:00:00,2017-12-09 09:00:00,410.0,414.6442968005186,4.644296800518589,4.644296800518589,9,5,True
test,2017-12-08 10:00:00,2017-12-09 10:00:00,413.0,421.75003882596747,8.750038825967465,8.750038825967465,10,5,True
test,2017-12-08 11:00:00,2017-12-09 11:00:00,415.0,424.72267512626615,9.722675126266154,9.722675126266154,11,5,True
test,2017-12-08 12:00:00,2017-12-09 12:00:00,421.0,427.0840276175059,6.08402761750591,6.08402761750591,12,5,True
test,2017-12-08 13:00:00,2017-12-09 13:00:00,419.0,428.57036244703096,9.57036244703096,9.57036244703096,13,5,True
test,2017-12-08 14:00:00,2017-12-09 14:00:00,425.0,431.1396945546324,6.139694554632399,6.139694554632399,14,5,True
test,2017-12-08 15:00:00,2017-12-09 15:00:00,431.0,431.12200428028564,0.12200428028563692,0.12200428028563692,15,5,True
test,2017-12-08 16:00:00,2017-12-09 16:00:00,432.0,431.0032217946712,-0.9967782053287806,0.9967782053287806,16,5,True
test,2017-12-08 17:00:00,2017-12-09 17:00:00,430.0,430.9618310098781,0.9618310098780967,0.9618310098780967,17,5,True
test,2017-12-08 18:00:00,2017-12-09 18:00:00,423.0,428.6471037553305,5.647103755330477,5.647103755330477,18,5,True
test,2017-12-08 19:00:00,2017-12-09 19:00:00,419.0,427.6688743392758,8.668874339275817,8.668874339275817,19,5,True
test,2017-12-08 20:00:00,2017-12-09 20:00:00,416.0,422.2486241062616,6.248624106261616,6.248624106261616,20,5,True
test,2017-12-08 21:00:00,2017-12-09 21:00:00,416.0,417.69016434616964,1.690164346169638,1.690164346169638,21,5,True
test,2017-12-08 22:00:00,2017-12-09 22:00:00,413.0,415.372322693126,2.372322693126023,2.372322693126023,22,5,True
test,2017-12-08 23:00:00,2017-12-09 23:00:00,417.0,412.1823642558271,-4.81763574417289,4.81763574417289,23,5,True
test,2017-12-09 00:00:00,2017-12-10 00:00:00,413.0,410.41536803891256,-2.584631961087439,2.584631961087439,0,6,True
test,2017-12-09 01:00:00,2017-12-10 01:00:00,409.0,407.35652276122755,-1.643477238772448,1.643477238772448,1,6,True
test,2017-12-09 02:00:00,2017-12-10 02:00:00,407.0,408.09335512533346,1.09335512533346,1.09335512533346,2,6,True
test,2017-12-09 03:00:00,2017-12-10 03:00:00,408.0,405.586415962211,-2.4135840377890077,2.4135840377890077,3,6,True
test,2017-12-09 04:00:00,2017-12-10 04:00:00,408.0,405.6071026234706,-2.3928973765293904,2.3928973765293904,4,6,True
test,2017-12-09 05:00:00,2017-12-10 05:00:00,406.0,405.9061801971987,-0.0938198028013062,0.0938198028013062,5,6,True
test,2017-12-09 06:00:00,2017-12-10 06:00:00,404.0,405.1410733094119,1.1410733094119223,1.1410733094119223,6,6,True
test,2017-12-09 07:00:00,2017-12-10 07:00:00,404.0,404.2856284896621,0.28562848966208776,0.28562848966208776,7,6,True
test,2017-12-09 08:00:00,2017-12-10 08:00:00,406.0,404.0331523829569,-1.9668476170430722,1.9668476170430722,8,6,True
test,2017-12-09 09:00:00,2017-12-10 09:00:00,408.0,407.63312248799417,-0.3668775120058285,0.3668775120058285,9,6,True
test,2017-12-09 10:00:00,2017-12-10 10:00:00,410.0,407.5876039182511,-2.412396081748909,2.412396081748909,10,6,True
test,2017-12-09 11:00:00,2017-12-10 11:00:00,416.0,409.8162965471369,-6.183703452863085,6.183703452863085,11,6,True
test,2017-12-09 12:00:00,2017-12-10 12:00:00,419.0,415.1289516591623,-3.871048340837717,3.871048340837717,12,6,True
test,2017-12-09 13:00:00,2017-12-10 13:00:00,418.0,415.829128064756,-2.1708719352440085,2.1708719352440085,13,6,True
test,2017-12-09 14:00:00,2017-12-10 14:00:00,421.0,420.8625889653749,-0.13741103462507454,0.13741103462507454,14,6,True
test,2017-12-09 15:00:00,2017-12-10 15:00:00,425.0,424.91145298433185,-0.08854701566815493,0.08854701566815493,15,6,True
test,2017-12-09 16:00:00,2017-12-10 16:00:00,429.0,423.22558024832557,-5.774419751674429,5.774419751674429,16,6,True
test,2017-12-09 17:00:00,2017-12-10 17:00:00,426.0,429.28194811397924,3.28194811397924,3.28194811397924,17,6,True
test,2017-12-09 18:00:00,2017-12-10 18:00:00,426.0,423.4081695632064,-2.5918304367936003,2.5918304367936003,18,6,True
test,2017-12-09 19:00:00,2017-12-10 19:00:00,427.0,419.2437863485552,-7.756213651444796,7.756213651444796,19,6,True
test,2017-12-09 20:00:00,2017-12-10 20:00:00,423.0,415.7095745109126,-7.290425489087397,7.290425489087397,20,6,True
test,2017-12-09 21:00:00,2017-12-10 21:00:00,422.0,414.3236000930414,-7.676399906958579,7.676399906958579,21,6,True
test,2017-12-09 22:00:00,2017-12-10 22:00:00,421.0,409.70946512921313,-11.290534870786871,11.290534870786871,22,6,True
test,2017-12-09 23:00:00,2017-12-10 23:00:00,415.0,408.4684352812896,-6.531564718710399,6.531564718710399,23,6,True
test,2017-12-10 00:00:00,2017-12-11 00:00:00,413.0,409.1383972979299,-3.8616027020701154,3.8616027020701154,0,0,False
test,2017-12-10 01:00:00,2017-12-11 01:00:00,414.0,405.8682518067927,-8.131748193207272,8.131748193207272,1,0,False
test,2017-12-10 02:00:00,2017-12-11 02:00:00,409.0,405.89422478293574,-3.105775217064263,3.105775217064263,2,0,False
test,2017-12-10 03:00:00,2017-12-11 03:00:00,410.0,405.18300642353336,-4.816993576466643,4.816993576466643,3,0,False
test,2017-12-10 04:00:00,2017-12-11 04:00:00,404.0,404.7507492394526,0.7507492394526025,0.7507492394526025,4,0,False
test,2017-12-10 05:00:00,2017-12-11 05:00:00,405.0,404.9959658908925,-0.004034109107521999,0.004034109107521999,5,0,False
test,2017-12-10 06:00:00,2017-12-11 06:00:00,407.0,407.28168550960834,0.28168550960833727,0.28168550960833727,6,0,False
test,2017-12-10 07:00:00,2017-12-11 07:00:00,409.0,411.70405233503345,2.7040523350334524,2.7040523350334524,7,0,False
test,2017-12-10 08:00:00,2017-12-11 08:00:00,416.0,415.9511091223935,-0.04889087760648181,0.04889087760648181,8,0,False
test,2017-12-10 09:00:00,2017-12-11 09:00:00,427.0,427.6300789213714,0.6300789213714211,0.6300789213714211,9,0,False
test,2017-12-10 10:00:00,2017-12-11 10:00:00,441.0,449.07549368185676,8.075493681856756,8.075493681856756,10,0,False
test,2017-12-10 11:00:00,2017-12-11 11:00:00,462.0,461.95583448406757,-0.04416551593243412,0.04416551593243412,11,0,False
test,2017-12-10 12:00:00,2017-12-11 12:00:00,468.0,462.8177971375721,-5.182202862427914,5.182202862427914,12,0,False
test,2017-12-10 13:00:00,2017-12-11 13:00:00,469.0,463.815077372323,-5.184922627676997,5.184922627676997,13,0,False
test,2017-12-10 14:00:00,2017-12-11 14:00:00,469.0,465.72203828097844,-3.2779617190215617,3.2779617190215617,14,0,False
test,2017-12-10 15:00:00,2017-12-11 15:00:00,468.0,469.44228413164336,1.4422841316433619,1.4422841316433619,15,0,False
test,2017-12-10 16:00:00,2017-12-11 16:00:00,467.0,469.56414434261336,2.5641443426133605,2.5641443426133605,16,0,False
test,2017-12-10 17:00:00,2017-12-11 17:00:00,467.0,467.0811680460826,0.08116804608260964,0.08116804608260964,17,0,False
test,2017-12-10 18:00:00,2017-12-11 18:00:00,456.0,455.5394813107643,-0.4605186892356983,0.4605186892356983,18,0,False
test,2017-12-10 19:00:00,2017-12-11 19:00:00,451.0,444.50808234104534,-6.491917658954662,6.491917658954662,19,0,False
test,2017-12-10 20:00:00,2017-12-11 20:00:00,440.0,433.33690718955825,-6.6630928104417535,6.6630928104417535,20,0,False
test,2017-12-10 21:00:00,2017-12-11 21:00:00,428.0,431.3300636566807,3.330063656680693,3.330063656680693,21,0,False
test,2017-12-10 22:00:00,2017-12-11 22:00:00,429.0,429.04174966393816,0.041749663938162485,0.041749663938162485,22,0,False
test,2017-12-10 23:00:00,2017-12-11 23:00:00,419.0,423.5322476020058,4.532247602005782,4.532247602005782,23,0,False
test,2017-12-11 00:00:00,2017-12-12 00:00:00,417.0,420.2911503137392,3.2911503137391946,3.2911503137391946,0,1,False
test,2017-12-11 01:00:00,2017-12-12 01:00:00,415.0,416.9737293759667,1.973729375966684,1.973729375966684,1,1,False
test,2017-12-11 02:00:00,2017-12-12 02:00:00,412.0,412.86242329208835,0.8624232920883514,0.8624232920883514,2,1,False
test,2017-12-11 03:00:00,2017-12-12 03:00:00,410.0,411.5488060524873,1.5488060524872935,1.5488060524872935,3,1,False
test,2017-12-11 04:00:00,2017-12-12 04:00:00,408.0,411.3844291667198,3.3844291667198263,3.3844291667198263,4,1,False
test,2017-12-11 05:00:00,2017-12-12 05:00:00,406.0,410.7452037680495,4.745203768049521,4.745203768049521,5,1,False
test,2017-12-11 06:00:00,2017-12-12 06:00:00,406.0,410.7140271325102,4.714027132510182,4.714027132510182,6,1,False
test,2017-12-11 07:00:00,2017-12-12 07:00:00,408.0,417.01326671269163,9.013266712691632,9.013266712691632,7,1,False
test,2017-12-11 08:00:00,2017-12-12 08:00:00,421.0,422.4051587544706,1.4051587544706194,1.4051587544706194,8,1,False
test,2017-12-11 09:00:00,2017-12-12 09:00:00,433.0,436.6300639043626,3.6300639043626006,3.6300639043626006,9,1,False
test,2017-12-11 10:00:00,2017-12-12 10:00:00,446.0,449.08254370188087,3.0825437018808657,3.0825437018808657,10,1,False
test,2017-12-11 11:00:00,2017-12-12 11:00:00,459.0,466.4399888363388,7.4399888363387845,7.4399888363387845,11,1,False
test,2017-12-11 12:00:00,2017-12-12 12:00:00,464.0,471.297229120081,7.297229120080999,7.297229120080999,12,1,False
test,2017-12-11 13:00:00,2017-12-12 13:00:00,468.0,469.2177261458629,1.2177261458629118,1.2177261458629118,13,1,False
test,2017-12-11 14:00:00,2017-12-12 14:00:00,465.0,470.10677501602385,5.106775016023846,5.106775016023846,14,1,False
test,2017-12-11 15:00:00,2017-12-12 15:00:00,463.0,467.71731855927044,4.7173185592704385,4.7173185592704385,15,1,False
test,2017-12-11 16:00:00,2017-12-12 16:00:00,461.0,466.81171402431613,5.811714024316132,5.811714024316132,16,1,False
test,2017-12-11 17:00:00,2017-12-12 17:00:00,459.0,465.0691936033411,6.069193603341091,6.069193603341091,17,1,False
test,2017-12-11 18:00:00,2017-12-12 18:00:00,456.0,455.2383859377794,-0.7616140622205876,0.7616140622205876,18,1,False
test,2017-12-11 19:00:00,2017-12-12 19:00:00,446.0,447.4417317575303,1.441731757530306,1.441731757530306,19,1,False
test,2017-12-11 20:00:00,2017-12-12 20:00:00,436.0,437.65989543084004,1.659895430840038,1.659895430840038,20,1,False
test,2017-12-11 21:00:00,2017-12-12 21:00:00,432.0,431.42260073844824,-0.5773992615517614,0.5773992615517614,21,1,False
test,2017-12-11 22:00:00,2017-12-12 22:00:00,429.0,430.90629198548737,1.9062919854873712,1.9062919854873712,22,1,False
test,2017-12-11 23:00:00,2017-12-12 23:00:00,420.0,422.4416927121504,2.4416927121504273,2.4416927121504273,23,1,False
test,2017-12-12 00:00:00,2017-12-13 00:00:00,419.0,418.1954270052308,-0.8045729947692166,0.8045729947692166,0,2,False
test,2017-12-12 01:00:00,2017-12-13 01:00:00,409.0,416.3077630701493,7.307763070149292,7.307763070149292,1,2,False
test,2017-12-12 02:00:00,2017-12-13 02:00:00,410.0,412.39620446612213,2.3962044661221285,2.3962044661221285,2,2,False
test,2017-12-12 03:00:00,2017-12-13 03:00:00,409.0,411.34701337885406,2.347013378854058,2.347013378854058,3,2,False
test,2017-12-12 04:00:00,2017-12-13 04:00:00,407.0,408.7668904559287,1.766890455928717,1.766890455928717,4,2,False
test,2017-12-12 05:00:00,2017-12-13 05:00:00,407.0,409.0244746315444,2.0244746315444218,2.0244746315444218,5,2,False
test,2017-12-12 06:00:00,2017-12-13 06:00:00,406.0,408.5690476154671,2.5690476154671273,2.5690476154671273,6,2,False
test,2017-12-12 07:00:00,2017-12-13 07:00:00,410.0,410.9979196302817,0.9979196302816717,0.9979196302816717,7,2,False
test,2017-12-12 08:00:00,2017-12-13 08:00:00,417.0,421.4536292842666,4.453629284266583,4.453629284266583,8,2,False
test,2017-12-12 09:00:00,2017-12-13 09:00:00,424.0,435.99569708349503,11.995697083495031,11.995697083495031,9,2,False
test,2017-12-12 10:00:00,2017-12-13 10:00:00,441.0,442.6442665161977,1.6442665161977175,1.6442665161977175,10,2,False
test,2017-12-12 11:00:00,2017-12-13 11:00:00,459.0,456.87929427469095,-2.120705725309051,2.120705725309051,11,2,False
test,2017-12-12 12:00:00,2017-12-13 12:00:00,469.0,463.1248505053974,-5.875149494602624,5.875149494602624,12,2,False
test,2017-12-12 13:00:00,2017-12-13 13:00:00,473.0,467.532321035007,-5.467678964993013,5.467678964993013,13,2,False
test,2017-12-12 14:00:00,2017-12-13 14:00:00,470.0,464.5519176234924,-5.448082376507614,5.448082376507614,14,2,False
test,2017-12-12 15:00:00,2017-12-13 15:00:00,477.0,463.08561415325664,-13.914385846743357,13.914385846743357,15,2,False
test,2017-12-12 16:00:00,2017-12-13 16:00:00,468.0,461.7951496554669,-6.204850344533099,6.204850344533099,16,2,False
test,2017-12-12 17:00:00,2017-12-13 17:00:00,467.0,459.7917287261676,-7.208271273832395,7.208271273832395,17,2,False
test,2017-12-12 18:00:00,2017-12-13 18:00:00,463.0,455.9115204919196,-7.088479508080411,7.088479508080411,18,2,False
test,2017-12-12 19:00:00,2017-12-13 19:00:00,447.0,445.2934277266954,-1.7065722733045732,1.7065722733045732,19,2,False
test,2017-12-12 20:00:00,2017-12-13 20:00:00,432.0,436.9657000839958,4.9657000839957846,4.9657000839957846,20,2,False
test,2017-12-12 21:00:00,2017-12-13 21:00:00,427.0,434.5300679131541,7.530067913154085,7.530067913154085,21,2,False
test,2017-12-12 22:00:00,2017-12-13 22:00:00,428.0,431.5364866660932,3.5364866660931966,3.5364866660931966,22,2,False
test,2017-12-12 23:00:00,2017-12-13 23:00:00,422.0,421.6490450744137,-0.3509549255862794,0.3509549255862794,23,2,False
test,2017-12-13 00:00:00,2017-12-14 00:00:00,416.0,418.7303003714564,2.7303003714563943,2.7303003714563943,0,3,False
test,2017-12-13 01:00:00,2017-12-14 01:00:00,411.0,414.6851656151331,3.685165615133087,3.685165615133087,1,3,False
test,2017-12-13 02:00:00,2017-12-14 02:00:00,410.0,410.71860583543656,0.7186058354365628,0.7186058354365628,2,3,False
test,2017-12-13 03:00:00,2017-12-14 03:00:00,407.0,410.2105573771534,3.210557377153407,3.210557377153407,3,3,False
test,2017-12-13 04:00:00,2017-12-14 04:00:00,405.0,408.83655913264056,3.8365591326405593,3.8365591326405593,4,3,False
test,2017-12-13 05:00:00,2017-12-14 05:00:00,405.0,408.70181134985603,3.7018113498560297,3.7018113498560297,5,3,False
test,2017-12-13 06:00:00,2017-12-14 06:00:00,407.0,408.6694169794434,1.6694169794433833,1.6694169794433833,6,3,False
test,2017-12-13 07:00:00,2017-12-14 07:00:00,410.0,412.0347753483862,2.0347753483861766,2.0347753483861766,7,3,False
test,2017-12-13 08:00:00,2017-12-14 08:00:00,414.0,416.48306696367564,2.4830669636756397,2.4830669636756397,8,3,False
test,2017-12-13 09:00:00,2017-12-14 09:00:00,425.0,429.6887776440466,4.688777644046581,4.688777644046581,9,3,False
test,2017-12-13 10:00:00,2017-12-14 10:00:00,444.0,444.0451639257105,0.045163925710483,0.045163925710483,10,3,False
test,2017-12-13 11:00:00,2017-12-14 11:00:00,462.0,457.4096917937198,-4.590308206280213,4.590308206280213,11,3,False
test,2017-12-13 12:00:00,2017-12-14 12:00:00,466.0,467.0594062810272,1.0594062810271794,1.0594062810271794,12,3,False
test,2017-12-13 13:00:00,2017-12-14 13:00:00,468.0,468.6071088339651,0.6071088339651283,0.6071088339651283,13,3,False
test,2017-12-13 14:00:00,2017-12-14 14:00:00,471.0,468.61783550653695,-2.3821644934630513,2.3821644934630513,14,3,False
test,2017-12-13 15:00:00,2017-12-14 15:00:00,468.0,472.64277231407544,4.642772314075444,4.642772314075444,15,3,False
test,2017-12-13 16:00:00,2017-12-14 16:00:00,465.0,468.9834061403992,3.983406140399211,3.983406140399211,16,3,False
test,2017-12-13 17:00:00,2017-12-14 17:00:00,463.0,464.4082178233171,1.408217823317102,1.408217823317102,17,3,False
test,2017-12-13 18:00:00,2017-12-14 18:00:00,457.0,458.4618221388442,1.4618221388441839,1.4618221388441839,18,3,False
test,2017-12-13 19:00:00,2017-12-14 19:00:00,448.0,445.4058009512023,-2.594199048797691,2.594199048797691,19,3,False
test,2017-12-13 20:00:00,2017-12-14 20:00:00,443.0,438.20315104997707,-4.796848950022934,4.796848950022934,20,3,False
test,2017-12-13 21:00:00,2017-12-14 21:00:00,439.0,430.2707873877389,-8.729212612261108,8.729212612261108,21,3,False
test,2017-12-13 22:00:00,2017-12-14 22:00:00,430.0,429.4002306815215,-0.5997693184784794,0.5997693184784794,22,3,False
test,2017-12-13 23:00:00,2017-12-14 23:00:00,423.0,421.8007370489656,-1.1992629510344273,1.1992629510344273,23,3,False
test,2017-12-14 00:00:00,2017-12-15 00:00:00,417.0,415.44983515303693,-1.5501648469630709,1.5501648469630709,0,4,False
test,2017-12-14 01:00:00,2017-12-15 01:00:00,413.0,410.2228925299666,-2.7771074700333997,2.7771074700333997,1,4,False
test,2017-12-14 02:00:00,2017-12-15 02:00:00,411.0,409.1445398606087,-1.8554601393913117,1.8554601393913117,2,4,False
test,2017-12-14 03:00:00,2017-12-15 03:00:00,409.0,407.189044452131,-1.810955547869014,1.810955547869014,3,4,False
test,2017-12-14 04:00:00,2017-12-15 04:00:00,406.0,406.8365450153337,0.8365450153336838,0.8365450153336838,4,4,False
test,2017-12-14 05:00:00,2017-12-15 05:00:00,408.0,407.1756072320488,-0.824392767951224,0.824392767951224,5,4,False
test,2017-12-14 06:00:00,2017-12-15 06:00:00,409.0,407.95235380498593,-1.0476461950140674,1.0476461950140674,6,4,False
test,2017-12-14 07:00:00,2017-12-15 07:00:00,414.0,410.582000911952,-3.4179990880480204,3.4179990880480204,7,4,False
test,2017-12-14 08:00:00,2017-12-15 08:00:00,415.0,413.25222264672743,-1.7477773532725678,1.7477773532725678,8,4,False
test,2017-12-14 09:00:00,2017-12-15 09:00:00,432.0,424.5941721071865,-7.405827892813477,7.405827892813477,9,4,False
test,2017-12-14 10:00:00,2017-12-15 10:00:00,450.0,437.1579686676465,-12.842031332353486,12.842031332353486,10,4,False
test,2017-12-14 11:00:00,2017-12-15 11:00:00,463.0,455.1140046841246,-7.885995315875391,7.885995315875391,11,4,False
test,2017-12-14 12:00:00,2017-12-15 12:00:00,465.0,463.098618098747,-1.9013819012529893,1.9013819012529893,12,4,False
test,2017-12-14 13:00:00,2017-12-15 13:00:00,473.0,463.4957957877432,-9.50420421225681,9.50420421225681,13,4,False
test,2017-12-14 14:00:00,2017-12-15 14:00:00,476.0,466.7393757366571,-9.26062426334289,9.26062426334289,14,4,False
test,2017-12-14 15:00:00,2017-12-15 15:00:00,471.0,464.2746966124215,-6.725303387578492,6.725303387578492,15,4,False
test,2017-12-14 16:00:00,2017-12-15 16:00:00,463.0,462.96799724998976,-0.03200275001023556,0.03200275001023556,16,4,False
test,2017-12-14 17:00:00,2017-12-15 17:00:00,457.0,460.5975777922484,3.597577792248387,3.597577792248387,17,4,False
test,2017-12-14 18:00:00,2017-12-15 18:00:00,447.0,453.83488294270876,6.834882942708759,6.834882942708759,18,4,False
test,2017-12-14 19:00:00,2017-12-15 19:00:00,441.0,441.30355341104365,0.3035534110436515,0.3035534110436515,19,4,False
test,2017-12-14 20:00:00,2017-12-15 20:00:00,434.0,431.2723980650324,-2.727601934967595,2.727601934967595,20,4,False
test,2017-12-14 21:00:00,2017-12-15 21:00:00,428.0,427.6572535337006,-0.34274646629938843,0.34274646629938843,21,4,False
test,2017-12-14 22:00:00,2017-12-15 22:00:00,422.0,425.2775190356298,3.27751903562978,3.27751903562978,22,4,False
test,2017-12-14 23:00:00,2017-12-15 23:00:00,417.0,415.59778311213773,-1.4022168878622665,1.4022168878622665,23,4,False
test,2017-12-15 00:00:00,2017-12-16 00:00:00,408.0,412.3337698772897,4.333769877289683,4.333769877289683,0,5,True
test,2017-12-15 01:00:00,2017-12-16 01:00:00,408.0,409.701085473134,1.7010854731340146,1.7010854731340146,1,5,True
test,2017-12-15 02:00:00,2017-12-16 02:00:00,405.0,407.6092383775135,2.6092383775135204,2.6092383775135204,2,5,True
test,2017-12-15 03:00:00,2017-12-16 03:00:00,406.0,406.2406293483817,0.24062934838167394,0.24062934838167394,3,5,True
test,2017-12-15 04:00:00,2017-12-16 04:00:00,405.0,405.25847530161985,0.2584753016198533,0.2584753016198533,4,5,True
test,2017-12-15 05:00:00,2017-12-16 05:00:00,400.0,405.1124479655312,5.112447965531203,5.112447965531203,5,5,True
test,2017-12-15 06:00:00,2017-12-16 06:00:00,405.0,405.17399298089873,0.17399298089873128,0.17399298089873128,6,5,True
test,2017-12-15 07:00:00,2017-12-16 07:00:00,402.0,403.67737121091034,1.6773712109103371,1.6773712109103371,7,5,True
test,2017-12-15 08:00:00,2017-12-16 08:00:00,406.0,404.50039212904625,-1.4996078709537528,1.4996078709537528,8,5,True
test,2017-12-15 09:00:00,2017-12-16 09:00:00,404.0,411.9982071043102,7.998207104310211,7.998207104310211,9,5,True
test,2017-12-15 10:00:00,2017-12-16 10:00:00,411.0,418.7840942345215,7.78409423452149,7.78409423452149,10,5,True
test,2017-12-15 11:00:00,2017-12-16 11:00:00,418.0,424.39347453065136,6.3934745306513605,6.3934745306513605,11,5,True
test,2017-12-15 12:00:00,2017-12-16 12:00:00,417.0,425.56878331398417,8.56878331398417,8.56878331398417,12,5,True
test,2017-12-15 13:00:00,2017-12-16 13:00:00,414.0,428.3019671326847,14.301967132684695,14.301967132684695,13,5,True
test,2017-12-15 14:00:00,2017-12-16 14:00:00,418.0,430.850457617015,12.850457617015024,12.850457617015024,14,5,True
test,2017-12-15 15:00:00,2017-12-16 15:00:00,423.0,431.59287034928747,8.592870349287466,8.592870349287466,15,5,True
test,2017-12-15 16:00:00,2017-12-16 16:00:00,422.0,431.0770533587853,9.077053358785292,9.077053358785292,16,5,True
test,2017-12-15 17:00:00,2017-12-16 17:00:00,425.0,428.1757662856136,3.1757662856135767,3.1757662856135767,17,5,True
test,2017-12-15 18:00:00,2017-12-16 18:00:00,421.0,425.85876312950893,4.8587631295089295,4.8587631295089295,18,5,True
test,2017-12-15 19:00:00,2017-12-16 19:00:00,416.0,422.9348449445314,6.934844944531392,6.934844944531392,19,5,True
test,2017-12-15 20:00:00,2017-12-16 20:00:00,416.0,421.24235562177034,5.2423556217703435,5.2423556217703435,20,5,True
test,2017-12-15 21:00:00,2017-12-16 21:00:00,411.0,417.04761361244584,6.0476136124458435,6.0476136124458435,21,5,True
test,2017-12-15 22:00:00,2017-12-16 22:00:00,411.0,414.6658385288004,3.665838528800407,3.665838528800407,22,5,True
test,2017-12-15 23:00:00,2017-12-16 23:00:00,412.0,411.2613565398314,-0.7386434601685892,0.7386434601685892,23,5,True
test,2017-12-16 00:00:00,2017-12-17 00:00:00,408.0,408.86795303728604,0.8679530372860427,0.8679530372860427,0,6,True
test,2017-12-16 01:00:00,2017-12-17 01:00:00,406.0,406.0628337672718,0.06283376727179757,0.06283376727179757,1,6,True
test,2017-12-16 02:00:00,2017-12-17 02:00:00,403.0,406.3514725573597,3.3514725573597275,3.3514725573597275,2,6,True
test,2017-12-16 03:00:00,2017-12-17 03:00:00,404.0,405.3442917472132,1.3442917472132194,1.3442917472132194,3,6,True
test,2017-12-16 04:00:00,2017-12-17 04:00:00,403.0,404.7450940046736,1.7450940046736036,1.7450940046736036,4,6,True
test,2017-12-16 05:00:00,2017-12-17 05:00:00,403.0,411.97075152691974,8.970751526919742,8.970751526919742,5,6,True
test,2017-12-16 06:00:00,2017-12-17 06:00:00,406.0,404.5289234632346,-1.4710765367653948,1.4710765367653948,6,6,True
test,2017-12-16 07:00:00,2017-12-17 07:00:00,405.0,406.50750838535174,1.5075083853517413,1.5075083853517413,7,6,True
test,2017-12-16 08:00:00,2017-12-17 08:00:00,403.0,403.3723109908613,0.37231099086130826,0.37231099086130826,8,6,True
test,2017-12-16 09:00:00,2017-12-17 09:00:00,405.0,404.2303945457433,-0.7696054542566912,0.7696054542566912,9,6,True
test,2017-12-16 10:00:00,2017-12-17 10:00:00,406.0,405.2906358823744,-0.7093641176256256,0.7093641176256256,10,6,True
test,2017-12-16 11:00:00,2017-12-17 11:00:00,413.0,407.16281632280453,-5.837183677195469,5.837183677195469,11,6,True
test,2017-12-16 12:00:00,2017-12-17 12:00:00,415.0,409.95831342954926,-5.041686570450736,5.041686570450736,12,6,True
test,2017-12-16 13:00:00,2017-12-17 13:00:00,418.0,411.00369042325343,-6.996309576746569,6.996309576746569,13,6,True
test,2017-12-16 14:00:00,2017-12-17 14:00:00,418.0,412.62947585880244,-5.3705241411975635,5.3705241411975635,14,6,True
test,2017-12-16 15:00:00,2017-12-17 15:00:00,421.0,416.5303140107551,-4.469685989244908,4.469685989244908,15,6,True
test,2017-12-16 16:00:00,2017-12-17 16:00:00,420.0,419.1145499300028,-0.885450069997205,0.885450069997205,16,6,True
test,2017-12-16 17:00:00,2017-12-17 17:00:00,423.0,423.54374003910135,0.5437400391013512,0.5437400391013512,17,6,True
test,2017-12-16 18:00:00,2017-12-17 18:00:00,422.0,419.6176821614562,-2.382317838543827,2.382317838543827,18,6,True
test,2017-12-16 19:00:00,2017-12-17 19:00:00,417.0,413.87141040480407,-3.1285895951959333,3.1285895951959333,19,6,True
test,2017-12-16 20:00:00,2017-12-17 20:00:00,413.0,411.303054289289,-1.6969457107110202,1.6969457107110202,20,6,True
test,2017-12-16 21:00:00,2017-12-17 21:00:00,414.0,410.588787856044,-3.411212143955993,3.411212143955993,21,6,True
test,2017-12-16 22:00:00,2017-12-17 22:00:00,411.0,407.9009316610951,-3.0990683389048854,3.0990683389048854,22,6,True
test,2017-12-16 23:00:00,2017-12-17 23:00:00,408.0,405.80443871862866,-2.19556128137134,2.19556128137134,23,6,True
test,2017-12-17 00:00:00,2017-12-18 00:00:00,405.0,404.6470818010015,-0.35291819899850907,0.35291819899850907,0,0,False
test,2017-12-17 01:00:00,2017-12-18 01:00:00,403.0,404.89587145886316,1.8958714588631551,1.8958714588631551,1,0,False
test,2017-12-17 02:00:00,2017-12-18 02:00:00,404.0,409.4236076889282,5.4236076889282,5.4236076889282,2,0,False
test,2017-12-17 03:00:00,2017-12-18 03:00:00,401.0,406.12260687259754,5.122606872597544,5.122606872597544,3,0,False
test,2017-12-17 04:00:00,2017-12-18 04:00:00,399.0,410.2540697888538,11.254069788853826,11.254069788853826,4,0,False
test,2017-12-17 05:00:00,2017-12-18 05:00:00,400.0,409.00171451112544,9.001714511125442,9.001714511125442,5,0,False
test,2017-12-17 06:00:00,2017-12-18 06:00:00,401.0,406.78161476791706,5.781614767917063,5.781614767917063,6,0,False
test,2017-12-17 07:00:00,2017-12-18 07:00:00,404.0,409.5173084941345,5.517308494134511,5.517308494134511,7,0,False
test,2017-12-17 08:00:00,2017-12-18 08:00:00,414.0,414.9274428300142,0.9274428300141722,0.9274428300141722,8,0,False
test,2017-12-17 09:00:00,2017-12-18 09:00:00,427.0,425.22795898968894,-1.7720410103110567,1.7720410103110567,9,0,False
test,2017-12-17 10:00:00,2017-12-18 10:00:00,441.0,445.8846599321917,4.88465993219171,4.88465993219171,10,0,False
test,2017-12-17 11:00:00,2017-12-18 11:00:00,455.0,457.96447600279697,2.964476002796971,2.964476002796971,11,0,False
test,2017-12-17 12:00:00,2017-12-18 12:00:00,461.0,460.6727676645111,-0.32723233548887265,0.32723233548887265,12,0,False
test,2017-12-17 13:00:00,2017-12-18 13:00:00,461.0,462.6385755617519,1.6385755617519067,1.6385755617519067,13,0,False
test,2017-12-17 14:00:00,2017-12-18 14:00:00,462.0,464.3498389452061,2.349838945206102,2.349838945206102,14,0,False
test,2017-12-17 15:00:00,2017-12-18 15:00:00,461.0,465.13779208720484,4.1377920872048435,4.1377920872048435,15,0,False
test,2017-12-17 16:00:00,2017-12-18 16:00:00,457.0,457.7976474736558,0.7976474736557861,0.7976474736557861,16,0,False
test,2017-12-17 17:00:00,2017-12-18 17:00:00,456.0,452.3520727629634,-3.6479272370365834,3.6479272370365834,17,0,False
test,2017-12-17 18:00:00,2017-12-18 18:00:00,452.0,447.7270117243141,-4.272988275685918,4.272988275685918,18,0,False
test,2017-12-17 19:00:00,2017-12-18 19:00:00,441.0,437.23786056461165,-3.762139435388349,3.762139435388349,19,0,False
test,2017-12-17 20:00:00,2017-12-18 20:00:00,434.0,437.43263503603964,3.432635036039642,3.432635036039642,20,0,False
test,2017-12-17 21:00:00,2017-12-18 21:00:00,431.0,433.8921586945632,2.892158694563193,2.892158694563193,21,0,False
test,2017-12-17 22:00:00,2017-12-18 22:00:00,425.0,424.62867959721945,-0.37132040278055456,0.37132040278055456,22,0,False
test,2017-12-17 23:00:00,2017-12-18 23:00:00,424.0,420.1954528630217,-3.8045471369782717,3.8045471369782717,23,0,False
test,2017-12-18 00:00:00,2017-12-19 00:00:00,415.0,413.5552137169336,-1.444786283066378,1.444786283066378,0,1,False
test,2017-12-18 01:00:00,2017-12-19 01:00:00,417.0,415.593542319002,-1.4064576809980167,1.4064576809980167,1,1,False
test,2017-12-18 02:00:00,2017-12-19 02:00:00,417.0,410.7963736310592,-6.203626368940775,6.203626368940775,2,1,False
test,2017-12-18 03:00:00,2017-12-19 03:00:00,417.0,416.5006383415952,-0.49936165840478,0.49936165840478,3,1,False
test,2017-12-18 04:00:00,2017-12-19 04:00:00,417.0,417.80953965889034,0.8095396588903441,0.8095396588903441,4,1,False
test,2017-12-18 05:00:00,2017-12-19 05:00:00,415.0,418.080529547845,3.0805295478450034,3.0805295478450034,5,1,False
test,2017-12-18 06:00:00,2017-12-19 06:00:00,418.0,415.869001018791,-2.130998981209018,2.130998981209018,6,1,False
test,2017-12-18 07:00:00,2017-12-19 07:00:00,421.0,412.6987870076091,-8.301212992390901,8.301212992390901,7,1,False
test,2017-12-18 08:00:00,2017-12-19 08:00:00,427.0,418.0663438150751,-8.933656184924928,8.933656184924928,8,1,False
test,2017-12-18 09:00:00,2017-12-19 09:00:00,437.0,430.51597859616663,-6.484021403833367,6.484021403833367,9,1,False
test,2017-12-18 10:00:00,2017-12-19 10:00:00,447.0,443.3420224724331,-3.6579775275669135,3.6579775275669135,10,1,False
test,2017-12-18 11:00:00,2017-12-19 11:00:00,460.0,459.5673294201282,-0.4326705798717967,0.4326705798717967,11,1,False
test,2017-12-18 12:00:00,2017-12-19 12:00:00,463.0,461.15276286069025,-1.8472371393097546,1.8472371393097546,12,1,False
test,2017-12-18 13:00:00,2017-12-19 13:00:00,460.0,459.557338990984,-0.4426610090159784,0.4426610090159784,13,1,False
test,2017-12-18 14:00:00,2017-12-19 14:00:00,466.0,459.6867452231327,-6.313254776867325,6.313254776867325,14,1,False
test,2017-12-18 15:00:00,2017-12-19 15:00:00,466.0,456.6944596965527,-9.305540303447287,9.305540303447287,15,1,False
test,2017-12-18 16:00:00,2017-12-19 16:00:00,467.0,454.6939855831792,-12.306014416820801,12.306014416820801,16,1,False
test,2017-12-18 17:00:00,2017-12-19 17:00:00,467.0,452.41228999897754,-14.587710001022458,14.587710001022458,17,1,False
test,2017-12-18 18:00:00,2017-12-19 18:00:00,461.0,449.083376538249,-11.916623461750987,11.916623461750987,18,1,False
test,2017-12-18 19:00:00,2017-12-19 19:00:00,448.0,438.3196752175961,-9.680324782403886,9.680324782403886,19,1,False
test,2017-12-18 20:00:00,2017-12-19 20:00:00,440.0,432.2861973897655,-7.713802610234495,7.713802610234495,20,1,False
test,2017-12-18 21:00:00,2017-12-19 21:00:00,434.0,430.336423430163,-3.663576569837005,3.663576569837005,21,1,False
test,2017-12-18 22:00:00,2017-12-19 22:00:00,429.0,426.2708386360537,-2.7291613639462753,2.7291613639462753,22,1,False
test,2017-12-18 23:00:00,2017-12-19 23:00:00,428.0,424.08818897533786,-3.9118110246621427,3.9118110246621427,23,1,False
test,2017-12-19 00:00:00,2017-12-20 00:00:00,425.0,417.09813997861164,-7.901860021388359,7.901860021388359,0,2,False
test,2017-12-19 01:00:00,2017-12-20 01:00:00,422.0,412.47899763038123,-9.52100236961877,9.52100236961877,1,2,False
test,2017-12-19 02:00:00,2017-12-20 02:00:00,419.0,413.28745155423235,-5.712548445767652,5.712548445767652,2,2,False
test,2017-12-19 03:00:00,2017-12-20 03:00:00,418.0,412.25838720061137,-5.7416127993886334,5.7416127993886334,3,2,False
test,2017-12-19 04:00:00,2017-12-20 04:00:00,416.0,411.82312196521735,-4.176878034782646,4.176878034782646,4,2,False
test,2017-12-19 05:00:00,2017-12-20 05:00:00,417.0,411.84601902201257,-5.15398097798743,5.15398097798743,5,2,False
test,2017-12-19 06:00:00,2017-12-20 06:00:00,417.0,413.3590898175997,-3.6409101824003187,3.6409101824003187,6,2,False
test,2017-12-19 07:00:00,2017-12-20 07:00:00,422.0,419.59922831147935,-2.400771688520649,2.400771688520649,7,2,False
test,2017-12-19 08:00:00,2017-12-20 08:00:00,422.0,429.154177832971,7.1541778329710155,7.1541778329710155,8,2,False
test,2017-12-19 09:00:00,2017-12-20 09:00:00,433.0,435.69851000730506,2.6985100073050603,2.6985100073050603,9,2,False
test,2017-12-19 10:00:00,2017-12-20 10:00:00,449.0,446.50966980901467,-2.4903301909853326,2.4903301909853326,10,2,False
test,2017-12-19 11:00:00,2017-12-20 11:00:00,456.0,456.07015596709164,0.07015596709163674,0.07015596709163674,11,2,False
test,2017-12-19 12:00:00,2017-12-20 12:00:00,461.0,458.92874000930374,-2.0712599906962623,2.0712599906962623,12,2,False
test,2017-12-19 13:00:00,2017-12-20 13:00:00,457.0,457.7201109476135,0.7201109476134775,0.7201109476134775,13,2,False
test,2017-12-19 14:00:00,2017-12-20 14:00:00,456.0,463.0455671371495,7.045567137149476,7.045567137149476,14,2,False
test,2017-12-19 15:00:00,2017-12-20 15:00:00,455.0,463.7315887207452,8.731588720745208,8.731588720745208,15,2,False
test,2017-12-19 16:00:00,2017-12-20 16:00:00,456.0,464.0908338357816,8.09083383578161,8.09083383578161,16,2,False
test,2017-12-19 17:00:00,2017-12-20 17:00:00,454.0,463.7167701318998,9.716770131899807,9.716770131899807,17,2,False
test,2017-12-19 18:00:00,2017-12-20 18:00:00,451.0,456.74160586910574,5.74160586910574,5.74160586910574,18,2,False
test,2017-12-19 19:00:00,2017-12-20 19:00:00,439.0,444.82715345767554,5.827153457675536,5.827153457675536,19,2,False
test,2017-12-19 20:00:00,2017-12-20 20:00:00,433.0,437.47521918603036,4.475219186030358,4.475219186030358,20,2,False
test,2017-12-19 21:00:00,2017-12-20 21:00:00,424.0,433.54709555628966,9.547095556289662,9.547095556289662,21,2,False
test,2017-12-19 22:00:00,2017-12-20 22:00:00,418.0,429.36169865211275,11.36169865211275,11.36169865211275,22,2,False
test,2017-12-19 23:00:00,2017-12-20 23:00:00,419.0,427.73427444122615,8.734274441226148,8.734274441226148,23,2,False
test,2017-12-20 00:00:00,2017-12-21 00:00:00,415.0,426.4998035108545,11.49980351085452,11.49980351085452,0,3,False
test,2017-12-20 01:00:00,2017-12-21 01:00:00,416.0,422.99957618299544,6.99957618299544,6.99957618299544,1,3,False
test,2017-12-20 02:00:00,2017-12-21 02:00:00,413.0,418.5165962945418,5.516596294541785,5.516596294541785,2,3,False
test,2017-12-20 03:00:00,2017-12-21 03:00:00,409.0,416.5416392476698,7.541639247669821,7.541639247669821,3,3,False
test,2017-12-20 04:00:00,2017-12-21 04:00:00,407.0,414.7094147028929,7.7094147028929,7.7094147028929,4,3,False
test,2017-12-20 05:00:00,2017-12-21 05:00:00,408.0,412.18113019178696,4.181130191786963,4.181130191786963,5,3,False
test,2017-12-20 06:00:00,2017-12-21 06:00:00,408.0,413.9499047791849,5.949904779184919,5.949904779184919,6,3,False
test,2017-12-20 07:00:00,2017-12-21 07:00:00,412.0,419.33639331160794,7.336393311607935,7.336393311607935,7,3,False
test,2017-12-20 08:00:00,2017-12-21 08:00:00,416.0,423.9544987918093,7.954498791809328,7.954498791809328,8,3,False
test,2017-12-20 09:00:00,2017-12-21 09:00:00,424.0,434.25439443518707,10.254394435187066,10.254394435187066,9,3,False
test,2017-12-20 10:00:00,2017-12-21 10:00:00,438.0,445.61038441793903,7.610384417939031,7.610384417939031,10,3,False
test,2017-12-20 11:00:00,2017-12-21 11:00:00,452.0,455.6615586587173,3.661558658717297,3.661558658717297,11,3,False
test,2017-12-20 12:00:00,2017-12-21 12:00:00,460.0,458.7321522459385,-1.2678477540615063,1.2678477540615063,12,3,False
test,2017-12-20 13:00:00,2017-12-21 13:00:00,460.0,457.0582252825826,-2.9417747174173883,2.9417747174173883,13,3,False
test,2017-12-20 14:00:00,2017-12-21 14:00:00,456.0,457.501318491464,1.5013184914640192,1.5013184914640192,14,3,False
test,2017-12-20 15:00:00,2017-12-21 15:00:00,458.0,455.6679538370939,-2.332046162906124,2.332046162906124,15,3,False
test,2017-12-20 16:00:00,2017-12-21 16:00:00,455.0,457.07168017071024,2.0716801707102377,2.0716801707102377,16,3,False
test,2017-12-20 17:00:00,2017-12-21 17:00:00,454.0,452.8766896404798,-1.1233103595201896,1.1233103595201896,17,3,False
test,2017-12-20 18:00:00,2017-12-21 18:00:00,445.0,451.0789741135593,6.078974113559298,6.078974113559298,18,3,False
test,2017-12-20 19:00:00,2017-12-21 19:00:00,436.0,441.90987247529677,5.9098724752967655,5.9098724752967655,19,3,False
test,2017-12-20 20:00:00,2017-12-21 20:00:00,434.0,439.0127876825371,5.012787682537123,5.012787682537123,20,3,False
test,2017-12-20 21:00:00,2017-12-21 21:00:00,419.0,430.8838210519611,11.883821051961093,11.883821051961093,21,3,False
test,2017-12-20 22:00:00,2017-12-21 22:00:00,416.0,423.9398254168633,7.9398254168633,7.9398254168633,22,3,False
test,2017-12-20 23:00:00,2017-12-21 23:00:00,411.0,419.41183101723016,8.411831017230156,8.411831017230156,23,3,False
test,2017-12-21 00:00:00,2017-12-22 00:00:00,409.0,413.9340103071619,4.934010307161884,4.934010307161884,0,4,False
test,2017-12-21 01:00:00,2017-12-22 01:00:00,405.0,411.37430947057305,6.374309470573053,6.374309470573053,1,4,False
test,2017-12-21 02:00:00,2017-12-22 02:00:00,403.0,409.58186479897745,6.581864798977449,6.581864798977449,2,4,False
test,2017-12-21 03:00:00,2017-12-22 03:00:00,403.0,408.5433052848037,5.543305284803694,5.543305284803694,3,4,False
test,2017-12-21 04:00:00,2017-12-22 04:00:00,405.0,407.96698934742176,2.966989347421759,2.966989347421759,4,4,False
test,2017-12-21 05:00:00,2017-12-22 05:00:00,402.0,407.96992000250214,5.9699200025021355,5.9699200025021355,5,4,False
test,2017-12-21 06:00:00,2017-12-22 06:00:00,405.0,407.1955213752833,2.195521375283306,2.195521375283306,6,4,False
test,2017-12-21 07:00:00,2017-12-22 07:00:00,405.0,409.6490182564488,4.649018256448812,4.649018256448812,7,4,False
test,2017-12-21 08:00:00,2017-12-22 08:00:00,427.0,413.548333189234,-13.451666810766028,13.451666810766028,8,4,False
test,2017-12-21 09:00:00,2017-12-22 09:00:00,409.0,420.6599040776707,11.659904077670717,11.659904077670717,9,4,False
test,2017-12-21 10:00:00,2017-12-22 10:00:00,436.0,429.5119650682549,-6.488034931745119,6.488034931745119,10,4,False
test,2017-12-21 11:00:00,2017-12-22 11:00:00,444.0,445.8154012182197,1.8154012182196766,1.8154012182196766,11,4,False
test,2017-12-21 12:00:00,2017-12-22 12:00:00,440.0,454.4420375511109,14.4420375511109,14.4420375511109,12,4,False
test,2017-12-21 13:00:00,2017-12-22 13:00:00,425.0,454.7235600985718,29.723560098571795,29.723560098571795,13,4,False
test,2017-12-21 14:00:00,2017-12-22 14:00:00,431.0,453.9842632612453,22.984263261245303,22.984263261245303,14,4,False
test,2017-12-21 15:00:00,2017-12-22 15:00:00,426.0,453.4265535038189,27.426553503818923,27.426553503818923,15,4,False
test,2017-12-21 16:00:00,2017-12-22 16:00:00,423.0,449.1643371555036,26.164337155503574,26.164337155503574,16,4,False
test,2017-12-21 17:00:00,2017-12-22 17:00:00,420.0,446.9411589607307,26.941158960730718,26.941158960730718,17,4,False
test,2017-12-21 18:00:00,2017-12-22 18:00:00,410.0,438.29471809119576,28.29471809119576,28.29471809119576,18,4,False
test,2017-12-21 19:00:00,2017-12-22 19:00:00,399.0,430.63448616393384,31.634486163933843,31.634486163933843,19,4,False
test,2017-12-21 20:00:00,2017-12-22 20:00:00,395.0,428.9733941385756,33.9733941385756,33.9733941385756,20,4,False
test,2017-12-21 21:00:00,2017-12-22 21:00:00,393.0,418.7480499857139,25.74804998571392,25.74804998571392,21,4,False
test,2017-12-21 22:00:00,2017-12-22 22:00:00,389.0,414.92117599675214,25.92117599675214,25.92117599675214,22,4,False
test,2017-12-21 23:00:00,2017-12-22 23:00:00,389.0,410.42246406655573,21.422464066555733,21.422464066555733,23,4,False
test,2017-12-22 00:00:00,2017-12-23 00:00:00,389.0,407.3468546224881,18.34685462248808,18.34685462248808,0,5,True
test,2017-12-22 01:00:00,2017-12-23 01:00:00,387.0,404.4801696368367,17.480169636836706,17.480169636836706,1,5,True
test,2017-12-22 02:00:00,2017-12-23 02:00:00,385.0,408.4090963473314,23.4090963473314,23.4090963473314,2,5,True
test,2017-12-22 03:00:00,2017-12-23 03:00:00,386.0,406.08195503397724,20.081955033977238,20.081955033977238,3,5,True
test,2017-12-22 04:00:00,2017-12-23 04:00:00,385.0,403.64429289148967,18.64429289148967,18.64429289148967,4,5,True
test,2017-12-22 05:00:00,2017-12-23 05:00:00,384.0,407.73120063999914,23.731200639999145,23.731200639999145,5,5,True
test,2017-12-22 06:00:00,2017-12-23 06:00:00,385.0,403.26409178931215,18.264091789312147,18.264091789312147,6,5,True
test,2017-12-22 07:00:00,2017-12-23 07:00:00,387.0,401.5694122749106,14.569412274910576,14.569412274910576,7,5,True
test,2017-12-22 08:00:00,2017-12-23 08:00:00,382.0,405.1657205264522,23.16572052645222,23.16572052645222,8,5,True
test,2017-12-22 09:00:00,2017-12-23 09:00:00,389.0,405.6475350168302,16.647535016830204,16.647535016830204,9,5,True
test,2017-12-22 10:00:00,2017-12-23 10:00:00,385.0,407.75335589176996,22.753355891769957,22.753355891769957,10,5,True
test,2017-12-22 11:00:00,2017-12-23 11:00:00,388.0,411.0555492006233,23.055549200623318,23.055549200623318,11,5,True
test,2017-12-22 12:00:00,2017-12-23 12:00:00,394.0,414.47074680243406,20.470746802434064,20.470746802434064,12,5,True
test,2017-12-22 13:00:00,2017-12-23 13:00:00,396.0,414.9283731095122,18.928373109512222,18.928373109512222,13,5,True
test,2017-12-22 14:00:00,2017-12-23 14:00:00,395.0,419.6883107688853,24.688310768885287,24.688310768885287,14,5,True
test,2017-12-22 15:00:00,2017-12-23 15:00:00,399.0,423.25041393893883,24.250413938938834,24.250413938938834,15,5,True
test,2017-12-22 16:00:00,2017-12-23 16:00:00,399.0,422.519519336684,23.519519336684027,23.519519336684027,16,5,True
test,2017-12-22 17:00:00,2017-12-23 17:00:00,400.0,419.441642061977,19.441642061977007,19.441642061977007,17,5,True
test,2017-12-22 18:00:00,2017-12-23 18:00:00,399.0,417.17248011540664,18.172480115406643,18.172480115406643,18,5,True
test,2017-12-22 19:00:00,2017-12-23 19:00:00,398.0,420.52641762602246,22.526417626022464,22.526417626022464,19,5,True
test,2017-12-22 20:00:00,2017-12-23 20:00:00,396.0,420.579366641852,24.579366641852005,24.579366641852005,20,5,True
test,2017-12-22 21:00:00,2017-12-23 21:00:00,389.0,415.72900313170436,26.72900313170436,26.72900313170436,21,5,True
test,2017-12-22 22:00:00,2017-12-23 22:00:00,392.0,415.9781990392503,23.978199039250285,23.978199039250285,22,5,True
test,2017-12-22 23:00:00,2017-12-23 23:00:00,392.0,418.5922852125332,26.592285212533227,26.592285212533227,23,5,True
test,2017-12-23 00:00:00,2017-12-24 00:00:00,391.0,415.8719429500707,24.871942950070718,24.871942950070718,0,6,True
test,2017-12-23 01:00:00,2017-12-24 01:00:00,390.0,413.96399612275866,23.963996122758658,23.963996122758658,1,6,True
test,2017-12-23 02:00:00,2017-12-24 02:00:00,388.0,413.5385419871401,25.538541987140093,25.538541987140093,2,6,True
test,2017-12-23 03:00:00,2017-12-24 03:00:00,390.0,412.80105506361383,22.80105506361383,22.80105506361383,3,6,True
test,2017-12-23 04:00:00,2017-12-24 04:00:00,387.0,411.414886036598,24.414886036597977,24.414886036597977,4,6,True
test,2017-12-23 05:00:00,2017-12-24 05:00:00,386.0,412.98638761587443,26.986387615874435,26.986387615874435,5,6,True
test,2017-12-23 06:00:00,2017-12-24 06:00:00,387.0,412.1870914569428,25.187091456942824,25.187091456942824,6,6,True
test,2017-12-23 07:00:00,2017-12-24 07:00:00,385.0,413.93406997898177,28.934069978981768,28.934069978981768,7,6,True
test,2017-12-23 08:00:00,2017-12-24 08:00:00,388.0,414.8626889141548,26.862688914154774,26.862688914154774,8,6,True
test,2017-12-23 09:00:00,2017-12-24 09:00:00,389.0,416.54298513426346,27.54298513426346,27.54298513426346,9,6,True
test,2017-12-23 10:00:00,2017-12-24 10:00:00,387.0,422.9119265383733,35.91192653837328,35.91192653837328,10,6,True
test,2017-12-23 11:00:00,2017-12-24 11:00:00,387.0,417.70052076375816,30.700520763758163,30.700520763758163,11,6,True
test,2017-12-23 12:00:00,2017-12-24 12:00:00,389.0,418.37400536727586,29.374005367275856,29.374005367275856,12,6,True
test,2017-12-23 13:00:00,2017-12-24 13:00:00,391.0,417.63650369985106,26.636503699851062,26.636503699851062,13,6,True
test,2017-12-23 14:00:00,2017-12-24 14:00:00,394.0,419.36340153053,25.363401530529984,25.363401530529984,14,6,True
test,2017-12-23 15:00:00,2017-12-24 15:00:00,392.0,420.59377325174364,28.59377325174364,28.59377325174364,15,6,True
test,2017-12-23 16:00:00,2017-12-24 16:00:00,393.0,420.8241534861474,27.824153486147395,27.824153486147395,16,6,True
test,2017-12-23 17:00:00,2017-12-24 17:00:00,394.0,422.00917628462327,28.009176284623265,28.009176284623265,17,6,True
test,2017-12-23 18:00:00,2017-12-24 18:00:00,391.0,423.2474657579365,32.24746575793648,32.24746575793648,18,6,True
test,2017-12-23 19:00:00,2017-12-24 19:00:00,390.0,423.6796951688546,33.67969516885461,33.67969516885461,19,6,True
test,2017-12-23 20:00:00,2017-12-24 20:00:00,394.0,423.21162854951126,29.21162854951126,29.21162854951126,20,6,True
test,2017-12-23 21:00:00,2017-12-24 21:00:00,395.0,420.7599218329515,25.759921832951477,25.759921832951477,21,6,True
test,2017-12-23 22:00:00,2017-12-24 22:00:00,388.0,420.231746070282,32.231746070281986,32.231746070281986,22,6,True
test,2017-12-23 23:00:00,2017-12-24 23:00:00,387.0,416.72562749672403,29.72562749672403,29.72562749672403,23,6,True
test,2017-12-24 00:00:00,2017-12-25 00:00:00,387.0,416.52902898173045,29.52902898173045,29.52902898173045,0,0,False
test,2017-12-24 01:00:00,2017-12-25 01:00:00,385.0,415.83296228243853,30.83296228243853,30.83296228243853,1,0,False
test,2017-12-24 02:00:00,2017-12-25 02:00:00,386.0,418.3030936648089,32.3030936648089,32.3030936648089,2,0,False
test,2017-12-24 03:00:00,2017-12-25 03:00:00,387.0,417.0158788290753,30.01587882907529,30.01587882907529,3,0,False
test,2017-12-24 04:00:00,2017-12-25 04:00:00,387.0,417.54214979680967,30.542149796809667,30.542149796809667,4,0,False
test,2017-12-24 05:00:00,2017-12-25 05:00:00,385.0,418.69895394617083,33.69895394617083,33.69895394617083,5,0,False
test,2017-12-24 06:00:00,2017-12-25 06:00:00,385.0,418.96164055948833,33.96164055948833,33.96164055948833,6,0,False
test,2017-12-24 07:00:00,2017-12-25 07:00:00,382.0,418.2386762256794,36.2386762256794,36.2386762256794,7,0,False
test,2017-12-24 08:00:00,2017-12-25 08:00:00,384.0,426.7266870780269,42.726687078026885,42.726687078026885,8,0,False
test,2017-12-24 09:00:00,2017-12-25 09:00:00,384.0,430.6164672970845,46.61646729708451,46.61646729708451,9,0,False
test,2017-12-24 10:00:00,2017-12-25 10:00:00,385.0,449.03570224474896,64.03570224474896,64.03570224474896,10,0,False
test,2017-12-24 11:00:00,2017-12-25 11:00:00,385.0,458.8692556144949,73.86925561449488,73.86925561449488,11,0,False
test,2017-12-24 12:00:00,2017-12-25 12:00:00,388.0,463.174290028527,75.17429002852703,75.17429002852703,12,0,False
test,2017-12-24 13:00:00,2017-12-25 13:00:00,390.0,458.768656595586,68.76865659558598,68.76865659558598,13,0,False
test,2017-12-24 14:00:00,2017-12-25 14:00:00,389.0,459.48346979205206,70.48346979205206,70.48346979205206,14,0,False
test,2017-12-24 15:00:00,2017-12-25 15:00:00,387.0,457.0286480830676,70.0286480830676,70.0286480830676,15,0,False
test,2017-12-24 16:00:00,2017-12-25 16:00:00,390.0,456.2400385139525,66.24003851395253,66.24003851395253,16,0,False
test,2017-12-24 17:00:00,2017-12-25 17:00:00,390.0,453.5279583011069,63.52795830110688,63.52795830110688,17,0,False
test,2017-12-24 18:00:00,2017-12-25 18:00:00,387.0,449.5928184908727,62.59281849087267,62.59281849087267,18,0,False
test,2017-12-24 19:00:00,2017-12-25 19:00:00,386.0,439.23623033175664,53.236230331756644,53.236230331756644,19,0,False
test,2017-12-24 20:00:00,2017-12-25 20:00:00,383.0,441.9163044818367,58.916304481836676,58.916304481836676,20,0,False
test,2017-12-24 21:00:00,2017-12-25 21:00:00,383.0,432.44209066994625,49.44209066994625,49.44209066994625,21,0,False
test,2017-12-24 22:00:00,2017-12-25 22:00:00,382.0,426.3076272086281,44.307627208628105,44.307627208628105,22,0,False
test,2017-12-24 23:00:00,2017-12-25 23:00:00,382.0,425.03516552905376,43.03516552905376,43.03516552905376,23,0,False
test,2017-12-25 00:00:00,2017-12-26 00:00:00,379.0,422.2428096387246,43.24280963872462,43.24280963872462,0,1,False
test,2017-12-25 01:00:00,2017-12-26 01:00:00,382.0,420.1241047204266,38.1241047204266,38.1241047204266,1,1,False
test,2017-12-25 02:00:00,2017-12-26 02:00:00,382.0,418.74892579041403,36.748925790414035,36.748925790414035,2,1,False
test,2017-12-25 03:00:00,2017-12-26 03:00:00,383.0,418.08405596858626,35.084055968586256,35.084055968586256,3,1,False
test,2017-12-25 04:00:00,2017-12-26 04:00:00,381.0,418.87991090341956,37.87991090341956,37.87991090341956,4,1,False
test,2017-12-25 05:00:00,2017-12-26 05:00:00,383.0,419.0871751621728,36.0871751621728,36.0871751621728,5,1,False
test,2017-12-25 06:00:00,2017-12-26 06:00:00,382.0,418.9122027116581,36.9122027116581,36.9122027116581,6,1,False
test,2017-12-25 07:00:00,2017-12-26 07:00:00,381.0,423.2344548763464,42.234454876346376,42.234454876346376,7,1,False
test,2017-12-25 08:00:00,2017-12-26 08:00:00,381.0,439.6865341201334,58.68653412013339,58.68653412013339,8,1,False
test,2017-12-25 09:00:00,2017-12-26 09:00:00,381.0,433.4698872322482,52.4698872322482,52.4698872322482,9,1,False
test,2017-12-25 10:00:00,2017-12-26 10:00:00,385.0,444.4005756244298,59.40057562442979,59.40057562442979,10,1,False
test,2017-12-25 11:00:00,2017-12-26 11:00:00,392.0,455.8073750515541,63.80737505155412,63.80737505155412,11,1,False
test,2017-12-25 12:00:00,2017-12-26 12:00:00,393.0,455.7931068633754,62.793106863375385,62.793106863375385,12,1,False
test,2017-12-25 13:00:00,2017-12-26 13:00:00,394.0,443.847384089733,49.847384089733,49.847384089733,13,1,False
test,2017-12-25 14:00:00,2017-12-26 14:00:00,396.0,445.54859238063756,49.54859238063756,49.54859238063756,14,1,False
test,2017-12-25 15:00:00,2017-12-26 15:00:00,397.0,444.15464818599895,47.15464818599895,47.15464818599895,15,1,False
test,2017-12-25 16:00:00,2017-12-26 16:00:00,399.0,441.0724452691385,42.072445269138484,42.072445269138484,16,1,False
test,2017-12-25 17:00:00,2017-12-26 17:00:00,400.0,438.42750398952603,38.42750398952603,38.42750398952603,17,1,False
test,2017-12-25 18:00:00,2017-12-26 18:00:00,396.0,427.7087385740256,31.708738574025574,31.708738574025574,18,1,False
test,2017-12-25 19:00:00,2017-12-26 19:00:00,396.0,427.2918533831242,31.29185338312419,31.29185338312419,19,1,False
test,2017-12-25 20:00:00,2017-12-26 20:00:00,392.0,429.2185381908523,37.218538190852314,37.218538190852314,20,1,False
test,2017-12-25 21:00:00,2017-12-26 21:00:00,386.0,430.3335865313291,44.333586531329104,44.333586531329104,21,1,False
test,2017-12-25 22:00:00,2017-12-26 22:00:00,385.0,435.84182034645505,50.84182034645505,50.84182034645505,22,1,False
test,2017-12-25 23:00:00,2017-12-26 23:00:00,384.0,434.36911975417854,50.36911975417854,50.36911975417854,23,1,False
test,2017-12-26 00:00:00,2017-12-27 00:00:00,385.0,438.8483569769595,53.84835697695951,53.84835697695951,0,2,False
test,2017-12-26 01:00:00,2017-12-27 01:00:00,386.0,430.56487123758257,44.564871237582565,44.564871237582565,1,2,False
test,2017-12-26 02:00:00,2017-12-27 02:00:00,385.0,430.9198377486058,45.9198377486058,45.9198377486058,2,2,False
test,2017-12-26 03:00:00,2017-12-27 03:00:00,386.0,428.63917236575173,42.63917236575173,42.63917236575173,3,2,False
test,2017-12-26 04:00:00,2017-12-27 04:00:00,384.0,430.0627510595366,46.062751059536595,46.062751059536595,4,2,False
test,2017-12-26 05:00:00,2017-12-27 05:00:00,385.0,433.4545153985757,48.45451539857572,48.45451539857572,5,2,False
test,2017-12-26 06:00:00,2017-12-27 06:00:00,383.0,431.89496009450096,48.89496009450096,48.89496009450096,6,2,False
test,2017-12-26 07:00:00,2017-12-27 07:00:00,386.0,432.3539815009651,46.35398150096512,46.35398150096512,7,2,False
test,2017-12-26 08:00:00,2017-12-27 08:00:00,385.0,440.96736906300487,55.96736906300487,55.96736906300487,8,2,False
test,2017-12-26 09:00:00,2017-12-27 09:00:00,389.0,437.20733223070766,48.207332230707664,48.207332230707664,9,2,False
test,2017-12-26 10:00:00,2017-12-27 10:00:00,401.0,437.88715980810787,36.88715980810787,36.88715980810787,10,2,False
test,2017-12-26 11:00:00,2017-12-27 11:00:00,407.0,437.2714086037299,30.271408603729924,30.271408603729924,11,2,False
test,2017-12-26 12:00:00,2017-12-27 12:00:00,413.0,432.9907524440671,19.990752444067084,19.990752444067084,12,2,False
test,2017-12-26 13:00:00,2017-12-27 13:00:00,413.0,431.9972162870752,18.99721628707522,18.99721628707522,13,2,False
test,2017-12-26 14:00:00,2017-12-27 14:00:00,424.0,433.50937145359046,9.509371453590461,9.509371453590461,14,2,False
test,2017-12-26 15:00:00,2017-12-27 15:00:00,426.0,432.9580021426529,6.9580021426529015,6.9580021426529015,15,2,False
test,2017-12-26 16:00:00,2017-12-27 16:00:00,424.0,435.39327970332903,11.393279703329029,11.393279703329029,16,2,False
test,2017-12-26 17:00:00,2017-12-27 17:00:00,426.0,433.8726811612939,7.872681161293883,7.872681161293883,17,2,False
test,2017-12-26 18:00:00,2017-12-27 18:00:00,419.0,433.81363876759673,14.813638767596728,14.813638767596728,18,2,False
test,2017-12-26 19:00:00,2017-12-27 19:00:00,414.0,431.39937591337497,17.399375913374968,17.399375913374968,19,2,False
test,2017-12-26 20:00:00,2017-12-27 20:00:00,412.0,431.55273636166004,19.55273636166004,19.55273636166004,20,2,False
test,2017-12-26 21:00:00,2017-12-27 21:00:00,410.0,430.10841560221957,20.108415602219566,20.108415602219566,21,2,False
test,2017-12-26 22:00:00,2017-12-27 22:00:00,404.0,430.93343607907576,26.93343607907576,26.93343607907576,22,2,False
test,2017-12-26 23:00:00,2017-12-27 23:00:00,403.0,429.9433818400899,26.9433818400899,26.9433818400899,23,2,False
test,2017-12-27 00:00:00,2017-12-28 00:00:00,402.0,426.50100064862727,24.50100064862727,24.50100064862727,0,3,False
test,2017-12-27 01:00:00,2017-12-28 01:00:00,402.0,425.85974152930567,23.859741529305666,23.859741529305666,1,3,False
test,2017-12-27 02:00:00,2017-12-28 02:00:00,401.0,423.60335608531994,22.603356085319945,22.603356085319945,2,3,False
test,2017-12-27 03:00:00,2017-12-28 03:00:00,400.0,423.55049049412924,23.550490494129235,23.550490494129235,3,3,False
test,2017-12-27 04:00:00,2017-12-28 04:00:00,400.0,424.23950858828016,24.23950858828016,24.23950858828016,4,3,False
test,2017-12-27 05:00:00,2017-12-28 05:00:00,400.0,423.616093416243,23.616093416243018,23.616093416243018,5,3,False
test,2017-12-27 06:00:00,2017-12-28 06:00:00,397.0,427.1413063233328,30.1413063233328,30.1413063233328,6,3,False
test,2017-12-27 07:00:00,2017-12-28 07:00:00,399.0,428.7348774282124,29.734877428212428,29.734877428212428,7,3,False
test,2017-12-27 08:00:00,2017-12-28 08:00:00,414.0,433.43162447496996,19.431624474969965,19.431624474969965,8,3,False
test,2017-12-27 09:00:00,2017-12-28 09:00:00,400.0,429.0191291433296,29.01912914332962,29.01912914332962,9,3,False
test,2017-12-27 10:00:00,2017-12-28 10:00:00,414.0,431.5436329491275,17.543632949127527,17.543632949127527,10,3,False
test,2017-12-27 11:00:00,2017-12-28 11:00:00,420.0,425.41087014530615,5.4108701453061485,5.4108701453061485,11,3,False
test,2017-12-27 12:00:00,2017-12-28 12:00:00,422.0,427.9938604827663,5.9938604827663085,5.9938604827663085,12,3,False
test,2017-12-27 13:00:00,2017-12-28 13:00:00,427.0,426.07477603533505,-0.9252239646649514,0.9252239646649514,13,3,False
test,2017-12-27 14:00:00,2017-12-28 14:00:00,426.0,434.33840524956537,8.338405249565369,8.338405249565369,14,3,False
test,2017-12-27 15:00:00,2017-12-28 15:00:00,427.0,440.4473191289223,13.447319128922288,13.447319128922288,15,3,False
test,2017-12-27 16:00:00,2017-12-28 16:00:00,426.0,438.98664407719394,12.986644077193944,12.986644077193944,16,3,False
test,2017-12-27 17:00:00,2017-12-28 17:00:00,427.0,437.3796622920018,10.379662292001797,10.379662292001797,17,3,False
test,2017-12-27 18:00:00,2017-12-28 18:00:00,424.0,428.68556015627524,4.685560156275244,4.685560156275244,18,3,False
test,2017-12-27 19:00:00,2017-12-28 19:00:00,419.0,422.73565555688475,3.735655556884751,3.735655556884751,19,3,False
test,2017-12-27 20:00:00,2017-12-28 20:00:00,414.0,420.8962322201935,6.896232220193497,6.896232220193497,20,3,False
test,2017-12-27 21:00:00,2017-12-28 21:00:00,407.0,421.1527726094587,14.15277260945868,14.15277260945868,21,3,False
test,2017-12-27 22:00:00,2017-12-28 22:00:00,403.0,421.11826471257393,18.118264712573932,18.118264712573932,22,3,False
test,2017-12-27 23:00:00,2017-12-28 23:00:00,404.0,422.6426587561797,18.642658756179685,18.642658756179685,23,3,False
test,2017-12-28 00:00:00,2017-12-29 00:00:00,403.0,415.2304681372452,12.230468137245225,12.230468137245225,0,4,False
test,2017-12-28 01:00:00,2017-12-29 01:00:00,399.0,415.1614135637095,16.161413563709516,16.161413563709516,1,4,False
test,2017-12-28 02:00:00,2017-12-29 02:00:00,396.0,414.029033288791,18.029033288791027,18.029033288791027,2,4,False
test,2017-12-28 03:00:00,2017-12-29 03:00:00,396.0,416.22385177511626,20.22385177511626,20.22385177511626,3,4,False
test,2017-12-28 04:00:00,2017-12-29 04:00:00,397.0,417.86413878440436,20.86413878440436,20.86413878440436,4,4,False
test,2017-12-28 05:00:00,2017-12-29 05:00:00,400.0,420.48689400460347,20.48689400460347,20.48689400460347,5,4,False
test,2017-12-28 06:00:00,2017-12-29 06:00:00,395.0,419.22888157993197,24.228881579931965,24.228881579931965,6,4,False
test,2017-12-28 07:00:00,2017-12-29 07:00:00,397.0,425.22966121357814,28.22966121357814,28.22966121357814,7,4,False
test,2017-12-28 08:00:00,2017-12-29 08:00:00,403.0,420.9635772709761,17.96357727097609,17.96357727097609,8,4,False
test,2017-12-28 09:00:00,2017-12-29 09:00:00,401.0,427.3917861144681,26.39178611446812,26.39178611446812,9,4,False
test,2017-12-28 10:00:00,2017-12-29 10:00:00,411.0,419.8555986687016,8.855598668701589,8.855598668701589,10,4,False
test,2017-12-28 11:00:00,2017-12-29 11:00:00,418.0,421.72922758009634,3.7292275800963353,3.7292275800963353,11,4,False
test,2017-12-28 12:00:00,2017-12-29 12:00:00,426.0,423.97768209634523,-2.0223179036547663,2.0223179036547663,12,4,False
test,2017-12-28 13:00:00,2017-12-29 13:00:00,430.0,429.6120387439242,-0.3879612560758119,0.3879612560758119,13,4,False
test,2017-12-28 14:00:00,2017-12-29 14:00:00,427.0,428.86479061872456,1.8647906187245553,1.8647906187245553,14,4,False
test,2017-12-28 15:00:00,2017-12-29 15:00:00,426.0,430.56650672805966,4.5665067280596645,4.5665067280596645,15,4,False
test,2017-12-28 16:00:00,2017-12-29 16:00:00,424.0,426.1024360266706,2.1024360266706026,2.1024360266706026,16,4,False
test,2017-12-28 17:00:00,2017-12-29 17:00:00,429.0,428.17827556950414,-0.8217244304958626,0.8217244304958626,17,4,False
test,2017-12-28 18:00:00,2017-12-29 18:00:00,420.0,422.44031226601874,2.4403122660187364,2.4403122660187364,18,4,False
test,2017-12-28 19:00:00,2017-12-29 19:00:00,412.0,419.527430102291,7.527430102291021,7.527430102291021,19,4,False
test,2017-12-28 20:00:00,2017-12-29 20:00:00,408.0,421.40596108679296,13.405961086792956,13.405961086792956,20,4,False
test,2017-12-28 21:00:00,2017-12-29 21:00:00,407.0,417.24068779249984,10.240687792499841,10.240687792499841,21,4,False
test,2017-12-28 22:00:00,2017-12-29 22:00:00,401.0,418.15976670958116,17.159766709581163,17.159766709581163,22,4,False
test,2017-12-28 23:00:00,2017-12-29 23:00:00,405.0,413.4483832712774,8.448383271277407,8.448383271277407,23,4,False
test,2017-12-29 00:00:00,2017-12-30 00:00:00,403.0,414.49281400439304,11.49281400439304,11.49281400439304,0,5,True
test,2017-12-29 01:00:00,2017-12-30 01:00:00,405.0,415.2080978354976,10.208097835497597,10.208097835497597,1,5,True
test,2017-12-29 02:00:00,2017-12-30 02:00:00,403.0,415.492411276532,12.492411276531982,12.492411276531982,2,5,True
test,2017-12-29 03:00:00,2017-12-30 03:00:00,404.0,415.24392846749174,11.243928467491742,11.243928467491742,3,5,True
test,2017-12-29 04:00:00,2017-12-30 04:00:00,403.0,415.9080500762061,12.90805007620611,12.90805007620611,4,5,True
test,2017-12-29 05:00:00,2017-12-30 05:00:00,403.0,418.02801467556446,15.028014675564464,15.028014675564464,5,5,True
test,2017-12-29 06:00:00,2017-12-30 06:00:00,400.0,414.1652809098068,14.165280909806825,14.165280909806825,6,5,True
test,2017-12-29 07:00:00,2017-12-30 07:00:00,402.0,413.38513768188886,11.385137681888864,11.385137681888864,7,5,True
test,2017-12-29 08:00:00,2017-12-30 08:00:00,402.0,413.8847895914118,11.884789591411788,11.884789591411788,8,5,True
test,2017-12-29 09:00:00,2017-12-30 09:00:00,403.0,411.3050275031055,8.30502750310552,8.30502750310552,9,5,True
test,2017-12-29 10:00:00,2017-12-30 10:00:00,399.0,407.9508048721229,8.950804872122887,8.950804872122887,10,5,True
test,2017-12-29 11:00:00,2017-12-30 11:00:00,403.0,407.5649141289657,4.564914128965711,4.564914128965711,11,5,True
test,2017-12-29 12:00:00,2017-12-30 12:00:00,408.0,411.47841672492893,3.478416724928934,3.478416724928934,12,5,True
test,2017-12-29 13:00:00,2017-12-30 13:00:00,409.0,413.3948227302407,4.394822730240719,4.394822730240719,13,5,True
test,2017-12-29 14:00:00,2017-12-30 14:00:00,411.0,414.33928000320503,3.339280003205033,3.339280003205033,14,5,True
test,2017-12-29 15:00:00,2017-12-30 15:00:00,411.0,414.54340400159543,3.543404001595434,3.543404001595434,15,5,True
test,2017-12-29 16:00:00,2017-12-30 16:00:00,408.0,413.00164292372773,5.001642923727729,5.001642923727729,16,5,True
test,2017-12-29 17:00:00,2017-12-30 17:00:00,410.0,415.5958415486799,5.595841548679914,5.595841548679914,17,5,True
test,2017-12-29 18:00:00,2017-12-30 18:00:00,410.0,411.4713486842376,1.4713486842376255,1.4713486842376255,18,5,True
test,2017-12-29 19:00:00,2017-12-30 19:00:00,408.0,409.6348777161355,1.6348777161355201,1.6348777161355201,19,5,True
test,2017-12-29 20:00:00,2017-12-30 20:00:00,407.0,407.6159009931436,0.6159009931436117,0.6159009931436117,20,5,True
test,2017-12-29 21:00:00,2017-12-30 21:00:00,407.0,407.06263417058574,0.0626341705857385,0.0626341705857385,21,5,True
test,2017-12-29 22:00:00,2017-12-30 22:00:00,404.0,412.89776626898737,8.897766268987368,8.897766268987368,22,5,True
test,2017-12-29 23:00:00,2017-12-30 23:00:00,404.0,409.92766953870165,5.92766953870165,5.92766953870165,23,5,True
test,2017-12-30 00:00:00,2017-12-31 00:00:00,402.0,411.8135179168058,9.813517916805779,9.813517916805779,0,6,True
test,2017-12-30 01:00:00,2017-12-31 01:00:00,401.0,405.16657144605284,4.166571446052842,4.166571446052842,1,6,True
test,2017-12-30 02:00:00,2017-12-31 02:00:00,398.0,411.3223247503161,13.322324750316113,13.322324750316113,2,6,True
test,2017-12-30 03:00:00,2017-12-31 03:00:00,402.0,404.4369606744703,2.436960674470299,2.436960674470299,3,6,True
test,2017-12-30 04:00:00,2017-12-31 04:00:00,400.0,412.63738050414577,12.637380504145767,12.637380504145767,4,6,True
test,2017-12-30 05:00:00,2017-12-31 05:00:00,401.0,408.50425080623285,7.504250806232847,7.504250806232847,5,6,True
test,2017-12-30 06:00:00,2017-12-31 06:00:00,399.0,415.4398618301945,16.439861830194502,16.439861830194502,6,6,True
test,2017-12-30 07:00:00,2017-12-31 07:00:00,400.0,406.19262676579456,6.192626765794557,6.192626765794557,7,6,True
test,2017-12-30 08:00:00,2017-12-31 08:00:00,402.0,407.6575973692892,5.657597369289192,5.657597369289192,8,6,True
test,2017-12-30 09:00:00,2017-12-31 09:00:00,400.0,407.1978543970341,7.197854397034121,7.197854397034121,9,6,True
test,2017-12-30 10:00:00,2017-12-31 10:00:00,398.0,410.2152545912899,12.21525459128992,12.21525459128992,10,6,True
test,2017-12-30 11:00:00,2017-12-31 11:00:00,399.0,408.3772269769367,9.377226976936697,9.377226976936697,11,6,True
test,2017-12-30 12:00:00,2017-12-31 12:00:00,399.0,404.90133941627766,5.901339416277665,5.901339416277665,12,6,True
test,2017-12-30 13:00:00,2017-12-31 13:00:00,401.0,407.8712985275659,6.871298527565898,6.871298527565898,13,6,True
test,2017-12-30 14:00:00,2017-12-31 14:00:00,403.0,407.52810747284457,4.528107472844567,4.528107472844567,14,6,True
test,2017-12-30 15:00:00,2017-12-31 15:00:00,401.0,408.1864507192616,7.186450719261586,7.186450719261586,15,6,True
test,2017-12-30 16:00:00,2017-12-31 16:00:00,402.0,407.0346463532909,5.034646353290896,5.034646353290896,16,6,True
test,2017-12-30 17:00:00,2017-12-31 17:00:00,404.0,407.2916689672871,3.2916689672870802,3.2916689672870802,17,6,True
test,2017-12-30 18:00:00,2017-12-31 18:00:00,399.0,407.9941734947064,8.994173494706388,8.994173494706388,18,6,True
test,2017-12-30 19:00:00,2017-12-31 19:00:00,400.0,408.84653145442957,8.846531454429567,8.846531454429567,19,6,True
test,2017-12-30 20:00:00,2017-12-31 20:00:00,400.0,408.8783419576043,8.878341957604277,8.878341957604277,20,6,True
test,2017-12-30 21:00:00,2017-12-31 21:00:00,398.0,408.2735065167628,10.27350651676278,10.27350651676278,21,6,True
test,2017-12-30 22:00:00,2017-12-31 22:00:00,397.0,409.85330407320953,12.853304073209529,12.853304073209529,22,6,True
test,2017-12-30 23:00:00,2017-12-31 23:00:00,397.0,409.50539861953257,12.50539861953257,12.50539861953257,23,6,True
