building,primaryspaceusage,quality_pass,quality_failure_reasons,train_valid_samples,validation_valid_samples,test_valid_samples,mean_load,std,coefficient_of_variation,min,max,p95,peak_to_average_ratio,peak_valley_range,normalized_peak_valley_range,lag24_autocorrelation,lag168_autocorrelation,weekday_weekend_difference,weekday_weekend_difference_normalized,daily_profile_variability,daily_profile_variability_normalized,robust_outlier_fraction,zero_fraction,missing_fraction,validation_missing_fraction,test_missing_fraction,negative_count,log_mean_load,morphology_data_scope,quality_coverage_scope,causal_train_samples,causal_validation_samples,causal_test_samples,selected,selection_order
Hog_office_Alexis,Office,True,,16078,720,744,19.39183903470581,13.561979412137937,0.6993653045420756,4.461,73.862,48.74145000000001,3.808921880374949,69.401,3.5788766540291603,0.65632194110955,0.8311722773771094,12.403780761595769,0.6396392183019141,10.083874692469864,0.5200061053736384,0.0,0.0,0.0001243781094527363,0.0,0.0,0,3.0151347734915523,Train raw load only,Train/Validation/Test raw availability only; no model or decision metrics,15402,720,720,True,6.0
Hog_office_Byron,Office,True,,15959,720,744,954.2118300645404,195.92506989263816,0.20532659910471482,219.0,1816.289,1284.8919999999998,1.9034442277635049,1597.289,1.6739354404063125,0.7157034477440535,0.8758828223363115,198.02223312773265,0.20752439541054415,135.25165300624417,0.1417417482626432,0.0,0.0,0.007524875621890547,0.0,0.0,0,6.861933127470084,Train raw load only,Train/Validation/Test raw availability only; no model or decision metrics,15342,720,720,True,7.0
Hog_office_Joey,Office,True,,16078,720,744,1196.639632541361,564.7370550866677,0.4719357772626238,54.157,3566.656,2703.7413999999994,2.9805598135048577,3512.499,2.93530224512148,0.6123911860534211,0.46742349679167905,210.29954157997213,0.1757417486945079,535.343547476983,0.44737240261719247,0.07077994775469586,0.0,0.0001243781094527363,0.0,0.0,0,7.088107925862257,Train raw load only,Train/Validation/Test raw availability only; no model or decision metrics,15402,720,720,True,2.0
Hog_office_Lavon,Office,True,,16080,720,744,291.7353025497512,447.87892697909984,1.5352236190295159,0.012,3008.786,1244.84405,10.313410731246334,3008.774,10.313369598068773,0.7161707032411327,0.39034005631376134,98.44694451254506,0.3374529707310837,426.2036361016676,1.4609258200041964,0.01996268656716418,0.0,0.0,0.0,0.0,0,5.679268796434437,Train raw load only,Train/Validation/Test raw availability only; no model or decision metrics,15744,720,720,True,1.0
Hog_office_Rolando,Office,True,,16079,720,744,299.22868337583185,167.86872055480424,0.5610047762164591,51.0,853.0,508.0,2.850662544702074,802.0,2.680224338629617,0.9907783567975552,0.9731213474763276,21.276213559979738,0.07110352296426332,166.9269956875589,0.5578576017657313,0.0,0.0,6.218905472636816e-05,0.0,0.0,0,5.704544462189388,Train raw load only,Train/Validation/Test raw availability only; no model or decision metrics,15573,720,720,True,0.0
Lamb_office_Caitlin,Office,True,,16080,720,744,22.13233762437811,34.659193095525595,1.5659978482051315,0.0018,157.1,108.20499999999993,7.09821089241649,157.0982,7.098129563456551,0.7597858551649925,0.8614374984863769,20.489784442555795,0.9257849211547771,27.78224356375487,1.2552783187779297,0.1342039800995025,0.0,0.0,0.0,0.0,0,3.1412315357444514,Train raw load only,Train/Validation/Test raw availability only; no model or decision metrics,15744,720,720,True,3.0
Lamb_office_Gerardo,Office,True,,16034,720,744,8.73255032431084,10.790419873743232,1.23565504612134,0.0018,64.0,32.1,7.3289013659421185,63.9982,7.328695240591201,0.7715606839020043,0.7950351816062688,6.083968800126296,0.6967001132749194,9.515880294147427,1.0897023138424808,0.008856180616190595,0.0,0.0028606965174129352,0.0,0.0,0,2.275475971237715,Train raw load only,Train/Validation/Test raw availability only; no model or decision metrics,15268,720,720,True,5.0
Robin_office_Addie,Office,True,,16080,720,744,20.834427904228853,6.385860856107149,0.3065052174920043,0.1269,46.3,32.4,2.222283242565172,46.1731,2.21619236257637,0.6378910818222886,0.5501840646493318,5.111536611968273,0.2453408673117807,5.350856405875347,0.25682761391251163,0.0,0.0,0.0,0.0,0.0,0,3.0834879857345943,Train raw load only,Train/Validation/Test raw availability only; no model or decision metrics,15744,720,720,True,4.0
Bobcat_office_Alma,Office,False,train_missing;validation_missing;test_missing;validation_coverage;test_coverage,14882,714,728,4.507018740760651,1.851145179778979,0.4107249794720314,1.0,14.0,8.0,3.106266205060691,13.0,2.884390047556356,0.5657265175259578,0.5240410661868952,0.905168827808116,0.2008353814067679,1.6101071175077724,0.35724438040300543,0.004905254670071227,0.0,0.07450248756218905,0.008333333333333333,0.021505376344086023,0,1.7060234133543888,Train raw load only,Train/Validation/Test raw availability only; no model or decision metrics,0,0,0,False,
Bobcat_office_Justine,Office,False,train_missing;validation_missing;test_missing;validation_coverage;test_coverage,12373,718,743,19.18963671704518,8.511499940199853,0.443546694796964,0.75,94.63,35.38,4.931307527877533,93.88,4.892223932337977,0.6022271269652584,0.6804584104195397,2.5807687004942323,0.13448762676168155,7.205252128397711,0.3754762132624247,0.0006465691424876748,0.0,0.23053482587064678,0.002777777777777778,0.0013440860215053765,0,3.0051694389506416,Train raw load only,Train/Validation/Test raw availability only; no model or decision metrics,0,0,0,False,
Bobcat_office_Kassandra,Office,False,train_missing;validation_missing;test_missing;validation_coverage;test_coverage,13631,716,250,52.15731575819822,28.465471690928876,0.5457618222320921,4.62,226.5,104.53,4.342631454618102,221.88,4.254053276603375,0.7002803735007455,0.9123704244476979,26.801560818366426,0.5138600487536341,19.843029229937425,0.3804457522685769,7.336218912772357e-05,0.0,0.15230099502487562,0.005555555555555556,0.6639784946236559,0,3.9732557389320906,Train raw load only,Train/Validation/Test raw availability only; no model or decision metrics,0,0,0,False,
Bobcat_office_Melody,Office,False,train_missing;validation_missing;test_missing;validation_coverage;test_coverage,12475,716,741,49.56023672144289,12.376962425534256,0.2497357406725057,4.87,100.1199,68.62,2.020165895549119,95.2499,1.9219016352839347,0.8367753890672763,0.7800820168592639,6.0536587021670485,0.12214749368918679,11.801488672207407,0.23812413848098787,0.0,0.0,0.22419154228855723,0.005555555555555556,0.004032258064516129,0,3.923165431818205,Train raw load only,Train/Validation/Test raw availability only; no model or decision metrics,0,0,0,False,
Bobcat_office_Nikita,Office,False,train_missing;validation_missing;validation_coverage,14886,717,744,39.315283790138395,17.331086824235822,0.4408231393355234,3.75,118.5017,75.75,3.0141382326667636,114.7517,2.918755479740009,0.6229757003888555,0.8432717489894787,14.875254997756134,0.3783580725795842,12.73762103303529,0.32398649596496915,0.0002687088539567379,0.0,0.07425373134328359,0.004166666666666667,0.0,0,3.6967306474310337,Train raw load only,Train/Validation/Test raw availability only; no model or decision metrics,0,0,0,False,
Bull_office_Anne,Office,False,train_missing;validation_missing;test_missing;validation_coverage;test_coverage,15836,640,728,20.77238570346047,2.485812410662354,0.11966908597543724,4.0,55.0,25.0,2.6477459443109397,51.0,2.4551826029065076,0.4436373580924855,0.7246078474014096,2.9715475019116973,0.14305277902752728,1.9852172524265057,0.0955700168852434,0.0010103561505430665,0.0,0.01517412935323383,0.1111111111111111,0.021505376344086023,0,3.0806424559882695,Train raw load only,Train/Validation/Test raw availability only; no model or decision metrics,0,0,0,False,
Bull_office_Chantel,Office,False,train_missing;validation_missing;test_missing;validation_coverage;test_coverage,15707,651,728,144.07604889539695,35.317463018901186,0.24513070208180546,2.0,1035.0,213.0,7.183706160289262,1033.0,7.169824602491602,0.7346908019473739,0.6917096551121444,14.249146806170444,0.09890017747860162,30.656979002970598,0.21278331296569897,0.0029286305468899216,0.0,0.023196517412935325,0.09583333333333334,0.021505376344086023,0,4.977258080072227,Train raw load only,Train/Validation/Test raw availability only; no model or decision metrics,0,0,0,False,
Bull_office_Claudia,Office,False,train_missing;validation_missing;test_missing;validation_coverage;test_coverage,15864,650,728,33.34282022188603,2.640454676107023,0.07919110196844849,3.0,104.0,37.0,3.1191122798825224,101.0,3.0291378871936034,0.4428977677505363,0.5473235430433315,2.506507625783737,0.07517383380001191,2.113840252847519,0.06339716433044877,0.0011976802824004034,0.0,0.013432835820895522,0.09722222222222222,0.021505376344086023,0,3.536392978535287,Train raw load only,Train/Validation/Test raw availability only; no model or decision metrics,0,0,0,False,
Bull_office_Debbie,Office,False,train_missing;validation_missing;test_missing;validation_coverage;test_coverage,15812,651,728,29.518340500885405,11.421012189457834,0.3869124075289822,3.0,108.0,53.0,3.65874226556742,105.0,3.557110535968325,0.7230752740161037,0.9178721679489887,10.829942544949173,0.36688859743400304,6.363318535015437,0.21557168956786607,0.0003162155325069567,0.0,0.016666666666666666,0.09583333333333334,0.021505376344086023,0,3.4183278307860743,Train raw load only,Train/Validation/Test raw availability only; no model or decision metrics,0,0,0,False,
Bull_office_Efren,Office,False,train_missing;validation_missing;test_missing;validation_coverage;test_coverage,15879,655,729,52.13070722337679,37.98034795595894,0.7285599981065967,3.0,2081.0,90.0,39.918890627803044,2078.0,39.86134297192442,0.5147658364590016,0.30280746003797904,23.11993798050392,0.4434994116123621,13.336187410093268,0.25582210793627924,0.0010076201272120411,0.0,0.0125,0.09027777777777778,0.020161290322580645,0,3.972755051561475,Train raw load only,Train/Validation/Test raw availability only; no model or decision metrics,0,0,0,False,
Bull_office_Ella,Office,False,train_missing;validation_missing;test_missing;validation_coverage;test_coverage,15878,654,706,73.00991938531301,36.353049286799454,0.49791931826338093,8.0,1842.0,88.0,25.229448484647204,1834.0,25.119874332705198,0.5177634570147878,0.06851679322884756,6.253214411981531,0.08564883326305185,9.596436046922383,0.13144016768840378,0.001700466053659151,0.0,0.012562189054726369,0.09166666666666666,0.051075268817204304,0,4.304199129968315,Train raw load only,Train/Validation/Test raw availability only; no model or decision metrics,0,0,0,False,
Bull_office_Hilton,Office,False,train_missing;validation_missing;test_missing;validation_coverage;test_coverage,15701,639,728,6.540475128972677,1.1317155478472827,0.17303262003612926,2.0,16.0,9.0,2.4463054570950025,14.0,2.1405172749581274,0.5434791977671848,0.4586138157784138,0.7109974174553431,0.10870730389384121,1.0058191835907095,0.15378380985429957,0.004458314757021846,0.0,0.023569651741293534,0.1125,0.021505376344086023,0,2.020285194487147,Train raw load only,Train/Validation/Test raw availability only; no model or decision metrics,0,0,0,False,
Bull_office_Ivette,Office,False,train_missing;validation_missing;test_missing;validation_coverage;test_coverage,15737,641,728,24.25961110758086,5.357022857394004,0.22082064026657022,2.0,69.0,34.0,2.8442335573317687,67.0,2.761792004945341,0.7219645692638811,0.8397262901755049,5.071183624019934,0.20903812520041778,4.013537586589446,0.16544113459985596,0.0002541780517252335,0.0,0.021330845771144278,0.10972222222222222,0.021505376344086023,0,3.2292067212211264,Train raw load only,Train/Validation/Test raw availability only; no model or decision metrics,0,0,0,False,
Bull_office_Lilla,Office,False,train_missing;validation_missing;test_missing;validation_coverage;test_coverage,15868,652,728,466.8828144693723,80.47016935646552,0.1723562462840328,6.0,2677.0,586.0,5.7337728377141035,2671.0,5.720921647192518,0.7711721065616731,0.7828940466258313,46.96625551639471,0.10059538295444309,44.621249830601236,0.09557269714738752,0.000567179228636249,0.0,0.01318407960199005,0.09444444444444444,0.021505376344086023,0,6.148217868130261,Train raw load only,Train/Validation/Test raw availability only; no model or decision metrics,0,0,0,False,
Bull_office_Mai,Office,False,train_missing;validation_missing;test_missing;validation_coverage;test_coverage,9066,0,0,6.200033090668431,2.9121539888629338,0.46969974938455883,2.0,21.0,11.0,3.3870786966615962,19.0,3.0644997731700157,0.8459983503147351,0.6523017559060307,0.024547002025684606,0.003959172744195495,2.5498241996525834,0.41125977270835573,0.00044120891242003087,0.0,0.4361940298507463,1.0,1.0,0,1.9740856219376195,Train raw load only,Train/Validation/Test raw availability only; no model or decision metrics,0,0,0,False,
Bull_office_Marco,Office,False,train_missing;validation_missing;test_missing;validation_coverage;test_coverage,14734,654,729,55.653420659698654,23.422162481361436,0.4208575538344683,3.0,794.0,91.0,14.266867886792339,791.0,14.212962844398916,0.7669972308153182,0.5168677331732902,7.437919125974645,0.13364711526816903,14.704607499310164,0.26421749687631485,0.0006787023211619384,0.0,0.08370646766169154,0.09166666666666666,0.020161290322580645,0,4.036952367993505,Train raw load only,Train/Validation/Test raw availability only; no model or decision metrics,0,0,0,False,
Bull_office_Myron,Office,False,train_missing;validation_missing;test_missing;validation_coverage;test_coverage,15755,651,728,63.78105363376706,16.811314959392554,0.2635785080617151,2.0,234.0,92.0,3.6688011042218873,232.0,3.6374438298268283,0.8457257410261119,0.872860412416876,7.884653252037353,0.12362061776701425,7.84187112520523,0.12294985232187472,0.0002538876547127896,0.0,0.020211442786069653,0.09583333333333334,0.021505376344086023,0,4.171013178411269,Train raw load only,Train/Validation/Test raw availability only; no model or decision metrics,0,0,0,False,
Bull_office_Nicolas,Office,False,train_missing;validation_missing;test_missing;validation_coverage;test_coverage,15715,649,728,20.5260897231944,4.867534524351301,0.2371389090661046,3.0,61.0,26.0,2.9718276019747805,58.0,2.825672146139955,0.7959569513647953,0.8945294855516839,3.182884487811098,0.15506531106187513,3.301567532648846,0.16084736923458381,6.363347120585428e-05,0.0,0.02269900497512438,0.09861111111111111,0.021505376344086023,0,3.0692656749647216,Train raw load only,Train/Validation/Test raw availability only; no model or decision metrics,0,0,0,False,
Bull_office_Rob,Office,False,train_missing;validation_missing;test_missing;validation_coverage;test_coverage,15773,651,728,277.05931021365626,89.19765342263453,0.32194425574022084,5.0,3170.0,404.0,11.441593489695155,3165.0,11.423546812266615,0.5632684419799708,0.664814265225668,79.8690567438091,0.28827422071547604,47.74355996303316,0.1723225251886153,0.0005705953211183668,0.0,0.019092039800995025,0.09583333333333334,0.021505376344086023,0,5.627834437027885,Train raw load only,Train/Validation/Test raw availability only; no model or decision metrics,0,0,0,False,
Bull_office_Sally,Office,False,train_missing;validation_missing;test_missing;validation_coverage;test_coverage,15747,655,729,91.25823966469804,69.31405704285834,0.7595375200916954,2.0,3958.0,139.0,43.37142612593147,3956.0,43.349510296661165,0.3348380298442194,0.1411574691133417,25.512154091445552,0.27956000669290326,20.942408523168847,0.22948512485136313,0.001778116466628564,0.0,0.020708955223880596,0.09027777777777778,0.020161290322580645,0,4.52459159779046,Train raw load only,Train/Validation/Test raw availability only; no model or decision metrics,0,0,0,False,
Bull_office_Trevor,Office,False,train_missing;validation_missing;test_missing;validation_coverage;test_coverage,11755,572,729,52.17737133134836,32.98228025447451,0.6321184722975616,13.0,2249.0,73.0,43.10297630208121,2236.0,42.85382615004606,0.5048964581974166,0.10769145324672064,11.800537553701758,0.2261619788924083,7.571323103199576,0.14510740786687917,0.0008507018290089324,0.0,0.2689676616915423,0.20555555555555555,0.020161290322580645,0,3.973632954945734,Train raw load only,Train/Validation/Test raw availability only; no model or decision metrics,0,0,0,False,
Bull_office_Yvonne,Office,False,train_missing;validation_missing;test_missing;validation_coverage;test_coverage,15835,650,728,166.33176507736027,44.61854273369215,0.2682502810749362,3.0,699.0,246.0,4.202444431915321,696.0,4.18440818971826,0.7244025503428272,0.9020674299986059,42.146604748828935,0.2533887903445665,25.49600383803475,0.1532840334266678,0.00025260498894853176,0.0,0.015236318407960199,0.09722222222222222,0.021505376344086023,0,5.119978458932054,Train raw load only,Train/Validation/Test raw availability only; no model or decision metrics,0,0,0,False,
Cockatoo_office_Ada,Office,False,train_missing,12285,720,744,431.7796045258445,41.548672815637694,0.09622657573477575,211.825,605.15,499.225,1.4015252078998517,393.325,0.9109392752164078,0.8609419749413334,0.816726640055833,11.213814111160048,0.025971152860437705,23.977202900965207,0.055531115063425916,0.0,0.0,0.23600746268656717,0.0,0.0,0,6.0702286019437,Train raw load only,Train/Validation/Test raw availability only; no model or decision metrics,0,0,0,False,
Cockatoo_office_Alton,Office,False,train_missing,14655,720,744,97.63896394404641,25.594583039114646,0.2621349306182933,42.3,195.375,143.9825,2.000994194407499,153.075,1.5677655089388505,0.8141832271292562,0.8675314106952045,16.401903488761363,0.16798522665767673,17.87191604798204,0.18304082024286772,0.0,0.0,0.08861940298507463,0.0,0.0,0,4.591466355395072,Train raw load only,Train/Validation/Test raw availability only; no model or decision metrics,0,0,0,False,
Cockatoo_office_Christy,Office,False,train_missing;validation_missing;validation_coverage,14649,719,744,190.41446343095092,35.9031728696816,0.18855276129116627,100.525,343.25,254.31499999999997,1.8026466782785704,242.725,1.2747193444578762,0.8430571981373938,0.8329787289115276,15.076375081721324,0.07917662771026003,22.14597037650235,0.1163040347748218,0.0,0.0,0.08899253731343283,0.001388888888888889,0.0,0,5.254441042678744,Train raw load only,Train/Validation/Test raw availability only; no model or decision metrics,0,0,0,False,
Cockatoo_office_Delores,Office,False,train_missing,14655,720,744,72.54271523712043,15.774792622983293,0.21745522719159624,46.175,125.95,102.78249999999998,1.7362184416217001,79.775,1.099696912904892,0.6672728987877526,0.8975495661842433,16.707808793844364,0.2303168380068424,10.754025944333046,0.14824405054568682,0.0,0.0,0.08861940298507463,0.0,0.0,0,4.297866397099612,Train raw load only,Train/Validation/Test raw availability only; no model or decision metrics,0,0,0,False,
Cockatoo_office_Elbert,Office,False,train_missing,14621,720,744,29.95089198413241,6.9471459624673235,0.23195122089011005,12.775,58.175,41.825,1.9423461588663318,45.4,1.5158146216163553,0.7573571262170921,0.7966776579992139,5.07133432526355,0.16932164584448023,5.884157013448991,0.1964601594024759,0.0,0.0,0.09073383084577115,0.0,0.0,0,3.432401818881141,Train raw load only,Train/Validation/Test raw availability only; no model or decision metrics,0,0,0,False,
Cockatoo_office_Gail,Office,False,train_missing,14648,720,744,21.54651545603495,8.856101101823434,0.41102242819234763,4.8,57.05,40.475,2.647759918136596,52.25,2.4249860775221235,0.6516335732135012,0.7634444121864552,7.132115798311819,0.3310101725202248,6.426941657936102,0.2982821826132441,0.0,0.0,0.0890547263681592,0.0,0.0,0,3.115580528777168,Train raw load only,Train/Validation/Test raw availability only; no model or decision metrics,0,0,0,False,
Cockatoo_office_Georgia,Office,False,train_missing,14654,720,744,244.2397775283199,41.1973474093776,0.16867583088344695,148.05,392.85,325.2924999999999,1.6084603579957346,244.8,1.0022937396903546,0.80830266855154,0.8348486217784278,28.296803950882605,0.11585665626313288,30.3326573667665,0.1241921265804027,0.0,0.0,0.088681592039801,0.0,0.0,0,5.502236415735047,Train raw load only,Train/Validation/Test raw availability only; no model or decision metrics,0,0,0,False,
Cockatoo_office_Giovanni,Office,False,train_missing,14623,720,744,133.8846839499419,25.42484569778548,0.18990107716347576,84.725,226.425,185.675,1.691194192792493,141.70000000000002,1.058373488434123,0.7755659277302804,0.8294271581092025,19.227455727893442,0.1436120634611379,17.47858449095783,0.13054954439368802,0.0,0.0,0.0906094527363184,0.0,0.0,0,4.904420220444341,Train raw load only,Train/Validation/Test raw availability only; no model or decision metrics,0,0,0,False,
Cockatoo_office_Jimmy,Office,False,train_missing,14640,720,744,14.10404144125683,6.255743988464267,0.44354265509778656,3.65,48.7,25.176249999999982,3.4529110115589874,45.050000000000004,3.1941199398507676,0.7783453746422574,0.798959978508529,3.604469650684079,0.2555628942028179,4.494292053816872,0.3186527827882204,0.0001366120218579235,0.0,0.08955223880597014,0.0,0.0,0,2.7149623531266602,Train raw load only,Train/Validation/Test raw availability only; no model or decision metrics,0,0,0,False,
Cockatoo_office_Jodie,Office,False,train_missing,14649,720,744,51.86013093726534,11.464238064066075,0.22106072346663075,27.45,100.425,72.55,1.9364586665136476,72.975,1.4071503230155182,0.6730997295731221,0.6987739736037172,8.672605131878647,0.16723068328481097,9.984933717746708,0.19253583701563304,0.0,0.0,0.08899253731343283,0.0,0.0,0,3.9676493862306867,Train raw load only,Train/Validation/Test raw availability only; no model or decision metrics,0,0,0,False,
Cockatoo_office_Kristin,Office,False,train_missing,14648,720,744,110.03403422310213,13.39157226493654,0.12170391060809549,47.025,158.875,134.74124999999998,1.443871445064617,111.85,1.0165036735199209,0.7444461986111748,0.8010912075786655,10.454902507594753,0.09501517036444075,10.362791593275572,0.09417805742052725,0.0,0.0,0.0890547263681592,0.0,0.0,0,4.709836768938219,Train raw load only,Train/Validation/Test raw availability only; no model or decision metrics,0,0,0,False,
Cockatoo_office_Laila,Office,False,train_missing,14647,720,744,222.41626098859837,27.18891785711445,0.12224339055186359,165.4,309.875,272.5675,1.3932209750432096,144.475,0.6495703118011059,0.8149759598896892,0.8673221541598415,16.77372139073421,0.07541589502574218,15.158729412645775,0.06815477135200493,0.0,0.0,0.08911691542288558,0.0,0.0,0,5.409036672654882,Train raw load only,Train/Validation/Test raw availability only; no model or decision metrics,0,0,0,False,
Cockatoo_office_Lorraine,Office,False,train_missing,14608,720,744,6.786489142935378,2.3158251696374963,0.3412405326026686,2.15,16.6,11.175,2.4460364778274677,14.450000000000001,2.1292305484702956,0.6521335989133941,0.584118288678171,-0.0843727640054297,-0.012432461354964421,1.9929819702321077,0.2936690722192886,0.0,0.0,0.09154228855721393,0.0,0.0,0,2.0523900706076335,Train raw load only,Train/Validation/Test raw availability only; no model or decision metrics,0,0,0,False,
Cockatoo_office_Margaret,Office,False,train_missing,14636,720,744,3.204321535938781,0.8297027560341018,0.2589324281999749,1.25,6.65,4.68125,2.075322318754671,5.4,1.6852241385376276,0.5678761229877249,0.6731908489689912,0.6352725105015842,0.19825492023086447,0.719901311917098,0.2246657533717777,0.0,0.0,0.08980099502487562,0.0,0.0,0,1.436112933424633,Train raw load only,Train/Validation/Test raw availability only; no model or decision metrics,0,0,0,False,
Cockatoo_office_Paige,Office,False,train_missing,14655,720,744,109.62838907540089,23.44072537860935,0.21381984699681342,61.175,178.6,157.2575,1.6291400567526482,117.425,1.0711185395530778,0.806655116581274,0.8488532928067287,18.536373101079448,0.16908369499373366,17.05565020211456,0.1555769481423641,0.0,0.0,0.08861940298507463,0.0,0.0,0,4.706176738568669,Train raw load only,Train/Validation/Test raw availability only; no model or decision metrics,0,0,0,False,
Cockatoo_office_Pansy,Office,False,train_missing,14650,720,744,54.85374174061433,20.12476452962452,0.36688043314871843,24.225,122.525,93.125,2.2336671321234793,98.30000000000001,1.7920381888409551,0.6638179557061156,0.9013017532373003,20.79743804961271,0.3791434711593074,11.342802898085864,0.206782664922337,0.0,0.0,0.08893034825870647,0.0,0.0,0,4.022736519521989,Train raw load only,Train/Validation/Test raw availability only; no model or decision metrics,0,0,0,False,
Cockatoo_office_Rodney,Office,False,train_missing,14655,720,744,131.57790912998976,38.82790400720111,0.29509439893015676,67.05,247.75,196.45,1.8829148573507148,180.7,1.3733308364208845,0.7717828535833279,0.9046268771854146,35.28803196488349,0.26819115912551383,24.107113871581294,0.1832155111065426,0.0,0.0,0.08861940298507463,0.0,0.0,0,4.887170466059756,Train raw load only,Train/Validation/Test raw availability only; no model or decision metrics,0,0,0,False,
Cockatoo_office_Roxanna,Office,False,train_missing;test_missing;test_coverage,14633,720,742,7.673608180140778,1.7740725775617412,0.23119144682849765,4.2,14.8,11.05,1.9286885194766987,10.600000000000001,1.3813579936792573,0.5751257401716978,0.586650944656766,1.222408298762132,0.15930032783348422,1.4764337257690794,0.19240410653101567,0.0,0.0,0.08998756218905472,0.0,0.002688172043010753,0,2.160284872631403,Train raw load only,Train/Validation/Test raw availability only; no model or decision metrics,0,0,0,False,
Eagle_office_Amanda,Office,False,train_missing;validation_missing;test_missing;validation_coverage;test_coverage,15365,546,482,295.27684137975916,62.26512870529377,0.21087034260575085,27.8906,669.6724,412.79519999999997,2.2679475873244193,641.7818000000001,2.1734918221188795,0.7478192787829159,0.7145612944534907,34.77064708246871,0.11775609262139783,56.032683432620765,0.1897632173616909,0.0016921575008135372,0.0,0.04446517412935323,0.24166666666666667,0.3521505376344086,0,5.691294292158596,Train raw load only,Train/Validation/Test raw availability only; no model or decision metrics,0,0,0,False,
Eagle_office_Amie,Office,False,train_missing,12729,720,744,467.02779919082417,59.885156419221545,0.12822610671779927,282.555,549.5825,536.1804,1.1767661388726982,267.0275,0.5717593266667504,0.9918428015445881,0.9507479108017207,-0.6029316334277723,-0.0012909973120923768,59.89897380362502,0.12825569250354352,0.0,0.0,0.2083955223880597,0.0,0.0,0,6.148527694133931,Train raw load only,Train/Validation/Test raw availability only; no model or decision metrics,0,0,0,False,
Eagle_office_Bridgett,Office,False,validation_missing;validation_coverage,15961,718,744,198.13262194098118,37.141440448314626,0.18745747209350586,99.8429,350.7107,271.3678,1.7700805478891206,250.8678,1.2661610064128022,0.7448343404987793,0.7331538770771264,20.915669291110447,0.1055639858101747,30.223665442621364,0.1525426007415591,0.0,0.0,0.007400497512437811,0.002777777777777778,0.0,0,5.293971044665175,Train raw load only,Train/Validation/Test raw availability only; no model or decision metrics,0,0,0,False,
Eagle_office_Chantelle,Office,False,train_missing,14815,720,744,33.8313072561593,9.36857430077498,0.2769202570222688,12.297,67.6302,50.9402,1.999041878220278,55.333200000000005,1.6355619834916693,0.704045901324509,0.7299498894322927,7.0640197559745594,0.20880126512665248,9.279900363016317,0.27429919549818244,0.0,0.0,0.07866915422885572,0.0,0.0,0,3.5505166161501647,Train raw load only,Train/Validation/Test raw availability only; no model or decision metrics,0,0,0,False,
Eagle_office_Chauncey,Office,False,train_missing;test_missing;test_coverage,15471,720,283,551.1100939952169,90.25535853299272,0.1637701060394224,6.7109,783.7851,694.8607,1.4221933304070504,777.0742,1.4100162716430744,0.5161746332470577,0.6034613383504155,68.61106141766038,0.12449610733904624,67.7258709710182,0.12288991203199773,0.008144269924374637,0.0,0.03787313432835821,0.0,0.6196236559139785,0,6.313747472033966,Train raw load only,Train/Validation/Test raw availability only; no model or decision metrics,0,0,0,False,
Eagle_office_Dallas,Office,False,train_missing,15919,720,744,53.74006476537471,18.525337224365853,0.344721155533514,24.7813,134.0625,91.38124999999991,2.494647161020503,109.2812,2.0335144826697533,0.7751954525455914,0.7182380550967193,8.59772816419138,0.1599873055927351,15.985260394174515,0.2974551754629441,0.0,0.0,0.010012437810945274,0.0,0.0,0,4.002595886757152,Train raw load only,Train/Validation/Test raw availability only; no model or decision metrics,0,0,0,False,
Eagle_office_Damian,Office,False,train_missing,15308,720,744,180.452305402404,45.94245415571076,0.25459610534351595,82.8934,315.9463,250.0392,1.750857653469419,233.05290000000002,1.291493059511199,0.7989263082050272,0.8458293568739665,27.182080410906906,0.15063304594691415,26.722044472538624,0.1480836967582606,0.0,0.0,0.04800995024875622,0.0,0.0,0,5.200992839020107,Train raw load only,Train/Validation/Test raw availability only; no model or decision metrics,0,0,0,False,
Eagle_office_Demetra,Office,False,train_missing,15901,720,744,154.71404314194075,60.48003096819014,0.3909149404925278,36.0,287.0,227.0,1.855035226095765,251.0,1.6223478806621499,0.8996593126612588,0.9031218159686522,27.77398017259239,0.17951815884684397,28.799307209073095,0.18614539846684428,0.0,0.0,0.0111318407960199,0.0,0.0,0,5.0480212683626124,Train raw load only,Train/Validation/Test raw availability only; no model or decision metrics,0,0,0,False,
Eagle_office_Donovan,Office,False,test_missing;test_coverage,15976,720,743,65.80656248122185,28.24522383834011,0.429215913631714,12.6,217.67,113.6325,3.307724819422272,205.07,3.1162545537691244,0.8233627394714171,0.8720108552900288,19.91825226872607,0.30267881374915795,21.142768463425707,0.3212866265345326,0.0,0.0,0.006467661691542288,0.0,0.0013440860215053765,0,4.201801316454149,Train raw load only,Train/Validation/Test raw availability only; no model or decision metrics,0,0,0,False,
Eagle_office_Efrain,Office,False,train_missing,15900,720,744,48.98402742138365,16.579861961651943,0.33847486281648853,16.5015,112.1115,79.01116,2.2887358574166257,95.61000000000001,1.9518607397778425,0.8935248854956094,0.8541261533031523,3.911913973876409,0.0798610114318344,13.983089795981186,0.2854622319167852,0.0,0.0,0.011194029850746268,0.0,0.0,0,3.911703502820296,Train raw load only,Train/Validation/Test raw availability only; no model or decision metrics,0,0,0,False,
Eagle_office_Elia,Office,False,train_missing,15365,720,744,146.59499768955422,48.90726890629244,0.333621676572238,55.558,301.6349,227.7164,2.0576070449468915,246.07690000000002,1.6786173053538953,0.8391450656704877,0.8509804862351311,28.936422021436186,0.19739024166919497,31.31940923268668,0.21364582507114005,0.0,0.0,0.04446517412935323,0.0,0.0,0,4.994472020599879,Train raw load only,Train/Validation/Test raw availability only; no model or decision metrics,0,0,0,False,
Eagle_office_Elias,Office,False,train_missing,15308,720,744,85.13149991507707,21.67431630476507,0.25459807857709876,39.1066,149.0537,117.9608,1.7508642529344427,109.94709999999999,1.291497273155973,0.7989041321952741,0.8457994667834461,12.823196685316503,0.15062810708266955,12.607017630172066,0.14808875260917753,0.0,0.0,0.04800995024875622,0.0,0.0,0,4.4558751971981225,Train raw load only,Train/Validation/Test raw availability only; no model or decision metrics,0,0,0,False,
Eagle_office_Elvis,Office,False,train_missing;test_missing;test_coverage,15900,720,743,48.15119496855346,18.438793066982957,0.38293531612299436,14.0,126.0,80.0,2.6167574882053906,112.0,2.3260066561825696,0.7241884088943686,0.8010176152242034,11.68858694363901,0.2427475985024376,12.757912019610906,0.2649552524697016,0.0,0.0,0.011194029850746268,0.0,0.0013440860215053765,0,3.894901158984371,Train raw load only,Train/Validation/Test raw availability only; no model or decision metrics,0,0,0,False,
Eagle_office_Flossie,Office,False,train_missing;test_missing;test_coverage,14913,720,743,157.52806186548648,29.281132365816354,0.18587883339045694,49.6875,293.875,211.46249999999998,1.8655406314269292,244.1875,1.5501206395119125,0.5775588050337763,0.6055084071029531,20.47698962588754,0.12998947224636637,25.15714612387551,0.159699458153413,6.70555890833501e-05,0.0,0.07257462686567165,0.0,0.0013440860215053765,0,5.065931624116405,Train raw load only,Train/Validation/Test raw availability only; no model or decision metrics,0,0,0,False,
Eagle_office_Francis,Office,False,train_missing;test_missing;test_coverage,15901,720,743,351.224514181498,35.52550365933142,0.10114756295448482,268.0,537.0,417.0,1.5289365585754673,269.0,0.7658918701243961,0.6684774418466133,0.7099546074870533,22.0362344710058,0.06274116293493796,29.554807092701903,0.0841479051129934,6.288912647003333e-05,0.0,0.0111318407960199,0.0,0.0013440860215053765,0,5.864268796653835,Train raw load only,Train/Validation/Test raw availability only; no model or decision metrics,0,0,0,False,
Eagle_office_Freida,Office,False,train_missing;test_missing;test_coverage,15900,720,737,61.45308176100629,19.388371018585378,0.31549875877645317,2.0,118.0,96.0,1.920164076700126,116.0,1.8876189228577511,0.882745002295185,0.9196743527741544,9.439122199572381,0.15359884206103022,12.790634628001307,0.20813658585495584,0.0,0.0,0.011194029850746268,0.0,0.009408602150537635,0,4.134415583008256,Train raw load only,Train/Validation/Test raw availability only; no model or decision metrics,0,0,0,False,
Eagle_office_Henriette,Office,False,test_missing;test_coverage,15997,720,743,29.599720203788213,8.067052941938565,0.27253814855000325,11.998,60.0,36.0071,2.0270461878325836,48.002,1.621704518472328,0.4701878998277324,0.4609435508869714,4.085377355038236,0.138020809889797,7.06592706620436,0.23871600871754364,0.0,0.0,0.005161691542288557,0.0,0.0013440860215053765,0,3.42099086524948,Train raw load only,Train/Validation/Test raw availability only; no model or decision metrics,0,0,0,False,
Eagle_office_Isidro,Office,False,train_missing,15882,720,744,22.53935272635688,11.900729847134311,0.5279978529826163,6.0,76.0,44.0,3.3718803251669134,70.0,3.1056792468642627,0.7444461138944118,0.8409774481041791,8.980890397409325,0.39845378465138115,7.287608349840002,0.32332820016246866,0.0,0.0,0.012313432835820896,0.0,0.0,0,3.1586736046977957,Train raw load only,Train/Validation/Test raw availability only; no model or decision metrics,0,0,0,False,
Eagle_office_Jackie,Office,False,train_missing,15899,720,744,70.8308698660293,15.194734045227182,0.21452135310446924,38.0,138.0,98.0,1.9483030529063883,100.0,1.4118138064539045,0.6577620204489741,0.7524068449258099,11.369935184085882,0.16052231471378467,11.827184213212176,0.16697781963686611,0.0,0.0,0.011256218905472636,0.0,0.0,0,4.2743143260792245,Train raw load only,Train/Validation/Test raw availability only; no model or decision metrics,0,0,0,False,
Eagle_office_Jeff,Office,False,train_missing,15901,720,744,44.57210238349789,14.774072801074805,0.33146457113372935,18.0,122.0,78.0,2.7371381082793294,104.0,2.3332980595168054,0.7648793320525684,0.8078412971995722,7.750377429337654,0.17388404438842686,10.309341404278685,0.23129582974518953,0.0103767058675555,0.0,0.0111318407960199,0.0,0.0,0,3.819295739465003,Train raw load only,Train/Validation/Test raw availability only; no model or decision metrics,0,0,0,False,
Eagle_office_Joette,Office,False,train_missing;sufficient_train,6609,720,744,273.6359509759419,57.22059695864104,0.20911213148184565,74.0,489.0,375.0,1.787045884343585,415.0,1.516613582827378,0.7112950320027057,0.8298600081752889,47.00173771980005,0.17176740684900882,38.21357600887001,0.13965115282761126,0.0,0.0,0.5889925373134328,0.0,0.0,0,5.615446406016951,Train raw load only,Train/Validation/Test raw availability only; no model or decision metrics,0,0,0,False,
Eagle_office_Katheleen,Office,False,train_missing,15365,720,744,102.43206255776114,34.17999405029605,0.3336845241305383,25.9923,210.7712,159.1198,2.0576682216190534,184.7789,1.8039166193280909,0.8390826399478063,0.8509314037121475,20.232234139887154,0.19751856630318515,21.885023556302084,0.21365403575624753,0.0,0.0,0.04446517412935323,0.0,0.0,0,4.638914996772252,Train raw load only,Train/Validation/Test raw availability only; no model or decision metrics,0,0,0,False,
Eagle_office_Lamont,Office,False,train_missing;test_missing;test_coverage,15374,720,283,32.417401034213604,7.167878424054071,0.22111206313205153,9.826,67.3974,45.706415,2.0790500734117523,57.571400000000004,1.7759412588084607,0.5812638101850958,0.6947360027695876,5.480368646619322,0.16905638551453567,5.435765499183522,0.16768048411550845,0.0,0.0,0.04390547263681592,0.0,0.6196236559139785,0,3.5090767533632907,Train raw load only,Train/Validation/Test raw availability only; no model or decision metrics,0,0,0,False,
Eagle_office_Lane,Office,False,train_missing;test_missing;test_coverage,15879,720,729,46.96271805529315,11.616388551116493,0.2473534120712422,20.0,82.0,68.0,1.7460658879125035,62.0,1.3201961591533564,0.8076373663822429,0.8245573901809493,7.050474162463182,0.15012917595957853,7.625231935522138,0.16236777280532,0.0,0.0,0.0125,0.0,0.020161290322580645,0,3.8704240019331952,Train raw load only,Train/Validation/Test raw availability only; no model or decision metrics,0,0,0,False,
Eagle_office_Lillian,Office,False,train_missing;test_missing;test_coverage,15524,720,729,53.442449246328266,38.76484201384048,0.7253567634066433,10.2779,174.6403,119.9378,3.267819915869566,164.3624,3.075502757039011,0.9648743826913664,0.953329193687311,4.982013848679742,0.09322203452383927,37.72322269443822,0.7058662772090292,0.0,0.0,0.0345771144278607,0.0,0.020161290322580645,0,3.9971441666009424,Train raw load only,Train/Validation/Test raw availability only; no model or decision metrics,0,0,0,False,
Eagle_office_Mable,Office,False,test_missing;test_coverage,15958,720,741,16.105351604211055,4.628524163953875,0.28739044497132604,7.3599,32.4814,24.322005,2.0168078784139745,25.1215,1.5598231331647239,0.6531791859122444,0.8537965685989573,4.022340427367444,0.24975179221270313,3.821639083707403,0.23729001251411125,0.0,0.0,0.007587064676616915,0.0,0.004032258064516129,0,2.8393913738576524,Train raw load only,Train/Validation/Test raw availability only; no model or decision metrics,0,0,0,False,
Eagle_office_Mandi,Office,False,train_missing;test_missing;test_coverage,15377,720,283,17.189478793002536,1.8853541145084647,0.10968070278407462,6.2427,22.7895,20.6835,1.3257819084821298,16.5468,0.962612083778587,0.5997049606865531,0.7895915856613795,1.695844722030099,0.09865597104203302,1.233370708796202,0.07175148959712964,0.0016258047733628146,0.0,0.043718905472636814,0.0,0.6196236559139785,0,2.900843338628722,Train raw load only,Train/Validation/Test raw availability only; no model or decision metrics,0,0,0,False,
Eagle_office_Marisela,Office,False,train_missing;test_missing;test_coverage,15357,720,283,140.23618450218143,30.521819100229663,0.21764581807882033,10.7584,276.2033,196.85451999999998,1.9695580065906853,265.4449,1.892841715155698,0.622894656481401,0.7556659085639963,23.948095673348618,0.17076973220828107,21.679402759197174,0.15459207504936034,0.0,0.0,0.04496268656716418,0.0,0.6196236559139785,0,4.95043355640884,Train raw load only,Train/Validation/Test raw availability only; no model or decision metrics,0,0,0,False,
Eagle_office_Michele,Office,False,train_missing;sufficient_train,6610,720,744,167.2408472012103,25.699033609854567,0.1536648135902805,92.0,293.0,211.54999999999927,1.7519643370825952,201.0,1.201859494039596,0.4986465751925641,0.4508165076180352,12.480556838504214,0.07462624739928903,23.67933499355151,0.14158822673902446,0.000302571860816944,0.0,0.5889303482587065,0.0,0.0,0,5.125396567052297,Train raw load only,Train/Validation/Test raw availability only; no model or decision metrics,0,0,0,False,
Eagle_office_Nereida,Office,False,train_missing;test_missing;test_coverage,15468,720,283,166.61331921386088,32.499583882200916,0.19505993899854565,8.2,254.3625,222.852175,1.526663661705859,246.16250000000002,1.477447908495429,0.5278985123016364,0.6894810901409907,29.849868658534234,0.17915655722709453,22.916339097379034,0.1375420596955047,0.0,0.0,0.03805970149253731,0.0,0.6196236559139785,0,5.1216596551401565,Train raw load only,Train/Validation/Test raw availability only; no model or decision metrics,0,0,0,False,
Eagle_office_Norbert,Office,False,train_missing;test_missing;test_coverage,15397,720,283,97.38306176527894,27.64159811801857,0.2838440034329865,41.1472,215.0399,154.75798,2.208185860065765,173.8927,1.7856565284333654,0.5905561677415229,0.8094287278365169,25.232712433962035,0.2591078158415279,17.416809085830195,0.17884844417615142,6.494771708774437e-05,0.0,0.04247512437810945,0.0,0.6196236559139785,0,4.588868652709296,Train raw load only,Train/Validation/Test raw availability only; no model or decision metrics,0,0,0,False,
Eagle_office_Patrice,Office,False,train_missing,15901,720,744,85.45636123514245,23.937418760614424,0.2801127782020582,53.4,188.7,133.3,2.208144569609879,135.29999999999998,1.583264230356209,0.7495609990591283,0.8780081425958794,18.865182900699395,0.22075808784778228,15.628662146584375,0.18288471356252128,0.0,0.0,0.0111318407960199,0.0,0.0,0,4.459639792246305,Train raw load only,Train/Validation/Test raw availability only; no model or decision metrics,0,0,0,False,
Eagle_office_Phyllis,Office,False,train_missing;test_missing;test_coverage,15377,720,283,41.765405878910066,4.580779564648687,0.10967879919399527,15.1679,55.372,50.2551,1.3257862298893819,40.2041,0.962617246353675,0.5997404280104159,0.7896414011569935,4.120229053981831,0.09865171826481373,2.9966937606723705,0.07175061986373718,0.0016258047733628146,0.0,0.043718905472636814,0.0,0.6196236559139785,0,3.755729501901072,Train raw load only,Train/Validation/Test raw availability only; no model or decision metrics,0,0,0,False,
Eagle_office_Randolph,Office,False,causal_feature_protocol_incomplete,15994,720,744,109.95279264099037,36.19428612830697,0.3291802350712987,8.56,261.38,166.98648499999993,2.3772020129896876,252.82,2.2993504205526545,0.7698036483320645,0.8280737254868145,26.019925470044896,0.23664633562335438,23.13209201632608,0.21038203269520636,0.0,0.0,0.005348258706467662,0.0,0.0,0,4.709104819327636,Train raw load only,Train/Validation/Test raw availability only; no model or decision metrics,10925,720,720,False,
Eagle_office_Remedios,Office,False,train_missing;test_missing;test_coverage,15385,720,283,89.00648836529086,14.561585957446882,0.16360139833497064,13.94,155.3089,115.69278,1.7449166106025653,141.3689,1.5882988150235626,0.5726268518416673,0.741312820493828,12.255164316451513,0.13768843756822743,9.7037322132017,0.10902275094121999,0.0015599610009749756,0.0,0.04322139303482587,0.0,0.6196236559139785,0,4.4998817606793695,Train raw load only,Train/Validation/Test raw availability only; no model or decision metrics,0,0,0,False,
Eagle_office_Ryan,Office,False,train_missing,15859,720,744,26.490320953401852,7.857169958676441,0.2966053137860315,4.0,65.0,41.0,2.45372640498917,61.0,2.302727856989836,0.6487681176412866,0.7289028540564787,5.327461956282733,0.20110975498009537,5.807347455503489,0.21922525837716275,0.0,0.0,0.013743781094527363,0.0,0.0,0,3.313833977387349,Train raw load only,Train/Validation/Test raw availability only; no model or decision metrics,0,0,0,False,
Eagle_office_Sheree,Office,False,causal_feature_protocol_incomplete,15935,720,744,42.46915594603075,17.75175997258008,0.41799182435221416,12.0,90.0,72.0,2.1191850413596827,78.0,1.8366270358450585,0.8028109248413847,0.864348617223567,11.241138505944875,0.264689472996119,11.041846293228053,0.2599968388177972,0.0,0.0,0.009017412935323384,0.0,0.0,0,3.7720516278816802,Train raw load only,Train/Validation/Test raw availability only; no model or decision metrics,9815,720,720,False,
Eagle_office_Sonya,Office,False,train_missing,15901,720,744,181.97214011697378,34.958804633265416,0.19211075173811495,85.0,306.0,234.0,1.6815760907317994,221.0,1.2144716210840774,0.8343422959792326,0.8693874071308825,16.674377739086594,0.09163148671202148,19.788947031976225,0.10874712480303668,0.0,0.0,0.0111318407960199,0.0,0.0,0,5.209333901453809,Train raw load only,Train/Validation/Test raw availability only; no model or decision metrics,0,0,0,False,
Eagle_office_Tia,Office,False,train_missing;test_missing;test_coverage,15348,720,282,187.388264614282,40.2640696880768,0.21486975062689187,68.3999,337.1136,260.5709,1.7990112704971735,268.7137,1.4339942821559153,0.7918752172854909,0.7274996931894812,26.564596410751648,0.14176232682143639,33.42214810143174,0.178357743854598,0.0,0.0,0.04552238805970149,0.0,0.6209677419354839,0,5.238505070469066,Train raw load only,Train/Validation/Test raw availability only; no model or decision metrics,0,0,0,False,
Eagle_office_Yadira,Office,False,train_missing;test_missing;test_coverage,15909,720,729,132.26103366647808,47.09974155303435,0.35611200251016867,45.6337,270.8196,223.6029,2.0476144219689396,225.18589999999998,1.7025868750417452,0.834212273986999,0.8966961755465195,29.12058652779544,0.22017510161933757,27.785187502015642,0.21007840882357987,0.0,0.0,0.010634328358208956,0.0,0.020161290322580645,0,4.892309863869114,Train raw load only,Train/Validation/Test raw availability only; no model or decision metrics,0,0,0,False,
Fox_office_Alice,Office,False,test_missing;test_coverage,16077,720,743,362.0048603595198,38.181896928001855,0.1054734372629198,76.93,473.66,430.58,1.3084354710861936,396.73,1.0959245121902326,0.7489909561879602,0.8734417280078594,33.38092608666284,0.09221126493581071,24.433324565452796,0.0674944655195712,0.0013062138458667662,0.0,0.00018656716417910448,0.0,0.0013440860215053765,0,5.894416223595378,Train raw load only,Train/Validation/Test raw availability only; no model or decision metrics,0,0,0,False,
Fox_office_Bernard,Office,False,test_missing;test_coverage,16077,720,743,133.2210990856503,17.061781353714004,0.12807116493420212,24.8,215.72,156.96199999999993,1.619263025756225,190.92,1.4331063270785207,0.8245665257263771,0.7435759185565697,2.9764507264919757,0.022342187137927457,12.477719801997898,0.09366173892602207,0.0013062138458667662,0.0,0.00018656716417910448,0.0,0.0013440860215053765,0,4.899488433384171,Train raw load only,Train/Validation/Test raw availability only; no model or decision metrics,0,0,0,False,
Fox_office_Berniece,Office,False,validation_missing;validation_coverage,16061,719,744,27.620511176140965,13.997949556996355,0.5067954560192212,0.42,86.23,57.8,3.1219552545604894,85.81,3.106749163792596,0.7504769182656099,0.8752492961412399,11.671719166713942,0.42257433587239895,12.290496284726089,0.4449771478285606,0.0005603636137226823,0.0,0.001181592039800995,0.001388888888888889,0.0,0,3.3541236347703736,Train raw load only,Train/Validation/Test raw availability only; no model or decision metrics,0,0,0,False,
Fox_office_Brandy,Office,False,test_missing;test_coverage,16071,720,743,32.93256362391886,22.401473561909388,0.6802225850901944,1.72,115.57,81.91,3.5092925446004974,113.85,3.457064603294684,0.7754509596672149,0.9332027747548183,18.898167639969873,0.5738444129580051,14.984890013475876,0.45501741633598114,0.0,0.0,0.0005597014925373135,0.0,0.0013440860215053765,0,3.5243751322024113,Train raw load only,Train/Validation/Test raw availability only; no model or decision metrics,0,0,0,False,
Fox_office_Carson,Office,False,test_missing;test_coverage,16077,720,743,51.36802015301362,15.834259874118414,0.30825131719991866,2.57,99.61,74.91399999999997,1.939144232214606,97.04,1.8891131040468365,0.8555966900303269,0.8336904721507995,6.789776442770545,0.1321790565909558,9.12367293178186,0.17761387152170785,0.0,0.0,0.00018656716417910448,0.0,0.0013440860215053765,0,3.958296102593261,Train raw load only,Train/Validation/Test raw availability only; no model or decision metrics,0,0,0,False,
Fox_office_Clayton,Office,True,,16078,720,744,89.92681179251151,39.29502373086806,0.4369667171291875,8.65,216.27,152.4615,2.4049557155323225,207.62,2.308766383034266,0.9101626643339588,0.9162050935189209,15.758826093422314,0.17524057374326485,24.34181723877774,0.270684757455226,0.0,0.0,0.0001243781094527363,0.0,0.0,0,4.510054916905064,Train raw load only,Train/Validation/Test raw availability only; no model or decision metrics,15402,720,720,False,
Fox_office_Demetrius,Office,False,test_missing;test_coverage,16065,720,741,121.24317958294428,45.6611216610678,0.3766077549115276,1.25,373.56,206.87399999999985,3.0810805299315165,372.31,3.070770671642582,0.6608885275153568,0.7410278658918362,31.688112618030175,0.2613599604285523,42.21120607663078,0.3481532422840615,0.0014939309056956115,0.0,0.0009328358208955224,0.0,0.004032258064516129,0,4.8060123360660585,Train raw load only,Train/Validation/Test raw availability only; no model or decision metrics,0,0,0,False,
Fox_office_Easter,Office,False,validation_missing;test_missing;validation_coverage;test_coverage,15979,717,739,22.842791789223355,11.082538537117872,0.4851656767429947,3.18,83.97,41.12,3.675995507677608,80.78999999999999,3.5367831018848865,0.6443170194253043,0.9125141486572316,12.083531331263318,0.5289866248732354,7.639105175800431,0.33442082063736034,0.0,0.0,0.0062810945273631845,0.004166666666666667,0.006720430107526882,0,3.1714819405935217,Train raw load only,Train/Validation/Test raw availability only; no model or decision metrics,0,0,0,False,
Fox_office_Edythe,Office,False,test_missing;test_coverage,16079,720,743,114.20425586168294,22.22223689835088,0.19458326426350578,20.94,184.62,158.88099999999997,1.6165772335454838,163.68,1.4332215447228078,0.658687086393803,0.8268232335921439,24.5181630965224,0.214686947623189,17.182129432172154,0.15045086807432181,0.0,0.0,6.218905472636816e-05,0.0,0.0013440860215053765,0,4.746706690823181,Train raw load only,Train/Validation/Test raw availability only; no model or decision metrics,0,0,0,False,
Fox_office_Essie,Office,False,validation_missing;test_missing;validation_coverage;test_coverage,16064,719,742,36.51592255976096,35.723583235709775,0.978301538931285,0.23,164.32,116.00249999999993,4.49995477263592,164.09,4.493656150449295,0.9145891342837377,0.8941827491788087,10.059181533980674,0.2754738434313988,30.55076153422228,0.8366421931206514,0.0,0.0,0.0009950248756218905,0.001388888888888889,0.002688172043010753,0,3.6247654444522426,Train raw load only,Train/Validation/Test raw availability only; no model or decision metrics,0,0,0,False,
Fox_office_Gaylord,Office,False,train_missing,15828,720,744,165.88211397523375,80.76845624008027,0.4869027425834411,10.63,456.84,337.7195,2.7540039673488024,446.21,2.6899223147506985,0.8288921438335917,0.9394855146566171,61.20818789045795,0.3689860613881274,48.97583203893678,0.29524480286192206,0.0,0.0,0.015671641791044775,0.0,0.0,0,5.1172876588090555,Train raw load only,Train/Validation/Test raw availability only; no model or decision metrics,0,0,0,False,
Fox_office_Israel,Office,False,test_missing;test_coverage,16077,720,743,121.78582820177894,29.491266655790817,0.2421568017497789,2.33,205.91,176.79199999999997,1.6907550167400531,203.57999999999998,1.671623069826332,0.7093936617211105,0.8156100475905002,26.70316127402853,0.21926328923744573,22.28048880515695,0.18294812404807784,0.0,0.0,0.00018656716417910448,0.0,0.0013440860215053765,0,4.8104416035303394,Train raw load only,Train/Validation/Test raw availability only; no model or decision metrics,0,0,0,False,
Fox_office_Joy,Office,True,,16071,720,744,185.83257046854584,42.08157762922709,0.2264488809637913,15.15,336.59,265.77,1.8112540721540062,321.44,1.729729073808443,0.878519396272204,0.9295164532713641,25.61031537212571,0.1378139220027661,31.866820255333305,0.17148135106233764,0.0,0.0,0.0005597014925373135,0.0,0.0,0,5.230212870705773,Train raw load only,Train/Validation/Test raw availability only; no model or decision metrics,15213,720,720,False,
Fox_office_Juana,Office,False,validation_missing;test_missing;validation_coverage;test_coverage,15939,719,697,18.935884308927786,9.390949416186062,0.4959340299601677,2.77,75.25,34.170999999999985,3.9739364041488967,72.48,3.8276532966473362,0.6579898776113294,0.8437109298232377,8.747276988791667,0.4619418267499421,5.363842135490664,0.28326335585826057,0.005458309806135893,0.0,0.00876865671641791,0.001388888888888889,0.06317204301075269,0,2.992521339464598,Train raw load only,Train/Validation/Test raw availability only; no model or decision metrics,0,0,0,False,
Fox_office_Karima,Office,True,,16078,720,744,72.40999253638512,40.08940677289148,0.5536446748388636,5.28,137.74,123.5615,1.9022236458702488,132.46,1.8293055331201769,0.7525495971148547,0.9030839822579629,28.551715795158238,0.39430629385593924,23.88453980139725,0.32985143299656555,0.0,0.0,0.0001243781094527363,0.0,0.0,0,4.29606006445241,Train raw load only,Train/Validation/Test raw availability only; no model or decision metrics,15402,720,720,False,
Fox_office_Margarita,Office,False,train_missing,15907,720,744,19.635078896083485,5.585498049091229,0.28446527149963946,2.3,42.2,29.076999999999988,2.149214689858844,39.900000000000006,2.032077396335732,0.830409805680764,0.8621769583601631,3.734189326979376,0.19017949185445934,4.871780001268829,0.24811614086463282,0.0,0.0,0.010758706467661692,0.0,0.0,0,3.0269924866081146,Train raw load only,Train/Validation/Test raw availability only; no model or decision metrics,0,0,0,False,
Fox_office_Molly,Office,False,validation_missing;test_missing;validation_coverage;test_coverage,16065,719,743,7.525097416744476,5.46310545268997,0.7259846816778394,0.08,36.03,19.57,4.787977883160399,35.95,4.777346791551938,0.7000615799523504,0.8383417014102902,4.482407018624619,0.5956609955175581,4.05019428734934,0.5382248312609279,0.009150326797385621,0.0,0.0009328358208955224,0.001388888888888889,0.0013440860215053765,0,2.1430144502883937,Train raw load only,Train/Validation/Test raw availability only; no model or decision metrics,0,0,0,False,
Fox_office_Rowena,Office,False,causal_feature_protocol_incomplete,16057,720,744,37.290414149592074,13.281047601512999,0.35615178603904785,0.34,85.58,63.10999999999995,2.2949597624926397,85.24,2.2858421378227693,0.7883619348474977,0.8055817961301853,9.90075136736494,0.26550392622746577,9.946880335752159,0.26674094569853335,0.0,0.0,0.0014303482587064676,0.0,0.0,0,3.64519958156004,Train raw load only,Train/Validation/Test raw availability only; no model or decision metrics,14703,720,720,False,
Fox_office_Sheila,Office,False,causal_feature_protocol_incomplete,16074,720,744,9.48580627099664,4.70838226661143,0.49636078706430686,0.07,27.83,18.89,2.9338570918417037,27.759999999999998,2.926477645329705,0.8860107955992578,0.7896923718108259,1.3268965106098225,0.13988231181432406,4.228407168246878,0.4457614932718433,0.0,0.0,0.00037313432835820896,0.0,0.0,0,2.3500225589650507,Train raw load only,Train/Validation/Test raw availability only; no model or decision metrics,14879,720,720,False,
Fox_office_Susanne,Office,True,,16077,720,744,18.052145922746778,9.729146448264865,0.5389468094208989,2.02,58.91,38.54,3.2633239423225517,56.88999999999999,3.151425888282634,0.7613781694585194,0.8818152230839775,8.049631067042023,0.4459099268026085,7.784447086541682,0.4312200399805552,6.220065932698886e-05,0.0,0.00018656716417910448,0.0,0.0,0,2.9471797420918766,Train raw load only,Train/Validation/Test raw availability only; no model or decision metrics,15367,720,720,False,
Fox_office_Thelma,Office,True,,16078,720,744,124.5112905834059,45.67527488813292,0.36683641036984194,9.5,221.92,201.03,1.782328325087461,212.42,1.706030023499813,0.7032963163535687,0.9157149578798617,45.8302282026133,0.36808090244565556,28.341792883175753,0.22762428009844252,0.0,0.0,0.0001243781094527363,0.0,0.0,0,4.832395719333263,Train raw load only,Train/Validation/Test raw availability only; no model or decision metrics,15402,720,720,False,
Fox_office_Vicki,Office,True,,16069,720,744,148.33578816354472,36.634911002821276,0.24697284085233817,2.57,261.24,217.57,1.761139393495351,258.67,1.743813837526575,0.8344733674961524,0.9156551795789576,28.09421813989013,0.18939608902010485,28.190581462961983,0.1900457186493728,0.0,0.0,0.0006840796019900498,0.0,0.0,0,5.006197382206929,Train raw load only,Train/Validation/Test raw availability only; no model or decision metrics,15007,720,720,False,
Fox_office_Yong,Office,False,causal_feature_protocol_incomplete,16070,720,744,135.89212570006222,42.75638469641445,0.31463474779094486,4.4,304.15,209.9055,2.2381723623288696,299.75,2.2057937386423765,0.6976300546087503,0.8710017969304679,45.267766714120796,0.3331154508101132,37.440432088675635,0.27551583210430636,0.0,0.0,0.0006218905472636816,0.0,0.0,0,4.919193212013863,Train raw load only,Train/Validation/Test raw availability only; no model or decision metrics,14875,720,720,False,
Fox_office_Zachary,Office,False,test_missing;test_coverage,16067,720,741,165.52480425717312,59.306861570717366,0.35829591726067406,25.51,450.4,278.89399999999995,2.7210423357469797,424.89,2.5669264610025184,0.8029898950810264,0.7658225951219984,39.261817572242364,0.23719597644859278,55.47427031941985,0.3351417364205452,0.0,0.0,0.000808457711442786,0.0,0.004032258064516129,0,5.115144272842453,Train raw load only,Train/Validation/Test raw availability only; no model or decision metrics,0,0,0,False,
Gator_office_August,Office,False,train_missing;validation_missing;test_missing;validation_coverage;test_coverage,14112,696,408,59.94614455782313,18.612182671073697,0.310481730032207,3.75,118.75,92.9167,1.9809447442521606,115.0,1.9183885944336714,0.5248804880669545,0.4828364978892268,4.709301016968439,0.07855886398875776,18.612182671073697,0.310481730032207,0.0,0.0,0.12238805970149254,0.03333333333333333,0.45161290322580644,0,4.1099905981074025,Train raw load only,Train/Validation/Test raw availability only; no model or decision metrics,0,0,0,False,
Gator_office_Betty,Office,False,train_missing,14806,720,744,31.082263926786435,9.242511035226016,0.29735642992404093,4.375,68.5833,44.0417,2.2065091578125196,64.2083,2.065753644948167,0.31816525321384753,0.23175952662682037,2.974322962788502,0.09569196664034679,9.242713280267548,0.2973629366907941,0.0,0.0,0.07922885572139303,0.0,0.0,0,3.4683033517921444,Train raw load only,Train/Validation/Test raw availability only; no model or decision metrics,0,0,0,False,
Gator_office_Carrie,Office,False,train_missing;validation_missing;test_missing;validation_coverage;test_coverage,12550,0,0,953.1903575936255,179.9275157568431,0.18876346610458658,86.3333,1745.375,1150.9584,1.831087553598719,1659.0417,1.7405145643608164,0.3235131206782704,0.03398758408729847,22.075536152964673,0.023159630158969942,177.88552333263124,0.18662119472306846,0.045816733067729085,0.0,0.21952736318407962,1.0,1.0,0,6.860863187805236,Train raw load only,Train/Validation/Test raw availability only; no model or decision metrics,0,0,0,False,
Gator_office_Hunter,Office,False,train_missing;validation_missing;test_missing;validation_coverage;test_coverage,14470,696,696,39.49801141672425,11.337328430281906,0.2870354233955549,0.1434,56.7687,52.8238,1.4372546354564826,56.6253,1.4336240729330416,0.3476827796363064,0.3625636349592314,1.8020782311234669,0.04562453061524081,11.342246403509927,0.28715993531531037,0.0,0.0,0.10012437810945274,0.03333333333333333,0.06451612903225806,0,3.7012528720853854,Train raw load only,Train/Validation/Test raw availability only; no model or decision metrics,0,0,0,False,
Gator_office_Julie,Office,False,train_missing;validation_missing;test_missing;validation_coverage;test_coverage,15022,672,696,8.054587784582612,2.9220200371569716,0.3627771048383192,0.3333,15.3333,12.5,1.9036728396392504,15.0,1.8622926959355623,0.5100879865396732,0.3702694261171022,0.6663295026929958,0.08272670439676945,2.9235376887730147,0.36296552560628803,0.0,0.0,0.06579601990049751,0.06666666666666667,0.06451612903225806,0,2.2032715667853577,Train raw load only,Train/Validation/Test raw availability only; no model or decision metrics,0,0,0,False,
Gator_office_Lisa,Office,False,train_missing,14878,720,744,188.18120925527623,39.82395431126782,0.21162556276936687,15.0,414.1667,221.25,2.2008929671514883,399.1667,2.1211825642937203,0.2884236300897538,0.08427640651944018,-5.099325271481121,-0.02709795144617047,39.876370913507365,0.21190410600143017,0.0467804812474795,0.0,0.07475124378109453,0.0,0.0,0,5.242705334852957,Train raw load only,Train/Validation/Test raw availability only; no model or decision metrics,0,0,0,False,
Gator_office_Lucy,Office,False,train_missing;test_missing;test_coverage,14614,720,672,235.60927813055972,188.23696045859072,0.798936960174725,0.0833,837.1667,435.5,3.5531992060859987,837.0834,3.5528456546441327,0.9066061774266703,0.8597887797783906,3.4268760602934663,0.014544741563167598,188.30783790847758,0.7992377864004546,0.0,0.0,0.09116915422885573,0.0,0.0967741935483871,0,5.466410165190298,Train raw load only,Train/Validation/Test raw availability only; no model or decision metrics,0,0,0,False,
Gator_office_Merle,Office,False,train_missing;validation_missing;validation_coverage,13607,696,744,1.3391643565811713,0.5894217776252624,0.4401414768311417,0.0417,3.2083,2.2083,2.3957477543612726,3.1666,2.3646089327557918,0.704969658351993,0.5328227333286404,0.04194335879330291,0.03132054597120737,0.5894751044091481,0.4401812977714345,0.0,0.0,0.15379353233830845,0.03333333333333333,0.0,0,0.8497937530175816,Train raw load only,Train/Validation/Test raw availability only; no model or decision metrics,0,0,0,False,
Hog_office_Alisha,Office,False,train_missing,11077,720,744,12.391569016881828,2.4354004260523374,0.1965368891327995,4.795,21.44,16.99,1.7302086580634717,16.645000000000003,1.3432520108892954,0.9023133445575352,0.8425378881782288,0.34178819663955373,0.02758231795940561,2.3097659808242064,0.1863981855467588,0.0,0.0,0.3111318407960199,0.0,0.0,0,2.5946253310967835,Train raw load only,Train/Validation/Test raw availability only; no model or decision metrics,0,0,0,False,
Hog_office_Almeda,Office,True,,16080,720,744,61.37805708955224,24.06314337700528,0.3920479812825698,3.841,139.668,104.15234999999997,2.2755363500056807,135.827,2.21295698235975,0.6600385047220634,0.7486902210928837,24.215110938589618,0.3945239078398835,17.10528092712269,0.2786872334874599,0.0,0.0,0.0,0.0,0.0,0,4.133213564326408,Train raw load only,Train/Validation/Test raw availability only; no model or decision metrics,15744,720,720,False,
Hog_office_Bessie,Office,True,,16080,720,744,78.563184079602,29.234544120973386,0.37211506207987044,25.0,187.0,133.0,2.3802497593596432,162.0,2.0620345508891025,0.7503890787560109,0.8934882011325118,27.72021098471641,0.352839708693956,17.504981584273988,0.2228140545645088,0.0,0.0,0.0,0.0,0.0,0,4.376551474296084,Train raw load only,Train/Validation/Test raw availability only; no model or decision metrics,15744,720,720,False,
Hog_office_Betsy,Office,True,,16080,720,744,686.2513386815921,490.8959672861276,0.7153297044625427,86.461,2522.584,1731.0115,3.675889368531246,2436.123,3.549899086069858,0.8293891218204987,0.6577451811301345,108.32915842740294,0.15785638922835774,465.1551488682706,0.6778203883170769,0.0,0.0,0.0,0.0,0.0,0,6.532700074925003,Train raw load only,Train/Validation/Test raw availability only; no model or decision metrics,15744,720,720,False,
Hog_office_Bill,Office,True,,16080,720,744,298.57533899253735,94.64596085094679,0.3169918894517688,85.275,595.904,461.89894999999996,1.9958245781808996,510.629,1.7102182709495735,0.8474263135093264,0.8030431219098266,45.21087134799217,0.15142198783243171,88.1371165502514,0.29519221797636247,0.0,0.0,0.0,0.0,0.0,0,5.702365935146133,Train raw load only,Train/Validation/Test raw availability only; no model or decision metrics,15744,720,720,False,
Hog_office_Bryan,Office,False,train_missing;sufficient_train,7209,720,744,95.74225690109584,33.789534772842046,0.3529218535943589,37.605,183.5,156.4,1.9166040778583286,145.895,1.5238308007582608,0.671575628260839,0.9140840949992675,35.498218144732974,0.370768553966756,22.433441258577727,0.23431076292417083,0.0,0.0,0.5516791044776119,0.0,0.0,0,4.572050296677141,Train raw load only,Train/Validation/Test raw availability only; no model or decision metrics,0,0,0,False,
Hog_office_Buford,Office,False,validation_missing;validation_coverage,15938,695,744,1.4590574727067385,0.5807538076949235,0.3980335377862469,0.4539999999999999,4.857,2.5792999999999995,3.3288613305887416,4.4030000000000005,3.017701552106698,0.8360198717665033,0.45167299964887453,0.03127244079123104,0.021433316628176855,0.5228895428184867,0.35837487734356316,0.007905634333040533,0.0,0.008830845771144279,0.034722222222222224,0.0,0,0.8997781353508151,Train raw load only,Train/Validation/Test raw availability only; no model or decision metrics,0,0,0,False,
Hog_office_Candi,Office,True,,16049,720,744,308.095142688018,80.14800868436194,0.26014044877533526,93.91,506.147,451.27439999999996,1.6428269384062717,412.23699999999997,1.3380184978035752,0.7876229549090424,0.8199255067267566,67.600076724036,0.21941299085162438,63.73877084706172,0.20688015491242137,0.0,0.0,0.001927860696517413,0.0,0.0,0,5.733649134643903,Train raw load only,Train/Validation/Test raw availability only; no model or decision metrics,15490,720,720,False,
Hog_office_Carri,Office,False,causal_feature_protocol_incomplete,16007,720,744,35.39737533579059,13.263819079030496,0.3747119370632922,10.7335,97.05,60.8764,2.7417287038757334,86.31649999999999,2.4385000068839746,0.7968593311271598,0.85307728781363,9.450654583758261,0.26698743887382587,9.336038696531807,0.2637494618730123,0.0,0.0,0.004539800995024876,0.0,0.0,0,3.5944966658833217,Train raw load only,Train/Validation/Test raw availability only; no model or decision metrics,14037,720,720,False,
Hog_office_Catalina,Office,False,causal_feature_protocol_incomplete,15946,720,744,48.18239364103851,36.63430456457302,0.7603255420953267,6.934,410.179,123.44125,8.513047381079822,403.24499999999995,8.369135892338546,0.7401405376362016,0.5245450404086206,14.789662421032595,0.3069515917207517,34.516344969968095,0.7163684151334774,0.021071115013169446,0.0,0.008333333333333333,0.0,0.0,0,3.89553570662924,Train raw load only,Train/Validation/Test raw availability only; no model or decision metrics,14550,720,720,False,
Hog_office_Catharine,Office,False,train_missing,15622,720,744,445.2712782742286,139.3584834734077,0.3129743378318266,171.525,1059.216,786.4806999999998,2.37881051772592,887.6909999999999,1.9935959117787492,0.3797449030188195,0.19875907636399967,33.64944145206903,0.07557065342837,94.31323879419377,0.2118107396455722,0.04832927922161055,0.0,0.02848258706467662,0.0,0.0,0,6.100927014364314,Train raw load only,Train/Validation/Test raw availability only; no model or decision metrics,0,0,0,False,
Hog_office_Charla,Office,False,validation_missing;validation_coverage,16079,719,744,180.5115026431992,22.14029603361693,0.12265310359406656,78.0655,265.565,221.1146,1.47118048496288,187.4995,1.0387121998015458,0.845333335063818,0.8920481984734588,14.741190026172205,0.08166343867465213,14.746158773416497,0.08169096460608329,0.0,0.0,6.218905472636816e-05,0.001388888888888889,0.0,0,5.20131902714139,Train raw load only,Train/Validation/Test raw availability only; no model or decision metrics,0,0,0,False,
Hog_office_Clemencia,Office,False,train_missing;validation_missing;validation_coverage,15820,719,744,78.48847604298358,14.737327076989681,0.18776421482459288,12.407,436.751,104.0526,5.564523889606632,424.344,5.406449728589601,0.63363723381317,0.7299251490200173,12.665026056579464,0.16136159975438388,9.391848641121083,0.11965895013654887,0.0008217446270543616,0.0,0.01616915422885572,0.001388888888888889,0.0,0,4.375612055719063,Train raw load only,Train/Validation/Test raw availability only; no model or decision metrics,0,0,0,False,
Hog_office_Concetta,Office,False,train_missing;sufficient_train,8676,720,744,15.48478561549101,12.965229023640859,0.8372882483223028,4.0,73.0,45.0,4.714304854629092,69.0,4.45598678040284,0.6595554464864917,0.8221225497631396,11.948209951456313,0.7716096462777825,8.884132470585826,0.5737329977431603,0.0013831258644536654,0.0,0.46044776119402986,0.0,0.0,0,2.8024378716160196,Train raw load only,Train/Validation/Test raw availability only; no model or decision metrics,0,0,0,False,
Hog_office_Cordelia,Office,True,,16079,720,744,26.404056844331116,15.577854266947611,0.5899795761988044,5.4979999999999976,85.895,57.29339999999999,3.2530985865697164,80.39699999999999,3.0448730084922926,0.747366034435908,0.9125782010431748,11.616634921040319,0.4399564426606051,9.050633243244055,0.34277434322321587,0.0,0.0,6.218905472636816e-05,0.0,0.0,0,3.310691062446307,Train raw load only,Train/Validation/Test raw availability only; no model or decision metrics,15573,720,720,False,
Hog_office_Corey,Office,False,causal_feature_protocol_incomplete,15968,720,744,116.15825601202405,44.42260577430416,0.382431755601649,21.087,469.382,183.80034999999998,4.040883671251161,448.295,3.859346854808108,0.5146528694478306,0.8575736810317572,63.25560264511209,0.5445639837995176,37.01749461575135,0.31868156329688274,0.00043837675350701403,0.0,0.006965174129353234,0.0,0.0,0,4.763525636324878,Train raw load only,Train/Validation/Test raw availability only; no model or decision metrics,14726,720,720,False,
Hog_office_Corie,Office,True,,16078,720,744,87.81446697350417,33.83165101588124,0.385262840872098,25.0,212.0,149.0,2.4141807985233883,187.0,2.1294896666220455,0.7708130667162112,0.9241390959135828,28.87113287682844,0.3287742199191346,18.723868699330307,0.21322077494337885,0.0,0.0,0.0001243781094527363,0.0,0.0,0,4.486549553096984,Train raw load only,Train/Validation/Test raw availability only; no model or decision metrics,15570,720,720,False,
Hog_office_Cornell,Office,True,,15933,720,744,1473.2533654678969,461.48080095091916,0.31323926472372626,106.7,5022.14,2359.163,3.4088773307536258,4915.4400000000005,3.3364525852882645,0.8500217903052477,0.7642769578949321,190.21267823579137,0.12911063547808757,386.8595493541179,0.2625886072428917,0.002008410217786983,0.0,0.00914179104477612,0.0,0.0,0,7.295906947711921,Train raw load only,Train/Validation/Test raw availability only; no model or decision metrics,15258,720,720,False,
Hog_office_Cortney,Office,False,train_missing;validation_missing;test_missing;validation_coverage;test_coverage,15413,0,0,75.26163829235061,47.83223196268002,0.6355459839563652,15.5175,192.265,162.804,2.5546215092097095,176.74749999999997,2.348440772886605,0.6854213910666244,0.9448399644309489,51.49606831159076,0.684227309955126,27.527212923577462,0.3657535704531063,0.0,0.0,0.041480099502487565,1.0,1.0,0,4.334170037182541,Train raw load only,Train/Validation/Test raw availability only; no model or decision metrics,0,0,0,False,
Hog_office_Darline,Office,True,,15938,720,744,188.9030828209311,21.854907066692267,0.11569375544500467,7.331,354.07800000000015,227.1266,1.874389738444052,346.7470000000001,1.8355814781948037,0.8471069212445116,0.775420430671817,3.7651033665567297,0.019931402443684965,21.70402088158427,0.11489500625121292,0.003952817166520266,0.0,0.008830845771144279,0.0,0.0,0,5.24651385160396,Train raw load only,Train/Validation/Test raw availability only; no model or decision metrics,15095,720,720,False,
Hog_office_Denita,Office,True,,16080,720,744,58.311090360696525,29.465528096292278,0.5053160198862094,12.008,141.458,112.19715,2.4259193084022153,129.45,2.2199893570718285,0.7159954652141916,0.9368216380689943,29.942970668620703,0.5135038717918262,17.21438322474335,0.2952162807839789,0.0,0.0,0.0,0.0,0.0,0,4.082796309777022,Train raw load only,Train/Validation/Test raw availability only; no model or decision metrics,15744,720,720,False,
Hog_office_Elizbeth,Office,False,causal_feature_protocol_incomplete,16058,720,744,138.9960875576037,22.077329380217396,0.15883417848770714,24.66,243.401,181.04604999999998,1.7511356202679311,218.741,1.573720554611639,0.7286647932105194,0.9076066991859523,20.611684443056845,0.14828967350980157,13.122320577208617,0.09440784131258642,0.0,0.0,0.0013681592039800996,0.0,0.0,0,4.941614476201691,Train raw load only,Train/Validation/Test raw availability only; no model or decision metrics,14838,720,720,False,
Hog_office_Elke,Office,True,,16068,720,744,65.1608787652477,30.318899431014657,0.4652929795536253,3.0,141.0,122.0,2.1638750531277307,138.0,2.1178351583803323,0.7051477987046294,0.9497455292681344,31.942776732475266,0.49021402623427063,17.744964574724744,0.27232543377221424,0.0,0.0,0.0007462686567164179,0.0,0.0,0,4.192089333052372,Train raw load only,Train/Validation/Test raw availability only; no model or decision metrics,15316,720,720,False,
Hog_office_Elnora,Office,True,,16079,720,744,700.7270798557124,99.32922124233207,0.14175165210224938,283.0265,1033.64,864.9144,1.4750964101641943,750.6135000000002,1.071192368010895,0.8282970424679236,0.7008390480894486,40.79464334396232,0.058217592150659275,97.78622481490095,0.13954965867030034,0.0,0.0,6.218905472636816e-05,0.0,0.0,0,6.5535445532988525,Train raw load only,Train/Validation/Test raw availability only; no model or decision metrics,15573,720,720,False,
Hog_office_Eloise,Office,True,,16079,720,744,324.51413253311773,49.26165042986482,0.15180124836269654,99.29,441.253,399.69829999999996,1.359734309737554,341.96299999999997,1.053769206692721,0.9117199684170961,0.9556966168760515,27.772109973142847,0.0855805870652139,21.523950847312932,0.06632669794470766,0.0,0.0,6.218905472636816e-05,0.0,0.0,0,5.785405878626578,Train raw load only,Train/Validation/Test raw availability only; no model or decision metrics,15573,720,720,False,
Hog_office_Elsy,Office,True,,16072,720,744,27.257544611747136,7.548941661173603,0.2769487042468326,10.161,58.611,42.237249999999996,2.150267048439151,48.449999999999996,1.7774895240974709,0.6527975520830874,0.8083647689324814,7.605301850418215,0.27901639559788416,5.657423394317012,0.20755440282316706,0.0,0.0,0.0004975124378109452,0.0,0.0,0,3.3413604878392533,Train raw load only,Train/Validation/Test raw availability only; no model or decision metrics,15197,720,720,False,
Hog_office_Emmanuel,Office,False,causal_feature_protocol_incomplete,15947,720,744,27.947570514830375,7.029940417909681,0.2515403052361651,3.831,70.51899999999998,39.89969999999999,2.5232604731269603,66.68799999999997,2.386182368324717,0.9043092210913961,0.9069084656221906,2.6340441653416704,0.09424948633527609,3.0938205110202825,0.11070087503235915,6.270771932024833e-05,0.0,0.008271144278606965,0.0,0.0,0,3.365486280457119,Train raw load only,Train/Validation/Test raw availability only; no model or decision metrics,14490,720,720,False,
Hog_office_Garrett,Office,False,test_missing;test_coverage,16077,720,572,393.7488156372458,199.43874547904005,0.5065126231713662,109.0215,1271.343,851.2671999999997,3.2288173310247292,1162.3215,2.9519364981933744,0.7064882700975975,0.6543905723395865,126.2714184739047,0.3206902813651545,150.51533306090104,0.38226231313815123,0.0001866019779809666,0.0,0.00018656716417910448,0.0,0.23118279569892472,0,5.978249652845616,Train raw load only,Train/Validation/Test raw availability only; no model or decision metrics,0,0,0,False,
Hog_office_Guadalupe,Office,True,,16079,720,744,46.95758442689222,22.082047070465666,0.47025517474913936,17.0,139.0,95.0,2.960118193822505,122.0,2.59808934997371,0.7478736493849539,0.8807031788952102,19.236245640425366,0.4096515158349783,15.639943932361803,0.3330653423348782,6.219292244542571e-05,0.0,6.218905472636816e-05,0.0,0.0,0,3.870316962479128,Train raw load only,Train/Validation/Test raw availability only; no model or decision metrics,15573,720,720,False,
Hog_office_Gustavo,Office,True,,16080,720,744,510.10609004975123,363.333432903495,0.712270329625076,19.3355,1205.446,1003.1854,2.363128030646392,1186.1105,2.3252231705061925,0.9722018688537066,0.9715783931438255,98.35968752996416,0.19282202163156106,348.54593201764266,0.6832812601465875,0.0,0.0,0.0,0.0,0.0,0,6.236577181277009,Train raw load only,Train/Validation/Test raw availability only; no model or decision metrics,15744,720,720,False,
Hog_office_Josefina,Office,True,,16079,720,744,181.35634890229494,34.863936753431474,0.19223995721381826,61.3885,291.389,242.9332,1.606720700784425,230.00050000000002,1.268224142094479,0.7400018643486187,0.8411442470445453,32.305064346481515,0.17813031935201645,23.35254586460645,0.1287660785296662,0.0,0.0,6.218905472636816e-05,0.0,0.0,0,5.205962733771126,Train raw load only,Train/Validation/Test raw availability only; no model or decision metrics,15573,720,720,False,
Hog_office_Judith,Office,False,train_missing;sufficient_train,1689,720,744,310.32918886915337,35.426847978895964,0.11415892945163232,237.0,395.0,374.0,1.272841918091524,158.0,0.5091367672366096,0.7924381732195132,0.8881628777220509,26.290245037220814,0.08471728081081598,28.553384083325188,0.09200998522689526,0.0,0.0,0.8949626865671642,0.0,0.0,0,5.74085083748868,Train raw load only,Train/Validation/Test raw availability only; no model or decision metrics,0,0,0,False,
Hog_office_Lanell,Office,True,,16078,720,744,142.48053538997388,67.49827246994803,0.4737367969961866,1.84,444.826,252.20915,3.12201241230949,442.98600000000005,3.1090983676298865,0.781109918235912,0.8257480269363985,53.22396811753789,0.37355255559548645,43.63450648334797,0.3062488947274019,0.0,0.0,0.0001243781094527363,0.0,0.0,0,4.966199384117768,Train raw load only,Train/Validation/Test raw availability only; no model or decision metrics,15570,720,720,False,
Hog_office_Leanne,Office,False,validation_missing;validation_coverage,16079,719,744,132.2173558057093,23.886291905208086,0.18065927698863152,53.5835,201.842,177.6122,1.5265923204257896,148.25850000000003,1.121324043250894,0.7414195281981321,0.955958487520894,22.479709300950077,0.17002086574763717,12.722701818015699,0.09622565615902536,0.0,0.0,6.218905472636816e-05,0.001388888888888889,0.0,0,4.891982048459793,Train raw load only,Train/Validation/Test raw availability only; no model or decision metrics,0,0,0,False,
Hog_office_Leon,Office,True,,16079,720,744,6.578419055911437,3.2473252630495963,0.4936330804483359,1.75,22.1,12.0,3.359469777186163,20.35,3.093448414739295,0.7659661858452412,0.8201086321130787,2.0718869224263594,0.3149521039655478,2.0069861727011724,0.3050863977565664,0.0,0.0,6.218905472636816e-05,0.0,0.0,0,2.025304610079277,Train raw load only,Train/Validation/Test raw availability only; no model or decision metrics,15573,720,720,False,
Hog_office_Lizzie,Office,True,,16080,720,744,89.64215963930349,35.93497036531382,0.400871314456353,18.4435,166.928,135.69404999999998,1.8621595092272927,148.4845,1.656413685228721,0.9289825688185508,0.911183998755609,11.388766118956312,0.12704698508806253,17.574498611010167,0.19605170917038742,0.0,0.0,0.0,0.0,0.0,0,4.506919442994856,Train raw load only,Train/Validation/Test raw availability only; no model or decision metrics,15744,720,720,False,
Hog_office_Mack,Office,False,causal_feature_protocol_incomplete,15940,720,744,87.93704347553324,21.68963272102054,0.24664955590706497,10.937,255.083,128.74304999999998,2.9007456916716996,244.146,2.7763726223969405,0.8145779123344289,0.8864165281868279,16.295933449727144,0.1853136380945212,17.87162916039234,0.20323209030065664,6.273525721455458e-05,0.0,0.008706467661691543,0.0,0.0,0,4.487928742743806,Train raw load only,Train/Validation/Test raw availability only; no model or decision metrics,14621,720,720,False,
Hog_office_Man,Office,True,,16077,720,744,62.72911295639734,10.459330244816915,0.1667380543398906,23.242,101.016,81.1376,1.6103527571036382,77.774,1.2398389891797177,0.7742700883598111,0.7453519315703141,7.524772172420988,0.1199566169164773,7.815461611174527,0.12459066042599728,0.0,0.0,0.00018656716417910448,0.0,0.0,0,4.154641490453208,Train raw load only,Train/Validation/Test raw availability only; no model or decision metrics,15232,720,720,False,
Hog_office_Mari,Office,True,,16079,720,744,55.11168505504074,34.946429010945955,0.6341019871928161,12.9985,244.246,129.0588,4.431836910014064,231.2475,4.195979487272984,0.8205186718438016,0.8097406992697925,17.56691852501008,0.3187512504374667,24.047653589877147,0.4363440088224566,0.0016170159835810684,0.0,6.218905472636816e-05,0.0,0.0,0,4.027344080590524,Train raw load only,Train/Validation/Test raw availability only; no model or decision metrics,15573,720,720,False,
Hog_office_Marilyn,Office,True,,15943,720,744,39.45184137238913,10.932430375871535,0.27710824122705546,15.6885,84.236,60.0049,2.135160161597771,68.5475,1.737498114548687,0.8165899684673793,0.8815584841116063,7.51541501502318,0.19049592499585932,8.842220826529099,0.2241269486781785,0.0,0.0,0.008519900497512438,0.0,0.0,0,3.700112164653543,Train raw load only,Train/Validation/Test raw availability only; no model or decision metrics,15278,720,720,False,
Hog_office_Marlena,Office,False,causal_feature_protocol_incomplete,15953,720,744,82.41837654359682,69.46599234167425,0.8428459192584175,6.185,334.352,198.61419999999998,4.056765178129151,328.167,3.981721234540571,0.6857331844192405,0.9735819650147345,74.58430931648934,0.9049475668455627,37.91170768005148,0.45999095432312154,0.0,0.0,0.007898009950248756,0.0,0.0,0,4.423868627342276,Train raw load only,Train/Validation/Test raw availability only; no model or decision metrics,14675,720,720,False,
Hog_office_Marlene,Office,True,,15943,720,744,46.06056426017688,26.50419530744016,0.5754205519005159,11.044,161.015,98.28989999999999,3.495723567138551,149.97099999999998,3.25595229691231,0.7082791066219499,0.912475806274676,27.258863330166108,0.5918048067364563,16.829107236807584,0.36536910711182324,0.0,0.0,0.008519900497512438,0.0,0.0,0,3.8514353734563374,Train raw load only,Train/Validation/Test raw availability only; no model or decision metrics,15278,720,720,False,
Hog_office_Mary,Office,True,,16080,720,744,31.97492251243781,14.473861993076262,0.4526629263118973,9.154,78.47,58.6242,2.4541107165928624,69.316,2.1678238617478125,0.6687296498442133,0.9153603146776869,17.04682080010025,0.5331309495267508,9.941493613071765,0.3109153308879688,0.0,0.0,0.0,0.0,0.0,0,3.495747348712454,Train raw load only,Train/Validation/Test raw availability only; no model or decision metrics,15744,720,720,False,
Hog_office_Merilyn,Office,True,,16080,720,744,30.352215422885575,8.984202941302149,0.29599825963702336,9.091,59.502,45.75305,1.9603840830391408,50.411,1.6608672315230768,0.8660499558794121,0.780379877065081,3.9053756646617863,0.12866855385182632,8.74354915253654,0.2880695537612685,0.0,0.0,0.0,0.0,0.0,0,3.445284931978776,Train raw load only,Train/Validation/Test raw availability only; no model or decision metrics,15744,720,720,False,
Hog_office_Migdalia,Office,True,,16079,720,744,34.245046582498915,13.265432512711643,0.38736792139424336,5.982,94.126,58.914299999999976,2.748601897014312,88.144,2.5739196992375066,0.6884717089739744,0.8315803273261358,14.011848608454958,0.4091642443732512,9.863065875294671,0.28801438046036226,0.0,0.0,6.218905472636816e-05,0.0,0.0,0,3.5623249969017685,Train raw load only,Train/Validation/Test raw availability only; no model or decision metrics,15573,720,720,False,
Hog_office_Mike,Office,True,,16080,720,744,64.05163569651741,18.651755410493507,0.2911987368888947,25.274,163.83700000000005,98.16264999999997,2.5578893999877685,138.56300000000005,2.163301506561431,0.6863231169576711,0.8427732837558295,18.736185932778376,0.29251690029513316,14.477801584126652,0.22603328434458442,0.00018656716417910448,0.0,0.0,0.0,0.0,0,4.175181349861709,Train raw load only,Train/Validation/Test raw availability only; no model or decision metrics,15744,720,720,False,
Hog_office_Miriam,Office,True,,16080,720,744,23.231198631840797,7.339773270332839,0.3159446650450876,6.9685,44.405,36.243449999999996,1.9114381786197758,37.4365,1.6114751801351028,0.7664142655327958,0.856466821835015,5.617059370096758,0.24178947712142532,4.866564241541216,0.20948399256812683,0.0,0.0,0.0,0.0,0.0,0,3.1876410025211404,Train raw load only,Train/Validation/Test raw availability only; no model or decision metrics,15744,720,720,False,
Hog_office_Myles,Office,True,,16080,720,744,52.7458387437811,24.207557384115532,0.4589472451411094,19.541,130.52100000000002,99.76124999999999,2.474526960013293,110.98000000000002,2.1040522369754697,0.6846332114907288,0.9158350278723774,23.86750952227888,0.45250033160375014,13.500379329396596,0.25595155278459447,0.0,0.0,0.0,0.0,0.0,0,3.9842662452904367,Train raw load only,Train/Validation/Test raw availability only; no model or decision metrics,15744,720,720,False,
Hog_office_Nancie,Office,True,,16070,720,744,62.344267205973864,31.182120952402155,0.5001601967568602,18.5085,158.636,126.77605,2.5445162339609535,140.1275,2.2476405013638994,0.6989624500298278,0.9100722446973453,31.162878427002177,0.4998515472809364,19.72702173551724,0.31642078124589756,0.0,0.0,0.0006218905472636816,0.0,0.0,0,4.148584408686115,Train raw load only,Train/Validation/Test raw availability only; no model or decision metrics,15546,720,720,False,
Hog_office_Napoleon,Office,True,,16080,720,744,128.54246256218906,33.62453489696178,0.26158309267409724,45.7965,258.60200000000003,187.92039999999997,2.0118021301707047,212.80550000000002,1.6555268644946364,0.7768557849596888,0.8843809332333685,24.407227654833505,0.18987677043315743,20.46175423687296,0.15918283988820836,0.0,0.0,0.0,0.0,0.0,0,4.864008723626491,Train raw load only,Train/Validation/Test raw availability only; no model or decision metrics,15744,720,720,False,
Hog_office_Nia,Office,False,train_missing,15824,720,744,1875.172595677452,977.5648782653789,0.5213199470378403,456.298,44336.461,3731.3087999999993,23.643936084711378,43880.163,23.400599550756137,0.7559820671418978,0.6487171318842935,210.65439415496644,0.11233866932598938,895.4606767586866,0.4775350700105446,0.00018958543983822043,0.0,0.015920398009950248,0.0,0.0,0,7.536989127294511,Train raw load only,Train/Validation/Test raw availability only; no model or decision metrics,0,0,0,False,
Hog_office_Patrick,Office,True,,16073,720,744,11.069501648727682,4.475578534938743,0.4043161722147773,3.648,28.862,20.368,2.607344116825473,25.214,2.2777899855047288,0.7432662509710384,0.8547267962888708,3.324150650322389,0.300298130467731,3.0537355091233263,0.27586928535977223,0.0,0.0,0.00043532338308457713,0.0,0.0,0,2.490681745833494,Train raw load only,Train/Validation/Test raw availability only; no model or decision metrics,15398,720,720,False,
Hog_office_Randi,Office,True,,16077,720,744,95.85447583504384,55.74298732905199,0.5815376574066318,1.676,322.0,226.06,3.3592588890072324,320.324,3.3417740508147604,0.6692708229942659,0.8704335524640668,49.43717480136673,0.5157523878847688,37.01318604602596,0.38613936098009677,0.0003110032966349443,0.0,0.00018656716417910448,0.0,0.0,0,4.573209602879579,Train raw load only,Train/Validation/Test raw availability only; no model or decision metrics,15399,720,720,False,
Hog_office_Richelle,Office,True,,16079,720,744,85.55420218919087,27.391576804457898,0.320166351898009,32.303000000000004,153.733,133.9142,1.7969076452848158,121.43,1.4193341401451554,0.7383224625167557,0.9531860967681048,29.941968114928187,0.34997659201725484,16.187172197184662,0.1892037069247522,0.0,0.0,6.218905472636816e-05,0.0,0.0,0,4.4607708326006295,Train raw load only,Train/Validation/Test raw availability only; no model or decision metrics,15573,720,720,False,
Hog_office_Roger,Office,False,validation_missing;validation_coverage,16040,718,744,268.4237293017456,45.849032718395236,0.17080841860614546,21.935,464.46,329.4781,1.7303239218388264,442.525,1.648606109270393,0.6810058389154343,0.23031007276726706,15.81768508449943,0.05892804308190709,43.27705835242727,0.1612266488696975,0.014650872817955112,0.0,0.0024875621890547263,0.002777777777777778,0.0,0,5.596285342137898,Train raw load only,Train/Validation/Test raw availability only; no model or decision metrics,0,0,0,False,
Hog_office_Sarah,Office,False,validation_missing;validation_coverage,16078,719,744,452.59792002736657,34.393137611892094,0.0759904897702855,105.448,613.077,515.7116500000001,1.3545731716198122,507.629,1.121589334677689,0.6832797346562334,0.7477895840118407,25.852051065083344,0.057119244082076616,24.182481360258787,0.0534303855368946,0.001803706928722478,0.0,0.0001243781094527363,0.001388888888888889,0.0,0,6.117211166925442,Train raw load only,Train/Validation/Test raw availability only; no model or decision metrics,0,0,0,False,
Hog_office_Shawna,Office,True,,16080,720,744,142.68753687810946,73.51056940146302,0.5151856357591993,30.7375,314.391,258.11744999999996,2.203352912795516,283.6535,1.9879346592289306,0.7830311720673079,0.9300206884486433,58.86848054683868,0.4125691832295554,45.07311701210211,0.31588685317769366,0.0,0.0,0.0,0.0,0.0,0,4.967641059178327,Train raw load only,Train/Validation/Test raw availability only; no model or decision metrics,15744,720,720,False,
Hog_office_Shawnna,Office,True,,16080,720,744,421.4300043532338,158.52742554499665,0.37616549345670763,146.745,988.348,712.46705,2.3452245682336073,841.603,1.9970172776179125,0.8112280989429029,0.890711248314772,107.69719385605532,0.25555179447020526,98.22018920682342,0.233064063289849,0.0,0.0,0.0,0.0,0.0,0,6.046023762902549,Train raw load only,Train/Validation/Test raw availability only; no model or decision metrics,15744,720,720,False,
Hog_office_Sherrie,Office,True,,16080,720,744,42.181944527363186,21.787133284865945,0.5165037678794716,12.267,141.118,82.97905,3.3454598070617054,128.851,3.0546481781183674,0.7034928684510471,0.8893809381503054,21.916881549461007,0.5195796873528116,15.767949422460745,0.37380802613858083,0.0,0.0,0.0,0.0,0.0,0,3.765422457128822,Train raw load only,Train/Validation/Test raw availability only; no model or decision metrics,15744,720,720,False,
Hog_office_Shon,Office,True,,16080,720,744,78.93035130597016,25.240868732038688,0.3197866006473673,26.8365,166.485,134.18225,2.1092646522581404,139.6485,1.7692623647227734,0.7067391157344856,0.9003716036752868,25.983044440630813,0.3291895197565844,17.58320197692121,0.22276857616863596,0.0,0.0,0.0,0.0,0.0,0,4.38115564679867,Train raw load only,Train/Validation/Test raw availability only; no model or decision metrics,15744,720,720,False,
Hog_office_Simon,Office,True,,16078,720,744,19.506468466227144,10.193661602327376,0.5225785292697315,5.0,55.0,39.0,2.819577520924671,50.0,2.5632522917497007,0.6572358901235941,0.9014632322920307,9.765300481933545,0.5006185767988124,6.221323066560406,0.31893641216152474,0.0,0.0,0.0001243781094527363,0.0,0.0,0,3.0207403713115926,Train raw load only,Train/Validation/Test raw availability only; no model or decision metrics,15570,720,720,False,
Hog_office_Sonny,Office,False,causal_feature_protocol_incomplete,15950,720,744,249.48556181818182,61.61683948212221,0.24697557258654854,91.5925,490.106,374.50719999999995,1.9644663860635578,398.5135,1.5973409326605668,0.8171231740082089,0.7461821626898094,22.663693329691455,0.09084170308103091,49.559708623526035,0.1986476021391722,0.0,0.0,0.00808457711442786,0.0,0.0,0,5.5234012814114495,Train raw load only,Train/Validation/Test raw availability only; no model or decision metrics,13249,720,720,False,
Hog_office_Sung,Office,False,train_missing,15837,720,744,47.945155079876244,12.866169953049663,0.26835182682410197,18.543,101.362,75.1956,2.114123936634092,82.81899999999999,1.7273695300812815,0.7199068448450426,0.6675520900198446,8.163328223321933,0.17026388192345804,9.167115151016333,0.19120003128040763,0.0005682894487592347,0.0,0.015111940298507463,0.0,0.0,0,3.890700387160233,Train raw load only,Train/Validation/Test raw availability only; no model or decision metrics,0,0,0,False,
Hog_office_Sydney,Office,True,,16080,720,744,125.11588600746269,25.30861888540962,0.20228141839558292,47.4205,201.426,167.23149999999998,1.609915466593792,154.00549999999998,1.2309028446700536,0.870311683812121,0.9079235909699699,16.332882463824944,0.1305420357479685,14.26740721032454,0.11403353855060054,0.0,0.0,0.0,0.0,0.0,0,4.837201214476755,Train raw load only,Train/Validation/Test raw availability only; no model or decision metrics,15744,720,720,False,
Hog_office_Terry,Office,True,,16070,720,744,744.923585376478,537.256214865401,0.7212232575424181,11.0,2818.0,1857.631949999999,3.782938351422726,2807.0,3.768171736140381,0.8518656468961958,0.726599744642025,79.31312025674515,0.10647148487943361,514.9854894834829,0.6913265999266404,0.0,0.0,0.0006218905472636816,0.0,0.0,0,6.614623162485988,Train raw load only,Train/Validation/Test raw availability only; no model or decision metrics,15363,720,720,False,
Hog_office_Thomas,Office,False,train_missing;validation_missing;test_missing;validation_coverage;test_coverage,15900,656,0,51.89238993710692,59.841293445299456,1.15318052450131,2.0,278.0,167.0,5.357240249233719,276.0,5.318698952476642,0.7972522587905102,0.8213132700246433,2.565665779897614,0.04944204310125582,53.201206266531074,1.0252217392764225,0.0,0.0,0.011194029850746268,0.08888888888888889,1.0,0,3.9682594709941594,Train raw load only,Train/Validation/Test raw availability only; no model or decision metrics,0,0,0,False,
Hog_office_Valda,Office,True,,16080,720,744,29.167134266169153,15.470947626294333,0.5304239862960766,5.852,99.207,59.318050000000014,3.4013283271051353,93.35499999999999,3.200691543710624,0.7272521335485511,0.8969965065131749,14.79239932371571,0.5071598460351093,9.618711844639337,0.32977911908870816,0.0,0.0,0.0,0.0,0.0,0,3.4067530624536326,Train raw load only,Train/Validation/Test raw availability only; no model or decision metrics,15744,720,720,False,
Hog_office_Vera,Office,True,,16079,720,744,112.80235089246844,50.87746099953867,0.451031920851001,31.0,374.0,197.09999999999854,3.31553373702756,343.0,3.040716769519928,0.673977455236206,0.9125548926740646,56.61443860695813,0.5018905914552012,35.326284012244045,0.31316974985671775,0.0,0.0,6.218905472636816e-05,0.0,0.0,0,4.734463179584904,Train raw load only,Train/Validation/Test raw availability only; no model or decision metrics,15573,720,720,False,
Lamb_office_Bertha,Office,True,,16080,720,744,45.370311268656714,57.48137970438689,1.266938182636999,0.0098,341.1,167.2,7.518132242474673,341.09020000000004,7.517916242193301,0.8129827808094666,0.6760839671114992,21.247263312031468,0.46830763814287,52.47360327417735,1.1565625583536125,0.0005597014925373135,0.0,0.0,0.0,0.0,0,3.83665941109718,Train raw load only,Train/Validation/Test raw availability only; no model or decision metrics,15744,720,720,False,
Lamb_office_Callie,Office,True,,16035,720,744,3.6936425693794828,2.336561874027889,0.6325901410705319,0.0003,9.85,6.81,2.666744227407678,9.8497,2.6666630067713104,0.8645834692736665,0.7202658357278364,0.3466007346370108,0.09383710744248823,2.2456420645446333,0.607974925121651,0.0,0.0,0.002798507462686567,0.0,0.0,0,1.5462089482533496,Train raw load only,Train/Validation/Test raw availability only; no model or decision metrics,15272,720,720,False,
Lamb_office_Corine,Office,False,train_missing;validation_missing;test_missing;validation_coverage;test_coverage,8967,0,0,0.37815322850451655,0.8223995698358295,2.1747786554359854,0.1,8.9,1.4,23.535433070866144,8.8,23.270990002654166,0.44712230153782323,0.0809702286753548,-0.008723426776448107,-0.02306849742086472,1.0531451667994676,2.7849693918106775,0.11274673803947809,0.0,0.4423507462686567,1.0,1.0,0,0.3207443627118779,Train raw load only,Train/Validation/Test raw availability only; no model or decision metrics,0,0,0,False,
Lamb_office_Donita,Office,False,train_missing,14882,720,744,0.3788458674909287,0.3910674419775945,1.03226001795297,0.0001,5.2,1.1,13.725898699751587,5.1999,13.725634740161208,0.5652796714399188,0.3619316426963297,0.019189773982586422,0.050653248799251885,0.3727670485451478,0.9839543744107848,0.028490794248084934,0.0,0.07450248756218905,0.0,0.0,0,0.3212468213466961,Train raw load only,Train/Validation/Test raw availability only; no model or decision metrics,0,0,0,False,
Lamb_office_Jo,Office,False,train_missing,15690,720,744,1.2640956150414275,1.8814002740070153,1.4883369988949429,0.0002,21.9,3.0,17.324638848052867,21.8998,17.32448063217298,0.7820692264387727,0.7050403129456786,0.20584777986104807,0.16284193807151362,1.7341483462575134,1.371849032322354,0.0130019120458891,0.0,0.024253731343283583,0.0,0.0,0,0.8171753922413072,Train raw load only,Train/Validation/Test raw availability only; no model or decision metrics,0,0,0,False,
Lamb_office_Joanna,Office,False,train_missing;validation_missing;test_missing;sufficient_train;validation_coverage;test_coverage,2354,0,0,1.4585810960067969,0.41590547043177667,0.28514387823235476,0.0449,2.5,2.1,1.7139945162077914,2.4551,1.6832111746966993,0.5840488679644451,0.4190494567800007,0.02555663034330835,0.017521569704472065,0.34171859590720494,0.2342815197884702,0.0,0.0,0.8536069651741294,1.0,1.0,0,0.8995843932956495,Train raw load only,Train/Validation/Test raw availability only; no model or decision metrics,0,0,0,False,
Lamb_office_Kent,Office,False,train_missing;validation_missing;test_missing;validation_coverage;test_coverage,12239,0,0,0.4304574883568919,0.31505497107051156,0.7319072837438938,0.0001,4.1,1.1,9.524750087750114,4.0999,9.524517776772363,0.51653659945823,0.520617373727253,0.10839247794077866,0.251807625311679,0.3014310630632398,0.7002574498444399,0.015360732085954735,0.0,0.2388681592039801,1.0,1.0,0,0.3579943150356044,Train raw load only,Train/Validation/Test raw availability only; no model or decision metrics,0,0,0,False,
Lamb_office_Kerry,Office,False,train_missing;validation_missing;test_missing;validation_coverage;test_coverage,9635,72,743,2.192195422937208,2.62753800590874,1.1985874883308714,0.0008,25.8,4.0,11.769023751282143,25.7992,11.76865882031311,0.6835306277355304,0.35981339271951807,0.7745585212303971,0.3533254896557565,1.9127089977967735,0.8725084350527632,0.04390243902439024,0.0,0.4008084577114428,0.9,0.0013440860215053765,0,1.160708900438217,Train raw load only,Train/Validation/Test raw availability only; no model or decision metrics,0,0,0,False,
Lamb_office_Maggie,Office,False,train_missing;test_missing;test_coverage,15777,720,743,2.4881127083729484,4.13957269297552,1.6637400223249978,0.0002,29.9,13.0,12.01714050146567,29.8998,12.017060119254957,0.7797803329964424,0.8349739218531836,1.8599304155202854,0.7475265928513944,2.912677754578546,1.1706373850255494,0.06572859225454776,0.0,0.018843283582089553,0.0,0.0013440860215053765,0,1.2493608187049914,Train raw load only,Train/Validation/Test raw availability only; no model or decision metrics,0,0,0,False,
Lamb_office_Peggy,Office,False,causal_feature_protocol_incomplete,15938,720,744,1.9554760823189863,2.659455443173996,1.3600040763577967,0.0001,14.0,8.2,7.159381864388488,13.9999,7.1593307259465995,0.7820967763732317,0.9114663084151534,1.482999968792777,0.7583830772474073,2.0340195040691462,1.0401658820889366,0.09041284979294767,0.0,0.008830845771144279,0.0,0.0,0,1.083659748648962,Train raw load only,Train/Validation/Test raw availability only; no model or decision metrics,14627,720,720,False,
Lamb_office_Raymond,Office,True,,16034,720,744,7.103996538605464,9.007335199669436,1.267925054681629,0.0004,59.3,28.4,8.34741397715275,59.2996,8.347357670819008,0.7867138208582467,0.8184649975484309,4.776415455631923,0.6723561068301912,7.245154704978643,1.0198702470653074,0.02893850567543969,0.0,0.0028606965174129352,0.0,0.0,0,2.0923573398245567,Train raw load only,Train/Validation/Test raw availability only; no model or decision metrics,15268,720,720,False,
Lamb_office_Stefani,Office,True,,16012,720,744,11.484930945540844,8.668259860194151,0.7547507165082,0.0013,35.81,26.87,3.1179987210897115,35.8087,3.117885529290286,0.852199353065026,0.787626479680431,3.7983519257582063,0.3307248379436674,7.3451483570238425,0.6395465842897106,0.0,0.0,0.004228855721393035,0.0,0.0,0,2.5245223927225156,Train raw load only,Train/Validation/Test raw availability only; no model or decision metrics,15034,720,720,False,
Lamb_office_Vasiliki,Office,True,,16037,720,744,297.6181125958721,200.69332349425602,0.6743316854736333,0.0559,909.8,635.2,3.056937603913219,909.7441,3.056749779323135,0.8365439373224722,0.8255003109045455,119.86993991470976,0.4027642634689981,173.7888620287239,0.5839324109440452,0.0,0.0,0.002674129353233831,0.0,0.0,0,5.699165541657514,Train raw load only,Train/Validation/Test raw availability only; no model or decision metrics,15294,720,720,False,
Lamb_office_Velma,Office,True,,16078,720,744,88.9037469399179,60.40857530406038,0.6794828945160786,0.0206,272.3,191.0,3.0628630330285547,272.2794,3.0626313217598056,0.825664821780976,0.730452773468384,26.58796741383395,0.29906464383106807,53.38006659144697,0.6004253862047209,0.0,0.0,0.0001243781094527363,0.0,0.0,0,4.498739619584757,Train raw load only,Train/Validation/Test raw availability only; no model or decision metrics,15570,720,720,False,
Lamb_office_William,Office,False,train_missing,14729,720,744,1.7123131645053973,1.8977178316675687,1.108277312237873,0.0002,11.2,5.4,6.540859599847278,11.1998,6.540742798782995,0.8487847699085268,0.612296075795726,0.37761601615425855,0.22052976288559528,1.9402972003353707,1.1331438901223578,6.789327177676693e-05,0.0,0.08401741293532339,0.0,0.0,0,0.9978018370492652,Train raw load only,Train/Validation/Test raw availability only; no model or decision metrics,0,0,0,False,
Panther_office_Antonette,Office,False,train_missing,12690,720,744,30.196230394011035,10.3990563506347,0.3443826005744477,3.6007,421.0412,45.6088,13.943502036714726,417.4405,13.82425867577143,0.8097008570151235,0.6765007364192669,1.6029145930446376,0.05308326808112285,6.83260616903286,0.2262734811557142,7.880220646178094e-05,0.0,0.21082089552238806,0.0,0.0,0,3.440297266811253,Train raw load only,Train/Validation/Test raw availability only; no model or decision metrics,0,0,0,False,
Panther_office_Brent,Office,False,train_missing,12209,720,744,13.833538111229421,6.541358592948503,0.4728622959905343,1.7203,42.1681,25.3649,3.0482512616038484,40.4478,2.9238940663463646,0.5990621603775834,0.5400239657641132,0.4979885604042984,0.03599864014543427,6.075306338368925,0.4391722702840046,0.0,0.0,0.24073383084577116,0.0,0.0,0,2.696890705660215,Train raw load only,Train/Validation/Test raw availability only; no model or decision metrics,0,0,0,False,
Panther_office_Catherine,Office,False,train_missing,12691,720,744,44.35817963123474,18.400058786301845,0.4148064447023762,4.6409,130.1851,72.674,2.934861193184095,125.5442,2.8302378736840286,0.8797689232481825,0.8544087373275842,5.200803471865541,0.11724564702838715,10.401603837385025,0.23449122402806521,0.0,0.0,0.2107587064676617,0.0,0.0,0,3.814590527027667,Train raw load only,Train/Validation/Test raw availability only; no model or decision metrics,0,0,0,False,
Panther_office_Christian,Office,False,train_missing,12690,720,744,34.017547068557924,11.049396921157896,0.32481462872350203,8.2016,77.3707,54.9106,2.2744350097927244,69.1691,2.0333359092764307,0.6575648593398096,0.5050570637846612,1.637326001196307,0.04813180673775479,9.358597080884401,0.2751108732802918,0.0,0.0,0.21082089552238806,0.0,0.0,0,3.55584928067403,Train raw load only,Train/Validation/Test raw availability only; no model or decision metrics,0,0,0,False,
Panther_office_Christin,Office,False,train_missing,12116,720,744,20.34791493892374,21.336614617426807,1.0485897292902366,0.3421,87.6282,64.1049,4.306495297578382,87.2861,4.289682764155334,0.9823126601916248,0.9623495275464621,0.7155265258131287,0.03516461160570268,20.705008577579434,1.0175493970624285,0.0,0.0,0.2465174129353234,0.0,0.0,0,3.0609540739651533,Train raw load only,Train/Validation/Test raw availability only; no model or decision metrics,0,0,0,False,
Panther_office_Clementine,Office,False,train_missing,12899,720,744,47.23656078765796,11.488496691484594,0.24321196335882111,0.4391,116.0561,69.41549999999998,2.456912570788247,115.617,2.447616805121185,0.7226405532263983,0.7451354560174298,7.000887286463943,0.14820908147684506,8.73998692575028,0.18502589477331036,0.0002325761686952477,0.0,0.19782338308457711,0.0,0.0,0,3.876117256089222,Train raw load only,Train/Validation/Test raw availability only; no model or decision metrics,0,0,0,False,
Panther_office_Danica,Office,False,train_missing,12692,720,744,5.207813606996534,2.2195311983592565,0.42619251875247344,1.2212,15.2919,9.628499999999992,2.936337809681939,14.0707,2.701844010142079,0.6023556893631917,0.6198491537988613,1.1377649906304326,0.21847267903403475,1.7610186889352608,0.3381493313373174,0.0014970059880239522,0.0,0.21069651741293532,0.0,0.0,0,1.825808757783992,Train raw load only,Train/Validation/Test raw availability only; no model or decision metrics,0,0,0,False,
Panther_office_Garth,Office,False,train_missing,12692,720,744,64.22070430980145,18.909427637736037,0.29444441385315134,15.723,141.5533,95.9385,2.2041692242605313,125.83030000000001,1.9593416383755795,0.6817223842381969,0.8494730219438903,19.13993855318443,0.29803376899843914,17.73200065230539,0.27611034234015885,0.0,0.0,0.21069651741293532,0.0,0.0,0,4.17777696928786,Train raw load only,Train/Validation/Test raw availability only; no model or decision metrics,0,0,0,False,
Panther_office_Graham,Office,False,train_missing,12549,720,744,75.00623614630648,23.747657374125776,0.3166091060455802,4.8009,167.3435,117.9227,2.231061157016082,162.5426,2.1670544790828576,0.8722617696882632,0.9072965447334235,12.829011654273927,0.17103926704507308,13.860419052977646,0.18479022232153655,0.0,0.0,0.21958955223880597,0.0,0.0,0,4.330815391476705,Train raw load only,Train/Validation/Test raw availability only; no model or decision metrics,0,0,0,False,
Panther_office_Hannah,Office,False,train_missing,12690,720,744,6.979603719464145,3.673185364291005,0.5262742000734981,1.1232,27.7704,14.267394999999999,3.978793226119155,26.647199999999998,3.8178671843056757,0.677650627895685,0.6976966860085569,1.4319906462621486,0.20516790119025394,2.763518793961255,0.3959420770916522,0.0005516154452324665,0.0,0.21082089552238806,0.0,0.0,0,2.0768887510136382,Train raw load only,Train/Validation/Test raw availability only; no model or decision metrics,0,0,0,False,
Panther_office_Jeane,Office,False,train_missing,12695,720,744,20.988952729421033,9.659244757941474,0.46020613236227526,2.5205,53.0459,38.8875,2.5273247638336667,50.525400000000005,2.4072377812913257,0.6798885717702626,0.7423199245789077,5.158794662032303,0.24578618707359418,8.741473948568679,0.4164797577687339,0.0,0.0,0.2105099502487562,0.0,0.0,0,3.0905401785767737,Train raw load only,Train/Validation/Test raw availability only; no model or decision metrics,0,0,0,False,
Panther_office_Jesus,Office,False,train_missing,12692,720,744,101.83081135360857,42.11002811083101,0.4135293390190469,15.403,224.7855,181.8351,2.207440920994236,209.38250000000002,2.0561802190980987,0.6229070777897755,0.912539983310703,51.144797449966845,0.502252675492941,30.77536204479068,0.30222053262369586,0.0,0.0,0.21069651741293532,0.0,0.0,0,4.633085029452202,Train raw load only,Train/Validation/Test raw availability only; no model or decision metrics,0,0,0,False,
Panther_office_Karla,Office,False,train_missing,12692,720,744,35.91348234320832,15.46015073036803,0.4304831979985292,11.7623,105.1403,62.292,2.9275996962707045,93.378,2.600082027903343,0.7655927092781513,0.822043590406199,11.703785597034862,0.32588835260215837,14.270681075090588,0.3973627769847651,0.0,0.0,0.21069651741293532,0.0,0.0,0,3.6085768594679313,Train raw load only,Train/Validation/Test raw availability only; no model or decision metrics,0,0,0,False,
Panther_office_Kristen,Office,False,train_missing,12692,720,744,49.663813567601636,14.315586694903203,0.28824984765652445,9.6769,131.0027,72.988,2.6377897827294534,121.3258,2.442941676938545,0.8469265381899967,0.7027475178588193,4.4901657192153195,0.09041121485975646,14.184888956917698,0.28561819840132574,7.87897888433659e-05,0.0,0.21069651741293532,0.0,0.0,0,3.9252119194268764,Train raw load only,Train/Validation/Test raw availability only; no model or decision metrics,0,0,0,False,
Panther_office_Larry,Office,False,train_missing,12690,720,744,53.08604219070134,15.95090396450683,0.30047265356882874,12.1624,129.8305,78.2551,2.445661696413702,117.6681,2.2165543925331654,0.7771693948868265,0.8327324934447384,7.888739671594941,0.14860289722213926,13.25582500087719,0.2497045259704651,0.0,0.0,0.21082089552238806,0.0,0.0,0,3.9905761523927867,Train raw load only,Train/Validation/Test raw availability only; no model or decision metrics,0,0,0,False,
Panther_office_Lauretta,Office,False,train_missing,12691,720,744,173.94522481285946,25.399054174840494,0.14601754202891337,38.1674,353.7367,211.9609,2.0336097204195793,315.5693,1.8141877728434803,0.7814615157913204,0.6276785407759422,9.99599582289531,0.05746634225601532,23.66197652198234,0.13603119342562747,0.0007091639744700969,0.0,0.2107587064676617,0.0,0.0,0,5.164472923859081,Train raw load only,Train/Validation/Test raw availability only; no model or decision metrics,0,0,0,False,
Panther_office_Lavinia,Office,False,train_missing,12692,720,744,22.75389248345414,4.859127868832556,0.21355149991879188,6.0812,51.3699,31.4461,2.2576313058240234,45.2887,1.9903715389765688,0.8187253440438594,0.755003316439179,2.3218985750221144,0.10204401628031425,4.355976981253891,0.1914387608371363,0.001575795776867318,0.0,0.21069651741293532,0.0,0.0,0,3.1677464110916635,Train raw load only,Train/Validation/Test raw availability only; no model or decision metrics,0,0,0,False,
Panther_office_Lois,Office,False,train_missing;test_missing;test_coverage,12695,720,743,149.38962375738478,21.3181994617319,0.14270200918608364,7.8815,257.6094,179.1206,1.7244129379318125,249.7279,1.6716549230056896,0.9440640153698918,0.815311872346768,2.5320854371675523,0.016949540225630187,20.97609223803227,0.14041197581498935,0.00023631350925561244,0.0,0.2105099502487562,0.0,0.0013440860215053765,0,5.013229418160917,Train raw load only,Train/Validation/Test raw availability only; no model or decision metrics,0,0,0,False,
Panther_office_Otto,Office,False,train_missing;sufficient_train,7385,720,744,216.67611633039945,54.970574011661995,0.253699276794494,34.5667,502.0306,308.4595,2.3169632560446884,467.46389999999997,2.1574315984470838,0.9187994830343008,0.9202796742209481,20.089977541321645,0.09271892943976973,34.36803582201052,0.15861478599516837,0.00013540961408259986,0.0,0.5407338308457711,0.0,0.0,0,5.383008253128769,Train raw load only,Train/Validation/Test raw availability only; no model or decision metrics,0,0,0,False,
Panther_office_Patti,Office,False,train_missing,12691,720,744,475.3142065400678,98.5281141106199,0.20729048859665047,108.821,1085.535,632.9222,2.283826119782709,976.714,2.054880722185327,0.8879189712879907,0.8147132098602026,40.15835119884997,0.08448800950254097,63.52289993743384,0.13364401708047627,7.87959971633441e-05,0.0,0.2107587064676617,0.0,0.0,0,6.166077734235964,Train raw load only,Train/Validation/Test raw availability only; no model or decision metrics,0,0,0,False,
Panther_office_Ruthie,Office,False,train_missing,12693,720,744,115.64875136689514,19.00867185933209,0.16436556067109764,25.6049,237.9737,143.3277,2.0577282260923813,212.36880000000002,1.8363259221559682,0.8482644281557586,0.789917277862361,5.488691395489653,0.04746001431590735,15.691922739714792,0.1356860541445211,0.00015756716300323014,0.0,0.21063432835820894,0.0,0.0,0,4.759167294311522,Train raw load only,Train/Validation/Test raw availability only; no model or decision metrics,0,0,0,False,
Panther_office_Shauna,Office,False,train_missing,12690,720,744,95.38618337273442,39.83275870797466,0.4175946379186047,39.4076,317.2612,153.6296,3.326070807972879,277.8536,2.912933405818843,0.6657651472653466,0.8632330184491299,26.549638948521675,0.27833841348673494,25.399132589935064,0.2662768515507588,0.0,0.0,0.21082089552238806,0.0,0.0,0,4.568362865335367,Train raw load only,Train/Validation/Test raw availability only; no model or decision metrics,0,0,0,False,
Panther_office_Taryn,Office,False,train_missing,12691,720,744,94.14166599952723,17.915693679485067,0.1903056790982968,21.6042,216.5795,125.9243,2.300570079151644,194.9753,2.0710840192798283,0.6928576335807207,0.8444447114621003,16.32671109570103,0.17342704659362007,12.931367245743365,0.1373607223586664,7.87959971633441e-05,0.0,0.2107587064676617,0.0,0.0,0,4.555367001882217,Train raw load only,Train/Validation/Test raw availability only; no model or decision metrics,0,0,0,False,
Panther_office_Valarie,Office,False,train_missing,12691,720,744,32.93859360176503,9.448708652283923,0.28685829050629563,11.4822,75.2145,49.429500000000004,2.283476365425924,63.7323,1.9348822469634794,0.8213690640331418,0.7180288307262599,0.5087952320880191,0.015446780704709721,8.441542753961421,0.2562812139468237,0.0,0.0,0.2107587064676617,0.0,0.0,0,3.524552821168049,Train raw load only,Train/Validation/Test raw availability only; no model or decision metrics,0,0,0,False,
Peacock_office_Annie,Office,True,,16071,720,744,76.94697180635929,35.47980780870733,0.46109427019420535,31.8667,194.0,150.19164999999998,2.5212168256368845,162.1333,2.107078370907385,0.7325979125120436,0.8939869136478916,30.936939825037186,0.4020553258793792,22.40406606500518,0.291162414050368,0.0,0.0,0.0005597014925373135,0.0,0.0,0,4.356028746851294,Train raw load only,Train/Validation/Test raw availability only; no model or decision metrics,15213,720,720,False,
Peacock_office_Burl,Office,True,,16071,720,744,60.50186147719495,8.920170076096085,0.14743629135209957,29.0333,95.1833,75.8,1.5732292804887924,66.15,1.093354789173454,0.7160662704745764,0.8131154311509282,6.197598445564559,0.10243649194001457,8.320094422350138,0.1375179906734976,0.0,0.0,0.0005597014925373135,0.0,0.0,0,4.119067442276277,Train raw load only,Train/Validation/Test raw availability only; no model or decision metrics,15213,720,720,False,
Peacock_office_Dara,Office,False,causal_feature_protocol_incomplete,16042,720,744,160.91494685824708,63.54803612468581,0.39491692577611476,45.8,340.9333,253.41502999999994,2.1187174134938154,295.13329999999996,1.8340950033683838,0.8550487123580506,0.8363924275566353,12.255147394915156,0.07615916130967584,33.487815076646164,0.20810879119977707,0.0,0.0,0.00236318407960199,0.0,0.0,0,5.087071177967907,Train raw load only,Train/Validation/Test raw availability only; no model or decision metrics,14963,720,720,False,
Peacock_office_Effie,Office,True,,16070,720,744,87.83766858120723,29.82975674759121,0.33960096197240436,35.4167,180.15,143.40166999999997,2.0509424135437824,144.7333,1.6477361289045591,0.7978709580399578,0.8676079817629223,22.601123306155188,0.257305591908557,17.883526698675194,0.20359746550127988,0.0,0.0,0.0006218905472636816,0.0,0.0,0,4.486810755786865,Train raw load only,Train/Validation/Test raw availability only; no model or decision metrics,15210,720,720,False,
Peacock_office_Elton,Office,False,causal_feature_protocol_incomplete,16056,720,744,158.91665394867965,21.58948947266977,0.13585416591795252,92.2667,230.2167,200.937475,1.4486631468741211,137.95,0.8680650930679008,0.75065768771042,0.8305450476190244,18.432399666423322,0.11598784147806093,15.674841193035059,0.09863561057670565,0.0,0.0,0.0014925373134328358,0.0,0.0,0,5.074652766690856,Train raw load only,Train/Validation/Test raw availability only; no model or decision metrics,14359,720,720,False,
Peacock_office_Glenn,Office,False,train_missing;sufficient_train,5997,720,744,67.40476051359013,33.518983632802765,0.4972791740138988,27.2833,195.3167,138.0933,2.8976692226451912,168.0334,2.492901075824179,0.7009302238515772,0.8208868807102848,22.77842315370024,0.33793493189709733,19.547433240868862,0.2900007817241293,0.0,0.0,0.6270522388059702,0.0,0.0,0,4.2254424203585685,Train raw load only,Train/Validation/Test raw availability only; no model or decision metrics,0,0,0,False,
Peacock_office_Jonathon,Office,False,train_missing;sufficient_train,5945,720,744,35.116235340622374,9.664921391432578,0.2752265810296647,17.1667,74.35,53.1833,2.117254292176135,57.183299999999996,1.6284006370651725,0.5980348321474027,0.8431007588420545,9.780238505016623,0.27851044994287494,6.517736808075118,0.18560465678777976,0.0,0.0,0.6302860696517413,0.0,0.0,0,3.5867424966667305,Train raw load only,Train/Validation/Test raw availability only; no model or decision metrics,0,0,0,False,
Peacock_office_Julian,Office,True,,16069,720,744,24.962487783931795,11.01182756984445,0.4411350208825219,6.9167,64.6833,45.660019999999975,2.5912200963253453,57.766600000000004,2.3141363352888256,0.7586556352385997,0.8755820602462125,8.525226721343966,0.34152151801278413,7.274958262365221,0.2914356263420214,0.0,0.0,0.0006840796019900498,0.0,0.0,0,3.2566527186746974,Train raw load only,Train/Validation/Test raw availability only; no model or decision metrics,15207,720,720,False,
Peacock_office_Major,Office,False,train_missing,15829,720,744,204.76864707183017,26.455383886724654,0.12919645788080267,90.4,296.9833,254.04669999999993,1.4503358021202442,206.58329999999998,1.0088619666834702,0.810903596833092,0.8864488926195588,15.646876165702679,0.076412460547312,18.80700498507983,0.09184513964426681,0.0,0.0,0.015609452736318408,0.0,0.0,0,5.326752465204282,Train raw load only,Train/Validation/Test raw availability only; no model or decision metrics,0,0,0,False,
Peacock_office_Naomi,Office,False,train_missing;validation_missing;test_missing;sufficient_train;validation_coverage;test_coverage,5450,0,240,171.74881469724772,55.72261854106187,0.3244425217099028,62.4667,287.05,248.842485,1.6713361341445112,224.5833,1.3076264916057028,0.9498434121491895,0.8907661650905009,6.078688315747087,0.035392898206967935,25.33306338313152,0.14750065919108485,0.0,0.0,0.6610696517412935,1.0,0.6774193548387096,0,5.1518386012479604,Train raw load only,Train/Validation/Test raw availability only; no model or decision metrics,0,0,0,False,
Peacock_office_Norman,Office,False,causal_feature_protocol_incomplete,16060,720,744,36.308711344956414,9.153196916847746,0.2520936871013243,15.9833,72.2833,54.46752999999999,1.9907977265637866,56.3,1.5505920732111178,0.6662767906253442,0.7458111925570209,8.590301175153133,0.2365906378097442,7.343269488646953,0.20224539006303774,0.0,0.0,0.0012437810945273632,0.0,0.0,0,3.6192268475038087,Train raw load only,Train/Validation/Test raw availability only; no model or decision metrics,14341,720,720,False,
Rat_office_Adele,Office,False,causal_feature_protocol_incomplete,16051,720,744,605.6452432870227,238.2023098515179,0.3933033611536695,0.01,1363.72,952.495,2.2516811864957,1363.71,2.251664675179693,0.8979138366068459,0.7917285084398828,105.85253892734875,0.174776472036426,226.45529594195273,0.3739074952738179,0.0,0.0,0.0018034825870646765,0.0,0.0,0,6.407944177516054,Train raw load only,Train/Validation/Test raw availability only; no model or decision metrics,14816,720,720,False,
Rat_office_Annis,Office,False,validation_missing;validation_coverage,16029,719,744,33.77791003805602,11.808919999388355,0.34960481527968384,7.01,72.1,57.32,2.134531115713442,65.08999999999999,1.9269990335892917,0.9159742052664666,0.7812854755487346,0.31123981856586624,0.009214300654339083,10.678303979499846,0.3161327615435381,0.0,0.0,0.003171641791044776,0.001388888888888889,0.0,0,3.548982416207898,Train raw load only,Train/Validation/Test raw availability only; no model or decision metrics,0,0,0,False,
Rat_office_Arron,Office,False,validation_missing;validation_coverage,16029,703,744,60.35209495289787,21.908099871810652,0.3630047952587056,28.26,143.99,104.97,2.385832672625164,115.73,1.9175804931100093,0.824292133133604,0.9025168527126093,14.130053557172047,0.23412697716955685,17.411123633283868,0.28849244830477677,0.0,0.0,0.003171641791044776,0.02361111111111111,0.0,0,4.116629318135403,Train raw load only,Train/Validation/Test raw availability only; no model or decision metrics,0,0,0,False,
Rat_office_Ashlee,Office,False,train_missing;validation_missing;test_missing;validation_coverage;test_coverage,10913,0,0,45.94368276367635,22.163670520598256,0.4824095324400318,0.38,105.07,81.12,2.28693029551975,104.69,2.278659299875917,0.9494235454397957,0.9364167354315227,5.69209519931826,0.12389288052063822,21.20689249688938,0.4615845143710555,0.0,0.0,0.3213308457711443,1.0,1.0,0,3.8489486441769234,Train raw load only,Train/Validation/Test raw availability only; no model or decision metrics,0,0,0,False,
Rat_office_Avis,Office,False,train_missing;validation_missing;test_missing;validation_coverage;test_coverage,15813,719,648,915.9363890469867,323.2146855791008,0.35287896566201404,0.16,2255.64,1609.4559999999997,2.462660100606929,2255.48,2.4624854159870004,0.8336635875528638,0.6788840821369282,69.78348557266179,0.07618813534122178,314.076688762722,0.3429022937821178,0.02112186175931196,0.0,0.0166044776119403,0.001388888888888889,0.12903225806451613,0,6.821038101308357,Train raw load only,Train/Validation/Test raw availability only; no model or decision metrics,0,0,0,False,
Rat_office_Chris,Office,False,train_missing;validation_missing;test_missing;validation_coverage;test_coverage,12284,167,625,905.7806854444807,264.93061723263895,0.29248870227635,534.66,1723.08,1352.1150000000002,1.9023147961633315,1188.42,1.3120394584444288,0.9582157892144361,0.8790458348547151,65.90174677595314,0.07275684703258398,261.83622851806723,0.28907243522153503,0.0,0.0,0.23606965174129355,0.7680555555555556,0.15994623655913978,0,6.809900618720252,Train raw load only,Train/Validation/Test raw availability only; no model or decision metrics,0,0,0,False,
Rat_office_Colby,Office,False,validation_missing;validation_coverage,16077,719,744,2126.1456882502957,396.2247106747174,0.18635821282820425,31.78,3095.44,2652.54,1.4558927062742262,3063.66,1.4409454709198353,0.6477049679196772,0.36719285027812054,231.25006079041327,0.10876491769513674,382.89243974451784,0.18008758377212516,0.011942526590781863,0.0,0.00018656716417910448,0.001388888888888889,0.0,0,7.662536307565581,Train raw load only,Train/Validation/Test raw availability only; no model or decision metrics,0,0,0,False,
Rat_office_Craig,Office,False,validation_missing;validation_coverage,15957,719,744,238.30356708654512,59.468224929442655,0.24954819458428618,60.83,414.88,351.914,1.7409726806536947,354.05,1.4857100308172015,0.9001249636328518,0.733198803201146,13.30390066374062,0.05582753471293621,58.78339396759395,0.24667441904571025,0.0,0.0,0.007649253731343284,0.001388888888888889,0.0,0,5.4777329011406515,Train raw load only,Train/Validation/Test raw availability only; no model or decision metrics,0,0,0,False,
Rat_office_Jacinta,Office,False,validation_missing;validation_coverage,15980,719,744,221.29918773466832,44.35141989637514,0.20041383951915487,39.27,406.38,300.01249999999993,1.8363375128481652,367.11,1.6588854381162703,0.850808052003101,0.7774762144559856,14.475727809151493,0.06541247601192055,41.88151061857457,0.1892528890290793,0.0,0.0,0.006218905472636816,0.001388888888888889,0.0,0,5.404024167048353,Train raw load only,Train/Validation/Test raw availability only; no model or decision metrics,0,0,0,False,
Rat_office_Jamal,Office,False,validation_missing;validation_coverage,16077,719,744,972.9732636685949,514.4223560977861,0.5287117080259297,86.03,2939.15,1967.7459999999999,3.020792153031973,2853.12,2.932372457226947,0.7287380546077219,0.886298155620283,452.87106306020814,0.4654506757489493,375.2346115454746,0.38565767997637757,0.0,0.0,0.00018656716417910448,0.001388888888888889,0.0,0,6.881383853233532,Train raw load only,Train/Validation/Test raw availability only; no model or decision metrics,0,0,0,False,
Rat_office_Jeannie,Office,False,validation_missing;validation_coverage,16029,719,744,44.25796681015659,20.29047416112043,0.45845924753289946,7.0,129.71,80.83999999999993,2.930771776218002,122.71000000000001,2.772608161743204,0.7781041701273902,0.6617450174394268,10.130280626990213,0.2288916856583989,17.928800994394397,0.40509770978182363,6.238692370079231e-05,0.0,0.003171641791044776,0.001388888888888889,0.0,0,3.8123787167517302,Train raw load only,Train/Validation/Test raw availability only; no model or decision metrics,0,0,0,False,
Rat_office_Jessica,Office,False,train_missing;validation_missing;test_missing;validation_coverage;test_coverage,15881,695,736,704.522866318242,135.44841272021887,0.1922555238385053,333.91,1113.33,918.21,1.5802609868692246,779.4199999999998,1.1063090174392236,0.7105406211059473,0.8028033107261071,116.38718789556947,0.16520001473308588,110.21943000107149,0.15644549704549116,0.0,0.0,0.012375621890547264,0.034722222222222224,0.010752688172043012,0,6.558939182274703,Train raw load only,Train/Validation/Test raw availability only; no model or decision metrics,0,0,0,False,
Rat_office_Jill,Office,False,train_missing;validation_missing;validation_coverage,15837,671,744,669.687217907432,417.5491623083562,0.6234987784492435,45.99,2052.7,1441.5099999999998,3.065162280406158,2006.7099999999998,2.996488429733444,0.6860058339441644,0.891893726920215,426.96384868445784,0.6375571121374982,295.6058854512409,0.44140888096224834,0.0,0.0,0.015111940298507463,0.06805555555555555,0.0,0,6.508302885085162,Train raw load only,Train/Validation/Test raw availability only; no model or decision metrics,0,0,0,False,
Rat_office_Kasey,Office,False,validation_missing;validation_coverage,16005,719,744,86.65861730709153,42.09754190799589,0.48578598662398603,31.16,232.21,161.708,2.6795950271987268,201.05,2.320023169623634,0.6612084170061066,0.8470841705041923,36.83323533059031,0.4250383455815437,31.62355300155782,0.36492104287209726,0.0,0.0,0.0046641791044776115,0.001388888888888889,0.0,0,4.473449921504313,Train raw load only,Train/Validation/Test raw availability only; no model or decision metrics,0,0,0,False,
Rat_office_Lora,Office,False,causal_feature_protocol_incomplete,16052,720,744,430.2214963867431,222.41363069250193,0.5169747038687381,104.05,1270.83,803.6225,2.9538970290261846,1166.78,2.712044864794797,0.7156433486248707,0.8207492730676789,170.55913049225495,0.3964449287743925,154.22693592620874,0.35848263562257715,0.0,0.0,0.0017412935323383085,0.0,0.0,0,6.066621870826088,Train raw load only,Train/Validation/Test raw availability only; no model or decision metrics,14820,720,720,False,
Rat_office_Loyd,Office,False,validation_missing;validation_coverage,16053,719,744,55.914797857098364,18.959158286422188,0.339072285209296,22.64,119.59,92.66,2.1387898120572046,96.95,1.7338880531728906,0.7421652053870111,0.8569248903973395,15.843351393185344,0.2833480938923583,13.768880856040104,0.2462475298798232,0.0,0.0,0.0016791044776119403,0.001388888888888889,0.0,0,4.041555375107838,Train raw load only,Train/Validation/Test raw availability only; no model or decision metrics,0,0,0,False,
Rat_office_Mei,Office,False,train_missing;validation_missing;validation_coverage,15737,719,744,20.94766728093029,5.298888766128584,0.2529584175204285,8.43,46.11,31.05199999999999,2.2011997508656367,37.68,1.7987683064978786,0.8302514929562972,0.6562142841949092,0.3940190691607235,0.018809687201754383,4.417469555378105,0.21088121632519669,0.002160513439664485,0.0,0.021330845771144278,0.001388888888888889,0.0,0,3.0886608596563767,Train raw load only,Train/Validation/Test raw availability only; no model or decision metrics,0,0,0,False,
Rat_office_Olivia,Office,False,validation_missing;validation_coverage,16029,719,744,52.636353484309694,32.3034517118321,0.6137099090927983,14.16,151.27,114.40199999999997,2.873869293492983,137.11,2.604853697566093,0.708343937834718,0.89571251414234,29.43186771092801,0.559154762111348,21.767533984794202,0.4135456304221921,0.0,0.0,0.003171641791044776,0.001388888888888889,0.0,0,3.982227074825795,Train raw load only,Train/Validation/Test raw availability only; no model or decision metrics,0,0,0,False,
Rat_office_Ramiro,Office,False,train_missing;validation_missing;test_missing;validation_coverage;test_coverage,15885,695,736,35.00511677683349,13.237246344473828,0.3781517550381173,0.65,84.58,61.19799999999999,2.4162181928778863,83.92999999999999,2.3976494789340386,0.9347326005679547,0.8910446757700234,4.346945648783027,0.12418029274108439,13.006400869473628,0.37155713412963987,0.0,0.0,0.012126865671641791,0.034722222222222224,0.010752688172043012,0,3.5836610610460355,Train raw load only,Train/Validation/Test raw availability only; no model or decision metrics,0,0,0,False,
Rat_office_Randy,Office,False,validation_missing;validation_coverage,16005,719,744,105.07864729771946,40.19208513849081,0.3824952658994032,46.46,209.36,173.48,1.9924124014160562,162.9,1.5502673872309685,0.7419041613929316,0.8803128045328712,24.328008777644428,0.2315219067173167,31.80037444713263,0.30263402950965473,0.0,0.0,0.0046641791044776115,0.001388888888888889,0.0,0,4.664180774637917,Train raw load only,Train/Validation/Test raw availability only; no model or decision metrics,0,0,0,False,
Rat_office_Ronald,Office,False,validation_missing;validation_coverage,16047,719,744,53.61264473110239,19.25697119615725,0.3591871151431123,4.11,135.85,94.66399999999999,2.533917151100533,131.73999999999998,2.4572561316598027,0.7732496178362834,0.7149228519326298,10.482677975935289,0.19552622386960805,15.580148197104899,0.29060585007973616,0.0011217049915872126,0.0,0.002052238805970149,0.001388888888888889,0.0,0,4.000265444420116,Train raw load only,Train/Validation/Test raw availability only; no model or decision metrics,0,0,0,False,
Rat_office_Rosemary,Office,False,validation_missing;validation_coverage,16028,719,744,16.616280883453957,6.657200530600931,0.4006432352278055,3.97,42.25,29.21,2.542686916304563,38.28,2.3037646190802055,0.6747605237097274,0.7585387291530812,5.14696175810789,0.3097541377765885,5.168577853283687,0.31105503629457887,0.0,0.0,0.003233830845771144,0.001388888888888889,0.0,0,2.8688235246450984,Train raw load only,Train/Validation/Test raw availability only; no model or decision metrics,0,0,0,False,
Rat_office_Sammy,Office,False,test_missing;test_coverage,16053,720,739,53.44324612222014,22.641473150372143,0.4236545268712351,10.25,143.46,95.82799999999999,2.684342932162452,133.21,2.4925506900415466,0.7517045165527607,0.5753457704497034,7.60761086470589,0.14234934096832244,20.865859029954375,0.3904302328910923,0.0,0.0,0.0016791044776119403,0.0,0.006720430107526882,0,3.997158803526191,Train raw load only,Train/Validation/Test raw availability only; no model or decision metrics,0,0,0,False,
Rat_office_Tracy,Office,False,validation_missing;validation_coverage,16018,719,744,20.95261143713323,5.299082376523949,0.2529079676976522,4.05,41.2,30.57,1.9663420057980636,37.150000000000006,1.7730486775582057,0.8173280226223772,0.55782094513761,1.8023231442345065,0.08601902200316389,5.136024730927805,0.2451257565835204,0.0,0.0,0.003855721393034826,0.001388888888888889,0.0,0,3.0888861045235263,Train raw load only,Train/Validation/Test raw availability only; no model or decision metrics,0,0,0,False,
Robin_office_Adolph,Office,True,,16080,720,744,27.447565478855726,6.851064200577675,0.24960553262384613,6.0,52.5,41.312,1.9127379453905833,46.5,1.6941393230602309,0.7906658716391316,0.7525602221134935,3.3464837175114717,0.12192278838316063,5.2904052389966045,0.19274588280232272,0.0,0.0,0.0,0.0,0.0,0,3.3480625849901418,Train raw load only,Train/Validation/Test raw availability only; no model or decision metrics,15744,720,720,False,
Robin_office_Antonina,Office,True,,16080,720,744,418.91078366293533,90.2886736168193,0.21553198709123592,2.2455,686.7,565.0,1.6392511885120955,684.4545,1.6338908586099492,0.6653319479920219,0.7226446532829082,77.12492043517182,0.18410822409677616,66.67744617478702,0.1591686076728861,0.0,0.0,0.0,0.0,0.0,0,6.040042268862968,Train raw load only,Train/Validation/Test raw availability only; no model or decision metrics,15744,720,720,False,
Robin_office_Dina,Office,True,,16080,720,744,36.05746141169154,11.061570658796276,0.3067761907167871,6.5,83.5,56.0,2.315748162263174,77.0,2.1354803412486754,0.79804836295582,0.8150008871342495,8.117123650246256,0.22511633743617623,9.129335195087867,0.2531885173737634,0.0,0.0,0.0,0.0,0.0,0,3.6124697190963304,Train raw load only,Train/Validation/Test raw availability only; no model or decision metrics,15744,720,720,False,
Robin_office_Donald,Office,True,,16010,720,744,149.50310828232355,53.181543012416746,0.35572198881636663,0.0939,310.75,233.25,2.078552102162156,310.6561,2.077924021575211,0.8580015588237319,0.7991969321019805,28.167647799662916,0.18840844262897047,47.41397028241054,0.3171437090984985,0.0,0.0,0.004353233830845771,0.0,0.0,0,5.013983737014354,Train raw load only,Train/Validation/Test raw availability only; no model or decision metrics,15411,720,720,False,
Robin_office_Erma,Office,False,train_missing;validation_missing;test_missing;sufficient_train;validation_coverage;test_coverage,7464,0,0,16.054635691318328,9.991303644893408,0.6223313837196746,0.0353,48.1,37.0,2.996019400552979,48.0647,2.993820658664424,0.7465943331865685,0.8852541319294451,7.06650601977543,0.4401536201532557,7.067458880550827,0.4402129712835908,0.0,0.0,0.5358208955223881,1.0,1.0,0,2.836422054828528,Train raw load only,Train/Validation/Test raw availability only; no model or decision metrics,0,0,0,False,
Robin_office_Gayle,Office,True,,16080,720,744,59.07973064054726,21.883735359193874,0.3704102087455144,9.75,138.25,106.75,2.340058062233565,128.5,2.175026842654706,0.7484488959468251,0.8396294255621977,17.52297324572873,0.2965987328605466,14.678282644228824,0.24844870626669563,0.0,0.0,0.0,0.0,0.0,0,4.095672524099412,Train raw load only,Train/Validation/Test raw availability only; no model or decision metrics,15744,720,720,False,
Robin_office_Lindsay,Office,True,,16080,720,744,44.26264817164179,31.011365051623518,0.7006215473454633,3.9419,134.875,92.875,3.047151618154012,130.9331,2.958094587840008,0.9415835942766211,0.918067160531636,9.126532135852514,0.20619037750433794,29.496248299313805,0.6663914048913926,0.0,0.0,0.0,0.0,0.0,0,3.812482148693511,Train raw load only,Train/Validation/Test raw availability only; no model or decision metrics,15744,720,720,False,
Robin_office_Maryann,Office,True,,16080,720,744,232.59516800995024,55.321095358489,0.23784284012349907,1.3641,388.1,320.1,1.6685643271118917,386.7359,1.6626996309031483,0.545980365263315,0.714984647282663,54.419977281733026,0.2339686492515828,46.07449538169914,0.1980887899602803,0.021144278606965175,0.0,0.0,0.0,0.0,0,5.4535895658512255,Train raw load only,Train/Validation/Test raw availability only; no model or decision metrics,15744,720,720,False,
Robin_office_Sammie,Office,True,,16080,720,744,82.52038911691542,24.09283750417514,0.29196223820564216,23.5,162.2,127.5,1.9655748323022808,138.7,1.6807967277455385,0.7758142485825261,0.8636351402366542,18.448198292127927,0.22355927413272858,18.34296829769858,0.2222840742026815,0.0,0.0,0.0,0.0,0.0,0,4.425090783090375,Train raw load only,Train/Validation/Test raw availability only; no model or decision metrics,15744,720,720,False,
Robin_office_Saul,Office,True,,16076,720,744,15.543064649166459,6.765778745118884,0.43529245344043,0.0784,57.0,27.0,3.6672304520754078,56.9216,3.6621864017693952,0.9039720031986633,0.783243265395085,2.2159859484528823,0.14257072195680026,6.533043714043996,0.4203188921558239,0.0002488181139586962,0.0,0.0002487562189054726,0.0,0.0,0,2.805966959564197,Train raw load only,Train/Validation/Test raw availability only; no model or decision metrics,15564,720,720,False,
Robin_office_Serena,Office,True,,16080,720,744,51.222587425373135,22.633338441037967,0.4418624590960536,0.1628,183.4,89.8,3.5804516955961643,183.2372,3.5772734102306076,0.7669106327851926,0.8243001010649205,18.75462009067367,0.36613964724053666,15.593625400941669,0.3044286941509979,0.0005597014925373135,0.0,0.0,0.0,0.0,0,3.9555151105952584,Train raw load only,Train/Validation/Test raw availability only; no model or decision metrics,15744,720,720,False,
Robin_office_Shirlene,Office,True,,16080,720,744,31.516261853233832,9.15765896967645,0.29056932615683284,5.5,63.0,51.0,1.9989680341336444,57.5,1.8244549517886437,0.6440287712503606,0.7672856755944765,8.438930650987182,0.2677643271999048,7.115531074264029,0.2257733200529909,0.0,0.0,0.0,0.0,0.0,0,3.481740328909897,Train raw load only,Train/Validation/Test raw availability only; no model or decision metrics,15744,720,720,False,
Robin_office_Soledad,Office,False,test_missing;test_coverage,16077,720,742,13.013288113454003,4.837253316316502,0.37171645429992656,2.188,38.0,23.25,2.9200921142069447,35.812,2.7519562840520813,0.6440692275099515,0.6555253642227332,3.4351036019707575,0.2639689194631232,3.9260919997953905,0.30169869179614456,0.003980842196927287,0.0,0.00018656716417910448,0.0,0.002688172043010753,0,2.6400060304173087,Train raw load only,Train/Validation/Test raw availability only; no model or decision metrics,0,0,0,False,
Robin_office_Victor,Office,True,,16080,720,744,53.14506440298508,20.028656897682037,0.3768676757226219,8.031,117.2945,93.5,2.2070629007161715,109.2635,2.0559482094420574,0.7080360092268778,0.8706463181458358,18.60176715826215,0.3500187151380574,13.12037500946264,0.24687852309246028,0.0,0.0,0.0,0.0,0.0,0,3.991666822533603,Train raw load only,Train/Validation/Test raw availability only; no model or decision metrics,15744,720,720,False,
Robin_office_Wai,Office,True,,16036,720,744,166.03820109753053,106.59265956907842,0.6419767189989374,0.5885,497.7,348.7,2.9975029644392013,497.1115,2.993958599370741,0.8062992082033734,0.8553002647349176,66.14440850109598,0.39836861676333674,86.52937606220432,0.5211413728300822,0.0,0.0,0.002736318407960199,0.0,0.0,0,5.118222535344681,Train raw load only,Train/Validation/Test raw availability only; no model or decision metrics,15464,720,720,False,
Robin_office_Zelma,Office,True,,16080,720,744,111.49415911069651,32.895755650533886,0.29504465447264794,29.7,204.5,168.0,1.834176800212135,174.8,1.5677951328952628,0.8645508874379217,0.9197915930460017,20.628608873325632,0.18501963724256265,25.974784704495665,0.2329699144033788,0.0,0.0,0.0,0.0,0.0,0,4.722901301280605,Train raw load only,Train/Validation/Test raw availability only; no model or decision metrics,15744,720,720,False,
Shrew_office_Doris,Office,False,train_missing;validation_missing;test_missing;validation_coverage;test_coverage,9384,0,0,196.10035166240405,54.15545781675804,0.27616196175919766,71.3,375.9,302.0,1.9168757057974555,304.59999999999997,1.5532863527158949,0.6782893614720578,0.9294514623035494,63.160679750170715,0.32208345989559867,34.71767689883794,0.17704036022641126,0.0,0.0,0.4164179104477612,1.0,1.0,0,5.283712998339752,Train raw load only,Train/Validation/Test raw availability only; no model or decision metrics,0,0,0,False,
Shrew_office_Doug,Office,False,train_missing;validation_missing;test_missing;validation_coverage;test_coverage,9351,0,0,75.58379852422202,17.127170631792694,0.22659843731330892,0.1,123.6,109.3,1.6352710820744267,123.5,1.6339480472183794,0.7151671205207119,0.9041196877508674,18.1022890268219,0.23949959356727404,11.541801143882275,0.1527020521492251,0.0,0.0,0.4184701492537313,1.0,1.0,0,4.3383855468589925,Train raw load only,Train/Validation/Test raw availability only; no model or decision metrics,0,0,0,False,
Shrew_office_Ila,Office,False,train_missing;validation_missing;test_missing;validation_coverage;test_coverage,9384,0,0,148.7980072463768,40.24028417196326,0.27043563900243767,58.5,294.5,233.3,1.9791931723411638,236.0,1.586042745916858,0.7253540942099066,0.9206254492927521,42.43207725294418,0.2851656284797281,28.1759896941309,0.18935730535340875,0.0,0.0,0.4164179104477612,1.0,1.0,0,5.0092877682334676,Train raw load only,Train/Validation/Test raw availability only; no model or decision metrics,0,0,0,False,
Shrew_office_Katherine,Office,False,train_missing;validation_missing;test_missing;validation_coverage;test_coverage,9360,0,0,55.86619658119658,12.21528556137642,0.21865253603979612,10.2,107.9,76.6,1.9314004998206185,97.7,1.7488213978913292,0.6438376098722608,0.8343840890050829,14.074514763189448,0.25193257505427963,9.291711419183684,0.1663208163039881,0.0,0.0,0.417910447761194,1.0,1.0,0,4.040701079905066,Train raw load only,Train/Validation/Test raw availability only; no model or decision metrics,0,0,0,False,
Shrew_office_Kenneth,Office,False,train_missing;validation_missing;test_missing;validation_coverage;test_coverage,9360,0,0,28.577072649572653,13.22329585982373,0.4627239473397033,9.0,91.6,55.4,3.205366803074905,82.6,2.8904290167465843,0.8115137309896544,0.8127353266367122,8.64365311322371,0.30246810858539663,12.38868155099579,0.4335182159107907,0.000641025641025641,0.0,0.417910447761194,1.0,1.0,0,3.3869994885440526,Train raw load only,Train/Validation/Test raw availability only; no model or decision metrics,0,0,0,False,
Shrew_office_Lin,Office,False,train_missing;validation_missing;test_missing;validation_coverage;test_coverage,9382,0,0,375.8714666382435,91.3618480494149,0.24306672934379953,117.7,695.2,540.4,1.8495684341719227,577.5,1.536429474589018,0.7014214369003846,0.9306099771098828,101.00939762661568,0.2687338800415832,58.44484296396444,0.1554915660044356,0.0,0.0,0.4165422885572139,1.0,1.0,0,5.931904192016588,Train raw load only,Train/Validation/Test raw availability only; no model or decision metrics,0,0,0,False,
Shrew_office_Nora,Office,False,train_missing;validation_missing;test_missing;validation_coverage;test_coverage,9384,0,0,178.7024190110827,68.14550658464428,0.38133510985331465,38.1,393.1,289.1,2.1997463838227107,355.0,1.9865427785730407,0.8380562782209077,0.9383832239476275,56.725011067374965,0.31742721436723814,34.22164557757073,0.19150074054368782,0.0,0.0,0.4164179104477612,1.0,1.0,0,5.191302255085013,Train raw load only,Train/Validation/Test raw availability only; no model or decision metrics,0,0,0,False,
Shrew_office_Rose,Office,False,train_missing;validation_missing;test_missing;validation_coverage;test_coverage,10867,0,0,10.590430164718873,3.746965560303373,0.3538067389166187,0.0402,29.8,17.2,2.8138611497837163,29.759800000000002,2.8100652699776325,0.731807999969849,0.6676717688598409,2.3122842320476398,0.21833713985960837,2.7080853972126104,0.2557106137420526,0.00018404343425048312,0.0,0.32419154228855723,1.0,1.0,0,2.4501797718241587,Train raw load only,Train/Validation/Test raw availability only; no model or decision metrics,0,0,0,False,
Shrew_office_Sherill,Office,False,train_missing;validation_missing;test_missing;validation_coverage;test_coverage,9384,0,0,306.19062233589085,109.78031660052694,0.358535855092577,106.5,625.5,509.5,2.0428450591599994,519.0,1.6950225191111745,0.6673835907293499,0.8959525374379812,130.512679744837,0.4262464955627044,75.23848987968178,0.2457243442196124,0.0,0.0,0.4164179104477612,1.0,1.0,0,5.727468474557226,Train raw load only,Train/Validation/Test raw availability only; no model or decision metrics,0,0,0,False,
Wolf_office_Bobbie,Office,False,causal_feature_protocol_incomplete,16077,720,744,27.11286869440816,11.712955912804249,0.4320072525272829,5.0775,57.82,50.147999999999996,2.1325666660984854,52.7425,1.9452939707142747,0.534595873823237,0.594575794130674,7.326913217377591,0.27023747652673563,6.912449176643335,0.25495085948131263,0.0,0.0,0.00018656716417910448,0.0,0.0,0,3.3362274321628185,Train raw load only,Train/Validation/Test raw availability only; no model or decision metrics,15508,613,720,False,
Wolf_office_Cary,Office,False,causal_feature_protocol_incomplete,16062,720,744,245.62318624081684,79.66273515078137,0.324329052032887,34.3775,428.86,389.35225,1.7460078039193414,394.4825,1.606047482883952,0.6163491467998079,0.6764689670562445,46.87081908271878,0.19082408220519187,44.644458910752576,0.18175995350447788,0.0,0.0,0.001119402985074627,0.0,0.0,0,5.5078616099956825,Train raw load only,Train/Validation/Test raw availability only; no model or decision metrics,14285,613,720,False,
Wolf_office_Darleen,Office,False,causal_feature_protocol_incomplete,16079,720,744,43.54356614217302,19.00896386583912,0.43655046083670374,15.0,92.0,79.0,2.1128264896727353,77.0,1.7683439098347895,0.579570381992595,0.6495256581338567,11.754588611139617,0.26995006731327426,10.70013940839169,0.2457341085352295,0.0,0.0,6.218905472636816e-05,0.0,0.0,0,3.796467724680977,Train raw load only,Train/Validation/Test raw availability only; no model or decision metrics,15680,613,720,False,
Wolf_office_Elisabeth,Office,False,causal_feature_protocol_incomplete,16078,720,744,135.8504164075134,14.36897787173819,0.1057705839386996,30.0875,180.595,163.26399999999998,1.3293665545953524,150.5075,1.1078913409328053,0.6473616938009149,0.5456510517686675,6.024579048321414,0.04434715187216913,11.023428619201125,0.08114387066826435,0.00018659037193680805,0.0,0.0001243781094527363,0.0,0.0,0,4.918888478284495,Train raw load only,Train/Validation/Test raw availability only; no model or decision metrics,15509,613,720,False,
Wolf_office_Emanuel,Office,False,causal_feature_protocol_incomplete,16077,720,744,15.041151489705792,6.205640951653845,0.4125775181442062,2.7125,45.545,27.278999999999993,3.0280261475440318,42.8325,2.847687560976611,0.40137880858208047,0.365867972012407,3.9677093574105147,0.2637902663320708,4.752574420143031,0.3159714482894283,0.00012440131865397772,0.0,0.00018656716417910448,0.0,0.0,0,2.775157388496712,Train raw load only,Train/Validation/Test raw availability only; no model or decision metrics,15338,613,720,False,
Wolf_office_Haydee,Office,False,causal_feature_protocol_incomplete,16078,720,744,8.564041858440103,5.8433354939416775,0.68231047798802,1.005,36.3475,21.278999999999996,4.244199246198046,35.342499999999994,4.126848114966763,0.5478875863167472,0.454062350512567,2.999772940027113,0.35027537109370305,4.101718414974561,0.4789465631735795,0.0032964299042169422,0.0,0.0001243781094527363,0.0,0.0,0,2.258010426253178,Train raw load only,Train/Validation/Test raw availability only; no model or decision metrics,15509,613,720,False,
Wolf_office_Joana,Office,False,causal_feature_protocol_incomplete,16075,720,744,14.84151135303266,5.068054475671913,0.34147832758530516,3.625,30.58,23.620749999999997,2.0604370587737613,26.955,1.8161896965090494,0.4027612277707703,0.33415512577827494,3.2903006170793496,0.22169579221505778,4.467405679324979,0.3010074629907638,0.0,0.0,0.0003109452736318408,0.0,0.0,0,2.762633795536239,Train raw load only,Train/Validation/Test raw availability only; no model or decision metrics,15169,613,720,False,
Wolf_office_Nadia,Office,False,causal_feature_protocol_incomplete,16077,720,744,74.29155112894198,22.55028672478741,0.30353770223007803,28.155,162.755,117.04349999999995,2.190760557920227,134.6,1.8117807200765725,0.5727522652228693,0.6397646614903598,13.91048493438852,0.18724181583239782,13.242541266707496,0.17825097289627811,0.0,0.0,0.00018656716417910448,0.0,0.0,0,4.321367925707747,Train raw load only,Train/Validation/Test raw availability only; no model or decision metrics,15338,613,720,False,
Wolf_office_Rochelle,Office,False,test_missing;test_coverage,16077,720,729,16.106961497791875,8.86166769846406,0.5501762514102314,2.1675,43.3925,33.37799999999999,2.6940214643183156,41.225,2.559452321634443,0.5467671966238021,0.5738249367693073,5.523625408361372,0.34293404185007914,5.765662451203966,0.35796090106718065,0.0,0.0,0.00018656716417910448,0.0,0.020161290322580645,0,2.8394854857978307,Train raw load only,Train/Validation/Test raw availability only; no model or decision metrics,0,0,0,False,
