building,non_null_count,missing_count,missing_rate,mean,std,min,max,zero_ratio,negative_count,obvious_extreme,train_non_null,validation_non_null,test_non_null,screening_score,selected,selection_score,train_daily_autocorrelation,train_weekly_autocorrelation,train_robust_extreme_rate,train_cv
Hog_office_Rolando,17543,1,5.699954400364797e-05,309.8665564612666,164.71748888141948,51.0,853.0,0.0,0,False,16079,720,744,88.98339674200923,True,99.68028958884172,0.9907783567975552,0.9731213474763276,0.0,0.5610047762164591
Robin_education_Lashandra,17544,0,0.0,167.11157385430917,146.02982933034252,0.0203,591.0,0.0,0,False,16080,720,744,91.5538471975161,False,99.5092730566316,0.9878178516862477,0.9548733214071338,0.0,0.8726523711988845
Hog_office_Gustavo,17544,0,0.0,531.2696134290926,357.83896902252974,19.3355,1205.446,0.0,0,False,16080,720,744,90.0516577644002,False,99.43936130925002,0.9722018688537066,0.9715783931438255,0.0,0.712270329625076
Robin_education_Karyl,17544,0,0.0,62.12904809621522,46.79212443178761,0.0069999999999999,195.375,0.0,0,False,16080,720,744,90.64858055920844,False,99.10561057726643,0.9604696474791036,0.9466319978370187,0.0,0.7999782470215794
Robin_lodging_Janie,17544,0,0.0,118.7833542122663,61.41458717263872,9.1037,304.738,0.0,0,False,16080,720,744,88.87772686542998,False,98.93144586314133,0.9706699883723866,0.9064094677981998,0.0,0.5366402399510812
Hog_industrial_Mariah,17544,0,0.0,16.56157147742818,5.998823498017927,0.4970000000000001,36.976,0.0,0,False,16080,720,744,87.71660067382211,False,98.76152365160596,0.9505252406697299,0.9173277524312453,0.0,0.36503864961772314
Robin_office_Lindsay,17544,0,0.0,45.64076044231646,30.287560461696096,3.9419,134.875,0.0,0,False,16080,720,744,89.97705781545457,False,98.65529863244504,0.9415835942766211,0.918067160531636,0.0,0.7006215473454633
Hog_office_Eloise,17543,1,5.699954400364797e-05,324.82424357293513,48.97375494747352,99.29,506.047,0.0,0,False,16079,720,744,86.12735511380612,False,98.56137425458391,0.9117199684170961,0.9556966168760515,0.0,0.15180124836269654
Hog_office_Lizzie,17544,0,0.0,89.46052884176926,35.0685059813087,18.4435,166.928,0.0,0,False,16080,720,744,87.93999821222847,False,98.44616210089896,0.9289825688185508,0.911183998755609,0.0,0.400871314456353
Hog_parking_Jean,17544,0,0.0,56.59775108299133,43.8804624532475,8.769,192.692,0.0,0,False,16080,720,744,90.81477995330204,False,98.33265940376228,0.9631490096815948,0.8391062376989783,0.0,0.8043677989285698
Robin_lodging_Armand,17544,0,0.0,38.25760122549019,8.61896258255353,16.0,74.0,0.0,0,False,16080,720,744,86.68965688643547,False,98.22818174546836,0.9383123774834238,0.8665702702567416,0.0,0.21995523193415698
Hog_education_Jordan,17544,0,0.0,106.70183088235295,35.75608518471209,31.125,219.761,0.0,0,False,16080,720,744,87.51327120320006,False,98.11432582947741,0.9156134347042569,0.889221052756559,0.0,0.3381207821534265
Hog_lodging_Ora,17544,0,0.0,220.7604919630643,62.692146811392384,15.76,431.72,0.0,0,False,16080,720,744,87.12986978287813,False,98.07684755831042,0.9460147620377359,0.8335550710451618,0.0,0.2900409561003787
Hog_food_Morgan,17544,0,0.0,63.40516797765618,28.227316826637782,18.393,145.25799999999995,0.0,0,False,16080,720,744,88.338921462591,False,98.0098628421826,0.9398292099258062,0.834933029081336,0.0,0.4483526911433116
Robin_education_Zenia,17544,0,0.0,200.96859951550388,52.75425004270622,52.25,466.2,0.0,0,False,16080,720,744,86.96874972644557,False,98.00759230060503,0.8843128163530808,0.9271576128255349,0.0,0.2690634925576233
Hog_lodging_Hal,17544,0,0.0,147.87078345873232,56.73462159944864,33.4,420.935,0.0,0,False,16080,720,744,87.87757765288784,False,97.95986605015463,0.9329920468190256,0.8396620619889082,0.0,0.39718196427891156
Lamb_assembly_Dorothy,17544,0,0.0,38.857260049019615,29.596893996978544,0.0056,134.38,0.0,0,False,16080,720,744,90.71261856078655,False,97.86324000152923,0.9262715525324794,0.837979412649766,0.0,0.7826887442882965
Hog_lodging_Brian,17543,1,5.699954400364797e-05,105.5064128142279,29.219988555895366,45.0,226.0,0.0,0,False,16079,720,744,87.07370414070715,False,97.83782575648705,0.9330695263308383,0.8236408872735651,0.0,0.2779700488891264
Hog_other_Noma,17544,0,0.0,26.032937528499772,5.564395558313538,7.537000000000001,49.107,0.0,0,False,16080,720,744,86.60308327255285,False,97.81292268268982,0.9345092196208782,0.8175409916571792,0.0,0.2213452906316995
Hog_lodging_Francisco,17544,0,0.0,161.1916985864113,52.36947848782911,58.786,325.005,0.0,0,False,16080,720,744,87.43667069770447,False,97.76885437802135,0.9276005916109175,0.823179597717984,0.0,0.32797495843017727
Hog_education_Donnie,17544,0,0.0,84.50846089831282,71.48139914271067,6.864,311.129,0.0,0,False,16080,720,744,91.34386767752663,False,97.74051459720135,0.9082912600140155,0.8515831796034884,0.0,0.8299840407133631
Robin_office_Zelma,17544,0,0.0,109.9579388109895,33.436421317928094,29.7,204.5,0.0,0,False,16080,720,744,87.28062805283685,False,97.70532304081904,0.8645508874379217,0.9197915930460017,0.0,0.29504465447264794
Hog_office_Sydney,17544,0,0.0,125.88804183766528,25.442871244612103,47.4205,208.18,0.0,0,False,16080,720,744,86.51580349927643,False,97.68832297992628,0.870311683812121,0.9079235909699699,0.0,0.20228141839558292
Robin_lodging_Celia,17544,0,0.0,51.24684803351573,18.26668364127082,0.3862,126.0,0.0,0,False,16080,720,744,87.6733376308321,False,97.68219384413949,0.9273618023906025,0.8120228419009279,0.0,0.35728901963584986
Fox_lodging_Helen,17543,1,5.699954400364797e-05,354.0070529555948,83.9675343869468,39.73,656.25,0.0,0,False,16079,720,744,86.77551777067389,False,97.6697686873337,0.9303560177148326,0.8057557924131308,0.0,0.22923725686795365
Lamb_assembly_Cherie,17544,0,0.0,55.084921882124945,44.69794738403218,0.0045,146.6,0.0,0,False,16080,720,744,91.08577799379661,False,97.61209367715284,0.8893102771371709,0.8660953617250949,0.0,0.8492277095635397
Hog_public_Gerard,17544,0,0.0,56.27482489740081,20.745113808431277,16.643,106.434,0.0,0,False,16080,720,744,87.76479498331449,False,97.47803657137253,0.8380434961049764,0.9336657160080424,0.0,0.370740657077997
Hog_industrial_Jeremy,17544,0,0.0,44.25118986548108,26.069100293472417,6.4005,99.703,0.0,0,False,16080,720,744,89.41837276682045,False,97.47532332729119,0.8888928756586164,0.848554984207799,0.0,0.5918200929714917
Robin_lodging_Dorthy,17544,0,0.0,31.057227496580026,10.344449712820577,0.2262,67.5,0.0,0,False,16080,720,744,87.49807787429505,False,97.45605504999506,0.8919703656030881,0.8408567306608604,0.0,0.33551774930920397
Hog_public_Crystal,17544,0,0.0,300.13170411536703,120.25997873899082,78.085,697.105,0.0,0,False,16080,720,744,88.0051801531628,False,97.40154717291458,0.8849818016761835,0.8452366202616374,0.0,0.3970588479308061
Hog_other_Tobias,17544,0,0.0,37.50004822161423,12.499028258519674,8.833,76.7,0.0,0,False,16080,720,744,87.4998024371837,False,97.35346449965448,0.9051068061202399,0.8052839230868646,0.0,0.3399543906489186
Robin_lodging_Donna,17544,0,0.0,21.252041717966257,5.242068622006566,5.0,44.625,0.0,0,False,16080,720,744,86.84996412047377,False,97.1396144849236,0.892335016681855,0.7980569035200554,0.0,0.2451892744846991
Robin_public_Cami,17544,0,0.0,70.43631644436843,21.045483495403754,12.6071,126.5,0.0,0,False,16080,720,744,87.24090546160507,False,97.05296399941533,0.8451891177029692,0.8650800037504285,0.0,0.28398422253022865
Robin_education_Leslie,17544,0,0.0,886.1533666666667,148.4953376552228,197.0,1544.5,0.0,0,False,16080,720,744,86.25679715758852,False,96.89124603546665,0.8448270678992594,0.8441210248967876,0.0,0.16686018658961158
Hog_office_Shawnna,17544,0,0.0,414.03402610579116,157.1576933934732,146.745,988.348,0.0,0,False,16080,720,744,87.84682568613306,False,96.82068559914708,0.8112280989429029,0.890711248314772,0.0,0.37616549345670763
Hog_office_Shawna,17544,0,0.0,142.32528283173735,73.41661088680868,30.7375,314.391,0.0,0,False,16080,720,744,88.8687756011842,False,96.76304481420618,0.7830311720673079,0.9300206884486433,0.0,0.5151856357591993
Hog_office_Merilyn,17544,0,0.0,30.202680118559055,8.69945980606664,9.091,59.502,0.0,0,False,16080,720,744,87.16027015779329,False,96.67847352648076,0.8660499558794121,0.780379877065081,0.0,0.29599825963702336
Hog_lodging_Shonda,17543,1,5.699954400364797e-05,108.51718634213077,22.47299083621615,44.0,212.0,0.0,0,False,16079,720,744,86.54976654972526,False,96.66505667118967,0.8796669146252045,0.756276028743305,0.0,0.20639787334184018
Hog_office_Bill,17544,0,0.0,290.8509905950753,95.2764463922373,85.275,595.904,0.0,0,False,16080,720,744,87.45683656252908,False,96.61565233319028,0.8474263135093264,0.8030431219098266,0.0,0.3169918894517688
Robin_lodging_Oliva,17544,0,0.0,54.809952251481995,18.375659858907976,0.2938,131.4,0.0,0,False,16080,720,744,87.51446029928047,False,96.60941257597565,0.8874412952442364,0.7355195180563602,0.0,0.3316533121252675
Robin_assembly_Colleen,17544,0,0.0,47.350963953488375,16.213636501693873,7.25,137.75,0.0,0,False,16080,720,744,87.56810555920575,False,96.52208434774872,0.836618450381482,0.8085804957306939,0.0,0.34028657162211473
Hog_education_Rachael,17544,0,0.0,74.8798671340629,24.38884687605654,21.177,170.82299999999995,0.0,0,False,16080,720,744,87.44279749111915,False,96.4752157191315,0.8498863641464182,0.7802181556401689,0.0,0.3128554667166882
Hog_office_Richelle,17543,1,5.699954400364797e-05,85.39249957247904,27.249781793115424,32.303000000000004,153.733,0.0,0,False,16079,720,744,87.38992094689685,False,96.37507653002005,0.7383224625167557,0.9531860967681048,0.0,0.320166351898009
Hog_office_Napoleon,17544,0,0.0,129.08105129958957,33.618755551407986,45.7965,258.60200000000003,0.0,0,False,16080,720,744,86.95335151129468,False,96.34355431124638,0.7768557849596888,0.8843809332333685,0.0,0.26158309267409724
Hog_office_Mari,17543,1,5.699954400364797e-05,53.9330340876703,33.870045658171996,12.9985,244.246,0.0,0,False,16079,720,744,89.7065939684142,False,96.32668866537078,0.8205186718438016,0.8097406992697925,0.0,0.6341019871928161
Hog_industrial_Joanne,17544,0,0.0,150.33738674190607,76.32497882711728,19.5775,340.9190000000001,0.0,0,False,16080,720,744,88.80768452617923,False,96.32461229109656,0.8276587076723063,0.7971837926923652,0.0,0.5125807261534521
Hog_education_Casandra,17544,0,0.0,1079.2975564295484,401.17011602515356,320.362,2261.611,0.0,0,False,16080,720,744,87.78771674434441,False,96.3169041199143,0.8618332591207714,0.7391984507872863,0.0,0.3684967933763461
Hog_public_Kevin,17544,0,0.0,548.6542378134975,364.99402426068315,71.4015,2402.693,0.0,0,False,16080,720,744,89.9893995038924,False,96.315969120484,0.83489189512183,0.7839760575281509,0.0,0.6572164266387374
Moose_education_Ricardo,17544,0,0.0,308.8911676470588,57.7510862547035,202.0807,462.2393,0.0,0,False,16080,720,744,86.4022192677428,False,96.23726924163168,0.7450991416142267,0.9231373295271786,0.0,0.1876145951856652
Hog_office_Cordelia,17543,1,5.699954400364797e-05,26.024256398563526,15.31848698334232,5.4979999999999976,85.895,0.0,0,False,16079,720,744,89.41125572896442,False,96.18356196107248,0.747366034435908,0.9125782010431748,0.0,0.5899795761988044
Robin_office_Sammie,17544,0,0.0,82.35071574327407,24.106061319481807,23.5,162.2,0.0,0,False,16080,720,744,87.19543276903309,False,96.17494165905649,0.7758142485825261,0.8636351402366542,0.0,0.29196223820564216
Robin_education_Takako,17544,0,0.0,159.66869597013226,61.286069401440116,1.1959,316.9,0.0,0,False,16080,720,744,87.87874537784653,False,96.15123188324428,0.8579154708297665,0.7236384663829594,0.0,0.29905300898112147
Robin_lodging_Renea,17544,0,0.0,89.8754104138167,26.081644733047355,0.6276,190.9,0.0,0,False,16080,720,744,87.1764833628819,False,96.14482688848743,0.8228057806275654,0.7813006174190478,0.0,0.2909187451614417
Robin_office_Dina,17544,0,0.0,35.62368822389421,11.019016957540583,6.5,83.5,0.0,0,False,16080,720,744,87.31987846575984,False,96.08811119045463,0.79804836295582,0.8150008871342495,0.0,0.3067761907167871
Hog_office_Bessie,17544,0,0.0,77.86268809849521,29.003081954522802,25.0,187.0,0.0,0,False,16080,720,744,87.79367589240891,False,96.08102499294398,0.7503890787560109,0.8934882011325118,0.0,0.37211506207987044
Robin_education_Mercedes,17544,0,0.0,255.1101210100319,63.05598551561323,47.164,606.938,0.0,0,False,16080,720,744,86.85378725663534,False,96.06531221756707,0.8361566200625419,0.7484472622380394,0.0,0.24711758442844256
Hog_office_Miriam,17544,0,0.0,23.04798643410853,7.241345590844542,6.9685,44.405,0.0,0,False,16080,720,744,87.35639204694085,False,96.00367948292256,0.7664142655327958,0.856466821835015,0.0,0.3159446650450876
Bear_education_Bob,17542,2,0.00011399908800729594,128.5693519724091,49.56201536228872,68.559,268.901,0.0,0,False,16078,720,744,87.88432431365536,False,96.00261105159507,0.7363502855974288,0.9071909914703421,0.0,0.38725278159195897
Hog_office_Denita,17544,0,0.0,58.05866860465116,29.45380755429924,12.008,141.458,0.0,0,False,16080,720,744,88.80483331716545,False,95.97610560069485,0.7159954652141916,0.9368216380689943,0.0,0.5053160198862094
Hog_office_Guadalupe,17543,1,5.699954400364797e-05,47.161317904577324,21.879553705170935,17.0,139.0,0.0,0,False,16079,720,744,88.47605558232206,False,95.95084448182583,0.7478736493849539,0.8807031788952102,0.0,0.47025517474913936
Robin_education_Billi,17544,0,0.0,37.91975030779754,22.336154785770624,0.0053,106.2,0.0,0,False,16080,720,744,89.41778122306971,False,95.93345270247897,0.7424054841840697,0.8871178866904124,0.0,0.5890246912506918
Robin_education_Derrick,17544,0,0.0,403.12179985180114,66.75923565477652,87.25,682.25,0.0,0,False,16080,720,744,86.2420421510196,False,95.85202079310591,0.7607126225135141,0.845748401558265,0.0,0.1656491023541626
Hog_office_Valda,17544,0,0.0,29.01984558823529,15.336542973564764,5.852,99.207,0.0,0,False,16080,720,744,88.963634883997,False,95.8181254682057,0.7272521335485511,0.8969965065131749,0.0,0.5304239862960766
Hog_public_Octavia,17544,0,0.0,195.50860556315547,43.67474078271687,72.1815,338.19199999999995,0.0,0,False,16080,720,744,86.67542781519438,False,95.81431306035999,0.7919090430189463,0.7887266696830891,0.0,0.22570819237631543
Robin_public_Carolina,17544,0,0.0,140.3392472241222,37.796947925022394,22.641,268.874,0.0,0,False,16080,720,744,87.01994178424624,False,95.79447208983963,0.7543071016596812,0.8487511092124826,0.0,0.2639442808077741
Robin_office_Serena,17544,0,0.0,51.62377484040128,22.592948153475273,0.1628,183.4,0.0,0,False,16080,720,744,88.2823463932059,False,95.76863366780181,0.7669106327851926,0.8243001010649205,0.0,0.4418624590960536
Hog_office_Leon,17543,1,5.699954400364797e-05,6.625976172832469,3.2230360603969626,1.75,22.1,0.0,0,False,16079,720,744,88.64476254755799,False,95.72254208671343,0.7659661858452412,0.8201086321130787,0.0,0.4936330804483359
Robin_education_Kiera,17544,0,0.0,77.96341674076608,29.88862832812293,11.406,176.5,0.0,0,False,16080,720,744,87.87525511107711,False,95.70032281974053,0.7361090534775366,0.8665279535028431,0.0,0.3794419018521373
Hog_parking_Shannon,17544,0,0.0,111.7790211468308,46.09454515600895,43.4455,381.767,0.0,0,False,16080,720,744,88.09279044603504,False,95.66795598652953,0.8421382661214984,0.6854970213347725,0.0,0.42553883445273344
Robin_education_Cecilia,17544,0,0.0,52.30192554149567,15.655597572065373,7.5,127.5,0.0,0,False,16080,720,744,87.2449839193269,False,95.6656297334687,0.7915788163560733,0.76945260386904,0.0,0.28563550585599357
Robin_education_Audrea,17544,0,0.0,286.84388012425904,50.74333212840349,71.0,588.0,0.0,0,False,16080,720,744,86.32676698836372,False,95.65888757776159,0.8730275383916754,0.6328057797154203,0.0,0.152720318807912
Robin_office_Gayle,17544,0,0.0,59.11175215458276,22.154627650190594,9.75,138.25,0.0,0,False,16080,720,744,87.81094200933016,False,95.65283189105179,0.7484488959468251,0.8396294255621977,0.0,0.3704102087455144
Lamb_education_Mae,17544,0,0.0,51.45902160282717,45.494397144995965,0.0003,216.3,0.0,0,False,16080,720,744,91.63067364982166,False,95.65280626786961,0.8034310416236473,0.7479890996765347,0.0,0.8795367492076149
Robin_lodging_Elmer,17544,0,0.0,93.68329908230734,29.96741103096517,0.7172,197.2,0.0,0,False,16080,720,744,87.39909978548872,False,95.6048464489829,0.7752994859553048,0.7884803832722135,0.0,0.32087488866894487
Hog_office_Shon,17544,0,0.0,78.0366639876881,24.9787070114337,26.8365,166.485,0.0,0,False,16080,720,744,87.40067031331978,False,95.58702597424572,0.7067391157344856,0.9003716036752868,0.0,0.3197866006473673
Hog_office_Josefina,17543,1,5.699954400364797e-05,181.48976167132187,34.724318966668214,61.3885,291.389,0.0,0,False,16079,720,744,86.43155018684268,False,95.55575517999165,0.7400018643486187,0.8411442470445453,0.0,0.19223995721381826
Lamb_education_Sara,17544,0,0.0,31.378362990196084,39.05788505883836,0.0004,220.4,0.0,0,False,16080,720,744,94.33554558065418,False,95.53432835581395,0.779531060381301,0.7720253468063593,0.0,1.2408209515304327
Robin_office_Adolph,17544,0,0.0,27.08095918262654,6.918027163987664,6.0,52.5,0.0,0,False,16080,720,744,86.9159293206717,False,95.52752506134034,0.7906658716391316,0.7525602221134935,0.0,0.24960553262384613
Bear_education_Darrell,17542,2,0.00011399908800729594,39.2829802132026,26.062970977178523,12.058,101.4032,0.0,0,False,16078,720,744,89.96916445326423,False,95.47440835742962,0.7057795148292377,0.887715250195269,0.0,0.6615292001630817
Hog_office_Sherrie,17544,0,0.0,41.34143570451436,21.53019477633119,12.267,141.118,0.0,0,False,16080,720,744,88.905922909321,False,95.46401789176537,0.7034928684510471,0.8893809381503054,0.0,0.5165037678794716
Hog_services_Adrianna,17544,0,0.0,249.3860986092111,93.12420339434874,108.663,716.665,0.0,0,False,16080,720,744,87.80060327882214,False,95.42926415963906,0.9097879662893082,0.5409219441363616,0.0,0.3167535424034882
Hog_office_Myles,17544,0,0.0,52.49824720702233,23.951114658931612,19.541,130.52100000000002,0.0,0,False,16080,720,744,88.4217020471868,False,95.42667785267693,0.6846332114907288,0.9158350278723774,0.0,0.4589472451411094
Robin_office_Victor,17544,0,0.0,53.40215025649795,20.07202602413289,8.031,117.2945,0.0,0,False,16080,720,744,87.81899126641775,False,95.38029750142974,0.7080360092268778,0.8706463181458358,0.0,0.3768676757226219
Hog_office_Betsy,17544,0,0.0,654.0905870953034,482.4532944056373,86.461,2522.584,0.0,0,False,16080,720,744,90.53195502187386,False,95.30045288123225,0.8293891218204987,0.6577451811301345,0.0,0.7153297044625427
Hog_office_Vera,17543,1,5.699954400364797e-05,112.99372969275494,50.540108992892044,31.0,374.0,0.0,0,False,16079,720,744,88.35119818606098,False,95.26602990830787,0.673977455236206,0.9125548926740646,0.0,0.451031920851001
Lamb_assembly_Elinor,17544,0,0.0,22.4010684621523,24.23990227842451,0.0046,138.6,0.0,0,False,16080,720,744,93.11565159917896,False,95.26551817830628,0.8423178880521793,0.631539277020538,0.0,1.1290339332210633
Lamb_office_Bertha,17544,0,0.0,49.27242733698131,57.77052956051673,0.0098,341.1,0.0,0,False,16080,720,744,93.7935381941023,False,95.23291451345457,0.8129827808094666,0.6760839671114992,0.0,1.266938182636999
Hog_office_Mary,17544,0,0.0,32.03810607615139,14.514282577440024,9.154,78.47,0.0,0,False,16080,720,744,88.3977389010467,False,95.22432298313531,0.6687296498442133,0.9153603146776869,0.0,0.4526629263118973
Lamb_assembly_Librada,17544,0,0.0,31.27599811331509,39.792674276548766,0.0025,273.2,0.0,0,False,16080,720,744,94.54230320621036,False,95.19888802407591,0.7210588204592058,0.8247537024447791,0.0,1.3195133707344802
Lamb_health_Ken,17544,0,0.0,16.415813360693114,11.395062921824158,0.0031,50.0,0.0,0,False,16080,720,744,90.20613691419751,False,95.19602323307183,0.7540210487609935,0.7694346831412558,0.0,0.7186394799345556
Robin_education_Julius,17544,0,0.0,345.7457023540812,111.24575288407082,1.9448,719.4,0.0,0,False,16080,720,744,87.41316997131051,False,95.11394808263957,0.712766313083597,0.8272492225459481,0.0,0.3249478644209061
Hog_assembly_Colette,17544,0,0.0,360.41616398768815,174.57837860454026,81.645,1286.352,0.0,0,False,16080,720,744,88.63284993949046,False,95.08248490742126,0.8116857230807728,0.658188449188214,0.0,0.48564288259214367
Lamb_industrial_Carla,17544,0,0.0,127.83204757181942,106.0940879573727,0.0022,386.3,0.0,0,False,16080,720,744,91.22461796392056,False,95.06903387580377,0.7260538068594712,0.799114838674716,0.0,0.8456415244888862
Hog_industrial_Quentin,17544,0,0.0,109.84116638166894,73.79865621051675,22.84,320.259,0.0,0,False,16080,720,744,90.03900258720529,False,94.99607160558799,0.7068874121555287,0.8213305271525161,0.0,0.6730611715953531
Hog_assembly_Jasmine,17544,0,0.0,85.04352986776107,25.428146211570937,23.2395,157.718,0.0,0,False,16080,720,744,87.24251153360319,False,94.97548775164157,0.7046374883618861,0.8223358862823985,0.0,0.2989127017988003
Hog_lodging_Nikki,17544,0,0.0,58.80858920428636,17.461658361292905,19.2515,131.192,0.0,0,False,16080,720,744,87.22692704385011,False,94.94286235082612,0.8177915874184278,0.629395667746102,0.0,0.3000722299707708
Hog_office_Mike,17544,0,0.0,65.23519602143183,18.850536512003526,25.274,163.83700000000005,0.0,0,False,16080,720,744,87.16722003554,False,94.89983859013961,0.6863231169576711,0.8427732837558295,0.0,0.2911987368888947
Hog_office_Migdalia,17543,1,5.699954400364797e-05,33.78594618936329,13.153003397456164,5.982,94.126,0.0,0,False,16079,720,744,87.91635989464609,False,94.83989883992052,0.6884717089739744,0.8315803273261358,0.0,0.38736792139424336
Hog_education_Madge,17544,0,0.0,89.80351493388054,24.934563325782083,28.3635,158.113,0.0,0,False,16080,720,744,87.08242656293638,False,94.66781014489624,0.6866841040656646,0.8112345125433915,0.0,0.28495486066286985
Hog_assembly_Dona,17544,0,0.0,293.6240260487916,90.95230253451516,86.806,645.649,0.0,0,False,16080,720,744,87.32318273878417,False,94.64823494679989,0.7500686990675445,0.7029834944607439,0.0,0.31027189556751866
Hog_warehouse_Louise,17543,1,5.699954400364797e-05,11.849797640084365,8.816907423327155,2.0,44.0,0.0,0,False,16079,720,744,90.57699647694254,False,94.60394365224185,0.6494922552002813,0.8650853919251352,0.0,0.7345520510936879
Lamb_assembly_Katelyn,17544,0,0.0,28.10528883378933,25.252793979937174,0.0025,140.12,0.0,0,False,16080,720,744,91.73880122597528,False,94.56033240941107,0.7671625769679694,0.6627733596415282,0.0,0.9054814630638842
Hog_lodging_Shanti,17544,0,0.0,265.7101042863657,75.52724985020211,4.79,668.76,0.0,0,False,16080,720,744,87.13185108408985,False,94.5497075512753,0.7919029414134874,0.6201227711475621,0.0,0.2917560880632701
Hog_parking_Antoinette,17543,1,5.699954400364797e-05,18.794504930741606,5.330611475357191,6.0,41.0,0.0,0,False,16079,720,744,87.12377551415261,False,94.51055879257875,0.7428790809113816,0.6969893677848878,0.0,0.2837258816757856
Lamb_education_Armando,17544,0,0.0,40.68228753419972,41.88210903841819,0.0006,192.5,0.0,0,False,16080,720,744,92.72119359129138,False,94.41871729686383,0.7297753518606782,0.7062033864807143,0.0,1.0240990638964085
Hog_education_Jewel,17544,0,0.0,65.33117675558596,19.65954070364027,13.478,132.187,0.0,0,False,16080,720,744,87.25690952772706,False,94.27829083118527,0.7107583964682855,0.7191747833775619,0.0,0.3043411600327983
Robin_education_Terrance,17544,0,0.0,263.8850661650706,53.37493974944711,1.3090000000000002,498.5,0.0,0,False,16080,720,744,86.51699394716957,False,94.21253346911932,0.7327679769605795,0.6737245009482785,0.0,0.20585836403299484
Robin_education_Derick,17544,0,0.0,528.6653270747834,142.05430169827136,3.1241,961.5,0.0,0,False,16080,720,744,87.01527735634217,False,94.16079054728073,0.7117084673122516,0.7019246274503441,0.0,0.27458197542388896
Hog_office_Almeda,17544,0,0.0,61.407399110807106,23.97249576172476,3.841,139.668,0.0,0,False,16080,720,744,87.9278836234133,False,93.86565796722242,0.6600385047220634,0.7486902210928837,0.0,0.3920479812825698
Robin_office_Shirlene,17544,0,0.0,31.439921865025077,9.316545046514948,5.5,63.0,0.0,0,False,16080,720,744,87.2224637882002,False,93.80500220758809,0.6440287712503606,0.7672856755944765,0.0,0.29056932615683284
Robin_office_Antonina,17544,0,0.0,416.1789558424532,89.36671651091854,2.2455,686.7,0.0,0,False,16080,720,744,86.61048598066458,False,93.73648424952208,0.6653319479920219,0.7226446532829082,0.0,0.21553198709123592
Hog_services_Kerrie,17544,0,0.0,19.482290412676697,5.604592323361566,5.272,44.664,0.0,0,False,16080,720,744,87.15757190426957,False,93.46856600032163,0.607365398490119,0.7835331358926844,0.0,0.2900730756855278
Robin_education_Megan,17544,0,0.0,250.58516946534434,48.234066020442796,56.0,451.5,0.0,0,False,16080,720,744,86.44364287768974,False,93.19659013912134,0.6924758359369196,0.6054189586546463,0.0,0.19704272541104464
Robin_education_Jasper,17544,0,0.0,165.25237681828548,27.83444969491316,1.0524,249.7,0.0,0,False,16080,720,744,86.26327001602769,False,93.05931311959225,0.6708872800685441,0.6230962824980601,0.0,0.17051575555281373
Wolf_public_Norma,17543,1,5.699954400364797e-05,146.6343351821239,73.03238576062478,17.325,330.0017,0.0,0,False,16079,720,744,88.73201410918226,False,92.99405959630344,0.6654361702501068,0.6238609927169725,0.0,0.4922835126187873
Wolf_education_Laurinda,17543,1,5.699954400364797e-05,217.1513526762811,107.66941033298012,47.6075,502.8475,0.0,0,False,16079,720,744,88.7152793011385,False,92.77945120766236,0.6356394768979711,0.6449076964850531,0.0,0.4928859286651151
Lamb_education_Lazaro,17544,0,0.0,19.707732455540356,26.17989686107216,0.0033,126.5,0.0,0,False,16080,720,744,94.96305520693438,False,92.56898547755445,0.6871422159450215,0.5306277037655562,0.0,1.2385608251329518
Robin_education_Lizbeth,17544,0,0.0,121.591894750342,24.37972591919287,0.7145,255.0,0.0,0,False,16080,720,744,86.5037839879819,False,92.37957780606646,0.7128640915986243,0.46250355481115535,0.0,0.2060414716879786
Wolf_retail_Toshia,17543,1,5.699954400364797e-05,70.97483654449069,50.628948013022345,7.285,206.44,0.0,0,False,16079,720,744,90.34660446679109,False,92.28458741126289,0.6112531819233916,0.6195696819227571,0.0,0.7068998339926781
Robin_office_Maryann,17544,0,0.0,231.20985531235752,54.54934799125555,1.3641,388.1,0.0,0,False,16080,720,744,86.76947522146799,False,92.18713942041141,0.545980365263315,0.714984647282663,0.0,0.23784284012349907
Wolf_education_Cheryl,17543,1,5.699954400364797e-05,131.17929943567236,63.10007136652617,22.17,363.7575,0.0,0,False,16079,720,744,88.60424173377878,False,92.17708984249803,0.6129296769228657,0.6024425144216522,0.0,0.4767881030508697
Wolf_office_Darleen,17543,1,5.699954400364797e-05,43.304508920937124,18.991177989736673,15.0,92.0,0.0,0,False,16079,720,744,88.28570253381915,False,92.11322223371118,0.579570381992595,0.6495256581338567,0.0,0.43655046083670374
Robin_office_Addie,17544,0,0.0,20.53844623233014,6.434395314970859,0.1269,46.3,0.0,0,False,16080,720,744,87.34964048966455,False,92.10001900764858,0.6378910818222886,0.5501840646493318,0.0,0.3065052174920043
Lamb_industrial_Enrique,17544,0,0.0,51.80464081737347,44.48608264595062,0.0095,227.09,0.0,0,False,16080,720,744,91.44045812460756,False,91.76023796712275,0.8334739855683458,0.17890841966912224,0.0,0.8726291720842281
Robin_education_Kristopher,17544,0,0.0,124.47468666780664,28.930789113197935,0.6368,267.8,0.0,0,False,16080,720,744,86.7431730431108,False,91.75387487081139,0.6251712660414461,0.5252312060391096,0.0,0.23622455615682705
Wolf_retail_Marcella,17543,1,5.699954400364797e-05,7.004368836572993,3.237798895965257,0.0025,22.645,0.0,0,False,16079,720,744,88.46348650906079,False,87.58286111787172,0.3899574501655415,0.3614990624003497,0.0,0.4631471400749937
Bear_assembly_Angel,14435,3109,0.17721158230734155,494.33639636993416,172.01997887731807,36.5,1105.6,0.0,0,False,12971,720,744,-inf,False,,,,,
Bear_assembly_Beatrice,17505,39,0.002222982216142271,42.96205569837189,15.632465900651024,1.75,83.0,0.0,0,False,16041,720,744,87.59562209710381,False,,,,,
Bear_assembly_Danial,12187,5357,0.30534655722754217,160.6557286124559,35.772873959982185,68.5363,282.9155,0.0,0,False,10723,720,744,-inf,False,,,,,
Bear_assembly_Diana,15278,2266,0.1291609667122663,0.8568836038748529,0.3524587733268428,0.26,2.514,0.0,0,False,13831,720,727,-inf,False,,,,,
Bear_assembly_Genia,17377,167,0.009518923848609211,261.0890542326063,79.92867446455853,151.3208,613.51,0.0,0,False,15925,708,744,86.72488214916217,False,,,,,
Bear_assembly_Harry,11426,6118,0.3487232102143183,17.703158165587258,7.49884054426175,6.9955,48.5033,0.0,0,False,9979,711,736,-inf,False,,,,,
Bear_assembly_Jose,17505,39,0.002222982216142271,257.14087280205655,72.17994735368838,126.0,533.25,0.0,0,False,16041,720,744,86.97188577759107,False,,,,,
Bear_assembly_Roxy,17065,479,0.02730278157774738,15.917531180779374,11.342254154505843,4.75,75.398,0.0,0,False,15615,720,730,-inf,False,,,,,
Bear_assembly_Ruby,17504,40,0.002279981760145919,69.33275551873858,13.229793386348804,34.75,118.0,0.0,0,False,16041,719,744,86.294320478804,False,,,,,
Bear_education_Alfredo,17490,54,0.0030779753761969904,0.18113274442538593,0.09009014631448636,0.05,0.63,0.0,0,False,16026,720,744,88.54560282165514,False,,,,,
Bear_education_Alvaro,17481,63,0.003590971272229822,419.5419771752189,61.7148978018136,219.976,600.5988,0.0,0,False,16019,719,743,85.87435574304641,False,,,,,
Bear_education_Arnold,17106,438,0.02496580027359781,0.5394493803343856,0.3332924248647984,0.205,2.427,0.0,0,False,15665,707,734,-inf,False,,,,,
Bear_education_Augusta,17476,68,0.003875968992248062,115.38137163538569,58.417392068360314,51.3087,254.7538,0.0,0,False,16014,718,744,88.56467909471493,False,,,,,
Bear_education_Austin,17505,39,0.002222982216142271,21.116638423307624,14.69394148344938,4.975,65.95,0.0,0,False,16041,720,744,90.08547072087748,False,,,,,
Bear_education_Babara,17347,197,0.01122891016871865,372.5105477604197,38.47891484643081,198.708,512.3343,0.0,0,False,15883,720,744,-inf,False,,,,,
Bear_education_Benita,17139,405,0.02308481532147743,521.5384076317171,59.08386265447513,279.3772,732.041,0.0,0,False,15675,720,744,-inf,False,,,,,
Bear_education_Benjamin,9431,8113,0.462437300501596,1.1871782737779664,0.784592456563692,0.22,4.9,0.0,0,False,7969,719,743,-inf,False,,,,,
Bear_education_Bonita,17336,208,0.011855905152758778,0.18761717235809877,0.11635709414643328,0.0825,0.82,0.0,0,False,15872,720,744,-inf,False,,,,,
Bear_education_Bulah,17503,41,0.0023369813041495668,1333.2683391647147,142.59763455457218,136.84,1955.14,0.0,0,False,16039,720,744,85.66193191746355,False,,,,,
Bear_education_Carlo,11996,5548,0.31623347013223896,4.44261751417139,3.018376147332334,1.175,17.073,0.0,0,False,10535,720,741,-inf,False,,,,,
Bear_education_Chad,17519,25,0.0014249886000911993,999.7315317426793,168.2420801854266,497.7502,1703.9808,0.0,0,False,16055,720,744,86.17665513379083,False,,,,,
Bear_education_Chana,17505,39,0.002222982216142271,21.382126261068265,5.170862418023005,14.0,38.25,0.0,0,False,16041,720,744,86.6803540728918,False,,,,,
Bear_education_Chun,17471,73,0.004160966712266302,100.81531511647874,29.21911325185306,50.09,233.755,0.0,0,False,16007,720,744,86.92405289759407,False,,,,,
Bear_education_Clint,17497,47,0.0026789785681714546,56.756331331085335,9.694539710530396,20.6667,89.5,0.0,0,False,16033,720,744,86.1203350643545,False,,,,,
Bear_education_Curtis,17467,77,0.004388964888280894,68.91401561229746,10.75045941616971,36.75,111.25,0.0,0,False,16003,720,744,85.90664828302582,False,,,,,
Bear_education_Danna,17541,3,0.0001709986320109439,102.98130734279688,43.78100189098063,34.25,229.75,0.0,0,False,16077,720,744,88.17825577152715,False,,,,,
Bear_education_Deborah,9072,8472,0.4829001367989056,1.493340586419753,0.7488147480385783,0.2,4.0,0.0,0,False,8450,278,344,-inf,False,,,,,
Bear_education_Deena,16969,575,0.03277473780209758,8.679149071836878,3.12488103695878,3.25,19.75,0.0,0,False,15505,720,744,-inf,False,,,,,
Bear_education_Derek,17475,69,0.00393296853625171,184.34697664091556,26.791843649653146,0.016,279.024,0.0,0,False,16017,719,739,85.78682096534479,False,,,,,
Bear_education_Destiny,15965,1579,0.09000227998176015,125.37888005010961,50.87431146788564,46.1095,316.9198,0.0,0,False,14501,720,744,-inf,False,,,,,
Bear_education_Elise,17542,2,0.00011399908800729594,145.29194889978336,48.54418271747911,48.0022,337.5135,0.0,0,False,16078,720,744,87.49902065565502,False,,,,,
Bear_education_Fannie,17112,432,0.024623803009575923,431.6312502162225,59.29021830923879,227.0,631.375,0.0,0,False,15648,720,744,-inf,False,,,,,
Bear_education_Gavin,17533,11,0.0006269949840401277,89.96543047396338,9.484256282963468,64.903,120.0715,0.0,0,False,16069,720,744,85.75303868771218,False,,,,,
Bear_education_Herb,17503,41,0.0023369813041495668,12.930981780266242,4.731675670032459,7.0075,30.3127,0.0,0,False,16039,720,744,87.60416419554056,False,,,,,
Bear_education_Herman,17505,39,0.002222982216142271,0.2846548986003999,0.14142929147811029,0.1,0.9425,0.0,0,False,16041,720,744,88.59295668008856,False,,,,,
Bear_education_Holly,17387,157,0.008948928408572731,1.2480076551446482,0.5682312466949915,0.3613,3.8792,0.0,0,False,15963,680,744,87.87789459131301,False,,,,,
Bear_education_Irene,17505,39,0.002222982216142271,88.83470253641815,33.58660932175194,46.6,197.5,0.0,0,False,16041,720,744,87.70221979951862,False,,,,,
Bear_education_Iris,17542,2,0.00011399908800729594,45.507899760574624,20.19531587301982,15.8,115.4,0.0,0,False,16078,720,744,88.32148040886759,False,,,,,
Bear_education_Katy,17539,5,0.00028499772001823985,124.40093538970292,40.9035189489804,41.8,295.6,0.0,0,False,16075,720,744,87.44892976235062,False,,,,,
Bear_education_Lashanda,17505,39,0.002222982216142271,73.89613881748073,34.95982234493303,21.05,179.65,0.0,0,False,16041,720,744,88.4148263154087,False,,,,,
Bear_education_Laurette,17490,54,0.0030779753761969904,50.94600668381933,4.476109103427886,23.8735,65.7573,0.0,0,False,16026,720,744,85.47427044047558,False,,,,,
Bear_education_Leonel,17540,4,0.00022799817601459188,118.8260849372862,86.68907799444584,27.6,388.25,0.0,0,False,16076,720,744,90.45791403851193,False,,,,,
Bear_education_Lewis,17505,39,0.002222982216142271,23.493649768637532,9.8262727851547,11.75,56.25,0.0,0,False,16041,720,744,88.00351323212371,False,,,,,
Bear_education_Lidia,17505,39,0.002222982216142271,12.78733904598686,5.78280108539094,5.25,36.0,0.0,0,False,16041,720,744,88.2583359487952,False,,,,,
Bear_education_Lila,17542,2,0.00011399908800729594,214.48741520921217,42.83567944827322,136.45,304.05,0.0,0,False,16078,720,744,86.49099896311745,False,,,,,
Bear_education_Liliana,15416,2128,0.12129502963976288,494.1023501621691,72.37288181055065,316.25,737.5081,0.0,0,False,14119,672,625,-inf,False,,,,,
Bear_education_Lorie,17488,56,0.0031919744642042863,400.9490125,52.04558319726938,196.9518,635.04,0.0,0,False,16024,720,744,85.78202645135245,False,,,,,
Bear_education_Mara,17233,311,0.01772685818513452,507.01431696744623,38.87339090497557,303.48,636.5,0.0,0,False,15769,720,744,-inf,False,,,,,
Bear_education_Marie,17542,2,0.00011399908800729594,23.77706743244784,12.396133536065182,10.615,62.71,0.0,0,False,16078,720,744,88.90327225777511,False,,,,,
Bear_education_Marsha,17501,43,0.0024509803921568627,88.02116195074566,23.92687796907479,50.565,170.6403,0.0,0,False,16037,720,744,86.8916734630141,False,,,,,
Bear_education_Marta,17534,10,0.0005699954400364797,41.97751815330215,23.026183692889337,12.25,103.0,0.0,0,False,16071,719,744,89.07982095166605,False,,,,,
Bear_education_Maryjane,17537,7,0.0003989968080255358,330.22373104864005,67.257164771493,232.75,534.25,0.0,0,False,16073,720,744,86.50359648996789,False,,,,,
Bear_education_Merrill,14317,3227,0.183937528499772,21.887529747852202,8.851428519691973,9.0,58.5,0.0,0,False,12853,720,744,-inf,False,,,,,
Bear_education_Millie,17159,385,0.02194482444140447,3.4084882102686636,0.6084103665483457,2.115,5.755,0.0,0,False,15711,715,733,-inf,False,,,,,
Bear_education_Nanette,15905,1639,0.09342225262197902,112.8408613392015,37.55854766483362,13.0562,279.8287,0.0,0,False,14441,720,744,-inf,False,,,,,
Bear_education_Oscar,17502,42,0.0023939808481532147,11.705001782653413,4.080454678205653,2.8675,24.9125,0.0,0,False,16038,720,744,87.47091949389431,False,,,,,
Bear_education_Owen,17537,7,0.0003989968080255358,150.19176951588074,62.06807126440007,41.3347,269.568,0.0,0,False,16073,720,744,88.07550123268535,False,,,,,
Bear_education_Paola,17542,2,0.00011399908800729594,149.42739709839245,60.21620168589817,69.344,396.848,0.0,0,False,16078,720,744,88.01550750514635,False,,,,,
Bear_education_Patricia,17503,41,0.0023369813041495668,632.3578278809347,69.41209721349499,460.3,849.7478,0.0,0,False,16039,720,744,85.68303451745223,False,,,,,
Bear_education_Pattie,17501,43,0.0024509803921568627,172.78906428204104,34.00328032054904,92.25,329.25,0.0,0,False,16037,720,744,86.32887140078064,False,,,,,
Bear_education_Rebecca,17491,53,0.0030209758321933424,781.6453305528557,85.46286474706069,503.792,1060.7868,0.0,0,False,16029,718,744,85.63876999824586,False,,,,,
Bear_education_Sandy,17406,138,0.00786593707250342,6.671731276571297,1.3306154607766445,4.0,11.76,0.0,0,False,15946,718,742,85.99696809747886,False,,,,,
Bear_education_Santos,17505,39,0.002222982216142271,8.532948203370466,8.352158529432742,1.6,44.9992,0.0,0,False,16041,720,744,92.20771672093484,False,,,,,
Bear_education_Sharon,17538,6,0.0003419972640218878,112.21771516706579,13.74558302809697,56.3333,161.5,0.0,0,False,16075,719,744,85.8981575098634,False,,,,,
Bear_education_Shelley,17542,2,0.00011399908800729594,162.52277344658535,56.81377764912141,83.75,306.5,0.0,0,False,16078,720,744,87.61496697649508,False,,,,,
Bear_education_Tara,17502,42,0.0023939808481532147,3.400457473431608,1.3143644977231217,1.055,9.6375,0.0,0,False,16038,720,744,87.75530454421093,False,,,,,
Bear_education_Thuy,17542,2,0.00011399908800729594,230.68699058830236,82.77603096638255,116.3739,457.5731,0.0,0,False,16078,720,744,87.68434012805028,False,,,,,
Bear_education_Val,17536,8,0.00045599635202918376,374.44489159443424,43.46630999109252,196.2275,514.6207,0.0,0,False,16072,720,744,85.84325518052202,False,,,,,
Bear_education_Wade,17526,18,0.0010259917920656635,54.14092333105101,23.659533899143216,0.013,145.6,0.0,0,False,16062,720,744,88.21593362199948,False,,,,,
Bear_education_Wilton,17527,17,0.0009689922480620155,1565.9103543104925,169.4105350164155,225.2332,2343.4669,0.0,0,False,16063,720,744,85.75326005074746,False,,,,,
Bear_education_Wm,17539,5,0.00028499772001823985,50.32510657392098,12.390369421681976,31.5,94.0,0.0,0,False,16076,719,744,86.82944904626055,False,,,,,
Bear_education_Yuri,17505,39,0.002222982216142271,17.974004627249357,12.539986323334846,4.925,50.925,0.0,0,False,16041,720,744,90.09917215263805,False,,,,,
Bear_education_Yvette,17499,45,0.0025649794801641587,10.980290365163722,4.550065754089546,2.25,32.5,0.0,0,False,16038,720,741,87.91366487402216,False,,,,,
Bear_education_Zandra,17434,110,0.006269949840401277,979.093269725823,83.85012379919611,209.2975,1283.75,0.0,0,False,15970,720,744,85.26610742319943,False,,,,,
Bear_lodging_Dannie,17501,43,0.0024509803921568627,8.646647391577623,3.6779652686263242,2.5,26.1,0.0,0,False,16037,720,744,88.04316488578556,False,,,,,
Bear_lodging_Erick,17505,39,0.002222982216142271,48.52624347329334,15.414848033484724,13.4835,112.5217,0.0,0,False,16041,720,744,87.2490713037732,False,,,,,
Bear_lodging_Esperanza,12030,5514,0.3142954856361149,29.646392227763926,8.059206542547765,16.387999999999998,61.026,0.0,0,False,10579,720,731,-inf,False,,,,,
Bear_lodging_Evan,17505,39,0.002222982216142271,175.3630453984576,48.83665404364729,94.25,287.0,0.0,0,False,16041,720,744,86.95528749327372,False,,,,,
Bear_parking_Bridget,11746,5798,0.33048335613315094,16.62697533628469,4.485952518957182,2.7438,36.7203,0.0,0,False,10299,716,731,-inf,False,,,,,
Bear_parking_Bruce,17412,132,0.007523939808481532,42.160070629450956,3.902634916605219,28.3512,55.88399999999999,0.0,0,False,15951,717,744,85.24281676234074,False,,,,,
Bear_parking_Gordon,17499,45,0.0025649794801641587,27.762547254128805,0.7419136908271463,26.17,29.946,0.0,0,False,16035,720,744,85.04652782138265,False,,,,,
Bear_public_Arlean,15376,2168,0.1235750113999088,145.31290696540066,48.79478969610946,53.0,373.5,0.0,0,False,13912,720,744,-inf,False,,,,,
Bear_public_Jocelyn,17542,2,0.00011399908800729594,48.648318036711885,11.877872208794598,30.38,89.205,0.0,0,False,16078,720,744,86.82434446481024,False,,,,,
Bear_public_Lowell,17541,3,0.0001709986320109439,205.42652519240633,39.62978035507176,105.4462,338.25,0.0,0,False,16077,720,744,86.43659974338479,False,,,,,
Bear_public_Orville,17542,2,0.00011399908800729594,37.25759166571657,21.090638910487538,9.5,102.8,0.0,0,False,16078,720,744,89.2387321584637,False,,,,,
Bear_public_Rayna,17542,2,0.00011399908800729594,111.26716526051761,67.39274987737427,33.2,235.15,0.0,0,False,16078,720,744,89.53579060432395,False,,,,,
Bear_public_Valorie,17542,2,0.00011399908800729594,194.4200015904686,82.83772144505704,34.5,421.5,0.0,0,False,16078,720,744,88.18873101323965,False,,,,,
Bear_science_Alison,17510,34,0.001937984496124031,103.42971094802971,8.887196836487025,49.5,133.0,0.0,0,False,16046,720,744,85.52815835215617,False,,,,,
Bear_science_Eleanor,17482,62,0.003533971728226174,36.24740663539641,13.640158059217049,11.825,91.525,0.0,0,False,16018,720,744,87.61026527441203,False,,,,,
Bear_utility_Sidney,17471,73,0.004160966712266302,52.2536249098506,3.705914826046735,42.725,65.0425,0.0,0,False,16007,720,744,85.2822545917166,False,,,,,
Bobcat_assembly_Adam,15240,2304,0.13132694938440492,70.60687141732284,19.69720715494004,3.2501,241.25,0.0,0,False,13781,718,741,-inf,False,,,,,
Bobcat_assembly_Billy,15151,2393,0.1363999088007296,135.3814640617781,39.43466340935335,7.5002,440.4894,0.0,0,False,13692,716,743,-inf,False,,,,,
Bobcat_assembly_Camilla,15249,2295,0.1308139534883721,19.746808269394712,3.737203635819442,1.5,47.37,0.0,0,False,13801,707,741,-inf,False,,,,,
Bobcat_assembly_Franklin,16218,1326,0.0755813953488372,157.4573403132322,91.4871128462441,21.0,729.0002,0.0,0,False,14772,717,729,-inf,False,,,,,
Bobcat_education_Alissa,16504,1040,0.05927952576379389,60.434238651236065,21.826691347014364,3.0,403.5,0.0,0,False,15042,718,744,-inf,False,,,,,
Bobcat_education_Angela,16481,1063,0.06059051527587779,85.35414805533647,24.31965430602941,12.0,203.3702,0.0,0,False,15022,715,744,-inf,False,,,,,
Bobcat_education_Barbra,110,17434,0.9937300501595987,69.11545454545454,13.097566230401426,21.3,95.9,0.0,0,False,0,0,110,-inf,False,,,,,
Bobcat_education_Coleman,16158,1386,0.07900136798905609,121.77368395841069,44.60664260932994,2.5,395.25,0.0,0,False,14700,717,741,-inf,False,,,,,
Bobcat_education_Dylan,14998,2546,0.14512083903328774,135.2277130417389,38.07607800882357,24.7498,355.5,0.0,0,False,14032,716,250,-inf,False,,,,,
Bobcat_education_Emile,3035,14509,0.8270063839489284,12.618448533772654,6.265560452936664,0.03,56.0003,0.0,0,False,2979,0,56,-inf,False,,,,,
Bobcat_education_Hollis,15254,2290,0.13052895576835385,149.06896235741448,25.739347621776037,10.5002,349.4887,0.0,0,False,13981,531,742,-inf,False,,,,,
Bobcat_education_Jayne,15425,2119,0.12078203374373005,59.94426130956239,34.351724270158584,2.6199,249.36,0.0,0,False,13969,714,742,-inf,False,,,,,
Bobcat_education_Karin,7868,9676,0.5515275877792978,43.53912581342146,18.042781202155183,1.97,165.87,0.0,0,False,6408,717,743,-inf,False,,,,,
Bobcat_education_Marisha,13558,3986,0.2272001823985408,65.57360504499188,26.904979919034005,0.5,310.5,0.0,0,False,12097,718,743,-inf,False,,,,,
Bobcat_education_Miki,12210,5334,0.30403556771545825,67.47340453726453,33.03776649048332,3.25,461.5,0.0,0,False,10748,718,744,-inf,False,,,,,
Bobcat_education_Monte,12924,4620,0.26333789329685364,21.476390993500463,11.405377713940615,0.87,99.2535,0.0,0,False,11464,717,743,-inf,False,,,,,
Bobcat_education_Rodrick,3913,13631,0.7769607843137255,61.78497761308459,21.688486103130582,1.5,189.8,0.0,0,False,3913,0,0,-inf,False,,,,,
Bobcat_education_Rosalva,14384,3160,0.1801185590515276,79.27355759176864,28.379935546809747,4.6301,254.75,0.0,0,False,12926,716,742,-inf,False,,,,,
Bobcat_education_Seth,659,16885,0.962437300501596,398.0584215477997,62.82062119179646,154.5,720.2,0.0,0,False,0,0,659,-inf,False,,,,,
Bobcat_education_Toni,15456,2088,0.11901504787961696,27.252787862318844,8.91840047322641,1.25,69.38,0.0,0,False,13997,716,743,-inf,False,,,,,
Bobcat_education_Whitney,15118,2426,0.13828089375284996,361.83171122502984,155.29112059101797,15.0003,1367.9998,0.0,0,False,13658,717,743,-inf,False,,,,,
Bobcat_lodging_Darin,16488,1056,0.060191518467852256,131.0974108442504,34.20466112951723,0.5,299.0001,0.0,0,False,15027,717,744,-inf,False,,,,,
Bobcat_lodging_Melaine,16501,1043,0.05945052439580483,42.58695089994545,8.79764130881342,5.88,84.0001,0.0,0,False,15044,716,741,-inf,False,,,,,
Bobcat_lodging_Nickolas,16500,1044,0.05950752393980848,47.305366842424235,10.553743928070991,6.5,94.0,0.0,0,False,15040,717,743,-inf,False,,,,,
Bobcat_office_Alma,16324,1220,0.06953944368445053,4.411017832639058,1.8362700998102595,1.0,16.0,0.0,0,False,14882,714,728,-inf,False,,,,,
Bobcat_office_Justine,13834,3710,0.21146830825353397,19.8002492048576,8.936037583067266,0.75,95.0,0.0,0,False,12373,718,743,-inf,False,,,,,
Bobcat_office_Kassandra,14597,2947,0.16797765617875057,53.261132780708365,28.650588818043932,4.62,226.5,0.0,0,False,13631,716,250,-inf,False,,,,,
Bobcat_office_Melody,13932,3612,0.20588235294117646,50.14665427792133,12.247491239545296,4.87,115.13,0.0,0,False,12475,716,741,-inf,False,,,,,
Bobcat_office_Nikita,16347,1197,0.06822845417236661,38.712107200097876,16.935722955645645,3.75,118.5017,0.0,0,False,14886,717,744,-inf,False,,,,,
Bobcat_other_Howard,16198,1346,0.07672138622891017,51.996619743178165,118.39006369041601,0.16,1564.1668,0.0,0,False,14738,717,743,-inf,False,,,,,
Bobcat_other_Jovita,16060,1484,0.0845873233014136,32.12522692403487,42.568337952546486,1.0,680.0,0.0,0,False,14651,712,697,-inf,False,,,,,
Bobcat_other_Timothy,16474,1070,0.06098951208390333,19.50917360082554,8.11135764175601,0.6,100.6,0.0,0,False,15027,718,729,-inf,False,,,,,
Bobcat_public_Angie,2981,14563,0.8300843593251254,270.34137242536065,81.23091723086507,88.47,585.8101,0.0,0,False,2981,0,0,-inf,False,,,,,
Bobcat_science_Tammy,6707,10837,0.6177040583675331,74.57404249291785,58.18721927106608,3.9998,328.5599,0.0,0,False,5246,718,743,-inf,False,,,,,
Bobcat_warehouse_Charlie,562,16982,0.9679662562699498,8.8698384341637,1.9342918788026318,5.88,17.0,0.0,0,False,215,347,0,-inf,False,,,,,
Bull_assembly_Amalia,17219,325,0.018524851801185592,564.7053835878971,129.7705177246036,2.0,3962.0,0.0,0,False,15839,652,728,-inf,False,,,,,
Bull_assembly_Beau,17244,300,0.01709986320109439,524.7797204824867,210.32223905838813,2.0,3909.0,0.0,0,False,15867,649,728,-inf,False,,,,,
Bull_assembly_Brandon,17233,311,0.01772685818513452,77.03858875413451,17.361053770988125,11.0,336.0,0.0,0,False,15864,641,728,-inf,False,,,,,
Bull_assembly_Daryl,16677,867,0.04941860465116279,37.983060502488456,30.306710476750293,2.0,330.0,0.0,0,False,15388,562,727,-inf,False,,,,,
Bull_assembly_Dorethea,17210,334,0.019037847697218422,19.57202208018594,6.5274861514956,3.0,73.0,0.0,0,False,15831,651,728,-inf,False,,,,,
Bull_assembly_Freddie,17215,329,0.018752849977200184,224.40072611094976,73.48701029445306,5.0,1098.0,0.0,0,False,15836,651,728,-inf,False,,,,,
Bull_assembly_Gerri,17217,327,0.018638850889192888,150.03307777196957,60.04325047241617,3.0,908.0,0.0,0,False,15838,651,728,-inf,False,,,,,
Bull_assembly_Gigi,17091,453,0.025820793433652532,362.5122286583582,130.0469676442741,3.0,4428.0,0.0,0,True,15711,652,728,-inf,False,,,,,
Bull_assembly_Goldie,17217,327,0.018638850889192888,58.39190915955161,17.988557156968668,4.0,253.0,0.0,0,False,15838,651,728,-inf,False,,,,,
Bull_assembly_Katia,16288,1256,0.07159142726858185,128.19609528487229,93.1514516472341,7.0,1741.0,0.0,0,False,14908,651,729,-inf,False,,,,,
Bull_assembly_Lance,17231,313,0.017840857273141816,451.8444373512855,247.53508889592175,4.0,10725.0,0.0,0,True,15848,654,729,-inf,False,,,,,
Bull_assembly_Lesa,17205,339,0.019322845417236664,10.711072362685266,3.8912321856941645,2.0,34.0,0.0,0,False,15852,625,728,-inf,False,,,,,
Bull_assembly_Maren,16210,1334,0.07603739170086639,315.54420111042566,241.62867637631973,2.0,10295.0,0.0,0,True,15050,502,658,-inf,False,,,,,
Bull_assembly_Nathanial,16985,559,0.031862745098039214,217.0168313217545,48.31892751683233,2.0,2218.0,0.0,0,True,15821,639,525,-inf,False,,,,,
Bull_assembly_Newton,15735,1809,0.10311217510259918,3.9105815061963773,2.546063563268954,2.0,23.0,0.0,0,False,14435,599,701,-inf,False,,,,,
Bull_assembly_Nick,17092,452,0.025763793889648882,949.567224432483,209.47598632347524,4.0,11624.0,0.0,0,True,15712,652,728,-inf,False,,,,,
Bull_assembly_Vanessa,17242,302,0.017213862289101687,135.32722421992807,32.34877489950154,25.0,600.0,0.0,0,False,15863,651,728,-inf,False,,,,,
Bull_education_Annette,13852,3692,0.2104423164614683,136.74794253537397,149.6551014116373,2.0,10114.0,0.0,0,True,12468,655,729,-inf,False,,,,,
Bull_education_Antonia,17176,368,0.020975832193342453,482.67247904052164,128.58850740776543,2.0,4071.0,0.0,0,False,15796,652,728,-inf,False,,,,,
Bull_education_Arthur,17219,325,0.018524851801185592,406.0554910273535,55.097548889444035,4.0,2223.0,0.0,0,True,15840,651,728,-inf,False,,,,,
Bull_education_Barry,17185,359,0.020462836297309623,999.2217049752692,162.41723064812956,2.0,11019.0,0.0,0,True,15805,652,728,-inf,False,,,,,
Bull_education_Bernice,16370,1174,0.06691746466028271,319.3363396456934,184.0983310338484,4.0,7900.44,0.0,0,True,14987,654,729,-inf,False,,,,,
Bull_education_Brady,17243,301,0.01715686274509804,33.70773647277156,15.3116201169101,3.0,163.0,0.0,0,False,15864,651,728,-inf,False,,,,,
Bull_education_Brain,17221,323,0.018410852713178296,375.39965739504095,52.54647380347623,5.0,2165.0,0.0,0,True,15853,651,717,-inf,False,,,,,
Bull_education_Brandi,17241,303,0.017270861833105337,27.8454556000232,10.66368589026384,2.0,115.0,0.0,0,False,15863,650,728,-inf,False,,,,,
Bull_education_Brenda,17221,323,0.018410852713178296,146.89415492712388,28.655105754913183,2.28,638.4002,0.0,0,False,15842,651,728,-inf,False,,,,,
Bull_education_Bryon,17238,306,0.01744186046511628,35.43389604362455,9.960677777308566,2.0,129.0,0.0,0,False,15860,650,728,-inf,False,,,,,
Bull_education_Carl,17218,326,0.018581851345189238,629.7117551399698,85.80973235099468,2.0,5372.0,0.0,0,True,15838,652,728,-inf,False,,,,,
Bull_education_Clarice,17242,302,0.017213862289101687,31.65676835633917,6.086283451765785,3.0,91.0,0.0,0,False,15864,650,728,-inf,False,,,,,
Bull_education_Clarita,16671,873,0.04976060191518468,343.7318697138744,101.15583995216778,8.0,5447.0,0.0,0,True,15292,651,728,-inf,False,,,,,
Bull_education_Dakota,17246,298,0.016985864113087095,55.47854574973907,23.26523642483023,3.0,274.0,0.0,0,False,15867,651,728,-inf,False,,,,,
Bull_education_Dan,17213,331,0.01886684906520748,177.0194620345088,27.479901318672226,2.0,968.0,0.0,0,False,15834,651,728,-inf,False,,,,,
Bull_education_Dania,17242,302,0.017213862289101687,41.11825774272126,8.951375538226817,11.0,124.0,0.0,0,False,15864,650,728,-inf,False,,,,,
Bull_education_Delia,12111,5433,0.30967852257181944,849.8021220378168,751.7077249568767,138.0,55077.0,0.0,0,True,10728,654,729,-inf,False,,,,,
Bull_education_Dora,17181,363,0.020690834473324215,114.70676910540713,41.81784462014148,2.0,816.0,0.0,0,False,15802,651,728,-inf,False,,,,,
Bull_education_Dottie,16916,628,0.035795713634290925,1377.5508394419485,2358.1085710929588,16.0,221228.0,0.0,0,True,15536,655,725,-inf,False,,,,,
Bull_education_Elva,17245,299,0.017042863657090745,59.06340968396637,10.046366590786013,5.0,225.0,0.0,0,False,15867,650,728,-inf,False,,,,,
Bull_education_Fabiola,17219,325,0.018524851801185592,186.2312561705093,50.32279832712746,3.0,1188.0,0.0,0,False,15840,651,728,-inf,False,,,,,
Bull_education_Geneva,17105,439,0.02502279981760146,30.65624086524408,12.715898613075224,2.0,166.0,0.0,0,False,15726,651,728,-inf,False,,,,,
Bull_education_Genie,17220,324,0.018467852257181942,125.02076074332172,33.38315193655597,2.0,509.0,0.0,0,False,15841,651,728,-inf,False,,,,,
Bull_education_Gregory,17214,330,0.01880984952120383,72.89598582549088,22.027518532722976,5.0,381.0,0.0,0,False,15835,651,728,-inf,False,,,,,
Bull_education_Hayley,17218,326,0.018581851345189238,169.55726565222443,28.553126206245373,3.0,991.0,0.0,0,False,15839,651,728,-inf,False,,,,,
Bull_education_Jae,17216,328,0.018695850433196534,531.8722118959108,57.201098448323826,6.0,3154.0,0.0,0,True,15837,651,728,-inf,False,,,,,
Bull_education_Jeffery,16127,1417,0.08076835385316918,559.9974266757612,403.3290756741108,6.0,30268.0,0.0,0,True,14744,654,729,-inf,False,,,,,
Bull_education_Joseph,17173,371,0.0211468308253534,120.63033366330868,35.48378437311677,2.0,653.08,0.0,0,False,15794,651,728,-inf,False,,,,,
Bull_education_Juan,17210,334,0.019037847697218422,218.91995932597328,66.30883231601061,2.0,1499.0,0.0,0,False,15831,651,728,-inf,False,,,,,
Bull_education_Kendra,17202,342,0.019493844049247606,468.1324264620393,123.80212841431259,8.0,3764.0,0.0,0,False,15823,651,728,-inf,False,,,,,
Bull_education_Krista,17220,324,0.018467852257181942,287.16524390243904,79.25644181034399,6.0,1245.0,0.0,0,False,15841,651,728,-inf,False,,,,,
Bull_education_Kristal,17218,326,0.018581851345189238,408.0020037170403,47.860454232970035,4.0,2207.0,0.0,0,True,15839,651,728,-inf,False,,,,,
Bull_education_Lenny,17209,335,0.01909484724122207,35.71151722935673,7.621524326368061,7.0,122.0,0.0,0,False,15831,650,728,-inf,False,,,,,
Bull_education_Linnie,17219,325,0.018524851801185592,195.19690458214762,68.27992479260031,4.0,1456.0,0.0,0,False,15840,651,728,-inf,False,,,,,
Bull_education_Luke,17219,325,0.018524851801185592,300.3020500609791,73.47065907813958,5.0,1925.0,0.0,0,False,15840,651,728,-inf,False,,,,,
Bull_education_Lydia,16710,834,0.04753761969904241,105.29808497905447,34.95219462293982,8.0,1207.0,0.0,0,True,15331,651,728,-inf,False,,,,,
Bull_education_Lyn,17192,352,0.020063839489284085,25.45471731037692,6.668326862477736,3.0,103.0,0.0,0,False,15838,626,728,-inf,False,,,,,
Bull_education_Magaret,17212,332,0.018923848609211126,71.75755287009063,29.1640700141273,11.0,342.0,0.0,0,False,15833,651,728,-inf,False,,,,,
Bull_education_Mario,17246,298,0.016985864113087095,103.7189783138119,36.08705446989257,8.0,557.0,0.0,0,False,15867,651,728,-inf,False,,,,,
Bull_education_Matilda,16005,1539,0.08772229822161423,95.48231802561699,59.626546819858774,5.0,2349.0,0.0,0,True,14622,654,729,-inf,False,,,,,
Bull_education_Mervin,17218,326,0.018581851345189238,186.8695551167383,33.83428653504937,3.0,866.0,0.0,0,False,15839,651,728,-inf,False,,,,,
Bull_education_Miquel,17221,323,0.018410852713178296,257.9946867197027,65.89218351278727,3.0,1649.0,0.0,0,False,15842,651,728,-inf,False,,,,,
Bull_education_Miranda,17213,331,0.01886684906520748,167.17916690873176,24.51504357029223,2.0,947.0,0.0,0,True,15834,651,728,-inf,False,,,,,
Bull_education_Myra,17239,305,0.017384860921112633,48.14197459249377,17.85319663678421,3.0,356.0,0.0,0,False,15860,651,728,-inf,False,,,,,
Bull_education_Nichole,17220,324,0.018467852257181942,200.03696283391406,48.30414116418522,2.0,1249.0,0.0,0,False,15841,651,728,-inf,False,,,,,
Bull_education_Nina,17219,325,0.018524851801185592,250.5826122306754,34.64557820070629,2.0,1316.0,0.0,0,True,15840,651,728,-inf,False,,,,,
Bull_education_Nolan,17246,298,0.016985864113087095,66.74446248405427,12.899577439567729,6.0,235.0,0.0,0,False,15867,651,728,-inf,False,,,,,
Bull_education_Olive,17211,333,0.018980848153214776,67.47623612805764,26.584835129598893,12.0,423.0,0.0,0,False,15832,651,728,-inf,False,,,,,
Bull_education_Pablo,17214,330,0.01880984952120383,38.28726617869176,13.32734842022829,5.0,165.0,0.0,0,False,15835,651,728,-inf,False,,,,,
Bull_education_Pamela,17243,301,0.01715686274509804,177.9948964797309,39.622844632722376,11.0,888.0,0.0,0,False,15864,651,728,-inf,False,,,,,
Bull_education_Patrina,17213,331,0.01886684906520748,18.341892755475513,5.6439222351450535,4.0,71.0,0.0,0,False,15835,650,728,-inf,False,,,,,
Bull_education_Racheal,17218,326,0.018581851345189238,584.6022186084331,106.3035116237073,3.0,4744.0,0.0,0,True,15839,651,728,-inf,False,,,,,
Bull_education_Reina,17215,329,0.018752849977200184,80.18916642462969,20.045911911092148,14.0,404.0,0.0,0,False,15836,651,728,-inf,False,,,,,
Bull_education_Reynaldo,17243,301,0.01715686274509804,32.43165342457809,9.391099865692075,2.0,137.0,0.0,0,False,15865,650,728,-inf,False,,,,,
Bull_education_Roland,17200,344,0.0196078431372549,233.75563953488373,60.16886771923044,2.0,1508.0,0.0,0,False,15823,649,728,-inf,False,,,,,
Bull_education_Roseann,17123,421,0.023996808025535797,251.36608655025404,27.47585247061014,4.0,1257.0,0.0,0,True,15744,651,728,-inf,False,,,,,
Bull_education_Sebastian,17216,328,0.018695850433196534,38.484375,11.827990489479868,3.0,150.0,0.0,0,False,15837,651,728,-inf,False,,,,,
Bull_education_Shona,17127,417,0.023768809849521205,190.52528171892334,27.303340196445898,20.0,2152.0,0.0,0,True,15774,625,728,-inf,False,,,,,
Bull_education_Stewart,17245,299,0.017042863657090745,125.83502464482459,19.46444095985415,18.0,697.0,0.0,0,False,15866,651,728,-inf,False,,,,,
Bull_education_Summer,17088,456,0.025991792065663474,31.309105805243444,7.520031392254344,8.0,125.0,0.0,0,False,15789,571,728,-inf,False,,,,,
Bull_education_Tracey,17241,303,0.017270861833105337,189.26274578040716,54.164277056835715,3.0,1247.0,0.0,0,False,15862,651,728,-inf,False,,,,,
Bull_education_Venita,17216,328,0.018695850433196534,38.20324117100372,8.20725046649105,3.0,141.0,0.0,0,False,15838,650,728,-inf,False,,,,,
Bull_education_Violeta,17164,380,0.02165982672138623,137.0228676299231,101.69608927765199,4.0,963.0,0.0,0,False,15785,651,728,-inf,False,,,,,
Bull_lodging_Abby,17213,331,0.01886684906520748,13.332786266194155,2.084369429823649,0.5,33.5,0.0,0,False,15835,650,728,-inf,False,,,,,
Bull_lodging_Allen,17244,300,0.01709986320109439,9.364439799350498,6.021148268437393,0.24,58.32,0.0,0,False,15865,651,728,-inf,False,,,,,
Bull_lodging_Anibal,15631,1913,0.10904012767897857,24.109238052587806,7.181430669036277,3.0,147.0,0.0,0,False,14252,651,728,-inf,False,,,,,
Bull_lodging_Caren,17236,308,0.017555859553123575,142.11383151543282,32.05059363695534,17.0,748.0,0.0,0,False,15857,651,728,-inf,False,,,,,
Bull_lodging_Carie,17215,329,0.018752849977200184,55.21190821957595,7.799470698600777,7.0,190.0,0.0,0,False,15837,650,728,-inf,False,,,,,
Bull_lodging_Charlotte,17242,302,0.017213862289101687,10.624008809882843,6.091881408059923,0.24,62.64,0.0,0,False,15863,651,728,-inf,False,,,,,
Bull_lodging_Danielle,15931,1613,0.09194026447788417,28.546826941183856,18.0976722314908,3.0,785.0,0.0,0,True,14548,654,729,-inf,False,,,,,
Bull_lodging_Dave,17218,326,0.018581851345189238,327.8022128005576,66.0353471583433,4.0,2110.0,0.0,0,False,15839,651,728,-inf,False,,,,,
Bull_lodging_Elena,17211,333,0.018980848153214776,6.444120039509616,1.7629855532611158,1.5,16.5,0.0,0,False,15834,649,728,-inf,False,,,,,
Bull_lodging_Graciela,17079,465,0.026504787961696308,12.125402541132384,2.47361190894563,1.5,34.5,0.0,0,False,15701,650,728,-inf,False,,,,,
Bull_lodging_Hugo,17229,315,0.017954856361149112,72.28768355679378,25.64671709081249,13.0,1140.0,0.0,0,True,15847,654,728,-inf,False,,,,,
Bull_lodging_Jeremiah,17213,331,0.01886684906520748,59.17417068494743,18.581485855160174,6.0,245.0,0.0,0,False,15834,651,728,-inf,False,,,,,
Bull_lodging_Leonard,17215,329,0.018752849977200184,34.36282311937264,6.658622439436043,4.0,114.0,0.0,0,False,15837,650,728,-inf,False,,,,,
Bull_lodging_Lettie,17213,331,0.01886684906520748,34.409341776564226,6.840234608204905,5.0,109.0,0.0,0,False,15836,649,728,-inf,False,,,,,
Bull_lodging_Melissa,17218,326,0.018581851345189238,252.04016145893831,43.88828524754093,2.0,1344.0,0.0,0,False,15839,651,728,-inf,False,,,,,
Bull_lodging_Perry,17244,300,0.01709986320109439,52.94406750173974,10.37098977200003,7.0,205.0,0.0,0,False,15866,650,728,-inf,False,,,,,
Bull_lodging_Terence,16050,1494,0.08515731874145006,25.99816199376947,13.284531082885012,2.0,575.0,0.0,0,True,14667,654,729,-inf,False,,,,,
Bull_lodging_Travis,17038,506,0.028841769265845873,847.7614450052823,304.64944125079387,6.0,12576.0,0.0,0,True,15659,651,728,-inf,False,,,,,
Bull_lodging_Xavier,17244,300,0.01709986320109439,9.338858733472511,5.782768931264925,0.48,62.4,0.0,0,False,15865,651,728,-inf,False,,,,,
Bull_office_Anne,17204,340,0.01937984496124031,20.747791211346197,2.555250509329472,4.0,59.0,0.0,0,False,15836,640,728,-inf,False,,,,,
Bull_office_Chantel,17086,458,0.02610579115367077,146.35675406765773,36.546695203913956,2.0,1035.0,0.0,0,False,15707,651,728,-inf,False,,,,,
Bull_office_Claudia,17242,302,0.017213862289101687,33.37968333140007,2.6901058265467297,3.0,104.0,0.0,0,False,15864,650,728,-inf,False,,,,,
Bull_office_Debbie,17191,353,0.020120839033287735,29.545488918620208,11.504503946546896,3.0,126.0,0.0,0,False,15812,651,728,-inf,False,,,,,
Bull_office_Efren,17263,281,0.01601687186502508,51.27275097028326,40.23668822487535,3.0,2081.0,0.0,0,True,15879,655,729,-inf,False,,,,,
Bull_office_Ella,17238,306,0.01744186046511628,73.1405325443787,40.797780784284924,7.0,1842.0,0.0,0,True,15878,654,706,-inf,False,,,,,
Bull_office_Hilton,17068,476,0.027131782945736434,6.543063041949847,1.126760494352669,2.0,16.0,0.0,0,False,15701,639,728,-inf,False,,,,,
Bull_office_Ivette,17106,438,0.02496580027359781,23.866947269963756,5.511070414296262,2.0,87.0,0.0,0,False,15737,641,728,-inf,False,,,,,
Bull_office_Lilla,17248,296,0.0168718650250798,466.95269016697586,81.32840012807318,2.0,2677.0,0.0,0,False,15868,652,728,-inf,False,,,,,
Bull_office_Mai,9066,8478,0.4832421340629275,6.200033090668431,2.9121539888629346,2.0,21.0,0.0,0,False,9066,0,0,-inf,False,,,,,
Bull_office_Marco,16117,1427,0.08133834929320566,54.57485884469814,25.44604560155587,3.0,794.0,0.0,0,False,14734,654,729,-inf,False,,,,,
Bull_office_Myron,17134,410,0.023369813041495668,63.771769580950156,16.903627497084493,2.0,284.0,0.0,0,False,15755,651,728,-inf,False,,,,,
Bull_office_Nicolas,17092,452,0.025763793889648882,20.343201497776736,4.893765406690897,3.0,61.0,0.0,0,False,15715,649,728,-inf,False,,,,,
Bull_office_Rob,17152,392,0.022343821249430004,275.61412663246267,88.57929450400502,5.0,3170.0,0.0,0,True,15773,651,728,-inf,False,,,,,
Bull_office_Sally,17131,413,0.023540811673506613,91.22284163212889,78.97351331175767,2.0,4336.0,0.0,0,True,15747,655,729,-inf,False,,,,,
Bull_office_Trevor,13056,4488,0.2558139534883721,52.17945772058823,33.35316413466897,13.0,2249.0,0.0,0,True,11755,572,729,-inf,False,,,,,
Bull_office_Yvonne,17213,331,0.01886684906520748,165.63539185499332,45.41701418455886,3.0,699.0,0.0,0,False,15835,650,728,-inf,False,,,,,
Bull_public_Hyun,17216,328,0.018695850433196534,446.0458875464684,74.25814081329285,6.0,3895.0,0.0,0,True,15837,651,728,-inf,False,,,,,
Bull_public_Jefferson,17241,303,0.017270861833105337,38.595528101618235,12.588301109351919,3.0,150.0,0.0,0,False,15863,650,728,-inf,False,,,,,
Bull_services_Jeanmarie,17084,460,0.026219790241678066,45.13606298290799,12.184782173823235,11.0,192.0,0.0,0,False,15705,651,728,-inf,False,,,,,
Bull_services_Juanita,17085,459,0.02616279069767442,127.17011998829382,20.84729769686177,2.0,625.0,0.0,0,False,15706,651,728,-inf,False,,,,,
Bull_services_Nadine,17237,307,0.01749886000911993,119.79555607124209,17.782408376387654,8.0,577.0,0.0,0,False,15859,650,728,-inf,False,,,,,
Bull_services_Rachelle,17219,325,0.018524851801185592,105.10195133283001,22.719527141889007,10.0,427.0,0.0,0,False,15840,651,728,-inf,False,,,,,
Bull_services_Winford,17220,324,0.018467852257181942,47.477816492450636,12.541966777831169,4.0,204.0,0.0,0,False,15841,651,728,-inf,False,,,,,
Cockatoo_assembly_Britt,612,16932,0.9651162790697675,47.682965686274514,21.49145380541742,6.075,93.125,0.0,0,False,588,22,2,-inf,False,,,,,
Cockatoo_assembly_Doyle,16115,1429,0.08145234838121294,254.29440842693143,88.87361305117929,122.7,481.75,0.0,0,False,14651,720,744,-inf,False,,,,,
Cockatoo_assembly_Ed,16086,1458,0.08310533515731874,159.87180882755192,65.93011413933658,43.55,417.45,0.0,0,False,14622,720,744,-inf,False,,,,,
Cockatoo_assembly_Emilio,16117,1427,0.08133834929320566,263.29458594031144,69.44042812337062,99.775,439.05,0.0,0,False,14653,720,744,-inf,False,,,,,
Cockatoo_assembly_Evelyn,16061,1483,0.08453032375740994,7.156228858726108,4.326384223685132,1.025,36.475,0.0,0,False,14600,717,744,-inf,False,,,,,
Cockatoo_assembly_Fernanda,15511,2033,0.11588007295941632,84.81707874411708,19.571818844160788,32.325,149.275,0.0,0,False,14047,720,744,-inf,False,,,,,
Cockatoo_assembly_Genoveva,16108,1436,0.08185134518923849,14.726341463868886,6.4432198665821945,3.275,41.65,0.0,0,False,14644,720,744,-inf,False,,,,,
Cockatoo_assembly_Griselda,16119,1425,0.08122435020519836,38.29072834543086,13.123974472031096,15.575,74.425,0.0,0,False,14655,720,744,-inf,False,,,,,
Cockatoo_assembly_Heath,16118,1426,0.08128134974920201,129.92628116391612,55.857746168197586,30.875,327.325,0.0,0,False,14654,720,744,-inf,False,,,,,
Cockatoo_assembly_Meredith,16104,1440,0.08207934336525308,67.01602552781918,21.556200436301662,23.0,153.325,0.0,0,False,14640,720,744,-inf,False,,,,,
Cockatoo_assembly_Mimi,8029,9515,0.5423506611947104,7.491378104371653,3.8893544470259975,0.325,18.275,0.0,0,False,7384,379,266,-inf,False,,,,,
Cockatoo_assembly_Pierre,16115,1429,0.08145234838121294,15.269466341917468,3.687692993087013,6.65,30.525,0.0,0,False,14651,720,744,-inf,False,,,,,
Cockatoo_assembly_Ralph,10743,6801,0.38765389876880985,19.067970604114308,2.942185380458065,4.975,35.35,0.0,0,False,9279,720,744,-inf,False,,,,,
Cockatoo_assembly_Rodger,16104,1440,0.08207934336525308,85.5964077123696,24.34801883542302,43.475,172.65,0.0,0,False,14640,720,744,-inf,False,,,,,
Cockatoo_assembly_Tabitha,16113,1431,0.08156634746922024,12.114766021225098,3.7568204822748257,3.55,28.5,0.0,0,False,14649,720,744,-inf,False,,,,,
Cockatoo_assembly_Valencia,16117,1427,0.08133834929320566,109.59120546007321,62.103517999262124,7.1,256.125,0.0,0,False,14653,720,744,-inf,False,,,,,
Cockatoo_education_Amira,15911,1633,0.09308025535795714,47.36370384011062,14.64859174457635,2.875,108.075,0.0,0,False,14450,718,743,-inf,False,,,,,
Cockatoo_education_Arlen,16101,1443,0.08225034199726403,84.00337349854045,21.801308138043517,24.15,151.75,0.0,0,False,14637,720,744,-inf,False,,,,,
Cockatoo_education_Brendan,16114,1430,0.0815093479252166,69.70507841628398,12.23817314907682,48.325,110.925,0.0,0,False,14650,720,744,-inf,False,,,,,
Cockatoo_education_Brigitte,16118,1426,0.08128134974920201,713.2991257227944,113.80071379503954,165.025,991.575,0.0,0,False,14654,720,744,-inf,False,,,,,
Cockatoo_education_Charity,16102,1442,0.08219334245326038,267.5914306856291,27.23776285217792,180.225,369.525,0.0,0,False,14638,720,744,-inf,False,,,,,
Cockatoo_education_Christi,12775,4769,0.2718308253533972,4.319197643835616,2.142961756653939,0.2667,14.875,0.0,0,False,12264,511,0,-inf,False,,,,,
Cockatoo_education_Claudine,16115,1429,0.08145234838121294,38.73957803288861,5.86073035838396,24.225,63.625,0.0,0,False,14652,719,744,-inf,False,,,,,
Cockatoo_education_Clifton,16026,1518,0.08652530779753762,1.3334212092849125,0.13681778587119672,0.9,1.8,0.0,0,False,14563,719,744,-inf,False,,,,,
Cockatoo_education_Collin,16114,1430,0.0815093479252166,206.24204986967857,42.18678045176367,102.85,346.075,0.0,0,False,14650,720,744,-inf,False,,,,,
Cockatoo_education_Deloris,16051,1493,0.08510031919744641,75.7941047224472,8.489746852258559,34.6,105.7,0.0,0,False,14587,720,744,-inf,False,,,,,
Cockatoo_education_Doreen,16119,1425,0.08122435020519836,89.3928950307091,16.926233592124582,59.025,150.725,0.0,0,False,14655,720,744,-inf,False,,,,,
Cockatoo_education_Erik,16090,1454,0.08287733698130414,166.53524083281545,28.018780252103166,115.575,271.975,0.0,0,False,14626,720,744,-inf,False,,,,,
Cockatoo_education_Eunice,16111,1433,0.08168034655722754,390.8318850474831,96.77202563919863,86.0,728.2,0.0,0,False,14647,720,744,-inf,False,,,,,
Cockatoo_education_Evangeline,13954,3590,0.20462836297309622,211.01425637809945,24.375546101605796,156.425,283.325,0.0,0,False,13954,0,0,-inf,False,,,,,
Cockatoo_education_Flora,16113,1431,0.08156634746922024,870.1564952708993,46.26198972003083,564.05,1006.1,0.0,0,False,14649,720,744,-inf,False,,,,,
Cockatoo_education_Gussie,16112,1432,0.0816233470132239,301.2929048845581,34.67759947667406,195.95,435.825,0.0,0,False,14648,720,744,-inf,False,,,,,
Cockatoo_education_Helene,16101,1443,0.08225034199726403,116.17651129122417,18.758177731925453,80.825,181.725,0.0,0,False,14637,720,744,-inf,False,,,,,
Cockatoo_education_Jack,16114,1430,0.0815093479252166,7.467219002109967,2.8309825779256634,2.8,20.625,0.0,0,False,14650,720,744,-inf,False,,,,,
Cockatoo_education_Janet,16117,1427,0.08133834929320566,999.749694453062,115.96301276514833,479.15,1374.175,0.0,0,False,14653,720,744,-inf,False,,,,,
Cockatoo_education_Joeann,16043,1501,0.0855563155494756,393.66417492987597,178.39376269118097,167.925,811.6,0.0,0,False,14579,720,744,-inf,False,,,,,
Cockatoo_education_Joel,16119,1425,0.08122435020519836,6.075021198585521,1.3697975364599968,3.4,11.225,0.0,0,False,14655,720,744,-inf,False,,,,,
Cockatoo_education_Jon,16116,1428,0.08139534883720931,112.32658227848101,40.74930036564574,47.675,253.025,0.0,0,False,14652,720,744,-inf,False,,,,,
Cockatoo_education_Julia,16088,1456,0.08299133606931144,32.887858453505714,7.710973897470396,18.575,62.625,0.0,0,False,14626,718,744,-inf,False,,,,,
Cockatoo_education_Julio,16119,1425,0.08122435020519836,173.8777296978721,21.531415289174394,89.05,241.525,0.0,0,False,14655,720,744,-inf,False,,,,,
Cockatoo_education_June,16103,1441,0.08213634290925673,104.21731976029311,16.423390927857383,16.1,159.95,0.0,0,False,14639,720,744,-inf,False,,,,,
Cockatoo_education_Latrice,1568,15976,0.9106247150022799,2.085172193877551,4.307078259929867,0.025,17.9,0.0,0,False,1539,22,7,-inf,False,,,,,
Cockatoo_education_Laurence,16118,1426,0.08128134974920201,71.64535145799726,35.852077980405596,27.075,233.7,0.0,0,False,14654,720,744,-inf,False,,,,,
Cockatoo_education_Lionel,15990,1554,0.08857729138166895,330.90308943089434,39.27516477348157,246.7,481.15,0.0,0,False,14526,720,744,-inf,False,,,,,
Cockatoo_education_Magdalena,16117,1427,0.08133834929320566,10.95394873115344,4.8288666514198395,0.925,28.8,0.0,0,False,14654,719,744,-inf,False,,,,,
Cockatoo_education_Marva,16119,1425,0.08122435020519836,157.9962425212482,62.865356868934256,72.4,348.95,0.0,0,False,14655,720,744,-inf,False,,,,,
Cockatoo_education_Maynard,16114,1430,0.0815093479252166,20.915696487526372,8.688603290608922,6.025,64.1,0.0,0,False,14650,720,744,-inf,False,,,,,
Cockatoo_education_Mayra,14022,3522,0.20075239398084815,69.20700743831124,24.038369647009127,12.775,162.25,0.0,0,False,12558,720,744,-inf,False,,,,,
Cockatoo_education_Melanie,16114,1430,0.0815093479252166,16.820524599726944,12.04553385410106,2.7,100.05,0.0,0,False,14650,720,744,-inf,False,,,,,
Cockatoo_education_Minh,16075,1469,0.08373233014135886,44.89643805287713,8.606045734968454,24.05,77.025,0.0,0,False,14611,720,744,-inf,False,,,,,
Cockatoo_education_Nelda,16108,1436,0.08185134518923849,122.37900058356095,18.861349877589916,33.275,180.125,0.0,0,False,14644,720,744,-inf,False,,,,,
Cockatoo_education_Oliver,16119,1425,0.08122435020519836,168.27760923754576,28.89354748376548,21.7333,285.425,0.0,0,False,14655,720,744,-inf,False,,,,,
Cockatoo_education_Orlando,16119,1425,0.08122435020519836,235.36142233389168,46.01780058210904,162.3,382.75,0.0,0,False,14655,720,744,-inf,False,,,,,
Cockatoo_education_Rita,16118,1426,0.08128134974920201,12.670707178309964,5.6229258392651005,5.525,35.075,0.0,0,False,14654,720,744,-inf,False,,,,,
Cockatoo_education_Shawn,16119,1425,0.08122435020519836,121.02422348160556,28.75773265328437,61.65,213.525,0.0,0,False,14655,720,744,-inf,False,,,,,
Cockatoo_education_Sheryl,16119,1425,0.08122435020519836,471.4092639307649,50.97869167330601,296.85,623.55,0.0,0,False,14655,720,744,-inf,False,,,,,
Cockatoo_education_Terrence,16097,1447,0.08247834017327861,434.6338655153134,47.66421810097609,142.2,624.6,0.0,0,False,14634,720,743,-inf,False,,,,,
Cockatoo_education_Tyler,16116,1428,0.08139534883720931,770.3488065959294,47.80637101691846,548.8,925.55,0.0,0,False,14652,720,744,-inf,False,,,,,
Cockatoo_education_Victoria,16076,1468,0.08367533059735523,4.757714394127893,1.2460954151751,2.4,10.85,0.0,0,False,14612,720,744,-inf,False,,,,,
Cockatoo_industrial_Nathaniel,16043,1501,0.0855563155494756,82.85391813251886,68.2328247600245,4.65,235.45,0.0,0,False,14579,720,744,-inf,False,,,,,
Cockatoo_industrial_Sarita,16119,1425,0.08122435020519836,15.000469421179975,3.7831224696956025,7.45,26.95,0.0,0,False,14655,720,744,-inf,False,,,,,
Cockatoo_lodging_Aimee,16114,1430,0.0815093479252166,33.696541820776964,7.666710443259683,16.5,65.275,0.0,0,False,14652,718,744,-inf,False,,,,,
Cockatoo_lodging_Albert,16118,1426,0.08128134974920201,70.86044483806923,16.28441812787877,31.5,123.6,0.0,0,False,14654,720,744,-inf,False,,,,,
Cockatoo_lodging_Alicia,16061,1483,0.08453032375740994,24.15613598779653,5.67905046715907,11.875,45.875,0.0,0,False,14597,720,744,-inf,False,,,,,
Cockatoo_lodging_Ana,16118,1426,0.08128134974920201,13.026547431443108,4.521693032699128,4.45,30.35,0.0,0,False,14655,719,744,-inf,False,,,,,
Cockatoo_lodging_Carmen,16119,1425,0.08122435020519836,17.627545133072772,6.432254820582177,5.925,39.575,0.0,0,False,14655,720,744,-inf,False,,,,,
Cockatoo_lodging_Cletus,16108,1436,0.08185134518923849,83.69257408740998,19.44174643366984,15.225,142.15,0.0,0,False,14645,719,744,-inf,False,,,,,
Cockatoo_lodging_Elvia,16115,1429,0.08145234838121294,257.33890214706804,59.931119730009264,147.2,421.85,0.0,0,False,14651,720,744,-inf,False,,,,,
Cockatoo_lodging_Emory,16109,1435,0.08179434564523484,80.41367455459682,19.829542156890366,29.55,137.1,0.0,0,False,14645,720,744,-inf,False,,,,,
Cockatoo_lodging_Eric,16119,1425,0.08122435020519836,19.214975091506915,7.207991419336786,5.025,41.575,0.0,0,False,14655,720,744,-inf,False,,,,,
Cockatoo_lodging_Homer,16119,1425,0.08122435020519836,265.49154723618085,34.87168164059766,151.5,373.6,0.0,0,False,14655,720,744,-inf,False,,,,,
Cockatoo_lodging_Jarrod,15470,2074,0.1182170542635659,61.589271170006455,29.937885842579394,0.6,119.125,0.0,0,False,14036,713,721,-inf,False,,,,,
Cockatoo_lodging_Javier,16119,1425,0.08122435020519836,93.564749165581,22.434654184855912,44.15,175.825,0.0,0,False,14655,720,744,-inf,False,,,,,
Cockatoo_lodging_Jim,16119,1425,0.08122435020519836,50.95152201749488,8.16693491255261,21.2,78.9,0.0,0,False,14655,720,744,-inf,False,,,,,
Cockatoo_lodging_Jimmie,15217,2327,0.13263793889648884,183.58276982322403,23.03799080503486,117.35,259.025,0.0,0,False,13753,720,744,-inf,False,,,,,
Cockatoo_lodging_Johnathan,16119,1425,0.08122435020519836,8.986448191575159,2.14307335680588,4.625,16.3,0.0,0,False,14655,720,744,-inf,False,,,,,
Cockatoo_lodging_Josephine,16111,1433,0.08168034655722754,81.12447914468376,29.677104512754212,28.275,205.8,0.0,0,False,14647,720,744,-inf,False,,,,,
Cockatoo_lodging_Judi,16119,1425,0.08122435020519836,15.089651442397171,5.681413431714079,4.775,36.625,0.0,0,False,14655,720,744,-inf,False,,,,,
Cockatoo_lodging_Katharine,16113,1431,0.08156634746922024,26.194784236330914,6.149748812928746,11.75,54.75,0.0,0,False,14649,720,744,-inf,False,,,,,
Cockatoo_lodging_Kerri,14326,3218,0.18342453260373917,18.36015694541393,4.592736233969096,8.8,33.425,0.0,0,False,12863,719,744,-inf,False,,,,,
Cockatoo_lodging_Kyle,16119,1425,0.08122435020519836,232.1631501147714,61.78950578759071,113.125,402.15,0.0,0,False,14655,720,744,-inf,False,,,,,
Cockatoo_lodging_Lana,16103,1441,0.08213634290925673,33.676104868658015,9.007424939071917,13.7333,72.575,0.0,0,False,14646,719,738,-inf,False,,,,,
Cockatoo_lodging_Linwood,16119,1425,0.08122435020519836,17.986606904894845,5.9468919092419465,5.1,42.775,0.0,0,False,14655,720,744,-inf,False,,,,,
Cockatoo_lodging_Lynne,16119,1425,0.08122435020519836,127.35484986041318,34.559385194353204,58.625,241.15,0.0,0,False,14655,720,744,-inf,False,,,,,
Cockatoo_lodging_Mandy,16102,1442,0.08219334245326038,12.26865862625761,2.256068724489227,6.85,21.575,0.0,0,False,14639,719,744,-inf,False,,,,,
Cockatoo_lodging_Olga,16119,1425,0.08122435020519836,68.96781954835907,33.355678775194654,20.125,168.575,0.0,0,False,14655,720,744,-inf,False,,,,,
Cockatoo_lodging_Raphael,16119,1425,0.08122435020519836,95.73441849990695,30.213302072506966,37.75,202.525,0.0,0,False,14655,720,744,-inf,False,,,,,
Cockatoo_lodging_Tesha,16088,1456,0.08299133606931144,21.340473731974143,5.700577392356021,11.525,44.475,0.0,0,False,14624,720,744,-inf,False,,,,,
Cockatoo_lodging_Tessie,16115,1429,0.08145234838121294,228.54340985417318,68.38057340802867,94.25,430.875,0.0,0,False,14651,720,744,-inf,False,,,,,
Cockatoo_office_Ada,13749,3795,0.21631326949384405,432.774246607026,42.118874491302535,211.825,605.15,0.0,0,False,12285,720,744,-inf,False,,,,,
Cockatoo_office_Alton,16119,1425,0.08122435020519836,97.78880875364477,25.27116433612976,42.3,195.375,0.0,0,False,14655,720,744,-inf,False,,,,,
Cockatoo_office_Christy,16112,1432,0.0816233470132239,191.84691739697118,36.15408214361624,100.525,347.975,0.0,0,False,14649,719,744,-inf,False,,,,,
Cockatoo_office_Delores,16119,1425,0.08122435020519836,72.64216298157456,15.795418101852011,46.175,125.95,0.0,0,False,14655,720,744,-inf,False,,,,,
Cockatoo_office_Elbert,16085,1459,0.0831623347013224,29.796941249611443,6.905317739789752,12.775,58.175,0.0,0,False,14621,720,744,-inf,False,,,,,
Cockatoo_office_Gail,16112,1432,0.0816233470132239,21.465838610973183,8.611534620991833,4.8,57.05,0.0,0,False,14648,720,744,-inf,False,,,,,
Cockatoo_office_Georgia,16118,1426,0.08128134974920201,244.44475068246678,41.29736955488134,148.05,392.85,0.0,0,False,14654,720,744,-inf,False,,,,,
Cockatoo_office_Giovanni,16087,1457,0.0830483356133151,131.34804604338908,26.009752786842213,82.125,226.425,0.0,0,False,14623,720,744,-inf,False,,,,,
Cockatoo_office_Jimmy,16104,1440,0.08207934336525308,13.712207116244409,6.205329217100285,3.375,48.7,0.0,0,False,14640,720,744,-inf,False,,,,,
Cockatoo_office_Jodie,16113,1431,0.08156634746922024,52.719716980078196,11.836413983795742,27.45,100.425,0.0,0,False,14649,720,744,-inf,False,,,,,
Cockatoo_office_Kristin,16112,1432,0.0816233470132239,110.50728907646474,13.220378156558452,47.025,158.875,0.0,0,False,14648,720,744,-inf,False,,,,,
Cockatoo_office_Laila,16111,1433,0.08168034655722754,222.50213102848986,27.00272558185073,165.4,309.875,0.0,0,False,14647,720,744,-inf,False,,,,,
Cockatoo_office_Lorraine,16072,1472,0.08390332877336981,6.75955181060229,2.285494741694844,2.15,16.6,0.0,0,False,14608,720,744,-inf,False,,,,,
Cockatoo_office_Margaret,16100,1444,0.08230734154126768,3.2416149068322975,0.8237008413653533,1.25,6.65,0.0,0,False,14636,720,744,-inf,False,,,,,
Cockatoo_office_Paige,16119,1425,0.08122435020519836,109.06809356659844,23.9588712151982,61.175,178.6,0.0,0,False,14655,720,744,-inf,False,,,,,
Cockatoo_office_Pansy,16114,1430,0.0815093479252166,54.539642534442095,20.146855488750163,24.225,122.525,0.0,0,False,14650,720,744,-inf,False,,,,,
Cockatoo_office_Rodney,16119,1425,0.08122435020519836,131.3717171226503,38.567561547409774,67.05,247.75,0.0,0,False,14655,720,744,-inf,False,,,,,
Cockatoo_office_Roxanna,16095,1449,0.08259233926128591,7.743552873563218,1.7800489552148422,4.2,14.8,0.0,0,False,14633,720,742,-inf,False,,,,,
Cockatoo_public_Caleb,16110,1434,0.08173734610123119,181.7870277094972,54.14918369990437,83.35,316.35,0.0,0,False,14652,714,744,-inf,False,,,,,
Cockatoo_public_Chiquita,16114,1430,0.0815093479252166,88.26020954449548,23.267182559131548,41.225,158.575,0.0,0,False,14655,720,739,-inf,False,,,,,
Cockatoo_public_Harland,16107,1437,0.08190834473324213,50.67414994101944,11.618339099706661,20.175,85.15,0.0,0,False,14649,720,738,-inf,False,,,,,
Cockatoo_public_Leah,16118,1426,0.08128134974920201,167.61529294577494,40.432437734064656,66.6667,263.825,0.0,0,False,14654,720,744,-inf,False,,,,,
Cockatoo_public_Shad,16113,1431,0.08156634746922024,129.7741606094458,37.26290838750296,60.05,278.575,0.0,0,False,14649,720,744,-inf,False,,,,,
Cockatoo_public_Valerie,16119,1425,0.08122435020519836,441.57271904584655,50.380247901758416,353.65,619.125,0.0,0,False,14655,720,744,-inf,False,,,,,
Cockatoo_religion_Diedre,16119,1425,0.08122435020519836,5.863609212730317,3.27391703056619,0.675,16.25,0.0,0,False,14655,720,744,-inf,False,,,,,
Cockatoo_science_Rex,16117,1427,0.08133834929320566,185.18961706893344,33.25335993939339,60.9,287.15,0.0,0,False,14653,720,744,-inf,False,,,,,
Cockatoo_utility_Kimiko,14518,3026,0.17248062015503876,78.69808915139828,60.18502128697684,7.3,242.6,0.0,0,False,13054,720,744,-inf,False,,,,,
Cockatoo_utility_Sherri,16115,1429,0.08145234838121294,56.46498501396214,25.337188856274814,27.775,127.5,0.0,0,False,14651,720,744,-inf,False,,,,,
Crow_education_Kate,15437,2107,0.12009803921568628,74.3636998769191,19.599302912779116,35.844,135.562,0.0,0,False,14886,551,0,-inf,False,,,,,
Crow_education_Keisha,16272,1272,0.07250341997264022,295.7845151179941,51.61291292266626,10.25,462.375,0.0,0,False,16056,216,0,-inf,False,,,,,
Crow_education_Marlin,16308,1236,0.0704514363885089,220.8186877606083,133.9784371458634,64.188,711.0,0.0,0,False,15756,552,0,-inf,False,,,,,
Crow_education_Omer,16281,1263,0.07199042407660738,337.4609255573982,116.56580433924105,159.0,918.0,0.0,0,False,16067,214,0,-inf,False,,,,,
Crow_education_Winston,16538,1006,0.05734154126766986,315.78013236183335,124.83885445073663,9.5,658.5,0.0,0,False,15987,551,0,-inf,False,,,,,
Eagle_assembly_Benny,17431,113,0.006440948472412221,49.56256778727555,20.901156038193555,9.3438,119.125,0.0,0,False,15968,719,744,87.77638709439674,False,,,,,
Eagle_assembly_Candice,17345,199,0.011342909256725946,39.53548093398674,49.70463088440277,5.0,297.3536,0.0,0,False,15882,719,744,-inf,False,,,,,
Eagle_assembly_Estelle,17360,184,0.010487916096671226,11.53721198156682,4.906686641082097,4.0,40.0,0.0,0,False,15897,720,743,-inf,False,,,,,
Eagle_assembly_Herbert,17423,121,0.006896944824441404,68.76160215232737,33.69403984002364,1.26,175.5,0.0,0,False,15969,714,740,88.20751310325386,False,,,,,
Eagle_assembly_Ian,17374,170,0.009689922480620155,448.6137331644987,162.75547021608116,21.0,1363.0,0.0,0,False,15910,720,744,87.1395780328961,False,,,,,
Eagle_assembly_Josie,17222,322,0.018353853169174646,192.8363238764371,74.71103585118016,4.9987,700.8957,0.0,0,False,15758,720,744,-inf,False,,,,,
Eagle_assembly_Lacy,16852,692,0.039443684450524395,120.63247562900544,20.08583520552364,5.625,204.7626,0.0,0,False,15443,668,741,-inf,False,,,,,
Eagle_assembly_Latrina,16345,1199,0.06834245326037391,154.73034638727438,89.43297132365589,23.9987,1528.7509,0.0,0,False,14955,720,670,-inf,False,,,,,
Eagle_assembly_Margret,17118,426,0.024281805745554035,391.0615882229232,86.68224897939805,89.9119,570.9375,0.0,0,False,15654,720,744,-inf,False,,,,,
Eagle_assembly_Noel,0,17544,1.0,,,,,,0,False,0,0,0,-inf,False,,,,,
Eagle_assembly_Portia,17352,192,0.01094391244870041,130.91408917127708,54.52342321584368,25.0084,354.7187,0.0,0,False,15888,720,744,-inf,False,,,,,
Eagle_education_Alberto,16425,1119,0.06378248974008208,463.76300608828006,53.07262944015128,113.0,625.263,0.0,0,False,15422,720,283,-inf,False,,,,,
Eagle_education_April,13113,4431,0.25256497948016415,51.81021093571265,6.263764803846234,31.0,99.0,0.0,0,False,11650,720,743,-inf,False,,,,,
Eagle_education_Brianne,16672,872,0.04970360237118103,422.1145202135317,90.44809065918992,98.0,785.0,0.0,0,False,15208,720,744,-inf,False,,,,,
Eagle_education_Brooke,17506,38,0.002165982672138623,909.7943854449902,81.84591425973045,238.7087,1147.3806,0.0,0,False,16048,720,738,85.46410256680277,False,,,,,
Eagle_education_Cassie,8479,9065,0.5167008663930689,67.3840194716358,23.442101513147087,15.6078,170.25,0.0,0,False,7015,720,744,-inf,False,,,,,
Eagle_education_Edith,16827,717,0.040868673050615596,176.28752789564393,61.00342168642319,59.6201,372.4789,0.0,0,False,15365,718,744,-inf,False,,,,,
Eagle_education_Eileen,16350,1194,0.06805745554035568,42.962524366972474,9.229300370001184,15.6001,77.4435,0.0,0,False,15348,720,282,-inf,False,,,,,
Eagle_education_Jewell,16045,1499,0.08544231646146831,243.7821927329386,30.26469012808093,15.9974,468.9927,0.0,0,False,14585,718,742,-inf,False,,,,,
Eagle_education_Lino,17359,185,0.010544915640674874,189.00368104729537,48.41872525999464,50.7776,373.1087,0.0,0,False,15896,720,743,-inf,False,,,,,
Eagle_education_Luther,17461,83,0.0047309621523027815,473.174413590287,33.83872356084769,9.996,666.0,0.0,0,False,15997,720,744,85.25249930838777,False,,,,,
Eagle_education_Maragret,17332,212,0.01208390332877337,22.05279252250173,4.684392125912342,5.4,47.0,0.0,0,False,15869,720,743,-inf,False,,,,,
Eagle_education_Norah,17435,109,0.006212950296397629,495.39994264410666,33.66219117083363,131.0,642.0,0.0,0,False,15971,720,744,85.13684442551659,False,,,,,
Eagle_education_Paul,15036,2508,0.1429548563611491,28.971319459962757,8.534257470321654,12.7441,77.6231,0.0,0,False,14034,720,282,-inf,False,,,,,
Eagle_education_Peter,17411,133,0.00758093935248518,1554.7334080351502,164.32478463012333,249.0,1989.0695,0.0,0,False,15948,719,744,85.33784281052654,False,,,,,
Eagle_education_Petra,17365,179,0.010202918376652987,66.91379211056723,8.784065183024365,47.0,143.0,0.0,0,False,15901,720,744,-inf,False,,,,,
Eagle_education_Raul,17421,123,0.0070109439124487,657.6234758854256,53.956219684399045,137.1723,839.9879,0.0,0,False,15958,719,744,85.19469799061547,False,,,,,
Eagle_education_Roman,17369,175,0.009974920200638395,693.734124014048,56.48176394959342,115.0,902.0,0.0,0,False,15905,720,744,85.01213242607017,False,,,,,
Eagle_education_Samantha,17531,13,0.0007409940720474236,267.4636802977583,34.158693215404966,85.8438,430.7656,0.0,0,False,16067,720,744,85.9133907779488,False,,,,,
Eagle_education_Shana,16380,1164,0.06634746922024624,49.55455202686202,5.426461301163317,17.9459,66.7025,0.0,0,False,15377,720,283,-inf,False,,,,,
Eagle_education_Shanna,17372,172,0.00980392156862745,297.52406170849645,57.06822739351753,96.0,529.0,0.0,0,False,15908,720,744,85.85034316233921,False,,,,,
Eagle_education_Shante,16803,741,0.04223666210670315,624.8254190739749,48.878832086949025,320.9907,779.8549,0.0,0,False,15339,720,744,-inf,False,,,,,
Eagle_education_Sheena,15036,2508,0.1429548563611491,30.914938441074753,9.106444317262868,13.599,82.83,0.0,0,False,14034,720,282,-inf,False,,,,,
Eagle_education_Sherrill,17452,92,0.005243958048335613,694.2579338070136,66.84828230878803,112.0032,877.1143,0.0,0,False,15989,720,743,85.39407705893639,False,,,,,
Eagle_education_Teresa,17475,69,0.00393296853625171,101.5817395364807,17.695153508486364,2.7216,170.4598,0.0,0,False,16011,720,744,86.07049342413863,False,,,,,
Eagle_education_Wesley,17365,179,0.010202918376652987,128.1588828102505,34.85729092907653,42.0,281.0,0.0,0,False,15901,720,744,-inf,False,,,,,
Eagle_education_Will,17464,80,0.004559963520291838,112.61103555886395,11.501781128990242,82.75,171.25,0.0,0,False,16000,720,744,85.49243153963003,False,,,,,
Eagle_food_Jennifer,15301,2243,0.1278499772001824,98.44686259721588,68.41416629729967,0.2745,514.9383,0.0,0,False,14690,0,611,-inf,False,,,,,
Eagle_food_Kay,17092,452,0.025763793889648882,189.4272827872689,82.2377232384494,21.5942,396.0049,0.0,0,False,15628,720,744,-inf,False,,,,,
Eagle_health_Amy,17364,180,0.010259917920656635,80.25912518428933,34.67891643009297,18.4105,213.3931,0.0,0,False,15901,720,743,-inf,False,,,,,
Eagle_health_Athena,14368,3176,0.18103055175558597,362.1890097995546,124.16525438918586,93.0,719.8281,0.0,0,False,12904,720,744,-inf,False,,,,,
Eagle_health_Gregoria,13010,4534,0.2584359325125399,582.3191861029978,58.13745548940412,194.6453,759.3842,0.0,0,False,12542,0,468,-inf,False,,,,,
Eagle_health_Jodi,17442,102,0.005813953488372093,179.34226742919392,44.85748827147441,22.1314,316.3053,0.0,0,False,15978,720,744,86.52707953279466,False,,,,,
Eagle_health_Lucinda,17412,132,0.007523939808481532,572.0992419021364,58.0777225218,165.0,951.0,0.0,0,False,15963,720,729,85.10832720907179,False,,,,,
Eagle_health_Margo,16351,1193,0.06800045599635203,58.20979677083971,8.096924969701913,39.8141,82.1219,0.0,0,False,15350,718,283,-inf,False,,,,,
Eagle_health_Reba,17361,183,0.010430916552667579,409.77195207649333,64.89026938393023,209.73,688.18,0.0,0,False,15897,720,744,-inf,False,,,,,
Eagle_health_Reuben,17291,253,0.014420884632922936,223.303942785264,44.29718984050854,54.0,399.0,0.0,0,False,15901,720,670,-inf,False,,,,,
Eagle_health_Trisha,17435,109,0.006212950296397629,306.04007800401484,46.86905450652099,37.59,497.68,0.0,0,False,15971,720,744,85.77582388145619,False,,,,,
Eagle_health_Vincenza,17440,104,0.005927952576379389,53.569170051605504,20.647063879615594,17.375,102.5938,0.0,0,False,15980,719,741,87.49471107750149,False,,,,,
Eagle_lodging_Andy,17471,73,0.004160966712266302,54.973940987922845,16.337905226901047,0.8668,109.0605,0.0,0,False,16007,720,744,86.97929424263201,False,,,,,
Eagle_lodging_Blake,12138,5406,0.3081395348837209,19.592873133959465,9.137967105687272,2.736,60.8696,0.0,0,False,12138,0,0,-inf,False,,,,,
Eagle_lodging_Casey,17352,192,0.01094391244870041,77.99312332872292,19.418061855556566,18.8016,142.1389,0.0,0,False,15888,720,744,-inf,False,,,,,
Eagle_lodging_Dawn,17353,191,0.010886912904696762,73.95929099867458,18.0589247223873,17.5618,139.3522,0.0,0,False,15889,720,744,-inf,False,,,,,
Eagle_lodging_Edgardo,17365,179,0.010202918376652987,50.001563489778285,14.636810647034649,14.78,102.76,0.0,0,False,15901,720,744,-inf,False,,,,,
Eagle_lodging_Garland,0,17544,1.0,,,,,,0,False,0,0,0,-inf,False,,,,,
Eagle_lodging_Stephanie,17335,209,0.011912904696762426,79.33054513989039,15.354914686798102,39.0,143.0,0.0,0,False,15871,720,744,-inf,False,,,,,
Eagle_lodging_Terri,16768,776,0.044231646146830825,108.58836915553437,35.42802974074925,36.4472,305.1787,0.0,0,False,15306,718,744,-inf,False,,,,,
Eagle_lodging_Tressa,17365,179,0.010202918376652987,65.12997408580478,13.042325499999334,32.0,130.0,0.0,0,False,15901,720,744,-inf,False,,,,,
Eagle_lodging_Trina,17365,179,0.010202918376652987,47.27794701986755,14.418817270419856,7.73,100.1,0.0,0,False,15901,720,744,-inf,False,,,,,
Eagle_office_Amanda,16393,1151,0.06560647514819881,296.39273767461725,61.834244463548686,27.8906,669.6724,0.0,0,False,15365,546,482,-inf,False,,,,,
Eagle_office_Amie,14193,3351,0.19100547195622436,464.7628947086593,59.61263254746386,282.555,549.5825,0.0,0,False,12729,720,744,-inf,False,,,,,
Eagle_office_Bridgett,17423,121,0.006896944824441404,195.46552457670896,37.516483917178,99.8429,350.7107,0.0,0,False,15961,718,744,86.02568846106155,False,,,,,
Eagle_office_Chantelle,16279,1265,0.07210442316461468,32.99268518336507,9.424375405032057,12.297,67.6302,0.0,0,False,14815,720,744,-inf,False,,,,,
Eagle_office_Chauncey,16474,1070,0.06098951208390333,551.2278061126623,89.39861238861958,6.7109,783.7851,0.0,0,False,15471,720,283,-inf,False,,,,,
Eagle_office_Dallas,17383,161,0.009176926584587323,52.38869494908819,18.456310141716614,24.625,134.0625,0.0,0,False,15919,720,744,87.09160189473616,False,,,,,
Eagle_office_Damian,16772,772,0.04400364797081623,180.01538437872645,45.997391886157686,82.8934,315.9463,0.0,0,False,15308,720,744,-inf,False,,,,,
Eagle_office_Demetra,17365,179,0.010202918376652987,153.7527785775986,60.863130271597555,36.0,287.0,0.0,0,False,15901,720,744,-inf,False,,,,,
Eagle_office_Donovan,17439,105,0.005984952120383037,65.76999905384483,27.881074098644646,12.6,217.67,0.0,0,False,15976,720,743,87.80684560307473,False,,,,,
Eagle_office_Efrain,17364,180,0.010259917920656635,48.29479610112878,16.217809376856554,16.5015,112.1115,0.0,0,False,15900,720,744,-inf,False,,,,,
Eagle_office_Elia,16829,715,0.0407546739626083,140.67105178560817,51.902199186920235,33.2383,301.6349,0.0,0,False,15365,720,744,-inf,False,,,,,
Eagle_office_Elias,16772,772,0.04400364797081623,84.92540345814452,21.70022401637949,39.1066,149.0537,0.0,0,False,15308,720,744,-inf,False,,,,,
Eagle_office_Elvis,17363,181,0.010316917464660283,48.44589068709325,18.483120704632185,14.0,126.0,0.0,0,False,15900,720,743,-inf,False,,,,,
Eagle_office_Flossie,16376,1168,0.06657546739626083,155.58991613947242,30.401382222696846,49.6875,293.875,0.0,0,False,14913,720,743,-inf,False,,,,,
Eagle_office_Francis,17364,180,0.010259917920656635,351.8110458419719,35.24851633459011,268.0,537.0,0.0,0,False,15901,720,743,-inf,False,,,,,
Eagle_office_Freida,17357,187,0.01065891472868217,60.73278792418044,19.092317893490108,2.0,118.0,0.0,0,False,15900,720,737,-inf,False,,,,,
Eagle_office_Henriette,17460,84,0.0047879616963064295,29.645288865979385,8.002965937201504,11.9967,60.0,0.0,0,False,15997,720,743,86.72396214867058,False,,,,,
Eagle_office_Isidro,17346,198,0.011285909712722298,22.796264268419232,11.909222726612738,6.0,76.0,0.0,0,False,15882,720,744,-inf,False,,,,,
Eagle_office_Jackie,17363,181,0.010316917464660283,70.06980360536774,15.27152809110152,38.0,138.0,0.0,0,False,15899,720,744,-inf,False,,,,,
Eagle_office_Jeff,17365,179,0.010202918376652987,44.66323063633746,14.862003823836652,18.0,122.0,0.0,0,False,15901,720,744,-inf,False,,,,,
Eagle_office_Joette,8073,9471,0.53984268125855,270.5461414591849,55.740727888015115,74.0,489.0,0.0,0,False,6609,720,744,-inf,False,,,,,
Eagle_office_Katheleen,16829,715,0.0407546739626083,108.27425636104344,45.6577135072409,25.9923,454.5784,0.0,0,False,15365,720,744,-inf,False,,,,,
Eagle_office_Lamont,16377,1167,0.06651846785225718,32.57170791964341,7.157899634789972,9.826,67.3974,0.0,0,False,15374,720,283,-inf,False,,,,,
Eagle_office_Lane,17328,216,0.012311901504787962,46.62309556786703,11.709795554653027,20.0,82.0,0.0,0,False,15879,720,729,-inf,False,,,,,
Eagle_office_Lillian,16973,571,0.03254673962608299,50.59434328050434,38.263897160301454,8.7861,174.6403,0.0,0,False,15524,720,729,-inf,False,,,,,
Eagle_office_Mable,17419,125,0.007124943000455996,15.991369866238019,4.755168638269609,7.0397,32.4814,0.0,0,False,15958,720,741,86.76236906493519,False,,,,,
Eagle_office_Mandi,16380,1164,0.06634746922024624,17.238026312576316,1.8877216457637462,6.2427,23.2032,0.0,0,False,15377,720,283,-inf,False,,,,,
Eagle_office_Marisela,16360,1184,0.0674874601003192,139.98467786674814,30.27431050103008,10.7584,276.2033,0.0,0,False,15357,720,283,-inf,False,,,,,
Eagle_office_Michele,8074,9470,0.5397856817145463,167.20745603170673,25.592705272868393,92.0,293.0,0.0,0,False,6610,720,744,-inf,False,,,,,
Eagle_office_Nereida,16471,1073,0.061160510715914274,166.3500461477749,32.079267810743275,8.2,254.3625,0.0,0,False,15468,720,283,-inf,False,,,,,
Eagle_office_Norbert,16400,1144,0.06520747834017328,97.30084203658537,27.65735706573588,41.1472,215.0399,0.0,0,False,15397,720,283,-inf,False,,,,,
Eagle_office_Patrice,17365,179,0.010202918376652987,85.42886841347539,24.03728270576797,53.4,188.7,0.0,0,False,15901,720,744,-inf,False,,,,,
Eagle_office_Phyllis,16380,1164,0.06634746922024624,41.88337512210012,4.5865430140959464,15.1679,56.3771,0.0,0,False,15377,720,283,-inf,False,,,,,
Eagle_office_Randolph,17458,86,0.004901960784313725,110.1318327414366,35.970160497533726,8.56,261.38,0.0,0,False,15994,720,744,87.1554575304003,False,,,,,
Eagle_office_Remedios,16388,1156,0.06589147286821706,89.07797033805222,14.471688583092774,13.94,155.3089,0.0,0,False,15385,720,283,-inf,False,,,,,
Eagle_office_Ryan,17323,221,0.012596899224806201,26.374415516942793,7.755394094454632,4.0,65.0,0.0,0,False,15859,720,744,-inf,False,,,,,
Eagle_office_Sheree,17399,145,0.008264933880528956,41.65618713719179,18.01464257368353,12.0,90.0,0.0,0,False,15935,720,744,87.74755538670533,False,,,,,
Eagle_office_Sonya,17365,179,0.010202918376652987,182.0039735099338,34.97494206107434,85.0,306.0,0.0,0,False,15901,720,744,-inf,False,,,,,
Eagle_office_Tia,16350,1194,0.06805745554035568,188.3721466850153,40.46649708778536,68.3999,339.5565,0.0,0,False,15348,720,282,-inf,False,,,,,
Eagle_office_Yadira,17358,186,0.010601915184678522,131.50478059684295,47.783387041472565,45.6337,270.8196,0.0,0,False,15909,720,729,-inf,False,,,,,
Eagle_public_Alvin,17039,505,0.028784769721842227,105.6081378954164,21.01233108097884,63.6195,192.722,0.0,0,False,15576,720,743,-inf,False,,,,,
Eagle_public_Henry,17380,164,0.009347925216598267,29.478711162255465,18.56144450937091,2.0,113.0,0.0,0,False,15917,720,743,89.1481029026537,False,,,,,
Eagle_public_Minnie,17181,363,0.020690834473324215,149.70246202200104,35.36041325815615,54.0,318.0,0.0,0,False,15718,719,744,-inf,False,,,,,
Eagle_public_Missy,17070,474,0.027017783857729138,31.69496529584066,10.334607402314061,14.4562,143.0849,0.0,0,False,15861,465,744,-inf,False,,,,,
Eagle_public_Ola,17164,380,0.02165982672138623,130.76572069447678,37.033394384342635,8.0,226.0,0.0,0,False,15700,720,744,-inf,False,,,,,
Eagle_public_Pearle,16772,772,0.04400364797081623,355.6860542749821,125.93480910115599,96.3387,591.9273,0.0,0,False,15308,720,744,-inf,False,,,,,
Eagle_public_Preston,17456,88,0.005015959872321021,318.4433417907883,78.31080896254207,82.4,574.3125,0.0,0,False,15993,720,743,86.52998323216288,False,,,,,
Fox_assembly_Adrianne,17519,25,0.0014249886000911993,233.1324145213768,94.01813007518186,9.86,637.38,0.0,0,False,16056,720,743,87.92567558564816,False,,,,,
Fox_assembly_Audrey,17541,3,0.0001709986320109439,13.059622028390628,4.127993175244902,1.48,37.75,0.0,0,False,16077,720,744,87.36040201601833,False,,,,,
Fox_assembly_Boyce,17013,531,0.030266757865937074,347.1924451889731,100.85305459802771,31.45,875.33,0.0,0,False,15563,707,743,-inf,False,,,,,
Fox_assembly_Bradley,17025,519,0.029582763337893298,156.24771453744492,83.32375697336853,10.75,593.28,0.0,0,False,15565,720,740,-inf,False,,,,,
Fox_assembly_Carlos,17502,42,0.0023939808481532147,112.0681533539024,51.110509874236385,16.43,328.3,0.0,0,False,16040,719,743,88.26341766111754,False,,,,,
Fox_assembly_Cathy,17424,120,0.006839945280437756,57.62609848484849,15.32680497584604,0.69,97.99,0.0,0,False,16067,720,637,-inf,False,,,,,
Fox_assembly_Cecelia,17540,4,0.00022799817601459188,16.736885404789057,10.253770911741253,0.33,56.71,0.0,0,False,16077,720,743,89.56771753473055,False,,,,,
Fox_assembly_Christie,17519,25,0.0014249886000911993,20.900493749643243,12.285555891234903,0.49,69.78,0.0,0,False,16055,720,744,89.3230888392784,False,,,,,
Fox_assembly_Cindy,17533,11,0.0006269949840401277,49.52961273028005,10.431835045941625,1.34,85.55,0.0,0,False,16069,720,744,86.5420163718193,False,,,,,
Fox_assembly_Dixie,17527,17,0.0009689922480620155,73.03409254293376,62.20497907171393,3.89,263.88,0.0,0,False,16076,707,744,91.32979966985954,False,,,,,
Fox_assembly_Emma,17531,13,0.0007409940720474236,170.83958074268438,46.58032884918077,8.03,308.86,0.0,0,False,16070,720,741,86.9601330391068,False,,,,,
Fox_assembly_Gary,17541,3,0.0001709986320109439,91.64637363890314,16.077020468720335,16.95,146.29,0.0,0,False,16077,720,744,86.30542392998032,False,,,,,
Fox_assembly_Jerrod,16581,963,0.05489056087551299,1.8456347626801761,3.760235745689894,0.16,54.1,0.0,0,False,15205,659,717,-inf,False,,,,,
Fox_assembly_Johnnie,17485,59,0.0033629730962152302,336.37113869030605,98.07514948441272,0.09,529.83,0.0,0,False,16021,720,744,86.98498360574956,False,,,,,
Fox_assembly_Kathie,17242,302,0.017213862289101687,12.07714476278854,8.042040733472895,1.58,53.18,0.0,0,False,15818,717,707,-inf,False,,,,,
Fox_assembly_Lakeisha,17532,12,0.0006839945280437756,17.662475473420034,10.061077845602153,0.54,65.01,0.0,0,False,16071,720,741,89.19086357216503,False,,,,,
Fox_assembly_Leeanne,17534,10,0.0005699954400364797,18.236949925858337,6.834603590010068,1.33,41.6,0.0,0,False,16070,720,744,87.77655136593887,False,,,,,
Fox_assembly_Renna,17541,3,0.0001709986320109439,375.97311213727835,31.56066571954202,84.75,479.88,0.0,0,False,16077,720,744,85.61931965906285,False,,,,,
Fox_assembly_Sheldon,17541,3,0.0001709986320109439,99.40545806966534,32.05890816832012,13.08,193.66,0.0,0,False,16079,720,742,87.38165724786225,False,,,,,
Fox_assembly_Terrell,17415,129,0.007352941176470588,49.38180189491818,23.670263718658767,3.71,227.12,0.0,0,False,15953,720,742,88.12692966033039,False,,,,,
Fox_assembly_Tony,17542,2,0.00011399908800729594,81.93042184471554,24.155411288344567,10.34,139.93,0.0,0,False,16079,720,743,87.19093183791004,False,,,,,
Fox_education_Andre,17543,1,5.699954400364797e-05,454.5828592601037,51.91613347743788,22.15,640.88,0.0,0,False,16079,720,744,85.85312574427164,False,,,,,
Fox_education_Ashli,17540,4,0.00022799817601459188,28.945501140250858,11.120386997930865,3.27,56.53,0.0,0,False,16076,720,744,87.86769715246788,False,,,,,
Fox_education_Burton,17537,7,0.0003989968080255358,47.773013058105725,12.369327827831084,7.26,99.57,0.0,0,False,16076,720,741,86.87762807936643,False,,,,,
Fox_education_Carleen,17531,13,0.0007409940720474236,105.67714163481833,38.0470535472477,13.86,273.16,0.0,0,False,16067,720,744,87.65577332176582,False,,,,,
Fox_education_Charles,17523,21,0.0011969904240766074,15.817539234149404,6.945848717699206,0.31,54.64,0.0,0,False,16062,719,742,88.19472298360529,False,,,,,
Fox_education_Claire,17542,2,0.00011399908800729594,60.93583912894767,24.336192829818753,7.33,113.95,0.0,0,False,16078,720,744,87.98846542562622,False,,,,,
Fox_education_Claude,17517,27,0.0015389876880984952,971.1235633955587,44.76323850973977,26.41,1309.34,0.0,0,False,16066,707,744,85.25336781603923,False,,,,,
Fox_education_Cynthia,17387,157,0.008948928408572731,209.04200609650889,39.34273318925772,12.7,398.23,0.0,0,False,15948,720,719,-inf,False,,,,,
Fox_education_Delma,17510,34,0.001937984496124031,92.43503655054256,75.12351234685956,0.3,344.74,0.0,0,False,16078,718,714,-inf,False,,,,,
Fox_education_Dewayne,17528,16,0.0009119927040583675,77.52954301688729,30.50874429259988,10.15,174.34,0.0,0,False,16064,720,744,87.89661451365399,False,,,,,
Fox_education_Dominique,17531,13,0.0007409940720474236,184.29497176430323,23.0204875757796,40.01,275.06,0.0,0,False,16070,720,741,85.85205102211133,False,,,,,
Fox_education_Eddy,17541,3,0.0001709986320109439,296.78728464739754,84.37333426548919,37.81,498.49,0.0,0,False,16077,720,744,87.12190692252528,False,,,,,
Fox_education_Eldon,17539,5,0.00028499772001823985,195.19033639318093,14.98403148199795,42.29,235.82,0.0,0,False,16077,720,742,85.53176534212136,False,,,,,
Fox_education_Elizabeth,15130,2414,0.1375968992248062,476.53968341044276,143.3308737559984,10.58,852.91,0.0,0,False,13667,720,743,-inf,False,,,,,
Fox_education_Elois,17536,8,0.00045599635202918376,11.22022810218978,4.000077652984218,1.05,26.28,0.0,0,False,16074,720,742,87.61955283882583,False,,,,,
Fox_education_Elvira,17522,22,0.0012539899680802553,189.05839344823653,54.05848089901957,26.61,426.87,0.0,0,False,16058,720,744,87.06927584584513,False,,,,,
Fox_education_Etta,17524,20,0.0011399908800729594,198.68006961880846,53.463733379463065,30.97,389.17,0.0,0,False,16073,707,744,86.94981002897856,False,,,,,
Fox_education_Gayla,16320,1224,0.06976744186046512,61.83848039215687,23.814197705825897,8.82,130.97,0.0,0,False,14858,720,742,-inf,False,,,,,
Fox_education_Geoffrey,17537,7,0.0003989968080255358,120.09778468381137,16.28444812549187,12.61,174.69,0.0,0,False,16076,720,741,85.95268693481576,False,,,,,
Fox_education_Gloria,17532,12,0.0006839945280437756,660.4872011179558,49.00643298378234,67.45,800.45,0.0,0,False,16071,720,741,85.47511824684956,False,,,,,
Fox_education_Henrietta,17510,34,0.001937984496124031,29.51011821816105,24.059086414509093,0.8,144.92,0.0,0,False,16047,719,744,90.99834055916276,False,,,,,
Fox_education_Heriberto,17540,4,0.00022799817601459188,37.117000570125434,14.794504242683239,0.73,76.98,0.0,0,False,16076,720,744,87.97575298698237,False,,,,,
Fox_education_Jaclyn,17528,16,0.0009119927040583675,192.83681195801006,22.27360791300155,36.55,314.14,0.0,0,False,16077,707,744,85.81156762458204,False,,,,,
Fox_education_Jacqueline,11290,6254,0.35647514819881443,92.12040744021257,91.962680186761,0.01,283.64,0.0,0,False,10406,333,551,-inf,False,,,,,
Fox_education_Janina,17502,42,0.0023939808481532147,126.87541309564621,36.714490301994616,0.04,235.12,0.0,0,False,16051,707,744,87.02666878040401,False,,,,,
Fox_education_John,17223,321,0.018296853625171,56.98022469952969,24.094851809849963,3.6,140.52,0.0,0,False,16078,720,425,-inf,False,,,,,
Fox_education_Kendrick,17540,4,0.00022799817601459188,12.45165108323831,7.298984010438886,0.65,62.84,0.0,0,False,16078,720,742,89.3558336712365,False,,,,,
Fox_education_Kim,17538,6,0.0003419972640218878,57.51303341316001,19.548918810890434,5.27,107.38,0.0,0,False,16077,719,742,87.50187957846576,False,,,,,
Fox_education_Kris,17536,8,0.00045599635202918376,106.82972513686131,56.876447600529225,6.93,305.66,0.0,0,False,16076,717,743,88.95222055625102,False,,,,,
Fox_education_Leona,17540,4,0.00022799817601459188,271.1793289623717,60.13184919192739,49.85,445.85,0.0,0,False,16077,719,744,86.64938517662216,False,,,,,
Fox_education_Leota,17536,8,0.00045599635202918376,216.12684534671536,51.16370672397595,43.22,376.22,0.0,0,False,16072,720,744,86.74811517116487,False,,,,,
Fox_education_Lesley,17507,37,0.002108983128134975,13.322786885245902,8.999078576391824,1.2,77.93,0.0,0,False,16075,719,713,-inf,False,,,,,
Fox_education_Lilly,17445,99,0.005642954856361149,186.9226924620235,36.986510958954916,35.92,310.13,0.0,0,False,16072,720,653,-inf,False,,,,,
Fox_education_Long,17540,4,0.00022799817601459188,147.09477366020525,50.487269216864306,16.79,255.72,0.0,0,False,16077,720,743,87.547100682823,False,,,,,
Fox_education_Louie,17540,4,0.00022799817601459188,77.63158038768529,16.237219771790578,7.46,132.02,0.0,0,False,16078,720,742,86.52811891412875,False,,,,,
Fox_education_Marcelina,17450,94,0.005357957136342909,4.1255770773638964,4.550422607275513,0.25,36.0,0.0,0,False,16000,714,736,92.84333405988001,False,,,,,
Fox_education_Maris,15578,1966,0.1120611035111719,22.24529207857235,5.983012408786852,3.42,42.37,0.0,0,False,14115,720,743,-inf,False,,,,,
Fox_education_Marlana,17443,101,0.005756953944368445,177.99541535286357,21.13498140116017,28.74,247.29,0.0,0,False,16070,720,653,-inf,False,,,,,
Fox_education_Maureen,8758,8786,0.500797993616051,292.23987211692173,41.682884435176874,62.14,447.42,0.0,0,False,7295,719,744,-inf,False,,,,,
Fox_education_Melinda,17540,4,0.00022799817601459188,407.604721208666,67.64854567249816,29.91,620.41,0.0,0,False,16076,720,744,86.23106548687062,False,,,,,
Fox_education_Melvin,17445,99,0.005642954856361149,60.93497219833764,27.998401514900742,7.35,141.42,0.0,0,False,16071,720,654,-inf,False,,,,,
Fox_education_Miguelina,17529,15,0.0008549931600547196,94.16356837241143,42.03231087514235,4.4,321.86,0.0,0,False,16066,719,744,88.29651673694886,False,,,,,
Fox_education_Nilda,17541,3,0.0001709986320109439,135.8962026110256,36.1102465025842,12.59,257.46,0.0,0,False,16077,720,744,86.98263497955169,False,,,,,
Fox_education_Ollie,17542,2,0.00011399908800729594,107.93274883137613,21.936972731378045,15.61,182.0,0.0,0,False,16078,720,744,86.517510145556,False,,,,,
Fox_education_Otilia,17526,18,0.0010259917920656635,931.3824152687436,59.52270629723745,211.01,1087.23,0.0,0,False,16077,707,742,85.3908681190025,False,,,,,
Fox_education_Ray,17542,2,0.00011399908800729594,47.59754988028731,17.990468958254638,4.25,106.84,0.0,0,False,16079,719,744,87.82793868358321,False,,,,,
Fox_education_Rosie,17539,5,0.00028499772001823985,128.93653343976283,26.8234678428908,22.97,232.6,0.0,0,False,16076,720,743,86.52973085714147,False,,,,,
Fox_education_Rudolph,17408,136,0.007751937984496124,23.591174172794116,9.638235131371573,0.31,52.85,0.0,0,False,16076,720,612,-inf,False,,,,,
Fox_education_Shaun,15253,2291,0.1305859553123575,85.63214384055595,55.78267312654662,2.74,519.42,0.0,0,False,13791,719,743,-inf,False,,,,,
Fox_education_Shawanda,17539,5,0.00028499772001823985,11.438414960944181,10.38033225816182,0.48,60.89,0.0,0,False,16075,720,744,91.78913091283182,False,,,,,
Fox_education_Shirley,17310,234,0.013337893296853625,99.35495262853841,38.301438921698846,5.25,315.26,0.0,0,False,15902,719,689,-inf,False,,,,,
Fox_education_Stacia,17342,202,0.01151390788873689,76.93156902318071,10.239060812639357,1.21,97.81,0.0,0,False,15878,720,744,-inf,False,,,,,
Fox_education_Sterling,17538,6,0.0003419972640218878,22.354625384878553,16.189773908205538,0.46,65.23,0.0,0,False,16075,720,743,90.39772524012024,False,,,,,
Fox_education_Suzan,17429,115,0.0065549475604195166,40.838203568764705,16.460164924947136,0.01,137.75,0.0,0,False,15965,720,744,87.62963819613117,False,,,,,
Fox_education_Tamika,17536,8,0.00045599635202918376,150.7904065921533,49.15142619335519,13.15,339.44,0.0,0,False,16075,717,744,87.41732953818769,False,,,,,
Fox_education_Theodore,17538,6,0.0003419972640218878,270.32488710229217,14.864004752823814,64.8,309.6,0.0,0,False,16075,719,744,85.39187295877397,False,,,,,
Fox_education_Tonya,17541,3,0.0001709986320109439,169.9377373011801,18.493510205913946,31.34,247.16,0.0,0,False,16077,720,744,85.80592916843004,False,,,,,
Fox_education_Vernon,7447,10097,0.5755243958048336,59.404671679871086,30.62414853689503,7.67,212.77,0.0,0,False,7447,0,0,-inf,False,,,,,
Fox_education_Virgil,17539,5,0.00028499772001823985,89.59529220594105,9.946091614812964,19.53,120.69,0.0,0,False,16078,720,741,85.77516245290963,False,,,,,
Fox_education_Virginia,17493,51,0.0029069767441860465,10.141871605785171,8.234272678261636,0.49,67.3,0.0,0,False,16035,720,738,90.8342506611643,False,,,,,
Fox_education_Wendell,17537,7,0.0003989968080255358,531.9753156184067,38.435006908291314,122.04,640.86,0.0,0,False,16076,720,741,85.47760965521259,False,,,,,
Fox_education_Willis,17541,3,0.0001709986320109439,2433.4787412348214,243.310352639707,540.88,3193.57,0.0,0,False,16077,720,744,85.7396244405808,False,,,,,
Fox_education_Yolande,17542,2,0.00011399908800729594,522.5005392771634,50.38685033654218,117.18,691.64,0.0,0,False,16078,720,744,85.71641553316724,False,,,,,
Fox_food_Francesco,17539,5,0.00028499772001823985,60.72024117680598,23.161880739111318,9.55,134.19,0.0,0,False,16076,720,743,87.83035215475131,False,,,,,
Fox_food_Scott,17528,16,0.0009119927040583675,73.8154775216796,28.47552827605421,8.17,156.38,0.0,0,False,16065,720,743,87.82508729794915,False,,,,,
Fox_health_Lorena,17504,40,0.002279981760145919,41.973477490859224,13.26479050754033,5.93,105.0,0.0,0,False,16040,720,744,87.23341044452712,False,,,,,
Fox_lodging_Alana,17540,4,0.00022799817601459188,201.7845935005701,39.69212117878944,38.19,336.84,0.0,0,False,16076,720,744,86.46161068379152,False,,,,,
Fox_lodging_Angla,17525,19,0.0010829913360693114,117.93965820256777,40.92064337874977,6.49,224.46,0.0,0,False,16061,720,744,87.53723956996653,False,,,,,
Fox_lodging_Frances,17529,15,0.0008549931600547196,99.107022648183,15.308023946740317,0.85,171.21,0.0,0,False,16065,720,744,86.10714687092769,False,,,,,
Fox_lodging_Isabell,17540,4,0.00022799817601459188,27.695187001140248,4.281524323118432,5.85,44.78,0.0,0,False,16076,720,744,86.14577905882504,False,,,,,
Fox_lodging_Jina,17537,7,0.0003989968080255358,141.91429206819868,22.898214490395134,25.21,209.17,0.0,0,False,16073,720,744,86.18620334324157,False,,,,,
Fox_lodging_Morris,17526,18,0.0010259917920656635,23.453251169690745,3.825771514562264,1.18,35.37,0.0,0,False,16063,720,743,86.14842431447725,False,,,,,
Fox_lodging_Stephan,17524,20,0.0011399908800729594,30.460063341702803,4.949568816282227,5.9,49.64,0.0,0,False,16077,706,741,86.10998082037194,False,,,,,
Fox_lodging_Stephen,17541,3,0.0001709986320109439,82.21464625733995,16.964546532323695,13.94,137.78,0.0,0,False,16078,719,744,86.5373244211784,False,,,,,
Fox_lodging_Wallace,17540,4,0.00022799817601459188,350.69315450399085,62.896031997085664,58.92,507.36,0.0,0,False,16076,720,744,86.33142831562961,False,,,,,
Fox_lodging_Warren,17534,10,0.0005699954400364797,36.2424107448386,7.425692952214395,6.51,67.49,0.0,0,False,16073,720,741,86.46214967467338,False,,,,,
Fox_lodging_Winifred,17540,4,0.00022799817601459188,84.07878050171038,12.283622907051047,17.19,129.43,0.0,0,False,16076,720,744,86.08204451520652,False,,,,,
Fox_office_Alice,17540,4,0.00022799817601459188,360.738779931585,38.31738164648402,76.93,473.66,0.0,0,False,16077,720,743,85.7695231875418,False,,,,,
Fox_office_Bernard,17540,4,0.00022799817601459188,132.54492588369442,17.293138385572384,24.8,215.72,0.0,0,False,16077,720,743,85.95140435704751,False,,,,,
Fox_office_Berniece,17524,20,0.0011399908800729594,27.880494179411095,14.307435277443627,0.42,86.23,0.0,0,False,16061,719,744,88.7803761065639,False,,,,,
Fox_office_Brandy,17534,10,0.0005699954400364797,32.174773012432986,21.899755640313177,1.72,115.57,0.0,0,False,16071,720,743,90.05723357174527,False,,,,,
Fox_office_Carson,17540,4,0.00022799817601459188,51.70108608893957,16.037676449756354,2.57,99.61,0.0,0,False,16077,720,743,87.29937918321491,False,,,,,
Fox_office_Clayton,17542,2,0.00011399908800729594,87.69848249914492,38.98689664664154,8.65,216.27,0.0,0,False,16078,720,744,88.32733091511801,False,,,,,
Fox_office_Demetrius,17526,18,0.0010259917920656635,122.72094431130891,46.967615016855405,1.25,373.56,0.0,0,False,16065,720,741,87.76850906309873,False,,,,,
Fox_office_Easter,17435,109,0.006212950296397629,22.80462173788357,11.067879391684333,3.18,83.97,0.0,0,False,15979,717,739,88.20003062221753,False,,,,,
Fox_office_Edythe,17542,2,0.00011399908800729594,113.33007011743246,22.435355032734794,20.94,184.62,0.0,0,False,16079,720,743,86.46445455707116,False,,,,,
Fox_office_Essie,17525,19,0.0010829913360693114,34.66553837375178,34.97087621767546,0.23,164.32,0.0,0,False,16064,719,742,92.47419961763788,False,,,,,
Fox_office_Gaylord,17292,252,0.014363885088919288,162.81264399722414,79.31496699554738,10.63,456.84,0.0,0,False,15828,720,744,-inf,False,,,,,
Fox_office_Israel,17540,4,0.00022799817601459188,121.31287970353476,29.06966324185149,2.33,205.91,0.0,0,False,16077,720,743,86.7700707333162,False,,,,,
Fox_office_Joy,17535,9,0.0005129958960328317,182.00484231536925,42.69020064006991,15.15,336.59,0.0,0,False,16071,720,744,86.72838500651258,False,,,,,
Fox_office_Juana,17355,189,0.010772913816689466,18.94558398156151,9.66306153526428,2.77,75.25,0.0,0,False,15939,719,697,-inf,False,,,,,
Fox_office_Karima,17542,2,0.00011399908800729594,70.93463459126667,39.284236541174465,5.28,137.74,0.0,0,False,16078,720,744,89.14672728963252,False,,,,,
Fox_office_Margarita,17371,173,0.009860921112631099,19.150467445742905,5.727842037440317,2.12,42.2,0.0,0,False,15907,720,744,86.6515701481054,False,,,,,
Fox_office_Molly,17527,17,0.0009689922480620155,7.2076898499457975,5.363184894137807,0.08,36.03,0.0,0,False,16065,719,743,90.50911016504458,False,,,,,
Fox_office_Rowena,17521,23,0.0013109895120839033,36.893463843387934,13.160805237619758,0.34,85.58,0.0,0,False,16057,720,744,87.59677494742827,False,,,,,
Fox_office_Sheila,17538,6,0.0003419972640218878,9.318882996920971,4.573214974174916,0.07,27.83,0.0,0,False,16074,720,744,88.66008354952629,False,,,,,
Fox_office_Susanne,17541,3,0.0001709986320109439,17.67147768086198,9.546360145925622,1.9,58.91,0.0,0,False,16077,720,744,89.0413368068955,False,,,,,
Fox_office_Thelma,17542,2,0.00011399908800729594,124.38720955421276,45.987790976744506,9.5,225.17,0.0,0,False,16078,720,744,87.76602097475862,False,,,,,
Fox_office_Vicki,17533,11,0.0006269949840401277,146.81316260765414,36.418554419757484,2.57,261.24,0.0,0,False,16069,720,744,86.82283445436428,False,,,,,
Fox_office_Yong,17534,10,0.0005699954400364797,135.2295414623018,42.678401773438814,4.4,304.15,0.0,0,False,16070,720,744,87.3327979712867,False,,,,,
Fox_office_Zachary,17528,16,0.0009119927040583675,168.11033261068005,59.94243037072721,25.51,450.4,0.0,0,False,16067,720,741,87.57920292461465,False,,,,,
Fox_parking_Felipa,17491,53,0.0030209758321933424,61.71628837687955,11.589632039959088,1.07,93.51,0.0,0,False,16027,720,744,86.22715797325415,False,,,,,
Fox_parking_Lynelle,17541,3,0.0001709986320109439,13.041327746422667,5.196357891710021,1.49,24.9,0.0,0,False,16077,720,744,87.97813857536279,False,,,,,
Fox_parking_Tommie,17533,11,0.0006269949840401277,87.36138766896707,10.863705418867903,5.79,116.98,0.0,0,False,16070,719,744,85.8950325036704,False,,,,,
Fox_public_Bart,17540,4,0.00022799817601459188,132.06106670467503,51.385943724188074,9.49,223.16,0.0,0,False,16076,720,744,87.9046259171096,False,,,,,
Fox_public_Belle,17525,19,0.0010829913360693114,120.59662767475038,77.16305716165778,3.63,309.33,0.0,0,False,16061,720,744,89.73385229374955,False,,,,,
Fox_public_Denny,17537,7,0.0003989968080255358,142.674846895136,31.125296943941603,26.3,260.97,0.0,0,False,16073,720,744,86.61222614620237,False,,,,,
Fox_public_Lauren,17534,10,0.0005699954400364797,122.07822231093878,18.744035075813002,12.18,168.74,0.0,0,False,16070,720,744,86.11735917089675,False,,,,,
Fox_public_Martin,17533,11,0.0006269949840401277,183.83454913591515,23.561718129010583,19.51,242.76,0.0,0,False,16069,720,744,85.92364077565176,False,,,,,
Fox_public_Rhonda,17537,7,0.0003989968080255358,107.83711809317444,38.83941140252766,7.8,212.11,0.0,0,False,16076,720,741,87.63699289912451,False,,,,,
Fox_religion_Maurice,16456,1088,0.06201550387596899,1.8359765435099658,1.3454678219406069,0.01,5.35,0.0,0,False,15000,719,737,-inf,False,,,,,
Fox_retail_Manie,17528,16,0.0009119927040583675,64.65268313555454,26.829430194497153,8.48,118.37,0.0,0,False,16064,720,744,88.05761416777104,False,,,,,
Fox_utility_Marian,17541,3,0.0001709986320109439,467.78783592725614,427.0757742860286,26.77,2183.59,0.0,0,False,16078,720,743,91.82356642537343,False,,,,,
Fox_warehouse_Lorretta,16790,754,0.04297765617875057,17.876947587849912,30.979832291839266,0.21,237.12,0.0,0,False,15326,720,744,-inf,False,,,,,
Fox_warehouse_Pearl,17447,97,0.005528955768353853,32.91734452914542,17.060362104840543,2.01,136.71,0.0,0,False,15986,720,741,88.51503113775344,False,,,,,
Gator_assembly_Alexa,12406,5138,0.2928636570907433,0.3370093261325165,0.1487783694854277,0.0417,0.8333,0.0,0,False,10966,696,744,-inf,False,,,,,
Gator_assembly_Bailey,16222,1322,0.07535339717282262,0.9590055973369498,0.6738510523716496,0.0417,3.0,0.0,0,False,14806,696,720,-inf,False,,,,,
Gator_assembly_Beryl,8519,9025,0.5144208846329229,1.1853519192393471,0.772287585407923,0.0417,3.9167,0.0,0,False,8519,0,0,-inf,False,,,,,
Gator_assembly_Blanca,17038,506,0.028841769265845873,727.6207886136871,248.32618416963635,0.0417,1867.8333,0.0,0,False,15574,720,744,-inf,False,,,,,
Gator_assembly_Daisy,16152,1392,0.07934336525307797,2.8421246656760775,1.1742088427933635,0.0417,12.625,0.0,0,False,14688,720,744,-inf,False,,,,,
Gator_assembly_Elliot,24,17520,0.9986320109439124,0.3333,0.0,0.3333,0.3333,0.0,0,False,24,0,0,-inf,False,,,,,
Gator_assembly_Enid,16942,602,0.03431372549019608,7.863714254515405,2.370948997892451,0.2083,16.0417,0.0,0,False,15478,720,744,-inf,False,,,,,
Gator_assembly_Erich,9794,7750,0.4417464660282718,20.69217783336737,3.981159575168072,1.14,39.59,0.0,0,False,9794,0,0,-inf,False,,,,,
Gator_assembly_Gene,15982,1562,0.08903328773369813,22.744965223376298,7.670604402820691,1.25,37.9167,0.0,0,False,14566,672,744,-inf,False,,,,,
Gator_assembly_Hue,3339,14205,0.8096785225718194,5.116432973944294,7.259090975849748,0.02,59.4498,0.0,0,False,3339,0,0,-inf,False,,,,,
Gator_assembly_Joni,16654,890,0.0507295941632467,4.149450426324006,4.133920902525526,0.0833,40.7917,0.0,0,False,15190,720,744,-inf,False,,,,,
Gator_assembly_Kayleigh,16006,1538,0.08766529867761058,7.229296726227664,7.698179622647214,0.1667,36.6667,0.0,0,False,14590,696,720,-inf,False,,,,,
Gator_assembly_Kimberly,16942,602,0.03431372549019608,1442.648094363121,455.0342746762099,0.125,4373.1667,0.0,0,False,15478,720,744,-inf,False,,,,,
Gator_assembly_Lelia,16367,1177,0.06708846329229366,3.5148779312030305,1.7798977430333476,0.375,9.5833,0.0,0,False,14927,720,720,-inf,False,,,,,
Gator_assembly_Lera,9383,8161,0.4651732786137711,0.4948411915165725,0.4564221765133706,0.0417,1.7083,0.0,0,False,8567,216,600,-inf,False,,,,,
Gator_assembly_Lilli,16390,1154,0.06577747378020976,2.584135118974985,0.8094829971056479,0.2917,6.0833,0.0,0,False,14926,720,744,-inf,False,,,,,
Gator_assembly_Loyce,16894,650,0.037049703602371184,20.94731929679176,5.116032878481719,3.0833,40.75,0.0,0,False,15430,720,744,-inf,False,,,,,
Gator_assembly_Lucia,15935,1609,0.09171226630186959,5.80985114527769,1.793897050221566,0.8333,13.3333,0.0,0,False,14543,672,720,-inf,False,,,,,
Gator_assembly_Marjorie,16966,578,0.03294573643410853,48.99964803725097,15.967626758681828,3.7917,97.9167,0.0,0,False,15502,720,744,-inf,False,,,,,
Gator_assembly_Maurine,16870,674,0.038417692658458735,12.1298191641968,15.304303541847233,0.0417,195.5417,0.0,0,False,15430,696,744,-inf,False,,,,,
Gator_assembly_Milton,13918,3626,0.20668034655722753,0.7410503448771374,0.8876920606812065,0.0417,7.0417,0.0,0,False,12574,672,672,-inf,False,,,,,
Gator_assembly_Regina,16246,1298,0.07398540811673507,18.117384820878986,7.911331288471434,0.0417,51.9167,0.0,0,False,14806,696,744,-inf,False,,,,,
Gator_assembly_Roy,5160,12384,0.7058823529411765,8.028691162790697,8.380125937765234,0.0417,39.4167,0.0,0,False,4536,336,288,-inf,False,,,,,
Gator_assembly_Selma,16270,1274,0.07261741906064752,1.5472632882606028,1.2977364454011122,0.0833,8.25,0.0,0,False,14926,648,696,-inf,False,,,,,
Gator_assembly_Stacy,13872,3672,0.20930232558139536,0.2659560553633218,0.477822327818199,0.0417,1.8333,0.0,0,False,12504,648,720,-inf,False,,,,,
Gator_assembly_Virgie,16822,722,0.04115367077063384,0.39162792771370825,0.11630666774952512,0.0833,1.0833,0.0,0,False,15358,720,744,-inf,False,,,,,
Gator_office_August,15216,2328,0.1326949384404925,58.58701309148265,18.875799234204674,3.75,118.75,0.0,0,False,14112,696,408,-inf,False,,,,,
Gator_office_Betty,16270,1274,0.07261741906064752,30.682605955746773,9.252186144329142,0.25,68.5833,0.0,0,False,14806,720,744,-inf,False,,,,,
Gator_office_Carrie,12550,4994,0.28465572275421797,953.1903575936255,179.92751575684264,86.3333,1745.375,0.0,0,False,12550,0,0,-inf,False,,,,,
Gator_office_Hunter,15862,1682,0.09587323301413589,39.22936762072878,11.165794965062526,0.1434,56.7687,0.0,0,False,14470,696,696,-inf,False,,,,,
Gator_office_Julie,16390,1154,0.06577747378020976,7.93630365466748,2.8965394211098507,0.3333,15.3333,0.0,0,False,15022,672,696,-inf,False,,,,,
Gator_office_Lisa,16342,1202,0.06851345189238486,185.88055494431524,39.90815984253395,12.5,414.1667,0.0,0,False,14878,720,744,-inf,False,,,,,
Gator_office_Lucy,16006,1538,0.08766529867761058,215.19392713982256,191.6436596282435,0.0417,837.1667,0.0,0,False,14614,720,672,-inf,False,,,,,
Gator_office_Merle,15047,2497,0.14232786137710898,1.292417132983319,0.5947834505627032,0.0417,3.2083,0.0,0,False,13607,696,744,-inf,False,,,,,
Gator_other_Cassandra,16822,722,0.04115367077063384,23.843986398763523,13.396673308111833,0.0004,76.3946,0.0,0,False,15382,696,744,-inf,False,,,,,
Gator_other_Elfriede,16894,650,0.037049703602371184,49.63448418965313,32.47326131781288,0.9167,301.2083,0.0,0,False,15430,720,744,-inf,False,,,,,
Gator_other_Gertrude,16679,865,0.049304605563155496,2.361232513939685,1.3787985782601806,0.0417,6.3333,0.0,0,False,15215,720,744,-inf,False,,,,,
Gator_other_Glen,16128,1416,0.08071135430916553,2.938059523809524,0.9250755466728932,0.25,6.7917,0.0,0,False,14688,696,744,-inf,False,,,,,
Gator_other_Minda,15502,2042,0.11639306885544916,5.732679905818605,4.6188258711874575,0.1667,25.6667,0.0,0,False,14110,672,720,-inf,False,,,,,
Gator_other_Refugio,15983,1561,0.08897628818969448,0.27210132015266225,0.1636665386066582,0.0417,1.0833,0.0,0,False,14543,696,744,-inf,False,,,,,
Gator_other_Reginald,16054,1490,0.08492932056543548,54.80378612806776,18.931478704647557,2.5,110.8333,0.0,0,False,14638,672,744,-inf,False,,,,,
Gator_other_Russel,15336,2208,0.12585499316005472,10.543157433489826,2.756531044135086,1.6667,20.8333,0.0,0,False,13944,672,720,-inf,False,,,,,
Gator_other_Samuel,9823,7721,0.44009347925216596,6.713292079812684,5.8249824721589825,1.04,40.92,0.0,0,False,9823,0,0,-inf,False,,,,,
Gator_public_Alexandra,16727,817,0.04656862745098039,23.685659909128955,11.133924663673147,0.4167,58.75,0.0,0,False,15287,696,744,-inf,False,,,,,
Gator_public_Beulah,16918,626,0.03568171454628363,7.517554941482445,2.3798993945055646,0.2917,13.75,0.0,0,False,15454,720,744,-inf,False,,,,,
Gator_public_Cheri,16918,626,0.03568171454628363,17.407258641683416,5.600205824597954,0.8333,51.6667,0.0,0,False,15478,696,744,-inf,False,,,,,
Gator_public_Clara,16294,1250,0.07124943000455997,11.94482615073033,4.705372070521927,0.0417,24.2917,0.0,0,False,14830,720,744,-inf,False,,,,,
Gator_public_Dale,16294,1250,0.07124943000455997,41.976799699275816,14.459517653529113,3.3333,107.0833,0.0,0,False,14854,696,744,-inf,False,,,,,
Gator_public_Dewey,16414,1130,0.06440948472412221,6.365784519312782,1.4849359632117305,0.2917,9.7083,0.0,0,False,14950,720,744,-inf,False,,,,,
Gator_public_Dionna,16438,1106,0.06304149566803466,17.84134360019467,5.187149578177225,1.1667,38.3333,0.0,0,False,14998,696,744,-inf,False,,,,,
Gator_public_Erika,16199,1345,0.07666438668490652,6.450890579665411,1.6386044910800477,0.4167,14.9167,0.0,0,False,14735,720,744,-inf,False,,,,,
Gator_public_Everette,16558,986,0.0562015503875969,101.72581395096026,40.59998234022925,1.375,349.9167,0.0,0,False,15094,720,744,-inf,False,,,,,
Gator_public_Geraldine,16246,1298,0.07398540811673507,21.071523064138862,6.037042936531091,1.6667,39.6667,0.0,0,False,14806,696,744,-inf,False,,,,,
Gator_public_Janna,16294,1250,0.07124943000455997,93.78617926844237,23.656762073023934,6.6667,190.8333,0.0,0,False,14830,720,744,-inf,False,,,,,
Gator_public_Jayme,16870,674,0.038417692658458735,96.78156292827504,28.65217966706734,3.0833,236.2917,0.0,0,False,15406,720,744,-inf,False,,,,,
Gator_public_Jolene,9216,8328,0.4746922024623803,6.39279921875,2.0161776427589038,0.5,16.1667,0.0,0,False,9216,0,0,-inf,False,,,,,
Gator_public_Kendall,16318,1226,0.06988144094847241,16.83907187768109,4.124340253664074,0.1667,45.125,0.0,0,False,14854,720,744,-inf,False,,,,,
Gator_public_Kenny,16942,602,0.03431372549019608,89.80333946995633,39.68696526418121,1.5,492.7491,0.0,0,False,15478,720,744,-inf,False,,,,,
Gator_public_Latasha,16127,1417,0.08076835385316918,19.272028604204127,5.469425650755385,1.6667,41.6667,0.0,0,False,14711,672,744,-inf,False,,,,,
Gator_public_Leroy,16918,626,0.03568171454628363,21.080209888875753,7.986893813170387,0.9583,45.5833,0.0,0,False,15454,720,744,-inf,False,,,,,
Gator_public_Lindsey,16750,794,0.04525763793889649,26.58448132537313,8.67878936228451,2.0833,75.0,0.0,0,False,15334,696,720,-inf,False,,,,,
Gator_public_Lona,15910,1634,0.09313725490196079,1.5028276178504085,0.9211053957109573,0.0417,5.25,0.0,0,False,14446,720,744,-inf,False,,,,,
Gator_public_Marcie,16894,650,0.037049703602371184,93.59133397064046,32.67380597632757,2.3333,245.0,0.0,0,False,15430,720,744,-inf,False,,,,,
Gator_public_Marissa,16846,698,0.03978568171454629,14.167160928410304,3.703584705829211,1.1667,25.0,0.0,0,False,15382,720,744,-inf,False,,,,,
Gator_public_Maude,15886,1658,0.09450524395804834,103.37340988291578,22.465559989947717,1.2083,212.5,0.0,0,False,14494,648,744,-inf,False,,,,,
Gator_public_Natasha,16415,1129,0.06435248518011856,124.593968339933,66.9318780867921,3.75,469.1667,0.0,0,False,14951,720,744,-inf,False,,,,,
Gator_public_Nettie,16318,1226,0.06988144094847241,15.682314891530828,4.0736314279964825,0.1667,35.6667,0.0,0,False,14854,720,744,-inf,False,,,,,
Gator_public_Noe,16318,1226,0.06988144094847241,56.46733539649466,19.77850286948059,0.0417,169.6667,0.0,0,False,14854,720,744,-inf,False,,,,,
Gator_public_Philip,16127,1417,0.08076835385316918,2.6098454269237927,1.2847497809458348,0.0833,6.75,0.0,0,False,14687,696,744,-inf,False,,,,,
Gator_public_Randall,16966,578,0.03294573643410853,60.544559088765766,20.8200752744197,1.125,105.5417,0.0,0,False,15502,720,744,-inf,False,,,,,
Gator_public_Ross,15911,1633,0.09308025535795714,8.332349060398466,3.4351634066003496,0.5,29.1667,0.0,0,False,14447,720,744,-inf,False,,,,,
Gator_public_Tiffany,16174,1370,0.07808937528499772,14.562632898479043,3.7197294684794806,1.3333,27.6667,0.0,0,False,14734,696,744,-inf,False,,,,,
Gator_warehouse_Constance,16678,866,0.049361605107159146,14.401485531838349,7.028519443679093,0.5,35.0,0.0,0,False,15262,696,720,-inf,False,,,,,
Gator_warehouse_Stacie,16222,1322,0.07535339717282262,19.646159517938603,6.436301012687954,1.5,45.0,0.0,0,False,14782,696,744,-inf,False,,,,,
Hog_assembly_Annemarie,254,17290,0.9855221158230734,62.67716535433071,6.953594085430999,47.0,80.0,0.0,0,False,0,0,254,-inf,False,,,,,
Hog_assembly_Arlie,0,17544,1.0,,,,,,0,False,0,0,0,-inf,False,,,,,
Hog_assembly_Edward,6268,11276,0.6427268581851345,5.573908742820676,2.493162821491463,2.37,19.8,0.0,0,False,4804,720,744,-inf,False,,,,,
Hog_assembly_Letha,17175,369,0.021032831737346103,615.9765285007279,116.79740149930038,274.4525,1201.455,0.0,0,False,15729,702,744,-inf,False,,,,,
Hog_assembly_Maribel,17541,3,0.0001709986320109439,838.5550424719229,228.45940906631404,132.0,1691.0,0.0,0,False,16077,720,744,87.03307114708183,False,,,,,
Hog_assembly_Marilynn,0,17544,1.0,,,,,,0,False,0,0,0,-inf,False,,,,,
Hog_assembly_Pedro,17541,3,0.0001709986320109439,225.9311547232199,116.05509327532631,61.0615,727.425,0.0,0,False,16077,720,744,88.84229950723369,False,,,,,
Hog_assembly_Una,0,17544,1.0,,,,,,0,False,0,0,0,-inf,False,,,,,
Hog_education_Beth,17537,7,0.0003989968080255358,107.6622474197411,35.90314697701253,34.8555,264.745,0.0,0,False,16073,720,744,87.47715606106483,False,,,,,
Hog_education_Bruno,17542,2,0.00011399908800729594,263.43454566184016,35.613761925844386,113.476,500.607,0.0,0,False,16078,720,744,86.00708635573972,False,,,,,
Hog_education_Caridad,17471,73,0.004160966712266302,1390.1554136798122,683.1041459214393,532.4362,5654.505,0.0,0,False,16007,720,744,88.43574367537511,False,,,,,
Hog_education_Cathleen,12368,5176,0.2950296397628819,542.8687742561449,66.04747077602755,230.5,951.0,0.0,0,False,10904,720,744,-inf,False,,,,,
Hog_education_Darryl,6655,10889,0.6206680346557227,7.2585003756574,2.362913921180893,3.81,22.95,0.0,0,False,5191,720,744,-inf,False,,,,,
Hog_education_George,17504,40,0.002279981760145919,215.0212852719379,29.658649071918656,80.7022,374.162,0.0,0,False,16040,720,744,85.89770271481487,False,,,,,
Hog_education_Hallie,17542,2,0.00011399908800729594,65.42574734921901,6.796913687849034,30.385,89.16,0.0,0,False,16079,719,744,85.77231588746491,False,,,,,
Hog_education_Haywood,17406,138,0.00786593707250342,138.91682109617372,8.483040056385432,28.23,359.26300000000015,0.0,0,False,15942,720,744,84.98603583104563,False,,,,,
Hog_education_Janell,17528,16,0.0009119927040583675,3420.083375171155,1218.3671753472697,1083.5,8894.0,0.0,0,False,16064,720,744,87.6170731435841,False,,,,,
Hog_education_Jared,17409,135,0.007694938440492476,13.760598655867653,8.107349314771756,0.887,47.342,0.0,0,False,15945,720,744,88.95708817972798,False,,,,,
Hog_education_Josh,15149,2395,0.13651390788873688,154.4846675688164,65.16435982742283,43.0,426.926,0.0,0,False,13685,720,744,-inf,False,,,,,
Hog_education_Leandro,17498,46,0.0026219790241678066,474.59000508629555,80.47402992796796,116.031,818.696,0.0,0,False,16034,720,744,86.11442153540219,False,,,,,
Hog_education_Luvenia,17450,94,0.005357957136342909,471.73071157593125,93.15447632281129,117.146,813.914,0.0,0,False,15986,720,744,86.15957639188352,False,,,,,
Hog_education_Odell,17516,28,0.0015959872321021432,532.7350266613382,56.223585692059544,245.0185,772.0930000000003,0.0,0,False,16053,719,744,85.69577290041298,False,,,,,
Hog_education_Robert,17540,4,0.00022799817601459188,556.6667109464083,209.08631759945166,131.81,1420.832,0.0,0,False,16076,720,744,87.80335111050226,False,,,,,
Hog_education_Roberto,17542,2,0.00011399908800729594,198.52448477938663,70.9899977110748,74.0,391.0,0.0,0,False,16078,720,744,87.67507097076968,False,,,,,
Hog_education_Sonia,17532,12,0.0006839945280437756,626.0940407825691,86.69311397490591,228.685,929.933,0.0,0,False,16069,719,744,85.99745983870898,False,,,,,
Hog_education_Wayne,17535,9,0.0005129958960328317,165.03531773595668,39.41469897534369,1.76,340.95,0.0,0,False,16071,720,744,86.76041407293172,False,,,,,
Hog_health_Hisako,17536,8,0.00045599635202918376,206.30594633895987,28.035470920777637,40.206,310.838,0.0,0,False,16073,719,744,85.9918354269522,False,,,,,
Hog_health_Jenny,17526,18,0.0010259917920656635,181.72895709231997,33.0231952607855,52.914,342.647,0.0,0,False,16062,720,744,86.30131610910149,False,,,,,
Hog_health_Kesha,17529,15,0.0008549931600547196,246.14615357407723,29.93291206271982,68.19,434.697,0.0,0,False,16066,719,744,85.86074732728196,False,,,,,
Hog_industrial_Jay,17540,4,0.00022799817601459188,232.22233135689854,70.67473064664561,73.611,378.904,0.0,0,False,16077,719,744,87.26887612699629,False,,,,,
Hog_lodging_Celeste,17542,2,0.00011399908800729594,95.88364616349334,21.292020918446642,41.949,179.175,0.0,0,False,16079,719,744,86.6586177555673,False,,,,,
Hog_lodging_Edgar,15060,2484,0.14158686730506156,129.82211155378485,47.55847587912234,58.5,280.0,0.0,0,False,15060,0,0,-inf,False,,,,,
Hog_lodging_Mauricio,17542,2,0.00011399908800729594,223.61099076502109,70.2862012863518,11.0,409.0,0.0,0,False,16078,720,744,87.35058670823136,False,,,,,
Hog_lodging_Retha,17241,303,0.017270861833105337,360.42951870541157,63.47059404130962,98.18,823.9060000000003,0.0,0,False,15777,720,744,-inf,False,,,,,
Hog_office_Alexis,17542,2,0.00011399908800729594,19.463664291414887,13.140213302809917,4.461,73.862,0.0,0,False,16078,720,744,90.05652316536178,False,,,,,
Hog_office_Alisha,12541,5003,0.2851687186502508,12.350100470456903,2.3235547533731653,2.4,22.9,0.0,0,False,11077,720,744,-inf,False,,,,,
Hog_office_Bryan,8673,8871,0.5056429548563611,98.6196852300242,34.341052017705756,37.605,193.5,0.0,0,False,7209,720,744,-inf,False,,,,,
Hog_office_Buford,17377,167,0.009518923848609211,1.5336895321401856,0.6740486142174568,0.4539999999999999,4.857,0.0,0,False,15938,695,744,87.72507576482423,False,,,,,
Hog_office_Byron,17423,121,0.006896944824441404,951.9460472938068,193.81267764610413,219.0,1816.289,0.0,0,False,15959,720,744,86.11315543934067,False,,,,,
Hog_office_Candi,17513,31,0.001766985864113087,309.4654560612117,79.87192397437202,93.91,506.147,0.0,0,False,16049,720,744,86.82970394123183,False,,,,,
Hog_office_Carri,17471,73,0.004160966712266302,34.91801104687768,13.023441221692213,10.7335,97.05,0.0,0,False,16007,720,744,87.54763217027993,False,,,,,
Hog_office_Catalina,17410,134,0.007637938896488828,52.88551143021252,40.54791514653392,6.934,410.179,0.0,0,False,15946,720,744,90.29205783855399,False,,,,,
Hog_office_Catharine,17086,458,0.02610579115367077,440.1215995668968,134.97216283084896,171.525,1059.216,0.0,0,False,15622,720,744,-inf,False,,,,,
Hog_office_Charla,17542,2,0.00011399908800729594,181.5682016303728,22.37941501687963,78.0655,265.565,0.0,0,False,16079,719,744,85.91758190347636,False,,,,,
Hog_office_Clemencia,17283,261,0.01487688098495212,78.48586263958803,14.498339071176321,12.407,436.751,0.0,0,False,15820,719,744,-inf,False,,,,,
Hog_office_Concetta,10140,7404,0.4220246238030096,14.825838264299803,12.314591136911737,4.0,73.0,0.0,0,False,8676,720,744,-inf,False,,,,,
Hog_office_Corey,17432,112,0.006383948928408573,116.64837872877467,43.95237630674349,21.087,469.382,0.0,0,False,15968,720,744,87.4429159484504,False,,,,,
Hog_office_Corie,17542,2,0.00011399908800729594,88.5475430395622,34.25898078959803,25.0,212.0,0.0,0,False,16078,720,744,87.89490466673196,False,,,,,
Hog_office_Cornell,17397,147,0.008378932968536252,1443.8437213887453,457.2724928465416,106.7,5022.14,0.0,0,False,15933,720,744,86.87255135080345,False,,,,,
Hog_office_Cortney,15413,2131,0.12146602827177383,75.26163829235061,47.83223196268003,15.5175,192.265,0.0,0,False,15413,0,0,-inf,False,,,,,
Hog_office_Darline,17402,142,0.008093935248518012,191.84806022296289,23.227214404373242,7.331,434.72,0.0,0,False,15938,720,744,85.42239552132409,False,,,,,
Hog_office_Elizbeth,17522,22,0.0012539899680802553,138.2653325533615,21.963657097456636,24.66,243.401,0.0,0,False,16058,720,744,86.11614693997177,False,,,,,
Hog_office_Elke,17532,12,0.0006839945280437756,64.84280173397217,30.00222657109082,3.0,141.0,0.0,0,False,16068,720,744,88.42914812504996,False,,,,,
Hog_office_Elnora,17543,1,5.699954400364797e-05,687.3552495012256,105.63355935682473,283.0265,1033.64,0.0,0,False,16079,720,744,86.14918880680983,False,,0.8282970424679236,0.7008390480894486,0.0,0.14175165210224938
Hog_office_Elsy,17536,8,0.00045599635202918376,27.188539632755475,7.368743270452051,10.161,58.611,0.0,0,False,16072,720,744,87.00531925478384,False,,,,,
Hog_office_Emmanuel,17411,133,0.00758093935248518,27.968230831083797,6.972228630476037,3.831,70.51899999999998,0.0,0,False,15947,720,744,86.41482624567682,False,,,,,
Hog_office_Garrett,17369,175,0.009974920200638395,388.88459842247687,195.2129030148125,109.0215,1271.343,0.0,0,False,16077,720,572,-inf,False,,,,,
Hog_office_Joey,17542,2,0.00011399908800729594,1199.078352810398,542.4619644505259,54.157,3566.656,0.0,0,False,16078,720,744,88.38615328476436,False,,,,,
Hog_office_Judith,3153,14391,0.820280437756498,320.7662543609261,35.10891363332861,237.0,621.0,0.0,0,False,1689,720,744,-inf,False,,,,,
Hog_office_Lanell,17542,2,0.00011399908800729594,141.8909928742447,66.80935273115267,1.84,444.826,0.0,0,False,16078,720,744,88.5245339307748,False,,,,,
Hog_office_Lavon,17544,0,0.0,268.53497332421347,435.62511900306845,0.012,3008.786,0.0,0,False,16080,720,744,97.16671464457033,False,,,,,
Hog_office_Leanne,17542,2,0.00011399908800729594,132.22281359024058,23.72778551913038,53.5835,201.842,0.0,0,False,16079,719,744,86.33905783560459,False,,,,,
Hog_office_Mack,17404,140,0.007979936160510716,87.56930234428867,21.053141844149685,10.937,255.083,0.0,0,False,15940,720,744,86.32433072077585,False,,,,,
Hog_office_Man,17541,3,0.0001709986320109439,62.26099572430306,10.624547451519105,23.242,101.016,0.0,0,False,16077,720,744,86.26957997155431,False,,,,,
Hog_office_Marilyn,17407,137,0.007808937528499772,37.67298810823233,12.006371041880556,12.395,84.236,0.0,0,False,15943,720,744,86.92171170407738,False,,,,,
Hog_office_Marlena,17417,127,0.007238942088463292,82.28474013894471,69.12853292191524,6.185,334.352,0.0,0,False,15953,720,744,90.8665158081734,False,,,,,
Hog_office_Marlene,17407,137,0.007808937528499772,45.54776285402424,26.17167999020914,11.044,161.015,0.0,0,False,15943,720,744,88.84095312004357,False,,,,,
Hog_office_Nancie,17534,10,0.0005699954400364797,62.28752503707083,31.12534675663138,18.5085,158.636,0.0,0,False,16070,720,744,88.7135828437963,False,,,,,
Hog_office_Nia,17288,256,0.01459188326493388,1813.383744909764,958.1566787295108,456.298,44336.461,0.0,0,True,15824,720,744,-inf,False,,,,,
Hog_office_Patrick,17537,7,0.0003989968080255358,10.870367622740492,4.407265138346311,3.648,28.862,0.0,0,False,16073,720,744,88.01684866204344,False,,,,,
Hog_office_Randi,17541,3,0.0001709986320109439,93.91919149421355,54.23440625100242,1.676,322.0,0.0,0,False,16077,720,744,89.32067650104946,False,,,,,
Hog_office_Roger,17502,42,0.0023939808481532147,260.4637685978745,52.494033926776375,21.935,464.46,0.0,0,False,16040,718,744,86.36791592914878,False,,,,,
Hog_office_Sarah,17541,3,0.0001709986320109439,452.2163998175703,34.063623921579904,105.448,613.077,0.0,0,False,16078,719,744,85.55468460756518,False,,,,,
Hog_office_Simon,17542,2,0.00011399908800729594,19.465625356287767,10.153869150296622,5.0,55.0,0.0,0,False,16078,720,744,88.9053908324801,False,,,,,
Hog_office_Sonny,17414,130,0.007409940720474236,247.1979383829103,59.9277440048395,89.18,490.106,0.0,0,False,15950,720,744,86.37361483707795,False,,,,,
Hog_office_Sung,17301,243,0.013850889192886457,47.54274793364546,12.552653986260983,18.543,101.362,0.0,0,False,15837,720,744,-inf,False,,,,,
Hog_office_Terry,17534,10,0.0005699954400364797,724.6748612410175,519.7965917783094,11.0,2818.0,0.0,0,False,16070,720,744,90.34541897826921,False,,,,,
Hog_office_Thomas,16556,988,0.056315549475604194,50.83027301280502,59.437592548985414,2.0,278.0,0.0,0,False,15900,656,0,-inf,False,,,,,
Hog_other_Lynette,17525,19,0.0010829913360693114,3.0633552068473606,0.7717051063182642,0.7,7.1,0.0,0,False,16061,720,744,86.82438296936499,False,,,,,
Hog_parking_Bernardo,17542,2,0.00011399908800729594,64.10169878007069,19.348258916437416,20.5,124.0,0.0,0,False,16078,720,744,87.25693690673641,False,,,,,
Hog_parking_Cliff,17505,39,0.002222982216142271,102.8416353041988,23.991598716403537,45.518,201.621,0.0,0,False,16041,720,744,86.61627226463042,False,,,,,
Hog_parking_Jeana,17407,137,0.007808937528499772,28.63315166312403,11.897849446036355,9.665,93.057,0.0,0,False,15943,720,744,87.64791672891648,False,,,,,
Hog_parking_Joan,2,17542,0.9998860009119928,0.905,0.15500000000000025,0.75,1.06,0.0,0,False,2,0,0,-inf,False,,,,,
Hog_parking_Marcus,17506,38,0.002165982672138623,85.69654992573975,42.67024203798834,2.0,244.441,0.0,0,False,16042,720,744,88.60445993474076,False,,,,,
Hog_public_Brad,17534,10,0.0005699954400364797,999.722257670811,91.29222899559791,74.955,1325.537,0.0,0,False,16071,719,744,85.65068221176952,False,,,,,
Hog_science_Max,17072,472,0.026903784769721842,148.74718837863168,17.1132075075091,59.5,328.0,0.0,0,False,15608,720,744,-inf,False,,,,,
Hog_services_Joe,17525,19,0.0010829913360693114,28.250783338088446,14.278742348120623,4.0680000000000005,102.047,0.0,0,False,16061,720,744,88.72573196062348,False,,,,,
Hog_services_Marshall,17515,29,0.0016529867761057911,79.30331453040252,22.832901454960577,28.9125,161.586,0.0,0,False,16051,720,744,87.06021049771334,False,,,,,
Hog_warehouse_Porsha,17541,3,0.0001709986320109439,11.61346268741805,10.681021539689505,0.066,45.07100000000001,0.0,0,False,16077,720,744,91.88756751768642,False,,,,,
Hog_warehouse_Rosanna,17399,145,0.008264933880528956,21.042019886200357,6.636086541248736,6.938,52.587,0.0,0,False,15935,720,744,86.8694020387667,False,,,,,
Lamb_assembly_Alden,17452,92,0.005243958048335613,1.2398549564519827,1.2175235759196135,0.0001,14.1,0.0,0,False,15988,720,744,92.0502778823035,False,,,,,
Lamb_assembly_Bertie,17526,18,0.0010259917920656635,73.85997707406138,70.90805978992849,0.0077,404.6,0.0,0,False,16062,720,744,92.13869250299595,False,,,,,
Lamb_assembly_Cesar,17498,46,0.0026219790241678066,10.189040404617671,11.981182811165475,0.0007,56.0,0.0,0,False,16034,720,744,93.6618504359552,False,,,,,
Lamb_assembly_Corliss,17498,46,0.0026219790241678066,9.019070768087781,10.976481129701527,0.0003,39.9,0.0,0,False,16034,720,744,93.97040745003824,False,,,,,
Lamb_assembly_Delilah,17498,46,0.0026219790241678066,6.455026100125729,11.253671972977305,0.0002,48.8,0.0,0,False,16034,720,744,97.91815740506556,False,,,,,
Lamb_assembly_Dillon,17542,2,0.00011399908800729594,22.20730934329039,23.729053260842328,0.0038,125.1,0.0,0,False,16080,720,742,92.98021179670091,False,,,,,
Lamb_assembly_Dorathy,17472,72,0.004103967168262654,2.159110863095238,2.542914964770309,0.0002,26.85,0.0,0,False,16008,720,744,93.58696389656976,False,,,,,
Lamb_assembly_Dudley,10012,7532,0.42932056543547653,22.090623232121455,16.095123353320947,0.0155,109.2,0.0,0,False,10012,0,0,-inf,False,,,,,
Lamb_assembly_Ethel,9331,8213,0.4681372549019608,36.24694160325796,23.935527787518353,0.0495,106.2,0.0,0,False,9331,0,0,-inf,False,,,,,
Lamb_assembly_Eugenia,11429,6115,0.3485522115823073,6.4303718698048815,4.570825195957491,0.0049,24.3,0.0,0,False,11429,0,0,-inf,False,,,,,
Lamb_assembly_Isa,17454,90,0.005129958960328317,1.7799778446201444,1.730149732624125,0.0001,11.173,0.0,0,False,15990,720,744,91.9822499390387,False,,,,,
Lamb_assembly_Jerry,15222,2322,0.1323529411764706,2.2868067993693337,3.280761441613432,0.0001,27.4,0.0,0,False,13758,720,744,-inf,False,,,,,
Lamb_assembly_Kurt,15281,2263,0.12898996808025537,1.5581114194097245,1.5215709087902827,0.0001,10.9,0.0,0,False,13817,720,744,-inf,False,,,,,
Lamb_assembly_Louis,16967,577,0.03288873689010488,16.401101237696707,16.41232249943972,0.009,104.95,0.0,0,False,15527,716,724,-inf,False,,,,,
Lamb_assembly_Nicole,14727,2817,0.16056771545827633,1.7039575948937322,1.8890879877176288,0.0001,10.4,0.0,0,False,13263,720,744,-inf,False,,,,,
Lamb_assembly_Ossie,17496,48,0.0027359781121751026,3.687272970964792,4.588032873508842,0.0005,27.07,0.0,0,False,16032,720,744,94.1680081537171,False,,,,,
Lamb_assembly_Queen,11525,6019,0.3430802553579571,1.2278761735357917,1.1032573560174903,0.0004,10.5,0.0,0,False,11525,0,0,-inf,False,,,,,
Lamb_assembly_Rosa,17544,0,0.0,110.97477220132241,203.08010549823987,0.0038,965.15,0.0,0,False,16080,720,744,98.72474807583924,False,,,,,
Lamb_assembly_Steven,17521,23,0.0013109895120839033,3.5815921693967243,4.174921085370836,0.0001,23.439,0.0,0,False,16057,720,744,93.66379556533079,False,,,,,
Lamb_assembly_Tasha,17521,23,0.0013109895120839033,9.130394452371439,12.173275277080501,0.0012,40.6,0.0,0,False,16057,720,744,94.92086091882724,False,,,,,
Lamb_assembly_Tawana,16446,1098,0.06258549931600547,4.34171685516235,3.2705569981950537,0.0003,19.7,0.0,0,False,14982,720,744,-inf,False,,,,,
Lamb_assembly_Theresa,16442,1102,0.06281349749202006,2.8679824169809027,2.7530021049429627,0.0001,12.8,0.0,0,False,14978,720,744,-inf,False,,,,,
Lamb_assembly_Walter,17493,51,0.0029069767441860465,2.7795651689247123,4.17367245954505,0.0001,20.2,0.0,0,False,16029,720,744,96.08725059330378,False,,,,,
Lamb_assembly_Zita,11436,6108,0.3481532147742818,0.4232097936341378,0.8992171943072889,0.0001,5.3,0.0,0,False,9972,720,744,-inf,False,,,,,
Lamb_education_Aldo,13985,3559,0.20286137710898314,1.851440915266357,2.6251266850213213,0.0001,11.7,0.0,0,False,12521,720,744,-inf,False,,,,,
Lamb_education_Alina,10092,7452,0.42476060191518467,5.67824179548157,5.546785640264802,0.0034,27.7,0.0,0,False,10092,0,0,-inf,False,,,,,
Lamb_education_Antonio,17529,15,0.0008549931600547196,38.858830503736655,37.81821469239985,0.0053,186.83,0.0,0,False,16080,705,744,92.24785497877016,False,,,,,
Lamb_education_Augustine,17498,46,0.0026219790241678066,5.478751840210311,8.45335721323159,0.0003,42.3,0.0,0,False,16034,720,744,96.41469272180379,False,,,,,
Lamb_education_Bert,16445,1099,0.06264249886000912,6.298925430221953,6.708003534439167,0.0028,31.5,0.0,0,False,14981,720,744,-inf,False,,,,,
Lamb_education_Bettye,17476,68,0.003875968992248062,8.772205624856946,11.565750560359456,0.0001,57.82,0.0,0,False,16012,720,744,94.65584768589405,False,,,,,
Lamb_education_Camille,10304,7240,0.4126766985864113,37.78167629076088,31.56305861443307,0.0242,134.2,0.0,0,False,10304,0,0,-inf,False,,,,,
Lamb_education_Carlton,16422,1122,0.06395348837209303,12.089198812568506,12.112848777429813,0.0018,64.5,0.0,0,False,14958,720,744,-inf,False,,,,,
Lamb_education_Chet,16444,1100,0.06269949840401277,2.3654795730965708,2.6088279991243883,0.0001,16.4,0.0,0,False,14980,720,744,-inf,False,,,,,
Lamb_education_Daniel,17474,70,0.003989968080255358,7.830476816985235,7.630411321627412,0.0025,40.021,0.0,0,False,16010,720,744,92.0689799679836,False,,,,,
Lamb_education_Darrel,17529,15,0.0008549931600547196,41.64778109989161,42.237975893495744,0.0074,192.73,0.0,0,False,16080,705,744,92.55498364650512,False,,,,,
Lamb_education_Debby,16446,1098,0.06258549931600547,8.878449045360576,12.651813461985626,0.0002,71.6,0.0,0,False,14982,720,744,-inf,False,,,,,
Lamb_education_Dolly,16419,1125,0.06412448700410396,4.692188318411596,6.422728545882837,0.0002,36.6,0.0,0,False,14955,720,744,-inf,False,,,,,
Lamb_education_Domitila,17530,14,0.0007979936160510716,56.04436981745579,53.9384229208664,0.0093,239.6,0.0,0,False,16080,706,744,92.17029721728692,False,,,,,
Lamb_education_Dwayne,17498,46,0.0026219790241678066,6.068376363012917,5.888049230546838,0.0019,29.84,0.0,0,False,16034,720,744,92.11981217255538,False,,,,,
Lamb_education_Ellen,16446,1098,0.06258549931600547,5.150657740484008,6.087455713245909,0.0002,30.6,0.0,0,False,14982,720,744,-inf,False,,,,,
Lamb_education_Emery,17529,15,0.0008549931600547196,39.2307293513606,38.37159562997609,0.0055,214.5,0.0,0,False,16065,720,744,92.28445409081712,False,,,,,
Lamb_education_Emilie,16422,1122,0.06395348837209303,4.910567147728656,4.80628972093119,0.0019,22.5,0.0,0,False,14958,720,744,-inf,False,,,,,
Lamb_education_Eula,17544,0,0.0,1.5993828773369811,4.768392836700505,0.0001,54.6,0.0,0,False,16080,720,744,100.0,False,,,,,
Lamb_education_Faith,16445,1099,0.06264249886000912,8.085976929157798,8.401261230302866,0.0028,53.2,0.0,0,False,14981,720,744,-inf,False,,,,,
Lamb_education_Felicia,16421,1123,0.06401048791609668,4.601902770842215,4.622969177061601,0.0004,27.8,0.0,0,False,14957,720,744,-inf,False,,,,,
Lamb_education_Felipe,16966,578,0.03294573643410853,28.183649569727695,27.60876699730617,0.0027,163.5,0.0,0,False,15516,706,744,-inf,False,,,,,
Lamb_education_Fred,16445,1099,0.06264249886000912,8.808566299787168,8.162728561041979,0.0043,44.5,0.0,0,False,14981,720,744,-inf,False,,,,,
Lamb_education_Freddy,17449,95,0.005414956680346557,2.713020597168892,3.5904140035571808,0.0001,17.9,0.0,0,False,15985,720,744,94.60060963542473,False,,,,,
Lamb_education_Gabriel,17497,47,0.0026789785681714546,7.084115596959478,9.091801527439845,0.0004,39.0,0.0,0,False,16033,720,744,94.46481164890288,False,,,,,
Lamb_education_Gabrielle,17544,0,0.0,4.716537055403557,5.940102862397981,0.0004,31.41800000000001,0.0,0,False,16080,720,744,94.44565280515388,False,,,,,
Lamb_education_Garry,17498,46,0.0026219790241678066,6.869864138758715,10.810833229856943,0.0003,50.5,0.0,0,False,16034,720,744,96.64513434732052,False,,,,,
Lamb_education_Harold,16709,835,0.04759461924304605,4.313372296367229,6.874975117141399,0.0003,42.8,0.0,0,False,15245,720,744,-inf,False,,,,,
Lamb_education_Heidi,16423,1121,0.06389648882808938,7.580476033611399,8.363244916896814,0.0003,40.7,0.0,0,False,14959,720,744,-inf,False,,,,,
Lamb_education_Hellen,16444,1100,0.06269949840401277,3.544874708100219,3.819153138611151,0.0015,21.4,0.0,0,False,14980,720,744,-inf,False,,,,,
Lamb_education_Hilary,17497,47,0.0026789785681714546,3.860504783677202,5.886700345528354,0.0003,33.4,0.0,0,False,16033,720,744,96.27565498710045,False,,,,,
Lamb_education_Hillary,16796,748,0.04263565891472868,4.730647832817338,7.7249984400387754,0.0002,47.1,0.0,0,False,15332,720,744,-inf,False,,,,,
Lamb_education_Hubert,17503,41,0.0023369813041495668,7.243375312803519,9.845491518269013,0.0001,49.3,0.0,0,False,16039,720,744,95.05408739447648,False,,,,,
Lamb_education_Hui,17495,49,0.0027929776561787505,10.853794512717917,16.796258214880563,0.0011,106.4,0.0,0,False,16031,720,744,96.43867908431484,False,,,,,
Lamb_education_Ira,15244,2300,0.13109895120839032,3.0424867816845973,4.023324617034538,0.0001,24.7,0.0,0,False,13780,720,744,-inf,False,,,,,
Lamb_education_Isabelle,17498,46,0.0026219790241678066,11.964553777574578,14.278697582460781,0.0009,67.0,0.0,0,False,16034,720,744,93.79330606740635,False,,,,,
Lamb_education_Jane,16422,1122,0.06395348837209303,9.881594397759105,10.359482764254413,0.0005,54.2,0.0,0,False,14958,720,744,-inf,False,,,,,
Lamb_education_Junior,17512,32,0.001823985408116735,44.358095637277295,42.557810410374465,0.0043,197.8,0.0,0,False,16063,705,744,92.0861713608643,False,,,,,
Lamb_education_Kasha,16443,1101,0.06275649794801641,5.7267857446937915,9.317261005887072,0.0001,44.9,0.0,0,False,14979,720,744,-inf,False,,,,,
Lamb_education_Kayla,16423,1121,0.06389648882808938,8.078276319795407,8.720794960426208,0.0003,75.3,0.0,0,False,14959,720,744,-inf,False,,,,,
Lamb_education_Larissa,17431,113,0.006440948472412221,6.6072835408180834,9.078713892464764,0.0001,43.5,0.0,0,False,15967,720,744,94.91889078452196,False,,,,,
Lamb_education_Lawrence,17529,15,0.0008549931600547196,7.274466113297963,8.468900624554092,0.0012,51.44,0.0,0,False,16080,705,744,93.68016656817356,False,,,,,
Lamb_education_Lemuel,16446,1098,0.06258549931600547,8.415518065183022,9.166186009478674,0.0004,50.6,0.0,0,False,14982,720,744,-inf,False,,,,,
Lamb_education_Leopoldo,16468,1076,0.061331509347925216,6.806922176341997,9.125715526614478,0.0002,43.9,0.0,0,False,15004,720,744,-inf,False,,,,,
Lamb_education_Logan,15342,2202,0.12551299589603282,3.6533355103637075,4.1630008344671685,0.0001,26.9,0.0,0,False,13878,720,744,-inf,False,,,,,
Lamb_education_Lucas,17544,0,0.0,4.552690315777473,6.264703980754397,0.0002,38.043,0.0,0,False,16080,720,744,95.32033294529812,False,,,,,
Lamb_education_Luz,17530,14,0.0007979936160510716,76.62487535082715,58.04668611805385,0.0252,252.5,0.0,0,False,16080,706,744,90.63369759790551,False,,,,,
Lamb_education_Manuel,17498,46,0.0026219790241678066,8.840769167904904,11.137098582959743,0.0004,51.1,0.0,0,False,16034,720,744,94.29075503876295,False,,,,,
Lamb_education_Marc,14405,3139,0.17892156862745098,10.474367018396391,15.4794597055717,0.0015,89.4,0.0,0,False,13926,174,305,-inf,False,,,,,
Lamb_education_Maritza,16445,1099,0.06264249886000912,6.143780705381574,4.610207938061173,0.0033,22.7,0.0,0,False,14981,720,744,-inf,False,,,,,
Lamb_education_Marty,16439,1105,0.06298449612403101,4.859514106697489,7.212359765953141,0.0001,32.4,0.0,0,False,14975,720,744,-inf,False,,,,,
Lamb_education_Maxwell,17498,46,0.0026219790241678066,5.484230786375585,7.773022929062788,0.0004,57.5,0.0,0,False,16034,720,744,95.47273572540409,False,,,,,
Lamb_education_Mckenzie,17529,15,0.0008549931600547196,38.277219230988656,37.01023966062668,0.0052,167.5,0.0,0,False,16080,705,744,92.20044970230917,False,,,,,
Lamb_education_Moses,16445,1099,0.06264249886000912,6.925694052903618,6.851576915374629,0.0031,33.0,0.0,0,False,14981,720,744,-inf,False,,,,,
Lamb_education_Nathan,16445,1099,0.06264249886000912,4.311554131955001,5.87284845634132,0.0001,38.2,0.0,0,False,14981,720,744,-inf,False,,,,,
Lamb_education_Nichol,16851,693,0.039500683994528045,1.5362812711411789,2.916552830305909,0.0001,18.5,0.0,0,False,15387,720,744,-inf,False,,,,,
Lamb_education_Norris,16468,1076,0.061331509347925216,9.751252246781636,11.101629641634485,0.0003,60.6,0.0,0,False,15004,720,744,-inf,False,,,,,
Lamb_education_Patsy,17498,46,0.0026219790241678066,5.443118156360728,7.824321361343898,0.0003,45.2,0.0,0,False,16034,720,744,95.62370943474413,False,,,,,
Lamb_education_Phil,16442,1102,0.06281349749202006,3.3248560515752343,4.301645367526418,0.0001,19.5,0.0,0,False,14978,720,744,-inf,False,,,,,
Lamb_education_Philomena,17518,26,0.0014819881440948472,37.958357067016784,36.40462725854586,0.0074,182.92,0.0,0,False,16068,706,744,92.10408708823837,False,,,,,
Lamb_education_Princess,17470,74,0.00421796625626995,6.621097790497997,9.264524982545472,0.0005,52.5,0.0,0,False,16006,720,744,95.24124480427042,False,,,,,
Lamb_education_Randal,16445,1099,0.06264249886000912,8.697919306780175,8.656536299272867,0.004,34.7,0.0,0,False,14981,720,744,-inf,False,,,,,
Lamb_education_Renae,2262,15282,0.8710670314637483,14.122900088417328,1.9646043123428412,4.0,21.0,0.0,0,False,2262,0,0,-inf,False,,,,,
Lamb_education_Rick,17498,46,0.0026219790241678066,5.757203417533433,9.556259875208502,0.0003,54.8,0.0,0,False,16034,720,744,97.29177222618684,False,,,,,
Lamb_education_Robin,17528,16,0.0009119927040583675,38.24790083865815,36.64980355146919,0.0052,193.1,0.0,0,False,16079,705,744,92.13191083076873,False,,,,,
Lamb_education_Rodrigo,17529,15,0.0008549931600547196,34.466891631011464,29.26253653576138,0.0075,122.01,0.0,0,False,16080,705,744,91.31623208014392,False,,,,,
Lamb_education_Ruben,16446,1098,0.06258549931600547,5.584505326523167,6.633130465641444,0.0001,34.3,0.0,0,False,14982,720,744,-inf,False,,,,,
Lamb_education_Sabrina,16363,1181,0.06731646146830825,3.4671261504614064,4.227879368316116,0.0012,20.5,0.0,0,False,14921,712,730,-inf,False,,,,,
Lamb_education_Salvador,16423,1121,0.06389648882808938,6.897535030140657,8.585086801333949,0.0002,49.5,0.0,0,False,14959,720,744,-inf,False,,,,,
Lamb_education_Stefan,17498,46,0.0026219790241678066,7.208689438793004,10.931373453669408,0.0004,56.9,0.0,0,False,16034,720,744,96.21580276678456,False,,,,,
Lamb_education_Sunny,17468,76,0.004331965344277246,6.38779555186627,7.596527016907359,0.002,37.35,0.0,0,False,16004,720,744,93.65927057938225,False,,,,,
Lamb_education_Sylvester,16435,1109,0.0632124943000456,3.185822817158503,3.449427730782676,0.0013,15.6,0.0,0,False,14980,720,735,-inf,False,,,,,
Lamb_education_Terina,17519,25,0.0014249886000911993,83.26449158627773,72.19352260978684,0.0166,324.5,0.0,0,False,16070,705,744,91.41728967913726,False,,,,,
Lamb_education_Traci,15010,2534,0.14443684450524397,2.6487774417055294,3.6986060737136874,0.0006,16.5,0.0,0,False,13686,614,710,-inf,False,,,,,
Lamb_education_Vaughn,16468,1076,0.061331509347925216,6.266522060966723,6.985233308856657,0.0002,49.0,0.0,0,False,15004,720,744,-inf,False,,,,,
Lamb_education_Wanda,16443,1101,0.06275649794801641,3.5558293255488658,4.515770335130921,0.0001,26.5,0.0,0,False,14979,720,744,-inf,False,,,,,
Lamb_education_Wilbert,16446,1098,0.06258549931600547,7.576467633467105,12.301578471479027,0.0002,69.2,0.0,0,False,14982,720,744,-inf,False,,,,,
Lamb_education_Willetta,17544,0,0.0,0.019731988144094846,0.5392536979733605,0.0002,17.84,0.0,0,True,16080,720,744,-inf,False,,,,,
Lamb_education_Williams,17529,15,0.0008549931600547196,26.369070414741287,33.31214719497193,0.0027,169.8,0.0,0,False,16080,705,744,94.4234790064074,False,,,,,
Lamb_food_Sylvia,16468,1076,0.061331509347925216,10.692283847461743,14.989504992563278,0.0014,51.0,0.0,0,False,15004,720,744,-inf,False,,,,,
Lamb_industrial_Venessa,17499,45,0.0025649794801641587,6.339542476712955,4.58967141629256,0.0006,20.223,0.0,0,False,16035,720,744,90.27591509372652,False,,,,,
Lamb_industrial_Willard,16442,1102,0.06281349749202006,1.9720321919474517,1.2596661978131651,0.0001,4.0,0.0,0,False,14978,720,744,-inf,False,,,,,
Lamb_lodging_Burt,17497,47,0.0026789785681714546,2.0567843687489287,2.7799923291136164,0.0002,22.21,0.0,0,False,16033,720,744,94.9764165391045,False,,,,,
Lamb_lodging_Harley,16446,1098,0.06258549931600547,3.278556056183875,3.2230256698311606,0.0002,25.4,0.0,0,False,14982,720,744,-inf,False,,,,,
Lamb_office_Caitlin,17544,0,0.0,24.744957763337894,36.278245195002235,0.0018,166.95,0.0,0,False,16080,720,744,95.99564774224996,False,,0.7597858551649925,0.8614374984863769,0.0,1.5659978482051315
Lamb_office_Callie,17499,45,0.0025649794801641587,3.384683890508029,2.459324810209163,0.0003,9.85,0.0,0,False,16035,720,744,90.29563113508915,False,,,,,
Lamb_office_Corine,8967,8577,0.48888508891928867,0.37815322850451666,0.8223995698358295,0.1,8.9,0.0,0,False,8967,0,0,-inf,False,,,,,
Lamb_office_Donita,16346,1198,0.06828545371637026,0.34492417716872636,0.3885016450941555,0.0001,5.2,0.0,0,False,14882,720,744,-inf,False,,,,,
Lamb_office_Gerardo,17498,46,0.0026219790241678066,8.738954743399244,10.920818857091652,0.0018,64.0,0.0,0,False,16034,720,744,94.2152142253848,False,,,,,
Lamb_office_Jo,17154,390,0.02222982216142271,1.1562290427888537,1.8336500973606158,0.0002,21.9,0.0,0,False,15690,720,744,-inf,False,,,,,
Lamb_office_Joanna,2354,15190,0.8658230734154126,1.4585810960067969,0.41590547043177645,0.0449,2.5,0.0,0,False,2354,0,0,-inf,False,,,,,
Lamb_office_Kent,12239,5305,0.3023825809393525,0.4304574883568919,0.31505497107051156,0.0001,4.1,0.0,0,False,12239,0,0,-inf,False,,,,,
Lamb_office_Kerry,10450,7094,0.4043547651618787,2.073989751196172,2.55763667800469,0.0008,25.8,0.0,0,False,9635,72,743,-inf,False,,,,,
Lamb_office_Maggie,17240,304,0.017327861377108983,2.5172380510440835,4.162195536348898,0.0002,29.9,0.0,0,False,15777,720,743,-inf,False,,,,,
Lamb_office_Peggy,17402,142,0.008093935248518012,1.8313752787035968,2.5808740932274863,0.0001,14.0,0.0,0,False,15938,720,744,95.08377362010967,False,,,,,
Lamb_office_Raymond,17498,46,0.0026219790241678066,6.965562927191679,8.891370230882995,0.0004,59.3,0.0,0,False,16034,720,744,94.41624730463374,False,,,,,
Lamb_office_Stefani,17476,68,0.003875968992248062,10.523024393453877,8.886167141858197,0.0013,35.81,0.0,0,False,16012,720,744,91.10081628515955,False,,,,,
Lamb_office_Vasiliki,17501,43,0.0024509803921568627,303.45636259070915,198.3469557793538,0.0559,909.8,0.0,0,False,16037,720,744,89.75513586319586,False,,,,,
Lamb_office_Velma,17542,2,0.00011399908800729594,91.1236782179911,59.47316165181408,0.0206,272.3,0.0,0,False,16078,720,744,89.88814148118858,False,,,,,
Lamb_office_William,16193,1351,0.0770063839489284,1.55753101957636,1.87530531989137,0.0002,11.2,0.0,0,False,14729,720,744,-inf,False,,,,,
Lamb_other_Katharina,17498,46,0.0026219790241678066,9.297887947193965,10.377278881154822,0.0016,73.9,0.0,0,False,16034,720,744,93.2133555504626,False,,,,,
Lamb_other_Minerva,16418,1126,0.06418148654810761,8.95717036179803,8.068957465825896,0.0012,44.1,0.0,0,False,14954,720,744,-inf,False,,,,,
Lamb_public_Angeline,14713,2831,0.1613657090743274,21.42501483042208,25.19809043554658,0.0019,126.1,0.0,0,False,13249,720,744,-inf,False,,,,,
Lamb_public_Bradly,10275,7269,0.4143296853625171,11.89743803406326,7.89105089087186,0.0057,31.0,0.0,0,False,10275,0,0,-inf,False,,,,,
Lamb_public_Grace,17526,18,0.0010259917920656635,38.48052310852448,44.484955904766124,0.0022,147.64,0.0,0,False,16062,720,744,93.60872723324638,False,,,,,
Lamb_public_Gracie,17473,71,0.004046967624259006,2.9882719739025925,3.017377470687913,0.0003,13.1,0.0,0,False,16009,720,744,92.33023125927208,False,,,,,
Lamb_public_Nyla,16443,1101,0.06275649794801641,3.715709341361065,3.8975477717339246,0.0005,14.3,0.0,0,False,14979,720,744,-inf,False,,,,,
Lamb_public_Vania,17368,176,0.010031919744642043,17.583033147167203,12.61761273812802,0.0044,96.9,0.0,0,False,15904,720,744,-inf,False,,,,,
Lamb_warehouse_Allan,16467,1077,0.061388508891928865,13.593134553956396,10.762426614211936,0.002,46.5,0.0,0,False,15003,720,744,-inf,False,,,,,
Moose_education_Abbie,17510,34,0.001937984496124031,1248.9623432038836,254.97598532766665,2.775,2026.7933,0.0,0,False,16049,717,744,86.41484786961806,False,,,,,
Moose_education_Clark,17511,33,0.001880984952120383,845.2690896008224,286.2583523518507,198.9585,1457.3095,0.0,0,False,16050,717,744,87.42708666576914,False,,,,,
Moose_education_Diane,9805,7739,0.44111947104423166,1491.6386252320244,163.53014395732228,63.1028,1999.7238,0.0,0,False,8344,717,744,-inf,False,,,,,
Moose_education_Florence,11864,5680,0.3237574099407205,323.758142270735,164.24799504942933,95.7112,713.8783,0.0,0,False,10403,717,744,-inf,False,,,,,
Moose_education_Gladys,17453,91,0.005186958504331965,1118.3069412421935,295.15926246749257,583.5421,1670.3874,0.0,0,False,15991,718,744,86.66828774618361,False,,,,,
Moose_education_Leland,12902,4642,0.2645918832649339,1336.3302479925594,998.8470629821664,0.0028,4861.6956,0.0,0,False,11441,717,744,-inf,False,,,,,
Moose_education_Lori,17453,91,0.005186958504331965,200.5501337134017,37.22120345375204,86.3473,318.8808,0.0,0,False,15991,718,744,86.08074878133118,False,,,,,
Moose_education_Maria,17427,117,0.0066689466484268125,758.6893879267802,195.6926830520972,0.0028,1499.7929,0.0,0,False,15965,718,744,86.53437704331566,False,,,,,
Moose_education_Marina,17511,33,0.001880984952120383,40.45182340243275,10.231685665043594,16.6945,93.6417,0.0,0,False,16050,717,744,86.78415409123778,False,,,,,
Moose_education_Marlon,17511,33,0.001880984952120383,185.01114452629776,71.3250243773995,33.3334,571.4505,0.0,0,False,16050,717,744,87.77852176644264,False,,,,,
Moose_education_Rene,17511,33,0.001880984952120383,482.06084416652385,303.9224909161174,127.6362,1614.9874,0.0,0,False,16050,717,744,89.61562841529864,False,,,,,
Moose_education_Sasha,8710,8834,0.5035339717282262,2.4519126980482207,1.225395004689218,0.7194,12.4056,0.0,0,False,8710,0,0,-inf,False,,,,,
Mouse_health_Buddy,6066,11478,0.6542407660738714,17.67936124299374,1.51909430050197,6.8966,40.8163,0.0,0,False,6066,0,0,-inf,False,,,,,
Mouse_health_Estela,15886,1658,0.09450524395804834,384.6842182991314,95.09967258771589,2.0,665.0,0.0,0,False,15886,0,0,-inf,False,,,,,
Mouse_health_Ileana,15723,1821,0.10379616963064295,43.587323672327166,20.9460924059312,6.0,126.0,0.0,0,False,15723,0,0,-inf,False,,,,,
Mouse_health_Justin,15871,1673,0.09536023711810306,783.3503425177998,176.61262848481934,0.0017,1487.017,0.0,0,False,15871,0,0,-inf,False,,,,,
Mouse_health_Modesto,15881,1663,0.09479024167806657,532.6797830678169,226.73056793615848,93.482,1267.846,0.0,0,False,15881,0,0,-inf,False,,,,,
Mouse_lodging_Vicente,15888,1656,0.09439124487004104,45.76756137336354,13.847110084404669,10.0,100.0,0.0,0,False,15888,0,0,-inf,False,,,,,
Mouse_science_Micheal,7252,10292,0.5866393068855449,435.8449636376171,238.23360245681502,142.8571,2000.0,0.0,0,False,7252,0,0,-inf,False,,,,,
Panther_assembly_Carrol,14156,3388,0.19311445508435932,27.22013571630404,15.100900705734196,7.3014,121.2234,0.0,0,False,12692,720,744,-inf,False,,,,,
Panther_assembly_David,13826,3718,0.21192430460556316,72.15652591494286,47.451362820107484,15.403,410.8793,0.0,0,False,12362,720,744,-inf,False,,,,,
Panther_assembly_Denice,14156,3388,0.19311445508435932,473.1801949985872,109.55256039204319,172.8333,963.9105,0.0,0,False,12692,720,744,-inf,False,,,,,
Panther_assembly_Gwyneth,14157,3387,0.19305745554035567,242.16866973935154,43.765082600176456,50.6098,640.9237,0.0,0,False,12693,720,744,-inf,False,,,,,
Panther_assembly_Pamella,14148,3396,0.1935704514363885,83.18984760390161,84.29073434808653,0.6001,350.4676,0.0,0,False,12684,720,744,-inf,False,,,,,
Panther_education_Alecia,14155,3389,0.19317145462836297,227.93024374426,57.85105301272904,57.6111,671.7187,0.0,0,False,12691,720,744,-inf,False,,,,,
Panther_education_Annetta,14157,3387,0.19305745554035567,107.90117943773402,25.164894155863863,29.5057,260.0502,0.0,0,False,12693,720,744,-inf,False,,,,,
Panther_education_Aurora,14158,3386,0.19300045599635202,124.39790769176439,42.838311322183145,30.0058,255.5579,0.0,0,False,12694,720,744,-inf,False,,,,,
Panther_education_Cleopatra,14266,3278,0.18684450524395804,26.520055397448484,14.06428775196213,0.5601,85.2965,0.0,0,False,12802,720,744,-inf,False,,,,,
Panther_education_Diann,14153,3391,0.19328545371637026,89.61714930403448,40.37213131593395,13.0025,274.6075,0.0,0,False,12690,720,743,-inf,False,,,,,
Panther_education_Edna,14188,3356,0.19129046967624258,129.13521419509445,34.34721795333133,14.6028,291.3126,0.0,0,False,12729,720,739,-inf,False,,,,,
Panther_education_Emily,14211,3333,0.1899794801641587,130.78337501231442,43.79918155951313,14.8029,456.8882,0.0,0,False,12747,720,744,-inf,False,,,,,
Panther_education_Enriqueta,14173,3371,0.1921454628362973,96.77347452903408,33.14634632721197,13.1225,309.4997,0.0,0,False,12709,720,744,-inf,False,,,,,
Panther_education_Genevieve,13780,3764,0.21454628362973097,263.0827483962264,31.233966818543735,16.3032,571.4885,0.0,0,False,12692,720,368,-inf,False,,,,,
Panther_education_Gina,14181,3363,0.19168946648426813,417.13794785276076,63.89406359291282,20.804,1052.711,0.0,0,False,12717,720,744,-inf,False,,,,,
Panther_education_Hugh,14156,3388,0.19311445508435932,602.2942277903363,35.06616862642527,5.401,1324.974,0.0,0,False,12692,720,744,-inf,False,,,,,
Panther_education_Ivan,14155,3389,0.19317145462836297,131.76854176616035,27.342646679830263,34.8067,308.2195,0.0,0,False,12691,720,744,-inf,False,,,,,
Panther_education_Janis,14151,3393,0.19339945280437756,26.61371217581796,12.522779801385672,0.7371,493.6413,0.0,0,True,12688,719,744,-inf,False,,,,,
Panther_education_Jerome,14158,3386,0.19300045599635202,485.62936284079666,41.686195003134344,46.809,1052.711,0.0,0,False,12694,720,744,-inf,False,,,,,
Panther_education_Jonathan,13520,4024,0.22936616507067945,8.391153934911243,3.0964303113308222,0.041,17.0233,0.0,0,False,12691,720,109,-inf,False,,,,,
Panther_education_Karri,13906,3638,0.20736434108527133,385.56445373939306,64.31497917354415,84.4963,841.1138,0.0,0,False,12763,720,423,-inf,False,,,,,
Panther_education_Mattie,14158,3386,0.19300045599635202,6.687316167537787,4.362531684682252,0.3601,25.2049,0.0,0,False,12694,720,744,-inf,False,,,,,
Panther_education_Misty,14287,3257,0.18564751481988145,33.43364470497655,8.538305666682449,3.4407,74.7331,0.0,0,False,12831,712,744,-inf,False,,,,,
Panther_education_Mohammad,14197,3347,0.19077747378020976,148.05098151017822,36.458169868832,0.5031,328.5326,0.0,0,False,12733,720,744,-inf,False,,,,,
Panther_education_Neal,14157,3387,0.19305745554035567,238.6687741046832,105.88521509901956,84.1162,549.6061,0.0,0,False,12693,720,744,-inf,False,,,,,
Panther_education_Quintin,12229,5315,0.30295257637938894,302.89419340910945,80.03924595690681,10.8021,801.1546,0.0,0,False,10765,720,744,-inf,False,,,,,
Panther_education_Rosalie,14151,3393,0.19339945280437756,64.97776123948839,13.255712967001164,11.0021,131.2958,0.0,0,False,12695,712,744,-inf,False,,,,,
Panther_education_Scarlett,14242,3302,0.1882124943000456,22.12270070917006,8.692841059769982,0.02,66.3928,0.0,0,False,12778,720,744,-inf,False,,,,,
Panther_education_Shelton,14155,3389,0.19317145462836297,122.08070168138468,21.31874731840224,24.0046,243.8471,0.0,0,False,12691,720,744,-inf,False,,,,,
Panther_education_Sophia,14231,3313,0.18883948928408573,140.8894397020589,11.931629817843492,30.4059,308.3107,0.0,0,False,12767,720,744,-inf,False,,,,,
Panther_education_Teofila,14156,3388,0.19311445508435932,156.46622174343034,40.82027483180874,4.6669,375.0384,0.0,0,False,12692,720,744,-inf,False,,,,,
Panther_education_Tina,14177,3367,0.19191746466028273,7.525236375819991,4.571285417695942,0.2001,22.0042,0.0,0,False,12713,720,744,-inf,False,,,,,
Panther_education_Vincent,14154,3390,0.19322845417236661,151.788491104988,42.94930659403436,33.2064,339.9624,0.0,0,False,12690,720,744,-inf,False,,,,,
Panther_education_Violet,14274,3270,0.18638850889192887,149.49552185792348,24.336609891948473,16.0031,306.5523,0.0,0,False,12810,720,744,-inf,False,,,,,
Panther_education_Zelda,14154,3390,0.19322845417236661,82.65825967217748,28.402591480085274,20.804,212.0409,0.0,0,False,12690,720,744,-inf,False,,,,,
Panther_lodging_Alita,14156,3388,0.19311445508435932,72.52395979090139,14.878175440773289,15.403,118.2228,0.0,0,False,12692,720,744,-inf,False,,,,,
Panther_lodging_Anastasia,14156,3388,0.19311445508435932,51.59244214467364,11.900891473768073,11.8423,433.5236,0.0,0,True,12692,720,744,-inf,False,,,,,
Panther_lodging_Awilda,14155,3389,0.19317145462836297,89.70176225362064,19.124058543780706,18.4035,192.5476,0.0,0,False,12691,720,744,-inf,False,,,,,
Panther_lodging_Blaine,14155,3389,0.19317145462836297,75.64040757329565,21.51161465197393,18.4035,146.8283,0.0,0,False,12691,720,744,-inf,False,,,,,
Panther_lodging_Cora,14193,3351,0.19100547195622436,135.05456529979568,21.643218354859673,12.0023,285.4512,0.0,0,False,12729,720,744,-inf,False,,,,,
Panther_lodging_Cornelia,14156,3388,0.19311445508435932,42.68910480361685,16.77618663431626,5.5011,128.2247,0.0,0,False,12692,720,744,-inf,False,,,,,
Panther_lodging_Dianna,14155,3389,0.19317145462836297,51.79061760508654,11.689367175090718,17.9235,101.7796,0.0,0,False,12691,720,744,-inf,False,,,,,
Panther_lodging_Edison,14156,3388,0.19311445508435932,103.78502686493358,25.01158939240808,28.5055,204.5636,0.0,0,False,12692,720,744,-inf,False,,,,,
Panther_lodging_Edmond,14156,3388,0.19311445508435932,43.7312163040407,16.190739431989666,8.4016,100.9195,0.0,0,False,12692,720,744,-inf,False,,,,,
Panther_lodging_Else,14157,3387,0.19305745554035567,44.13156618633891,15.225819258757145,5.6411,130.3451,0.0,0,False,12693,720,744,-inf,False,,,,,
Panther_lodging_Fausto,14157,3387,0.19305745554035567,50.14147763650491,15.538261182651087,5.7611,123.3838,0.0,0,False,12693,720,744,-inf,False,,,,,
Panther_lodging_Floyd,14156,3388,0.19311445508435932,157.70928955919752,36.59038918307575,23.5245,280.1759,0.0,0,False,12692,720,744,-inf,False,,,,,
Panther_lodging_Gale,14155,3389,0.19317145462836297,104.03520659131048,14.688567182999881,20.1039,215.1141,0.0,0,False,12691,720,744,-inf,False,,,,,
Panther_lodging_Hattie,14156,3388,0.19311445508435932,140.59348831590844,29.97420438777527,16.1631,298.0532,0.0,0,False,12692,720,744,-inf,False,,,,,
Panther_lodging_Jana,14157,3387,0.19305745554035567,83.35569554990464,25.185340121609805,17.5234,157.9505,0.0,0,False,12693,720,744,-inf,False,,,,,
Panther_lodging_Janice,14155,3389,0.19317145462836297,55.25159860826563,11.223495148231795,21.1241,113.7115,0.0,0,False,12691,720,744,-inf,False,,,,,
Panther_lodging_Jorge,14162,3382,0.19277245782033745,66.81712670526761,18.591417534935673,11.7623,120.2632,0.0,0,False,12698,720,744,-inf,False,,,,,
Panther_lodging_Kaitlin,14156,3388,0.19311445508435932,48.832297739474434,17.821196487268452,7.0013,107.6208,0.0,0,False,12692,720,744,-inf,False,,,,,
Panther_lodging_Kara,14185,3359,0.19146146830825353,175.8044723581248,25.430765960073124,15.603,406.1964,0.0,0,False,12721,720,744,-inf,False,,,,,
Panther_lodging_Kirk,14451,3093,0.17629958960328318,150.66913113279358,28.72300308513641,7.9515,348.0669,0.0,0,False,12987,720,744,-inf,False,,,,,
Panther_lodging_Marisol,14157,3387,0.19305745554035567,163.70365215794308,21.481546920226958,21.6042,351.3921,0.0,0,False,12693,720,744,-inf,False,,,,,
Panther_lodging_Myrtle,14155,3389,0.19317145462836297,52.8440619922289,11.072190648517793,12.3624,91.4382,0.0,0,False,12691,720,744,-inf,False,,,,,
Panther_lodging_Russell,14157,3387,0.19305745554035567,36.27709428551247,11.452116607460441,8.8817,83.6561,0.0,0,False,12693,720,744,-inf,False,,,,,
Panther_lodging_Sonja,14155,3389,0.19317145462836297,113.3721966796185,27.633278634895746,42.9083,214.4414,0.0,0,False,12691,720,744,-inf,False,,,,,
Panther_lodging_Teresita,14156,3388,0.19311445508435932,66.44371263775078,18.844415809093867,9.6019,126.6067,0.0,0,False,12692,720,744,-inf,False,,,,,
Panther_lodging_Tracie,14156,3388,0.19311445508435932,56.785944200339074,20.45267423839365,8.5016,130.4252,0.0,0,False,12692,720,744,-inf,False,,,,,
Panther_lodging_Willa,14253,3291,0.18758549931600546,70.42193998456464,14.723772833318511,8.2016,124.624,0.0,0,False,12789,720,744,-inf,False,,,,,
Panther_office_Antonette,14154,3390,0.19322845417236661,31.468504210823795,10.856333239218806,3.6007,421.0412,0.0,0,True,12690,720,744,-inf,False,,,,,
Panther_office_Brent,13673,3871,0.2206452348381213,13.856209997805895,6.8799116473688695,1.7203,42.1681,0.0,0,False,12209,720,744,-inf,False,,,,,
Panther_office_Catherine,14155,3389,0.19317145462836297,44.27899203108442,18.36155103308632,4.6409,130.1851,0.0,0,False,12691,720,744,-inf,False,,,,,
Panther_office_Christian,14154,3390,0.19322845417236661,34.61981270312279,11.394692846799192,8.2016,77.3707,0.0,0,False,12690,720,744,-inf,False,,,,,
Panther_office_Christin,13580,3964,0.22594619243046055,18.206162282768776,21.074518881754646,0.3421,87.6282,0.0,0,False,12116,720,744,-inf,False,,,,,
Panther_office_Clementine,14363,3181,0.1813155494756042,47.316079398454356,11.28101184094834,0.4391,116.0561,0.0,0,False,12899,720,744,-inf,False,,,,,
Panther_office_Danica,14156,3388,0.19311445508435932,5.098396319581803,2.216413486438827,1.2212,15.2919,0.0,0,False,12692,720,744,-inf,False,,,,,
Panther_office_Garth,14156,3388,0.19311445508435932,63.34529886973721,18.72239361068117,15.723,141.5533,0.0,0,False,12692,720,744,-inf,False,,,,,
Panther_office_Graham,14013,3531,0.20126538987688097,74.88916262756013,23.792083495247976,4.8009,167.3435,0.0,0,False,12549,720,744,-inf,False,,,,,
Panther_office_Hannah,14154,3390,0.19322845417236661,6.683937664264518,3.672666357035982,1.1232,27.7704,0.0,0,False,12690,720,744,-inf,False,,,,,
Panther_office_Jeane,14159,3385,0.1929434564523484,20.636361324952325,9.367636843954408,2.5205,53.0459,0.0,0,False,12695,720,744,-inf,False,,,,,
Panther_office_Jesus,14156,3388,0.19311445508435932,99.70399959734388,41.65395802807058,15.403,224.7855,0.0,0,False,12692,720,744,-inf,False,,,,,
Panther_office_Karla,14156,3388,0.19311445508435932,35.36006700339079,15.85700562238353,11.7623,105.1403,0.0,0,False,12692,720,744,-inf,False,,,,,
Panther_office_Kristen,14156,3388,0.19311445508435932,51.90631342187058,15.983036385336742,9.6769,131.0027,0.0,0,False,12692,720,744,-inf,False,,,,,
Panther_office_Larry,14154,3390,0.19322845417236661,52.4146049950544,16.740600457651734,12.1624,129.8305,0.0,0,False,12690,720,744,-inf,False,,,,,
Panther_office_Lauretta,14155,3389,0.19317145462836297,172.9263952949488,24.672988654337423,38.1674,353.7367,0.0,0,False,12691,720,744,-inf,False,,,,,
Panther_office_Lavinia,14156,3388,0.19311445508435932,22.96466005227465,4.933028204912493,6.0812,51.3699,0.0,0,False,12692,720,744,-inf,False,,,,,
Panther_office_Lois,14158,3386,0.19300045599635202,147.10402768046333,22.04476374023424,7.8815,684.9922,0.0,0,False,12695,720,743,-inf,False,,,,,
Panther_office_Otto,8849,8695,0.4956110351117191,218.31012804836703,54.22013445505775,34.5667,502.0306,0.0,0,False,7385,720,744,-inf,False,,,,,
Panther_office_Patti,14155,3389,0.19317145462836297,473.4753411586012,96.26259726683716,108.821,1085.535,0.0,0,False,12691,720,744,-inf,False,,,,,
Panther_office_Ruthie,14157,3387,0.19305745554035567,117.10840304443032,18.90933329139006,25.6049,237.9737,0.0,0,False,12693,720,744,-inf,False,,,,,
Panther_office_Shauna,14154,3390,0.19322845417236661,96.20213657623289,39.678391443306445,39.4076,317.2612,0.0,0,False,12690,720,744,-inf,False,,,,,
Panther_office_Taryn,14155,3389,0.19317145462836297,93.10076556693748,18.56122976527389,21.6042,216.5795,0.0,0,False,12691,720,744,-inf,False,,,,,
Panther_office_Valarie,14155,3389,0.19317145462836297,33.75578879547863,9.991220225911027,5.121,76.9749,0.0,0,False,12691,720,744,-inf,False,,,,,
Panther_other_Bethel,14155,3389,0.19317145462836297,4.159487107029318,1.012343358704047,0.7601,9.0852,0.0,0,False,12691,720,744,-inf,False,,,,,
Panther_other_Bettie,14155,3389,0.19317145462836297,14.102964853408691,2.23471582373072,6.9814,23.4457,0.0,0,False,12691,720,744,-inf,False,,,,,
Panther_other_Lucina,13905,3639,0.20742134062927498,371.4163240417116,39.441915576193246,20.704,811.8067,0.0,0,False,12692,713,500,-inf,False,,,,,
Panther_other_Lula,14157,3387,0.19305745554035567,1.296552179133997,0.8010743502980646,0.154,4.5809,0.0,0,False,12693,720,744,-inf,False,,,,,
Panther_other_Tyrone,14159,3385,0.1929434564523484,26.496573628081077,10.283654533079714,3.5157,55.9766,0.0,0,False,12695,720,744,-inf,False,,,,,
Panther_parking_Adela,14156,3388,0.19311445508435932,45.926507410285396,17.15523910191742,7.7015,95.2481,0.0,0,False,12692,720,744,-inf,False,,,,,
Panther_parking_Alaina,14171,3373,0.1922594619243046,37.277863996895064,12.367136357661835,4.9009,78.543,0.0,0,False,12707,720,744,-inf,False,,,,,
Panther_parking_Asia,14156,3388,0.19311445508435932,26.908497718282,9.346335550857201,4.1008,54.8043,0.0,0,False,12692,720,744,-inf,False,,,,,
Panther_parking_Charlene,14154,3390,0.19322845417236661,42.50045275540482,13.327835290866098,6.1012,86.4559,0.0,0,False,12690,720,744,-inf,False,,,,,
Panther_parking_Jody,13310,4234,0.2413360693114455,31.354450563486107,18.738112267013086,0.08,54.7306,0.0,0,False,11955,675,680,-inf,False,,,,,
Panther_parking_Lorriane,14162,3382,0.19277245782033745,10.722723400649627,2.7600838651350874,2.1004,25.4972,0.0,0,False,12698,720,744,-inf,False,,,,,
Panther_parking_Mellissa,14201,3343,0.19054947560419516,15.047913548341667,4.241468458564691,2.4005,32.4863,0.0,0,False,12737,720,744,-inf,False,,,,,
Panther_parking_Stanley,14143,3401,0.19385544915640676,43.228516729123946,12.620229390555199,0.1,66.234,0.0,0,False,12679,720,744,-inf,False,,,,,
Panther_retail_Felix,14156,3388,0.19311445508435932,119.53686939107091,46.20637097119067,7.5365,279.1259,0.0,0,False,12692,720,744,-inf,False,,,,,
Panther_retail_Gilbert,13176,4368,0.24897400820793433,0.7910947783849425,0.2570243665108899,0.22,1.5203,0.0,0,False,11712,720,744,-inf,False,,,,,
Panther_retail_Kristina,14172,3372,0.19220246238030095,32.06359145498165,16.73652462415386,0.25,80.1105,0.0,0,False,12708,720,744,-inf,False,,,,,
Panther_retail_Lester,15611,1933,0.11018011855905152,5.808891928768176,4.506526895065556,0.086,82.9391,0.0,0,False,14147,720,744,-inf,False,,,,,
Panther_retail_Rachel,14155,3389,0.19317145462836297,3.48410048039562,1.9096615915701876,0.3201,12.5224,0.0,0,False,12691,720,744,-inf,False,,,,,
Panther_retail_Romeo,14158,3386,0.19300045599635202,433.5915467862692,60.15993681477134,0.073,938.4133,0.0,0,False,12694,720,744,-inf,False,,,,,
Peacock_assembly_Dena,17503,41,0.0023369813041495668,239.95125990972977,68.24220158818044,106.0167,406.95,0.0,0,False,16039,720,744,86.99278309933555,False,,,,,
Peacock_assembly_Mamie,7557,9987,0.5692544459644323,135.7879340082043,31.441355601537122,41.0,207.0333,0.0,0,False,6093,720,744,-inf,False,,,,,
Peacock_assembly_Russ,17496,48,0.0027359781121751026,138.74881974165524,21.492224700905883,9.5,188.5333,0.0,0,False,16032,720,744,85.9975930712803,False,,,,,
Peacock_assembly_Socorro,17532,12,0.0006839945280437756,22.02709229979466,19.081190781654595,1.1444,96.4111,0.0,0,False,16068,720,744,91.45591094325367,False,,,,,
Peacock_education_Anita,17504,40,0.002279981760145919,11.572636340265083,4.555279703977467,1.55,32.7833,0.0,0,False,16040,720,744,87.8153890639519,False,,,,,
Peacock_education_Bianca,7540,10004,0.5702234382124943,171.15276689655173,22.768136876483872,42.3,243.05,0.0,0,False,6076,720,744,-inf,False,,,,,
Peacock_education_Dustin,17502,42,0.0023939808481532147,46.042522397440294,12.75284223697557,17.7,82.8333,0.0,0,False,16038,720,744,86.93370860526656,False,,,,,
Peacock_education_Forest,17504,40,0.002279981760145919,88.52732539419559,18.229765649432025,35.15,162.45,0.0,0,False,16040,720,744,86.40761963140157,False,,,,,
Peacock_education_Gilberto,17528,16,0.0009119927040583675,1027.7660191008672,95.00205275616956,439.1388,1411.0001,0.0,0,False,16064,720,744,85.63854659214309,False,,,,,
Peacock_education_Joshua,17451,93,0.005300957592339261,464.76919422382673,36.05582906809941,290.3,589.05,0.0,0,False,15987,720,744,85.26377697189486,False,,,,,
Peacock_education_Karl,7570,9974,0.5685134518923849,79.63211211360634,15.602174027194595,48.2028,129.886,0.0,0,False,6106,720,744,-inf,False,,,,,
Peacock_education_Karyn,17518,26,0.0014819881440948472,471.9821338451878,23.555481624379382,141.65,555.4,0.0,0,False,16054,720,744,85.28538749017994,False,,,,,
Peacock_education_Lucie,7413,10131,0.5774623803009576,871.3035803858086,96.98673043023115,496.5833,1150.7333,0.0,0,False,5949,720,744,-inf,False,,,,,
Peacock_education_Lyle,17534,10,0.0005699954400364797,668.3461816071632,139.17243317045214,410.7667,1162.1833,0.0,0,False,16070,720,744,86.52755565950935,False,,,,,
Peacock_education_Ophelia,17533,11,0.0006269949840401277,699.4201437917071,42.41699663156225,460.2333,836.45,0.0,0,False,16069,720,744,85.4172248998164,False,,,,,
Peacock_education_Pasquale,17506,38,0.002165982672138623,186.16659829201413,13.102353304804629,124.7667,228.6,0.0,0,False,16042,720,744,85.3978889494879,False,,,,,
Peacock_education_Patience,17533,11,0.0006269949840401277,27.291664957508697,9.60388503176982,7.15,55.8,0.0,0,False,16069,720,744,87.60161604749112,False,,,,,
Peacock_education_Robbie,17540,4,0.00022799817601459188,43.91588278221209,15.546146550417745,11.3333,104.15,0.0,0,False,16076,720,744,87.64130713785336,False,,,,,
Peacock_education_Shelly,17358,186,0.010601915184678522,113.59753710680954,9.101475730448325,79.6833,144.2167,0.0,0,False,15894,720,744,-inf,False,,,,,
Peacock_education_Weldon,7575,9969,0.5682284541723667,658.8442040792079,80.83736639724805,265.414,877.3612,0.0,0,False,6111,720,744,-inf,False,,,,,
Peacock_education_Yolanda,17540,4,0.00022799817601459188,37.502205832383126,8.060296015043845,23.1461,58.7589,0.0,0,False,16076,720,744,86.59828449316154,False,,,,,
Peacock_lodging_Chloe,17503,41,0.0023369813041495668,32.08247413586242,10.425525329735297,5.9667,75.65,0.0,0,False,16039,720,744,87.29698218180303,False,,,,,
Peacock_lodging_Francesca,17528,16,0.0009119927040583675,38.630581777727066,9.188960406916133,5.3333,72.3333,0.0,0,False,16064,720,744,86.72928678403436,False,,,,,
Peacock_lodging_Jamaal,17533,11,0.0006269949840401277,216.1793368162893,50.64495196123567,89.25,349.5667,0.0,0,False,16069,720,744,86.71942676665222,False,,,,,
Peacock_lodging_James,17471,73,0.004160966712266302,60.25354846889131,13.52470487270401,29.1167,107.8,0.0,0,False,16007,720,744,86.43381606846583,False,,,,,
Peacock_lodging_Lou,17537,7,0.0003989968080255358,117.80694717454526,17.39286493769472,20.6,179.6,0.0,0,False,16073,720,744,86.08335046735795,False,,,,,
Peacock_lodging_Mathew,17495,49,0.0027929776561787505,54.64274144612747,12.425290097830937,7.95,102.15,0.0,0,False,16031,720,744,86.53785692580408,False,,,,,
Peacock_lodging_Matthew,17534,10,0.0005699954400364797,59.58106391582069,9.514116053850083,25.4333,90.6667,0.0,0,False,16070,720,744,86.1634269306963,False,,,,,
Peacock_lodging_Nova,17520,24,0.0013679890560875513,19.01205781392694,7.650081356315948,1.8333,52.1667,0.0,0,False,16057,719,744,87.93577441733287,False,,,,,
Peacock_lodging_Sergio,17534,10,0.0005699954400364797,96.21369249458195,21.334759840657558,50.9694,174.1388,0.0,0,False,16070,720,744,86.62887643933111,False,,,,,
Peacock_lodging_Terrie,17503,41,0.0023369813041495668,40.22387503856481,8.77179943234534,7.0667,80.15,0.0,0,False,16039,720,744,86.4953394979521,False,,,,,
Peacock_lodging_Wes,17533,11,0.0006269949840401277,161.81036060001142,32.425467935881585,88.2333,274.7833,0.0,0,False,16069,720,744,86.46531873220101,False,,,,,
Peacock_office_Annie,17535,9,0.0005129958960328317,76.58523526660964,34.84268461544251,31.8667,194.0,0.0,0,False,16071,720,744,88.38136794946186,False,,,,,
Peacock_office_Burl,17535,9,0.0005129958960328317,60.141245104077555,8.842306018923013,29.0333,95.1833,0.0,0,False,16071,720,744,86.07191266684151,False,,,,,
Peacock_office_Dara,17506,38,0.002165982672138623,162.55629465326174,64.07722792274967,45.8,340.9333,0.0,0,False,16042,720,744,87.82642738229666,False,,,,,
Peacock_office_Effie,17534,10,0.0005699954400364797,87.65797795711192,29.723653744756106,35.4167,180.15,0.0,0,False,16070,720,744,87.50895046119103,False,,,,,
Peacock_office_Elton,17520,24,0.0013679890560875513,158.3270489326484,21.841772709587694,92.2667,230.2167,0.0,0,False,16056,720,744,85.95257200917521,False,,,,,
Peacock_office_Glenn,7461,10083,0.5747264021887825,66.60176210963678,32.89454623837774,27.2833,195.3167,0.0,0,False,5997,720,744,-inf,False,,,,,
Peacock_office_Jonathon,7409,10135,0.5776903784769721,35.26393387771629,9.517663485447812,17.1667,74.35,0.0,0,False,5945,720,744,-inf,False,,,,,
Peacock_office_Julian,17533,11,0.0006269949840401277,24.75997536645183,10.91066635221073,6.9167,64.6833,0.0,0,False,16069,720,744,88.26731079585844,False,,,,,
Peacock_office_Major,17293,251,0.01430688554491564,204.28087751691436,26.02623434095976,90.4,296.9833,0.0,0,False,15829,720,744,-inf,False,,,,,
Peacock_office_Naomi,5690,11854,0.675672594619243,170.1852737785589,55.50082031376838,62.4667,287.05,0.0,0,False,5450,0,240,-inf,False,,,,,
Peacock_office_Norman,17524,20,0.0011399908800729594,36.39735241383246,9.180857905740698,15.9833,72.2833,0.0,0,False,16060,720,744,86.82339843156281,False,,,,,
Peacock_public_Kelvin,17533,11,0.0006269949840401277,284.60282606513437,79.63446319315108,91.2833,593.4,0.0,0,False,16069,720,744,87.06094861879976,False,,,,,
Peacock_public_Linda,2752,14792,0.8431372549019608,31.01795643168605,7.543512382115992,0.1,59.2833,0.0,0,False,1288,720,744,-inf,False,,,,,
Rat_assembly_Adolfo,17516,28,0.0015959872321021432,34.98013073761132,16.673285285193536,4.04,107.33,0.0,0,False,16053,719,744,88.47911704589565,False,,,,,
Rat_assembly_Aisha,17440,104,0.005927952576379389,81.52896043577982,35.32366940157198,0.12,196.91,0.0,0,False,15977,719,744,87.89381258618822,False,,,,,
Rat_assembly_Alex,17348,196,0.011171910624715002,6.421532165091075,4.3867160859899545,1.23,21.96,0.0,0,False,15885,719,744,-inf,False,,,,,
Rat_assembly_Archie,17434,110,0.006269949840401277,3.0785155443386483,1.910219991065038,0.04,10.84,0.0,0,False,15971,719,744,89.27755567921383,False,,,,,
Rat_assembly_Aubrey,17507,37,0.002108983128134975,17.089596732735476,13.670601546230474,0.44,89.49,0.0,0,False,16044,719,744,90.87298886543738,False,,,,,
Rat_assembly_Cristina,17486,58,0.0033059735522115823,51.09996397117694,34.44872357632165,2.64,190.7,0.0,0,False,16022,720,744,89.85772004062403,False,,,,,
Rat_assembly_Damaris,17467,77,0.004388964888280894,4.905121657983627,1.633515439873206,2.06,12.26,0.0,0,False,16004,719,744,87.23433018780132,False,,,,,
Rat_assembly_Deandre,17492,52,0.0029639762881896944,28.918467871026753,11.130410839555372,9.73,67.16,0.0,0,False,16029,719,744,87.70883168715585,False,,,,,
Rat_assembly_Don,7078,10466,0.5965572275421797,7.33685928228313,5.244594034245304,0.12,34.7,0.0,0,False,7078,0,0,-inf,False,,,,,
Rat_assembly_Donny,17210,334,0.019037847697218422,2.489678675188844,1.8650496037861883,0.16,15.64,0.0,0,False,15849,625,736,-inf,False,,,,,
Rat_assembly_Dovie,17516,28,0.0015959872321021432,23.889485042247088,12.603192482141099,0.26,80.24,0.0,0,False,16053,719,744,88.8609582695654,False,,,,,
Rat_assembly_Erwin,17492,52,0.0029639762881896944,16.545532815001145,11.377179839116284,0.04,63.59,0.0,0,False,16029,719,744,89.97937513999719,False,,,,,
Rat_assembly_Ezequiel,17515,29,0.0016529867761057911,40.80271367399372,27.946589016044367,2.96,137.12,0.0,0,False,16052,719,744,90.03771975792395,False,,,,,
Rat_assembly_Francine,17458,86,0.004901960784313725,39.82384007331882,11.736431073893131,7.44,95.86,0.0,0,False,15995,719,744,86.91619740272394,False,,,,,
Rat_assembly_Frieda,17468,76,0.004331965344277246,123.99387165101899,45.81380615176536,30.98,288.36,0.0,0,False,16005,719,744,87.51121537458648,False,,,,,
Rat_assembly_Gerald,16548,996,0.05677154582763338,3.8480257432922405,3.7141795909599473,0.04,25.64,0.0,0,False,15476,480,592,-inf,False,,,,,
Rat_assembly_Gwen,17433,111,0.006326949384404925,5.504467389433832,2.355759128500709,0.74,15.06,0.0,0,False,15971,718,744,87.83017468683639,False,,,,,
Rat_assembly_Horace,17492,52,0.0029639762881896944,26.451915161216558,19.49917259533604,0.04,109.81,0.0,0,False,16029,719,744,90.3508270627467,False,,,,,
Rat_assembly_Ida,17443,101,0.005756953944368445,26.2574069827438,8.791449890220914,10.94,69.71,0.0,0,False,15980,719,744,87.1657170204254,False,,,,,
Rat_assembly_Jamie,17467,77,0.004388964888280894,28.694759260319458,21.624949035975455,2.26,135.3,0.0,0,False,16004,719,744,90.38881329913697,False,,,,,
Rat_assembly_Jannie,17464,80,0.004559963520291838,0.8282300732936324,2.5203351478362963,0.04,14.09,0.0,0,False,16001,719,744,99.72640218878249,False,,,,,
Rat_assembly_Jennie,17288,256,0.01459188326493388,2.6031397501156874,2.2899734874559194,0.28,11.92,0.0,0,False,15824,720,744,-inf,False,,,,,
Rat_assembly_Kaitlyn,17468,76,0.004331965344277246,98.93134646210213,31.819858901534772,0.74,223.97,0.0,0,False,16005,719,744,87.1523502864978,False,,,,,
Rat_assembly_Karen,8153,9391,0.5352827177382581,171.85639764503864,62.685674700409066,0.02,445.6,0.0,0,False,8153,0,0,-inf,False,,,,,
Rat_assembly_Kelley,17389,155,0.008834929320565435,2.729070101788487,1.771395750344545,0.16,10.72,0.0,0,False,15967,719,703,-inf,False,,,,,
Rat_assembly_Kenya,17510,34,0.001937984496124031,64.70731696173615,25.36531804824845,7.89,172.27,0.0,0,False,16047,719,744,87.82372670229013,False,,,,,
Rat_assembly_Kimberley,17515,29,0.0016529867761057911,66.1579446188981,18.52074903149891,19.78,143.87,0.0,0,False,16053,719,743,86.9869859372504,False,,,,,
Rat_assembly_Kristine,17160,384,0.02188782489740082,23.597830419580422,7.493383058253628,2.35,53.88,0.0,0,False,15697,719,744,-inf,False,,,,,
Rat_assembly_Kristy,17494,50,0.0028499772001823985,49.77947867840402,38.26401944501619,2.84,150.43,0.0,0,False,16031,719,744,90.5940305217018,False,,,,,
Rat_assembly_Lillie,17500,44,0.0025079799361605107,13.400094285714285,16.890112959690658,0.2,71.64,0.0,0,False,16038,718,744,94.30287612034971,False,,,,,
Rat_assembly_Michel,17516,28,0.0015959872321021432,14.785419045444167,10.673485115320899,1.92,46.29,0.0,0,False,16053,719,744,90.31843552909433,False,,,,,
Rat_assembly_Mirta,17513,31,0.001766985864113087,168.75222463312966,64.69677903225845,0.83,614.65,0.0,0,False,16050,719,744,87.76935534349292,False,,,,,
Rat_assembly_Monica,17445,99,0.005642954856361149,65.48667927773002,21.10579266369235,16.89,142.96,0.0,0,False,15981,720,744,87.07860810759647,False,,,,,
Rat_assembly_Myrna,7024,10520,0.5996352029183767,7.050055523917996,2.9592070397092365,0.66,16.85,0.0,0,False,7024,0,0,-inf,False,,,,,
Rat_assembly_Pam,17484,60,0.003419972640218878,8.497644131777625,9.413001495549414,0.07,39.51,0.0,0,False,16021,719,744,93.1026938199161,False,,,,,
Rat_assembly_Pauline,17038,506,0.028841769265845873,1.7827397581875806,1.7444281615353467,0.24,9.84,0.0,0,False,15654,686,698,-inf,False,,,,,
Rat_assembly_Rolland,17512,32,0.001823985408116735,40.77864721333943,27.091354892799647,0.07,156.67,0.0,0,False,16049,719,744,89.87319702410822,False,,,,,
Rat_assembly_Rosemarie,17438,106,0.006041951664386685,11.293772221585046,5.415943087451064,0.74,32.99,0.0,0,False,15974,720,744,88.23411760809111,False,,,,,
Rat_assembly_Ruth,17458,86,0.004901960784313725,6.212699049146522,4.801244678743457,0.08,21.36,0.0,0,False,15995,719,744,90.50196788770127,False,,,,,
Rat_assembly_Silvia,17492,52,0.0029639762881896944,11.371022753258632,6.3361932310011255,0.73,43.43,0.0,0,False,16029,719,744,89.00133248442249,False,,,,,
Rat_assembly_Suzanne,17433,111,0.006326949384404925,3.1265966844490336,1.6624392399546362,0.4,10.44,0.0,0,False,15970,719,744,88.60819968168371,False,,,,,
Rat_assembly_Teddy,17468,76,0.004331965344277246,85.3436941836501,21.706227501287838,27.8,164.54,0.0,0,False,16005,719,744,86.64762437425901,False,,,,,
Rat_assembly_Teodoro,16794,750,0.04274965800273598,26.603822793854945,12.465077009307244,0.76,68.2,0.0,0,False,15959,162,673,-inf,False,,,,,
Rat_assembly_Trent,17488,56,0.0031919744642042863,22.556157936870996,8.327682625099193,3.12,65.79,0.0,0,False,16025,719,744,87.57746461264608,False,,,,,
Rat_assembly_Trudy,17467,77,0.004388964888280894,37.75496192820747,20.01305467602306,1.06,130.67,0.0,0,False,16005,719,743,88.69880226695342,False,,,,,
Rat_assembly_Victorina,17009,535,0.030494756041951666,1.7566417778822974,1.3141514558588796,0.12,7.52,0.0,0,False,15629,681,699,-inf,False,,,,,
Rat_assembly_Viola,17514,30,0.001709986320109439,53.93774123558297,25.688129070716258,7.26,143.01,0.0,0,False,16051,719,744,88.46931472777166,False,,,,,
Rat_education_Abigail,5316,12228,0.6969904240766074,121.28607223476298,41.122575072394255,0.03,367.37,0.0,0,False,5316,0,0,-inf,False,,,,,
Rat_education_Adell,17338,206,0.011741906064751482,148.86776098742644,83.92745185985443,9.03,420.87,0.0,0,False,15875,719,744,-inf,False,,,,,
Rat_education_Adrian,17444,100,0.005699954400364797,77.76560593900481,37.55852294224042,27.14,209.98,0.0,0,False,15981,719,744,88.28028431747501,False,,,,,
Rat_education_Alfonso,17465,79,0.00450296397628819,334.0551377039794,148.22934884446627,0.71,838.9,0.0,0,False,16002,719,744,88.05777611529555,False,,,,,
Rat_education_Alfred,17137,407,0.023198814409484726,360.1609674972283,166.31083641623684,0.1,872.62,0.0,0,False,15709,695,733,-inf,False,,,,,
Rat_education_Alonzo,3552,13992,0.7975376196990424,139.6621171171171,58.11974814954049,40.57,534.69,0.0,0,False,3552,0,0,-inf,False,,,,,
Rat_education_Alyson,9743,7801,0.44465344277245783,49.76441855691266,19.83423645200146,0.43,102.42,0.0,0,False,9743,0,0,-inf,False,,,,,
Rat_education_Angelica,1488,16056,0.9151846785225718,57.15700940860216,14.465935194204395,2.57,109.04,0.0,0,False,1488,0,0,-inf,False,,,,,
Rat_education_Barbara,16325,1219,0.06948244414044688,1.5424085758039816,1.2995950151323203,0.04,3.57,0.0,0,False,15070,639,616,-inf,False,,,,,
Rat_education_Barney,17418,126,0.007181942544459644,28.64555459869101,11.886106564006685,9.41,88.46,0.0,0,False,15954,720,744,87.68111253802155,False,,,,,
Rat_education_Beverly,17540,4,0.00022799817601459188,661.5091322690993,301.96801261940476,0.4,2109.0,0.0,0,False,16077,719,744,88.40994645738837,False,,,,,
Rat_education_Brett,17483,61,0.003476972184222526,65.32838128467654,45.14763664550201,4.64,240.6,0.0,0,False,16019,720,744,89.97453894580832,False,,,,,
Rat_education_Bryant,17452,92,0.005243958048335613,55.8517934907174,11.603133192765295,14.11,96.8,0.0,0,False,15989,719,744,86.24347719000116,False,,,,,
Rat_education_Calvin,17501,43,0.0024509803921568627,37.19395520255985,14.301423038325263,0.23,85.15,0.0,0,False,16038,719,744,87.73676120053884,False,,,,,
Rat_education_Candida,17492,52,0.0029639762881896944,140.08610679167623,39.782123989540295,8.49,310.05,0.0,0,False,16029,719,744,86.95203665983871,False,,,,,
Rat_education_Carmela,17467,77,0.004388964888280894,86.25429381118681,39.79823215146464,34.41,223.75,0.0,0,False,16004,719,744,88.19720566861997,False,,,,,
Rat_education_Cecil,17442,102,0.005813953488372093,62.218525971792225,26.111746031777415,1.15,161.29,0.0,0,False,15979,719,744,87.79874772909878,False,,,,,
Rat_education_Cedric,17516,28,0.0015959872321021432,93.1880195250057,25.819006691187834,44.03,194.91,0.0,0,False,16053,719,744,86.98221764733968,False,,,,,
Rat_education_Chance,1464,16080,0.9165526675786594,58.03979508196722,30.782179449793986,12.24,174.86,0.0,0,False,1464,0,0,-inf,False,,,,,
Rat_education_Cinthia,12011,5533,0.31537847697218424,35.41686287569728,30.762019661430717,0.01,177.98,0.0,0,False,11586,198,227,-inf,False,,,,,
Rat_education_Colin,17468,76,0.004331965344277246,54.6362811999084,28.42454858787114,3.12,162.54,0.0,0,False,16005,719,744,88.64196027689154,False,,,,,
Rat_education_Conrad,16625,919,0.05238258093935248,171.27679157894735,155.08674475407565,0.96,786.81,0.0,0,False,15211,720,694,-inf,False,,,,,
Rat_education_Dana,17515,29,0.0016529867761057911,97.67509563231515,35.55389522861308,0.84,221.54,0.0,0,False,16053,718,744,87.63083311119357,False,,,,,
Rat_education_Dann,17492,52,0.0029639762881896944,195.01841527555453,51.658378545021456,110.04,360.4,0.0,0,False,16029,719,744,86.80883451991446,False,,,,,
Rat_education_Davis,17421,123,0.0070109439124487,78.35083232879859,28.425607178099344,34.36,206.73,0.0,0,False,15957,720,744,87.30033620603217,False,,,,,
Rat_education_Deanna,17492,52,0.0029639762881896944,88.31791276011892,26.008259189137004,36.01,184.66,0.0,0,False,16029,719,744,87.0307954112443,False,,,,,
Rat_education_Debra,17445,99,0.005642954856361149,105.51789739180282,36.56798083092371,45.53,263.6,0.0,0,False,15981,720,744,87.26060126515802,False,,,,,
Rat_education_Denise,8158,9386,0.5349977200182399,84.06219048786468,34.23569916007498,11.1,226.55,0.0,0,False,8158,0,0,-inf,False,,,,,
Rat_education_Dianne,12197,5347,0.3047765617875057,139.72526850864966,33.77626092348653,26.87,257.03,0.0,0,False,12197,0,0,-inf,False,,,,,
Rat_education_Donnell,9215,8329,0.47474920200638393,59.669302224633746,56.742417511675235,4.51,332.27,0.0,0,False,9215,0,0,-inf,False,,,,,
Rat_education_Dreama,17150,394,0.0224578203374373,92.368089212828,25.28953902018108,0.24,171.38,0.0,0,False,15686,720,744,-inf,False,,,,,
Rat_education_Earl,17439,105,0.005984952120383037,158.97862320087162,57.64220637839668,47.28,322.61,0.0,0,False,15976,719,744,87.36024047385648,False,,,,,
Rat_education_Earnest,17468,76,0.004331965344277246,60.47465136249141,21.994958199596926,29.48,167.3,0.0,0,False,16005,719,744,87.4678726954178,False,,,,,
Rat_education_Edmund,7545,9999,0.5699384404924761,50.29124585818424,33.66303196178309,0.01,198.89,0.0,0,False,6095,706,744,-inf,False,,,,,
Rat_education_Eleonora,8181,9363,0.533686730506156,226.50156460090454,111.4132864475267,5.69,577.84,0.0,0,False,8181,0,0,-inf,False,,,,,
Rat_education_Elisa,17516,28,0.0015959872321021432,39.47272950445307,22.866354177198154,5.91,143.18,0.0,0,False,16053,719,744,89.24895314046488,False,,,,,
Rat_education_Elsie,17483,61,0.003476972184222526,117.58989418292055,210.97397953201676,0.04,914.13,0.0,0,False,16022,718,743,98.23407032976614,False,,,,,
Rat_education_Esther,17467,77,0.004388964888280894,94.72758229804775,30.89123953285725,41.56,222.94,0.0,0,False,16004,719,744,87.18245762766837,False,,,,,
Rat_education_Everett,17489,55,0.0031349749202006384,177.4303945337069,58.11054346741004,0.74,406.83,0.0,0,False,16026,719,744,87.2682398179104,False,,,,,
Rat_education_Fernando,17467,77,0.004388964888280894,62.389180740825545,27.34417943945616,13.3,165.55,0.0,0,False,16004,719,744,88.02379207636666,False,,,,,
Rat_education_Francisca,17060,484,0.027587779297765617,35.48554806565065,31.355607580081056,2.34,185.53,0.0,0,False,15693,623,744,-inf,False,,,,,
Rat_education_Gricelda,13390,4154,0.23677610579115366,33.09332188200149,12.81661060078716,8.29,81.52,0.0,0,False,11927,719,744,-inf,False,,,,,
Rat_education_Guillermo,17464,80,0.004559963520291838,108.83802908841045,24.101119830932568,3.02,219.8,0.0,0,False,16001,719,744,86.38720402657728,False,,,,,
Rat_education_Humberto,17158,386,0.022001823985408116,175.00296246648793,117.09379257896956,0.03,630.18,0.0,0,False,15726,695,737,-inf,False,,,,,
Rat_education_Imelda,17491,53,0.0030209758321933424,2.893996340975359,0.5393679748995588,2.0,4.99,0.0,0,False,16028,719,744,86.21655241287816,False,,,,,
Rat_education_Irma,17488,56,0.0031919744642042863,74.44170574107959,27.29923562824048,3.13,195.6,0.0,0,False,16025,719,744,87.55887884200973,False,,,,,
Rat_education_Jacob,17468,76,0.004331965344277246,55.63530341195329,13.487545735382858,22.28,99.53,0.0,0,False,16005,719,744,86.55829078517812,False,,,,,
Rat_education_Jame,17449,95,0.005414956680346557,64.73733107914495,16.94279352016907,21.73,144.68,0.0,0,False,15986,719,744,86.63797238826453,False,,,,,
Rat_education_Jeanne,9165,8379,0.47759917920656636,56.10068957992362,16.258490229860985,30.9,136.68,0.0,0,False,7702,719,744,-inf,False,,,,,
Rat_education_Jena,17468,76,0.004331965344277246,163.394498511564,59.599219895804005,43.96,365.02,0.0,0,False,16005,719,744,87.47575649488616,False,,,,,
Rat_education_Jesse,17516,28,0.0015959872321021432,29.47339632336149,10.41732215998765,11.99,80.96,0.0,0,False,16053,719,744,87.55510310113429,False,,,,,
Rat_education_Kandice,17510,34,0.001937984496124031,67.20739691604797,41.55862041546552,0.4,228.37,0.0,0,False,16046,720,744,89.52144932648838,False,,,,,
Rat_education_Kathryn,17541,3,0.0001709986320109439,518.9253166866198,219.39900222631212,0.08,1104.92,0.0,0,False,16077,720,744,88.16070219123975,False,,,,,
Rat_education_Keith,17516,28,0.0015959872321021432,104.9482284768212,30.23043446485456,10.08,228.8,0.0,0,False,16053,719,744,87.06462271607967,False,,,,,
Rat_education_Kelsey,17516,28,0.0015959872321021432,157.82374743092032,42.05655961400654,5.19,343.72,0.0,0,False,16053,719,744,86.90282591082916,False,,,,,
Rat_education_Kristie,1561,15983,0.9110237118103055,130.63100576553492,54.37411230299389,73.15,323.2,0.0,0,False,1561,0,0,-inf,False,,,,,
Rat_education_Lee,17541,3,0.0001709986320109439,403.2324736332022,112.6639617092429,17.43,792.72,0.0,0,False,16077,720,744,87.08525512134662,False,,,,,
Rat_education_Leonardo,16997,547,0.03117875056999544,48.79301582632229,28.96870298733878,0.82,175.79,0.0,0,False,15534,719,744,-inf,False,,,,,
Rat_education_Lincoln,17461,83,0.0047309621523027815,161.206214420709,75.41537452514923,0.31,505.51,0.0,0,False,15997,720,744,88.22478684124113,False,,,,,
Rat_education_Liz,17492,52,0.0029639762881896944,91.22263091699061,43.74270859166276,12.26,291.45,0.0,0,False,16029,719,744,88.418531217568,False,,,,,
Rat_education_Lonnie,17466,78,0.004445964432284542,60.481981564181844,33.36730080170702,3.22,210.14,0.0,0,False,16003,719,744,88.87091668672683,False,,,,,
Rat_education_Lynn,17492,52,0.0029639762881896944,106.4009427166705,34.72649242207869,29.04,259.59,0.0,0,False,16029,719,744,87.26996579845672,False,,,,,
Rat_education_Mac,913,16631,0.9479594163246694,157.10164293537787,65.00258457693762,84.53,327.1,0.0,0,False,913,0,0,-inf,False,,,,,
Rat_education_Marcos,17292,252,0.014363885088919288,367.1254614850798,108.55738097806646,135.54,736.59,0.0,0,False,15861,695,736,-inf,False,,,,,
Rat_education_Marianna,17420,124,0.007067943456452348,79.97960390355911,33.260520290809126,35.31,228.84,0.0,0,False,15957,719,744,87.69489235477306,False,,,,,
Rat_education_Maricela,17043,501,0.028556771545827635,144.04047761544328,57.77441651151014,1.77,315.13,0.0,0,False,15580,719,744,-inf,False,,,,,
Rat_education_Marvin,17427,117,0.0066689466484268125,53.78601021403569,28.70717540589508,3.24,163.82,0.0,0,False,15964,719,744,88.60283376328026,False,,,,,
Rat_education_Matt,9647,7897,0.45012539899680803,147.49528661760132,66.28376801360751,30.57,320.71,0.0,0,False,9647,0,0,-inf,False,,,,,
Rat_education_Mavis,8204,9340,0.532375740994072,204.05943564115066,94.2849741088001,0.02,482.6,0.0,0,False,8204,0,0,-inf,False,,,,,
Rat_education_Meghan,17515,29,0.0016529867761057911,53.61863945189837,25.446385129450732,4.61,158.83,0.0,0,False,16052,719,744,88.46017795769164,False,,,,,
Rat_education_Milagros,17081,463,0.026390788873689012,110.3424255020198,47.585713740257674,17.8,300.56,0.0,0,False,16049,719,313,-inf,False,,,,,
Rat_education_Moises,5009,12535,0.7144892840857273,160.217698143342,20.60986379280334,51.1,243.33,0.0,0,False,5009,0,0,-inf,False,,,,,
Rat_education_Mona,17492,52,0.0029639762881896944,78.02931054196203,29.924991972445795,11.47,178.44,0.0,0,False,16029,719,744,87.69848364360851,False,,,,,
Rat_education_Morton,17492,52,0.0029639762881896944,150.5301829407729,59.61452656642706,1.18,365.72,0.0,0,False,16029,719,744,87.79238932327604,False,,,,,
Rat_education_Mose,17488,56,0.0031919744642042863,82.8230803979872,42.67779392202363,3.25,218.04,0.0,0,False,16025,719,744,88.67314646464108,False,,,,,
Rat_education_Nellie,17508,36,0.002051983584131327,435.2471076079507,158.1540441547994,3.36,943.95,0.0,0,False,16046,718,744,87.60212673714085,False,,,,,
Rat_education_Nona,17467,77,0.004388964888280894,98.38269078834375,58.12155961478898,0.63,300.61,0.0,0,False,16003,720,744,89.16743843146051,False,,,,,
Rat_education_Nydia,17389,155,0.008834929320565435,152.27767036632352,51.05622657025064,27.49,410.15,0.0,0,False,15926,719,744,86.98453227753413,False,,,,,
Rat_education_Pat,17309,235,0.013394892840857273,160.77797504188572,102.21531373642101,38.4,662.7,0.0,0,False,15857,720,732,-inf,False,,,,,
Rat_education_Patty,17469,75,0.004274965800273598,137.14832961245634,62.514073970144786,31.04,409.39,0.0,0,False,16005,720,744,88.16210405829997,False,,,,,
Rat_education_Paula,17348,196,0.011171910624715002,124.07289716393818,35.34082281236408,38.3,273.17,0.0,0,False,15885,719,744,-inf,False,,,,,
Rat_education_Penny,6359,11185,0.6375398996808026,166.85358389683915,63.428701008494016,43.08,329.7,0.0,0,False,6359,0,0,-inf,False,,,,,
Rat_education_Renee,17492,52,0.0029639762881896944,34.26183112279899,12.25519652948428,8.91,72.82,0.0,0,False,16029,719,744,87.50485440667961,False,,,,,
Rat_education_Robyn,17516,28,0.0015959872321021432,155.17150719342317,60.01971896605495,55.94,402.05,0.0,0,False,16053,719,744,87.80521079844132,False,,,,,
Rat_education_Rogelio,17346,198,0.011285909712722298,126.23122160728698,44.93460521004981,50.31,268.93,0.0,0,False,15883,719,744,-inf,False,,,,,
Rat_education_Romana,7871,9673,0.5513565891472868,37.2346487104561,21.449649912351255,0.48,132.64,0.0,0,False,7871,0,0,-inf,False,,,,,
Rat_education_Rosalyn,17492,52,0.0029639762881896944,71.55924651269152,21.469878700036872,26.65,165.98,0.0,0,False,16029,719,744,87.07238201749531,False,,,,,
Rat_education_Roxanne,6524,11020,0.6281349749202007,415.8456023911711,267.22405102088345,0.18,1085.31,0.0,0,False,6524,0,0,-inf,False,,,,,
Rat_education_Royal,17492,52,0.0029639762881896944,72.92922936199406,19.40313322952142,35.83,145.38,0.0,0,False,16029,719,744,86.81756848369764,False,,,,,
Rat_education_Salvatore,17492,52,0.0029639762881896944,78.40169563228905,35.98797320044425,8.62,213.09,0.0,0,False,16029,719,744,88.26481399325037,False,,,,,
Rat_education_Shellie,17468,76,0.004331965344277246,74.71264540874742,30.462434615752745,3.91,174.38,0.0,0,False,16005,719,744,87.79804179109246,False,,,,,
Rat_education_Sherwood,17444,100,0.005699954400364797,102.61333925705114,37.095364568517695,44.71,249.66,0.0,0,False,15981,719,744,87.36929969091827,False,,,,,
Rat_education_Sina,17444,100,0.005699954400364797,167.88364595276312,60.66751775539059,29.85,362.97,0.0,0,False,15981,719,744,87.36825113797823,False,,,,,
Rat_education_Stuart,17468,76,0.004331965344277246,47.54103961529654,19.62267677549674,17.08,162.51,0.0,0,False,16005,719,744,87.83572485466192,False,,,,,
Rat_education_Susana,9906,7638,0.4353625170998632,8.491331516252776,6.0404904626199585,0.02,19.2,0.0,0,False,9906,0,0,-inf,False,,,,,
Rat_education_Tania,17336,208,0.011855905152758778,311.3102763036456,158.78031093352328,0.01,880.28,0.0,0,False,15873,719,744,-inf,False,,,,,
Rat_education_Terese,17475,69,0.00393296853625171,116.13254992846925,36.396651399822204,42.46,266.91,0.0,0,False,16012,719,744,87.11456775689264,False,,,,,
Rat_education_Theo,17541,3,0.0001709986320109439,555.969565589191,343.7596184552714,5.12,1678.19,0.0,0,False,16077,720,744,89.6270391322212,False,,,,,
Rat_education_Tim,17506,38,0.002165982672138623,62.24649034616703,24.798718205376307,3.47,175.37,0.0,0,False,16043,719,744,87.8580068752712,False,,,,,
Rat_education_Tristan,15645,1899,0.1082421340629275,29.236266538830296,12.460189850512084,8.85,90.27,0.0,0,False,15645,0,0,-inf,False,,,,,
Rat_education_Ulrike,17492,52,0.0029639762881896944,103.92127486851132,31.482785670284645,8.69,227.8,0.0,0,False,16029,719,744,87.09427454705099,False,,,,,
Rat_education_Verna,17441,103,0.005870953032375741,83.11705406800068,28.57369245719936,15.05,219.48,0.0,0,False,15978,719,744,87.22606679539268,False,,,,,
Rat_education_Veronica,3840,13704,0.7811217510259918,184.1168776041667,94.142357437396,0.38,645.94,0.0,0,False,3840,0,0,-inf,False,,,,,
Rat_education_Vicky,16854,690,0.0393296853625171,186.7139409042364,71.5265590934727,0.02,390.49,0.0,0,False,15423,694,737,-inf,False,,,,,
Rat_education_Willie,17468,76,0.004331965344277246,238.9079705747653,128.68389565162244,66.74,624.2,0.0,0,False,16005,719,744,88.77983519040642,False,,,,,
Rat_education_Willy,9772,7772,0.443000455996352,89.20635182153089,33.34442410440043,0.01,307.14,0.0,0,False,9772,0,0,-inf,False,,,,,
Rat_education_Wilmer,17444,100,0.005699954400364797,102.32852155468929,35.19770068858934,35.32,266.97,0.0,0,False,15981,719,744,87.23776008176694,False,,,,,
Rat_education_Winnie,17466,78,0.004445964432284542,55.29869517920531,26.91759000773091,7.05,239.39,0.0,0,False,16003,719,744,88.38399599730957,False,,,,,
Rat_education_Yu,16916,628,0.035795713634290925,80.97514956254433,25.788174699319686,16.8,210.79,0.0,0,False,15453,719,744,-inf,False,,,,,
Rat_education_Zina,17420,124,0.007067943456452348,49.12113030998852,27.61055890746853,14.42,164.6,0.0,0,False,15957,719,744,88.79160797680707,False,,,,,
Rat_education_Zoe,17492,52,0.0029639762881896944,93.63981134232793,30.444652540939252,23.77,207.94,0.0,0,False,16029,719,744,87.26059963380558,False,,,,,
Rat_health_Ann,6814,10730,0.6116051071591427,92.57793219841503,55.86296231239369,8.04,272.68,0.0,0,False,6814,0,0,-inf,False,,,,,
Rat_health_Gaye,17468,76,0.004331965344277246,37.929622166246844,12.539091519204753,1.79,99.15,0.0,0,False,16004,720,744,87.21949476586687,False,,,,,
Rat_health_Guy,17366,178,0.010145918832649339,1465.3746170678332,283.0109817376916,544.32,2225.28,0.0,0,False,15933,695,738,-inf,False,,,,,
Rat_health_Mildred,17489,55,0.0031349749202006384,17.99408256618446,7.808584397033509,5.0,58.58,0.0,0,False,16029,719,741,88.02622570940369,False,,,,,
Rat_health_Rosaria,17490,54,0.0030779753761969904,31.019803887935964,14.647780102599018,5.07,84.22,0.0,0,False,16027,719,744,88.35687677437247,False,,,,,
Rat_health_Shane,17317,227,0.01293889648882809,1146.168417162326,198.51673694514375,353.86,1919.72,0.0,0,False,15884,695,738,-inf,False,,,,,
Rat_health_Tanya,17516,28,0.0015959872321021432,51.39887588490524,23.136625544917756,7.58,130.22,0.0,0,False,16053,719,744,88.28028136228161,False,,,,,
Rat_lodging_Ardell,17468,76,0.004331965344277246,15.849334211128921,5.8118141048775795,5.33,39.22,0.0,0,False,16005,719,744,87.49026736826076,False,,,,,
Rat_lodging_Ben,17343,201,0.011456908344733242,328.5183376578446,108.38168513513298,96.6,658.39,0.0,0,False,15888,719,736,-inf,False,,,,,
Rat_lodging_Christine,17492,52,0.0029639762881896944,62.18165046878574,25.26470946982619,14.59,145.38,0.0,0,False,16029,719,744,87.86944819614052,False,,,,,
Rat_lodging_Dwight,17510,34,0.001937984496124031,24.091956596230723,13.245931596916444,2.52,87.0,0.0,0,False,16047,720,743,88.99383419398667,False,,,,,
Rat_lodging_Jeannette,17514,30,0.001709986320109439,5.182877697841727,2.2725656036685815,0.88,15.4,0.0,0,False,16051,719,744,88.18596810352363,False,,,,,
Rat_lodging_Lakisha,13422,4122,0.23495212038303692,0.5422410967068991,0.8508281216614628,0.04,5.16,0.0,0,False,11998,687,737,-inf,False,,,,,
Rat_lodging_Lorenzo,17368,176,0.010031919744642043,2.9195555043758636,1.7249759537522142,0.52,10.16,0.0,0,False,15919,716,733,-inf,False,,,,,
Rat_lodging_Lucille,10446,7098,0.4045827633378933,3.1396132490905604,2.5438138415715805,0.08,20.56,0.0,0,False,10446,0,0,-inf,False,,,,,
Rat_lodging_Marguerite,17386,158,0.00900592795257638,22.584353502818363,9.134463292774027,8.15,61.33,0.0,0,False,15932,719,735,87.37212514463596,False,,,,,
Rat_lodging_Marion,17436,108,0.006155950752393981,36.39780396880019,12.219246613280472,13.5,91.44,0.0,0,False,15973,719,744,87.14849677038217,False,,,,,
Rat_lodging_Ted,17128,416,0.023711810305517556,2.5414198972442783,1.8873307643507093,0.24,10.28,0.0,0,False,15685,701,742,-inf,False,,,,,
Rat_office_Adele,17515,29,0.0016529867761057911,599.7146263202968,233.1765861821684,0.01,1363.72,0.0,0,False,16051,720,744,87.81691508163973,False,,,,,
Rat_office_Annis,17492,52,0.0029639762881896944,33.2374108163732,11.495592531841156,7.01,72.1,0.0,0,False,16029,719,744,87.41613435474991,False,,,,,
Rat_office_Arron,17476,68,0.003875968992248062,59.53741645685512,21.488045186256176,28.26,143.99,0.0,0,False,16029,703,744,87.47431677186992,False,,,,,
Rat_office_Ashlee,10913,6631,0.3779639762881897,45.94368276367635,22.163670520598256,0.38,105.07,0.0,0,False,10913,0,0,-inf,False,,,,,
Rat_office_Avis,17180,364,0.02074783401732786,914.0166373690339,315.9702872746445,0.16,2255.64,0.0,0,False,15813,719,648,-inf,False,,,,,
Rat_office_Chris,13076,4468,0.2546739626082991,894.0551361272561,261.92092334316965,534.66,1723.08,0.0,0,False,12284,167,625,-inf,False,,,,,
Rat_office_Colby,17540,4,0.00022799817601459188,2128.5274093500575,394.5339361356551,0.7,3095.44,0.0,0,False,16077,719,744,86.37648521044713,False,,,,,
Rat_office_Craig,17420,124,0.007067943456452348,234.4721314580941,58.43056831588688,60.83,414.88,0.0,0,False,15957,719,744,86.44492701212178,False,,,,,
Rat_office_Jacinta,17443,101,0.005756953944368445,218.71196525826977,44.05844263584338,39.27,406.38,0.0,0,False,15980,719,744,86.16542063349567,False,,,,,
Rat_office_Jamal,17540,4,0.00022799817601459188,938.0420324971493,514.0496712815132,70.66,2939.15,0.0,0,False,16077,719,744,89.09634119703156,False,,,,,
Rat_office_Jeannie,17492,52,0.0029639762881896944,43.475894694717574,20.022050265034682,7.0,129.71,0.0,0,False,16029,719,744,88.27615306663459,False,,,,,
Rat_office_Jessica,17312,232,0.013223894208846329,701.0325791358596,136.54152784160559,216.72,1113.33,0.0,0,False,15881,695,736,-inf,False,,,,,
Rat_office_Jill,17252,292,0.016643866849065207,647.851901808486,418.28422457130796,0.21,2052.7,0.0,0,False,15837,671,744,-inf,False,,,,,
Rat_office_Kasey,17468,76,0.004331965344277246,86.40713590565605,41.40697599871849,31.16,232.21,0.0,0,False,16005,719,744,88.33414079608485,False,,,,,
Rat_office_Lora,17516,28,0.0015959872321021432,427.7759368577301,222.75787372658502,63.7,1270.83,0.0,0,False,16052,720,744,88.80975276196023,False,,,,,
Rat_office_Loyd,17516,28,0.0015959872321021432,55.36507079241836,18.78773250566739,22.64,119.59,0.0,0,False,16053,719,744,87.44931100215855,False,,,,,
Rat_office_Mei,17200,344,0.0196078431372549,20.505176744186045,5.424790598588028,8.43,46.11,0.0,0,False,15737,719,744,-inf,False,,,,,
Rat_office_Olivia,17492,52,0.0029639762881896944,52.817592042076384,31.492328054566084,14.16,151.27,0.0,0,False,16029,719,744,89.29401353253381,False,,,,,
Rat_office_Ramiro,17316,228,0.012995896032831737,35.07459055209055,12.684816545831415,0.65,84.58,0.0,0,False,15885,695,736,-inf,False,,,,,
Rat_office_Randy,17468,76,0.004331965344277246,102.90523070757959,39.75604443616803,46.46,209.36,0.0,0,False,16005,719,744,87.63760566702722,False,,,,,
Rat_office_Ronald,17510,34,0.001937984496124031,53.55567161621931,18.78690434638309,4.11,135.85,0.0,0,False,16047,719,744,87.51466137679398,False,,,,,
Rat_office_Rosemary,17491,53,0.0030209758321933424,16.550398490652334,6.48796656109668,3.97,42.25,0.0,0,False,16028,719,744,87.75883677379781,False,,,,,
Rat_office_Sammy,17512,32,0.001823985408116735,53.669657948835095,22.117724243230427,5.54,143.46,0.0,0,False,16053,720,739,87.9141706053818,False,,,,,
Rat_office_Tracy,17481,63,0.003590971272229822,20.597964647331388,5.252896733040734,4.05,41.2,0.0,0,False,16018,719,744,86.69719310317566,False,,,,,
Rat_other_Al,17450,94,0.005357957136342909,52.844975358166195,20.997561124907666,5.27,139.02,0.0,0,False,15987,719,744,87.65859224484788,False,,,,,
Rat_other_Daphne,17472,72,0.004103967168262654,11.727728365384618,5.44709971062468,3.04,42.66,0.0,0,False,16019,718,735,88.11626916504753,False,,,,,
Rat_other_Hazel,17491,53,0.0030209758321933424,374.03257675375914,29.327128557107393,193.57,487.63,0.0,0,False,16028,719,744,85.40680109473168,False,,,,,
Rat_other_Lan,17308,236,0.013451892384860921,13.706171712502892,2.129006601433609,0.01,22.08,0.0,0,False,15844,720,744,-inf,False,,,,,
Rat_parking_Ronnie,17485,59,0.0033629730962152302,16.876995138690305,7.828074128026624,1.64,58.11,0.0,0,False,16022,719,744,88.27695437901923,False,,,,,
Rat_public_Alanna,17303,241,0.01373689010487916,1165.3426157313759,331.4870488961818,347.76,2384.16,0.0,0,False,15839,720,744,-inf,False,,,,,
Rat_public_Alexander,4205,13339,0.7603169174646602,134.07435196195007,17.9239628838031,31.61,193.22,0.0,0,False,4205,0,0,-inf,False,,,,,
Rat_public_Allie,17515,29,0.0016529867761057911,11.531790465315444,5.596240416815387,2.48,27.46,0.0,0,False,16052,719,744,88.54048136933082,False,,,,,
Rat_public_Allyson,17463,81,0.004616963064295486,54.54115100498196,15.895362063669117,11.71,124.59,0.0,0,False,16000,719,744,86.90876695447001,False,,,,,
Rat_public_Amber,17492,52,0.0029639762881896944,10.274776469243083,5.137979538945722,1.52,34.52,0.0,0,False,16029,719,744,88.57259304109415,False,,,,,
Rat_public_Andrea,7068,10476,0.5971272229822161,214.87970430107526,74.77761693643254,10.97,305.62,0.0,0,False,7068,0,0,-inf,False,,,,,
Rat_public_Angelina,17468,76,0.004331965344277246,32.56708323792076,11.469307641976195,14.04,71.84,0.0,0,False,16005,719,744,87.38139345151626,False,,,,,
Rat_public_Angle,7293,10251,0.5843023255813954,336.5239709310298,78.24728256089288,95.53,1043.49,0.0,0,False,5831,718,744,-inf,False,,,,,
Rat_public_Becky,17467,77,0.004388964888280894,21.040467166657127,6.9990451564288385,6.0,48.51,0.0,0,False,16004,719,744,87.23151349272189,False,,,,,
Rat_public_Berry,17492,52,0.0029639762881896944,97.53406071346903,21.688861308589225,0.29,148.39,0.0,0,False,16029,719,744,86.48995274221795,False,,,,,
Rat_public_Bronwyn,17203,341,0.01943684450524396,444.8948136952858,88.38455763376203,269.88,801.48,0.0,0,False,15837,718,648,-inf,False,,,,,
Rat_public_Carole,17450,94,0.005357957136342909,18.807906017191982,5.8487504618342205,5.24,42.76,0.0,0,False,15987,719,744,87.01081987401031,False,,,,,
Rat_public_Caroline,17515,29,0.0016529867761057911,149.3332275192692,43.56212538218503,9.88,272.86,0.0,0,False,16052,719,744,87.08865230148989,False,,,,,
Rat_public_Chrissy,17144,400,0.022799817601459188,55.78037039197386,15.70013810893156,0.43,127.76,0.0,0,False,15681,719,744,-inf,False,,,,,
Rat_public_Clyde,17471,73,0.004160966712266302,34.14565222368496,9.122777760845338,13.8,72.9,0.0,0,False,16012,720,739,86.68693111498544,False,,,,,
Rat_public_Corinne,17492,52,0.0029639762881896944,25.41916761948319,10.418476227098253,1.1,54.27,0.0,0,False,16029,719,744,87.89616340707515,False,,,,,
Rat_public_Courtney,17467,77,0.004388964888280894,30.67016774489036,13.171804994768348,12.49,73.81,0.0,0,False,16004,719,744,87.95765973157661,False,,,,,
Rat_public_Dalia,17461,83,0.0047309621523027815,186.1690613366932,47.231950828528234,4.25,341.05,0.0,0,False,15998,719,744,86.61892691547746,False,,,,,
Rat_public_Damon,17440,104,0.005927952576379389,20.763824541284407,7.142111873444161,3.61,40.46,0.0,0,False,15976,720,744,87.22409031283766,False,,,,,
Rat_public_Darren,17427,117,0.0066689466484268125,4.357852183393585,0.8488406490160962,3.16,7.57,0.0,0,False,15963,720,744,86.06074452512846,False,,,,,
Rat_public_Deidre,17516,28,0.0015959872321021432,8.979151632792876,2.801415696340526,3.0,20.34,0.0,0,False,16053,719,744,87.24417426778919,False,,,,,
Rat_public_Desiree,17480,64,0.00364797081623347,12.970321510297484,3.109920144672867,0.48,24.96,0.0,0,False,16017,719,744,86.57941187564077,False,,,,,
Rat_public_Dexter,17444,100,0.005699954400364797,13.158858060077964,3.2019392524910226,6.45,25.64,0.0,0,False,15980,720,744,86.48297449903248,False,,,,,
Rat_public_Duane,17515,29,0.0016529867761057911,77.98605195546673,50.372515525652624,1.95,258.71,0.0,0,False,16053,718,744,89.74519817848362,False,,,,,
Rat_public_Elmira,13965,3579,0.20400136798905608,23.220551378446114,8.41496811745514,4.31,48.9,0.0,0,False,12502,719,744,-inf,False,,,,,
Rat_public_Emilee,17444,100,0.005699954400364797,38.338675762439806,22.13905073922886,6.98,128.72,0.0,0,False,15981,719,744,88.98895254689694,False,,,,,
Rat_public_Faye,17444,100,0.005699954400364797,31.197325154781016,12.944912601765756,9.52,77.71,0.0,0,False,15981,719,744,87.77002737371743,False,,,,,
Rat_public_Fern,17351,193,0.011000911992704058,48.695112673621125,15.599018095509884,23.12,89.22,0.0,0,False,15887,720,744,-inf,False,,,,,
Rat_public_Frank,17419,125,0.007124943000455996,8.021558068775475,5.215975122799065,2.51,44.63,0.0,0,False,15955,720,744,89.44933820513363,False,,,,,
Rat_public_Frederick,17461,83,0.0047309621523027815,20.36760208464578,6.778709668134755,9.15,49.37,0.0,0,False,15998,719,744,87.2122791405691,False,,,,,
Rat_public_Fredrick,16940,604,0.034427724578203374,13.285871310507673,9.799963618946329,3.68,61.17,0.0,0,False,15573,623,744,-inf,False,,,,,
Rat_public_Grover,17492,52,0.0029639762881896944,17.72783729705008,3.9609658756440598,8.61,30.97,0.0,0,False,16029,719,744,86.49790130961935,False,,,,,
Rat_public_Helena,17456,88,0.005015959872321021,24.12083524289643,8.680304260079653,5.86,69.7,0.0,0,False,15995,719,742,87.37116680766627,False,,,,,
Rat_public_Hortencia,17468,76,0.004331965344277246,59.36088218456607,21.711667990364834,13.58,121.41,0.0,0,False,16005,719,744,87.48326081818755,False,,,,,
Rat_public_Isabel,17492,52,0.0029639762881896944,53.40183569631832,16.11123148045544,18.21,106.81,0.0,0,False,16029,719,744,87.08489704832581,False,,,,,
Rat_public_Jason,17492,52,0.0029639762881896944,25.178833180882688,9.983624441027862,5.62,75.21,0.0,0,False,16029,719,744,87.79597608559618,False,,,,,
Rat_public_Joann,17516,28,0.0015959872321021432,17.623330098195936,4.9607579037982275,6.58,33.92,0.0,0,False,16053,719,744,87.01540160067091,False,,,,,
Rat_public_Johnna,15150,2394,0.13645690834473323,29.908839603960395,24.47425938779096,1.83,130.37,0.0,0,False,15150,0,0,-inf,False,,,,,
Rat_public_Johnny,17492,52,0.0029639762881896944,20.613600503087127,4.446169492467228,10.05,34.04,0.0,0,False,16029,719,744,86.43984442711681,False,,,,,
Rat_public_Josiah,17492,52,0.0029639762881896944,87.95384690144066,30.26525741156164,39.05,198.74,0.0,0,False,16029,719,744,87.40294030371734,False,,,,,
Rat_public_Julieann,17476,68,0.003875968992248062,4.398553444724193,4.810202253712721,0.03,14.18,0.0,0,False,16017,716,743,92.9559058665231,False,,,,,
Rat_public_Kathleen,17345,199,0.011342909256725946,28.359950417987893,9.547597853150613,14.43,72.99,0.0,0,False,15882,719,744,-inf,False,,,,,
Rat_public_Kelle,17333,211,0.012026903784769722,25.226249350949054,17.394273939220074,0.08,89.72,0.0,0,False,15870,719,744,-inf,False,,,,,
Rat_public_Kelly,17445,99,0.005642954856361149,21.0656388650043,4.807042588413821,9.34,37.49,0.0,0,False,15981,720,744,86.37287421712193,False,,,,,
Rat_public_Kermit,17059,485,0.027644778841769267,17.721683568790667,11.075525738934665,0.05,61.57,0.0,0,False,15693,622,744,-inf,False,,,,,
Rat_public_Kimber,17540,4,0.00022799817601459188,227.7054207525656,160.47174685920663,1.89,934.49,0.0,0,False,16077,719,744,90.27182494048952,False,,,,,
Rat_public_Laura,17365,179,0.010202918376652987,13.083792110567234,4.170145596771584,6.4,29.36,0.0,0,False,15902,719,744,-inf,False,,,,,
Rat_public_Laurie,17421,123,0.0070109439124487,156.7542988347397,46.67926916564469,36.98,327.68,0.0,0,False,15957,720,744,86.81273996965132,False,,,,,
Rat_public_Laverne,17494,50,0.0028499772001823985,12.758578369726765,4.170175220109396,0.04,29.96,0.0,0,False,16031,719,744,87.28039628398001,False,,,,,
Rat_public_Lea,13219,4325,0.24652302781577748,68.0831136999773,15.529692730648378,29.11,125.48,0.0,0,False,12931,192,96,-inf,False,,,,,
Rat_public_Leo,17503,41,0.0023369813041495668,18.11085870993544,4.328580302865894,0.28,34.07,0.0,0,False,16040,719,744,86.65231635110956,False,,,,,
Rat_public_Leta,17514,30,0.001709986320109439,17.02090156446271,5.214085560309967,6.7,40.1,0.0,0,False,16051,719,744,87.19490789198008,False,,,,,
Rat_public_Lloyd,17468,76,0.004331965344277246,71.7457459354248,24.512541606349206,32.89,160.64,0.0,0,False,16005,719,744,87.30252058563597,False,,,,,
Rat_public_Loretta,17340,204,0.011627906976744186,203.44222664359862,63.53664268123066,78.09,388.48,0.0,0,False,15909,695,736,-inf,False,,,,,
Rat_public_Lynda,17491,53,0.0030209758321933424,11.948291692870619,3.646741249400967,5.08,25.09,0.0,0,False,16028,719,744,87.10781842220383,False,,,,,
Rat_public_Mabel,17420,124,0.007067943456452348,101.29051607347876,24.88642894420067,16.51,174.4,0.0,0,False,15956,720,744,86.41862520041198,False,,,,,
Rat_public_Marcellus,17511,33,0.001880984952120383,9.646513048940665,4.060861559002005,0.13,35.11,0.0,0,False,16048,719,744,88.04439177041394,False,,,,,
Rat_public_Margart,17492,52,0.0029639762881896944,42.55475474502631,21.06717514048137,2.88,106.56,0.0,0,False,16029,719,744,88.53511464028244,False,,,,,
Rat_public_Mark,17505,39,0.002222982216142271,22.983889174521565,12.948046427591292,0.03,69.68,0.0,0,False,16042,719,744,89.0917697122218,False,,,,,
Rat_public_Maxine,10192,7352,0.41906064751481986,135.21077806122452,50.45027703061352,1.86,298.9,0.0,0,False,10192,0,0,-inf,False,,,,,
Rat_public_Michael,17444,100,0.005699954400364797,42.56623538179317,14.413490049892152,4.67,93.16,0.0,0,False,15981,719,744,87.19760189020423,False,,,,,
Rat_public_Michelle,17484,60,0.003419972640218878,68.87627716769619,37.537977334091316,1.63,181.35,0.0,0,False,16021,719,744,88.88234588153205,False,,,,,
Rat_public_Muriel,17427,117,0.0066689466484268125,83.20306822746312,61.708975481392486,0.06,431.35,0.0,0,False,15963,720,744,90.16236619491644,False,,,,,
Rat_public_Nancy,17460,84,0.0047879616963064295,18.918858533791525,4.656441279814284,9.12,34.08,0.0,0,False,15997,719,744,86.5586745546027,False,,,,,
Rat_public_Neil,17501,43,0.0024509803921568627,24.45003714073481,13.818222748645935,0.08,80.65,0.0,0,False,16038,719,744,89.09165337221533,False,,,,,
Rat_public_Nell,17516,28,0.0015959872321021432,48.42821820050239,21.76111370885816,4.0,124.47,0.0,0,False,16053,719,744,88.27434932841497,False,,,,,
Rat_public_Nelson,17468,76,0.004331965344277246,44.52671399129837,12.650831152607807,14.51,91.71,0.0,0,False,16005,719,744,86.87096543316778,False,,,,,
Rat_public_Norene,14973,2571,0.14654582763337892,27.337894209577232,6.248924713508507,16.65,52.63,0.0,0,False,13978,251,744,-inf,False,,,,,
Rat_public_Percy,5563,11981,0.6829115367077063,6.7033255437713475,3.4937070021958316,0.48,14.56,0.0,0,False,5563,0,0,-inf,False,,,,,
Rat_public_Ramon,17489,55,0.0031349749202006384,30.565922008119383,13.350577751750746,0.01,86.81,0.0,0,False,16026,719,744,88.08775011526117,False,,,,,
Rat_public_Ramona,17490,54,0.0030779753761969904,26.872140651801026,8.084776973480505,10.46,52.43,0.0,0,False,16027,719,744,87.0717783815059,False,,,,,
Rat_public_Roberta,17468,76,0.004331965344277246,14.887505152278452,4.530296913375756,5.42,30.18,0.0,0,False,16005,719,744,87.02234673703977,False,,,,,
Rat_public_Roma,17490,54,0.0030779753761969904,53.29511034877073,28.924225579943997,9.27,139.62,0.0,0,False,16027,719,744,88.88570786803604,False,,,,,
Rat_public_Sade,17443,101,0.005756953944368445,32.47718397064725,10.302972257432366,14.85,62.69,0.0,0,False,15980,719,744,87.03386207525672,False,,,,,
Rat_public_Sana,15093,2451,0.13970588235294118,1091.6361439077718,466.22716391937684,4.32,1843.2,0.0,0,False,15093,0,0,-inf,False,,,,,
Rat_public_Sean,17492,52,0.0029639762881896944,22.027018065401325,12.148191136003529,5.07,61.42,0.0,0,False,16029,719,744,88.95851039420825,False,,,,,
Rat_public_Shanta,17444,100,0.005699954400364797,12.217416876863105,6.0205821347487705,3.88,30.96,0.0,0,False,15981,719,744,88.35390396172146,False,,,,,
Rat_public_Sharonda,17514,30,0.001709986320109439,36.539632294164676,11.510321184346388,0.36,96.76,0.0,0,False,16051,719,744,87.2599699946596,False,,,,,
Rat_public_Sharron,17499,45,0.0025649794801641587,43.44263557917595,9.61811291780311,0.24,68.68,0.0,0,False,16036,719,744,86.5065862805388,False,,,,,
Rat_public_Stacey,17492,52,0.0029639762881896944,16.359283100846103,7.252081099744706,6.49,41.72,0.0,0,False,16029,719,744,88.14691642039384,False,,,,,
Rat_public_Stella,17492,52,0.0029639762881896944,96.5142710953579,12.171896669564358,61.35,136.46,0.0,0,False,16029,719,744,85.76802387378113,False,,,,,
Rat_public_Sue,17490,54,0.0030779753761969904,29.082703830760426,11.575473253012566,0.59,74.97,0.0,0,False,16027,719,744,87.80046515261047,False,,,,,
Rat_public_Tammara,17515,29,0.0016529867761057911,7.459034541821295,4.698837828472835,1.17,28.32,0.0,0,False,16052,719,744,89.62546491673882,False,,,,,
Rat_public_Tamra,17468,76,0.004331965344277246,20.99883730249599,4.653833157445591,11.84,34.57,0.0,0,False,16005,719,744,86.40225737876784,False,,,,,
Rat_public_Tommy,17467,77,0.004388964888280894,16.802458922539646,4.036826398564366,1.08,33.56,0.0,0,False,16004,719,744,86.5385530161711,False,,,,,
Rat_public_Toya,17420,124,0.007067943456452348,26.671981630309983,15.370769978618457,4.81,109.89,0.0,0,False,16005,719,696,-inf,False,,,,,
Rat_public_Tricia,17516,28,0.0015959872321021432,37.51018782827129,15.641375695696313,12.05,97.91,0.0,0,False,16053,719,744,88.03166626057663,False,,,,,
Rat_public_Ulysses,0,17544,1.0,,,,,,0,False,0,0,0,-inf,False,,,,,
Rat_public_Vickie,17487,57,0.0032489740082079343,45.27800365986161,38.968713624978975,0.98,238.66,0.0,0,False,16048,719,720,90.93738900576528,False,,,,,
Rat_public_Wilbur,17464,80,0.004559963520291838,177.4257048786074,28.696543087965097,24.57,281.73,0.0,0,False,16001,719,744,85.93943991241443,False,,,,,
Rat_public_Wilma,17491,53,0.0030209758321933424,56.65008347149963,15.104780199548994,22.01,118.29,0.0,0,False,16028,719,744,86.81848875059288,False,,,,,
Rat_public_Yessenia,17492,52,0.0029639762881896944,113.69111536702492,50.727010361953994,22.79,228.84,0.0,0,False,16029,719,744,88.16853177439752,False,,,,,
Rat_public_Yetta,7887,9657,0.5504445964432284,18.199088373272474,8.516121177621393,0.89,44.89,0.0,0,False,7887,0,0,-inf,False,,,,,
Rat_religion_Kathy,17487,57,0.0032489740082079343,5.158069422999943,2.286618440709019,0.6,17.68,0.0,0,False,16025,719,743,88.11643797081796,False,,,,,
Rat_retail_Jeffrey,17517,27,0.0015389876880984952,75.96772677969972,36.8272771665172,0.08,197.33,0.0,0,False,16053,720,744,88.54347545184682,False,,,,,
Rat_warehouse_Breanna,17468,76,0.004331965344277246,91.04812113579116,24.967392175786404,19.36,140.2,0.0,0,False,16005,719,744,86.79674660995045,False,,,,,
Rat_warehouse_Doretta,17517,27,0.0015389876880984952,157.32095735571158,33.68842530234657,20.2,295.05,0.0,0,False,16053,720,744,86.5136971754001,False,,,,,
Rat_warehouse_Eloisa,17516,28,0.0015959872321021432,90.99361212605616,74.50725114318709,6.65,375.27,0.0,0,False,16053,719,744,91.04537936380065,False,,,,,
Rat_warehouse_Maegan,16690,854,0.04867761057911537,6.922520071899341,2.0490119995019085,1.44,15.42,0.0,0,False,15227,719,744,-inf,False,,,,,
Rat_warehouse_Shari,17444,100,0.005699954400364797,45.49765707406557,23.991437946125817,3.61,122.16,0.0,0,False,15981,719,744,88.61283901036091,False,,,,,
Robin_education_Della,17445,99,0.005642954856361149,3.2064572255660653,3.1694843060607263,0.3746,21.0,0.0,0,False,15985,720,740,92.02117849574623,False,,,,,
Robin_education_Madeline,17544,0,0.0,361.6117042692659,41.46702430129489,81.25,679.25,0.0,0,False,16080,720,744,85.86004595146659,False,,,,,
Robin_education_Margarito,17544,0,0.0,528.5337779411765,72.88446888012149,219.2041,947.688,0.0,0,False,16080,720,744,86.03424518813205,False,,,,,
Robin_education_So,17544,0,0.0,491.2702740538075,62.737457787042,186.4,711.375,0.0,0,False,16080,720,744,85.95778425492782,False,,,,,
Robin_lodging_Phillip,17478,66,0.003761969904240766,38.75510156196361,20.185027811083398,0.2209,100.6,0.0,0,False,16014,720,744,88.68054710971023,False,,,,,
Robin_lodging_Pricilla,17542,2,0.00011399908800729594,62.70998735035914,28.66998529496685,0.3546,170.9,0.0,0,False,16078,720,744,88.42203795435799,False,,,,,
Robin_office_Donald,17474,70,0.003989968080255358,151.44167067643355,52.568799068594345,0.0939,310.75,0.0,0,False,16010,720,744,87.36402005798129,False,,,,,
Robin_office_Erma,7464,10080,0.5745554035567716,16.054635691318328,9.991303644893406,0.0353,48.1,0.0,0,False,7464,0,0,-inf,False,,,,,
Robin_office_Saul,17540,4,0.00022799817601459188,17.586049446978336,10.023104153897545,0.0784,83.2,0.0,0,False,16076,720,744,89.26091750442984,False,,,,,
Robin_office_Soledad,17539,5,0.00028499772001823985,13.234563709447517,5.0359621001623545,2.188,38.813,0.0,0,False,16077,720,742,87.80988776789533,False,,,,,
Robin_office_Wai,17500,44,0.0025079799361605107,166.69310815999998,103.62905966610148,0.5885,497.7,0.0,0,False,16036,720,744,89.51208917724503,False,,,,,
Shrew_office_Doris,9384,8160,0.46511627906976744,196.10035166240408,54.15545781675804,71.3,375.9,0.0,0,False,9384,0,0,-inf,False,,,,,
Shrew_office_Doug,9351,8193,0.46699726402188785,75.583798524222,17.127170631792723,0.1,123.6,0.0,0,False,9351,0,0,-inf,False,,,,,
Shrew_office_Ila,9384,8160,0.46511627906976744,148.7980072463768,40.240284171963246,58.5,294.5,0.0,0,False,9384,0,0,-inf,False,,,,,
Shrew_office_Katherine,9360,8184,0.466484268125855,55.866196581196576,12.215285561376444,10.2,107.9,0.0,0,False,9360,0,0,-inf,False,,,,,
Shrew_office_Kenneth,9360,8184,0.466484268125855,28.577072649572646,13.223295859823745,9.0,91.6,0.0,0,False,9360,0,0,-inf,False,,,,,
Shrew_office_Lin,9382,8162,0.46523027815777473,375.8714666382434,91.36184804941512,117.7,695.2,0.0,0,False,9382,0,0,-inf,False,,,,,
Shrew_office_Nora,9384,8160,0.46511627906976744,178.70241901108267,68.14550658464442,38.1,393.1,0.0,0,False,9384,0,0,-inf,False,,,,,
Shrew_office_Rose,10867,6677,0.3805859553123575,10.590430164718875,3.746965560303371,0.0402,29.8,0.0,0,False,10867,0,0,-inf,False,,,,,
Shrew_office_Sherill,9384,8160,0.46511627906976744,306.19062233589085,109.78031660052707,106.5,625.5,0.0,0,False,9384,0,0,-inf,False,,,,,
Swan_unknown_Allison,8527,9017,0.5139648882808937,7.7336289550838515,4.180717987699056,0.0092,31.5912,0.0,0,False,7063,720,744,-inf,False,,,,,
Swan_unknown_Andres,8645,8899,0.5072389420884633,134.66726684788895,32.50251958585118,2.2028,365.0917,0.0,0,False,7231,711,703,-inf,False,,,,,
Swan_unknown_Bette,8535,9009,0.5135088919288646,36.86580570591681,12.61485251748963,0.0388,196.0834,0.0,0,False,7071,720,744,-inf,False,,,,,
Swan_unknown_Christoper,8529,9015,0.5138508891928865,29.468119427834445,11.639097995804992,0.0325,145.9733,0.0,0,False,7065,720,744,-inf,False,,,,,
Swan_unknown_Douglas,7833,9711,0.5535225718194254,260.7383887399464,73.57370390784295,0.2117,4596.9614,0.0,0,True,6369,720,744,-inf,False,,,,,
Swan_unknown_Esteban,8312,9232,0.5262197902416781,116.93823834215591,41.235345155246556,0.1003,1979.4806,0.0,0,True,6848,720,744,-inf,False,,,,,
Swan_unknown_Fabian,8529,9015,0.5138508891928865,33.28799691640286,9.448875177765766,0.0208,148.3975,0.0,0,False,7065,720,744,-inf,False,,,,,
Swan_unknown_Ike,8534,9010,0.5135658914728682,36.817528427466605,18.922393848518027,0.0449,291.6189,0.0,0,False,7070,720,744,-inf,False,,,,,
Swan_unknown_Isaiah,8532,9012,0.5136798905608755,111.00399006094703,55.35436201309699,0.1253,1894.4297,0.0,0,True,7068,720,744,-inf,False,,,,,
Swan_unknown_Jan,8532,9012,0.5136798905608755,324.37522410923583,89.83418813028022,0.4533,5821.6689,0.0,0,True,7068,720,744,-inf,False,,,,,
Swan_unknown_Jerold,7815,9729,0.5545485636114911,287.1355575943698,172.9708780113047,0.2181,14030.6778,0.0,0,True,6351,720,744,-inf,False,,,,,
Swan_unknown_Noelia,8526,9018,0.5140218878248974,18.854492352803188,8.268532601230678,0.0198,99.0202,0.0,0,False,7063,719,744,-inf,False,,,,,
Swan_unknown_Raquel,8531,9013,0.5137368901048791,137.30097505567932,35.697503921425934,0.1325,1703.7017,0.0,0,True,7067,720,744,-inf,False,,,,,
Swan_unknown_Reyna,8530,9014,0.5137938896488828,84.91600174677608,36.739839527654276,0.1106,565.2133,0.0,0,False,7066,720,744,-inf,False,,,,,
Swan_unknown_Rocco,7837,9707,0.5532945736434108,382.64136474416233,312.1093224571947,0.285,18845.7369,0.0,0,True,6373,720,744,-inf,False,,,,,
Swan_unknown_Rudy,7832,9712,0.5535795713634291,222.0732653089888,128.17376003868353,0.1347,10094.7692,0.0,0,True,6370,720,742,-inf,False,,,,,
Swan_unknown_Tom,8531,9013,0.5137368901048791,36.859463497831435,20.65378233322172,0.0444,200.3421,0.0,0,False,7067,720,744,-inf,False,,,,,
Swan_unknown_Valeria,8538,9006,0.5133378932968536,57.205737374092294,8.276698224049952,0.0289,328.2876,0.0,0,True,7074,720,744,-inf,False,,,,,
Swan_unknown_Wendy,8533,9011,0.5136228910168719,73.97045177545998,25.740463134968614,0.0694,562.8642,0.0,0,False,7069,720,744,-inf,False,,,,,
Wolf_assembly_Elaine,17149,395,0.02251481988144095,37.864209137559044,25.883331248478544,5.68,191.235,0.0,0,False,15717,691,741,-inf,False,,,,,
Wolf_assembly_Sallie,17451,93,0.005300957592339261,263.6921849750731,86.09069945961495,39.9025,453.0125,0.0,0,False,15987,720,744,87.13055605194053,False,,,,,
Wolf_education_Anisa,17086,458,0.02610579115367077,239.35475316048232,148.63981140618802,10.0,821.83,0.0,0,False,15622,720,744,-inf,False,,,,,
Wolf_education_Arnulfo,17164,380,0.02165982672138623,36.056895682824525,17.398280608593716,12.7025,98.7175,0.0,0,False,15700,720,744,-inf,False,,,,,
Wolf_education_Bobby,17240,304,0.017327861377108983,99.12780176914153,44.699669110273554,30.5025,268.61,0.0,0,False,15776,720,744,-inf,False,,,,,
Wolf_education_Clarissa,17541,3,0.0001709986320109439,52.71444757995554,13.71961236218102,10.0625,102.215,0.0,0,False,16077,720,744,86.94171145691519,False,,,,,
Wolf_education_Cody,17526,18,0.0010259917920656635,24.35221385370307,22.841858809717884,1.59,137.4325,0.0,0,False,16062,720,744,91.97328102492456,False,,,,,
Wolf_education_Dolores,17533,11,0.0006269949840401277,35.6565887184167,20.281985358586308,4.8575,102.315,0.0,0,False,16069,720,744,89.22848919294,False,,,,,
Wolf_education_Dorris,17542,2,0.00011399908800729594,318.9838822540189,69.50468225293545,62.1925,539.045,0.0,0,False,16078,720,744,86.62736524782677,False,,,,,
Wolf_education_Eulalia,17540,4,0.00022799817601459188,69.42810960661346,43.53958089226207,6.98,301.0325,0.0,0,False,16076,720,744,89.68970118292957,False,,,,,
Wolf_education_Joaquin,17541,3,0.0001709986320109439,71.5030975999088,10.564133327168175,10.0325,103.2125,0.0,0,False,16077,720,744,86.09781795021722,False,,,,,
Wolf_education_Josefa,17539,5,0.00028499772001823985,7.9413300359199495,5.13705664887312,0.7725,25.695,0.0,0,False,16075,720,744,89.83447093064329,False,,,,,
Wolf_education_Katie,17542,2,0.00011399908800729594,26.679664234408843,11.225899732488722,4.96,69.245,0.0,0,False,16078,720,744,88.14890621606293,False,,,,,
Wolf_education_Loren,17541,3,0.0001709986320109439,231.0501462288353,83.00277783173394,41.43,453.865,0.0,0,False,16077,720,744,87.68405057657023,False,,,,,
Wolf_education_Miguel,17535,9,0.0005129958960328317,35.110171656686624,17.039720220626386,5.7725,109.69,0.0,0,False,16071,720,744,88.60913129265296,False,,,,,
Wolf_education_Roderick,17537,7,0.0003989968080255358,5.126317215031078,2.798791921726751,0.3075,18.2625,0.0,0,False,16078,720,739,89.0035965263528,False,,,,,
Wolf_education_Tammie,17541,3,0.0001709986320109439,82.93167764095547,21.980001569749355,15.36,148.485,0.0,0,False,16077,720,744,86.97752106592513,False,,,,,
Wolf_education_Tori,17541,3,0.0001709986320109439,377.04342554586395,120.16327972633641,87.175,796.07,0.0,0,False,16077,720,744,87.37998093203655,False,,,,,
Wolf_education_Ursula,17542,2,0.00011399908800729594,141.2174766275225,54.1047311244081,28.0025,314.8,0.0,0,False,16078,720,744,87.86663926652682,False,,,,,
Wolf_education_Vivian,17541,3,0.0001709986320109439,71.33111723961005,36.14397955105928,12.1625,171.26,0.0,0,False,16077,720,744,88.79004291096052,False,,,,,
Wolf_office_Bobbie,17541,3,0.0001709986320109439,27.040207656347985,11.674931617000436,5.0775,57.82,0.0,0,False,16077,720,744,88.22795438280966,False,,,,,
Wolf_office_Cary,17526,18,0.0010259917920656635,244.76952227547645,78.82332862490999,34.3775,428.86,0.0,0,False,16062,720,744,87.35367160128007,False,,,,,
Wolf_office_Elisabeth,17542,2,0.00011399908800729594,135.3629231273515,14.230545988740891,30.0875,180.595,0.0,0,False,16078,720,744,85.78162629384728,False,,,,,
Wolf_office_Emanuel,17541,3,0.0001709986320109439,15.087861581437775,6.28739937793714,2.7125,45.545,0.0,0,False,16077,720,744,88.11513297357715,False,,,,,
Wolf_office_Haydee,17542,2,0.00011399908800729594,8.630884163721356,5.948083207136715,1.005,43.37,0.0,0,False,16078,720,744,90.1618801078793,False,,,,,
Wolf_office_Joana,17539,5,0.00028499772001823985,14.82135041906608,4.980107645643807,3.625,30.58,0.0,0,False,16075,720,744,87.50296789623064,False,,,,,
Wolf_office_Nadia,17541,3,0.0001709986320109439,74.28239054215837,22.492539347096955,28.155,162.755,0.0,0,False,16077,720,744,87.2607230683833,False,,,,,
Wolf_office_Rochelle,17526,18,0.0010259917920656635,16.101026047015864,8.899586015148895,1.9325,45.35,0.0,0,False,16077,720,729,88.8823332805467,False,,,,,
Wolf_retail_Harriett,17060,484,0.027587779297765617,44.95770677022274,18.82458041433083,5.905,130.6375,0.0,0,False,15698,686,676,-inf,False,,,,,
Wolf_science_Alfreda,17537,7,0.0003989968080255358,81.41714403831898,11.865502046564476,35.8325,124.375,0.0,0,False,16073,720,744,86.06908877168273,False,,,,,
